time,eda
63011.714634829346,10000.0
63011.78152001478,10000.0
63011.84840520022,10000.0
63011.91529038565,10000.0
63011.98217557109,10000.0
63012.04906075652,10000.0
63012.11594594196,10000.0
63012.18283112739,10000.0
63012.24971631283,10000.0
63012.31660149826,10000.0
63012.3834866837,10000.0
63012.450371869134,10000.0
63012.51725705457,10000.0
63012.584142240004,10000.0
63012.65102742544,10000.0
63012.717912610875,10000.0
63012.78479779631,10000.0
63012.851682981745,10000.0
63012.91856816718,10000.0
63012.985453352616,10000.0
63013.05233853805,10000.0
63013.119223723486,10000.0
63013.18610890892,10000.0
63013.25299409436,10000.0
63013.31987927979,10000.0
63013.38676446523,10000.0
63013.45364965066,10000.0
63013.5205348361,10000.0
63013.58742002153,10000.0
63013.65430520697,10000.0
63013.7211903924,10000.0
63013.78807557784,10000.0
63013.854960763274,10000.0
63013.92184594871,10000.0
63013.988731134144,10000.0
63014.05561631958,10000.0
63014.122501505015,10000.0
63014.18938669045,10000.0
63014.256271875885,10000.0
63014.32315706132,10000.0
63014.390042246756,10000.0
63014.45692743219,10000.0
63014.52381261763,10000.0
63014.59069780306,10000.0
63014.6575829885,10000.0
63014.72446817393,10000.0
63014.79135335937,10000.0
63014.8582385448,10000.0
63014.92512373024,10000.0
63014.99200891567,10000.0
63015.05889410111,10000.0
63015.12577928654,10000.0
63015.19266447198,10000.0
63015.259549657414,10000.0
63015.32643484285,10000.0
63015.393320028285,10000.0
63015.46020521372,10000.0
63015.527090399155,10000.0
63015.59397558459,10000.0
63015.660860770025,10000.0
63015.72774595546,10000.0
63015.794631140896,10000.0
63015.86151632633,10000.0
63015.92840151177,10000.0
63015.9952866972,10000.0
63016.06217188264,10000.0
63016.12905706807,10000.0
63016.19594225351,10000.0
63016.26282743894,10000.0
63016.32971262438,10000.0
63016.39659780981,10000.0
63016.46348299525,10000.0
63016.53036818068,10000.0
63016.59725336612,10000.0
63016.664138551554,10000.0
63016.73102373699,10000.0
63016.797908922425,10000.0
63016.86479410786,10000.0
63016.931679293295,10000.0
63016.99856447873,10000.0
63017.065449664165,10000.0
63017.1323348496,10000.0
63017.199220035036,10000.0
63017.26610522047,10000.0
63017.33299040591,10000.0
63017.39987559134,10000.0
63017.46676077678,10000.0
63017.53364596221,10000.0
63017.60053114765,10000.0
63017.66741633308,10000.0
63017.73430151852,10000.0
63017.80118670395,10000.0
63017.86807188939,10000.0
63017.93495707483,10000.0
63018.001842260266,10000.0
63018.0687274457,10000.0
63018.13561263114,10000.0
63018.20249781657,10000.0
63018.26938300201,10000.0
63018.33626818744,10000.0
63018.40315337288,10000.0
63018.47003855831,10000.0
63018.53692374375,10000.0
63018.60380892918,10000.0
63018.67069411462,10000.0
63018.737579300054,10000.0
63018.80446448549,10000.0
63018.871349670924,10000.0
63018.93823485636,10000.0
63019.005120041795,10000.0
63019.07200522723,10000.0
63019.138890412665,10000.0
63019.2057755981,10000.0
63019.272660783536,10000.0
63019.33954596897,10000.0
63019.406431154406,10000.0
63019.47331633984,10000.0
63019.54020152528,10000.0
63019.60708671071,10000.0
63019.67397189615,10000.0
63019.74085708158,10000.0
63019.80774226702,10000.0
63019.87462745245,10000.0
63019.94151263789,10000.0
63020.00839782332,10000.0
63020.07528300876,10000.0
63020.142168194194,10000.0
63020.20905337963,10000.0
63020.275938565064,10000.0
63020.3428237505,10000.0
63020.409708935935,10000.0
63020.47659412137,10000.0
63020.543479306805,10000.0
63020.61036449224,10000.0
63020.677249677676,10000.0
63020.74413486311,10000.0
63020.811020048546,10000.0
63020.87790523398,10000.0
63020.94479041942,10000.0
63021.01167560485,10000.0
63021.07856079029,10000.0
63021.14544597572,10000.0
63021.21233116116,10000.0
63021.27921634659,10000.0
63021.34610153203,10000.0
63021.41298671746,10000.0
63021.4798719029,10000.0
63021.546757088334,10000.0
63021.61364227377,10000.0
63021.680527459204,10000.0
63021.74741264464,10000.0
63021.814297830075,10000.0
63021.88118301551,10000.0
63021.948068200945,10000.0
63022.01495338638,10000.0
63022.081838571816,10000.0
63022.14872375725,10000.0
63022.215608942686,10000.0
63022.28249412812,10000.0
63022.34937931356,10000.0
63022.41626449899,10000.0
63022.48314968443,10000.0
63022.55003486986,10000.0
63022.6169200553,10000.0
63022.68380524073,10000.0
63022.75069042617,10000.0
63022.8175756116,10000.0
63022.88446079704,10000.0
63022.951345982474,10000.0
63023.01823116791,10000.0
63023.085116353344,10000.0
63023.15200153878,10000.0
63023.218886724215,10000.0
63023.28577190965,10000.0
63023.352657095085,10000.0
63023.41954228052,10000.0
63023.486427465956,10000.0
63023.55331265139,10000.0
63023.620197836826,10000.0
63023.68708302226,10000.0
63023.7539682077,10000.0
63023.82085339313,10000.0
63023.88773857857,10000.0
63023.954623764,10000.0
63024.02150894944,10000.0
63024.08839413487,10000.0
63024.15527932031,10000.0
63024.22216450574,10000.0
63024.28904969118,10000.0
63024.355934876614,10000.0
63024.42282006205,10000.0
63024.489705247484,10000.0
63024.55659043292,10000.0
63024.623475618355,10000.0
63024.69036080379,10000.0
63024.757245989225,10000.0
63024.82413117466,10000.0
63024.891016360096,10000.0
63024.95790154553,10000.0
63025.024786730966,10000.0
63025.0916719164,10000.0
63025.15855710184,10000.0
63025.22544228727,10000.0
63025.29232747271,10000.0
63025.35921265814,10000.0
63025.42609784358,10000.0
63025.49298302901,10000.0
63025.55986821445,10000.0
63025.62675339988,10000.0
63025.69363858532,10000.0
63025.760523770754,10000.0
63025.82740895619,10000.0
63025.894294141624,10000.0
63025.96117932706,10000.0
63026.028064512495,10000.0
63026.09494969793,10000.0
63026.161834883365,10000.0
63026.2287200688,10000.0
63026.295605254236,10000.0
63026.36249043967,10000.0
63026.429375625106,10000.0
63026.49626081054,10000.0
63026.56314599598,10000.0
63026.63003118141,10000.0
63026.69691636685,10000.0
63026.76380155228,10000.0
63026.83068673772,10000.0
63026.89757192315,10000.0
63026.96445710859,10000.0
63027.03134229402,10000.0
63027.098227479466,10000.0
63027.1651126649,10000.0
63027.23199785034,10000.0
63027.29888303577,10000.0
63027.36576822121,10000.0
63027.43265340664,10000.0
63027.49953859208,10000.0
63027.56642377751,10000.0
63027.63330896295,10000.0
63027.70019414838,10000.0
63027.76707933382,10000.0
63027.833964519254,10000.0
63027.90084970469,10000.0
63027.967734890124,10000.0
63028.03462007556,10000.0
63028.101505260995,10000.0
63028.16839044643,10000.0
63028.235275631865,10000.0
63028.3021608173,10000.0
63028.369046002736,10000.0
63028.43593118817,10000.0
63028.502816373606,10000.0
63028.56970155904,10000.0
63028.63658674448,10000.0
63028.70347192991,10000.0
63028.77035711535,10000.0
63028.83724230078,10000.0
63028.90412748622,10000.0
63028.97101267165,10000.0
63029.03789785709,10000.0
63029.10478304252,10000.0
63029.17166822796,10000.0
63029.238553413394,10000.0
63029.30543859883,10000.0
63029.372323784264,10000.0
63029.4392089697,10000.0
63029.506094155135,10000.0
63029.57297934057,10000.0
63029.639864526005,10000.0
63029.70674971144,10000.0
63029.773634896876,10000.0
63029.84052008231,10000.0
63029.907405267746,10000.0
63029.97429045318,10000.0
63030.04117563862,10000.0
63030.10806082405,10000.0
63030.17494600949,10000.0
63030.24183119492,10000.0
63030.30871638036,10000.0
63030.37560156579,10000.0
63030.44248675123,10000.0
63030.50937193666,10000.0
63030.5762571221,10000.0
63030.643142307534,10000.0
63030.71002749297,10000.0
63030.776912678404,10000.0
63030.84379786384,10000.0
63030.910683049275,10000.0
63030.97756823471,10000.0
63031.044453420145,10000.0
63031.11133860558,10000.0
63031.178223791016,10000.0
63031.24510897645,10000.0
63031.311994161886,10000.0
63031.37887934732,10000.0
63031.44576453276,10000.0
63031.51264971819,10000.0
63031.57953490363,10000.0
63031.64642008906,10000.0
63031.7133052745,10000.0
63031.78019045993,10000.0
63031.84707564537,10000.0
63031.9139608308,10000.0
63031.98084601624,10000.0
63032.047731201674,10000.0
63032.11461638711,10000.0
63032.181501572544,10000.0
63032.24838675798,10000.0
63032.315271943415,10000.0
63032.38215712885,10000.0
63032.449042314285,10000.0
63032.51592749972,10000.0
63032.582812685156,10000.0
63032.64969787059,10000.0
63032.716583056026,10000.0
63032.78346824146,10000.0
63032.8503534269,10000.0
63032.91723861233,10000.0
63032.98412379777,10000.0
63033.0510089832,10000.0
63033.11789416864,10000.0
63033.18477935407,10000.0
63033.25166453951,10000.0
63033.31854972494,10000.0
63033.38543491038,10000.0
63033.452320095814,10000.0
63033.51920528125,10000.0
63033.586090466684,10000.0
63033.65297565212,10000.0
63033.719860837555,10000.0
63033.78674602299,10000.0
63033.853631208425,10000.0
63033.92051639386,10000.0
63033.987401579296,10000.0
63034.05428676473,10000.0
63034.121171950166,10000.0
63034.1880571356,10000.0
63034.25494232104,10000.0
63034.32182750647,10000.0
63034.38871269191,10000.0
63034.45559787734,10000.0
63034.52248306278,10000.0
63034.58936824821,10000.0
63034.65625343365,10000.0
63034.72313861908,10000.0
63034.79002380452,10000.0
63034.856908989954,10000.0
63034.92379417539,10000.0
63034.990679360824,10000.0
63035.05756454626,10000.0
63035.124449731695,10000.0
63035.19133491713,10000.0
63035.258220102565,10000.0
63035.325105288,10000.0
63035.391990473436,10000.0
63035.45887565887,10000.0
63035.525760844306,10000.0
63035.59264602974,10000.0
63035.65953121518,10000.0
63035.72641640061,10000.0
63035.79330158605,10000.0
63035.86018677148,10000.0
63035.92707195692,10000.0
63035.99395714235,10000.0
63036.06084232779,10000.0
63036.12772751322,10000.0
63036.19461269866,10000.0
63036.261497884094,10000.0
63036.32838306953,10000.0
63036.39526825497,10000.0
63036.46215344041,10000.0
63036.52903862584,10000.0
63036.59592381128,10000.0
63036.66280899671,10000.0
63036.72969418215,10000.0
63036.79657936758,10000.0
63036.86346455302,10000.0
63036.93034973845,10000.0
63036.99723492389,10000.0
63037.064120109324,10000.0
63037.13100529476,10000.0
63037.197890480194,10000.0
63037.26477566563,10000.0
63037.331660851065,10000.0
63037.3985460365,10000.0
63037.465431221935,10000.0
63037.53231640737,10000.0
63037.599201592806,10000.0
63037.66608677824,10000.0
63037.73297196368,10000.0
63037.79985714911,10000.0
63037.86674233455,10000.0
63037.93362751998,10000.0
63038.00051270542,10000.0
63038.06739789085,10000.0
63038.13428307629,10000.0
63038.20116826172,10000.0
63038.26805344716,10000.0
63038.33493863259,10000.0
63038.40182381803,10000.0
63038.468709003464,10000.0
63038.5355941889,10000.0
63038.602479374335,10000.0
63038.66936455977,10000.0
63038.736249745205,10000.0
63038.80313493064,10000.0
63038.870020116075,10000.0
63038.93690530151,10000.0
63039.003790486946,10000.0
63039.07067567238,10000.0
63039.13756085782,10000.0
63039.20444604325,10000.0
63039.27133122869,10000.0
63039.33821641412,10000.0
63039.40510159956,10000.0
63039.47198678499,10000.0
63039.53887197043,10000.0
63039.60575715586,10000.0
63039.6726423413,10000.0
63039.73952752673,10000.0
63039.80641271217,10000.0
63039.873297897604,10000.0
63039.94018308304,10000.0
63040.007068268475,10000.0
63040.07395345391,10000.0
63040.140838639345,10000.0
63040.20772382478,10000.0
63040.274609010215,10000.0
63040.34149419565,10000.0
63040.408379381086,10000.0
63040.47526456652,10000.0
63040.54214975196,10000.0
63040.60903493739,10000.0
63040.67592012283,10000.0
63040.74280530826,10000.0
63040.8096904937,10000.0
63040.87657567913,10000.0
63040.94346086457,10000.0
63041.01034605,10000.0
63041.07723123544,10000.0
63041.14411642087,10000.0
63041.21100160631,10000.0
63041.277886791744,10000.0
63041.34477197718,10000.0
63041.411657162615,10000.0
63041.47854234805,10000.0
63041.545427533485,10000.0
63041.61231271892,10000.0
63041.679197904356,10000.0
63041.74608308979,10000.0
63041.812968275226,10000.0
63041.87985346066,10000.0
63041.9467386461,10000.0
63042.01362383153,10000.0
63042.08050901697,10000.0
63042.1473942024,10000.0
63042.21427938784,10000.0
63042.28116457327,10000.0
63042.34804975871,10000.0
63042.41493494414,10000.0
63042.48182012958,10000.0
63042.548705315014,10000.0
63042.61559050045,10000.0
63042.682475685884,10000.0
63042.74936087132,10000.0
63042.816246056755,10000.0
63042.88313124219,10000.0
63042.950016427625,10000.0
63043.01690161306,10000.0
63043.083786798496,10000.0
63043.15067198393,10000.0
63043.217557169366,10000.0
63043.2844423548,10000.0
63043.35132754024,10000.0
63043.41821272567,10000.0
63043.48509791111,10000.0
63043.55198309654,10000.0
63043.61886828198,10000.0
63043.68575346741,10000.0
63043.75263865285,10000.0
63043.81952383828,10000.0
63043.88640902372,10000.0
63043.953294209154,10000.0
63044.02017939459,10000.0
63044.087064580024,10000.0
63044.15394976546,10000.0
63044.220834950895,10000.0
63044.28772013633,10000.0
63044.354605321765,10000.0
63044.4214905072,10000.0
63044.488375692636,10000.0
63044.55526087807,10000.0
63044.622146063506,10000.0
63044.68903124894,10000.0
63044.75591643438,10000.0
63044.82280161981,10000.0
63044.88968680525,10000.0
63044.95657199068,10000.0
63045.02345717612,10000.0
63045.09034236155,10000.0
63045.15722754699,10000.0
63045.22411273242,10000.0
63045.29099791786,10000.0
63045.357883103294,10000.0
63045.42476828873,10000.0
63045.491653474164,10000.0
63045.55853865961,10000.0
63045.62542384504,10000.0
63045.69230903048,10000.0
63045.75919421591,10000.0
63045.82607940135,10000.0
63045.89296458678,10000.0
63045.95984977222,10000.0
63046.02673495765,10000.0
63046.09362014309,10000.0
63046.160505328524,10000.0
63046.22739051396,10000.0
63046.294275699394,10000.0
63046.36116088483,10000.0
63046.428046070265,10000.0
63046.4949312557,10000.0
63046.561816441135,10000.0
63046.62870162657,10000.0
63046.695586812006,10000.0
63046.76247199744,10000.0
63046.829357182876,10000.0
63046.89624236831,10000.0
63046.96312755375,10000.0
63047.03001273918,10000.0
63047.09689792462,10000.0
63047.16378311005,10000.0
63047.23066829549,10000.0
63047.29755348092,10000.0
63047.36443866636,10000.0
63047.43132385179,10000.0
63047.49820903723,10000.0
63047.565094222664,10000.0
63047.6319794081,10000.0
63047.698864593534,10000.0
63047.76574977897,10000.0
63047.832634964405,10000.0
63047.89952014984,10000.0
63047.966405335275,10000.0
63048.03329052071,10000.0
63048.100175706146,10000.0
63048.16706089158,10000.0
63048.233946077016,10000.0
63048.30083126245,10000.0
63048.36771644789,10000.0
63048.43460163332,10000.0
63048.50148681876,10000.0
63048.56837200419,10000.0
63048.63525718963,10000.0
63048.70214237506,10000.0
63048.7690275605,10000.0
63048.83591274593,10000.0
63048.90279793137,10000.0
63048.969683116804,10000.0
63049.03656830224,10000.0
63049.103453487674,10000.0
63049.17033867311,10000.0
63049.237223858545,10000.0
63049.30410904398,10000.0
63049.370994229415,10000.0
63049.43787941485,10000.0
63049.504764600286,10000.0
63049.57164978572,10000.0
63049.638534971156,10000.0
63049.70542015659,10000.0
63049.77230534203,10000.0
63049.83919052746,10000.0
63049.9060757129,10000.0
63049.97296089833,10000.0
63050.03984608377,10000.0
63050.1067312692,10000.0
63050.17361645464,10000.0
63050.24050164007,10000.0
63050.30738682551,10000.0
63050.374272010944,10000.0
63050.44115719638,10000.0
63050.508042381814,10000.0
63050.57492756725,10000.0
63050.641812752685,10000.0
63050.70869793812,10000.0
63050.775583123555,10000.0
63050.84246830899,10000.0
63050.909353494426,10000.0
63050.97623867986,10000.0
63051.0431238653,10000.0
63051.11000905073,10000.0
63051.17689423617,10000.0
63051.2437794216,10000.0
63051.31066460704,10000.0
63051.37754979247,10000.0
63051.44443497791,10000.0
63051.51132016334,10000.0
63051.57820534878,10000.0
63051.64509053421,10000.0
63051.71197571965,10000.0
63051.778860905084,10000.0
63051.84574609052,10000.0
63051.912631275954,10000.0
63051.97951646139,10000.0
63052.046401646825,10000.0
63052.11328683226,10000.0
63052.180172017695,10000.0
63052.24705720313,10000.0
63052.313942388566,10000.0
63052.380827574,10000.0
63052.44771275944,10000.0
63052.51459794487,10000.0
63052.58148313031,10000.0
63052.64836831574,10000.0
63052.71525350118,10000.0
63052.78213868661,10000.0
63052.84902387205,10000.0
63052.91590905748,10000.0
63052.98279424292,10000.0
63053.04967942835,10000.0
63053.11656461379,10000.0
63053.183449799224,10000.0
63053.25033498466,10000.0
63053.317220170095,10000.0
63053.38410535553,10000.0
63053.450990540965,10000.0
63053.5178757264,10000.0
63053.584760911835,10000.0
63053.65164609727,10000.0
63053.718531282706,10000.0
63053.78541646814,10000.0
63053.85230165358,10000.0
63053.91918683901,10000.0
63053.98607202445,10000.0
63054.05295720988,10000.0
63054.11984239532,10000.0
63054.18672758075,10000.0
63054.25361276619,10000.0
63054.32049795162,10000.0
63054.38738313706,10000.0
63054.45426832249,10000.0
63054.52115350793,10000.0
63054.588038693364,10000.0
63054.6549238788,10000.0
63054.721809064235,10000.0
63054.78869424967,10000.0
63054.85557943511,10000.0
63054.92246462055,10000.0
63054.98934980598,10000.0
63055.05623499142,10000.0
63055.12312017685,10000.0
63055.19000536229,10000.0
63055.256890547724,10000.0
63055.32377573316,10000.0
63055.390660918594,10000.0
63055.45754610403,10000.0
63055.524431289465,10000.0
63055.5913164749,10000.0
63055.658201660335,10000.0
63055.72508684577,10000.0
63055.791972031206,10000.0
63055.85885721664,10000.0
63055.925742402076,10000.0
63055.99262758751,10000.0
63056.05951277295,10000.0
63056.12639795838,10000.0
63056.19328314382,10000.0
63056.26016832925,10000.0
63056.32705351469,10000.0
63056.39393870012,10000.0
63056.46082388556,10000.0
63056.52770907099,10000.0
63056.59459425643,10000.0
63056.661479441864,10000.0
63056.7283646273,10000.0
63056.795249812734,10000.0
63056.86213499817,10000.0
63056.929020183605,10000.0
63056.99590536904,10000.0
63057.062790554475,10000.0
63057.12967573991,10000.0
63057.196560925346,10000.0
63057.26344611078,10000.0
63057.330331296216,10000.0
63057.39721648165,10000.0
63057.46410166709,10000.0
63057.53098685252,10000.0
63057.59787203796,10000.0
63057.66475722339,10000.0
63057.73164240883,10000.0
63057.79852759426,10000.0
63057.8654127797,10000.0
63057.93229796513,10000.0
63057.99918315057,10000.0
63058.066068336004,10000.0
63058.13295352144,10000.0
63058.199838706874,10000.0
63058.26672389231,10000.0
63058.333609077745,10000.0
63058.40049426318,10000.0
63058.467379448615,10000.0
63058.53426463405,10000.0
63058.601149819486,10000.0
63058.66803500492,10000.0
63058.734920190356,10000.0
63058.80180537579,10000.0
63058.86869056123,10000.0
63058.93557574666,10000.0
63059.0024609321,10000.0
63059.06934611753,10000.0
63059.13623130297,10000.0
63059.2031164884,10000.0
63059.27000167384,10000.0
63059.33688685927,10000.0
63059.40377204471,10000.0
63059.470657230144,10000.0
63059.53754241558,10000.0
63059.604427601014,10000.0
63059.67131278645,10000.0
63059.738197971885,10000.0
63059.80508315732,10000.0
63059.871968342755,10000.0
63059.93885352819,10000.0
63060.005738713626,10000.0
63060.07262389906,10000.0
63060.139509084496,10000.0
63060.20639426993,10000.0
63060.27327945537,10000.0
63060.3401646408,10000.0
63060.40704982624,10000.0
63060.47393501167,10000.0
63060.54082019711,10000.0
63060.60770538254,10000.0
63060.67459056798,10000.0
63060.74147575341,10000.0
63060.80836093885,10000.0
63060.875246124284,10000.0
63060.94213130972,10000.0
63061.009016495154,10000.0
63061.07590168059,10000.0
63061.142786866025,10000.0
63061.20967205146,10000.0
63061.276557236895,10000.0
63061.34344242233,10000.0
63061.410327607766,10000.0
63061.4772127932,10000.0
63061.544097978636,10000.0
63061.61098316407,10000.0
63061.67786834951,10000.0
63061.74475353494,10000.0
63061.81163872038,10000.0
63061.87852390581,10000.0
63061.94540909125,10000.0
63062.01229427668,10000.0
63062.07917946212,10000.0
63062.14606464755,10000.0
63062.21294983299,10000.0
63062.279835018424,10000.0
63062.34672020386,10000.0
63062.413605389294,10000.0
63062.48049057473,10000.0
63062.547375760165,10000.0
63062.6142609456,10000.0
63062.681146131035,10000.0
63062.74803131647,10000.0
63062.814916501906,10000.0
63062.88180168734,10000.0
63062.948686872776,10000.0
63063.01557205821,10000.0
63063.08245724365,10000.0
63063.14934242908,10000.0
63063.21622761452,10000.0
63063.28311279995,10000.0
63063.34999798539,10000.0
63063.41688317082,10000.0
63063.48376835626,10000.0
63063.55065354169,10000.0
63063.61753872713,10000.0
63063.684423912564,10000.0
63063.751309098,10000.0
63063.818194283434,10000.0
63063.88507946887,10000.0
63063.951964654305,10000.0
63064.01884983975,10000.0
63064.08573502518,10000.0
63064.15262021062,10000.0
63064.21950539605,10000.0
63064.28639058149,10000.0
63064.35327576692,10000.0
63064.42016095236,10000.0
63064.487046137794,10000.0
63064.55393132323,10000.0
63064.620816508665,10000.0
63064.6877016941,10000.0
63064.754586879535,10000.0
63064.82147206497,10000.0
63064.888357250406,10000.0
63064.95524243584,10000.0
63065.022127621276,10000.0
63065.08901280671,10000.0
63065.15589799215,10000.0
63065.22278317758,10000.0
63065.28966836302,10000.0
63065.35655354845,10000.0
63065.42343873389,10000.0
63065.49032391932,10000.0
63065.55720910476,10000.0
63065.62409429019,10000.0
63065.69097947563,10000.0
63065.757864661064,10000.0
63065.8247498465,10000.0
63065.891635031934,10000.0
63065.95852021737,10000.0
63066.025405402805,10000.0
63066.09229058824,10000.0
63066.159175773675,10000.0
63066.22606095911,10000.0
63066.292946144546,10000.0
63066.35983132998,10000.0
63066.426716515416,10000.0
63066.49360170085,10000.0
63066.56048688629,10000.0
63066.62737207172,10000.0
63066.69425725716,10000.0
63066.76114244259,10000.0
63066.82802762803,10000.0
63066.89491281346,10000.0
63066.9617979989,10000.0
63067.02868318433,10000.0
63067.09556836977,10000.0
63067.162453555204,10000.0
63067.22933874064,10000.0
63067.296223926074,10000.0
63067.36310911151,10000.0
63067.429994296945,10000.0
63067.49687948238,10000.0
63067.563764667815,10000.0
63067.63064985325,10000.0
63067.697535038686,10000.0
63067.76442022412,10000.0
63067.831305409556,10000.0
63067.89819059499,10000.0
63067.96507578043,10000.0
63068.03196096586,10000.0
63068.0988461513,10000.0
63068.16573133673,10000.0
63068.23261652217,10000.0
63068.2995017076,10000.0
63068.36638689304,10000.0
63068.43327207847,10000.0
63068.50015726391,10000.0
63068.567042449344,10000.0
63068.63392763478,10000.0
63068.700812820214,10000.0
63068.76769800565,10000.0
63068.834583191085,10000.0
63068.90146837652,10000.0
63068.968353561955,10000.0
63069.03523874739,10000.0
63069.102123932826,10000.0
63069.16900911826,10000.0
63069.235894303696,10000.0
63069.30277948913,10000.0
63069.36966467457,10000.0
63069.43654986,10000.0
63069.50343504544,10000.0
63069.57032023087,10000.0
63069.63720541631,10000.0
63069.70409060174,10000.0
63069.77097578718,10000.0
63069.83786097261,10000.0
63069.90474615805,10000.0
63069.971631343484,10000.0
63070.03851652892,10000.0
63070.105401714354,10000.0
63070.17228689979,10000.0
63070.239172085225,10000.0
63070.30605727066,10000.0
63070.372942456095,10000.0
63070.43982764153,10000.0
63070.506712826966,10000.0
63070.5735980124,10000.0
63070.640483197836,10000.0
63070.70736838327,10000.0
63070.77425356871,10000.0
63070.84113875414,10000.0
63070.90802393958,10000.0
63070.97490912501,10000.0
63071.04179431045,10000.0
63071.10867949588,10000.0
63071.17556468132,10000.0
63071.24244986675,10000.0
63071.30933505219,10000.0
63071.376220237624,10000.0
63071.44310542306,10000.0
63071.509990608494,10000.0
63071.57687579393,10000.0
63071.643760979365,10000.0
63071.7106461648,10000.0
63071.777531350235,10000.0
63071.84441653567,10000.0
63071.911301721106,10000.0
63071.97818690654,10000.0
63072.045072091976,10000.0
63072.11195727741,10000.0
63072.17884246285,10000.0
63072.24572764828,10000.0
63072.31261283372,10000.0
63072.37949801915,10000.0
63072.44638320459,10000.0
63072.51326839002,10000.0
63072.58015357546,10000.0
63072.64703876089,10000.0
63072.71392394633,10000.0
63072.780809131764,10000.0
63072.8476943172,10000.0
63072.914579502634,10000.0
63072.98146468807,10000.0
63073.048349873505,10000.0
63073.11523505894,10000.0
63073.182120244375,10000.0
63073.24900542981,10000.0
63073.31589061525,10000.0
63073.38277580069,10000.0
63073.44966098612,10000.0
63073.51654617156,10000.0
63073.583431356994,10000.0
63073.65031654243,10000.0
63073.717201727864,10000.0
63073.7840869133,10000.0
63073.850972098735,10000.0
63073.91785728417,10000.0
63073.984742469605,10000.0
63074.05162765504,10000.0
63074.118512840476,10000.0
63074.18539802591,10000.0
63074.25228321135,10000.0
63074.31916839678,10000.0
63074.38605358222,10000.0
63074.45293876765,10000.0
63074.51982395309,10000.0
63074.58670913852,10000.0
63074.65359432396,10000.0
63074.72047950939,10000.0
63074.78736469483,10000.0
63074.85424988026,10000.0
63074.9211350657,10000.0
63074.988020251134,10000.0
63075.05490543657,10000.0
63075.121790622004,10000.0
63075.18867580744,10000.0
63075.255560992875,10000.0
63075.32244617831,10000.0
63075.389331363745,10000.0
63075.45621654918,10000.0
63075.523101734616,10000.0
63075.58998692005,10000.0
63075.65687210549,10000.0
63075.72375729092,10000.0
63075.79064247636,10000.0
63075.85752766179,10000.0
63075.92441284723,10000.0
63075.99129803266,10000.0
63076.0581832181,10000.0
63076.12506840353,10000.0
63076.19195358897,10000.0
63076.2588387744,10000.0
63076.32572395984,10000.0
63076.392609145274,10000.0
63076.45949433071,10000.0
63076.526379516145,10000.0
63076.59326470158,10000.0
63076.660149887015,10000.0
63076.72703507245,10000.0
63076.793920257885,10000.0
63076.86080544332,10000.0
63076.927690628756,10000.0
63076.99457581419,10000.0
63077.06146099963,10000.0
63077.12834618506,10000.0
63077.1952313705,10000.0
63077.26211655593,10000.0
63077.32900174137,10000.0
63077.3958869268,10000.0
63077.46277211224,10000.0
63077.52965729767,10000.0
63077.59654248311,10000.0
63077.66342766854,10000.0
63077.73031285398,10000.0
63077.797198039414,10000.0
63077.86408322485,10000.0
63077.930968410285,10000.0
63077.99785359572,10000.0
63078.064738781155,10000.0
63078.13162396659,10000.0
63078.198509152026,10000.0
63078.26539433746,10000.0
63078.332279522896,10000.0
63078.39916470833,10000.0
63078.46604989377,10000.0
63078.5329350792,10000.0
63078.59982026464,10000.0
63078.66670545007,10000.0
63078.73359063551,10000.0
63078.80047582094,10000.0
63078.86736100638,10000.0
63078.93424619181,10000.0
63079.00113137725,10000.0
63079.06801656268,10000.0
63079.13490174812,10000.0
63079.201786933554,10000.0
63079.26867211899,10000.0
63079.335557304425,10000.0
63079.40244248986,10000.0
63079.469327675295,10000.0
63079.53621286073,10000.0
63079.603098046166,10000.0
63079.6699832316,10000.0
63079.736868417036,10000.0
63079.80375360247,10000.0
63079.87063878791,10000.0
63079.93752397334,10000.0
63080.00440915878,10000.0
63080.07129434421,10000.0
63080.13817952965,10000.0
63080.20506471508,10000.0
63080.27194990052,10000.0
63080.33883508595,10000.0
63080.40572027139,10000.0
63080.472605456824,10000.0
63080.53949064226,10000.0
63080.606375827694,10000.0
63080.67326101313,10000.0
63080.740146198565,10000.0
63080.807031384,10000.0
63080.873916569435,10000.0
63080.94080175487,10000.0
63081.007686940306,10000.0
63081.07457212574,10000.0
63081.141457311176,10000.0
63081.20834249661,10000.0
63081.27522768205,10000.0
63081.34211286748,10000.0
63081.40899805292,10000.0
63081.47588323835,10000.0
63081.54276842379,10000.0
63081.60965360922,10000.0
63081.67653879466,10000.0
63081.74342398009,10000.0
63081.81030916553,10000.0
63081.877194350964,10000.0
63081.9440795364,10000.0
63082.010964721834,10000.0
63082.07784990727,10000.0
63082.144735092705,10000.0
63082.21162027814,10000.0
63082.278505463575,10000.0
63082.34539064901,10000.0
63082.412275834446,10000.0
63082.47916101989,10000.0
63082.54604620532,10000.0
63082.61293139076,10000.0
63082.679816576194,10000.0
63082.74670176163,10000.0
63082.813586947064,10000.0
63082.8804721325,10000.0
63082.947357317935,10000.0
63083.01424250337,10000.0
63083.081127688805,10000.0
63083.14801287424,10000.0
63083.214898059676,10000.0
63083.28178324511,10000.0
63083.348668430546,10000.0
63083.41555361598,10000.0
63083.48243880142,10000.0
63083.54932398685,10000.0
63083.61620917229,10000.0
63083.68309435772,10000.0
63083.74997954316,10000.0
63083.81686472859,10000.0
63083.88374991403,10000.0
63083.95063509946,10000.0
63084.0175202849,10000.0
63084.084405470334,10000.0
63084.15129065577,10000.0
63084.218175841204,10000.0
63084.28506102664,10000.0
63084.351946212075,10000.0
63084.41883139751,10000.0
63084.485716582945,10000.0
63084.55260176838,10000.0
63084.619486953816,10000.0
63084.68637213925,10000.0
63084.753257324686,10000.0
63084.82014251012,10000.0
63084.88702769556,10000.0
63084.95391288099,10000.0
63085.02079806643,10000.0
63085.08768325186,10000.0
63085.1545684373,10000.0
63085.22145362273,10000.0
63085.28833880817,10000.0
63085.3552239936,10000.0
63085.42210917904,10000.0
63085.488994364474,10000.0
63085.55587954991,10000.0
63085.622764735344,10000.0
63085.68964992078,10000.0
63085.756535106215,10000.0
63085.82342029165,10000.0
63085.890305477085,10000.0
63085.95719066252,10000.0
63086.024075847956,10000.0
63086.09096103339,10000.0
63086.157846218826,10000.0
63086.22473140426,10000.0
63086.2916165897,10000.0
63086.35850177513,10000.0
63086.42538696057,10000.0
63086.492272146,10000.0
63086.55915733144,10000.0
63086.62604251687,10000.0
63086.69292770231,10000.0
63086.75981288774,10000.0
63086.82669807318,10000.0
63086.893583258614,10000.0
63086.96046844405,10000.0
63087.027353629484,10000.0
63087.09423881492,10000.0
63087.161124000355,10000.0
63087.22800918579,10000.0
63087.294894371225,10000.0
63087.36177955666,10000.0
63087.428664742096,10000.0
63087.49554992753,10000.0
63087.562435112966,10000.0
63087.6293202984,10000.0
63087.69620548384,10000.0
63087.76309066927,10000.0
63087.82997585471,10000.0
63087.89686104014,10000.0
63087.96374622558,10000.0
63088.03063141101,10000.0
63088.09751659645,10000.0
63088.16440178188,10000.0
63088.23128696732,10000.0
63088.298172152754,10000.0
63088.36505733819,10000.0
63088.431942523624,10000.0
63088.49882770906,10000.0
63088.565712894495,10000.0
63088.63259807993,10000.0
63088.699483265365,10000.0
63088.7663684508,10000.0
63088.833253636236,10000.0
63088.90013882167,10000.0
63088.96702400711,10000.0
63089.03390919254,10000.0
63089.10079437798,10000.0
63089.16767956341,10000.0
63089.23456474885,10000.0
63089.30144993428,10000.0
63089.36833511972,10000.0
63089.43522030515,10000.0
63089.50210549059,10000.0
63089.56899067602,10000.0
63089.63587586146,10000.0
63089.702761046894,10000.0
63089.76964623233,10000.0
63089.836531417764,10000.0
63089.9034166032,10000.0
63089.970301788635,10000.0
63090.03718697407,10000.0
63090.104072159505,10000.0
63090.17095734494,10000.0
63090.237842530376,10000.0
63090.30472771581,10000.0
63090.37161290125,10000.0
63090.43849808668,10000.0
63090.50538327212,10000.0
63090.57226845755,10000.0
63090.63915364299,10000.0
63090.70603882842,10000.0
63090.77292401386,10000.0
63090.83980919929,10000.0
63090.90669438473,10000.0
63090.97357957016,10000.0
63091.0404647556,10000.0
63091.107349941034,10000.0
63091.17423512647,10000.0
63091.241120311905,10000.0
63091.30800549734,10000.0
63091.374890682775,10000.0
63091.44177586821,10000.0
63091.508661053645,10000.0
63091.57554623908,10000.0
63091.642431424516,10000.0
63091.70931660995,10000.0
63091.776201795394,10000.0
63091.84308698083,10000.0
63091.909972166264,10000.0
63091.9768573517,10000.0
63092.043742537135,10000.0
63092.11062772257,10000.0
63092.177512908005,10000.0
63092.24439809344,10000.0
63092.311283278876,10000.0
63092.37816846431,10000.0
63092.445053649746,10000.0
63092.51193883518,10000.0
63092.57882402062,10000.0
63092.64570920605,10000.0
63092.71259439149,10000.0
63092.77947957692,10000.0
63092.84636476236,10000.0
63092.91324994779,10000.0
63092.98013513323,10000.0
63093.04702031866,10000.0
63093.1139055041,10000.0
63093.180790689534,10000.0
63093.24767587497,10000.0
63093.314561060404,10000.0
63093.38144624584,10000.0
63093.448331431275,10000.0
63093.51521661671,10000.0
63093.582101802145,10000.0
63093.64898698758,10000.0
63093.715872173016,10000.0
63093.78275735845,10000.0
63093.849642543886,10000.0
63093.91652772932,10000.0
63093.98341291476,10000.0
63094.05029810019,10000.0
63094.11718328563,10000.0
63094.18406847106,10000.0
63094.2509536565,10000.0
63094.31783884193,10000.0
63094.38472402737,10000.0
63094.4516092128,10000.0
63094.51849439824,10000.0
63094.585379583674,10000.0
63094.65226476911,10000.0
63094.719149954544,10000.0
63094.78603513998,10000.0
63094.852920325415,10000.0
63094.91980551085,10000.0
63094.986690696285,10000.0
63095.05357588172,10000.0
63095.120461067156,10000.0
63095.18734625259,10000.0
63095.254231438026,10000.0
63095.32111662346,10000.0
63095.3880018089,10000.0
63095.45488699433,10000.0
63095.52177217977,10000.0
63095.5886573652,10000.0
63095.65554255064,10000.0
63095.72242773607,10000.0
63095.78931292151,10000.0
63095.85619810694,10000.0
63095.92308329238,10000.0
63095.989968477814,10000.0
63096.05685366325,10000.0
63096.123738848684,10000.0
63096.19062403412,10000.0
63096.257509219555,10000.0
63096.32439440499,10000.0
63096.391279590425,10000.0
63096.45816477586,10000.0
63096.525049961296,10000.0
63096.59193514673,10000.0
63096.658820332166,10000.0
63096.7257055176,10000.0
63096.79259070304,10000.0
63096.85947588847,10000.0
63096.92636107391,10000.0
63096.99324625934,10000.0
63097.06013144478,10000.0
63097.12701663021,10000.0
63097.19390181565,10000.0
63097.26078700108,10000.0
63097.32767218652,10000.0
63097.394557371954,10000.0
63097.46144255739,10000.0
63097.528327742824,10000.0
63097.59521292826,10000.0
63097.662098113695,10000.0
63097.72898329913,10000.0
63097.795868484565,10000.0
63097.86275367,10000.0
63097.929638855436,10000.0
63097.99652404087,10000.0
63098.063409226306,10000.0
63098.13029441174,10000.0
63098.19717959718,10000.0
63098.26406478261,10000.0
63098.33094996805,10000.0
63098.39783515348,10000.0
63098.46472033892,10000.0
63098.53160552435,10000.0
63098.59849070979,10000.0
63098.66537589522,10000.0
63098.73226108066,10000.0
63098.799146266094,10000.0
63098.86603145153,10000.0
63098.932916636964,10000.0
63098.9998018224,10000.0
63099.066687007835,10000.0
63099.13357219327,10000.0
63099.200457378705,10000.0
63099.26734256414,10000.0
63099.334227749576,10000.0
63099.40111293501,10000.0
63099.467998120446,10000.0
63099.53488330588,10000.0
63099.60176849132,10000.0
63099.66865367675,10000.0
63099.73553886219,10000.0
63099.80242404762,10000.0
63099.86930923306,10000.0
63099.93619441849,10000.0
63100.00307960393,10000.0
63100.06996478936,10000.0
63100.1368499748,10000.0
63100.203735160234,10000.0
63100.27062034567,10000.0
63100.337505531104,10000.0
63100.40439071654,10000.0
63100.471275901975,10000.0
63100.53816108741,10000.0
63100.605046272845,10000.0
63100.67193145828,10000.0
63100.738816643716,10000.0
63100.80570182915,10000.0
63100.872587014586,10000.0
63100.93947220003,10000.0
63101.006357385464,10000.0
63101.0732425709,10000.0
63101.140127756335,10000.0
63101.20701294177,10000.0
63101.273898127205,10000.0
63101.34078331264,10000.0
63101.407668498076,10000.0
63101.47455368351,10000.0
63101.541438868946,10000.0
63101.60832405438,10000.0
63101.67520923982,10000.0
63101.74209442525,10000.0
63101.80897961069,10000.0
63101.87586479612,10000.0
63101.94274998156,10000.0
63102.00963516699,10000.0
63102.07652035243,10000.0
63102.14340553786,10000.0
63102.2102907233,10000.0
63102.27717590873,10000.0
63102.34406109417,10000.0
63102.410946279604,10000.0
63102.47783146504,10000.0
63102.544716650475,10000.0
63102.61160183591,10000.0
63102.678487021345,10000.0
63102.74537220678,10000.0
63102.812257392216,10000.0
63102.87914257765,10000.0
63102.946027763086,10000.0
63103.01291294852,10000.0
63103.07979813396,10000.0
63103.14668331939,10000.0
63103.21356850483,10000.0
63103.28045369026,10000.0
63103.3473388757,10000.0
63103.41422406113,10000.0
63103.48110924657,10000.0
63103.547994432,10000.0
63103.61487961744,10000.0
63103.681764802874,10000.0
63103.74864998831,10000.0
63103.815535173744,10000.0
63103.88242035918,10000.0
63103.949305544615,10000.0
63104.01619073005,10000.0
63104.083075915485,10000.0
63104.14996110092,10000.0
63104.216846286356,10000.0
63104.28373147179,10000.0
63104.350616657226,10000.0
63104.41750184266,10000.0
63104.4843870281,10000.0
63104.55127221353,10000.0
63104.61815739897,10000.0
63104.6850425844,10000.0
63104.75192776984,10000.0
63104.81881295527,10000.0
63104.88569814071,10000.0
63104.95258332614,10000.0
63105.01946851158,10000.0
63105.086353697014,10000.0
63105.15323888245,10000.0
63105.220124067884,10000.0
63105.28700925332,10000.0
63105.353894438755,10000.0
63105.42077962419,10000.0
63105.487664809625,10000.0
63105.55454999506,10000.0
63105.621435180496,10000.0
63105.68832036593,10000.0
63105.755205551366,10000.0
63105.8220907368,10000.0
63105.88897592224,10000.0
63105.95586110767,10000.0
63106.02274629311,10000.0
63106.08963147854,10000.0
63106.15651666398,10000.0
63106.22340184941,10000.0
63106.29028703485,10000.0
63106.35717222028,10000.0
63106.42405740572,10000.0
63106.490942591154,10000.0
63106.55782777659,10000.0
63106.624712962024,10000.0
63106.69159814746,10000.0
63106.758483332895,10000.0
63106.82536851833,10000.0
63106.892253703765,10000.0
63106.9591388892,10000.0
63107.026024074636,10000.0
63107.09290926007,10000.0
63107.159794445506,10000.0
63107.22667963094,10000.0
63107.29356481638,10000.0
63107.36045000181,10000.0
63107.42733518725,10000.0
63107.49422037268,10000.0
63107.56110555812,10000.0
63107.62799074355,10000.0
63107.69487592899,10000.0
63107.76176111442,10000.0
63107.82864629986,10000.0
63107.895531485294,10000.0
63107.96241667073,10000.0
63108.029301856164,10000.0
63108.0961870416,10000.0
63108.163072227035,10000.0
63108.22995741247,10000.0
63108.296842597905,10000.0
63108.36372778334,10000.0
63108.430612968776,10000.0
63108.49749815421,10000.0
63108.564383339646,10000.0
63108.63126852508,10000.0
63108.69815371052,10000.0
63108.76503889595,10000.0
63108.83192408139,10000.0
63108.89880926682,10000.0
63108.96569445226,10000.0
63109.03257963769,10000.0
63109.09946482313,10000.0
63109.16635000856,10000.0
63109.233235194,10000.0
63109.300120379434,10000.0
63109.36700556487,10000.0
63109.433890750304,10000.0
63109.50077593574,10000.0
63109.567661121175,10000.0
63109.63454630661,10000.0
63109.701431492045,10000.0
63109.76831667748,10000.0
63109.835201862916,10000.0
63109.90208704835,10000.0
63109.968972233786,10000.0
63110.03585741922,10000.0
63110.10274260466,10000.0
63110.16962779009,10000.0
63110.236512975534,10000.0
63110.30339816097,10000.0
63110.370283346405,10000.0
63110.43716853184,10000.0
63110.504053717275,10000.0
63110.57093890271,10000.0
63110.637824088146,10000.0
63110.70470927358,10000.0
63110.771594459016,10000.0
63110.83847964445,10000.0
63110.90536482989,10000.0
63110.97225001532,10000.0
63111.03913520076,10000.0
63111.10602038619,10000.0
63111.17290557163,10000.0
63111.23979075706,10000.0
63111.3066759425,10000.0
63111.37356112793,10000.0
63111.44044631337,10000.0
63111.507331498804,10000.0
63111.57421668424,10000.0
63111.641101869674,10000.0
63111.70798705511,10000.0
63111.774872240545,10000.0
63111.84175742598,10000.0
63111.908642611415,10000.0
63111.97552779685,10000.0
63112.042412982286,10000.0
63112.10929816772,10000.0
63112.17618335316,10000.0
63112.24306853859,10000.0
63112.30995372403,10000.0
63112.37683890946,10000.0
63112.4437240949,10000.0
63112.51060928033,10000.0
63112.57749446577,10000.0
63112.6443796512,10000.0
63112.71126483664,10000.0
63112.77815002207,10000.0
63112.84503520751,10000.0
63112.911920392944,10000.0
63112.97880557838,10000.0
63113.045690763814,10000.0
63113.11257594925,10000.0
63113.179461134685,10000.0
63113.24634632012,10000.0
63113.313231505555,10000.0
63113.38011669099,10000.0
63113.447001876426,10000.0
63113.51388706186,10000.0
63113.5807722473,10000.0
63113.64765743273,10000.0
63113.71454261817,10000.0
63113.7814278036,10000.0
63113.84831298904,10000.0
63113.91519817447,10000.0
63113.98208335991,10000.0
63114.04896854534,10000.0
63114.11585373078,10000.0
63114.18273891621,10000.0
63114.24962410165,10000.0
63114.316509287084,10000.0
63114.38339447252,10000.0
63114.450279657955,10000.0
63114.51716484339,10000.0
63114.584050028825,10000.0
63114.65093521426,10000.0
63114.717820399695,10000.0
63114.78470558513,10000.0
63114.851590770566,10000.0
63114.918475956,10000.0
63114.98536114144,10000.0
63115.05224632687,10000.0
63115.11913151231,10000.0
63115.18601669774,10000.0
63115.25290188318,10000.0
63115.31978706861,10000.0
63115.38667225405,10000.0
63115.45355743948,10000.0
63115.52044262492,10000.0
63115.58732781035,10000.0
63115.65421299579,10000.0
63115.721098181224,10000.0
63115.78798336666,10000.0
63115.854868552095,10000.0
63115.92175373753,10000.0
63115.988638922965,10000.0
63116.0555241084,10000.0
63116.122409293836,10000.0
63116.18929447927,10000.0
63116.256179664706,10000.0
63116.32306485014,10000.0
63116.38995003558,10000.0
63116.45683522101,10000.0
63116.52372040645,10000.0
63116.59060559188,10000.0
63116.65749077732,10000.0
63116.72437596275,10000.0
63116.79126114819,10000.0
63116.85814633362,10000.0
63116.92503151906,10000.0
63116.99191670449,10000.0
63117.05880188993,10000.0
63117.125687075364,10000.0
63117.1925722608,10000.0
63117.259457446235,10000.0
63117.32634263167,10000.0
63117.393227817105,10000.0
63117.46011300254,10000.0
63117.526998187976,10000.0
63117.59388337341,10000.0
63117.660768558846,10000.0
63117.72765374428,10000.0
63117.79453892972,10000.0
63117.86142411515,10000.0
63117.92830930059,10000.0
63117.99519448602,10000.0
63118.06207967146,10000.0
63118.12896485689,10000.0
63118.19585004233,10000.0
63118.26273522776,10000.0
63118.3296204132,10000.0
63118.396505598634,10000.0
63118.46339078407,10000.0
63118.530275969504,10000.0
63118.59716115494,10000.0
63118.664046340375,10000.0
63118.73093152581,10000.0
63118.797816711245,10000.0
63118.86470189668,10000.0
63118.931587082116,10000.0
63118.99847226755,10000.0
63119.065357452986,10000.0
63119.13224263842,10000.0
63119.19912782386,10000.0
63119.26601300929,10000.0
63119.33289819473,10000.0
63119.39978338017,10000.0
63119.466668565605,10000.0
63119.53355375104,10000.0
63119.600438936475,10000.0
63119.66732412191,10000.0
63119.734209307346,10000.0
63119.80109449278,10000.0
63119.867979678216,10000.0
63119.93486486365,10000.0
63120.00175004909,10000.0
63120.06863523452,10000.0
63120.13552041996,10000.0
63120.20240560539,10000.0
63120.26929079083,10000.0
63120.33617597626,10000.0
63120.4030611617,10000.0
63120.46994634713,10000.0
63120.53683153257,10000.0
63120.603716718004,10000.0
63120.67060190344,10000.0
63120.737487088874,10000.0
63120.80437227431,10000.0
63120.871257459745,10000.0
63120.93814264518,10000.0
63121.005027830615,10000.0
63121.07191301605,10000.0
63121.138798201486,10000.0
63121.20568338692,10000.0
63121.272568572356,10000.0
63121.33945375779,10000.0
63121.40633894323,10000.0
63121.47322412866,10000.0
63121.5401093141,10000.0
63121.60699449953,10000.0
63121.67387968497,10000.0
63121.7407648704,10000.0
63121.80765005584,10000.0
63121.87453524127,10000.0
63121.94142042671,10000.0
63122.008305612144,10000.0
63122.07519079758,10000.0
63122.142075983014,10000.0
63122.20896116845,10000.0
63122.275846353885,10000.0
63122.34273153932,10000.0
63122.409616724755,10000.0
63122.47650191019,10000.0
63122.543387095626,10000.0
63122.61027228106,10000.0
63122.677157466496,10000.0
63122.74404265193,10000.0
63122.81092783737,10000.0
63122.8778130228,10000.0
63122.94469820824,10000.0
63123.01158339367,10000.0
63123.07846857911,10000.0
63123.14535376454,10000.0
63123.21223894998,10000.0
63123.27912413541,10000.0
63123.34600932085,10000.0
63123.412894506284,10000.0
63123.47977969172,10000.0
63123.546664877154,10000.0
63123.61355006259,10000.0
63123.680435248025,10000.0
63123.74732043346,10000.0
63123.814205618895,10000.0
63123.88109080433,10000.0
63123.947975989766,10000.0
63124.0148611752,10000.0
63124.081746360636,10000.0
63124.14863154607,10000.0
63124.21551673151,10000.0
63124.28240191694,10000.0
63124.34928710238,10000.0
63124.41617228781,10000.0
63124.48305747325,10000.0
63124.54994265868,10000.0
63124.61682784412,10000.0
63124.68371302955,10000.0
63124.75059821499,10000.0
63124.817483400424,10000.0
63124.88436858586,10000.0
63124.951253771294,10000.0
63125.01813895673,10000.0
63125.085024142165,10000.0
63125.1519093276,10000.0
63125.218794513035,10000.0
63125.28567969847,10000.0
63125.352564883906,10000.0
63125.41945006934,10000.0
63125.486335254776,10000.0
63125.55322044021,10000.0
63125.62010562565,10000.0
63125.68699081108,10000.0
63125.75387599652,10000.0
63125.82076118195,10000.0
63125.88764636739,10000.0
63125.95453155282,10000.0
63126.02141673826,10000.0
63126.08830192369,10000.0
63126.15518710913,10000.0
63126.222072294564,10000.0
63126.28895748,10000.0
63126.355842665434,10000.0
63126.42272785087,10000.0
63126.489613036305,10000.0
63126.55649822174,10000.0
63126.623383407175,10000.0
63126.69026859261,10000.0
63126.757153778046,10000.0
63126.82403896348,10000.0
63126.89092414892,10000.0
63126.95780933435,10000.0
63127.02469451979,10000.0
63127.09157970522,10000.0
63127.15846489066,10000.0
63127.22535007609,10000.0
63127.29223526153,10000.0
63127.35912044696,10000.0
63127.4260056324,10000.0
63127.49289081783,10000.0
63127.55977600327,10000.0
63127.626661188704,10000.0
63127.69354637414,10000.0
63127.760431559574,10000.0
63127.82731674501,10000.0
63127.894201930445,10000.0
63127.96108711588,10000.0
63128.027972301315,10000.0
63128.09485748675,10000.0
63128.161742672186,10000.0
63128.22862785762,10000.0
63128.29551304306,10000.0
63128.36239822849,10000.0
63128.42928341393,10000.0
63128.49616859936,10000.0
63128.5630537848,10000.0
63128.62993897023,10000.0
63128.696824155675,10000.0
63128.76370934111,10000.0
63128.830594526546,10000.0
63128.89747971198,10000.0
63128.964364897416,10000.0
63129.03125008285,10000.0
63129.09813526829,10000.0
63129.16502045372,10000.0
63129.23190563916,10000.0
63129.29879082459,10000.0
63129.36567601003,10000.0
63129.43256119546,10000.0
63129.4994463809,10000.0
63129.56633156633,10000.0
63129.63321675177,10000.0
63129.700101937204,10000.0
63129.76698712264,10000.0
63129.833872308074,10000.0
63129.90075749351,10000.0
63129.967642678945,10000.0
63130.03452786438,10000.0
63130.101413049815,10000.0
63130.16829823525,10000.0
63130.235183420686,10000.0
63130.30206860612,10000.0
63130.368953791556,10000.0
63130.43583897699,10000.0
63130.50272416243,10000.0
63130.56960934786,10000.0
63130.6364945333,10000.0
63130.70337971873,10000.0
63130.77026490417,10000.0
63130.8371500896,10000.0
63130.90403527504,10000.0
63130.97092046047,10000.0
63131.03780564591,10000.0
63131.104690831344,10000.0
63131.17157601678,10000.0
63131.238461202214,10000.0
63131.30534638765,10000.0
63131.372231573085,10000.0
63131.43911675852,10000.0
63131.506001943955,10000.0
63131.57288712939,10000.0
63131.639772314826,10000.0
63131.70665750026,10000.0
63131.773542685696,10000.0
63131.84042787113,10000.0
63131.90731305657,10000.0
63131.974198242,10000.0
63132.04108342744,10000.0
63132.10796861287,10000.0
63132.17485379831,10000.0
63132.24173898374,10000.0
63132.30862416918,10000.0
63132.37550935461,10000.0
63132.44239454005,10000.0
63132.509279725484,10000.0
63132.57616491092,10000.0
63132.643050096354,10000.0
63132.70993528179,10000.0
63132.776820467225,10000.0
63132.84370565266,10000.0
63132.910590838095,10000.0
63132.97747602353,10000.0
63133.044361208966,10000.0
63133.1112463944,10000.0
63133.178131579836,10000.0
63133.24501676527,10000.0
63133.31190195071,10000.0
63133.37878713614,10000.0
63133.44567232158,10000.0
63133.51255750701,10000.0
63133.57944269245,10000.0
63133.64632787788,10000.0
63133.71321306332,10000.0
63133.78009824875,10000.0
63133.84698343419,10000.0
63133.913868619624,10000.0
63133.98075380506,10000.0
63134.047638990494,10000.0
63134.11452417593,10000.0
63134.181409361365,10000.0
63134.2482945468,10000.0
63134.315179732235,10000.0
63134.38206491767,10000.0
63134.448950103106,10000.0
63134.51583528854,10000.0
63134.582720473976,10000.0
63134.64960565941,10000.0
63134.71649084485,10000.0
63134.78337603028,10000.0
63134.85026121572,10000.0
63134.91714640115,10000.0
63134.98403158659,10000.0
63135.05091677202,10000.0
63135.11780195746,10000.0
63135.18468714289,10000.0
63135.25157232833,10000.0
63135.318457513764,10000.0
63135.3853426992,10000.0
63135.452227884634,10000.0
63135.51911307007,10000.0
63135.585998255505,10000.0
63135.65288344094,10000.0
63135.719768626375,10000.0
63135.78665381181,10000.0
63135.853538997246,10000.0
63135.92042418268,10000.0
63135.987309368116,10000.0
63136.05419455355,10000.0
63136.12107973899,10000.0
63136.18796492442,10000.0
63136.25485010986,10000.0
63136.32173529529,10000.0
63136.38862048073,10000.0
63136.45550566616,10000.0
63136.5223908516,10000.0
63136.58927603703,10000.0
63136.65616122247,10000.0
63136.723046407904,10000.0
63136.78993159334,10000.0
63136.856816778774,10000.0
63136.92370196421,10000.0
63136.990587149645,10000.0
63137.05747233508,10000.0
63137.124357520515,10000.0
63137.19124270595,10000.0
63137.258127891386,10000.0
63137.32501307682,10000.0
63137.391898262256,10000.0
63137.45878344769,10000.0
63137.52566863313,10000.0
63137.59255381856,10000.0
63137.659439004,10000.0
63137.72632418943,10000.0
63137.79320937487,10000.0
63137.86009456031,10000.0
63137.926979745745,10000.0
63137.99386493118,10000.0
63138.060750116616,10000.0
63138.12763530205,10000.0
63138.19452048749,10000.0
63138.26140567292,10000.0
63138.32829085836,10000.0
63138.39517604379,10000.0
63138.46206122923,10000.0
63138.52894641466,10000.0
63138.5958316001,10000.0
63138.66271678553,10000.0
63138.72960197097,10000.0
63138.7964871564,10000.0
63138.86337234184,10000.0
63138.930257527274,10000.0
63138.99714271271,10000.0
63139.064027898145,10000.0
63139.13091308358,10000.0
63139.197798269015,10000.0
63139.26468345445,10000.0
63139.331568639886,10000.0
63139.39845382532,10000.0
63139.465339010756,10000.0
63139.53222419619,10000.0
63139.59910938163,10000.0
63139.66599456706,10000.0
63139.7328797525,10000.0
63139.79976493793,10000.0
63139.86665012337,10000.0
63139.9335353088,10000.0
63140.00042049424,10000.0
63140.06730567967,10000.0
63140.13419086511,10000.0
63140.20107605054,10000.0
63140.26796123598,10000.0
63140.334846421414,10000.0
63140.40173160685,10000.0
63140.468616792285,10000.0
63140.53550197772,10000.0
63140.602387163155,10000.0
63140.66927234859,10000.0
63140.736157534026,10000.0
63140.80304271946,10000.0
63140.869927904896,10000.0
63140.93681309033,10000.0
63141.00369827577,10000.0
63141.0705834612,10000.0
63141.13746864664,10000.0
63141.20435383207,10000.0
63141.27123901751,10000.0
63141.33812420294,10000.0
63141.40500938838,10000.0
63141.47189457381,10000.0
63141.53877975925,10000.0
63141.605664944684,10000.0
63141.67255013012,10000.0
63141.739435315554,10000.0
63141.80632050099,10000.0
63141.873205686425,10000.0
63141.94009087186,10000.0
63142.006976057295,10000.0
63142.07386124273,10000.0
63142.140746428166,10000.0
63142.2076316136,10000.0
63142.274516799036,10000.0
63142.34140198447,10000.0
63142.40828716991,10000.0
63142.47517235534,10000.0
63142.54205754078,10000.0
63142.60894272621,10000.0
63142.67582791165,10000.0
63142.74271309708,10000.0
63142.80959828252,10000.0
63142.87648346795,10000.0
63142.94336865339,10000.0
63143.010253838824,10000.0
63143.07713902426,10000.0
63143.144024209694,10000.0
63143.21090939513,10000.0
63143.277794580565,10000.0
63143.344679766,10000.0
63143.411564951435,10000.0
63143.47845013687,10000.0
63143.545335322306,10000.0
63143.61222050774,10000.0
63143.679105693176,10000.0
63143.74599087861,10000.0
63143.81287606405,10000.0
63143.87976124948,10000.0
63143.94664643492,10000.0
63144.01353162035,10000.0
63144.08041680579,10000.0
63144.14730199122,10000.0
63144.21418717666,10000.0
63144.28107236209,10000.0
63144.34795754753,10000.0
63144.414842732964,10000.0
63144.4817279184,10000.0
63144.548613103834,10000.0
63144.61549828927,10000.0
63144.682383474705,10000.0
63144.74926866014,10000.0
63144.816153845575,10000.0
63144.88303903101,10000.0
63144.949924216446,10000.0
63145.01680940188,10000.0
63145.083694587316,10000.0
63145.15057977275,10000.0
63145.21746495819,10000.0
63145.28435014362,10000.0
63145.35123532906,10000.0
63145.41812051449,10000.0
63145.48500569993,10000.0
63145.55189088536,10000.0
63145.6187760708,10000.0
63145.68566125623,10000.0
63145.75254644167,10000.0
63145.819431627104,10000.0
63145.88631681254,10000.0
63145.953201997974,10000.0
63146.02008718341,10000.0
63146.086972368845,10000.0
63146.15385755428,10000.0
63146.220742739715,10000.0
63146.28762792515,10000.0
63146.354513110586,10000.0
63146.42139829602,10000.0
63146.488283481456,10000.0
63146.55516866689,10000.0
63146.62205385233,10000.0
63146.68893903776,10000.0
63146.7558242232,10000.0
63146.82270940863,10000.0
63146.88959459407,10000.0
63146.9564797795,10000.0
63147.02336496494,10000.0
63147.09025015037,10000.0
63147.157135335816,10000.0
63147.22402052125,10000.0
63147.290905706686,10000.0
63147.35779089212,10000.0
63147.42467607756,10000.0
63147.49156126299,10000.0
63147.55844644843,10000.0
63147.62533163386,10000.0
63147.6922168193,10000.0
63147.75910200473,10000.0
63147.82598719017,10000.0
63147.8928723756,10000.0
63147.95975756104,10000.0
63148.026642746474,10000.0
63148.09352793191,10000.0
63148.160413117344,10000.0
63148.22729830278,10000.0
63148.294183488215,10000.0
63148.36106867365,10000.0
63148.427953859085,10000.0
63148.49483904452,10000.0
63148.561724229956,10000.0
63148.62860941539,10000.0
63148.695494600826,10000.0
63148.76237978626,10000.0
63148.8292649717,10000.0
63148.89615015713,10000.0
63148.96303534257,10000.0
63149.029920528,10000.0
63149.09680571344,10000.0
63149.16369089887,10000.0
63149.23057608431,10000.0
63149.29746126974,10000.0
63149.36434645518,10000.0
63149.431231640614,10000.0
63149.49811682605,10000.0
63149.565002011484,10000.0
63149.63188719692,10000.0
63149.698772382355,10000.0
63149.76565756779,10000.0
63149.832542753225,10000.0
63149.89942793866,10000.0
63149.966313124096,10000.0
63150.03319830953,10000.0
63150.10008349497,10000.0
63150.1669686804,10000.0
63150.23385386584,10000.0
63150.30073905127,10000.0
63150.36762423671,10000.0
63150.43450942214,10000.0
63150.50139460758,10000.0
63150.56827979301,10000.0
63150.63516497845,10000.0
63150.70205016388,10000.0
63150.76893534932,10000.0
63150.835820534754,10000.0
63150.90270572019,10000.0
63150.969590905625,10000.0
63151.03647609106,10000.0
63151.103361276495,10000.0
63151.17024646193,10000.0
63151.237131647365,10000.0
63151.3040168328,10000.0
63151.370902018236,10000.0
63151.43778720367,10000.0
63151.50467238911,10000.0
63151.57155757454,10000.0
63151.63844275998,10000.0
63151.70532794541,10000.0
63151.77221313085,10000.0
63151.83909831628,10000.0
63151.90598350172,10000.0
63151.97286868715,10000.0
63152.03975387259,10000.0
63152.10663905802,10000.0
63152.17352424346,10000.0
63152.240409428894,10000.0
63152.30729461433,10000.0
63152.374179799765,10000.0
63152.4410649852,10000.0
63152.507950170635,10000.0
63152.57483535607,10000.0
63152.641720541505,10000.0
63152.70860572694,10000.0
63152.775490912376,10000.0
63152.84237609781,10000.0
63152.90926128325,10000.0
63152.97614646868,10000.0
63153.04303165412,10000.0
63153.10991683955,10000.0
63153.17680202499,10000.0
63153.24368721042,10000.0
63153.31057239586,10000.0
63153.37745758129,10000.0
63153.44434276673,10000.0
63153.51122795216,10000.0
63153.5781131376,10000.0
63153.644998323034,10000.0
63153.71188350847,10000.0
63153.778768693905,10000.0
63153.84565387934,10000.0
63153.912539064775,10000.0
63153.97942425021,10000.0
63154.046309435646,10000.0
63154.11319462108,10000.0
63154.180079806516,10000.0
63154.24696499195,10000.0
63154.31385017739,10000.0
63154.38073536282,10000.0
63154.44762054826,10000.0
63154.51450573369,10000.0
63154.58139091913,10000.0
63154.64827610456,10000.0
63154.71516129,10000.0
63154.78204647543,10000.0
63154.84893166087,10000.0
63154.915816846304,10000.0
63154.98270203174,10000.0
63155.049587217174,10000.0
63155.11647240261,10000.0
63155.183357588045,10000.0
63155.25024277348,10000.0
63155.317127958915,10000.0
63155.38401314435,10000.0
63155.450898329786,10000.0
63155.51778351522,10000.0
63155.584668700656,10000.0
63155.65155388609,10000.0
63155.71843907153,10000.0
63155.78532425696,10000.0
63155.8522094424,10000.0
63155.91909462783,10000.0
63155.98597981327,10000.0
63156.0528649987,10000.0
63156.11975018414,10000.0
63156.18663536957,10000.0
63156.25352055501,10000.0
63156.32040574045,10000.0
63156.387290925886,10000.0
63156.45417611132,10000.0
63156.52106129676,10000.0
63156.58794648219,10000.0
63156.65483166763,10000.0
63156.72171685306,10000.0
63156.7886020385,10000.0
63156.85548722393,10000.0
63156.92237240937,10000.0
63156.9892575948,10000.0
63157.05614278024,10000.0
63157.123027965674,10000.0
63157.18991315111,10000.0
63157.256798336544,10000.0
63157.32368352198,10000.0
63157.390568707415,10000.0
63157.45745389285,10000.0
63157.524339078285,10000.0
63157.59122426372,10000.0
63157.658109449156,10000.0
63157.72499463459,10000.0
63157.791879820026,10000.0
63157.85876500546,10000.0
63157.9256501909,10000.0
63157.99253537633,10000.0
63158.05942056177,10000.0
63158.1263057472,10000.0
63158.19319093264,10000.0
63158.26007611807,10000.0
63158.32696130351,10000.0
63158.39384648894,10000.0
63158.46073167438,10000.0
63158.527616859814,10000.0
63158.59450204525,10000.0
63158.661387230684,10000.0
63158.72827241612,10000.0
63158.795157601555,10000.0
63158.86204278699,10000.0
63158.928927972425,10000.0
63158.99581315786,10000.0
63159.062698343296,10000.0
63159.12958352873,10000.0
63159.196468714166,10000.0
63159.2633538996,10000.0
63159.33023908504,10000.0
63159.39712427047,10000.0
63159.46400945591,10000.0
63159.53089464134,10000.0
63159.59777982678,10000.0
63159.66466501221,10000.0
63159.73155019765,10000.0
63159.79843538308,10000.0
63159.86532056852,10000.0
63159.932205753954,10000.0
63159.99909093939,10000.0
63160.065976124824,10000.0
63160.13286131026,10000.0
63160.199746495695,10000.0
63160.26663168113,10000.0
63160.333516866565,10000.0
63160.400402052,10000.0
63160.467287237436,10000.0
63160.53417242287,10000.0
63160.601057608306,10000.0
63160.66794279374,10000.0
63160.73482797918,10000.0
63160.80171316461,10000.0
63160.86859835005,10000.0
63160.93548353548,10000.0
63161.00236872092,10000.0
63161.06925390635,10000.0
63161.13613909179,10000.0
63161.20302427722,10000.0
63161.26990946266,10000.0
63161.336794648094,10000.0
63161.40367983353,10000.0
63161.470565018964,10000.0
63161.5374502044,10000.0
63161.604335389835,10000.0
63161.67122057527,10000.0
63161.738105760705,10000.0
63161.80499094614,10000.0
63161.871876131576,10000.0
63161.93876131701,10000.0
63162.005646502446,10000.0
63162.07253168788,10000.0
63162.13941687332,10000.0
63162.20630205875,10000.0
63162.27318724419,10000.0
63162.34007242962,10000.0
63162.40695761506,10000.0
63162.47384280049,10000.0
63162.54072798593,10000.0
63162.60761317136,10000.0
63162.6744983568,10000.0
63162.741383542234,10000.0
63162.80826872767,10000.0
63162.875153913104,10000.0
63162.94203909854,10000.0
63163.008924283975,10000.0
63163.07580946941,10000.0
63163.142694654845,10000.0
63163.20957984028,10000.0
63163.276465025716,10000.0
63163.34335021115,10000.0
63163.410235396586,10000.0
63163.47712058202,10000.0
63163.54400576746,10000.0
63163.61089095289,10000.0
63163.67777613833,10000.0
63163.74466132376,10000.0
63163.8115465092,10000.0
63163.87843169463,10000.0
63163.94531688007,10000.0
63164.0122020655,10000.0
63164.07908725094,10000.0
63164.145972436374,10000.0
63164.21285762181,10000.0
63164.279742807244,10000.0
63164.34662799268,10000.0
63164.413513178115,10000.0
63164.48039836355,10000.0
63164.547283548985,10000.0
63164.61416873442,10000.0
63164.681053919856,10000.0
63164.74793910529,10000.0
63164.81482429073,10000.0
63164.88170947616,10000.0
63164.9485946616,10000.0
63165.01547984703,10000.0
63165.08236503247,10000.0
63165.1492502179,10000.0
63165.21613540334,10000.0
63165.28302058877,10000.0
63165.34990577421,10000.0
63165.41679095964,10000.0
63165.48367614508,10000.0
63165.550561330514,10000.0
63165.61744651596,10000.0
63165.68433170139,10000.0
63165.75121688683,10000.0
63165.81810207226,10000.0
63165.8849872577,10000.0
63165.95187244313,10000.0
63166.01875762857,10000.0
63166.085642814,10000.0
63166.15252799944,10000.0
63166.219413184874,10000.0
63166.28629837031,10000.0
63166.353183555744,10000.0
63166.42006874118,10000.0
63166.486953926615,10000.0
63166.55383911205,10000.0
63166.620724297485,10000.0
63166.68760948292,10000.0
63166.754494668356,10000.0
63166.82137985379,10000.0
63166.888265039226,10000.0
63166.95515022466,10000.0
63167.0220354101,10000.0
63167.08892059553,10000.0
63167.15580578097,10000.0
63167.2226909664,10000.0
63167.28957615184,10000.0
63167.35646133727,10000.0
63167.42334652271,10000.0
63167.49023170814,10000.0
63167.55711689358,10000.0
63167.624002079014,10000.0
63167.69088726445,10000.0
63167.757772449884,10000.0
63167.82465763532,10000.0
63167.891542820755,10000.0
63167.95842800619,10000.0
63168.025313191625,10000.0
63168.09219837706,10000.0
63168.159083562496,10000.0
63168.22596874793,10000.0
63168.292853933366,10000.0
63168.3597391188,10000.0
63168.42662430424,10000.0
63168.49350948967,10000.0
63168.56039467511,10000.0
63168.62727986054,10000.0
63168.69416504598,10000.0
63168.76105023141,10000.0
63168.82793541685,10000.0
63168.89482060228,10000.0
63168.96170578772,10000.0
63169.028590973154,10000.0
63169.09547615859,10000.0
63169.162361344024,10000.0
63169.22924652946,10000.0
63169.296131714895,10000.0
63169.36301690033,10000.0
63169.429902085765,10000.0
63169.4967872712,10000.0
63169.563672456636,10000.0
63169.63055764207,10000.0
63169.697442827506,10000.0
63169.76432801294,10000.0
63169.83121319838,10000.0
63169.89809838381,10000.0
63169.96498356925,10000.0
63170.03186875468,10000.0
63170.09875394012,10000.0
63170.16563912555,10000.0
63170.23252431099,10000.0
63170.29940949642,10000.0
63170.36629468186,10000.0
63170.433179867294,10000.0
63170.50006505273,10000.0
63170.566950238164,10000.0
63170.6338354236,10000.0
63170.700720609035,10000.0
63170.76760579447,10000.0
63170.834490979905,10000.0
63170.90137616534,10000.0
63170.968261350776,10000.0
63171.03514653621,10000.0
63171.102031721646,10000.0
63171.16891690708,10000.0
63171.23580209252,10000.0
63171.30268727795,10000.0
63171.36957246339,10000.0
63171.43645764882,10000.0
63171.50334283426,10000.0
63171.57022801969,10000.0
63171.63711320513,10000.0
63171.70399839056,10000.0
63171.770883576,10000.0
63171.837768761434,10000.0
63171.90465394687,10000.0
63171.971539132304,10000.0
63172.03842431774,10000.0
63172.105309503175,10000.0
63172.17219468861,10000.0
63172.239079874045,10000.0
63172.30596505948,10000.0
63172.372850244916,10000.0
63172.43973543035,10000.0
63172.506620615786,10000.0
63172.57350580122,10000.0
63172.64039098666,10000.0
63172.70727617209,10000.0
63172.77416135753,10000.0
63172.84104654296,10000.0
63172.9079317284,10000.0
63172.97481691383,10000.0
63173.04170209927,10000.0
63173.1085872847,10000.0
63173.17547247014,10000.0
63173.242357655574,10000.0
63173.30924284101,10000.0
63173.376128026444,10000.0
63173.44301321188,10000.0
63173.509898397315,10000.0
63173.57678358275,10000.0
63173.643668768185,10000.0
63173.71055395362,10000.0
63173.777439139056,10000.0
63173.84432432449,10000.0
63173.911209509926,10000.0
63173.97809469536,10000.0
63174.0449798808,10000.0
63174.11186506623,10000.0
63174.17875025167,10000.0
63174.2456354371,10000.0
63174.31252062254,10000.0
63174.37940580797,10000.0
63174.44629099341,10000.0
63174.51317617884,10000.0
63174.58006136428,10000.0
63174.646946549714,10000.0
63174.71383173515,10000.0
63174.78071692059,10000.0
63174.84760210603,10000.0
63174.91448729146,10000.0
63174.9813724769,10000.0
63175.04825766233,10000.0
63175.11514284777,10000.0
63175.1820280332,10000.0
63175.24891321864,10000.0
63175.31579840407,10000.0
63175.38268358951,10000.0
63175.449568774944,10000.0
63175.51645396038,10000.0
63175.583339145815,10000.0
63175.65022433125,10000.0
63175.717109516685,10000.0
63175.78399470212,10000.0
63175.850879887555,10000.0
63175.91776507299,10000.0
63175.984650258426,10000.0
63176.05153544386,10000.0
63176.1184206293,10000.0
63176.18530581473,10000.0
63176.25219100017,10000.0
63176.3190761856,10000.0
63176.38596137104,10000.0
63176.45284655647,10000.0
63176.51973174191,10000.0
63176.58661692734,10000.0
63176.65350211278,10000.0
63176.72038729821,10000.0
63176.78727248365,10000.0
63176.854157669084,10000.0
63176.92104285452,10000.0
63176.987928039955,10000.0
63177.05481322539,10000.0
63177.121698410825,10000.0
63177.18858359626,10000.0
63177.255468781696,10000.0
63177.32235396713,10000.0
63177.389239152566,10000.0
63177.456124338,10000.0
63177.52300952344,10000.0
63177.58989470887,10000.0
63177.65677989431,10000.0
63177.72366507974,10000.0
63177.79055026518,10000.0
63177.85743545061,10000.0
63177.92432063605,10000.0
63177.99120582148,10000.0
63178.05809100692,10000.0
63178.124976192354,10000.0
63178.19186137779,10000.0
63178.258746563224,10000.0
63178.32563174866,10000.0
63178.392516934095,10000.0
63178.45940211953,10000.0
63178.526287304965,10000.0
63178.5931724904,10000.0
63178.660057675836,10000.0
63178.72694286127,10000.0
63178.793828046706,10000.0
63178.86071323214,10000.0
63178.92759841758,10000.0
63178.99448360301,10000.0
63179.06136878845,10000.0
63179.12825397388,10000.0
63179.19513915932,10000.0
63179.26202434475,10000.0
63179.32890953019,10000.0
63179.39579471562,10000.0
63179.46267990106,10000.0
63179.529565086494,10000.0
63179.59645027193,10000.0
63179.663335457364,10000.0
63179.7302206428,10000.0
63179.797105828235,10000.0
63179.86399101367,10000.0
63179.930876199105,10000.0
63179.99776138454,10000.0
63180.064646569976,10000.0
63180.13153175541,10000.0
63180.198416940846,10000.0
63180.26530212628,10000.0
63180.33218731172,10000.0
63180.39907249715,10000.0
63180.46595768259,10000.0
63180.53284286802,10000.0
63180.59972805346,10000.0
63180.66661323889,10000.0
63180.73349842433,10000.0
63180.80038360976,10000.0
63180.8672687952,10000.0
63180.934153980634,10000.0
63181.00103916607,10000.0
63181.067924351504,10000.0
63181.13480953694,10000.0
63181.201694722375,10000.0
63181.26857990781,10000.0
63181.335465093245,10000.0
63181.40235027868,10000.0
63181.469235464116,10000.0
63181.53612064955,10000.0
63181.603005834986,10000.0
63181.66989102042,10000.0
63181.73677620586,10000.0
63181.80366139129,10000.0
63181.87054657673,10000.0
63181.93743176216,10000.0
63182.0043169476,10000.0
63182.07120213303,10000.0
63182.13808731847,10000.0
63182.2049725039,10000.0
63182.27185768934,10000.0
63182.338742874774,10000.0
63182.40562806021,10000.0
63182.472513245644,10000.0
63182.53939843108,10000.0
63182.606283616515,10000.0
63182.67316880195,10000.0
63182.740053987385,10000.0
63182.80693917282,10000.0
63182.873824358256,10000.0
63182.94070954369,10000.0
63183.007594729126,10000.0
63183.07447991456,10000.0
63183.1413651,10000.0
63183.20825028543,10000.0
63183.27513547087,10000.0
63183.3420206563,10000.0
63183.40890584174,10000.0
63183.47579102717,10000.0
63183.54267621261,10000.0
63183.60956139804,10000.0
63183.67644658348,10000.0
63183.743331768914,10000.0
63183.81021695435,10000.0
63183.877102139784,10000.0
63183.94398732522,10000.0
63184.010872510655,10000.0
63184.0777576961,10000.0
63184.14464288153,10000.0
63184.21152806697,10000.0
63184.2784132524,10000.0
63184.34529843784,10000.0
63184.41218362327,10000.0
63184.47906880871,10000.0
63184.545953994144,10000.0
63184.61283917958,10000.0
63184.679724365014,10000.0
63184.74660955045,10000.0
63184.813494735885,10000.0
63184.88037992132,10000.0
63184.947265106755,10000.0
63185.01415029219,10000.0
63185.081035477626,10000.0
63185.14792066306,10000.0
63185.214805848496,10000.0
63185.28169103393,10000.0
63185.34857621937,10000.0
63185.4154614048,10000.0
63185.48234659024,10000.0
63185.54923177567,10000.0
63185.61611696111,10000.0
63185.68300214654,10000.0
63185.74988733198,10000.0
63185.81677251741,10000.0
63185.88365770285,10000.0
63185.950542888284,10000.0
63186.01742807372,10000.0
63186.084313259154,10000.0
63186.15119844459,10000.0
63186.218083630025,10000.0
63186.28496881546,10000.0
63186.351854000895,10000.0
63186.41873918633,10000.0
63186.485624371766,10000.0
63186.5525095572,10000.0
63186.619394742636,10000.0
63186.68627992807,10000.0
63186.75316511351,10000.0
63186.82005029894,10000.0
63186.88693548438,10000.0
63186.95382066981,10000.0
63187.02070585525,10000.0
63187.08759104068,10000.0
63187.15447622612,10000.0
63187.22136141155,10000.0
63187.28824659699,10000.0
63187.355131782424,10000.0
63187.42201696786,10000.0
63187.488902153294,10000.0
63187.55578733873,10000.0
63187.622672524165,10000.0
63187.6895577096,10000.0
63187.756442895035,10000.0
63187.82332808047,10000.0
63187.890213265906,10000.0
63187.95709845134,10000.0
63188.02398363678,10000.0
63188.09086882221,10000.0
63188.15775400765,10000.0
63188.22463919308,10000.0
63188.29152437852,10000.0
63188.35840956395,10000.0
63188.42529474939,10000.0
63188.49217993482,10000.0
63188.55906512026,10000.0
63188.62595030569,10000.0
63188.69283549113,10000.0
63188.759720676564,10000.0
63188.826605862,10000.0
63188.893491047435,10000.0
63188.96037623287,10000.0
63189.027261418305,10000.0
63189.09414660374,10000.0
63189.161031789175,10000.0
63189.22791697461,10000.0
63189.294802160046,10000.0
63189.36168734548,10000.0
63189.42857253092,10000.0
63189.49545771635,10000.0
63189.56234290179,10000.0
63189.62922808722,10000.0
63189.69611327266,10000.0
63189.76299845809,10000.0
63189.82988364353,10000.0
63189.89676882896,10000.0
63189.9636540144,10000.0
63190.03053919983,10000.0
63190.09742438527,10000.0
63190.164309570704,10000.0
63190.23119475614,10000.0
63190.298079941575,10000.0
63190.36496512701,10000.0
63190.431850312445,10000.0
63190.49873549788,10000.0
63190.565620683316,10000.0
63190.63250586875,10000.0
63190.699391054186,10000.0
63190.76627623962,10000.0
63190.83316142506,10000.0
63190.90004661049,10000.0
63190.96693179593,10000.0
63191.03381698136,10000.0
63191.1007021668,10000.0
63191.16758735223,10000.0
63191.23447253767,10000.0
63191.3013577231,10000.0
63191.36824290854,10000.0
63191.43512809397,10000.0
63191.50201327941,10000.0
63191.568898464844,10000.0
63191.63578365028,10000.0
63191.702668835715,10000.0
63191.76955402115,10000.0
63191.836439206585,10000.0
63191.90332439202,10000.0
63191.970209577456,10000.0
63192.03709476289,10000.0
63192.103979948326,10000.0
63192.17086513376,10000.0
63192.2377503192,10000.0
63192.30463550463,10000.0
63192.37152069007,10000.0
63192.4384058755,10000.0
63192.50529106094,10000.0
63192.57217624637,10000.0
63192.63906143181,10000.0
63192.70594661724,10000.0
63192.77283180268,10000.0
63192.839716988114,10000.0
63192.90660217355,10000.0
63192.973487358984,10000.0
63193.04037254442,10000.0
63193.107257729855,10000.0
63193.17414291529,10000.0
63193.24102810073,10000.0
63193.30791328617,10000.0
63193.3747984716,10000.0
63193.44168365704,10000.0
63193.50856884247,10000.0
63193.57545402791,10000.0
63193.642339213344,10000.0
63193.70922439878,10000.0
63193.776109584214,10000.0
63193.84299476965,10000.0
63193.909879955085,10000.0
63193.97676514052,10000.0
63194.043650325955,10000.0
63194.11053551139,10000.0
63194.177420696826,10000.0
63194.24430588226,10000.0
63194.311191067696,10000.0
63194.37807625313,10000.0
63194.44496143857,10000.0
63194.511846624,10000.0
63194.57873180944,10000.0
63194.64561699487,10000.0
63194.71250218031,10000.0
63194.77938736574,10000.0
63194.84627255118,10000.0
63194.91315773661,10000.0
63194.98004292205,10000.0
63195.046928107484,10000.0
63195.11381329292,10000.0
63195.180698478354,10000.0
63195.24758366379,10000.0
63195.314468849225,10000.0
63195.38135403466,10000.0
63195.448239220095,10000.0
63195.51512440553,10000.0
63195.582009590966,10000.0
63195.6488947764,10000.0
63195.715779961836,10000.0
63195.78266514727,10000.0
63195.84955033271,10000.0
63195.91643551814,10000.0
63195.98332070358,10000.0
63196.05020588901,10000.0
63196.11709107445,10000.0
63196.18397625988,10000.0
63196.25086144532,10000.0
63196.31774663075,10000.0
63196.38463181619,10000.0
63196.451517001624,10000.0
63196.51840218706,10000.0
63196.585287372494,10000.0
63196.65217255793,10000.0
63196.719057743365,10000.0
63196.7859429288,10000.0
63196.852828114235,10000.0
63196.91971329967,10000.0
63196.986598485106,10000.0
63197.05348367054,10000.0
63197.120368855976,10000.0
63197.18725404141,10000.0
63197.25413922685,10000.0
63197.32102441228,10000.0
63197.38790959772,10000.0
63197.45479478315,10000.0
63197.52167996859,10000.0
63197.58856515402,10000.0
63197.65545033946,10000.0
63197.72233552489,10000.0
63197.78922071033,10000.0
63197.856105895764,10000.0
63197.9229910812,10000.0
63197.989876266634,10000.0
63198.05676145207,10000.0
63198.123646637505,10000.0
63198.19053182294,10000.0
63198.257417008375,10000.0
63198.32430219381,10000.0
63198.391187379246,10000.0
63198.45807256468,10000.0
63198.524957750116,10000.0
63198.59184293555,10000.0
63198.65872812099,10000.0
63198.72561330642,10000.0
63198.79249849186,10000.0
63198.85938367729,10000.0
63198.92626886273,10000.0
63198.99315404816,10000.0
63199.0600392336,10000.0
63199.12692441903,10000.0
63199.19380960447,10000.0
63199.260694789904,10000.0
63199.32757997534,10000.0
63199.394465160774,10000.0
63199.46135034621,10000.0
63199.528235531645,10000.0
63199.59512071708,10000.0
63199.662005902515,10000.0
63199.72889108795,10000.0
63199.795776273386,10000.0
63199.86266145882,10000.0
63199.929546644256,10000.0
63199.99643182969,10000.0
63200.06331701513,10000.0
63200.13020220056,10000.0
63200.197087386,10000.0
63200.26397257143,10000.0
63200.33085775687,10000.0
63200.3977429423,10000.0
63200.46462812774,10000.0
63200.53151331317,10000.0
63200.59839849861,10000.0
63200.665283684044,10000.0
63200.73216886948,10000.0
63200.799054054914,10000.0
63200.86593924035,10000.0
63200.932824425785,10000.0
63200.99970961122,10000.0
63201.066594796655,10000.0
63201.13347998209,10000.0
63201.200365167526,10000.0
63201.26725035296,10000.0
63201.3341355384,10000.0
63201.40102072383,10000.0
63201.46790590927,10000.0
63201.5347910947,10000.0
63201.60167628014,10000.0
63201.66856146557,10000.0
63201.73544665101,10000.0
63201.80233183644,10000.0
63201.86921702188,10000.0
63201.93610220731,10000.0
63202.00298739275,10000.0
63202.069872578184,10000.0
63202.13675776362,10000.0
63202.203642949054,10000.0
63202.27052813449,10000.0
63202.337413319925,10000.0
63202.40429850536,10000.0
63202.471183690795,10000.0
63202.53806887624,10000.0
63202.60495406167,10000.0
63202.67183924711,10000.0
63202.738724432544,10000.0
63202.80560961798,10000.0
63202.872494803414,10000.0
63202.93937998885,10000.0
63203.006265174285,10000.0
63203.07315035972,10000.0
63203.140035545155,10000.0
63203.20692073059,10000.0
63203.273805916026,10000.0
63203.34069110146,10000.0
63203.407576286896,10000.0
63203.47446147233,10000.0
63203.54134665777,10000.0
63203.6082318432,10000.0
63203.67511702864,10000.0
63203.74200221407,10000.0
63203.80888739951,10000.0
63203.87577258494,10000.0
63203.94265777038,10000.0
63204.00954295581,10000.0
63204.07642814125,10000.0
63204.143313326684,10000.0
63204.21019851212,10000.0
63204.277083697554,10000.0
63204.34396888299,10000.0
63204.410854068425,10000.0
63204.47773925386,10000.0
63204.544624439295,10000.0
63204.61150962473,10000.0
63204.678394810166,10000.0
63204.7452799956,10000.0
63204.812165181036,10000.0
63204.87905036647,10000.0
63204.94593555191,10000.0
63205.01282073734,10000.0
63205.07970592278,10000.0
63205.14659110821,10000.0
63205.21347629365,10000.0
63205.28036147908,10000.0
63205.34724666452,10000.0
63205.41413184995,10000.0
63205.48101703539,10000.0
63205.547902220824,10000.0
63205.61478740626,10000.0
63205.681672591694,10000.0
63205.74855777713,10000.0
63205.815442962565,10000.0
63205.882328148,10000.0
63205.949213333435,10000.0
63206.01609851887,10000.0
63206.082983704306,10000.0
63206.14986888974,10000.0
63206.216754075176,10000.0
63206.28363926061,10000.0
63206.35052444605,10000.0
63206.41740963148,10000.0
63206.48429481692,10000.0
63206.55118000235,10000.0
63206.61806518779,10000.0
63206.68495037322,10000.0
63206.75183555866,10000.0
63206.81872074409,10000.0
63206.88560592953,10000.0
63206.952491114964,10000.0
63207.0193763004,10000.0
63207.086261485834,10000.0
63207.15314667127,10000.0
63207.220031856705,10000.0
63207.28691704214,10000.0
63207.353802227575,10000.0
63207.42068741301,10000.0
63207.487572598446,10000.0
63207.55445778388,10000.0
63207.621342969316,10000.0
63207.68822815475,10000.0
63207.75511334019,10000.0
63207.82199852562,10000.0
63207.88888371106,10000.0
63207.95576889649,10000.0
63208.02265408193,10000.0
63208.08953926736,10000.0
63208.1564244528,10000.0
63208.22330963823,10000.0
63208.29019482367,10000.0
63208.357080009104,10000.0
63208.42396519454,10000.0
63208.490850379974,10000.0
63208.55773556541,10000.0
63208.624620750845,10000.0
63208.69150593628,10000.0
63208.758391121715,10000.0
63208.82527630715,10000.0
63208.892161492586,10000.0
63208.95904667802,10000.0
63209.025931863456,10000.0
63209.09281704889,10000.0
63209.15970223433,10000.0
63209.22658741976,10000.0
63209.2934726052,10000.0
63209.36035779063,10000.0
63209.42724297607,10000.0
63209.4941281615,10000.0
63209.56101334694,10000.0
63209.62789853237,10000.0
63209.69478371781,10000.0
63209.761668903244,10000.0
63209.82855408868,10000.0
63209.895439274114,10000.0
63209.96232445955,10000.0
63210.029209644985,10000.0
63210.09609483042,10000.0
63210.162980015855,10000.0
63210.22986520129,10000.0
63210.296750386726,10000.0
63210.36363557216,10000.0
63210.430520757596,10000.0
63210.49740594303,10000.0
63210.56429112847,10000.0
63210.6311763139,10000.0
63210.69806149934,10000.0
63210.76494668477,10000.0
63210.83183187021,10000.0
63210.89871705564,10000.0
63210.96560224108,10000.0
63211.03248742651,10000.0
63211.09937261195,10000.0
63211.166257797384,10000.0
63211.23314298282,10000.0
63211.300028168254,10000.0
63211.36691335369,10000.0
63211.433798539125,10000.0
63211.50068372456,10000.0
63211.567568909995,10000.0
63211.63445409543,10000.0
63211.70133928087,10000.0
63211.76822446631,10000.0
63211.83510965174,10000.0
63211.90199483718,10000.0
63211.968880022614,10000.0
63212.03576520805,10000.0
63212.102650393485,10000.0
63212.16953557892,10000.0
63212.236420764355,10000.0
63212.30330594979,10000.0
63212.370191135225,10000.0
63212.43707632066,10000.0
63212.503961506096,10000.0
63212.57084669153,10000.0
63212.63773187697,10000.0
63212.7046170624,10000.0
63212.77150224784,10000.0
63212.83838743327,10000.0
63212.90527261871,10000.0
63212.97215780414,10000.0
63213.03904298958,10000.0
63213.10592817501,10000.0
63213.17281336045,10000.0
63213.23969854588,10000.0
63213.30658373132,10000.0
63213.373468916754,10000.0
63213.44035410219,10000.0
63213.507239287625,10000.0
63213.57412447306,10000.0
63213.641009658495,10000.0
63213.70789484393,10000.0
63213.774780029366,10000.0
63213.8416652148,10000.0
63213.908550400236,10000.0
63213.97543558567,10000.0
63214.04232077111,10000.0
63214.10920595654,10000.0
63214.17609114198,10000.0
63214.24297632741,10000.0
63214.30986151285,10000.0
63214.37674669828,10000.0
63214.44363188372,10000.0
63214.51051706915,10000.0
63214.57740225459,10000.0
63214.64428744002,10000.0
63214.71117262546,10000.0
63214.778057810894,10000.0
63214.84494299633,10000.0
63214.911828181765,10000.0
63214.9787133672,10000.0
63215.045598552635,10000.0
63215.11248373807,10000.0
63215.179368923506,10000.0
63215.24625410894,10000.0
63215.313139294376,10000.0
63215.38002447981,10000.0
63215.44690966525,10000.0
63215.51379485068,10000.0
63215.58068003612,10000.0
63215.64756522155,10000.0
63215.71445040699,10000.0
63215.78133559242,10000.0
63215.84822077786,10000.0
63215.91510596329,10000.0
63215.98199114873,10000.0
63216.048876334164,10000.0
63216.1157615196,10000.0
63216.182646705034,10000.0
63216.24953189047,10000.0
63216.316417075905,10000.0
63216.38330226134,10000.0
63216.450187446775,10000.0
63216.51707263221,10000.0
63216.583957817646,10000.0
63216.65084300308,10000.0
63216.717728188516,10000.0
63216.78461337395,10000.0
63216.85149855939,10000.0
63216.91838374482,10000.0
63216.98526893026,10000.0
63217.05215411569,10000.0
63217.11903930113,10000.0
63217.18592448656,10000.0
63217.252809672,10000.0
63217.31969485743,10000.0
63217.38658004287,10000.0
63217.453465228304,10000.0
63217.52035041374,10000.0
63217.587235599174,10000.0
63217.65412078461,10000.0
63217.721005970045,10000.0
63217.78789115548,10000.0
63217.854776340915,10000.0
63217.92166152635,10000.0
63217.988546711786,10000.0
63218.05543189722,10000.0
63218.122317082656,10000.0
63218.18920226809,10000.0
63218.25608745353,10000.0
63218.32297263896,10000.0
63218.3898578244,10000.0
63218.45674300983,10000.0
63218.52362819527,10000.0
63218.5905133807,10000.0
63218.65739856614,10000.0
63218.72428375157,10000.0
63218.79116893701,10000.0
63218.858054122444,10000.0
63218.92493930788,10000.0
63218.991824493314,10000.0
63219.05870967875,10000.0
63219.125594864185,10000.0
63219.19248004962,10000.0
63219.259365235055,10000.0
63219.32625042049,10000.0
63219.393135605926,10000.0
63219.46002079136,10000.0
63219.526905976796,10000.0
63219.59379116223,10000.0
63219.66067634767,10000.0
63219.7275615331,10000.0
63219.79444671854,10000.0
63219.86133190397,10000.0
63219.92821708941,10000.0
63219.99510227484,10000.0
63220.06198746028,10000.0
63220.12887264571,10000.0
63220.19575783115,10000.0
63220.262643016584,10000.0
63220.32952820202,10000.0
63220.396413387454,10000.0
63220.46329857289,10000.0
63220.530183758325,10000.0
63220.59706894376,10000.0
63220.663954129195,10000.0
63220.73083931463,10000.0
63220.797724500066,10000.0
63220.8646096855,10000.0
63220.931494870936,10000.0
63220.99838005638,10000.0
63221.065265241814,10000.0
63221.13215042725,10000.0
63221.199035612684,10000.0
63221.26592079812,10000.0
63221.332805983555,10000.0
63221.39969116899,10000.0
63221.466576354425,10000.0
63221.53346153986,10000.0
63221.600346725296,10000.0
63221.66723191073,10000.0
63221.734117096166,10000.0
63221.8010022816,10000.0
63221.86788746704,10000.0
63221.93477265247,10000.0
63222.00165783791,10000.0
63222.06854302334,10000.0
63222.13542820878,10000.0
63222.20231339421,10000.0
63222.26919857965,10000.0
63222.33608376508,10000.0
63222.40296895052,10000.0
63222.469854135954,10000.0
63222.53673932139,10000.0
63222.603624506824,10000.0
63222.67050969226,10000.0
63222.737394877695,10000.0
63222.80428006313,10000.0
63222.871165248565,10000.0
63222.938050434,10000.0
63223.004935619436,10000.0
63223.07182080487,10000.0
63223.138705990306,10000.0
63223.20559117574,10000.0
63223.27247636118,10000.0
63223.33936154661,10000.0
63223.40624673205,10000.0
63223.47313191748,10000.0
63223.54001710292,10000.0
63223.60690228835,10000.0
63223.67378747379,10000.0
63223.74067265922,10000.0
63223.80755784466,10000.0
63223.874443030094,10000.0
63223.94132821553,10000.0
63224.008213400964,10000.0
63224.0750985864,10000.0
63224.141983771835,10000.0
63224.20886895727,10000.0
63224.275754142705,10000.0
63224.34263932814,10000.0
63224.409524513576,10000.0
63224.47640969901,10000.0
63224.54329488445,10000.0
63224.61018006988,10000.0
63224.67706525532,10000.0
63224.74395044075,10000.0
63224.81083562619,10000.0
63224.87772081162,10000.0
63224.94460599706,10000.0
63225.01149118249,10000.0
63225.07837636793,10000.0
63225.14526155336,10000.0
63225.2121467388,10000.0
63225.279031924234,10000.0
63225.34591710967,10000.0
63225.412802295104,10000.0
63225.47968748054,10000.0
63225.546572665975,10000.0
63225.61345785141,10000.0
63225.680343036845,10000.0
63225.74722822228,10000.0
63225.814113407716,10000.0
63225.88099859315,10000.0
63225.94788377859,10000.0
63226.01476896402,10000.0
63226.08165414946,10000.0
63226.14853933489,10000.0
63226.21542452033,10000.0
63226.28230970576,10000.0
63226.3491948912,10000.0
63226.41608007663,10000.0
63226.48296526207,10000.0
63226.5498504475,10000.0
63226.61673563294,10000.0
63226.683620818374,10000.0
63226.75050600381,10000.0
63226.817391189245,10000.0
63226.88427637468,10000.0
63226.951161560115,10000.0
63227.01804674555,10000.0
63227.084931930985,10000.0
63227.15181711642,10000.0
63227.218702301856,10000.0
63227.28558748729,10000.0
63227.35247267273,10000.0
63227.41935785816,10000.0
63227.4862430436,10000.0
63227.55312822903,10000.0
63227.62001341447,10000.0
63227.6868985999,10000.0
63227.75378378534,10000.0
63227.82066897077,10000.0
63227.88755415621,10000.0
63227.95443934164,10000.0
63228.02132452708,10000.0
63228.088209712514,10000.0
63228.15509489795,10000.0
63228.221980083385,10000.0
63228.28886526882,10000.0
63228.355750454255,10000.0
63228.42263563969,10000.0
63228.489520825126,10000.0
63228.55640601056,10000.0
63228.623291195996,10000.0
63228.69017638143,10000.0
63228.75706156687,10000.0
63228.8239467523,10000.0
63228.89083193774,10000.0
63228.95771712317,10000.0
63229.02460230861,10000.0
63229.09148749404,10000.0
63229.15837267948,10000.0
63229.22525786491,10000.0
63229.29214305035,10000.0
63229.35902823578,10000.0
63229.42591342122,10000.0
63229.492798606654,10000.0
63229.55968379209,10000.0
63229.626568977525,10000.0
63229.69345416296,10000.0
63229.760339348395,10000.0
63229.82722453383,10000.0
63229.894109719266,10000.0
63229.9609949047,10000.0
63230.027880090136,10000.0
63230.09476527557,10000.0
63230.161650461014,10000.0
63230.22853564645,10000.0
63230.295420831884,10000.0
63230.36230601732,10000.0
63230.429191202755,10000.0
63230.49607638819,10000.0
63230.562961573625,10000.0
63230.62984675906,10000.0
63230.696731944496,10000.0
63230.76361712993,10000.0
63230.830502315366,10000.0
63230.8973875008,10000.0
63230.96427268624,10000.0
63231.03115787167,10000.0
63231.09804305711,10000.0
63231.16492824254,10000.0
63231.23181342798,10000.0
63231.29869861341,10000.0
63231.36558379885,10000.0
63231.43246898428,10000.0
63231.49935416972,10000.0
63231.566239355154,10000.0
63231.63312454059,10000.0
63231.700009726024,10000.0
63231.76689491146,10000.0
63231.833780096895,10000.0
63231.90066528233,10000.0
63231.967550467765,10000.0
63232.0344356532,10000.0
63232.101320838636,10000.0
63232.16820602407,10000.0
63232.235091209506,10000.0
63232.30197639494,10000.0
63232.36886158038,10000.0
63232.43574676581,10000.0
63232.50263195125,10000.0
63232.56951713668,10000.0
63232.63640232212,10000.0
63232.70328750755,10000.0
63232.77017269299,10000.0
63232.83705787842,10000.0
63232.90394306386,10000.0
63232.970828249294,10000.0
63233.03771343473,10000.0
63233.104598620164,10000.0
63233.1714838056,10000.0
63233.238368991035,10000.0
63233.30525417647,10000.0
63233.372139361905,10000.0
63233.43902454734,10000.0
63233.505909732776,10000.0
63233.57279491821,10000.0
63233.639680103646,10000.0
63233.70656528908,10000.0
63233.77345047452,10000.0
63233.84033565995,10000.0
63233.90722084539,10000.0
63233.97410603082,10000.0
63234.04099121626,10000.0
63234.10787640169,10000.0
63234.17476158713,10000.0
63234.24164677256,10000.0
63234.308531958,10000.0
63234.375417143434,10000.0
63234.44230232887,10000.0
63234.509187514304,10000.0
63234.57607269974,10000.0
63234.642957885175,10000.0
63234.70984307061,10000.0
63234.776728256045,10000.0
63234.84361344148,10000.0
63234.910498626916,10000.0
63234.97738381235,10000.0
63235.044268997786,10000.0
63235.11115418322,10000.0
63235.17803936866,10000.0
63235.24492455409,10000.0
63235.31180973953,10000.0
63235.37869492496,10000.0
63235.4455801104,10000.0
63235.51246529583,10000.0
63235.57935048127,10000.0
63235.6462356667,10000.0
63235.71312085214,10000.0
63235.780006037574,10000.0
63235.84689122301,10000.0
63235.913776408444,10000.0
63235.98066159388,10000.0
63236.047546779315,10000.0
63236.11443196475,10000.0
63236.181317150185,10000.0
63236.24820233562,10000.0
63236.315087521056,10000.0
63236.38197270649,10000.0
63236.448857891926,10000.0
63236.51574307736,10000.0
63236.5826282628,10000.0
63236.64951344823,10000.0
63236.71639863367,10000.0
63236.7832838191,10000.0
63236.85016900454,10000.0
63236.91705418997,10000.0
63236.98393937541,10000.0
63237.05082456084,10000.0
63237.11770974628,10000.0
63237.184594931714,10000.0
63237.25148011715,10000.0
63237.318365302584,10000.0
63237.38525048802,10000.0
63237.452135673455,10000.0
63237.51902085889,10000.0
63237.585906044325,10000.0
63237.65279122976,10000.0
63237.719676415196,10000.0
63237.78656160063,10000.0
63237.853446786066,10000.0
63237.9203319715,10000.0
63237.98721715694,10000.0
63238.05410234237,10000.0
63238.12098752781,10000.0
63238.18787271324,10000.0
63238.25475789868,10000.0
63238.32164308411,10000.0
63238.38852826955,10000.0
63238.45541345498,10000.0
63238.52229864042,10000.0
63238.589183825854,10000.0
63238.65606901129,10000.0
63238.722954196724,10000.0
63238.78983938216,10000.0
63238.856724567595,10000.0
63238.92360975303,10000.0
63238.990494938465,10000.0
63239.0573801239,10000.0
63239.124265309336,10000.0
63239.19115049477,10000.0
63239.25803568021,10000.0
63239.32492086564,10000.0
63239.39180605108,10000.0
63239.45869123652,10000.0
63239.525576421955,10000.0
63239.59246160739,10000.0
63239.659346792825,10000.0
63239.72623197826,10000.0
63239.793117163696,10000.0
63239.86000234913,10000.0
63239.926887534566,10000.0
63239.99377272,10000.0
63240.06065790544,10000.0
63240.12754309087,10000.0
63240.19442827631,10000.0
63240.26131346174,10000.0
63240.32819864718,10000.0
63240.39508383261,10000.0
63240.46196901805,10000.0
63240.52885420348,10000.0
63240.59573938892,10000.0
63240.662624574354,10000.0
63240.72950975979,10000.0
63240.796394945224,10000.0
63240.86328013066,10000.0
63240.930165316095,10000.0
63240.99705050153,10000.0
63241.063935686965,10000.0
63241.1308208724,10000.0
63241.197706057836,10000.0
63241.26459124327,10000.0
63241.331476428706,10000.0
63241.39836161414,10000.0
63241.46524679958,10000.0
63241.53213198501,10000.0
63241.59901717045,10000.0
63241.66590235588,10000.0
63241.73278754132,10000.0
63241.79967272675,10000.0
63241.86655791219,10000.0
63241.93344309762,10000.0
63242.00032828306,10000.0
63242.067213468494,10000.0
63242.13409865393,10000.0
63242.200983839364,10000.0
63242.2678690248,10000.0
63242.334754210235,10000.0
63242.40163939567,10000.0
63242.468524581105,10000.0
63242.53540976654,10000.0
63242.602294951976,10000.0
63242.66918013741,10000.0
63242.736065322846,10000.0
63242.80295050828,10000.0
63242.86983569372,10000.0
63242.93672087915,10000.0
63243.00360606459,10000.0
63243.07049125002,10000.0
63243.13737643546,10000.0
63243.20426162089,10000.0
63243.27114680633,10000.0
63243.33803199176,10000.0
63243.4049171772,10000.0
63243.471802362634,10000.0
63243.53868754807,10000.0
63243.605572733504,10000.0
63243.67245791894,10000.0
63243.739343104375,10000.0
63243.80622828981,10000.0
63243.873113475245,10000.0
63243.93999866068,10000.0
63244.006883846116,10000.0
63244.07376903155,10000.0
63244.140654216986,10000.0
63244.20753940242,10000.0
63244.27442458786,10000.0
63244.34130977329,10000.0
63244.40819495873,10000.0
63244.47508014416,10000.0
63244.5419653296,10000.0
63244.60885051503,10000.0
63244.67573570047,10000.0
63244.7426208859,10000.0
63244.80950607134,10000.0
63244.876391256774,10000.0
63244.94327644221,10000.0
63245.010161627644,10000.0
63245.07704681308,10000.0
63245.143931998515,10000.0
63245.21081718395,10000.0
63245.277702369385,10000.0
63245.34458755482,10000.0
63245.411472740256,10000.0
63245.47835792569,10000.0
63245.545243111126,10000.0
63245.61212829656,10000.0
63245.679013482,10000.0
63245.74589866743,10000.0
63245.81278385287,10000.0
63245.8796690383,10000.0
63245.94655422374,10000.0
63246.01343940917,10000.0
63246.08032459461,10000.0
63246.14720978004,10000.0
63246.21409496548,10000.0
63246.280980150914,10000.0
63246.34786533635,10000.0
63246.414750521784,10000.0
63246.48163570722,10000.0
63246.548520892655,10000.0
63246.61540607809,10000.0
63246.682291263525,10000.0
63246.74917644896,10000.0
63246.816061634396,10000.0
63246.88294681983,10000.0
63246.949832005266,10000.0
63247.0167171907,10000.0
63247.08360237614,10000.0
63247.15048756157,10000.0
63247.21737274701,10000.0
63247.28425793244,10000.0
63247.35114311788,10000.0
63247.41802830331,10000.0
63247.48491348875,10000.0
63247.55179867418,10000.0
63247.61868385962,10000.0
63247.685569045054,10000.0
63247.75245423049,10000.0
63247.819339415924,10000.0
63247.88622460136,10000.0
63247.953109786795,10000.0
63248.01999497223,10000.0
63248.086880157665,10000.0
63248.1537653431,10000.0
63248.220650528536,10000.0
63248.28753571397,10000.0
63248.354420899406,10000.0
63248.42130608484,10000.0
63248.48819127028,10000.0
63248.55507645571,10000.0
63248.621961641154,10000.0
63248.68884682659,10000.0
63248.755732012025,10000.0
63248.82261719746,10000.0
63248.889502382895,10000.0
63248.95638756833,10000.0
63249.023272753766,10000.0
63249.0901579392,10000.0
63249.15704312464,10000.0
63249.22392831007,10000.0
63249.29081349551,10000.0
63249.35769868094,10000.0
63249.42458386638,10000.0
63249.49146905181,10000.0
63249.55835423725,10000.0
63249.62523942268,10000.0
63249.69212460812,10000.0
63249.75900979355,10000.0
63249.82589497899,10000.0
63249.892780164424,10000.0
63249.95966534986,10000.0
63250.026550535295,10000.0
63250.09343572073,10000.0
63250.160320906165,10000.0
63250.2272060916,10000.0
63250.294091277035,10000.0
63250.36097646247,10000.0
63250.427861647906,10000.0
63250.49474683334,10000.0
63250.56163201878,10000.0
63250.62851720421,10000.0
63250.69540238965,10000.0
63250.76228757508,10000.0
63250.82917276052,10000.0
63250.89605794595,10000.0
63250.96294313139,10000.0
63251.02982831682,10000.0
63251.09671350226,10000.0
63251.16359868769,10000.0
63251.23048387313,10000.0
63251.297369058564,10000.0
63251.364254244,10000.0
63251.431139429435,10000.0
63251.49802461487,10000.0
63251.564909800305,10000.0
63251.63179498574,10000.0
63251.698680171176,10000.0
63251.76556535661,10000.0
63251.832450542046,10000.0
63251.89933572748,10000.0
63251.96622091292,10000.0
63252.03310609835,10000.0
63252.09999128379,10000.0
63252.16687646922,10000.0
63252.23376165466,10000.0
63252.30064684009,10000.0
63252.36753202553,10000.0
63252.43441721096,10000.0
63252.5013023964,10000.0
63252.56818758183,10000.0
63252.63507276727,10000.0
63252.701957952704,10000.0
63252.76884313814,10000.0
63252.835728323575,10000.0
63252.90261350901,10000.0
63252.969498694445,10000.0
63253.03638387988,10000.0
63253.103269065316,10000.0
63253.17015425075,10000.0
63253.237039436186,10000.0
63253.30392462162,10000.0
63253.37080980706,10000.0
63253.43769499249,10000.0
63253.50458017793,10000.0
63253.57146536336,10000.0
63253.6383505488,10000.0
63253.70523573423,10000.0
63253.77212091967,10000.0
63253.8390061051,10000.0
63253.90589129054,10000.0
63253.972776475974,10000.0
63254.03966166141,10000.0
63254.106546846844,10000.0
63254.17343203228,10000.0
63254.240317217715,10000.0
63254.30720240315,10000.0
63254.374087588585,10000.0
63254.44097277402,10000.0
63254.507857959456,10000.0
63254.57474314489,10000.0
63254.641628330326,10000.0
63254.70851351576,10000.0
63254.7753987012,10000.0
63254.84228388663,10000.0
63254.90916907207,10000.0
63254.9760542575,10000.0
63255.04293944294,10000.0
63255.10982462837,10000.0
63255.17670981381,10000.0
63255.24359499924,10000.0
63255.31048018468,10000.0
63255.377365370114,10000.0
63255.44425055555,10000.0
63255.511135740984,10000.0
63255.57802092642,10000.0
63255.644906111855,10000.0
63255.71179129729,10000.0
63255.778676482725,10000.0
63255.84556166816,10000.0
63255.912446853596,10000.0
63255.97933203903,10000.0
63256.046217224466,10000.0
63256.1131024099,10000.0
63256.17998759534,10000.0
63256.24687278077,10000.0
63256.31375796621,10000.0
63256.38064315164,10000.0
63256.44752833708,10000.0
63256.51441352251,10000.0
63256.58129870795,10000.0
63256.64818389338,10000.0
63256.71506907882,10000.0
63256.781954264254,10000.0
63256.84883944969,10000.0
63256.915724635124,10000.0
63256.98260982056,10000.0
63257.049495005995,10000.0
63257.11638019143,10000.0
63257.183265376865,10000.0
63257.2501505623,10000.0
63257.317035747736,10000.0
63257.38392093317,10000.0
63257.450806118606,10000.0
63257.51769130404,10000.0
63257.58457648948,10000.0
63257.65146167491,10000.0
63257.71834686035,10000.0
63257.78523204578,10000.0
63257.85211723122,10000.0
63257.91900241666,10000.0
63257.985887602095,10000.0
63258.05277278753,10000.0
63258.119657972966,10000.0
63258.1865431584,10000.0
63258.253428343836,10000.0
63258.32031352927,10000.0
63258.38719871471,10000.0
63258.45408390014,10000.0
63258.52096908558,10000.0
63258.58785427101,10000.0
63258.65473945645,10000.0
63258.72162464188,10000.0
63258.78850982732,10000.0
63258.85539501275,10000.0
63258.92228019819,10000.0
63258.989165383624,10000.0
63259.05605056906,10000.0
63259.122935754494,10000.0
63259.18982093993,10000.0
63259.256706125365,10000.0
63259.3235913108,10000.0
63259.390476496235,10000.0
63259.45736168167,10000.0
63259.524246867106,10000.0
63259.59113205254,10000.0
63259.658017237976,10000.0
63259.72490242341,10000.0
63259.79178760885,10000.0
63259.85867279428,10000.0
63259.92555797972,10000.0
63259.99244316515,10000.0
63260.05932835059,10000.0
63260.12621353602,10000.0
63260.19309872146,10000.0
63260.25998390689,10000.0
63260.32686909233,10000.0
63260.393754277764,10000.0
63260.4606394632,10000.0
63260.527524648634,10000.0
63260.59440983407,10000.0
63260.661295019505,10000.0
63260.72818020494,10000.0
63260.795065390375,10000.0
63260.86195057581,10000.0
63260.928835761246,10000.0
63260.99572094668,10000.0
63261.062606132116,10000.0
63261.12949131755,10000.0
63261.19637650299,10000.0
63261.26326168842,10000.0
63261.33014687386,10000.0
63261.39703205929,10000.0
63261.46391724473,10000.0
63261.53080243016,10000.0
63261.5976876156,10000.0
63261.66457280103,10000.0
63261.73145798647,10000.0
63261.798343171904,10000.0
63261.86522835734,10000.0
63261.932113542774,10000.0
63261.99899872821,10000.0
63262.065883913645,10000.0
63262.13276909908,10000.0
63262.199654284515,10000.0
63262.26653946995,10000.0
63262.333424655386,10000.0
63262.40030984082,10000.0
63262.46719502626,10000.0
63262.53408021169,10000.0
63262.60096539713,10000.0
63262.66785058256,10000.0
63262.734735768,10000.0
63262.80162095343,10000.0
63262.86850613887,10000.0
63262.9353913243,10000.0
63263.00227650974,10000.0
63263.06916169517,10000.0
63263.13604688061,10000.0
63263.202932066044,10000.0
63263.26981725148,10000.0
63263.336702436914,10000.0
63263.40358762235,10000.0
63263.470472807785,10000.0
63263.53735799322,10000.0
63263.604243178655,10000.0
63263.67112836409,10000.0
63263.738013549526,10000.0
63263.80489873496,10000.0
63263.8717839204,10000.0
63263.93866910583,10000.0
63264.00555429127,10000.0
63264.0724394767,10000.0
63264.13932466214,10000.0
63264.20620984757,10000.0
63264.27309503301,10000.0
63264.33998021844,10000.0
63264.40686540388,10000.0
63264.47375058931,10000.0
63264.54063577475,10000.0
63264.607520960184,10000.0
63264.67440614562,10000.0
63264.741291331055,10000.0
63264.80817651649,10000.0
63264.875061701925,10000.0
63264.94194688736,10000.0
63265.008832072795,10000.0
63265.07571725823,10000.0
63265.142602443666,10000.0
63265.2094876291,10000.0
63265.27637281454,10000.0
63265.34325799997,10000.0
63265.41014318541,10000.0
63265.47702837084,10000.0
63265.54391355628,10000.0
63265.61079874171,10000.0
63265.67768392715,10000.0
63265.74456911258,10000.0
63265.81145429802,10000.0
63265.87833948345,10000.0
63265.94522466889,10000.0
63266.012109854324,10000.0
63266.07899503976,10000.0
63266.145880225195,10000.0
63266.21276541063,10000.0
63266.279650596065,10000.0
63266.3465357815,10000.0
63266.413420966936,10000.0
63266.48030615237,10000.0
63266.547191337806,10000.0
63266.61407652324,10000.0
63266.68096170868,10000.0
63266.74784689411,10000.0
63266.81473207955,10000.0
63266.88161726498,10000.0
63266.94850245042,10000.0
63267.01538763585,10000.0
63267.082272821295,10000.0
63267.14915800673,10000.0
63267.216043192166,10000.0
63267.2829283776,10000.0
63267.349813563036,10000.0
63267.41669874847,10000.0
63267.48358393391,10000.0
63267.55046911934,10000.0
63267.61735430478,10000.0
63267.68423949021,10000.0
63267.75112467565,10000.0
63267.81800986108,10000.0
63267.88489504652,10000.0
63267.95178023195,10000.0
63268.01866541739,10000.0
63268.085550602824,10000.0
63268.15243578826,10000.0
63268.219320973694,10000.0
63268.28620615913,10000.0
63268.353091344565,10000.0
63268.41997653,10000.0
63268.486861715435,10000.0
63268.55374690087,10000.0
63268.620632086306,10000.0
63268.68751727174,10000.0
63268.754402457176,10000.0
63268.82128764261,10000.0
63268.88817282805,10000.0
63268.95505801348,10000.0
63269.02194319892,10000.0
63269.08882838435,10000.0
63269.15571356979,10000.0
63269.22259875522,10000.0
63269.28948394066,10000.0
63269.35636912609,10000.0
63269.42325431153,10000.0
63269.490139496964,10000.0
63269.5570246824,10000.0
63269.623909867834,10000.0
63269.69079505327,10000.0
63269.757680238705,10000.0
63269.82456542414,10000.0
63269.891450609575,10000.0
63269.95833579501,10000.0
63270.025220980446,10000.0
63270.09210616588,10000.0
63270.158991351316,10000.0
63270.22587653675,10000.0
63270.29276172219,10000.0
63270.35964690762,10000.0
63270.42653209306,10000.0
63270.49341727849,10000.0
63270.56030246393,10000.0
63270.62718764936,10000.0
63270.6940728348,10000.0
63270.76095802023,10000.0
63270.82784320567,10000.0
63270.894728391104,10000.0
63270.96161357654,10000.0
63271.028498761974,10000.0
63271.09538394741,10000.0
63271.162269132845,10000.0
63271.22915431828,10000.0
63271.296039503715,10000.0
63271.36292468915,10000.0
63271.429809874586,10000.0
63271.49669506002,10000.0
63271.563580245456,10000.0
63271.63046543089,10000.0
63271.69735061633,10000.0
63271.76423580176,10000.0
63271.8311209872,10000.0
63271.89800617263,10000.0
63271.96489135807,10000.0
63272.0317765435,10000.0
63272.09866172894,10000.0
63272.16554691437,10000.0
63272.23243209981,10000.0
63272.299317285244,10000.0
63272.36620247068,10000.0
63272.433087656114,10000.0
63272.49997284155,10000.0
63272.566858026985,10000.0
63272.63374321242,10000.0
63272.700628397855,10000.0
63272.76751358329,10000.0
63272.834398768726,10000.0
63272.90128395416,10000.0
63272.968169139596,10000.0
63273.03505432503,10000.0
63273.10193951047,10000.0
63273.1688246959,10000.0
63273.23570988134,10000.0
63273.30259506677,10000.0
63273.36948025221,10000.0
63273.43636543764,10000.0
63273.50325062308,10000.0
63273.57013580851,10000.0
63273.63702099395,10000.0
63273.703906179384,10000.0
63273.77079136482,10000.0
63273.837676550254,10000.0
63273.90456173569,10000.0
63273.971446921125,10000.0
63274.03833210656,10000.0
63274.105217291995,10000.0
63274.17210247743,10000.0
63274.238987662866,10000.0
63274.3058728483,10000.0
63274.372758033736,10000.0
63274.43964321917,10000.0
63274.50652840461,10000.0
63274.57341359004,10000.0
63274.64029877548,10000.0
63274.70718396091,10000.0
63274.77406914635,10000.0
63274.84095433178,10000.0
63274.90783951722,10000.0
63274.97472470265,10000.0
63275.04160988809,10000.0
63275.108495073524,10000.0
63275.17538025896,10000.0
63275.242265444394,10000.0
63275.30915062983,10000.0
63275.376035815265,10000.0
63275.4429210007,10000.0
63275.509806186135,10000.0
63275.57669137157,10000.0
63275.643576557006,10000.0
63275.71046174244,10000.0
63275.777346927876,10000.0
63275.84423211331,10000.0
63275.91111729875,10000.0
63275.97800248418,10000.0
63276.04488766962,10000.0
63276.11177285505,10000.0
63276.17865804049,10000.0
63276.24554322592,10000.0
63276.31242841136,10000.0
63276.3793135968,10000.0
63276.446198782236,10000.0
63276.51308396767,10000.0
63276.57996915311,10000.0
63276.64685433854,10000.0
63276.71373952398,10000.0
63276.78062470941,10000.0
63276.84750989485,10000.0
63276.91439508028,10000.0
63276.98128026572,10000.0
63277.04816545115,10000.0
63277.11505063659,10000.0
63277.181935822024,10000.0
63277.24882100746,10000.0
63277.315706192894,10000.0
63277.38259137833,10000.0
63277.449476563765,10000.0
63277.5163617492,10000.0
63277.583246934635,10000.0
63277.65013212007,10000.0
63277.717017305506,10000.0
63277.78390249094,10000.0
63277.850787676376,10000.0
63277.91767286181,10000.0
63277.98455804725,10000.0
63278.05144323268,10000.0
63278.11832841812,10000.0
63278.18521360355,10000.0
63278.25209878899,10000.0
63278.31898397442,10000.0
63278.38586915986,10000.0
63278.45275434529,10000.0
63278.51963953073,10000.0
63278.586524716164,10000.0
63278.6534099016,10000.0
63278.720295087034,10000.0
63278.78718027247,10000.0
63278.854065457905,10000.0
63278.92095064334,10000.0
63278.987835828775,10000.0
63279.05472101421,10000.0
63279.121606199646,10000.0
63279.18849138508,10000.0
63279.255376570516,10000.0
63279.32226175595,10000.0
63279.38914694139,10000.0
63279.45603212682,10000.0
63279.52291731226,10000.0
63279.58980249769,10000.0
63279.65668768313,10000.0
63279.72357286856,10000.0
63279.790458054,10000.0
63279.85734323943,10000.0
63279.92422842487,10000.0
63279.991113610304,10000.0
63280.05799879574,10000.0
63280.124883981174,10000.0
63280.19176916661,10000.0
63280.258654352045,10000.0
63280.32553953748,10000.0
63280.392424722915,10000.0
63280.45930990835,10000.0
63280.526195093786,10000.0
63280.59308027922,10000.0
63280.659965464656,10000.0
63280.72685065009,10000.0
63280.79373583553,10000.0
63280.86062102096,10000.0
63280.9275062064,10000.0
63280.99439139183,10000.0
63281.06127657727,10000.0
63281.1281617627,10000.0
63281.19504694814,10000.0
63281.26193213357,10000.0
63281.32881731901,10000.0
63281.395702504444,10000.0
63281.46258768988,10000.0
63281.529472875314,10000.0
63281.59635806075,10000.0
63281.663243246185,10000.0
63281.73012843162,10000.0
63281.797013617055,10000.0
63281.86389880249,10000.0
63281.930783987926,10000.0
63281.99766917336,10000.0
63282.064554358796,10000.0
63282.13143954423,10000.0
63282.19832472967,10000.0
63282.2652099151,10000.0
63282.33209510054,10000.0
63282.39898028597,10000.0
63282.46586547141,10000.0
63282.53275065684,10000.0
63282.59963584228,10000.0
63282.66652102771,10000.0
63282.73340621315,10000.0
63282.800291398584,10000.0
63282.86717658402,10000.0
63282.934061769454,10000.0
63283.00094695489,10000.0
63283.067832140325,10000.0
63283.13471732576,10000.0
63283.201602511195,10000.0
63283.26848769663,10000.0
63283.335372882066,10000.0
63283.4022580675,10000.0
63283.469143252936,10000.0
63283.53602843837,10000.0
63283.60291362381,10000.0
63283.66979880924,10000.0
63283.73668399468,10000.0
63283.80356918011,10000.0
63283.87045436555,10000.0
63283.93733955098,10000.0
63284.00422473642,10000.0
63284.07110992185,10000.0
63284.13799510729,10000.0
63284.204880292724,10000.0
63284.27176547816,10000.0
63284.338650663594,10000.0
63284.40553584903,10000.0
63284.472421034465,10000.0
63284.5393062199,10000.0
63284.606191405335,10000.0
63284.67307659077,10000.0
63284.739961776206,10000.0
63284.80684696164,10000.0
63284.873732147076,10000.0
63284.94061733251,10000.0
63285.00750251795,10000.0
63285.07438770338,10000.0
63285.14127288882,10000.0
63285.20815807425,10000.0
63285.27504325969,10000.0
63285.34192844512,10000.0
63285.40881363056,10000.0
63285.47569881599,10000.0
63285.542584001436,10000.0
63285.60946918687,10000.0
63285.67635437231,10000.0
63285.74323955774,10000.0
63285.81012474318,10000.0
63285.87700992861,10000.0
63285.94389511405,10000.0
63286.01078029948,10000.0
63286.07766548492,10000.0
63286.14455067035,10000.0
63286.21143585579,10000.0
63286.27832104122,10000.0
63286.34520622666,10000.0
63286.412091412094,10000.0
63286.47897659753,10000.0
63286.545861782964,10000.0
63286.6127469684,10000.0
63286.679632153835,10000.0
63286.74651733927,10000.0
63286.813402524705,10000.0
63286.88028771014,10000.0
63286.947172895576,10000.0
63287.01405808101,10000.0
63287.08094326645,10000.0
63287.14782845188,10000.0
63287.21471363732,10000.0
63287.28159882275,10000.0
63287.34848400819,10000.0
63287.41536919362,10000.0
63287.48225437906,10000.0
63287.54913956449,10000.0
63287.61602474993,10000.0
63287.68290993536,10000.0
63287.7497951208,10000.0
63287.816680306234,10000.0
63287.88356549167,10000.0
63287.950450677105,10000.0
63288.01733586254,10000.0
63288.084221047975,10000.0
63288.15110623341,10000.0
63288.217991418845,10000.0
63288.28487660428,10000.0
63288.351761789716,10000.0
63288.41864697515,10000.0
63288.48553216059,10000.0
63288.55241734602,10000.0
63288.61930253146,10000.0
63288.68618771689,10000.0
63288.75307290233,10000.0
63288.81995808776,10000.0
63288.8868432732,10000.0
63288.95372845863,10000.0
63289.02061364407,10000.0
63289.0874988295,10000.0
63289.15438401494,10000.0
63289.221269200374,10000.0
63289.28815438581,10000.0
63289.355039571245,10000.0
63289.42192475668,10000.0
63289.488809942115,10000.0
63289.55569512755,10000.0
63289.622580312986,10000.0
63289.68946549842,10000.0
63289.756350683856,10000.0
63289.82323586929,10000.0
63289.89012105473,10000.0
63289.95700624016,10000.0
63290.0238914256,10000.0
63290.09077661103,10000.0
63290.15766179647,10000.0
63290.2245469819,10000.0
63290.29143216734,10000.0
63290.35831735277,10000.0
63290.42520253821,10000.0
63290.49208772364,10000.0
63290.55897290908,10000.0
63290.625858094514,10000.0
63290.69274327995,10000.0
63290.759628465385,10000.0
63290.82651365082,10000.0
63290.893398836255,10000.0
63290.96028402169,10000.0
63291.027169207126,10000.0
63291.09405439256,10000.0
63291.160939577996,10000.0
63291.22782476343,10000.0
63291.29470994887,10000.0
63291.3615951343,10000.0
63291.42848031974,10000.0
63291.49536550517,10000.0
63291.56225069061,10000.0
63291.62913587604,10000.0
63291.69602106148,10000.0
63291.76290624691,10000.0
63291.82979143235,10000.0
63291.896676617784,10000.0
63291.96356180322,10000.0
63292.030446988654,10000.0
63292.09733217409,10000.0
63292.164217359525,10000.0
63292.23110254496,10000.0
63292.297987730395,10000.0
63292.36487291583,10000.0
63292.431758101266,10000.0
63292.4986432867,10000.0
63292.565528472136,10000.0
63292.63241365757,10000.0
63292.69929884301,10000.0
63292.76618402844,10000.0
63292.83306921388,10000.0
63292.89995439931,10000.0
63292.96683958475,10000.0
63293.03372477018,10000.0
63293.10060995562,10000.0
63293.16749514105,10000.0
63293.23438032649,10000.0
63293.301265511924,10000.0
63293.36815069736,10000.0
63293.435035882794,10000.0
63293.50192106823,10000.0
63293.568806253665,10000.0
63293.6356914391,10000.0
63293.702576624535,10000.0
63293.76946180997,10000.0
63293.836346995406,10000.0
63293.90323218084,10000.0
63293.970117366276,10000.0
63294.03700255171,10000.0
63294.10388773715,10000.0
63294.17077292258,10000.0
63294.23765810802,10000.0
63294.30454329345,10000.0
63294.37142847889,10000.0
63294.43831366432,10000.0
63294.50519884976,10000.0
63294.57208403519,10000.0
63294.63896922063,10000.0
63294.705854406064,10000.0
63294.7727395915,10000.0
63294.83962477694,10000.0
63294.90650996238,10000.0
63294.97339514781,10000.0
63295.04028033325,10000.0
63295.10716551868,10000.0
63295.17405070412,10000.0
63295.24093588955,10000.0
63295.30782107499,10000.0
63295.37470626042,10000.0
63295.44159144586,10000.0
63295.508476631294,10000.0
63295.57536181673,10000.0
63295.642247002164,10000.0
63295.7091321876,10000.0
63295.776017373035,10000.0
63295.84290255847,10000.0
63295.909787743905,10000.0
63295.97667292934,10000.0
63296.043558114776,10000.0
63296.11044330021,10000.0
63296.177328485646,10000.0
63296.24421367108,10000.0
63296.31109885652,10000.0
63296.37798404195,10000.0
63296.44486922739,10000.0
63296.51175441282,10000.0
63296.57863959826,10000.0
63296.64552478369,10000.0
63296.71240996913,10000.0
63296.77929515456,10000.0
63296.84618034,10000.0
63296.913065525434,10000.0
63296.97995071087,10000.0
63297.046835896304,10000.0
63297.11372108174,10000.0
63297.180606267175,10000.0
63297.24749145261,10000.0
63297.314376638045,10000.0
63297.38126182348,10000.0
63297.448147008916,10000.0
63297.51503219435,10000.0
63297.581917379786,10000.0
63297.64880256522,10000.0
63297.71568775066,10000.0
63297.78257293609,10000.0
63297.84945812153,10000.0
63297.91634330696,10000.0
63297.9832284924,10000.0
63298.05011367783,10000.0
63298.11699886327,10000.0
63298.1838840487,10000.0
63298.25076923414,10000.0
63298.317654419574,10000.0
63298.38453960501,10000.0
63298.451424790444,10000.0
63298.51830997588,10000.0
63298.585195161315,10000.0
63298.65208034675,10000.0
63298.718965532185,10000.0
63298.78585071762,10000.0
63298.852735903056,10000.0
63298.91962108849,10000.0
63298.986506273926,10000.0
63299.05339145936,10000.0
63299.1202766448,10000.0
63299.18716183023,10000.0
63299.25404701567,10000.0
63299.3209322011,10000.0
63299.38781738654,10000.0
63299.45470257197,10000.0
63299.52158775741,10000.0
63299.58847294284,10000.0
63299.65535812828,10000.0
63299.722243313714,10000.0
63299.78912849915,10000.0
63299.856013684584,10000.0
63299.92289887002,10000.0
63299.989784055455,10000.0
63300.05666924089,10000.0
63300.123554426325,10000.0
63300.19043961176,10000.0
63300.257324797196,10000.0
63300.32420998263,10000.0
63300.39109516807,10000.0
63300.4579803535,10000.0
63300.52486553894,10000.0
63300.59175072437,10000.0
63300.65863590981,10000.0
63300.72552109524,10000.0
63300.79240628068,10000.0
63300.85929146611,10000.0
63300.92617665155,10000.0
63300.99306183698,10000.0
63301.05994702242,10000.0
63301.126832207854,10000.0
63301.19371739329,10000.0
63301.260602578725,10000.0
63301.32748776416,10000.0
63301.394372949595,10000.0
63301.46125813503,10000.0
63301.528143320465,10000.0
63301.5950285059,10000.0
63301.661913691336,10000.0
63301.72879887677,10000.0
63301.79568406221,10000.0
63301.86256924764,10000.0
63301.92945443308,10000.0
63301.99633961851,10000.0
63302.06322480395,10000.0
63302.13010998938,10000.0
63302.19699517482,10000.0
63302.26388036025,10000.0
63302.33076554569,10000.0
63302.39765073112,10000.0
63302.46453591656,10000.0
63302.531421101994,10000.0
63302.59830628743,10000.0
63302.665191472865,10000.0
63302.7320766583,10000.0
63302.798961843735,10000.0
63302.86584702917,10000.0
63302.932732214605,10000.0
63302.99961740004,10000.0
63303.066502585476,10000.0
63303.13338777091,10000.0
63303.20027295635,10000.0
63303.26715814178,10000.0
63303.33404332722,10000.0
63303.40092851265,10000.0
63303.46781369809,10000.0
63303.53469888352,10000.0
63303.60158406896,10000.0
63303.66846925439,10000.0
63303.73535443983,10000.0
63303.80223962526,10000.0
63303.8691248107,10000.0
63303.936009996134,10000.0
63304.00289518158,10000.0
63304.06978036701,10000.0
63304.13666555245,10000.0
63304.20355073788,10000.0
63304.27043592332,10000.0
63304.33732110875,10000.0
63304.40420629419,10000.0
63304.47109147962,10000.0
63304.53797666506,10000.0
63304.604861850494,10000.0
63304.67174703593,10000.0
63304.738632221364,10000.0
63304.8055174068,10000.0
63304.872402592235,10000.0
63304.93928777767,10000.0
63305.006172963105,10000.0
63305.07305814854,10000.0
63305.139943333976,10000.0
63305.20682851941,10000.0
63305.273713704846,10000.0
63305.34059889028,10000.0
63305.40748407572,10000.0
63305.47436926115,10000.0
63305.54125444659,10000.0
63305.60813963202,10000.0
63305.67502481746,10000.0
63305.74191000289,10000.0
63305.80879518833,10000.0
63305.87568037376,10000.0
63305.9425655592,10000.0
63306.009450744634,10000.0
63306.07633593007,10000.0
63306.143221115504,10000.0
63306.21010630094,10000.0
63306.276991486375,10000.0
63306.34387667181,10000.0
63306.410761857245,10000.0
63306.47764704268,10000.0
63306.544532228116,10000.0
63306.61141741355,10000.0
63306.678302598986,10000.0
63306.74518778442,10000.0
63306.81207296986,10000.0
63306.87895815529,10000.0
63306.94584334073,10000.0
63307.01272852616,10000.0
63307.0796137116,10000.0
63307.14649889703,10000.0
63307.21338408247,10000.0
63307.2802692679,10000.0
63307.34715445334,10000.0
63307.414039638774,10000.0
63307.48092482421,10000.0
63307.547810009644,10000.0
63307.61469519508,10000.0
63307.681580380515,10000.0
63307.74846556595,10000.0
63307.815350751385,10000.0
63307.88223593682,10000.0
63307.949121122256,10000.0
63308.01600630769,10000.0
63308.082891493126,10000.0
63308.14977667856,10000.0
63308.216661864,10000.0
63308.28354704943,10000.0
63308.35043223487,10000.0
63308.4173174203,10000.0
63308.48420260574,10000.0
63308.55108779117,10000.0
63308.61797297661,10000.0
63308.68485816204,10000.0
63308.75174334748,10000.0
63308.818628532914,10000.0
63308.88551371835,10000.0
63308.952398903784,10000.0
63309.01928408922,10000.0
63309.086169274655,10000.0
63309.15305446009,10000.0
63309.219939645525,10000.0
63309.28682483096,10000.0
63309.353710016396,10000.0
63309.42059520183,10000.0
63309.487480387266,10000.0
63309.5543655727,10000.0
63309.62125075814,10000.0
63309.68813594357,10000.0
63309.75502112901,10000.0
63309.82190631444,10000.0
63309.88879149988,10000.0
63309.95567668531,10000.0
63310.02256187075,10000.0
63310.08944705618,10000.0
63310.15633224162,10000.0
63310.223217427054,10000.0
63310.29010261249,10000.0
63310.356987797924,10000.0
63310.42387298336,10000.0
63310.490758168795,10000.0
63310.55764335423,10000.0
63310.624528539665,10000.0
63310.6914137251,10000.0
63310.758298910536,10000.0
63310.82518409597,10000.0
63310.892069281406,10000.0
63310.95895446684,10000.0
63311.02583965228,10000.0
63311.09272483771,10000.0
63311.15961002315,10000.0
63311.22649520858,10000.0
63311.29338039402,10000.0
63311.36026557945,10000.0
63311.42715076489,10000.0
63311.49403595032,10000.0
63311.56092113576,10000.0
63311.627806321194,10000.0
63311.69469150663,10000.0
63311.761576692064,10000.0
63311.8284618775,10000.0
63311.895347062935,10000.0
63311.96223224837,10000.0
63312.029117433805,10000.0
63312.09600261924,10000.0
63312.162887804676,10000.0
63312.22977299011,10000.0
63312.296658175546,10000.0
63312.36354336098,10000.0
63312.43042854642,10000.0
63312.49731373185,10000.0
63312.56419891729,10000.0
63312.63108410272,10000.0
63312.69796928816,10000.0
63312.76485447359,10000.0
63312.83173965903,10000.0
63312.89862484446,10000.0
63312.9655100299,10000.0
63313.032395215334,10000.0
63313.09928040077,10000.0
63313.166165586204,10000.0
63313.23305077164,10000.0
63313.29993595708,10000.0
63313.36682114252,10000.0
63313.43370632795,10000.0
63313.50059151339,10000.0
63313.56747669882,10000.0
63313.63436188426,10000.0
63313.70124706969,10000.0
63313.76813225513,10000.0
63313.835017440564,10000.0
63313.901902626,10000.0
63313.968787811435,10000.0
63314.03567299687,10000.0
63314.102558182305,10000.0
63314.16944336774,10000.0
63314.236328553176,10000.0
63314.30321373861,10000.0
63314.370098924046,10000.0
63314.43698410948,10000.0
63314.50386929492,10000.0
63314.57075448035,10000.0
63314.63763966579,10000.0
63314.70452485122,10000.0
63314.77141003666,10000.0
63314.83829522209,10000.0
63314.90518040753,10000.0
63314.97206559296,10000.0
63315.0389507784,10000.0
63315.105835963834,10000.0
63315.17272114927,10000.0
63315.239606334704,10000.0
63315.30649152014,10000.0
63315.373376705575,10000.0
63315.44026189101,10000.0
63315.507147076445,10000.0
63315.57403226188,10000.0
63315.640917447316,10000.0
63315.70780263275,10000.0
63315.774687818186,10000.0
63315.84157300362,10000.0
63315.90845818906,10000.0
63315.97534337449,10000.0
63316.04222855993,10000.0
63316.10911374536,10000.0
63316.1759989308,10000.0
63316.24288411623,10000.0
63316.30976930167,10000.0
63316.3766544871,10000.0
63316.44353967254,10000.0
63316.510424857974,10000.0
63316.57731004341,10000.0
63316.644195228844,10000.0
63316.71108041428,10000.0
63316.777965599715,10000.0
63316.84485078515,10000.0
63316.911735970585,10000.0
63316.97862115602,10000.0
63317.045506341456,10000.0
63317.11239152689,10000.0
63317.179276712326,10000.0
63317.24616189776,10000.0
63317.3130470832,10000.0
63317.37993226863,10000.0
63317.44681745407,10000.0
63317.5137026395,10000.0
63317.58058782494,10000.0
63317.64747301037,10000.0
63317.71435819581,10000.0
63317.78124338124,10000.0
63317.84812856668,10000.0
63317.915013752114,10000.0
63317.98189893755,10000.0
63318.048784122984,10000.0
63318.11566930842,10000.0
63318.182554493855,10000.0
63318.24943967929,10000.0
63318.316324864725,10000.0
63318.38321005016,10000.0
63318.450095235596,10000.0
63318.51698042103,10000.0
63318.583865606466,10000.0
63318.6507507919,10000.0
63318.71763597734,10000.0
63318.78452116277,10000.0
63318.85140634821,10000.0
63318.91829153364,10000.0
63318.98517671908,10000.0
63319.05206190451,10000.0
63319.11894708995,10000.0
63319.18583227538,10000.0
63319.25271746082,10000.0
63319.319602646254,10000.0
63319.38648783169,10000.0
63319.453373017124,10000.0
63319.52025820256,10000.0
63319.587143387995,10000.0
63319.65402857343,10000.0
63319.720913758865,10000.0
63319.7877989443,10000.0
63319.854684129736,10000.0
63319.92156931517,10000.0
63319.988454500606,10000.0
63320.05533968604,10000.0
63320.12222487148,10000.0
63320.18911005691,10000.0
63320.25599524235,10000.0
63320.32288042778,10000.0
63320.38976561322,10000.0
63320.45665079865,10000.0
63320.52353598409,10000.0
63320.59042116952,10000.0
63320.65730635496,10000.0
63320.724191540394,10000.0
63320.79107672583,10000.0
63320.857961911264,10000.0
63320.9248470967,10000.0
63320.991732282135,10000.0
63321.05861746757,10000.0
63321.125502653005,10000.0
63321.19238783844,10000.0
63321.259273023876,10000.0
63321.32615820931,10000.0
63321.393043394746,10000.0
63321.45992858018,10000.0
63321.52681376562,10000.0
63321.59369895105,10000.0
63321.66058413649,10000.0
63321.72746932192,10000.0
63321.79435450736,10000.0
63321.86123969279,10000.0
63321.92812487823,10000.0
63321.99501006366,10000.0
63322.0618952491,10000.0
63322.128780434534,10000.0
63322.19566561997,10000.0
63322.262550805404,10000.0
63322.32943599084,10000.0
63322.396321176275,10000.0
63322.46320636172,10000.0
63322.53009154715,10000.0
63322.59697673259,10000.0
63322.66386191802,10000.0
63322.73074710346,10000.0
63322.79763228889,10000.0
63322.86451747433,10000.0
63322.931402659764,10000.0
63322.9982878452,10000.0
63323.065173030634,10000.0
63323.13205821607,10000.0
63323.198943401505,10000.0
63323.26582858694,10000.0
63323.332713772375,10000.0
63323.39959895781,10000.0
63323.466484143246,10000.0
63323.53336932868,10000.0
63323.60025451412,10000.0
63323.66713969955,10000.0
63323.73402488499,10000.0
63323.80091007042,10000.0
63323.86779525586,10000.0
63323.93468044129,10000.0
63324.00156562673,10000.0
63324.06845081216,10000.0
63324.1353359976,10000.0
63324.20222118303,10000.0
63324.26910636847,10000.0
63324.335991553904,10000.0
63324.40287673934,10000.0
63324.469761924775,10000.0
63324.53664711021,10000.0
63324.603532295645,10000.0
63324.67041748108,10000.0
63324.737302666515,10000.0
63324.80418785195,10000.0
63324.871073037386,10000.0
63324.93795822282,10000.0
63325.00484340826,10000.0
63325.07172859369,10000.0
63325.13861377913,10000.0
63325.20549896456,10000.0
63325.27238415,10000.0
63325.33926933543,10000.0
63325.40615452087,10000.0
63325.4730397063,10000.0
63325.53992489174,10000.0
63325.60681007717,10000.0
63325.67369526261,10000.0
63325.740580448044,10000.0
63325.80746563348,10000.0
63325.874350818915,10000.0
63325.94123600435,10000.0
63326.008121189785,10000.0
63326.07500637522,10000.0
63326.141891560655,10000.0
63326.20877674609,10000.0
63326.275661931526,10000.0
63326.34254711696,10000.0
63326.4094323024,10000.0
63326.47631748783,10000.0
63326.54320267327,10000.0
63326.6100878587,10000.0
63326.67697304414,10000.0
63326.74385822957,10000.0
63326.81074341501,10000.0
63326.87762860044,10000.0
63326.94451378588,10000.0
63327.01139897131,10000.0
63327.07828415675,10000.0
63327.145169342184,10000.0
63327.21205452762,10000.0
63327.278939713055,10000.0
63327.34582489849,10000.0
63327.412710083925,10000.0
63327.47959526936,10000.0
63327.546480454796,10000.0
63327.61336564023,10000.0
63327.680250825666,10000.0
63327.7471360111,10000.0
63327.81402119654,10000.0
63327.88090638197,10000.0
63327.94779156741,10000.0
63328.01467675284,10000.0
63328.08156193828,10000.0
63328.14844712371,10000.0
63328.21533230915,10000.0
63328.28221749458,10000.0
63328.34910268002,10000.0
63328.415987865454,10000.0
63328.48287305089,10000.0
63328.549758236324,10000.0
63328.61664342176,10000.0
63328.683528607195,10000.0
63328.75041379263,10000.0
63328.817298978065,10000.0
63328.8841841635,10000.0
63328.951069348936,10000.0
63329.01795453437,10000.0
63329.084839719806,10000.0
63329.15172490524,10000.0
63329.21861009068,10000.0
63329.28549527611,10000.0
63329.35238046155,10000.0
63329.41926564698,10000.0
63329.48615083242,10000.0
63329.55303601785,10000.0
63329.61992120329,10000.0
63329.68680638872,10000.0
63329.75369157416,10000.0
63329.820576759594,10000.0
63329.88746194503,10000.0
63329.954347130464,10000.0
63330.0212323159,10000.0
63330.088117501335,10000.0
63330.15500268677,10000.0
63330.221887872205,10000.0
63330.28877305764,10000.0
63330.355658243076,10000.0
63330.42254342851,10000.0
63330.489428613946,10000.0
63330.55631379938,10000.0
63330.62319898482,10000.0
63330.69008417025,10000.0
63330.75696935569,10000.0
63330.82385454112,10000.0
63330.89073972656,10000.0
63330.95762491199,10000.0
63331.02451009743,10000.0
63331.09139528286,10000.0
63331.1582804683,10000.0
63331.225165653734,10000.0
63331.29205083917,10000.0
63331.358936024604,10000.0
63331.42582121004,10000.0
63331.492706395475,10000.0
63331.55959158091,10000.0
63331.626476766345,10000.0
63331.69336195178,10000.0
63331.76024713722,10000.0
63331.82713232266,10000.0
63331.89401750809,10000.0
63331.96090269353,10000.0
63332.027787878964,10000.0
63332.0946730644,10000.0
63332.161558249834,10000.0
63332.22844343527,10000.0
63332.295328620705,10000.0
63332.36221380614,10000.0
63332.429098991575,10000.0
63332.49598417701,10000.0
63332.562869362446,10000.0
63332.62975454788,10000.0
63332.696639733316,10000.0
63332.76352491875,10000.0
63332.83041010419,10000.0
63332.89729528962,10000.0
63332.96418047506,10000.0
63333.03106566049,10000.0
63333.09795084593,10000.0
63333.16483603136,10000.0
63333.2317212168,10000.0
63333.29860640223,10000.0
63333.36549158767,10000.0
63333.432376773104,10000.0
63333.49926195854,10000.0
63333.566147143974,10000.0
63333.63303232941,10000.0
63333.699917514845,10000.0
63333.76680270028,10000.0
63333.833687885715,10000.0
63333.90057307115,10000.0
63333.967458256586,10000.0
63334.03434344202,10000.0
63334.101228627456,10000.0
63334.16811381289,10000.0
63334.23499899833,10000.0
63334.30188418376,10000.0
63334.3687693692,10000.0
63334.43565455463,10000.0
63334.50253974007,10000.0
63334.5694249255,10000.0
63334.63631011094,10000.0
63334.70319529637,10000.0
63334.77008048181,10000.0
63334.836965667244,10000.0
63334.90385085268,10000.0
63334.970736038114,10000.0
63335.03762122355,10000.0
63335.104506408985,10000.0
63335.17139159442,10000.0
63335.238276779855,10000.0
63335.30516196529,10000.0
63335.372047150726,10000.0
63335.43893233616,10000.0
63335.505817521596,10000.0
63335.57270270703,10000.0
63335.63958789247,10000.0
63335.7064730779,10000.0
63335.77335826334,10000.0
63335.84024344877,10000.0
63335.90712863421,10000.0
63335.97401381964,10000.0
63336.04089900508,10000.0
63336.10778419051,10000.0
63336.17466937595,10000.0
63336.241554561384,10000.0
63336.30843974682,10000.0
63336.375324932254,10000.0
63336.44221011769,10000.0
63336.509095303125,10000.0
63336.57598048856,10000.0
63336.642865673995,10000.0
63336.70975085943,10000.0
63336.776636044866,10000.0
63336.8435212303,10000.0
63336.910406415736,10000.0
63336.97729160117,10000.0
63337.04417678661,10000.0
63337.11106197204,10000.0
63337.17794715748,10000.0
63337.24483234291,10000.0
63337.31171752835,10000.0
63337.37860271378,10000.0
63337.44548789922,10000.0
63337.51237308465,10000.0
63337.57925827009,10000.0
63337.646143455524,10000.0
63337.71302864096,10000.0
63337.779913826394,10000.0
63337.84679901183,10000.0
63337.913684197265,10000.0
63337.9805693827,10000.0
63338.047454568135,10000.0
63338.11433975357,10000.0
63338.181224939006,10000.0
63338.24811012444,10000.0
63338.31499530988,10000.0
63338.38188049531,10000.0
63338.44876568075,10000.0
63338.51565086618,10000.0
63338.58253605162,10000.0
63338.64942123705,10000.0
63338.71630642249,10000.0
63338.78319160792,10000.0
63338.85007679336,10000.0
63338.91696197879,10000.0
63338.98384716423,10000.0
63339.050732349664,10000.0
63339.1176175351,10000.0
63339.184502720535,10000.0
63339.25138790597,10000.0
63339.318273091405,10000.0
63339.38515827684,10000.0
63339.452043462275,10000.0
63339.51892864771,10000.0
63339.585813833146,10000.0
63339.65269901858,10000.0
63339.71958420402,10000.0
63339.78646938945,10000.0
63339.85335457489,10000.0
63339.92023976032,10000.0
63339.98712494576,10000.0
63340.05401013119,10000.0
63340.12089531663,10000.0
63340.18778050206,10000.0
63340.2546656875,10000.0
63340.32155087293,10000.0
63340.38843605837,10000.0
63340.455321243804,10000.0
63340.52220642924,10000.0
63340.589091614675,10000.0
63340.65597680011,10000.0
63340.722861985545,10000.0
63340.78974717098,10000.0
63340.856632356416,10000.0
63340.92351754186,10000.0
63340.99040272729,10000.0
63341.05728791273,10000.0
63341.124173098164,10000.0
63341.1910582836,10000.0
63341.257943469034,10000.0
63341.32482865447,10000.0
63341.391713839905,10000.0
63341.45859902534,10000.0
63341.525484210775,10000.0
63341.59236939621,10000.0
63341.659254581646,10000.0
63341.72613976708,10000.0
63341.793024952516,10000.0
63341.85991013795,10000.0
63341.92679532339,10000.0
63341.99368050882,10000.0
63342.06056569426,10000.0
63342.12745087969,10000.0
63342.19433606513,10000.0
63342.26122125056,10000.0
63342.328106436,10000.0
63342.39499162143,10000.0
63342.46187680687,10000.0
63342.528761992304,10000.0
63342.59564717774,10000.0
63342.662532363174,10000.0
63342.72941754861,10000.0
63342.796302734045,10000.0
63342.86318791948,10000.0
63342.930073104915,10000.0
63342.99695829035,10000.0
63343.063843475786,10000.0
63343.13072866122,10000.0
63343.197613846656,10000.0
63343.26449903209,10000.0
63343.33138421753,10000.0
63343.39826940296,10000.0
63343.4651545884,10000.0
63343.53203977383,10000.0
63343.59892495927,10000.0
63343.6658101447,10000.0
63343.73269533014,10000.0
63343.79958051557,10000.0
63343.86646570101,10000.0
63343.933350886444,10000.0
63344.00023607188,10000.0
63344.067121257314,10000.0
63344.13400644275,10000.0
63344.200891628185,10000.0
63344.26777681362,10000.0
63344.334661999055,10000.0
63344.40154718449,10000.0
63344.468432369926,10000.0
63344.53531755536,10000.0
63344.602202740796,10000.0
63344.66908792623,10000.0
63344.73597311167,10000.0
63344.8028582971,10000.0
63344.86974348254,10000.0
63344.93662866797,10000.0
63345.00351385341,10000.0
63345.07039903884,10000.0
63345.13728422428,10000.0
63345.20416940971,10000.0
63345.27105459515,10000.0
63345.337939780584,10000.0
63345.40482496602,10000.0
63345.471710151454,10000.0
63345.53859533689,10000.0
63345.605480522325,10000.0
63345.67236570776,10000.0
63345.739250893195,10000.0
63345.80613607863,10000.0
63345.873021264066,10000.0
63345.9399064495,10000.0
63346.006791634936,10000.0
63346.07367682037,10000.0
63346.14056200581,10000.0
63346.20744719124,10000.0
63346.27433237668,10000.0
63346.34121756211,10000.0
63346.40810274755,10000.0
63346.47498793298,10000.0
63346.54187311842,10000.0
63346.60875830385,10000.0
63346.67564348929,10000.0
63346.742528674724,10000.0
63346.80941386016,10000.0
63346.876299045594,10000.0
63346.94318423103,10000.0
63347.010069416465,10000.0
63347.0769546019,10000.0
63347.143839787335,10000.0
63347.21072497277,10000.0
63347.277610158206,10000.0
63347.34449534364,10000.0
63347.411380529076,10000.0
63347.47826571451,10000.0
63347.54515089995,10000.0
63347.61203608538,10000.0
63347.67892127082,10000.0
63347.74580645625,10000.0
63347.81269164169,10000.0
63347.87957682712,10000.0
63347.94646201256,10000.0
63348.01334719799,10000.0
63348.08023238343,10000.0
63348.147117568864,10000.0
63348.2140027543,10000.0
63348.280887939734,10000.0
63348.34777312517,10000.0
63348.414658310605,10000.0
63348.48154349604,10000.0
63348.548428681475,10000.0
63348.61531386691,10000.0
63348.682199052346,10000.0
63348.74908423778,10000.0
63348.815969423216,10000.0
63348.88285460865,10000.0
63348.94973979409,10000.0
63349.01662497952,10000.0
63349.08351016496,10000.0
63349.15039535039,10000.0
63349.21728053583,10000.0
63349.28416572126,10000.0
63349.3510509067,10000.0
63349.41793609213,10000.0
63349.48482127757,10000.0
63349.551706463004,10000.0
63349.61859164844,10000.0
63349.685476833874,10000.0
63349.75236201931,10000.0
63349.819247204745,10000.0
63349.88613239018,10000.0
63349.953017575615,10000.0
63350.01990276105,10000.0
63350.086787946486,10000.0
63350.15367313192,10000.0
63350.22055831736,10000.0
63350.2874435028,10000.0
63350.354328688234,10000.0
63350.42121387367,10000.0
63350.488099059105,10000.0
63350.55498424454,10000.0
63350.621869429975,10000.0
63350.68875461541,10000.0
63350.755639800846,10000.0
63350.82252498628,10000.0
63350.889410171716,10000.0
63350.95629535715,10000.0
63351.02318054259,10000.0
63351.09006572802,10000.0
63351.15695091346,10000.0
63351.22383609889,10000.0
63351.29072128433,10000.0
63351.35760646976,10000.0
63351.4244916552,10000.0
63351.49137684063,10000.0
63351.55826202607,10000.0
63351.625147211504,10000.0
63351.69203239694,10000.0
63351.758917582374,10000.0
63351.82580276781,10000.0
63351.892687953245,10000.0
63351.95957313868,10000.0
63352.026458324115,10000.0
63352.09334350955,10000.0
63352.160228694986,10000.0
63352.22711388042,10000.0
63352.293999065856,10000.0
63352.36088425129,10000.0
63352.42776943673,10000.0
63352.49465462216,10000.0
63352.5615398076,10000.0
63352.62842499303,10000.0
63352.69531017847,10000.0
63352.7621953639,10000.0
63352.82908054934,10000.0
63352.89596573477,10000.0
63352.96285092021,10000.0
63353.029736105644,10000.0
63353.09662129108,10000.0
63353.163506476514,10000.0
63353.23039166195,10000.0
63353.297276847385,10000.0
63353.36416203282,10000.0
63353.431047218255,10000.0
63353.49793240369,10000.0
63353.564817589126,10000.0
63353.63170277456,10000.0
63353.698587959996,10000.0
63353.76547314543,10000.0
63353.83235833087,10000.0
63353.8992435163,10000.0
63353.96612870174,10000.0
63354.03301388717,10000.0
63354.09989907261,10000.0
63354.16678425804,10000.0
63354.23366944348,10000.0
63354.30055462891,10000.0
63354.36743981435,10000.0
63354.434324999784,10000.0
63354.50121018522,10000.0
63354.568095370654,10000.0
63354.63498055609,10000.0
63354.701865741525,10000.0
63354.76875092696,10000.0
63354.835636112395,10000.0
63354.90252129783,10000.0
63354.969406483266,10000.0
63355.0362916687,10000.0
63355.103176854136,10000.0
63355.17006203957,10000.0
63355.23694722501,10000.0
63355.30383241044,10000.0
63355.37071759588,10000.0
63355.43760278131,10000.0
63355.50448796675,10000.0
63355.57137315218,10000.0
63355.63825833762,10000.0
63355.70514352305,10000.0
63355.77202870849,10000.0
63355.838913893924,10000.0
63355.90579907936,10000.0
63355.972684264794,10000.0
63356.03956945023,10000.0
63356.106454635665,10000.0
63356.1733398211,10000.0
63356.240225006535,10000.0
63356.30711019197,10000.0
63356.373995377406,10000.0
63356.44088056284,10000.0
63356.507765748276,10000.0
63356.57465093371,10000.0
63356.64153611915,10000.0
63356.70842130458,10000.0
63356.77530649002,10000.0
63356.84219167545,10000.0
63356.90907686089,10000.0
63356.97596204632,10000.0
63357.04284723176,10000.0
63357.10973241719,10000.0
63357.17661760263,10000.0
63357.243502788064,10000.0
63357.3103879735,10000.0
63357.377273158934,10000.0
63357.44415834437,10000.0
63357.511043529805,10000.0
63357.57792871524,10000.0
63357.644813900675,10000.0
63357.71169908611,10000.0
63357.778584271546,10000.0
63357.84546945698,10000.0
63357.912354642416,10000.0
63357.97923982785,10000.0
63358.04612501329,10000.0
63358.11301019872,10000.0
63358.17989538416,10000.0
63358.24678056959,10000.0
63358.31366575503,10000.0
63358.38055094046,10000.0
63358.4474361259,10000.0
63358.51432131133,10000.0
63358.58120649677,10000.0
63358.648091682204,10000.0
63358.71497686764,10000.0
63358.781862053074,10000.0
63358.84874723851,10000.0
63358.915632423945,10000.0
63358.98251760938,10000.0
63359.049402794815,10000.0
63359.11628798025,10000.0
63359.183173165686,10000.0
63359.25005835112,10000.0
63359.316943536556,10000.0
63359.383828722,10000.0
63359.45071390743,10000.0
63359.51759909287,10000.0
63359.584484278304,10000.0
63359.65136946374,10000.0
63359.718254649175,10000.0
63359.78513983461,10000.0
63359.852025020045,10000.0
63359.91891020548,10000.0
63359.985795390916,10000.0
63360.05268057635,10000.0
63360.119565761786,10000.0
63360.18645094722,10000.0
63360.25333613266,10000.0
63360.32022131809,10000.0
63360.38710650353,10000.0
63360.45399168896,10000.0
63360.5208768744,10000.0
63360.58776205983,10000.0
63360.65464724527,10000.0
63360.7215324307,10000.0
63360.78841761614,10000.0
63360.855302801574,10000.0
63360.92218798701,10000.0
63360.989073172444,10000.0
63361.05595835788,10000.0
63361.122843543315,10000.0
63361.18972872875,10000.0
63361.256613914185,10000.0
63361.32349909962,10000.0
63361.390384285056,10000.0
63361.45726947049,10000.0
63361.52415465593,10000.0
63361.59103984136,10000.0
63361.6579250268,10000.0
63361.72481021223,10000.0
63361.79169539767,10000.0
63361.8585805831,10000.0
63361.92546576854,10000.0
63361.99235095397,10000.0
63362.05923613941,10000.0
63362.12612132484,10000.0
63362.19300651028,10000.0
63362.259891695714,10000.0
63362.32677688115,10000.0
63362.393662066585,10000.0
63362.46054725202,10000.0
63362.527432437455,10000.0
63362.59431762289,10000.0
63362.661202808325,10000.0
63362.72808799376,10000.0
63362.794973179196,10000.0
63362.86185836463,10000.0
63362.92874355007,10000.0
63362.9956287355,10000.0
63363.06251392094,10000.0
63363.12939910637,10000.0
63363.19628429181,10000.0
63363.26316947724,10000.0
63363.33005466268,10000.0
63363.39693984811,10000.0
63363.46382503355,10000.0
63363.53071021898,10000.0
63363.59759540442,10000.0
63363.664480589854,10000.0
63363.73136577529,10000.0
63363.798250960725,10000.0
63363.86513614616,10000.0
63363.932021331595,10000.0
63363.99890651703,10000.0
63364.065791702466,10000.0
63364.1326768879,10000.0
63364.199562073336,10000.0
63364.26644725877,10000.0
63364.33333244421,10000.0
63364.40021762964,10000.0
63364.46710281508,10000.0
63364.53398800051,10000.0
63364.60087318595,10000.0
63364.66775837138,10000.0
63364.73464355682,10000.0
63364.80152874225,10000.0
63364.86841392769,10000.0
63364.93529911312,10000.0
63365.00218429856,10000.0
63365.069069483994,10000.0
63365.13595466943,10000.0
63365.202839854865,10000.0
63365.2697250403,10000.0
63365.336610225735,10000.0
63365.40349541117,10000.0
63365.470380596606,10000.0
63365.53726578204,10000.0
63365.604150967476,10000.0
63365.67103615291,10000.0
63365.73792133835,10000.0
63365.80480652378,10000.0
63365.87169170922,10000.0
63365.93857689465,10000.0
63366.00546208009,10000.0
63366.07234726552,10000.0
63366.13923245096,10000.0
63366.20611763639,10000.0
63366.27300282183,10000.0
63366.339888007264,10000.0
63366.4067731927,10000.0
63366.473658378134,10000.0
63366.54054356357,10000.0
63366.607428749005,10000.0
63366.67431393444,10000.0
63366.741199119875,10000.0
63366.80808430531,10000.0
63366.874969490746,10000.0
63366.94185467618,10000.0
63367.008739861616,10000.0
63367.07562504705,10000.0
63367.14251023249,10000.0
63367.20939541792,10000.0
63367.27628060336,10000.0
63367.34316578879,10000.0
63367.41005097423,10000.0
63367.47693615966,10000.0
63367.5438213451,10000.0
63367.61070653053,10000.0
63367.67759171597,10000.0
63367.744476901404,10000.0
63367.81136208684,10000.0
63367.878247272274,10000.0
63367.94513245771,10000.0
63368.012017643145,10000.0
63368.07890282858,10000.0
63368.145788014015,10000.0
63368.21267319945,10000.0
63368.279558384886,10000.0
63368.34644357032,10000.0
63368.413328755756,10000.0
63368.48021394119,10000.0
63368.54709912663,10000.0
63368.61398431206,10000.0
63368.680869497504,10000.0
63368.74775468294,10000.0
63368.814639868375,10000.0
63368.88152505381,10000.0
63368.948410239245,10000.0
63369.01529542468,10000.0
63369.082180610116,10000.0
63369.14906579555,10000.0
63369.215950980986,10000.0
63369.28283616642,10000.0
63369.34972135186,10000.0
63369.41660653729,10000.0
63369.48349172273,10000.0
63369.55037690816,10000.0
63369.6172620936,10000.0
63369.68414727903,10000.0
63369.75103246447,10000.0
63369.8179176499,10000.0
63369.88480283534,10000.0
63369.951688020774,10000.0
63370.01857320621,10000.0
63370.085458391644,10000.0
63370.15234357708,10000.0
63370.219228762515,10000.0
63370.28611394795,10000.0
63370.352999133385,10000.0
63370.41988431882,10000.0
63370.486769504256,10000.0
63370.55365468969,10000.0
63370.620539875126,10000.0
63370.68742506056,10000.0
63370.754310246,10000.0
63370.82119543143,10000.0
63370.88808061687,10000.0
63370.9549658023,10000.0
63371.02185098774,10000.0
63371.08873617317,10000.0
63371.15562135861,10000.0
63371.22250654404,10000.0
63371.28939172948,10000.0
63371.356276914914,10000.0
63371.42316210035,10000.0
63371.490047285784,10000.0
63371.55693247122,10000.0
63371.623817656655,10000.0
63371.69070284209,10000.0
63371.757588027525,10000.0
63371.82447321296,10000.0
63371.891358398396,10000.0
63371.95824358383,10000.0
63372.025128769266,10000.0
63372.0920139547,10000.0
63372.15889914014,10000.0
63372.22578432557,10000.0
63372.29266951101,10000.0
63372.35955469644,10000.0
63372.42643988188,10000.0
63372.49332506731,10000.0
63372.56021025275,10000.0
63372.62709543818,10000.0
63372.69398062362,10000.0
63372.760865809054,10000.0
63372.82775099449,10000.0
63372.894636179924,10000.0
63372.96152136536,10000.0
63373.028406550795,10000.0
63373.09529173623,10000.0
63373.162176921665,10000.0
63373.2290621071,10000.0
63373.295947292536,10000.0
63373.36283247797,10000.0
63373.429717663406,10000.0
63373.49660284884,10000.0
63373.56348803428,10000.0
63373.63037321971,10000.0
63373.69725840515,10000.0
63373.76414359058,10000.0
63373.83102877602,10000.0
63373.89791396145,10000.0
63373.96479914689,10000.0
63374.03168433232,10000.0
63374.09856951776,10000.0
63374.165454703194,10000.0
63374.23233988863,10000.0
63374.299225074064,10000.0
63374.3661102595,10000.0
63374.432995444935,10000.0
63374.49988063037,10000.0
63374.566765815805,10000.0
63374.63365100124,10000.0
63374.700536186676,10000.0
63374.76742137211,10000.0
63374.83430655755,10000.0
63374.90119174298,10000.0
63374.96807692842,10000.0
63375.03496211385,10000.0
63375.10184729929,10000.0
63375.16873248472,10000.0
63375.23561767016,10000.0
63375.30250285559,10000.0
63375.36938804103,10000.0
63375.43627322646,10000.0
63375.5031584119,10000.0
63375.570043597334,10000.0
63375.63692878277,10000.0
63375.703813968204,10000.0
63375.77069915364,10000.0
63375.837584339075,10000.0
63375.90446952451,10000.0
63375.971354709945,10000.0
63376.03823989538,10000.0
63376.105125080816,10000.0
63376.17201026625,10000.0
63376.23889545169,10000.0
63376.30578063712,10000.0
63376.37266582256,10000.0
63376.43955100799,10000.0
63376.50643619343,10000.0
63376.57332137886,10000.0
63376.6402065643,10000.0
63376.70709174973,10000.0
63376.77397693517,10000.0
63376.8408621206,10000.0
63376.90774730604,10000.0
63376.974632491474,10000.0
63377.04151767691,10000.0
63377.108402862345,10000.0
63377.17528804778,10000.0
63377.242173233215,10000.0
63377.30905841865,10000.0
63377.375943604085,10000.0
63377.44282878952,10000.0
63377.509713974956,10000.0
63377.57659916039,10000.0
63377.64348434583,10000.0
63377.71036953126,10000.0
63377.7772547167,10000.0
63377.84413990214,10000.0
63377.91102508757,10000.0
63377.97791027301,10000.0
63378.044795458445,10000.0
63378.11168064388,10000.0
63378.178565829316,10000.0
63378.24545101475,10000.0
63378.312336200186,10000.0
63378.37922138562,10000.0
63378.44610657106,10000.0
63378.51299175649,10000.0
63378.57987694193,10000.0
63378.64676212736,10000.0
63378.7136473128,10000.0
63378.78053249823,10000.0
63378.84741768367,10000.0
63378.9143028691,10000.0
63378.98118805454,10000.0
63379.048073239974,10000.0
63379.11495842541,10000.0
63379.181843610844,10000.0
63379.24872879628,10000.0
63379.315613981715,10000.0
63379.38249916715,10000.0
63379.449384352585,10000.0
63379.51626953802,10000.0
63379.583154723456,10000.0
63379.65003990889,10000.0
63379.716925094326,10000.0
63379.78381027976,10000.0
63379.8506954652,10000.0
63379.91758065063,10000.0
63379.98446583607,10000.0
63380.0513510215,10000.0
63380.11823620694,10000.0
63380.18512139237,10000.0
63380.25200657781,10000.0
63380.31889176324,10000.0
63380.38577694868,10000.0
63380.452662134114,10000.0
63380.51954731955,10000.0
63380.586432504984,10000.0
63380.65331769042,10000.0
63380.720202875855,10000.0
63380.78708806129,10000.0
63380.853973246725,10000.0
63380.92085843216,10000.0
63380.987743617596,10000.0
63381.05462880303,10000.0
63381.121513988466,10000.0
63381.1883991739,10000.0
63381.25528435934,10000.0
63381.32216954477,10000.0
63381.38905473021,10000.0
63381.45593991564,10000.0
63381.52282510108,10000.0
63381.58971028651,10000.0
63381.65659547195,10000.0
63381.72348065738,10000.0
63381.79036584282,10000.0
63381.857251028254,10000.0
63381.92413621369,10000.0
63381.991021399124,10000.0
63382.05790658456,10000.0
63382.124791769995,10000.0
63382.19167695543,10000.0
63382.258562140865,10000.0
63382.3254473263,10000.0
63382.392332511736,10000.0
63382.45921769717,10000.0
63382.526102882606,10000.0
63382.59298806804,10000.0
63382.65987325348,10000.0
63382.72675843891,10000.0
63382.79364362435,10000.0
63382.86052880978,10000.0
63382.92741399522,10000.0
63382.99429918065,10000.0
63383.06118436609,10000.0
63383.12806955152,10000.0
63383.19495473696,10000.0
63383.261839922394,10000.0
63383.32872510783,10000.0
63383.395610293264,10000.0
63383.4624954787,10000.0
63383.529380664135,10000.0
63383.59626584957,10000.0
63383.663151035005,10000.0
63383.73003622044,10000.0
63383.796921405876,10000.0
63383.86380659131,10000.0
63383.930691776746,10000.0
63383.99757696218,10000.0
63384.06446214762,10000.0
63384.13134733305,10000.0
63384.19823251849,10000.0
63384.26511770392,10000.0
63384.33200288936,10000.0
63384.39888807479,10000.0
63384.46577326023,10000.0
63384.53265844566,10000.0
63384.5995436311,10000.0
63384.666428816534,10000.0
63384.73331400197,10000.0
63384.800199187404,10000.0
63384.86708437284,10000.0
63384.933969558275,10000.0
63385.00085474371,10000.0
63385.067739929145,10000.0
63385.13462511458,10000.0
63385.201510300016,10000.0
63385.26839548545,10000.0
63385.335280670886,10000.0
63385.40216585632,10000.0
63385.46905104176,10000.0
63385.53593622719,10000.0
63385.60282141263,10000.0
63385.66970659806,10000.0
63385.7365917835,10000.0
63385.80347696893,10000.0
63385.87036215437,10000.0
63385.9372473398,10000.0
63386.00413252524,10000.0
63386.071017710674,10000.0
63386.13790289611,10000.0
63386.204788081544,10000.0
63386.27167326698,10000.0
63386.338558452415,10000.0
63386.40544363785,10000.0
63386.472328823285,10000.0
63386.53921400872,10000.0
63386.606099194156,10000.0
63386.67298437959,10000.0
63386.739869565026,10000.0
63386.80675475046,10000.0
63386.8736399359,10000.0
63386.94052512133,10000.0
63387.00741030677,10000.0
63387.0742954922,10000.0
63387.141180677645,10000.0
63387.20806586308,10000.0
63387.274951048516,10000.0
63387.34183623395,10000.0
63387.408721419386,10000.0
63387.47560660482,10000.0
63387.54249179026,10000.0
63387.60937697569,10000.0
63387.67626216113,10000.0
63387.74314734656,10000.0
63387.810032532,10000.0
63387.87691771743,10000.0
63387.94380290287,10000.0
63388.0106880883,10000.0
63388.07757327374,10000.0
63388.14445845917,10000.0
63388.21134364461,10000.0
63388.278228830044,10000.0
63388.34511401548,10000.0
63388.411999200915,10000.0
63388.47888438635,10000.0
63388.545769571785,10000.0
63388.61265475722,10000.0
63388.679539942656,10000.0
63388.74642512809,10000.0
63388.813310313526,10000.0
63388.88019549896,10000.0
63388.9470806844,10000.0
63389.01396586983,10000.0
63389.08085105527,10000.0
63389.1477362407,10000.0
63389.21462142614,10000.0
63389.28150661157,10000.0
63389.34839179701,10000.0
63389.41527698244,10000.0
63389.48216216788,10000.0
63389.549047353314,10000.0
63389.61593253875,10000.0
63389.682817724184,10000.0
63389.74970290962,10000.0
63389.816588095055,10000.0
63389.88347328049,10000.0
63389.950358465925,10000.0
63390.01724365136,10000.0
63390.084128836796,10000.0
63390.15101402223,10000.0
63390.217899207666,10000.0
63390.2847843931,10000.0
63390.35166957854,10000.0
63390.41855476397,10000.0
63390.48543994941,10000.0
63390.55232513484,10000.0
63390.61921032028,10000.0
63390.68609550571,10000.0
63390.75298069115,10000.0
63390.81986587658,10000.0
63390.88675106202,10000.0
63390.953636247454,10000.0
63391.02052143289,10000.0
63391.087406618324,10000.0
63391.15429180376,10000.0
63391.221176989195,10000.0
63391.28806217463,10000.0
63391.354947360065,10000.0
63391.4218325455,10000.0
63391.488717730936,10000.0
63391.55560291637,10000.0
63391.622488101806,10000.0
63391.68937328724,10000.0
63391.75625847268,10000.0
63391.82314365811,10000.0
63391.89002884355,10000.0
63391.95691402898,10000.0
63392.02379921442,10000.0
63392.09068439985,10000.0
63392.15756958529,10000.0
63392.22445477072,10000.0
63392.29133995616,10000.0
63392.358225141594,10000.0
63392.42511032703,10000.0
63392.491995512464,10000.0
63392.5588806979,10000.0
63392.625765883335,10000.0
63392.69265106877,10000.0
63392.759536254205,10000.0
63392.82642143964,10000.0
63392.893306625076,10000.0
63392.96019181051,10000.0
63393.027076995946,10000.0
63393.09396218138,10000.0
63393.16084736682,10000.0
63393.22773255225,10000.0
63393.29461773769,10000.0
63393.36150292312,10000.0
63393.42838810856,10000.0
63393.49527329399,10000.0
63393.56215847943,10000.0
63393.62904366486,10000.0
63393.6959288503,10000.0
63393.762814035734,10000.0
63393.82969922117,10000.0
63393.896584406604,10000.0
63393.96346959204,10000.0
63394.030354777475,10000.0
63394.09723996291,10000.0
63394.164125148345,10000.0
63394.23101033378,10000.0
63394.297895519216,10000.0
63394.36478070465,10000.0
63394.431665890086,10000.0
63394.49855107552,10000.0
63394.56543626096,10000.0
63394.63232144639,10000.0
63394.69920663183,10000.0
63394.76609181726,10000.0
63394.8329770027,10000.0
63394.89986218813,10000.0
63394.96674737357,10000.0
63395.033632559,10000.0
63395.10051774444,10000.0
63395.167402929874,10000.0
63395.23428811531,10000.0
63395.301173300744,10000.0
63395.36805848618,10000.0
63395.434943671615,10000.0
63395.50182885705,10000.0
63395.568714042485,10000.0
63395.63559922792,10000.0
63395.702484413356,10000.0
63395.76936959879,10000.0
63395.836254784226,10000.0
63395.90313996966,10000.0
63395.9700251551,10000.0
63396.03691034053,10000.0
63396.10379552597,10000.0
63396.1706807114,10000.0
63396.23756589684,10000.0
63396.30445108228,10000.0
63396.37133626771,10000.0
63396.43822145315,10000.0
63396.505106638586,10000.0
63396.57199182402,10000.0
63396.638877009456,10000.0
63396.70576219489,10000.0
63396.77264738033,10000.0
63396.83953256576,10000.0
63396.9064177512,10000.0
63396.97330293663,10000.0
63397.04018812207,10000.0
63397.1070733075,10000.0
63397.17395849294,10000.0
63397.24084367837,10000.0
63397.30772886381,10000.0
63397.374614049244,10000.0
63397.44149923468,10000.0
63397.508384420114,10000.0
63397.57526960555,10000.0
63397.642154790985,10000.0
63397.70903997642,10000.0
63397.775925161855,10000.0
63397.84281034729,10000.0
63397.909695532726,10000.0
63397.97658071816,10000.0
63398.0434659036,10000.0
63398.11035108903,10000.0
63398.17723627447,10000.0
63398.2441214599,10000.0
63398.31100664534,10000.0
63398.37789183077,10000.0
63398.44477701621,10000.0
63398.51166220164,10000.0
63398.57854738708,10000.0
63398.64543257251,10000.0
63398.71231775795,10000.0
63398.779202943384,10000.0
63398.84608812882,10000.0
63398.912973314254,10000.0
63398.97985849969,10000.0
63399.046743685125,10000.0
63399.11362887056,10000.0
63399.180514055995,10000.0
63399.24739924143,10000.0
63399.314284426866,10000.0
63399.3811696123,10000.0
63399.44805479774,10000.0
63399.51493998317,10000.0
63399.58182516861,10000.0
63399.64871035404,10000.0
63399.71559553948,10000.0
63399.78248072491,10000.0
63399.84936591035,10000.0
63399.91625109578,10000.0
63399.98313628122,10000.0
63400.05002146665,10000.0
63400.11690665209,10000.0
63400.183791837524,10000.0
63400.25067702296,10000.0
63400.317562208395,10000.0
63400.38444739383,10000.0
63400.451332579265,10000.0
63400.5182177647,10000.0
63400.585102950135,10000.0
63400.65198813557,10000.0
63400.718873321006,10000.0
63400.78575850644,10000.0
63400.85264369188,10000.0
63400.91952887731,10000.0
63400.98641406275,10000.0
63401.05329924818,10000.0
63401.12018443362,10000.0
63401.18706961905,10000.0
63401.25395480449,10000.0
63401.32083998992,10000.0
63401.38772517536,10000.0
63401.45461036079,10000.0
63401.52149554623,10000.0
63401.588380731664,10000.0
63401.6552659171,10000.0
63401.722151102535,10000.0
63401.78903628797,10000.0
63401.855921473405,10000.0
63401.92280665884,10000.0
63401.989691844276,10000.0
63402.05657702971,10000.0
63402.123462215146,10000.0
63402.19034740058,10000.0
63402.25723258602,10000.0
63402.32411777145,10000.0
63402.39100295689,10000.0
63402.45788814232,10000.0
63402.52477332776,10000.0
63402.59165851319,10000.0
63402.65854369863,10000.0
63402.72542888406,10000.0
63402.7923140695,10000.0
63402.85919925493,10000.0
63402.92608444037,10000.0
63402.992969625804,10000.0
63403.05985481124,10000.0
63403.126739996675,10000.0
63403.19362518211,10000.0
63403.260510367545,10000.0
63403.32739555298,10000.0
63403.394280738416,10000.0
63403.46116592385,10000.0
63403.528051109286,10000.0
63403.59493629472,10000.0
63403.66182148016,10000.0
63403.72870666559,10000.0
63403.79559185103,10000.0
63403.86247703646,10000.0
63403.9293622219,10000.0
63403.99624740733,10000.0
63404.06313259277,10000.0
63404.1300177782,10000.0
63404.19690296364,10000.0
63404.263788149074,10000.0
63404.33067333451,10000.0
63404.397558519944,10000.0
63404.46444370538,10000.0
63404.531328890815,10000.0
63404.59821407625,10000.0
63404.665099261685,10000.0
63404.73198444712,10000.0
63404.798869632556,10000.0
63404.86575481799,10000.0
63404.932640003426,10000.0
63404.99952518886,10000.0
63405.0664103743,10000.0
63405.13329555973,10000.0
63405.20018074517,10000.0
63405.2670659306,10000.0
63405.33395111604,10000.0
63405.40083630147,10000.0
63405.46772148691,10000.0
63405.53460667234,10000.0
63405.601491857786,10000.0
63405.66837704322,10000.0
63405.735262228656,10000.0
63405.80214741409,10000.0
63405.86903259953,10000.0
63405.93591778496,10000.0
63406.0028029704,10000.0
63406.06968815583,10000.0
63406.13657334127,10000.0
63406.2034585267,10000.0
63406.27034371214,10000.0
63406.33722889757,10000.0
63406.40411408301,10000.0
63406.470999268444,10000.0
63406.53788445388,10000.0
63406.604769639314,10000.0
63406.67165482475,10000.0
63406.738540010185,10000.0
63406.80542519562,10000.0
63406.872310381055,10000.0
63406.93919556649,10000.0
63407.006080751926,10000.0
63407.07296593736,10000.0
63407.139851122796,10000.0
63407.20673630823,10000.0
63407.27362149367,10000.0
63407.3405066791,10000.0
63407.40739186454,10000.0
63407.47427704997,10000.0
63407.54116223541,10000.0
63407.60804742084,10000.0
63407.67493260628,10000.0
63407.74181779171,10000.0
63407.80870297715,10000.0
63407.875588162584,10000.0
63407.94247334802,10000.0
63408.009358533454,10000.0
63408.07624371889,10000.0
63408.143128904325,10000.0
63408.21001408976,10000.0
63408.276899275195,10000.0
63408.34378446063,10000.0
63408.410669646066,10000.0
63408.4775548315,10000.0
63408.544440016936,10000.0
63408.61132520237,10000.0
63408.67821038781,10000.0
63408.74509557324,10000.0
63408.81198075868,10000.0
63408.87886594411,10000.0
63408.94575112955,10000.0
63409.01263631498,10000.0
63409.07952150042,10000.0
63409.14640668585,10000.0
63409.21329187129,10000.0
63409.280177056724,10000.0
63409.34706224216,10000.0
63409.413947427594,10000.0
63409.48083261303,10000.0
63409.547717798465,10000.0
63409.6146029839,10000.0
63409.681488169335,10000.0
63409.74837335477,10000.0
63409.815258540206,10000.0
63409.88214372564,10000.0
63409.949028911076,10000.0
63410.01591409651,10000.0
63410.08279928195,10000.0
63410.14968446738,10000.0
63410.21656965282,10000.0
63410.28345483825,10000.0
63410.35034002369,10000.0
63410.41722520912,10000.0
63410.48411039456,10000.0
63410.55099557999,10000.0
63410.61788076543,10000.0
63410.684765950864,10000.0
63410.7516511363,10000.0
63410.818536321734,10000.0
63410.88542150717,10000.0
63410.952306692605,10000.0
63411.01919187804,10000.0
63411.086077063475,10000.0
63411.15296224891,10000.0
63411.219847434346,10000.0
63411.28673261978,10000.0
63411.353617805216,10000.0
63411.42050299065,10000.0
63411.48738817609,10000.0
63411.55427336152,10000.0
63411.62115854696,10000.0
63411.68804373239,10000.0
63411.75492891783,10000.0
63411.82181410326,10000.0
63411.8886992887,10000.0
63411.95558447413,10000.0
63412.02246965957,10000.0
63412.089354845004,10000.0
63412.15624003044,10000.0
63412.223125215874,10000.0
63412.29001040131,10000.0
63412.356895586745,10000.0
63412.42378077218,10000.0
63412.490665957615,10000.0
63412.55755114305,10000.0
63412.624436328486,10000.0
63412.69132151392,10000.0
63412.75820669936,10000.0
63412.82509188479,10000.0
63412.89197707023,10000.0
63412.95886225566,10000.0
63413.0257474411,10000.0
63413.09263262653,10000.0
63413.15951781197,10000.0
63413.2264029974,10000.0
63413.29328818284,10000.0
63413.36017336827,10000.0
63413.42705855371,10000.0
63413.493943739144,10000.0
63413.56082892458,10000.0
63413.627714110014,10000.0
63413.69459929545,10000.0
63413.761484480885,10000.0
63413.82836966632,10000.0
63413.895254851755,10000.0
63413.96214003719,10000.0
63414.029025222626,10000.0
63414.09591040806,10000.0
63414.1627955935,10000.0
63414.22968077893,10000.0
63414.29656596437,10000.0
63414.3634511498,10000.0
63414.43033633524,10000.0
63414.49722152067,10000.0
63414.56410670611,10000.0
63414.63099189154,10000.0
63414.69787707698,10000.0
63414.76476226242,10000.0
63414.83164744785,10000.0
63414.89853263329,10000.0
63414.96541781873,10000.0
63415.03230300416,10000.0
63415.0991881896,10000.0
63415.16607337503,10000.0
63415.23295856047,10000.0
63415.2998437459,10000.0
63415.36672893134,10000.0
63415.43361411677,10000.0
63415.50049930221,10000.0
63415.567384487644,10000.0
63415.63426967308,10000.0
63415.701154858514,10000.0
63415.76804004395,10000.0
63415.834925229385,10000.0
63415.90181041482,10000.0
63415.968695600255,10000.0
63416.03558078569,10000.0
63416.102465971126,10000.0
63416.16935115656,10000.0
63416.236236341996,10000.0
63416.30312152743,10000.0
63416.37000671287,10000.0
63416.4368918983,10000.0
63416.50377708374,10000.0
63416.57066226917,10000.0
63416.63754745461,10000.0
63416.70443264004,10000.0
63416.77131782548,10000.0
63416.83820301091,10000.0
63416.90508819635,10000.0
63416.971973381784,10000.0
63417.03885856722,10000.0
63417.105743752654,10000.0
63417.17262893809,10000.0
63417.239514123525,10000.0
63417.30639930896,10000.0
63417.373284494395,10000.0
63417.44016967983,10000.0
63417.507054865266,10000.0
63417.5739400507,10000.0
63417.640825236136,10000.0
63417.70771042157,10000.0
63417.77459560701,10000.0
63417.84148079244,10000.0
63417.90836597788,10000.0
63417.97525116331,10000.0
63418.04213634875,10000.0
63418.10902153418,10000.0
63418.17590671962,10000.0
63418.24279190505,10000.0
63418.30967709049,10000.0
63418.376562275924,10000.0
63418.44344746136,10000.0
63418.510332646794,10000.0
63418.57721783223,10000.0
63418.644103017665,10000.0
63418.7109882031,10000.0
63418.777873388535,10000.0
63418.84475857397,10000.0
63418.911643759406,10000.0
63418.97852894484,10000.0
63419.045414130276,10000.0
63419.11229931571,10000.0
63419.17918450115,10000.0
63419.24606968658,10000.0
63419.31295487202,10000.0
63419.37984005745,10000.0
63419.44672524289,10000.0
63419.51361042832,10000.0
63419.58049561376,10000.0
63419.64738079919,10000.0
63419.71426598463,10000.0
63419.781151170064,10000.0
63419.8480363555,10000.0
63419.914921540934,10000.0
63419.98180672637,10000.0
63420.048691911805,10000.0
63420.11557709724,10000.0
63420.182462282675,10000.0
63420.24934746811,10000.0
63420.316232653546,10000.0
63420.38311783898,10000.0
63420.450003024416,10000.0
63420.51688820985,10000.0
63420.58377339529,10000.0
63420.65065858072,10000.0
63420.71754376616,10000.0
63420.78442895159,10000.0
63420.85131413703,10000.0
63420.91819932246,10000.0
63420.9850845079,10000.0
63421.05196969333,10000.0
63421.11885487877,10000.0
63421.185740064204,10000.0
63421.25262524964,10000.0
63421.319510435074,10000.0
63421.38639562051,10000.0
63421.453280805945,10000.0
63421.52016599138,10000.0
63421.587051176815,10000.0
63421.65393636225,10000.0
63421.720821547686,10000.0
63421.78770673312,10000.0
63421.854591918556,10000.0
63421.92147710399,10000.0
63421.98836228943,10000.0
63422.05524747486,10000.0
63422.1221326603,10000.0
63422.18901784573,10000.0
63422.25590303117,10000.0
63422.3227882166,10000.0
63422.38967340204,10000.0
63422.45655858747,10000.0
63422.52344377291,10000.0
63422.590328958344,10000.0
63422.65721414378,10000.0
63422.724099329214,10000.0
63422.79098451465,10000.0
63422.857869700085,10000.0
63422.92475488552,10000.0
63422.991640070955,10000.0
63423.05852525639,10000.0
63423.125410441826,10000.0
63423.19229562726,10000.0
63423.259180812696,10000.0
63423.32606599813,10000.0
63423.39295118357,10000.0
63423.459836369,10000.0
63423.52672155444,10000.0
63423.59360673987,10000.0
63423.66049192531,10000.0
63423.72737711074,10000.0
63423.79426229618,10000.0
63423.86114748161,10000.0
63423.92803266705,10000.0
63423.994917852484,10000.0
63424.06180303793,10000.0
63424.12868822336,10000.0
63424.1955734088,10000.0
63424.26245859423,10000.0
63424.32934377967,10000.0
63424.3962289651,10000.0
63424.46311415054,10000.0
63424.52999933597,10000.0
63424.59688452141,10000.0
63424.66376970684,10000.0
63424.73065489228,10000.0
63424.797540077714,10000.0
63424.86442526315,10000.0
63424.931310448585,10000.0
63424.99819563402,10000.0
63425.065080819455,10000.0
63425.13196600489,10000.0
63425.198851190326,10000.0
63425.26573637576,10000.0
63425.332621561196,10000.0
63425.39950674663,10000.0
63425.46639193207,10000.0
63425.5332771175,10000.0
63425.60016230294,10000.0
63425.66704748837,10000.0
63425.73393267381,10000.0
63425.80081785924,10000.0
63425.86770304468,10000.0
63425.93458823011,10000.0
63426.00147341555,10000.0
63426.06835860098,10000.0
63426.13524378642,10000.0
63426.202128971854,10000.0
63426.26901415729,10000.0
63426.335899342725,10000.0
63426.40278452816,10000.0
63426.469669713595,10000.0
63426.53655489903,10000.0
63426.603440084466,10000.0
63426.6703252699,10000.0
63426.737210455336,10000.0
63426.80409564077,10000.0
63426.87098082621,10000.0
63426.93786601164,10000.0
63427.00475119708,10000.0
63427.07163638251,10000.0
63427.13852156795,10000.0
63427.20540675338,10000.0
63427.27229193882,10000.0
63427.33917712425,10000.0
63427.40606230969,10000.0
63427.472947495124,10000.0
63427.53983268056,10000.0
63427.606717865994,10000.0
63427.67360305143,10000.0
63427.740488236865,10000.0
63427.8073734223,10000.0
63427.874258607735,10000.0
63427.94114379317,10000.0
63428.008028978606,10000.0
63428.07491416404,10000.0
63428.141799349476,10000.0
63428.20868453491,10000.0
63428.27556972035,10000.0
63428.34245490578,10000.0
63428.40934009122,10000.0
63428.47622527665,10000.0
63428.54311046209,10000.0
63428.60999564752,10000.0
63428.67688083296,10000.0
63428.74376601839,10000.0
63428.81065120383,10000.0
63428.877536389264,10000.0
63428.9444215747,10000.0
63429.011306760134,10000.0
63429.07819194557,10000.0
63429.145077131005,10000.0
63429.21196231644,10000.0
63429.278847501875,10000.0
63429.34573268731,10000.0
63429.412617872746,10000.0
63429.47950305818,10000.0
63429.546388243616,10000.0
63429.61327342905,10000.0
63429.68015861449,10000.0
63429.74704379992,10000.0
63429.81392898536,10000.0
63429.88081417079,10000.0
63429.94769935623,10000.0
63430.01458454166,10000.0
63430.0814697271,10000.0
63430.14835491253,10000.0
63430.21524009797,10000.0
63430.282125283404,10000.0
63430.34901046884,10000.0
63430.415895654274,10000.0
63430.48278083971,10000.0
63430.549666025145,10000.0
63430.61655121058,10000.0
63430.683436396015,10000.0
63430.75032158145,10000.0
63430.817206766886,10000.0
63430.88409195232,10000.0
63430.950977137756,10000.0
63431.01786232319,10000.0
63431.08474750863,10000.0
63431.15163269406,10000.0
63431.2185178795,10000.0
63431.28540306493,10000.0
63431.35228825037,10000.0
63431.4191734358,10000.0
63431.48605862124,10000.0
63431.55294380667,10000.0
63431.61982899211,10000.0
63431.686714177544,10000.0
63431.75359936298,10000.0
63431.820484548414,10000.0
63431.88736973385,10000.0
63431.954254919285,10000.0
63432.02114010472,10000.0
63432.088025290155,10000.0
63432.15491047559,10000.0
63432.221795661026,10000.0
63432.28868084646,10000.0
63432.355566031896,10000.0
63432.42245121733,10000.0
63432.48933640277,10000.0
63432.5562215882,10000.0
63432.62310677364,10000.0
63432.68999195907,10000.0
63432.75687714451,10000.0
63432.82376232994,10000.0
63432.89064751538,10000.0
63432.95753270081,10000.0
63433.02441788625,10000.0
63433.091303071684,10000.0
63433.15818825712,10000.0
63433.22507344256,10000.0
63433.29195862799,10000.0
63433.35884381343,10000.0
63433.42572899887,10000.0
63433.4926141843,10000.0
63433.55949936974,10000.0
63433.62638455517,10000.0
63433.69326974061,10000.0
63433.76015492604,10000.0
63433.82704011148,10000.0
63433.893925296914,10000.0
63433.96081048235,10000.0
63434.027695667784,10000.0
63434.09458085322,10000.0
63434.161466038655,10000.0
63434.22835122409,10000.0
63434.295236409525,10000.0
63434.36212159496,10000.0
63434.429006780396,10000.0
63434.49589196583,10000.0
63434.562777151266,10000.0
63434.6296623367,10000.0
63434.69654752214,10000.0
63434.76343270757,10000.0
63434.83031789301,10000.0
63434.89720307844,10000.0
63434.96408826388,10000.0
63435.03097344931,10000.0
63435.09785863475,10000.0
63435.16474382018,10000.0
63435.23162900562,10000.0
63435.298514191054,10000.0
63435.36539937649,10000.0
63435.432284561924,10000.0
63435.49916974736,10000.0
63435.566054932795,10000.0
63435.63294011823,10000.0
63435.699825303665,10000.0
63435.7667104891,10000.0
63435.833595674536,10000.0
63435.90048085997,10000.0
63435.96736604541,10000.0
63436.03425123084,10000.0
63436.10113641628,10000.0
63436.16802160171,10000.0
63436.23490678715,10000.0
63436.30179197258,10000.0
63436.36867715802,10000.0
63436.43556234345,10000.0
63436.50244752889,10000.0
63436.56933271432,10000.0
63436.63621789976,10000.0
63436.703103085194,10000.0
63436.76998827063,10000.0
63436.836873456064,10000.0
63436.9037586415,10000.0
63436.970643826935,10000.0
63437.03752901237,10000.0
63437.104414197805,10000.0
63437.17129938324,10000.0
63437.238184568676,10000.0
63437.30506975411,10000.0
63437.37195493955,10000.0
63437.43884012498,10000.0
63437.50572531042,10000.0
63437.57261049585,10000.0
63437.63949568129,10000.0
63437.70638086672,10000.0
63437.77326605216,10000.0
63437.84015123759,10000.0
63437.90703642303,10000.0
63437.97392160846,10000.0
63438.0408067939,10000.0
63438.107691979334,10000.0
63438.17457716477,10000.0
63438.241462350205,10000.0
63438.30834753564,10000.0
63438.375232721075,10000.0
63438.44211790651,10000.0
63438.509003091945,10000.0
63438.57588827738,10000.0
63438.642773462816,10000.0
63438.70965864825,10000.0
63438.77654383369,10000.0
63438.84342901912,10000.0
63438.91031420456,10000.0
63438.97719938999,10000.0
63439.04408457543,10000.0
63439.11096976086,10000.0
63439.1778549463,10000.0
63439.24474013173,10000.0
63439.31162531717,10000.0
63439.3785105026,10000.0
63439.44539568804,10000.0
63439.512280873474,10000.0
63439.57916605891,10000.0
63439.646051244345,10000.0
63439.71293642978,10000.0
63439.779821615215,10000.0
63439.84670680065,10000.0
63439.913591986086,10000.0
63439.98047717152,10000.0
63440.047362356956,10000.0
63440.11424754239,10000.0
63440.18113272783,10000.0
63440.24801791326,10000.0
63440.3149030987,10000.0
63440.38178828413,10000.0
63440.44867346957,10000.0
63440.515558655,10000.0
63440.58244384044,10000.0
63440.64932902587,10000.0
63440.71621421131,10000.0
63440.78309939674,10000.0
63440.84998458218,10000.0
63440.916869767614,10000.0
63440.98375495305,10000.0
63441.050640138485,10000.0
63441.11752532392,10000.0
63441.184410509355,10000.0
63441.25129569479,10000.0
63441.318180880226,10000.0
63441.38506606566,10000.0
63441.451951251096,10000.0
63441.51883643653,10000.0
63441.58572162197,10000.0
63441.6526068074,10000.0
63441.71949199284,10000.0
63441.78637717827,10000.0
63441.85326236371,10000.0
63441.92014754914,10000.0
63441.98703273458,10000.0
63442.05391792001,10000.0
63442.12080310545,10000.0
63442.187688290884,10000.0
63442.25457347632,10000.0
63442.321458661754,10000.0
63442.38834384719,10000.0
63442.455229032625,10000.0
63442.52211421807,10000.0
63442.5889994035,10000.0
63442.65588458894,10000.0
63442.72276977437,10000.0
63442.78965495981,10000.0
63442.85654014524,10000.0
63442.92342533068,10000.0
63442.990310516114,10000.0
63443.05719570155,10000.0
63443.124080886984,10000.0
63443.19096607242,10000.0
63443.257851257855,10000.0
63443.32473644329,10000.0
63443.391621628725,10000.0
63443.45850681416,10000.0
63443.525391999596,10000.0
63443.59227718503,10000.0
63443.659162370466,10000.0
63443.7260475559,10000.0
63443.79293274134,10000.0
63443.85981792677,10000.0
63443.92670311221,10000.0
63443.99358829764,10000.0
63444.06047348308,10000.0
63444.12735866851,10000.0
63444.19424385395,10000.0
63444.26112903938,10000.0
63444.32801422482,10000.0
63444.394899410254,10000.0
63444.46178459569,10000.0
63444.528669781124,10000.0
63444.59555496656,10000.0
63444.662440151995,10000.0
63444.72932533743,10000.0
63444.796210522865,10000.0
63444.8630957083,10000.0
63444.929980893736,10000.0
63444.99686607917,10000.0
63445.063751264606,10000.0
63445.13063645004,10000.0
63445.19752163548,10000.0
63445.26440682091,10000.0
63445.33129200635,10000.0
63445.39817719178,10000.0
63445.46506237722,10000.0
63445.53194756265,10000.0
63445.59883274809,10000.0
63445.66571793352,10000.0
63445.73260311896,10000.0
63445.799488304394,10000.0
63445.86637348983,10000.0
63445.933258675264,10000.0
63446.0001438607,10000.0
63446.067029046135,10000.0
63446.13391423157,10000.0
63446.200799417005,10000.0
63446.26768460244,10000.0
63446.334569787876,10000.0
63446.40145497331,10000.0
63446.468340158746,10000.0
63446.53522534418,10000.0
63446.60211052962,10000.0
63446.66899571505,10000.0
63446.73588090049,10000.0
63446.80276608592,10000.0
63446.86965127136,10000.0
63446.93653645679,10000.0
63447.00342164223,10000.0
63447.07030682766,10000.0
63447.1371920131,10000.0
63447.204077198534,10000.0
63447.27096238397,10000.0
63447.337847569404,10000.0
63447.40473275484,10000.0
63447.471617940275,10000.0
63447.53850312571,10000.0
63447.605388311145,10000.0
63447.67227349658,10000.0
63447.739158682016,10000.0
63447.80604386745,10000.0
63447.872929052886,10000.0
63447.93981423832,10000.0
63448.00669942376,10000.0
63448.07358460919,10000.0
63448.14046979463,10000.0
63448.20735498006,10000.0
63448.2742401655,10000.0
63448.34112535093,10000.0
63448.40801053637,10000.0
63448.4748957218,10000.0
63448.54178090724,10000.0
63448.608666092674,10000.0
63448.67555127811,10000.0
63448.742436463544,10000.0
63448.80932164898,10000.0
63448.876206834415,10000.0
63448.94309201985,10000.0
63449.009977205285,10000.0
63449.07686239072,10000.0
63449.143747576156,10000.0
63449.21063276159,10000.0
63449.277517947026,10000.0
63449.34440313246,10000.0
63449.4112883179,10000.0
63449.47817350333,10000.0
63449.54505868877,10000.0
63449.6119438742,10000.0
63449.67882905964,10000.0
63449.74571424507,10000.0
63449.81259943051,10000.0
63449.87948461594,10000.0
63449.94636980138,10000.0
63450.013254986814,10000.0
63450.08014017225,10000.0
63450.147025357684,10000.0
63450.21391054312,10000.0
63450.280795728555,10000.0
63450.34768091399,10000.0
63450.414566099425,10000.0
63450.48145128486,10000.0
63450.548336470296,10000.0
63450.61522165573,10000.0
63450.68210684117,10000.0
63450.7489920266,10000.0
63450.81587721204,10000.0
63450.88276239747,10000.0
63450.94964758291,10000.0
63451.01653276834,10000.0
63451.08341795378,10000.0
63451.15030313921,10000.0
63451.21718832465,10000.0
63451.28407351008,10000.0
63451.35095869552,10000.0
63451.417843880954,10000.0
63451.48472906639,10000.0
63451.551614251825,10000.0
63451.61849943726,10000.0
63451.6853846227,10000.0
63451.75226980813,10000.0
63451.81915499357,10000.0
63451.88604017901,10000.0
63451.95292536444,10000.0
63452.01981054988,10000.0
63452.086695735314,10000.0
63452.15358092075,10000.0
63452.220466106184,10000.0
63452.28735129162,10000.0
63452.354236477055,10000.0
63452.42112166249,10000.0
63452.488006847925,10000.0
63452.55489203336,10000.0
63452.621777218796,10000.0
63452.68866240423,10000.0
63452.755547589666,10000.0
63452.8224327751,10000.0
63452.88931796054,10000.0
63452.95620314597,10000.0
63453.02308833141,10000.0
63453.08997351684,10000.0
63453.15685870228,10000.0
63453.22374388771,10000.0
63453.29062907315,10000.0
63453.35751425858,10000.0
63453.42439944402,10000.0
63453.491284629454,10000.0
63453.55816981489,10000.0
63453.625055000324,10000.0
63453.69194018576,10000.0
63453.758825371195,10000.0
63453.82571055663,10000.0
63453.892595742065,10000.0
63453.9594809275,10000.0
63454.026366112936,10000.0
63454.09325129837,10000.0
63454.160136483806,10000.0
63454.22702166924,10000.0
63454.29390685468,10000.0
63454.36079204011,10000.0
63454.42767722555,10000.0
63454.49456241098,10000.0
63454.56144759642,10000.0
63454.62833278185,10000.0
63454.69521796729,10000.0
63454.76210315272,10000.0
63454.82898833816,10000.0
63454.895873523594,10000.0
63454.96275870903,10000.0
63455.029643894464,10000.0
63455.0965290799,10000.0
63455.163414265335,10000.0
63455.23029945077,10000.0
63455.297184636205,10000.0
63455.36406982164,10000.0
63455.430955007076,10000.0
63455.49784019251,10000.0
63455.564725377946,10000.0
63455.63161056338,10000.0
63455.69849574882,10000.0
63455.76538093425,10000.0
63455.83226611969,10000.0
63455.89915130512,10000.0
63455.96603649056,10000.0
63456.03292167599,10000.0
63456.09980686143,10000.0
63456.16669204686,10000.0
63456.2335772323,10000.0
63456.300462417734,10000.0
63456.36734760317,10000.0
63456.434232788604,10000.0
63456.50111797404,10000.0
63456.568003159475,10000.0
63456.63488834491,10000.0
63456.701773530345,10000.0
63456.76865871578,10000.0
63456.835543901216,10000.0
63456.90242908665,10000.0
63456.969314272086,10000.0
63457.03619945752,10000.0
63457.10308464296,10000.0
63457.16996982839,10000.0
63457.23685501383,10000.0
63457.30374019926,10000.0
63457.3706253847,10000.0
63457.43751057013,10000.0
63457.50439575557,10000.0
63457.571280941,10000.0
63457.63816612644,10000.0
63457.705051311874,10000.0
63457.77193649731,10000.0
63457.838821682744,10000.0
63457.90570686818,10000.0
63457.972592053615,10000.0
63458.03947723905,10000.0
63458.106362424485,10000.0
63458.17324760992,10000.0
63458.240132795356,10000.0
63458.30701798079,10000.0
63458.373903166226,10000.0
63458.44078835166,10000.0
63458.5076735371,10000.0
63458.57455872253,10000.0
63458.64144390797,10000.0
63458.7083290934,10000.0
63458.77521427884,10000.0
63458.84209946427,10000.0
63458.90898464971,10000.0
63458.97586983514,10000.0
63459.04275502058,10000.0
63459.109640206014,10000.0
63459.17652539145,10000.0
63459.243410576884,10000.0
63459.31029576232,10000.0
63459.377180947755,10000.0
63459.44406613319,10000.0
63459.510951318625,10000.0
63459.57783650406,10000.0
63459.644721689496,10000.0
63459.71160687493,10000.0
63459.778492060366,10000.0
63459.8453772458,10000.0
63459.91226243124,10000.0
63459.97914761667,10000.0
63460.04603280211,10000.0
63460.11291798754,10000.0
63460.17980317298,10000.0
63460.24668835841,10000.0
63460.31357354385,10000.0
63460.38045872928,10000.0
63460.44734391472,10000.0
63460.514229100154,10000.0
63460.58111428559,10000.0
63460.647999471024,10000.0
63460.71488465646,10000.0
63460.781769841895,10000.0
63460.84865502733,10000.0
63460.915540212765,10000.0
63460.98242539821,10000.0
63461.04931058364,10000.0
63461.11619576908,10000.0
63461.18308095451,10000.0
63461.24996613995,10000.0
63461.316851325384,10000.0
63461.38373651082,10000.0
63461.450621696255,10000.0
63461.51750688169,10000.0
63461.584392067125,10000.0
63461.65127725256,10000.0
63461.718162437995,10000.0
63461.78504762343,10000.0
63461.851932808866,10000.0
63461.9188179943,10000.0
63461.98570317974,10000.0
63462.05258836517,10000.0
63462.11947355061,10000.0
63462.18635873604,10000.0
63462.25324392148,10000.0
63462.32012910691,10000.0
63462.38701429235,10000.0
63462.45389947778,10000.0
63462.52078466322,10000.0
63462.58766984865,10000.0
63462.65455503409,10000.0
63462.721440219524,10000.0
63462.78832540496,10000.0
63462.855210590395,10000.0
63462.92209577583,10000.0
63462.988980961265,10000.0
63463.0558661467,10000.0
63463.122751332136,10000.0
63463.18963651757,10000.0
63463.256521703006,10000.0
63463.32340688844,10000.0
63463.39029207388,10000.0
63463.45717725931,10000.0
63463.52406244475,10000.0
63463.59094763018,10000.0
63463.65783281562,10000.0
63463.72471800105,10000.0
63463.79160318649,10000.0
63463.85848837192,10000.0
63463.92537355736,10000.0
63463.99225874279,10000.0
63464.05914392823,10000.0
63464.126029113664,10000.0
63464.1929142991,10000.0
63464.259799484535,10000.0
63464.32668466997,10000.0
63464.393569855405,10000.0
63464.46045504084,10000.0
63464.527340226276,10000.0
63464.59422541171,10000.0
63464.661110597146,10000.0
63464.72799578258,10000.0
63464.79488096802,10000.0
63464.86176615345,10000.0
63464.92865133889,10000.0
63464.99553652432,10000.0
63465.06242170976,10000.0
63465.12930689519,10000.0
63465.19619208063,10000.0
63465.26307726606,10000.0
63465.3299624515,10000.0
63465.396847636934,10000.0
63465.46373282237,10000.0
63465.530618007804,10000.0
63465.59750319324,10000.0
63465.664388378675,10000.0
63465.73127356411,10000.0
63465.798158749545,10000.0
63465.86504393498,10000.0
63465.931929120416,10000.0
63465.99881430585,10000.0
63466.065699491286,10000.0
63466.13258467672,10000.0
63466.19946986216,10000.0
63466.26635504759,10000.0
63466.33324023303,10000.0
63466.40012541846,10000.0
63466.4670106039,10000.0
63466.53389578933,10000.0
63466.60078097477,10000.0
63466.6676661602,10000.0
63466.73455134564,10000.0
63466.801436531074,10000.0
63466.86832171651,10000.0
63466.935206901944,10000.0
63467.00209208738,10000.0
63467.068977272815,10000.0
63467.13586245825,10000.0
63467.202747643685,10000.0
63467.26963282912,10000.0
63467.336518014556,10000.0
63467.40340319999,10000.0
63467.470288385426,10000.0
63467.53717357086,10000.0
63467.6040587563,10000.0
63467.67094394173,10000.0
63467.73782912717,10000.0
63467.8047143126,10000.0
63467.87159949804,10000.0
63467.93848468347,10000.0
63468.00536986891,10000.0
63468.07225505434,10000.0
63468.13914023978,10000.0
63468.206025425214,10000.0
63468.27291061065,10000.0
63468.339795796084,10000.0
63468.40668098152,10000.0
63468.473566166955,10000.0
63468.54045135239,10000.0
63468.607336537825,10000.0
63468.67422172326,10000.0
63468.741106908696,10000.0
63468.80799209413,10000.0
63468.874877279566,10000.0
63468.941762465,10000.0
63469.00864765044,10000.0
63469.07553283587,10000.0
63469.14241802131,10000.0
63469.20930320674,10000.0
63469.27618839218,10000.0
63469.34307357761,10000.0
63469.40995876305,10000.0
63469.47684394848,10000.0
63469.54372913392,10000.0
63469.610614319354,10000.0
63469.67749950479,10000.0
63469.744384690224,10000.0
63469.81126987566,10000.0
63469.878155061095,10000.0
63469.94504024653,10000.0
63470.011925431965,10000.0
63470.0788106174,10000.0
63470.14569580284,10000.0
63470.21258098827,10000.0
63470.27946617371,10000.0
63470.34635135915,10000.0
63470.413236544584,10000.0
63470.48012173002,10000.0
63470.547006915454,10000.0
63470.61389210089,10000.0
63470.680777286325,10000.0
63470.74766247176,10000.0
63470.814547657195,10000.0
63470.88143284263,10000.0
63470.948318028066,10000.0
63471.0152032135,10000.0
63471.082088398936,10000.0
63471.14897358437,10000.0
63471.21585876981,10000.0
63471.28274395524,10000.0
63471.34962914068,10000.0
63471.41651432611,10000.0
63471.48339951155,10000.0
63471.55028469698,10000.0
63471.61716988242,10000.0
63471.68405506785,10000.0
63471.75094025329,10000.0
63471.817825438724,10000.0
63471.88471062416,10000.0
63471.951595809594,10000.0
63472.01848099503,10000.0
63472.085366180465,10000.0
63472.1522513659,10000.0
63472.219136551335,10000.0
63472.28602173677,10000.0
63472.352906922206,10000.0
63472.41979210764,10000.0
63472.486677293076,10000.0
63472.55356247851,10000.0
63472.62044766395,10000.0
63472.68733284938,10000.0
63472.75421803482,10000.0
63472.82110322025,10000.0
63472.88798840569,10000.0
63472.95487359112,10000.0
63473.02175877656,10000.0
63473.08864396199,10000.0
63473.15552914743,10000.0
63473.222414332864,10000.0
63473.2892995183,10000.0
63473.356184703734,10000.0
63473.42306988917,10000.0
63473.489955074605,10000.0
63473.55684026004,10000.0
63473.623725445475,10000.0
63473.69061063091,10000.0
63473.757495816346,10000.0
63473.82438100178,10000.0
63473.89126618722,10000.0
63473.95815137265,10000.0
63474.02503655809,10000.0
63474.09192174352,10000.0
63474.15880692896,10000.0
63474.22569211439,10000.0
63474.29257729983,10000.0
63474.35946248526,10000.0
63474.4263476707,10000.0
63474.49323285613,10000.0
63474.56011804157,10000.0
63474.627003227004,10000.0
63474.69388841244,10000.0
63474.760773597875,10000.0
63474.82765878331,10000.0
63474.894543968745,10000.0
63474.96142915418,10000.0
63475.028314339615,10000.0
63475.09519952505,10000.0
63475.162084710486,10000.0
63475.22896989592,10000.0
63475.29585508136,10000.0
63475.36274026679,10000.0
63475.42962545223,10000.0
63475.49651063766,10000.0
63475.5633958231,10000.0
63475.63028100853,10000.0
63475.69716619397,10000.0
63475.7640513794,10000.0
63475.83093656484,10000.0
63475.89782175027,10000.0
63475.96470693571,10000.0
63476.031592121144,10000.0
63476.09847730658,10000.0
63476.165362492015,10000.0
63476.23224767745,10000.0
63476.299132862885,10000.0
63476.36601804832,10000.0
63476.432903233755,10000.0
63476.49978841919,10000.0
63476.566673604626,10000.0
63476.63355879006,10000.0
63476.7004439755,10000.0
63476.76732916093,10000.0
63476.83421434637,10000.0
63476.9010995318,10000.0
63476.96798471724,10000.0
63477.03486990267,10000.0
63477.10175508811,10000.0
63477.16864027354,10000.0
63477.23552545898,10000.0
63477.30241064441,10000.0
63477.36929582985,10000.0
63477.436181015284,10000.0
63477.50306620072,10000.0
63477.569951386155,10000.0
63477.63683657159,10000.0
63477.703721757025,10000.0
63477.77060694246,10000.0
63477.837492127896,10000.0
63477.90437731333,10000.0
63477.971262498766,10000.0
63478.0381476842,10000.0
63478.10503286964,10000.0
63478.17191805507,10000.0
63478.23880324051,10000.0
63478.30568842594,10000.0
63478.37257361138,10000.0
63478.43945879681,10000.0
63478.50634398225,10000.0
63478.57322916768,10000.0
63478.64011435312,10000.0
63478.706999538554,10000.0
63478.77388472399,10000.0
63478.840769909424,10000.0
63478.90765509486,10000.0
63478.974540280295,10000.0
63479.04142546573,10000.0
63479.108310651165,10000.0
63479.1751958366,10000.0
63479.242081022036,10000.0
63479.30896620747,10000.0
63479.375851392906,10000.0
63479.44273657835,10000.0
63479.509621763784,10000.0
63479.57650694922,10000.0
63479.643392134654,10000.0
63479.71027732009,10000.0
63479.777162505525,10000.0
63479.84404769096,10000.0
63479.910932876395,10000.0
63479.97781806183,10000.0
63480.044703247266,10000.0
63480.1115884327,10000.0
63480.178473618136,10000.0
63480.24535880357,10000.0
63480.31224398901,10000.0
63480.37912917444,10000.0
63480.44601435988,10000.0
63480.51289954531,10000.0
63480.57978473075,10000.0
63480.64666991618,10000.0
63480.71355510162,10000.0
63480.78044028705,10000.0
63480.84732547249,10000.0
63480.914210657924,10000.0
63480.98109584336,10000.0
63481.047981028794,10000.0
63481.11486621423,10000.0
63481.181751399665,10000.0
63481.2486365851,10000.0
63481.315521770535,10000.0
63481.38240695597,10000.0
63481.449292141406,10000.0
63481.51617732684,10000.0
63481.583062512276,10000.0
63481.64994769771,10000.0
63481.71683288315,10000.0
63481.78371806858,10000.0
63481.85060325402,10000.0
63481.91748843945,10000.0
63481.98437362489,10000.0
63482.05125881032,10000.0
63482.11814399576,10000.0
63482.18502918119,10000.0
63482.25191436663,10000.0
63482.318799552064,10000.0
63482.3856847375,10000.0
63482.452569922934,10000.0
63482.51945510837,10000.0
63482.586340293805,10000.0
63482.65322547924,10000.0
63482.720110664675,10000.0
63482.78699585011,10000.0
63482.853881035546,10000.0
63482.92076622098,10000.0
63482.987651406416,10000.0
63483.05453659185,10000.0
63483.12142177729,10000.0
63483.18830696272,10000.0
63483.25519214816,10000.0
63483.32207733359,10000.0
63483.38896251903,10000.0
63483.45584770446,10000.0
63483.5227328899,10000.0
63483.58961807533,10000.0
63483.65650326077,10000.0
63483.723388446204,10000.0
63483.79027363164,10000.0
63483.857158817074,10000.0
63483.92404400251,10000.0
63483.990929187945,10000.0
63484.05781437338,10000.0
63484.124699558815,10000.0
63484.19158474425,10000.0
63484.258469929686,10000.0
63484.32535511512,10000.0
63484.392240300556,10000.0
63484.45912548599,10000.0
63484.52601067143,10000.0
63484.59289585686,10000.0
63484.6597810423,10000.0
63484.72666622773,10000.0
63484.79355141317,10000.0
63484.8604365986,10000.0
63484.92732178404,10000.0
63484.99420696947,10000.0
63485.06109215491,10000.0
63485.127977340344,10000.0
63485.19486252578,10000.0
63485.261747711214,10000.0
63485.32863289665,10000.0
63485.395518082085,10000.0
63485.46240326752,10000.0
63485.529288452955,10000.0
63485.59617363839,10000.0
63485.663058823826,10000.0
63485.72994400926,10000.0
63485.796829194696,10000.0
63485.86371438013,10000.0
63485.93059956557,10000.0
63485.997484751,10000.0
63486.06436993644,10000.0
63486.13125512187,10000.0
63486.19814030731,10000.0
63486.26502549274,10000.0
63486.33191067818,10000.0
63486.39879586361,10000.0
63486.46568104905,10000.0
63486.532566234484,10000.0
63486.59945141992,10000.0
63486.666336605354,10000.0
63486.73322179079,10000.0
63486.800106976225,10000.0
63486.86699216166,10000.0
63486.933877347095,10000.0
63487.00076253253,10000.0
63487.067647717966,10000.0
63487.1345329034,10000.0
63487.20141808884,10000.0
63487.26830327427,10000.0
63487.33518845971,10000.0
63487.40207364514,10000.0
63487.46895883058,10000.0
63487.53584401601,10000.0
63487.60272920145,10000.0
63487.66961438688,10000.0
63487.73649957232,10000.0
63487.80338475775,10000.0
63487.87026994319,10000.0
63487.937155128624,10000.0
63488.00404031406,10000.0
63488.070925499494,10000.0
63488.13781068493,10000.0
63488.204695870365,10000.0
63488.2715810558,10000.0
63488.338466241235,10000.0
63488.40535142667,10000.0
63488.472236612106,10000.0
63488.53912179754,10000.0
63488.606006982984,10000.0
63488.67289216841,10000.0
63488.739777353854,10000.0
63488.80666253929,10000.0
63488.873547724725,10000.0
63488.94043291016,10000.0
63489.007318095595,10000.0
63489.07420328103,10000.0
63489.141088466466,10000.0
63489.2079736519,10000.0
63489.274858837336,10000.0
63489.34174402277,10000.0
63489.40862920821,10000.0
63489.47551439364,10000.0
63489.54239957908,10000.0
63489.60928476451,10000.0
63489.67616994995,10000.0
63489.74305513538,10000.0
63489.80994032082,10000.0
63489.87682550625,10000.0
63489.94371069169,10000.0
63490.010595877124,10000.0
63490.07748106256,10000.0
63490.144366247994,10000.0
63490.21125143343,10000.0
63490.278136618865,10000.0
63490.3450218043,10000.0
63490.411906989735,10000.0
63490.47879217517,10000.0
63490.545677360606,10000.0
63490.61256254604,10000.0
63490.679447731476,10000.0
63490.74633291691,10000.0
63490.81321810235,10000.0
63490.88010328778,10000.0
63490.94698847322,10000.0
63491.01387365865,10000.0
63491.08075884409,10000.0
63491.14764402952,10000.0
63491.21452921496,10000.0
63491.28141440039,10000.0
63491.34829958583,10000.0
63491.415184771264,10000.0
63491.4820699567,10000.0
63491.548955142134,10000.0
63491.61584032757,10000.0
63491.682725513005,10000.0
63491.74961069844,10000.0
63491.816495883875,10000.0
63491.88338106931,10000.0
63491.950266254746,10000.0
63492.01715144018,10000.0
63492.084036625616,10000.0
63492.15092181105,10000.0
63492.21780699649,10000.0
63492.28469218192,10000.0
63492.35157736736,10000.0
63492.41846255279,10000.0
63492.48534773823,10000.0
63492.55223292366,10000.0
63492.6191181091,10000.0
63492.68600329453,10000.0
63492.75288847997,10000.0
63492.819773665404,10000.0
63492.88665885084,10000.0
63492.953544036274,10000.0
63493.02042922171,10000.0
63493.087314407145,10000.0
63493.15419959258,10000.0
63493.221084778015,10000.0
63493.28796996345,10000.0
63493.354855148886,10000.0
63493.42174033432,10000.0
63493.488625519756,10000.0
63493.55551070519,10000.0
63493.62239589063,10000.0
63493.68928107606,10000.0
63493.7561662615,10000.0
63493.82305144693,10000.0
63493.88993663237,10000.0
63493.9568218178,10000.0
63494.02370700324,10000.0
63494.09059218867,10000.0
63494.15747737411,10000.0
63494.224362559544,10000.0
63494.29124774498,10000.0
63494.358132930414,10000.0
63494.42501811585,10000.0
63494.491903301285,10000.0
63494.55878848672,10000.0
63494.625673672155,10000.0
63494.69255885759,10000.0
63494.759444043026,10000.0
63494.82632922846,10000.0
63494.893214413896,10000.0
63494.96009959933,10000.0
63495.02698478477,10000.0
63495.0938699702,10000.0
63495.16075515564,10000.0
63495.22764034107,10000.0
63495.29452552651,10000.0
63495.36141071194,10000.0
63495.42829589738,10000.0
63495.49518108281,10000.0
63495.56206626825,10000.0
63495.628951453684,10000.0
63495.69583663912,10000.0
63495.762721824554,10000.0
63495.82960700999,10000.0
63495.896492195425,10000.0
63495.96337738086,10000.0
63496.030262566295,10000.0
63496.09714775173,10000.0
63496.164032937166,10000.0
63496.2309181226,10000.0
63496.297803308036,10000.0
63496.36468849347,10000.0
63496.43157367891,10000.0
63496.49845886434,10000.0
63496.56534404978,10000.0
63496.63222923521,10000.0
63496.69911442065,10000.0
63496.76599960608,10000.0
63496.83288479152,10000.0
63496.89976997695,10000.0
63496.96665516239,10000.0
63497.033540347824,10000.0
63497.10042553326,10000.0
63497.167310718694,10000.0
63497.23419590413,10000.0
63497.301081089565,10000.0
63497.367966275,10000.0
63497.434851460435,10000.0
63497.50173664587,10000.0
63497.568621831306,10000.0
63497.63550701674,10000.0
63497.702392202176,10000.0
63497.76927738761,10000.0
63497.83616257305,10000.0
63497.90304775849,10000.0
63497.969932943925,10000.0
63498.03681812936,10000.0
63498.103703314795,10000.0
63498.17058850023,10000.0
63498.237473685665,10000.0
63498.3043588711,10000.0
63498.371244056536,10000.0
63498.43812924197,10000.0
63498.50501442741,10000.0
63498.57189961284,10000.0
63498.63878479828,10000.0
63498.70566998371,10000.0
63498.77255516915,10000.0
63498.83944035458,10000.0
63498.90632554002,10000.0
63498.97321072545,10000.0
63499.04009591089,10000.0
63499.10698109632,10000.0
63499.17386628176,10000.0
63499.240751467194,10000.0
63499.30763665263,10000.0
63499.374521838065,10000.0
63499.4414070235,10000.0
63499.508292208935,10000.0
63499.57517739437,10000.0
63499.642062579805,10000.0
63499.70894776524,10000.0
63499.775832950676,10000.0
63499.84271813611,10000.0
63499.90960332155,10000.0
63499.97648850698,10000.0
63500.04337369242,10000.0
63500.11025887785,10000.0
63500.17714406329,10000.0
63500.24402924872,10000.0
63500.31091443416,10000.0
63500.37779961959,10000.0
63500.44468480503,10000.0
63500.51156999046,10000.0
63500.5784551759,10000.0
63500.645340361334,10000.0
63500.71222554677,10000.0
63500.779110732205,10000.0
63500.84599591764,10000.0
63500.912881103075,10000.0
63500.97976628851,10000.0
63501.046651473946,10000.0
63501.11353665938,10000.0
63501.180421844816,10000.0
63501.24730703025,10000.0
63501.31419221569,10000.0
63501.38107740112,10000.0
63501.44796258656,10000.0
63501.51484777199,10000.0
63501.58173295743,10000.0
63501.64861814286,10000.0
63501.7155033283,10000.0
63501.78238851373,10000.0
63501.84927369917,10000.0
63501.916158884604,10000.0
63501.98304407004,10000.0
63502.049929255474,10000.0
63502.11681444091,10000.0
63502.183699626345,10000.0
63502.25058481178,10000.0
63502.317469997215,10000.0
63502.38435518265,10000.0
63502.451240368086,10000.0
63502.51812555352,10000.0
63502.585010738956,10000.0
63502.65189592439,10000.0
63502.71878110983,10000.0
63502.78566629526,10000.0
63502.8525514807,10000.0
63502.91943666613,10000.0
63502.98632185157,10000.0
63503.053207037,10000.0
63503.12009222244,10000.0
63503.18697740787,10000.0
63503.25386259331,10000.0
63503.320747778744,10000.0
63503.38763296418,10000.0
63503.454518149614,10000.0
63503.52140333505,10000.0
63503.588288520485,10000.0
63503.65517370592,10000.0
63503.722058891355,10000.0
63503.78894407679,10000.0
63503.855829262226,10000.0
63503.92271444766,10000.0
63503.989599633096,10000.0
63504.05648481853,10000.0
63504.12337000397,10000.0
63504.1902551894,10000.0
63504.25714037484,10000.0
63504.32402556027,10000.0
63504.39091074571,10000.0
63504.45779593114,10000.0
63504.52468111658,10000.0
63504.59156630201,10000.0
63504.65845148745,10000.0
63504.725336672884,10000.0
63504.79222185832,10000.0
63504.859107043754,10000.0
63504.92599222919,10000.0
63504.992877414625,10000.0
63505.05976260006,10000.0
63505.126647785495,10000.0
63505.19353297093,10000.0
63505.260418156366,10000.0
63505.3273033418,10000.0
63505.394188527236,10000.0
63505.46107371267,10000.0
63505.52795889811,10000.0
63505.59484408354,10000.0
63505.66172926898,10000.0
63505.72861445441,10000.0
63505.79549963985,10000.0
63505.86238482528,10000.0
63505.92927001072,10000.0
63505.99615519615,10000.0
63506.06304038159,10000.0
63506.129925567024,10000.0
63506.19681075246,10000.0
63506.263695937894,10000.0
63506.33058112333,10000.0
63506.397466308765,10000.0
63506.4643514942,10000.0
63506.531236679635,10000.0
63506.59812186507,10000.0
63506.665007050506,10000.0
63506.73189223594,10000.0
63506.798777421376,10000.0
63506.86566260681,10000.0
63506.93254779225,10000.0
63506.99943297768,10000.0
63507.066318163124,10000.0
63507.13320334855,10000.0
63507.200088533995,10000.0
63507.26697371943,10000.0
63507.333858904865,10000.0
63507.4007440903,10000.0
63507.467629275736,10000.0
63507.53451446117,10000.0
63507.601399646606,10000.0
63507.66828483204,10000.0
63507.73517001748,10000.0
63507.80205520291,10000.0
63507.86894038835,10000.0
63507.93582557378,10000.0
63508.00271075922,10000.0
63508.06959594465,10000.0
63508.13648113009,10000.0
63508.20336631552,10000.0
63508.27025150096,10000.0
63508.337136686394,10000.0
63508.40402187183,10000.0
63508.470907057264,10000.0
63508.5377922427,10000.0
63508.604677428135,10000.0
63508.67156261357,10000.0
63508.738447799005,10000.0
63508.80533298444,10000.0
63508.872218169876,10000.0
63508.93910335531,10000.0
63509.005988540746,10000.0
63509.07287372618,10000.0
63509.13975891162,10000.0
63509.20664409705,10000.0
63509.27352928249,10000.0
63509.34041446792,10000.0
63509.40729965336,10000.0
63509.47418483879,10000.0
63509.54107002423,10000.0
63509.60795520966,10000.0
63509.6748403951,10000.0
63509.741725580534,10000.0
63509.80861076597,10000.0
63509.875495951404,10000.0
63509.94238113684,10000.0
63510.009266322275,10000.0
63510.07615150771,10000.0
63510.143036693145,10000.0
63510.20992187858,10000.0
63510.276807064016,10000.0
63510.34369224945,10000.0
63510.41057743489,10000.0
63510.47746262032,10000.0
63510.54434780576,10000.0
63510.61123299119,10000.0
63510.67811817663,10000.0
63510.74500336206,10000.0
63510.8118885475,10000.0
63510.87877373293,10000.0
63510.94565891837,10000.0
63511.0125441038,10000.0
63511.07942928924,10000.0
63511.146314474674,10000.0
63511.21319966011,10000.0
63511.280084845544,10000.0
63511.34697003098,10000.0
63511.413855216415,10000.0
63511.48074040185,10000.0
63511.547625587285,10000.0
63511.61451077272,10000.0
63511.681395958156,10000.0
63511.74828114359,10000.0
63511.81516632903,10000.0
63511.88205151446,10000.0
63511.9489366999,10000.0
63512.01582188533,10000.0
63512.08270707077,10000.0
63512.1495922562,10000.0
63512.21647744164,10000.0
63512.28336262707,10000.0
63512.35024781251,10000.0
63512.41713299794,10000.0
63512.48401818338,10000.0
63512.550903368814,10000.0
63512.61778855425,10000.0
63512.684673739685,10000.0
63512.75155892512,10000.0
63512.818444110555,10000.0
63512.88532929599,10000.0
63512.952214481425,10000.0
63513.01909966686,10000.0
63513.085984852296,10000.0
63513.15287003773,10000.0
63513.21975522317,10000.0
63513.2866404086,10000.0
63513.35352559404,10000.0
63513.42041077947,10000.0
63513.48729596491,10000.0
63513.55418115034,10000.0
63513.62106633578,10000.0
63513.68795152121,10000.0
63513.75483670665,10000.0
63513.82172189208,10000.0
63513.88860707752,10000.0
63513.955492262954,10000.0
63514.02237744839,10000.0
63514.089262633825,10000.0
63514.15614781926,10000.0
63514.223033004695,10000.0
63514.28991819013,10000.0
63514.356803375566,10000.0
63514.423688561,10000.0
63514.490573746436,10000.0
63514.55745893187,10000.0
63514.62434411731,10000.0
63514.69122930274,10000.0
63514.75811448818,10000.0
63514.82499967361,10000.0
63514.89188485905,10000.0
63514.95877004448,10000.0
63515.02565522992,10000.0
63515.09254041535,10000.0
63515.15942560079,10000.0
63515.22631078622,10000.0
63515.29319597166,10000.0
63515.360081157094,10000.0
63515.42696634253,10000.0
63515.493851527965,10000.0
63515.5607367134,10000.0
63515.627621898835,10000.0
63515.69450708427,10000.0
63515.761392269706,10000.0
63515.82827745514,10000.0
63515.895162640576,10000.0
63515.96204782601,10000.0
63516.02893301145,10000.0
63516.09581819688,10000.0
63516.16270338232,10000.0
63516.22958856775,10000.0
63516.29647375319,10000.0
63516.36335893863,10000.0
63516.430244124065,10000.0
63516.4971293095,10000.0
63516.564014494936,10000.0
63516.63089968037,10000.0
63516.697784865806,10000.0
63516.76467005124,10000.0
63516.83155523668,10000.0
63516.89844042211,10000.0
63516.96532560755,10000.0
63517.03221079298,10000.0
63517.09909597842,10000.0
63517.16598116385,10000.0
63517.23286634929,10000.0
63517.29975153472,10000.0
63517.36663672016,10000.0
63517.433521905594,10000.0
63517.50040709103,10000.0
63517.567292276464,10000.0
63517.6341774619,10000.0
63517.701062647335,10000.0
63517.76794783277,10000.0
63517.834833018205,10000.0
63517.90171820364,10000.0
63517.968603389076,10000.0
63518.03548857451,10000.0
63518.102373759946,10000.0
63518.16925894538,10000.0
63518.23614413082,10000.0
63518.30302931625,10000.0
63518.36991450169,10000.0
63518.43679968712,10000.0
63518.50368487256,10000.0
63518.57057005799,10000.0
63518.63745524343,10000.0
63518.70434042886,10000.0
63518.7712256143,10000.0
63518.838110799734,10000.0
63518.90499598517,10000.0
63518.971881170604,10000.0
63519.03876635604,10000.0
63519.105651541475,10000.0
63519.17253672691,10000.0
63519.239421912345,10000.0
63519.30630709778,10000.0
63519.373192283216,10000.0
63519.44007746865,10000.0
63519.506962654086,10000.0
63519.57384783952,10000.0
63519.64073302496,10000.0
63519.70761821039,10000.0
63519.77450339583,10000.0
63519.84138858126,10000.0
63519.9082737667,10000.0
63519.97515895213,10000.0
63520.04204413757,10000.0
63520.108929323,10000.0
63520.17581450844,10000.0
63520.242699693874,10000.0
63520.30958487931,10000.0
63520.376470064744,10000.0
63520.44335525018,10000.0
63520.510240435615,10000.0
63520.57712562105,10000.0
63520.644010806485,10000.0
63520.71089599192,10000.0
63520.777781177356,10000.0
63520.84466636279,10000.0
63520.911551548226,10000.0
63520.97843673366,10000.0
63521.0453219191,10000.0
63521.11220710453,10000.0
63521.17909228997,10000.0
63521.2459774754,10000.0
63521.31286266084,10000.0
63521.37974784627,10000.0
63521.44663303171,10000.0
63521.51351821714,10000.0
63521.58040340258,10000.0
63521.647288588014,10000.0
63521.71417377345,10000.0
63521.781058958884,10000.0
63521.84794414432,10000.0
63521.914829329755,10000.0
63521.98171451519,10000.0
63522.048599700625,10000.0
63522.11548488606,10000.0
63522.182370071496,10000.0
63522.24925525693,10000.0
63522.316140442366,10000.0
63522.3830256278,10000.0
63522.44991081324,10000.0
63522.51679599867,10000.0
63522.58368118411,10000.0
63522.65056636954,10000.0
63522.71745155498,10000.0
63522.78433674041,10000.0
63522.85122192585,10000.0
63522.91810711128,10000.0
63522.98499229672,10000.0
63523.051877482154,10000.0
63523.11876266759,10000.0
63523.185647853024,10000.0
63523.25253303846,10000.0
63523.319418223895,10000.0
63523.38630340933,10000.0
63523.453188594765,10000.0
63523.5200737802,10000.0
63523.586958965636,10000.0
63523.65384415107,10000.0
63523.720729336506,10000.0
63523.78761452194,10000.0
63523.85449970738,10000.0
63523.92138489281,10000.0
63523.98827007825,10000.0
63524.05515526368,10000.0
63524.12204044912,10000.0
63524.18892563455,10000.0
63524.25581081999,10000.0
63524.32269600542,10000.0
63524.38958119086,10000.0
63524.456466376294,10000.0
63524.52335156173,10000.0
63524.590236747164,10000.0
63524.6571219326,10000.0
63524.724007118035,10000.0
63524.79089230347,10000.0
63524.857777488905,10000.0
63524.92466267434,10000.0
63524.991547859776,10000.0
63525.05843304521,10000.0
63525.12531823065,10000.0
63525.19220341608,10000.0
63525.25908860152,10000.0
63525.32597378695,10000.0
63525.39285897239,10000.0
63525.45974415782,10000.0
63525.526629343265,10000.0
63525.59351452869,10000.0
63525.660399714136,10000.0
63525.72728489957,10000.0
63525.794170085006,10000.0
63525.86105527044,10000.0
63525.92794045588,10000.0
63525.99482564131,10000.0
63526.06171082675,10000.0
63526.12859601218,10000.0
63526.19548119762,10000.0
63526.26236638305,10000.0
63526.32925156849,10000.0
63526.39613675392,10000.0
63526.46302193936,10000.0
63526.529907124794,10000.0
63526.59679231023,10000.0
63526.663677495664,10000.0
63526.7305626811,10000.0
63526.797447866535,10000.0
63526.86433305197,10000.0
63526.931218237405,10000.0
63526.99810342284,10000.0
63527.064988608276,10000.0
63527.13187379371,10000.0
63527.198758979146,10000.0
63527.26564416458,10000.0
63527.33252935002,10000.0
63527.39941453545,10000.0
63527.46629972089,10000.0
63527.53318490632,10000.0
63527.60007009176,10000.0
63527.66695527719,10000.0
63527.73384046263,10000.0
63527.80072564806,10000.0
63527.8676108335,10000.0
63527.934496018934,10000.0
63528.00138120437,10000.0
63528.068266389804,10000.0
63528.13515157524,10000.0
63528.202036760675,10000.0
63528.26892194611,10000.0
63528.335807131545,10000.0
63528.40269231698,10000.0
63528.469577502416,10000.0
63528.53646268785,10000.0
63528.603347873286,10000.0
63528.67023305872,10000.0
63528.73711824416,10000.0
63528.80400342959,10000.0
63528.87088861503,10000.0
63528.93777380046,10000.0
63529.0046589859,10000.0
63529.07154417133,10000.0
63529.13842935677,10000.0
63529.2053145422,10000.0
63529.27219972764,10000.0
63529.339084913074,10000.0
63529.40597009851,10000.0
63529.472855283944,10000.0
63529.53974046938,10000.0
63529.606625654815,10000.0
63529.67351084025,10000.0
63529.740396025685,10000.0
63529.80728121112,10000.0
63529.874166396556,10000.0
63529.94105158199,10000.0
63530.007936767426,10000.0
63530.07482195286,10000.0
63530.1417071383,10000.0
63530.20859232373,10000.0
63530.27547750917,10000.0
63530.3423626946,10000.0
63530.40924788004,10000.0
63530.47613306547,10000.0
63530.54301825091,10000.0
63530.60990343634,10000.0
63530.67678862178,10000.0
63530.743673807214,10000.0
63530.81055899265,10000.0
63530.877444178084,10000.0
63530.94432936352,10000.0
63531.011214548955,10000.0
63531.07809973439,10000.0
63531.144984919825,10000.0
63531.21187010526,10000.0
63531.278755290696,10000.0
63531.34564047613,10000.0
63531.412525661566,10000.0
63531.479410847,10000.0
63531.54629603244,10000.0
63531.61318121787,10000.0
63531.68006640331,10000.0
63531.74695158874,10000.0
63531.81383677418,10000.0
63531.88072195961,10000.0
63531.94760714505,10000.0
63532.01449233048,10000.0
63532.08137751592,10000.0
63532.148262701354,10000.0
63532.21514788679,10000.0
63532.282033072224,10000.0
63532.34891825766,10000.0
63532.415803443095,10000.0
63532.48268862853,10000.0
63532.549573813965,10000.0
63532.6164589994,10000.0
63532.683344184836,10000.0
63532.75022937027,10000.0
63532.817114555706,10000.0
63532.88399974114,10000.0
63532.95088492658,10000.0
63533.01777011201,10000.0
63533.08465529745,10000.0
63533.15154048288,10000.0
63533.21842566832,10000.0
63533.28531085375,10000.0
63533.35219603919,10000.0
63533.41908122462,10000.0
63533.48596641006,10000.0
63533.552851595494,10000.0
63533.61973678093,10000.0
63533.686621966364,10000.0
63533.7535071518,10000.0
63533.820392337235,10000.0
63533.88727752267,10000.0
63533.954162708105,10000.0
63534.02104789354,10000.0
63534.087933078976,10000.0
63534.15481826441,10000.0
63534.221703449846,10000.0
63534.28858863528,10000.0
63534.35547382072,10000.0
63534.42235900615,10000.0
63534.48924419159,10000.0
63534.55612937702,10000.0
63534.62301456246,10000.0
63534.68989974789,10000.0
63534.75678493333,10000.0
63534.82367011877,10000.0
63534.890555304206,10000.0
63534.95744048964,10000.0
63535.02432567508,10000.0
63535.09121086051,10000.0
63535.15809604595,10000.0
63535.22498123138,10000.0
63535.29186641682,10000.0
63535.35875160225,10000.0
63535.42563678769,10000.0
63535.49252197312,10000.0
63535.55940715856,10000.0
63535.62629234399,10000.0
63535.69317752943,10000.0
63535.760062714864,10000.0
63535.8269479003,10000.0
63535.893833085735,10000.0
63535.96071827117,10000.0
63536.027603456605,10000.0
63536.09448864204,10000.0
63536.161373827475,10000.0
63536.22825901291,10000.0
63536.295144198346,10000.0
63536.36202938378,10000.0
63536.42891456922,10000.0
63536.49579975465,10000.0
63536.56268494009,10000.0
63536.62957012552,10000.0
63536.69645531096,10000.0
63536.76334049639,10000.0
63536.83022568183,10000.0
63536.89711086726,10000.0
63536.9639960527,10000.0
63537.03088123813,10000.0
63537.09776642357,10000.0
63537.164651609004,10000.0
63537.23153679444,10000.0
63537.298421979875,10000.0
63537.36530716531,10000.0
63537.432192350745,10000.0
63537.49907753618,10000.0
63537.565962721616,10000.0
63537.63284790705,10000.0
63537.699733092486,10000.0
63537.76661827792,10000.0
63537.83350346336,10000.0
63537.90038864879,10000.0
63537.96727383423,10000.0
63538.03415901966,10000.0
63538.1010442051,10000.0
63538.16792939053,10000.0
63538.23481457597,10000.0
63538.3016997614,10000.0
63538.36858494684,10000.0
63538.43547013227,10000.0
63538.50235531771,10000.0
63538.569240503144,10000.0
63538.63612568858,10000.0
63538.703010874015,10000.0
63538.76989605945,10000.0
63538.836781244885,10000.0
63538.90366643032,10000.0
63538.970551615756,10000.0
63539.03743680119,10000.0
63539.104321986626,10000.0
63539.17120717206,10000.0
63539.2380923575,10000.0
63539.30497754293,10000.0
63539.37186272837,10000.0
63539.4387479138,10000.0
63539.50563309924,10000.0
63539.57251828467,10000.0
63539.63940347011,10000.0
63539.70628865554,10000.0
63539.77317384098,10000.0
63539.840059026414,10000.0
63539.90694421185,10000.0
63539.973829397284,10000.0
63540.04071458272,10000.0
63540.107599768155,10000.0
63540.17448495359,10000.0
63540.241370139025,10000.0
63540.30825532446,10000.0
63540.375140509896,10000.0
63540.44202569533,10000.0
63540.508910880766,10000.0
63540.5757960662,10000.0
63540.64268125164,10000.0
63540.70956643707,10000.0
63540.77645162251,10000.0
63540.84333680794,10000.0
63540.91022199338,10000.0
63540.97710717881,10000.0
63541.04399236425,10000.0
63541.11087754968,10000.0
63541.17776273512,10000.0
63541.244647920554,10000.0
63541.31153310599,10000.0
63541.378418291424,10000.0
63541.44530347686,10000.0
63541.512188662295,10000.0
63541.57907384773,10000.0
63541.645959033165,10000.0
63541.7128442186,10000.0
63541.779729404036,10000.0
63541.84661458947,10000.0
63541.913499774906,10000.0
63541.98038496034,10000.0
63542.04727014578,10000.0
63542.11415533121,10000.0
63542.18104051665,10000.0
63542.24792570208,10000.0
63542.31481088752,10000.0
63542.38169607295,10000.0
63542.44858125839,10000.0
63542.51546644382,10000.0
63542.58235162926,10000.0
63542.649236814694,10000.0
63542.71612200013,10000.0
63542.783007185564,10000.0
63542.849892371,10000.0
63542.916777556435,10000.0
63542.98366274187,10000.0
63543.050547927305,10000.0
63543.11743311274,10000.0
63543.184318298176,10000.0
63543.25120348361,10000.0
63543.318088669046,10000.0
63543.38497385448,10000.0
63543.45185903992,10000.0
63543.51874422535,10000.0
63543.58562941079,10000.0
63543.65251459622,10000.0
63543.71939978166,10000.0
63543.78628496709,10000.0
63543.85317015253,10000.0
63543.92005533796,10000.0
63543.986940523406,10000.0
63544.053825708834,10000.0
63544.120710894276,10000.0
63544.18759607971,10000.0
63544.25448126515,10000.0
63544.32136645058,10000.0
63544.38825163602,10000.0
63544.45513682145,10000.0
63544.52202200689,10000.0
63544.58890719232,10000.0
63544.65579237776,10000.0
63544.72267756319,10000.0
63544.78956274863,10000.0
63544.856447934064,10000.0
63544.9233331195,10000.0
63544.990218304934,10000.0
63545.05710349037,10000.0
63545.123988675805,10000.0
63545.19087386124,10000.0
63545.257759046675,10000.0
63545.32464423211,10000.0
63545.391529417546,10000.0
63545.45841460298,10000.0
63545.525299788416,10000.0
63545.59218497385,10000.0
63545.65907015929,10000.0
63545.72595534472,10000.0
63545.79284053016,10000.0
63545.85972571559,10000.0
63545.92661090103,10000.0
63545.99349608646,10000.0
63546.0603812719,10000.0
63546.12726645733,10000.0
63546.19415164277,10000.0
63546.261036828204,10000.0
63546.32792201364,10000.0
63546.394807199074,10000.0
63546.46169238451,10000.0
63546.528577569945,10000.0
63546.59546275538,10000.0
63546.662347940815,10000.0
63546.72923312625,10000.0
63546.796118311686,10000.0
63546.86300349712,10000.0
63546.929888682556,10000.0
63546.99677386799,10000.0
63547.06365905343,10000.0
63547.13054423886,10000.0
63547.1974294243,10000.0
63547.26431460973,10000.0
63547.33119979517,10000.0
63547.3980849806,10000.0
63547.46497016604,10000.0
63547.53185535147,10000.0
63547.59874053691,10000.0
63547.665625722344,10000.0
63547.73251090778,10000.0
63547.799396093214,10000.0
63547.86628127865,10000.0
63547.933166464085,10000.0
63548.00005164952,10000.0
63548.066936834955,10000.0
63548.13382202039,10000.0
63548.200707205826,10000.0
63548.26759239126,10000.0
63548.3344775767,10000.0
63548.40136276213,10000.0
63548.46824794757,10000.0
63548.535133133,10000.0
63548.60201831844,10000.0
63548.66890350387,10000.0
63548.73578868931,10000.0
63548.80267387474,10000.0
63548.86955906018,10000.0
63548.93644424561,10000.0
63549.00332943105,10000.0
63549.070214616484,10000.0
63549.13709980192,10000.0
63549.203984987354,10000.0
63549.27087017279,10000.0
63549.337755358225,10000.0
63549.40464054366,10000.0
63549.471525729095,10000.0
63549.53841091453,10000.0
63549.605296099966,10000.0
63549.6721812854,10000.0
63549.73906647084,10000.0
63549.80595165627,10000.0
63549.87283684171,10000.0
63549.93972202714,10000.0
63550.00660721258,10000.0
63550.07349239801,10000.0
63550.14037758345,10000.0
63550.20726276888,10000.0
63550.27414795432,10000.0
63550.34103313975,10000.0
63550.40791832519,10000.0
63550.474803510624,10000.0
63550.54168869606,10000.0
63550.608573881495,10000.0
63550.67545906693,10000.0
63550.742344252365,10000.0
63550.8092294378,10000.0
63550.876114623235,10000.0
63550.94299980867,10000.0
63551.009884994106,10000.0
63551.07677017954,10000.0
63551.14365536498,10000.0
63551.21054055041,10000.0
63551.27742573585,10000.0
63551.34431092128,10000.0
63551.41119610672,10000.0
63551.47808129215,10000.0
63551.54496647759,10000.0
63551.61185166302,10000.0
63551.67873684846,10000.0
63551.74562203389,10000.0
63551.81250721933,10000.0
63551.879392404764,10000.0
63551.9462775902,10000.0
63552.013162775635,10000.0
63552.08004796107,10000.0
63552.146933146505,10000.0
63552.21381833194,10000.0
63552.280703517376,10000.0
63552.34758870281,10000.0
63552.414473888246,10000.0
63552.48135907368,10000.0
63552.54824425912,10000.0
63552.61512944455,10000.0
63552.68201462999,10000.0
63552.74889981542,10000.0
63552.81578500086,10000.0
63552.88267018629,10000.0
63552.94955537173,10000.0
63553.01644055716,10000.0
63553.0833257426,10000.0
63553.15021092803,10000.0
63553.21709611347,10000.0
63553.28398129891,10000.0
63553.35086648435,10000.0
63553.41775166978,10000.0
63553.48463685522,10000.0
63553.55152204065,10000.0
63553.61840722609,10000.0
63553.68529241152,10000.0
63553.75217759696,10000.0
63553.81906278239,10000.0
63553.88594796783,10000.0
63553.952833153264,10000.0
63554.0197183387,10000.0
63554.086603524134,10000.0
63554.15348870957,10000.0
63554.220373895005,10000.0
63554.28725908044,10000.0
63554.354144265875,10000.0
63554.42102945131,10000.0
63554.487914636746,10000.0
63554.55479982218,10000.0
63554.621685007616,10000.0
63554.68857019305,10000.0
63554.75545537849,10000.0
63554.82234056392,10000.0
63554.88922574936,10000.0
63554.95611093479,10000.0
63555.02299612023,10000.0
63555.08988130566,10000.0
63555.1567664911,10000.0
63555.22365167653,10000.0
63555.29053686197,10000.0
63555.357422047404,10000.0
63555.42430723284,10000.0
63555.491192418274,10000.0
63555.55807760371,10000.0
63555.624962789145,10000.0
63555.69184797458,10000.0
63555.758733160015,10000.0
63555.82561834545,10000.0
63555.892503530886,10000.0
63555.95938871632,10000.0
63556.026273901756,10000.0
63556.09315908719,10000.0
63556.16004427263,10000.0
63556.22692945806,10000.0
63556.2938146435,10000.0
63556.36069982893,10000.0
63556.42758501437,10000.0
63556.4944701998,10000.0
63556.56135538524,10000.0
63556.62824057067,10000.0
63556.69512575611,10000.0
63556.762010941544,10000.0
63556.82889612698,10000.0
63556.895781312414,10000.0
63556.96266649785,10000.0
63557.029551683285,10000.0
63557.09643686872,10000.0
63557.163322054155,10000.0
63557.23020723959,10000.0
63557.297092425026,10000.0
63557.36397761046,10000.0
63557.430862795896,10000.0
63557.49774798133,10000.0
63557.56463316677,10000.0
63557.6315183522,10000.0
63557.69840353764,10000.0
63557.76528872307,10000.0
63557.83217390851,10000.0
63557.89905909394,10000.0
63557.96594427938,10000.0
63558.03282946481,10000.0
63558.09971465025,10000.0
63558.166599835684,10000.0
63558.23348502112,10000.0
63558.300370206554,10000.0
63558.36725539199,10000.0
63558.434140577425,10000.0
63558.50102576286,10000.0
63558.567910948295,10000.0
63558.63479613373,10000.0
63558.701681319166,10000.0
63558.7685665046,10000.0
63558.835451690036,10000.0
63558.90233687547,10000.0
63558.96922206091,10000.0
63559.03610724634,10000.0
63559.10299243178,10000.0
63559.16987761721,10000.0
63559.23676280265,10000.0
63559.30364798808,10000.0
63559.37053317352,10000.0
63559.43741835895,10000.0
63559.50430354439,10000.0
63559.571188729824,10000.0
63559.63807391526,10000.0
63559.704959100694,10000.0
63559.77184428613,10000.0
63559.838729471565,10000.0
63559.905614657,10000.0
63559.972499842435,10000.0
63560.03938502787,10000.0
63560.106270213306,10000.0
63560.17315539874,10000.0
63560.240040584176,10000.0
63560.30692576961,10000.0
63560.37381095505,10000.0
63560.44069614048,10000.0
63560.50758132592,10000.0
63560.57446651135,10000.0
63560.64135169679,10000.0
63560.70823688222,10000.0
63560.77512206766,10000.0
63560.84200725309,10000.0
63560.90889243853,10000.0
63560.975777623964,10000.0
63561.0426628094,10000.0
63561.109547994834,10000.0
63561.17643318027,10000.0
63561.243318365705,10000.0
63561.31020355114,10000.0
63561.377088736575,10000.0
63561.44397392201,10000.0
63561.510859107446,10000.0
63561.57774429288,10000.0
63561.644629478316,10000.0
63561.71151466375,10000.0
63561.77839984919,10000.0
63561.84528503462,10000.0
63561.91217022006,10000.0
63561.97905540549,10000.0
63562.04594059093,10000.0
63562.11282577636,10000.0
63562.1797109618,10000.0
63562.24659614723,10000.0
63562.31348133267,10000.0
63562.380366518104,10000.0
63562.44725170355,10000.0
63562.514136888974,10000.0
63562.58102207442,10000.0
63562.64790725985,10000.0
63562.71479244529,10000.0
63562.78167763072,10000.0
63562.84856281616,10000.0
63562.91544800159,10000.0
63562.98233318703,10000.0
63563.049218372464,10000.0
63563.1161035579,10000.0
63563.182988743334,10000.0
63563.24987392877,10000.0
63563.316759114205,10000.0
63563.38364429964,10000.0
63563.450529485075,10000.0
63563.51741467051,10000.0
63563.584299855946,10000.0
63563.65118504138,10000.0
63563.718070226816,10000.0
63563.78495541225,10000.0
63563.85184059769,10000.0
63563.91872578312,10000.0
63563.98561096856,10000.0
63564.05249615399,10000.0
63564.11938133943,10000.0
63564.18626652486,10000.0
63564.2531517103,10000.0
63564.32003689573,10000.0
63564.38692208117,10000.0
63564.453807266604,10000.0
63564.52069245204,10000.0
63564.587577637474,10000.0
63564.65446282291,10000.0
63564.721348008345,10000.0
63564.78823319378,10000.0
63564.855118379215,10000.0
63564.92200356465,10000.0
63564.988888750086,10000.0
63565.05577393552,10000.0
63565.122659120956,10000.0
63565.18954430639,10000.0
63565.25642949183,10000.0
63565.32331467726,10000.0
63565.3901998627,10000.0
63565.45708504813,10000.0
63565.52397023357,10000.0
63565.590855419,10000.0
63565.65774060444,10000.0
63565.72462578987,10000.0
63565.79151097531,10000.0
63565.858396160744,10000.0
63565.92528134618,10000.0
63565.992166531614,10000.0
63566.05905171705,10000.0
63566.125936902485,10000.0
63566.19282208792,10000.0
63566.259707273355,10000.0
63566.32659245879,10000.0
63566.393477644226,10000.0
63566.46036282966,10000.0
63566.527248015096,10000.0
63566.59413320053,10000.0
63566.66101838597,10000.0
63566.7279035714,10000.0
63566.79478875684,10000.0
63566.86167394227,10000.0
63566.92855912771,10000.0
63566.99544431314,10000.0
63567.06232949858,10000.0
63567.12921468401,10000.0
63567.19609986945,10000.0
63567.262985054884,10000.0
63567.32987024032,10000.0
63567.396755425754,10000.0
63567.46364061119,10000.0
63567.530525796625,10000.0
63567.59741098206,10000.0
63567.664296167495,10000.0
63567.73118135293,10000.0
63567.798066538366,10000.0
63567.8649517238,10000.0
63567.931836909236,10000.0
63567.99872209467,10000.0
63568.06560728011,10000.0
63568.13249246554,10000.0
63568.19937765098,10000.0
63568.26626283641,10000.0
63568.33314802185,10000.0
63568.40003320728,10000.0
63568.46691839272,10000.0
63568.53380357815,10000.0
63568.60068876359,10000.0
63568.667573949024,10000.0
63568.73445913446,10000.0
63568.801344319894,10000.0
63568.86822950533,10000.0
63568.935114690765,10000.0
63569.0019998762,10000.0
63569.068885061635,10000.0
63569.13577024707,10000.0
63569.202655432506,10000.0
63569.26954061794,10000.0
63569.336425803376,10000.0
63569.40331098881,10000.0
63569.47019617425,10000.0
63569.53708135968,10000.0
63569.60396654512,10000.0
63569.67085173055,10000.0
63569.73773691599,10000.0
63569.80462210142,10000.0
63569.87150728686,10000.0
63569.93839247229,10000.0
63570.00527765773,10000.0
63570.072162843164,10000.0
63570.1390480286,10000.0
63570.205933214034,10000.0
63570.27281839947,10000.0
63570.339703584905,10000.0
63570.40658877034,10000.0
63570.473473955775,10000.0
63570.54035914121,10000.0
63570.607244326646,10000.0
63570.67412951208,10000.0
63570.741014697516,10000.0
63570.80789988295,10000.0
63570.87478506839,10000.0
63570.94167025382,10000.0
63571.00855543926,10000.0
63571.07544062469,10000.0
63571.14232581013,10000.0
63571.20921099556,10000.0
63571.276096181,10000.0
63571.34298136643,10000.0
63571.40986655187,10000.0
63571.476751737304,10000.0
63571.54363692274,10000.0
63571.610522108174,10000.0
63571.67740729361,10000.0
63571.74429247905,10000.0
63571.81117766449,10000.0
63571.87806284992,10000.0
63571.94494803536,10000.0
63572.01183322079,10000.0
63572.07871840623,10000.0
63572.14560359166,10000.0
63572.2124887771,10000.0
63572.279373962534,10000.0
63572.34625914797,10000.0
63572.413144333404,10000.0
63572.48002951884,10000.0
63572.546914704275,10000.0
63572.61379988971,10000.0
63572.680685075145,10000.0
63572.74757026058,10000.0
63572.814455446016,10000.0
63572.88134063145,10000.0
63572.94822581689,10000.0
63573.01511100232,10000.0
63573.08199618776,10000.0
63573.14888137319,10000.0
63573.21576655863,10000.0
63573.28265174406,10000.0
63573.3495369295,10000.0
63573.41642211493,10000.0
63573.48330730037,10000.0
63573.5501924858,10000.0
63573.61707767124,10000.0
63573.683962856674,10000.0
63573.75084804211,10000.0
63573.817733227545,10000.0
63573.88461841298,10000.0
63573.951503598415,10000.0
63574.01838878385,10000.0
63574.085273969285,10000.0
63574.15215915472,10000.0
63574.219044340156,10000.0
63574.28592952559,10000.0
63574.35281471103,10000.0
63574.41969989646,10000.0
63574.4865850819,10000.0
63574.55347026733,10000.0
63574.62035545277,10000.0
63574.6872406382,10000.0
63574.75412582364,10000.0
63574.82101100907,10000.0
63574.88789619451,10000.0
63574.95478137994,10000.0
63575.02166656538,10000.0
63575.088551750814,10000.0
63575.15543693625,10000.0
63575.222322121685,10000.0
63575.28920730712,10000.0
63575.356092492555,10000.0
63575.42297767799,10000.0
63575.489862863426,10000.0
63575.55674804886,10000.0
63575.623633234296,10000.0
63575.69051841973,10000.0
63575.75740360517,10000.0
63575.8242887906,10000.0
63575.89117397604,10000.0
63575.95805916147,10000.0
63576.02494434691,10000.0
63576.09182953234,10000.0
63576.15871471778,10000.0
63576.22559990321,10000.0
63576.29248508865,10000.0
63576.35937027408,10000.0
63576.42625545952,10000.0
63576.493140644954,10000.0
63576.56002583039,10000.0
63576.626911015825,10000.0
63576.69379620126,10000.0
63576.760681386695,10000.0
63576.82756657213,10000.0
63576.894451757566,10000.0
63576.961336943,10000.0
63577.028222128436,10000.0
63577.09510731387,10000.0
63577.16199249931,10000.0
63577.22887768474,10000.0
63577.29576287018,10000.0
63577.36264805561,10000.0
63577.42953324105,10000.0
63577.49641842648,10000.0
63577.56330361192,10000.0
63577.63018879735,10000.0
63577.69707398279,10000.0
63577.763959168224,10000.0
63577.83084435366,10000.0
63577.897729539094,10000.0
63577.96461472453,10000.0
63578.031499909965,10000.0
63578.0983850954,10000.0
63578.165270280835,10000.0
63578.23215546627,10000.0
63578.299040651706,10000.0
63578.36592583714,10000.0
63578.432811022576,10000.0
63578.49969620801,10000.0
63578.56658139345,10000.0
63578.63346657888,10000.0
63578.70035176432,10000.0
63578.76723694975,10000.0
63578.83412213519,10000.0
63578.90100732062,10000.0
63578.96789250606,10000.0
63579.03477769149,10000.0
63579.10166287693,10000.0
63579.168548062364,10000.0
63579.2354332478,10000.0
63579.302318433234,10000.0
63579.36920361867,10000.0
63579.436088804105,10000.0
63579.50297398954,10000.0
63579.569859174975,10000.0
63579.63674436041,10000.0
63579.703629545846,10000.0
63579.77051473128,10000.0
63579.837399916716,10000.0
63579.90428510215,10000.0
63579.97117028759,10000.0
63580.03805547302,10000.0
63580.10494065846,10000.0
63580.17182584389,10000.0
63580.23871102933,10000.0
63580.30559621476,10000.0
63580.3724814002,10000.0
63580.43936658563,10000.0
63580.50625177107,10000.0
63580.573136956504,10000.0
63580.64002214194,10000.0
63580.706907327374,10000.0
63580.77379251281,10000.0
63580.840677698245,10000.0
63580.90756288369,10000.0
63580.974448069115,10000.0
63581.04133325456,10000.0
63581.10821843999,10000.0
63581.17510362543,10000.0
63581.24198881086,10000.0
63581.3088739963,10000.0
63581.375759181734,10000.0
63581.44264436717,10000.0
63581.509529552604,10000.0
63581.57641473804,10000.0
63581.643299923475,10000.0
63581.71018510891,10000.0
63581.777070294345,10000.0
63581.84395547978,10000.0
63581.910840665216,10000.0
63581.97772585065,10000.0
63582.044611036086,10000.0
63582.11149622152,10000.0
63582.17838140696,10000.0
63582.24526659239,10000.0
63582.31215177783,10000.0
63582.37903696326,10000.0
63582.4459221487,10000.0
63582.51280733413,10000.0
63582.57969251957,10000.0
63582.646577705,10000.0
63582.71346289044,10000.0
63582.780348075874,10000.0
63582.84723326131,10000.0
63582.914118446744,10000.0
63582.98100363218,10000.0
63583.047888817615,10000.0
63583.11477400305,10000.0
63583.181659188485,10000.0
63583.24854437392,10000.0
63583.315429559356,10000.0
63583.38231474479,10000.0
63583.449199930226,10000.0
63583.51608511566,10000.0
63583.5829703011,10000.0
63583.64985548653,10000.0
63583.71674067197,10000.0
63583.7836258574,10000.0
63583.85051104284,10000.0
63583.91739622827,10000.0
63583.98428141371,10000.0
63584.05116659914,10000.0
63584.11805178458,10000.0
63584.184936970014,10000.0
63584.25182215545,10000.0
63584.318707340884,10000.0
63584.38559252632,10000.0
63584.452477711755,10000.0
63584.51936289719,10000.0
63584.586248082625,10000.0
63584.65313326806,10000.0
63584.720018453496,10000.0
63584.78690363893,10000.0
63584.853788824366,10000.0
63584.9206740098,10000.0
63584.98755919524,10000.0
63585.05444438067,10000.0
63585.12132956611,10000.0
63585.18821475154,10000.0
63585.25509993698,10000.0
63585.32198512241,10000.0
63585.38887030785,10000.0
63585.45575549328,10000.0
63585.52264067872,10000.0
63585.589525864154,10000.0
63585.65641104959,10000.0
63585.723296235024,10000.0
63585.79018142046,10000.0
63585.857066605895,10000.0
63585.92395179133,10000.0
63585.990836976765,10000.0
63586.0577221622,10000.0
63586.124607347636,10000.0
63586.19149253307,10000.0
63586.25837771851,10000.0
63586.32526290394,10000.0
63586.39214808938,10000.0
63586.45903327481,10000.0
63586.52591846025,10000.0
63586.59280364568,10000.0
63586.65968883112,10000.0
63586.72657401655,10000.0
63586.79345920199,10000.0
63586.86034438742,10000.0
63586.92722957286,10000.0
63586.994114758294,10000.0
63587.06099994373,10000.0
63587.127885129164,10000.0
63587.1947703146,10000.0
63587.261655500035,10000.0
63587.32854068547,10000.0
63587.395425870905,10000.0
63587.46231105634,10000.0
63587.529196241776,10000.0
63587.59608142721,10000.0
63587.66296661265,10000.0
63587.72985179808,10000.0
63587.79673698352,10000.0
63587.86362216895,10000.0
63587.93050735439,10000.0
63587.99739253982,10000.0
63588.06427772526,10000.0
63588.13116291069,10000.0
63588.19804809613,10000.0
63588.26493328156,10000.0
63588.331818467,10000.0
63588.398703652434,10000.0
63588.46558883787,10000.0
63588.532474023305,10000.0
63588.59935920874,10000.0
63588.666244394175,10000.0
63588.73312957961,10000.0
63588.800014765045,10000.0
63588.86689995048,10000.0
63588.933785135916,10000.0
63589.00067032135,10000.0
63589.06755550679,10000.0
63589.13444069222,10000.0
63589.20132587766,10000.0
63589.26821106309,10000.0
63589.33509624853,10000.0
63589.40198143396,10000.0
63589.4688666194,10000.0
63589.53575180483,10000.0
63589.60263699027,10000.0
63589.6695221757,10000.0
63589.73640736114,10000.0
63589.803292546574,10000.0
63589.87017773201,10000.0
63589.937062917445,10000.0
63590.00394810288,10000.0
63590.070833288315,10000.0
63590.13771847375,10000.0
63590.20460365919,10000.0
63590.27148884463,10000.0
63590.33837403006,10000.0
63590.4052592155,10000.0
63590.472144400934,10000.0
63590.53902958637,10000.0
63590.605914771804,10000.0
63590.67279995724,10000.0
63590.739685142675,10000.0
63590.80657032811,10000.0
63590.873455513545,10000.0
63590.94034069898,10000.0
63591.007225884416,10000.0
63591.07411106985,10000.0
63591.140996255286,10000.0
63591.20788144072,10000.0
63591.27476662616,10000.0
63591.34165181159,10000.0
63591.40853699703,10000.0
63591.47542218246,10000.0
63591.5423073679,10000.0
63591.60919255333,10000.0
63591.67607773877,10000.0
63591.7429629242,10000.0
63591.80984810964,10000.0
63591.876733295074,10000.0
63591.94361848051,10000.0
63592.010503665944,10000.0
63592.07738885138,10000.0
63592.144274036815,10000.0
63592.21115922225,10000.0
63592.278044407685,10000.0
63592.34492959312,10000.0
63592.411814778556,10000.0
63592.47869996399,10000.0
63592.545585149426,10000.0
63592.61247033486,10000.0
63592.6793555203,10000.0
63592.74624070573,10000.0
63592.81312589117,10000.0
63592.8800110766,10000.0
63592.94689626204,10000.0
63593.01378144747,10000.0
63593.08066663291,10000.0
63593.14755181834,10000.0
63593.21443700378,10000.0
63593.281322189214,10000.0
63593.34820737465,10000.0
63593.415092560084,10000.0
63593.48197774552,10000.0
63593.548862930955,10000.0
63593.61574811639,10000.0
63593.682633301825,10000.0
63593.74951848726,10000.0
63593.816403672696,10000.0
63593.88328885813,10000.0
63593.950174043566,10000.0
63594.017059229,10000.0
63594.08394441444,10000.0
63594.15082959987,10000.0
63594.21771478531,10000.0
63594.28459997074,10000.0
63594.35148515618,10000.0
63594.41837034161,10000.0
63594.48525552705,10000.0
63594.55214071248,10000.0
63594.61902589792,10000.0
63594.685911083354,10000.0
63594.75279626879,10000.0
63594.819681454224,10000.0
63594.88656663966,10000.0
63594.953451825095,10000.0
63595.02033701053,10000.0
63595.087222195965,10000.0
63595.1541073814,10000.0
63595.220992566836,10000.0
63595.28787775227,10000.0
63595.354762937706,10000.0
63595.42164812314,10000.0
63595.48853330858,10000.0
63595.55541849401,10000.0
63595.62230367945,10000.0
63595.68918886488,10000.0
63595.75607405032,10000.0
63595.82295923575,10000.0
63595.88984442119,10000.0
63595.95672960662,10000.0
63596.02361479206,10000.0
63596.090499977494,10000.0
63596.15738516293,10000.0
63596.224270348364,10000.0
63596.2911555338,10000.0
63596.358040719235,10000.0
63596.42492590467,10000.0
63596.491811090105,10000.0
63596.55869627554,10000.0
63596.625581460976,10000.0
63596.69246664641,10000.0
63596.759351831846,10000.0
63596.82623701728,10000.0
63596.89312220272,10000.0
63596.96000738815,10000.0
63597.02689257359,10000.0
63597.09377775902,10000.0
63597.16066294446,10000.0
63597.22754812989,10000.0
63597.29443331533,10000.0
63597.36131850076,10000.0
63597.4282036862,10000.0
63597.495088871634,10000.0
63597.56197405707,10000.0
63597.628859242504,10000.0
63597.69574442794,10000.0
63597.762629613375,10000.0
63597.82951479881,10000.0
63597.896399984245,10000.0
63597.96328516968,10000.0
63598.030170355116,10000.0
63598.09705554055,10000.0
63598.163940725986,10000.0
63598.23082591142,10000.0
63598.29771109686,10000.0
63598.36459628229,10000.0
63598.43148146773,10000.0
63598.49836665316,10000.0
63598.5652518386,10000.0
63598.63213702403,10000.0
63598.69902220947,10000.0
63598.7659073949,10000.0
63598.83279258034,10000.0
63598.899677765774,10000.0
63598.96656295121,10000.0
63599.033448136644,10000.0
63599.10033332208,10000.0
63599.167218507515,10000.0
63599.23410369295,10000.0
63599.300988878385,10000.0
63599.36787406383,10000.0
63599.434759249256,10000.0
63599.5016444347,10000.0
63599.56852962013,10000.0
63599.63541480557,10000.0
63599.702299991004,10000.0
63599.76918517644,10000.0
63599.836070361875,10000.0
63599.90295554731,10000.0
63599.969840732745,10000.0
63600.03672591818,10000.0
63600.103611103616,10000.0
63600.17049628905,10000.0
63600.237381474486,10000.0
63600.30426665992,10000.0
63600.37115184536,10000.0
63600.43803703079,10000.0
63600.50492221623,10000.0
63600.57180740166,10000.0
63600.6386925871,10000.0
63600.70557777253,10000.0
63600.77246295797,10000.0
63600.8393481434,10000.0
63600.90623332884,10000.0
63600.973118514274,10000.0
63601.04000369971,10000.0
63601.106888885144,10000.0
63601.17377407058,10000.0
63601.240659256015,10000.0
63601.30754444145,10000.0
63601.374429626885,10000.0
63601.44131481232,10000.0
63601.508199997756,10000.0
63601.57508518319,10000.0
63601.641970368626,10000.0
63601.70885555406,10000.0
63601.7757407395,10000.0
63601.84262592493,10000.0
63601.90951111037,10000.0
63601.9763962958,10000.0
63602.04328148124,10000.0
63602.11016666667,10000.0
63602.17705185211,10000.0
63602.24393703754,10000.0
63602.31082222298,10000.0
63602.377707408414,10000.0
63602.44459259385,10000.0
63602.511477779284,10000.0
63602.57836296472,10000.0
63602.645248150155,10000.0
63602.71213333559,10000.0
63602.779018521025,10000.0
63602.84590370646,10000.0
63602.912788891896,10000.0
63602.97967407733,10000.0
63603.046559262766,10000.0
63603.1134444482,10000.0
63603.18032963364,10000.0
63603.24721481907,10000.0
63603.31410000451,10000.0
63603.38098518994,10000.0
63603.44787037538,10000.0
63603.51475556081,10000.0
63603.58164074625,10000.0
63603.64852593168,10000.0
63603.71541111712,10000.0
63603.782296302554,10000.0
63603.84918148799,10000.0
63603.916066673424,10000.0
63603.98295185886,10000.0
63604.049837044295,10000.0
63604.11672222973,10000.0
63604.183607415165,10000.0
63604.2504926006,10000.0
63604.317377786036,10000.0
63604.38426297147,10000.0
63604.451148156906,10000.0
63604.51803334234,10000.0
63604.58491852778,10000.0
63604.65180371321,10000.0
63604.71868889865,10000.0
63604.78557408408,10000.0
63604.85245926952,10000.0
63604.91934445495,10000.0
63604.98622964039,10000.0
63605.05311482582,10000.0
63605.12000001126,10000.0
63605.186885196694,10000.0
63605.25377038213,10000.0
63605.320655567564,10000.0
63605.387540753,10000.0
63605.454425938435,10000.0
63605.52131112387,10000.0
63605.588196309305,10000.0
63605.65508149474,10000.0
63605.721966680176,10000.0
63605.78885186561,10000.0
63605.855737051046,10000.0
63605.92262223648,10000.0
63605.98950742192,10000.0
63606.05639260735,10000.0
63606.12327779279,10000.0
63606.19016297822,10000.0
63606.25704816366,10000.0
63606.32393334909,10000.0
63606.39081853453,10000.0
63606.45770371996,10000.0
63606.5245889054,10000.0
63606.591474090834,10000.0
63606.65835927627,10000.0
63606.725244461704,10000.0
63606.79212964714,10000.0
63606.859014832575,10000.0
63606.92590001801,10000.0
63606.992785203445,10000.0
63607.05967038888,10000.0
63607.126555574316,10000.0
63607.19344075975,10000.0
63607.260325945186,10000.0
63607.32721113062,10000.0
63607.39409631606,10000.0
63607.46098150149,10000.0
63607.52786668693,10000.0
63607.59475187236,10000.0
63607.6616370578,10000.0
63607.72852224323,10000.0
63607.79540742867,10000.0
63607.8622926141,10000.0
63607.92917779954,10000.0
63607.996062984974,10000.0
63608.06294817041,10000.0
63608.129833355844,10000.0
63608.19671854128,10000.0
63608.263603726715,10000.0
63608.33048891215,10000.0
63608.397374097585,10000.0
63608.46425928302,10000.0
63608.531144468456,10000.0
63608.59802965389,10000.0
63608.66491483933,10000.0
63608.73180002477,10000.0
63608.798685210204,10000.0
63608.86557039564,10000.0
63608.932455581074,10000.0
63608.99934076651,10000.0
63609.066225951945,10000.0
63609.13311113738,10000.0
63609.199996322815,10000.0
63609.26688150825,10000.0
63609.333766693686,10000.0
63609.40065187912,10000.0
63609.46753706456,10000.0
63609.53442224999,10000.0
63609.60130743543,10000.0
63609.66819262086,10000.0
63609.7350778063,10000.0
63609.80196299173,10000.0
63609.86884817717,10000.0
63609.9357333626,10000.0
63610.00261854804,10000.0
63610.06950373347,10000.0
63610.13638891891,10000.0
63610.203274104344,10000.0
63610.27015928978,10000.0
63610.337044475214,10000.0
63610.40392966065,10000.0
63610.470814846085,10000.0
63610.53770003152,10000.0
63610.604585216955,10000.0
63610.67147040239,10000.0
63610.738355587826,10000.0
63610.80524077326,10000.0
63610.8721259587,10000.0
63610.93901114413,10000.0
63611.00589632957,10000.0
63611.072781515,10000.0
63611.13966670044,10000.0
63611.20655188587,10000.0
63611.27343707131,10000.0
63611.34032225674,10000.0
63611.40720744218,10000.0
63611.47409262761,10000.0
63611.54097781305,10000.0
63611.607862998484,10000.0
63611.67474818392,10000.0
63611.741633369355,10000.0
63611.80851855479,10000.0
63611.875403740225,10000.0
63611.94228892566,10000.0
63612.009174111095,10000.0
63612.07605929653,10000.0
63612.142944481966,10000.0
63612.2098296674,10000.0
63612.27671485284,10000.0
63612.34360003827,10000.0
63612.41048522371,10000.0
63612.47737040914,10000.0
63612.54425559458,10000.0
63612.61114078001,10000.0
63612.67802596545,10000.0
63612.74491115088,10000.0
63612.81179633632,10000.0
63612.87868152175,10000.0
63612.94556670719,10000.0
63613.012451892624,10000.0
63613.07933707806,10000.0
63613.146222263495,10000.0
63613.21310744893,10000.0
63613.279992634365,10000.0
63613.3468778198,10000.0
63613.413763005236,10000.0
63613.48064819067,10000.0
63613.547533376106,10000.0
63613.61441856154,10000.0
63613.68130374698,10000.0
63613.74818893241,10000.0
63613.81507411785,10000.0
63613.88195930328,10000.0
63613.94884448872,10000.0
63614.01572967415,10000.0
63614.08261485959,10000.0
63614.14950004502,10000.0
63614.21638523046,10000.0
63614.283270415894,10000.0
63614.35015560133,10000.0
63614.417040786764,10000.0
63614.4839259722,10000.0
63614.550811157635,10000.0
63614.61769634307,10000.0
63614.684581528505,10000.0
63614.75146671394,10000.0
63614.818351899376,10000.0
63614.88523708481,10000.0
63614.952122270246,10000.0
63615.01900745568,10000.0
63615.08589264112,10000.0
63615.15277782655,10000.0
63615.21966301199,10000.0
63615.28654819742,10000.0
63615.35343338286,10000.0
63615.42031856829,10000.0
63615.48720375373,10000.0
63615.55408893916,10000.0
63615.6209741246,10000.0
63615.687859310034,10000.0
63615.75474449547,10000.0
63615.821629680904,10000.0
63615.88851486634,10000.0
63615.955400051775,10000.0
63616.02228523721,10000.0
63616.089170422645,10000.0
63616.15605560808,10000.0
63616.222940793516,10000.0
63616.28982597895,10000.0
63616.356711164386,10000.0
63616.42359634982,10000.0
63616.49048153526,10000.0
63616.55736672069,10000.0
63616.62425190613,10000.0
63616.69113709156,10000.0
63616.758022277,10000.0
63616.82490746243,10000.0
63616.89179264787,10000.0
63616.9586778333,10000.0
63617.02556301874,10000.0
63617.092448204174,10000.0
63617.15933338961,10000.0
63617.226218575044,10000.0
63617.29310376048,10000.0
63617.359988945915,10000.0
63617.42687413135,10000.0
63617.493759316785,10000.0
63617.56064450222,10000.0
63617.627529687656,10000.0
63617.69441487309,10000.0
63617.761300058526,10000.0
63617.82818524397,10000.0
63617.8950704294,10000.0
63617.96195561484,10000.0
63618.028840800274,10000.0
63618.09572598571,10000.0
63618.162611171145,10000.0
63618.22949635658,10000.0
63618.296381542015,10000.0
63618.36326672745,10000.0
63618.430151912886,10000.0
63618.49703709832,10000.0
63618.563922283756,10000.0
63618.63080746919,10000.0
63618.69769265463,10000.0
63618.76457784006,10000.0
63618.8314630255,10000.0
63618.89834821093,10000.0
63618.96523339637,10000.0
63619.0321185818,10000.0
63619.09900376724,10000.0
63619.16588895267,10000.0
63619.23277413811,10000.0
63619.299659323544,10000.0
63619.36654450898,10000.0
63619.433429694414,10000.0
63619.50031487985,10000.0
63619.567200065285,10000.0
63619.63408525072,10000.0
63619.700970436155,10000.0
63619.76785562159,10000.0
63619.834740807026,10000.0
63619.90162599246,10000.0
63619.968511177896,10000.0
63620.03539636333,10000.0
63620.10228154877,10000.0
63620.1691667342,10000.0
63620.23605191964,10000.0
63620.30293710507,10000.0
63620.36982229051,10000.0
63620.43670747594,10000.0
63620.50359266138,10000.0
63620.57047784681,10000.0
63620.63736303225,10000.0
63620.704248217684,10000.0
63620.77113340312,10000.0
63620.838018588554,10000.0
63620.90490377399,10000.0
63620.971788959425,10000.0
63621.03867414486,10000.0
63621.105559330295,10000.0
63621.17244451573,10000.0
63621.239329701166,10000.0
63621.3062148866,10000.0
63621.373100072036,10000.0
63621.43998525747,10000.0
63621.50687044291,10000.0
63621.57375562834,10000.0
63621.64064081378,10000.0
63621.70752599921,10000.0
63621.77441118465,10000.0
63621.84129637008,10000.0
63621.90818155552,10000.0
63621.97506674095,10000.0
63622.04195192639,10000.0
63622.108837111824,10000.0
63622.17572229726,10000.0
63622.242607482694,10000.0
63622.30949266813,10000.0
63622.376377853565,10000.0
63622.443263039,10000.0
63622.510148224435,10000.0
63622.57703340987,10000.0
63622.643918595306,10000.0
63622.71080378074,10000.0
63622.777688966176,10000.0
63622.84457415161,10000.0
63622.91145933705,10000.0
63622.97834452248,10000.0
63623.04522970792,10000.0
63623.11211489335,10000.0
63623.17900007879,10000.0
63623.24588526422,10000.0
63623.31277044966,10000.0
63623.37965563509,10000.0
63623.44654082053,10000.0
63623.513426005964,10000.0
63623.5803111914,10000.0
63623.647196376834,10000.0
63623.71408156227,10000.0
63623.780966747705,10000.0
63623.84785193314,10000.0
63623.914737118575,10000.0
63623.98162230401,10000.0
63624.048507489446,10000.0
63624.11539267488,10000.0
63624.18227786032,10000.0
63624.24916304575,10000.0
63624.31604823119,10000.0
63624.38293341662,10000.0
63624.44981860206,10000.0
63624.51670378749,10000.0
63624.58358897293,10000.0
63624.65047415836,10000.0
63624.7173593438,10000.0
63624.78424452923,10000.0
63624.85112971467,10000.0
63624.918014900104,10000.0
63624.98490008554,10000.0
63625.051785270975,10000.0
63625.11867045641,10000.0
63625.185555641845,10000.0
63625.25244082728,10000.0
63625.319326012715,10000.0
63625.38621119815,10000.0
63625.453096383586,10000.0
63625.51998156902,10000.0
63625.58686675446,10000.0
63625.65375193989,10000.0
63625.72063712533,10000.0
63625.78752231076,10000.0
63625.8544074962,10000.0
63625.92129268163,10000.0
63625.98817786707,10000.0
63626.0550630525,10000.0
63626.12194823794,10000.0
63626.18883342337,10000.0
63626.25571860881,10000.0
63626.322603794244,10000.0
63626.38948897968,10000.0
63626.456374165115,10000.0
63626.52325935055,10000.0
63626.590144535985,10000.0
63626.65702972142,10000.0
63626.723914906855,10000.0
63626.79080009229,10000.0
63626.857685277726,10000.0
63626.92457046316,10000.0
63626.9914556486,10000.0
63627.05834083403,10000.0
63627.125226019474,10000.0
63627.19211120491,10000.0
63627.258996390345,10000.0
63627.32588157578,10000.0
63627.392766761215,10000.0
63627.45965194665,10000.0
63627.526537132086,10000.0
63627.59342231752,10000.0
63627.660307502956,10000.0
63627.72719268839,10000.0
63627.79407787383,10000.0
63627.86096305926,10000.0
63627.9278482447,10000.0
63627.99473343013,10000.0
63628.06161861557,10000.0
63628.128503801,10000.0
63628.19538898644,10000.0
63628.26227417187,10000.0
63628.32915935731,10000.0
63628.396044542744,10000.0
63628.46292972818,10000.0
63628.529814913614,10000.0
63628.59670009905,10000.0
63628.663585284485,10000.0
63628.73047046992,10000.0
63628.797355655355,10000.0
63628.86424084079,10000.0
63628.931126026226,10000.0
63628.99801121166,10000.0
63629.064896397096,10000.0
63629.13178158253,10000.0
63629.19866676797,10000.0
63629.2655519534,10000.0
63629.33243713884,10000.0
63629.39932232427,10000.0
63629.46620750971,10000.0
63629.53309269514,10000.0
63629.59997788058,10000.0
63629.66686306601,10000.0
63629.73374825145,10000.0
63629.800633436884,10000.0
63629.86751862232,10000.0
63629.934403807754,10000.0
63630.00128899319,10000.0
63630.068174178625,10000.0
63630.13505936406,10000.0
63630.201944549495,10000.0
63630.26882973493,10000.0
63630.335714920366,10000.0
63630.4026001058,10000.0
63630.469485291236,10000.0
63630.53637047667,10000.0
63630.60325566211,10000.0
63630.67014084754,10000.0
63630.73702603298,10000.0
63630.80391121841,10000.0
63630.87079640385,10000.0
63630.93768158928,10000.0
63631.00456677472,10000.0
63631.07145196015,10000.0
63631.13833714559,10000.0
63631.205222331024,10000.0
63631.27210751646,10000.0
63631.338992701894,10000.0
63631.40587788733,10000.0
63631.472763072765,10000.0
63631.5396482582,10000.0
63631.606533443635,10000.0
63631.67341862907,10000.0
63631.740303814506,10000.0
63631.80718899994,10000.0
63631.874074185376,10000.0
63631.94095937081,10000.0
63632.00784455625,10000.0
63632.07472974168,10000.0
63632.14161492712,10000.0
63632.20850011255,10000.0
63632.27538529799,10000.0
63632.34227048342,10000.0
63632.40915566886,10000.0
63632.47604085429,10000.0
63632.54292603973,10000.0
63632.609811225164,10000.0
63632.6766964106,10000.0
63632.743581596034,10000.0
63632.81046678147,10000.0
63632.877351966905,10000.0
63632.94423715234,10000.0
63633.011122337775,10000.0
63633.07800752321,10000.0
63633.144892708646,10000.0
63633.21177789408,10000.0
63633.278663079516,10000.0
63633.34554826495,10000.0
63633.41243345039,10000.0
63633.47931863582,10000.0
63633.54620382126,10000.0
63633.61308900669,10000.0
63633.67997419213,10000.0
63633.74685937756,10000.0
63633.813744563,10000.0
63633.88062974843,10000.0
63633.94751493387,10000.0
63634.014400119304,10000.0
63634.08128530474,10000.0
63634.148170490174,10000.0
63634.21505567561,10000.0
63634.281940861045,10000.0
63634.34882604648,10000.0
63634.415711231915,10000.0
63634.48259641735,10000.0
63634.549481602786,10000.0
63634.61636678822,10000.0
63634.683251973656,10000.0
63634.75013715909,10000.0
63634.81702234453,10000.0
63634.88390752996,10000.0
63634.9507927154,10000.0
63635.01767790083,10000.0
63635.08456308627,10000.0
63635.1514482717,10000.0
63635.21833345714,10000.0
63635.28521864257,10000.0
63635.35210382801,10000.0
63635.418989013444,10000.0
63635.48587419888,10000.0
63635.552759384314,10000.0
63635.61964456975,10000.0
63635.686529755185,10000.0
63635.75341494062,10000.0
63635.820300126055,10000.0
63635.88718531149,10000.0
63635.954070496926,10000.0
63636.02095568236,10000.0
63636.087840867796,10000.0
63636.15472605323,10000.0
63636.22161123867,10000.0
63636.28849642411,10000.0
63636.35538160954,10000.0
63636.42226679498,10000.0
63636.489151980415,10000.0
63636.55603716585,10000.0
63636.622922351286,10000.0
63636.68980753672,10000.0
63636.756692722156,10000.0
63636.82357790759,10000.0
63636.89046309303,10000.0
63636.95734827846,10000.0
63637.0242334639,10000.0
63637.09111864933,10000.0
63637.15800383477,10000.0
63637.2248890202,10000.0
63637.29177420564,10000.0
63637.35865939107,10000.0
63637.42554457651,10000.0
63637.492429761944,10000.0
63637.55931494738,10000.0
63637.626200132814,10000.0
63637.69308531825,10000.0
63637.759970503685,10000.0
63637.82685568912,10000.0
63637.893740874555,10000.0
63637.96062605999,10000.0
63638.027511245426,10000.0
63638.09439643086,10000.0
63638.161281616296,10000.0
63638.22816680173,10000.0
63638.29505198717,10000.0
63638.3619371726,10000.0
63638.42882235804,10000.0
63638.49570754347,10000.0
63638.56259272891,10000.0
63638.62947791434,10000.0
63638.69636309978,10000.0
63638.76324828521,10000.0
63638.83013347065,10000.0
63638.897018656084,10000.0
63638.96390384152,10000.0
63639.030789026954,10000.0
63639.09767421239,10000.0
63639.164559397825,10000.0
63639.23144458326,10000.0
63639.298329768695,10000.0
63639.36521495413,10000.0
63639.432100139566,10000.0
63639.498985325,10000.0
63639.565870510436,10000.0
63639.63275569587,10000.0
63639.69964088131,10000.0
63639.76652606674,10000.0
63639.83341125218,10000.0
63639.90029643761,10000.0
63639.96718162305,10000.0
63640.03406680848,10000.0
63640.10095199392,10000.0
63640.16783717935,10000.0
63640.23472236479,10000.0
63640.301607550224,10000.0
63640.36849273566,10000.0
63640.435377921094,10000.0
63640.50226310653,10000.0
63640.569148291965,10000.0
63640.6360334774,10000.0
63640.702918662835,10000.0
63640.76980384827,10000.0
63640.836689033706,10000.0
63640.90357421914,10000.0
63640.970459404576,10000.0
63641.03734459001,10000.0
63641.10422977545,10000.0
63641.17111496088,10000.0
63641.23800014632,10000.0
63641.30488533175,10000.0
63641.37177051719,10000.0
63641.43865570262,10000.0
63641.50554088806,10000.0
63641.57242607349,10000.0
63641.63931125893,10000.0
63641.706196444364,10000.0
63641.7730816298,10000.0
63641.839966815234,10000.0
63641.90685200067,10000.0
63641.973737186105,10000.0
63642.04062237154,10000.0
63642.107507556975,10000.0
63642.17439274241,10000.0
63642.241277927846,10000.0
63642.30816311328,10000.0
63642.375048298716,10000.0
63642.44193348415,10000.0
63642.50881866959,10000.0
63642.57570385502,10000.0
63642.64258904046,10000.0
63642.70947422589,10000.0
63642.77635941133,10000.0
63642.84324459676,10000.0
63642.9101297822,10000.0
63642.97701496763,10000.0
63643.04390015307,10000.0
63643.110785338504,10000.0
63643.17767052394,10000.0
63643.244555709374,10000.0
63643.31144089481,10000.0
63643.378326080245,10000.0
63643.44521126568,10000.0
63643.512096451115,10000.0
63643.57898163655,10000.0
63643.645866821986,10000.0
63643.71275200742,10000.0
63643.779637192856,10000.0
63643.84652237829,10000.0
63643.91340756373,10000.0
63643.98029274916,10000.0
63644.0471779346,10000.0
63644.11406312003,10000.0
63644.18094830547,10000.0
63644.2478334909,10000.0
63644.31471867634,10000.0
63644.38160386177,10000.0
63644.44848904721,10000.0
63644.515374232644,10000.0
63644.58225941808,10000.0
63644.649144603514,10000.0
63644.71602978895,10000.0
63644.782914974385,10000.0
63644.84980015982,10000.0
63644.916685345255,10000.0
63644.98357053069,10000.0
63645.050455716126,10000.0
63645.11734090156,10000.0
63645.184226086996,10000.0
63645.25111127243,10000.0
63645.31799645787,10000.0
63645.3848816433,10000.0
63645.45176682874,10000.0
63645.51865201417,10000.0
63645.585537199615,10000.0
63645.65242238505,10000.0
63645.719307570485,10000.0
63645.78619275592,10000.0
63645.853077941356,10000.0
63645.91996312679,10000.0
63645.986848312226,10000.0
63646.05373349766,10000.0
63646.1206186831,10000.0
63646.18750386853,10000.0
63646.25438905397,10000.0
63646.3212742394,10000.0
63646.38815942484,10000.0
63646.45504461027,10000.0
63646.52192979571,10000.0
63646.58881498114,10000.0
63646.65570016658,10000.0
63646.722585352014,10000.0
63646.78947053745,10000.0
63646.856355722884,10000.0
63646.92324090832,10000.0
63646.990126093755,10000.0
63647.05701127919,10000.0
63647.123896464625,10000.0
63647.19078165006,10000.0
63647.257666835496,10000.0
63647.32455202093,10000.0
63647.39143720637,10000.0
63647.4583223918,10000.0
63647.52520757724,10000.0
63647.59209276267,10000.0
63647.65897794811,10000.0
63647.72586313354,10000.0
63647.79274831898,10000.0
63647.85963350441,10000.0
63647.92651868985,10000.0
63647.99340387528,10000.0
63648.06028906072,10000.0
63648.127174246154,10000.0
63648.19405943159,10000.0
63648.260944617025,10000.0
63648.32782980246,10000.0
63648.394714987895,10000.0
63648.46160017333,10000.0
63648.528485358765,10000.0
63648.5953705442,10000.0
63648.662255729636,10000.0
63648.72914091507,10000.0
63648.79602610051,10000.0
63648.86291128594,10000.0
63648.92979647138,10000.0
63648.99668165681,10000.0
63649.06356684225,10000.0
63649.13045202768,10000.0
63649.19733721312,10000.0
63649.26422239855,10000.0
63649.33110758399,10000.0
63649.39799276942,10000.0
63649.46487795486,10000.0
63649.531763140294,10000.0
63649.59864832573,10000.0
63649.665533511165,10000.0
63649.7324186966,10000.0
63649.799303882035,10000.0
63649.86618906747,10000.0
63649.933074252905,10000.0
63649.99995943834,10000.0
63650.066844623776,10000.0
63650.13372980921,10000.0
63650.20061499465,10000.0
63650.26750018008,10000.0
63650.33438536552,10000.0
63650.40127055095,10000.0
63650.46815573639,10000.0
63650.53504092182,10000.0
63650.60192610726,10000.0
63650.66881129269,10000.0
63650.73569647813,10000.0
63650.80258166356,10000.0
63650.869466849,10000.0
63650.936352034434,10000.0
63651.00323721987,10000.0
63651.070122405305,10000.0
63651.13700759074,10000.0
63651.203892776175,10000.0
63651.27077796161,10000.0
63651.337663147046,10000.0
63651.40454833248,10000.0
63651.471433517916,10000.0
63651.53831870335,10000.0
63651.60520388879,10000.0
63651.67208907422,10000.0
63651.73897425966,10000.0
63651.80585944509,10000.0
63651.87274463053,10000.0
63651.93962981596,10000.0
63652.0065150014,10000.0
63652.07340018683,10000.0
63652.14028537227,10000.0
63652.207170557704,10000.0
63652.27405574314,10000.0
63652.340940928574,10000.0
63652.40782611401,10000.0
63652.474711299445,10000.0
63652.54159648488,10000.0
63652.608481670315,10000.0
63652.67536685575,10000.0
63652.742252041186,10000.0
63652.80913722662,10000.0
63652.876022412056,10000.0
63652.94290759749,10000.0
63653.00979278293,10000.0
63653.07667796836,10000.0
63653.1435631538,10000.0
63653.21044833923,10000.0
63653.27733352467,10000.0
63653.3442187101,10000.0
63653.41110389554,10000.0
63653.47798908097,10000.0
63653.54487426641,10000.0
63653.611759451844,10000.0
63653.67864463728,10000.0
63653.745529822714,10000.0
63653.81241500815,10000.0
63653.879300193585,10000.0
63653.94618537902,10000.0
63654.013070564455,10000.0
63654.07995574989,10000.0
63654.146840935326,10000.0
63654.21372612076,10000.0
63654.280611306196,10000.0
63654.34749649163,10000.0
63654.41438167707,10000.0
63654.4812668625,10000.0
63654.54815204794,10000.0
63654.61503723337,10000.0
63654.68192241881,10000.0
63654.74880760425,10000.0
63654.81569278968,10000.0
63654.88257797512,10000.0
63654.949463160556,10000.0
63655.01634834599,10000.0
63655.083233531426,10000.0
63655.15011871686,10000.0
63655.2170039023,10000.0
63655.28388908773,10000.0
63655.35077427317,10000.0
63655.4176594586,10000.0
63655.48454464404,10000.0
63655.55142982947,10000.0
63655.61831501491,10000.0
63655.68520020034,10000.0
63655.75208538578,10000.0
63655.818970571214,10000.0
63655.88585575665,10000.0
63655.952740942084,10000.0
63656.01962612752,10000.0
63656.086511312955,10000.0
63656.15339649839,10000.0
63656.220281683825,10000.0
63656.28716686926,10000.0
63656.354052054696,10000.0
63656.42093724013,10000.0
63656.487822425566,10000.0
63656.554707611,10000.0
63656.62159279644,10000.0
63656.68847798187,10000.0
63656.75536316731,10000.0
63656.82224835274,10000.0
63656.88913353818,10000.0
63656.95601872361,10000.0
63657.02290390905,10000.0
63657.08978909448,10000.0
63657.15667427992,10000.0
63657.223559465354,10000.0
63657.29044465079,10000.0
63657.357329836224,10000.0
63657.42421502166,10000.0
63657.491100207095,10000.0
63657.55798539253,10000.0
63657.624870577965,10000.0
63657.6917557634,10000.0
63657.758640948836,10000.0
63657.82552613427,10000.0
63657.892411319706,10000.0
63657.95929650514,10000.0
63658.02618169058,10000.0
63658.09306687601,10000.0
63658.15995206145,10000.0
63658.22683724688,10000.0
63658.29372243232,10000.0
63658.36060761775,10000.0
63658.42749280319,10000.0
63658.49437798862,10000.0
63658.56126317406,10000.0
63658.628148359494,10000.0
63658.69503354493,10000.0
63658.761918730364,10000.0
63658.8288039158,10000.0
63658.895689101235,10000.0
63658.96257428667,10000.0
63659.029459472105,10000.0
63659.09634465754,10000.0
63659.163229842976,10000.0
63659.23011502841,10000.0
63659.297000213846,10000.0
63659.36388539928,10000.0
63659.43077058472,10000.0
63659.49765577015,10000.0
63659.56454095559,10000.0
63659.63142614102,10000.0
63659.69831132646,10000.0
63659.76519651189,10000.0
63659.83208169733,10000.0
63659.89896688276,10000.0
63659.9658520682,10000.0
63660.032737253634,10000.0
63660.09962243907,10000.0
63660.166507624504,10000.0
63660.23339280994,10000.0
63660.300277995375,10000.0
63660.36716318081,10000.0
63660.434048366245,10000.0
63660.50093355168,10000.0
63660.567818737116,10000.0
63660.63470392255,10000.0
63660.70158910799,10000.0
63660.76847429342,10000.0
63660.83535947886,10000.0
63660.90224466429,10000.0
63660.96912984973,10000.0
63661.03601503516,10000.0
63661.1029002206,10000.0
63661.16978540603,10000.0
63661.23667059147,10000.0
63661.3035557769,10000.0
63661.37044096234,10000.0
63661.437326147774,10000.0
63661.50421133321,10000.0
63661.571096518644,10000.0
63661.63798170408,10000.0
63661.704866889515,10000.0
63661.77175207495,10000.0
63661.838637260385,10000.0
63661.90552244582,10000.0
63661.972407631256,10000.0
63662.03929281669,10000.0
63662.10617800213,10000.0
63662.17306318756,10000.0
63662.239948373,10000.0
63662.30683355843,10000.0
63662.37371874387,10000.0
63662.4406039293,10000.0
63662.50748911474,10000.0
63662.57437430017,10000.0
63662.64125948561,10000.0
63662.70814467104,10000.0
63662.77502985648,10000.0
63662.841915041914,10000.0
63662.90880022735,10000.0
63662.975685412785,10000.0
63663.04257059822,10000.0
63663.109455783655,10000.0
63663.17634096909,10000.0
63663.243226154525,10000.0
63663.31011133996,10000.0
63663.376996525396,10000.0
63663.44388171083,10000.0
63663.51076689627,10000.0
63663.5776520817,10000.0
63663.64453726714,10000.0
63663.71142245257,10000.0
63663.77830763801,10000.0
63663.84519282344,10000.0
63663.91207800888,10000.0
63663.97896319431,10000.0
63664.045848379756,10000.0
63664.11273356519,10000.0
63664.179618750626,10000.0
63664.24650393606,10000.0
63664.3133891215,10000.0
63664.38027430693,10000.0
63664.44715949237,10000.0
63664.5140446778,10000.0
63664.58092986324,10000.0
63664.64781504867,10000.0
63664.71470023411,10000.0
63664.78158541954,10000.0
63664.84847060498,10000.0
63664.915355790414,10000.0
63664.98224097585,10000.0
63665.049126161284,10000.0
63665.11601134672,10000.0
63665.182896532155,10000.0
63665.24978171759,10000.0
63665.316666903025,10000.0
63665.38355208846,10000.0
63665.450437273896,10000.0
63665.51732245933,10000.0
63665.584207644766,10000.0
63665.6510928302,10000.0
63665.71797801564,10000.0
63665.78486320107,10000.0
63665.85174838651,10000.0
63665.91863357194,10000.0
63665.98551875738,10000.0
63666.05240394281,10000.0
63666.11928912825,10000.0
63666.18617431368,10000.0
63666.25305949912,10000.0
63666.319944684554,10000.0
63666.38682986999,10000.0
63666.453715055424,10000.0
63666.52060024086,10000.0
63666.587485426295,10000.0
63666.65437061173,10000.0
63666.721255797165,10000.0
63666.7881409826,10000.0
63666.855026168036,10000.0
63666.92191135347,10000.0
63666.988796538906,10000.0
63667.05568172434,10000.0
63667.12256690978,10000.0
63667.18945209521,10000.0
63667.25633728065,10000.0
63667.32322246608,10000.0
63667.39010765152,10000.0
63667.45699283695,10000.0
63667.52387802239,10000.0
63667.59076320782,10000.0
63667.65764839326,10000.0
63667.724533578694,10000.0
63667.79141876413,10000.0
63667.858303949564,10000.0
63667.925189135,10000.0
63667.992074320435,10000.0
63668.05895950587,10000.0
63668.125844691305,10000.0
63668.19272987674,10000.0
63668.259615062176,10000.0
63668.32650024761,10000.0
63668.393385433046,10000.0
63668.46027061848,10000.0
63668.52715580392,10000.0
63668.59404098935,10000.0
63668.66092617479,10000.0
63668.72781136022,10000.0
63668.79469654566,10000.0
63668.86158173109,10000.0
63668.92846691653,10000.0
63668.99535210196,10000.0
63669.0622372874,10000.0
63669.129122472834,10000.0
63669.19600765827,10000.0
63669.262892843704,10000.0
63669.32977802914,10000.0
63669.396663214575,10000.0
63669.46354840001,10000.0
63669.530433585445,10000.0
63669.59731877088,10000.0
63669.664203956316,10000.0
63669.73108914175,10000.0
63669.797974327186,10000.0
63669.86485951262,10000.0
63669.93174469806,10000.0
63669.99862988349,10000.0
63670.06551506893,10000.0
63670.13240025436,10000.0
63670.1992854398,10000.0
63670.26617062523,10000.0
63670.33305581067,10000.0
63670.3999409961,10000.0
63670.46682618154,10000.0
63670.533711366974,10000.0
63670.60059655241,10000.0
63670.667481737844,10000.0
63670.73436692328,10000.0
63670.801252108715,10000.0
63670.86813729415,10000.0
63670.935022479585,10000.0
63671.00190766502,10000.0
63671.068792850456,10000.0
63671.13567803589,10000.0
63671.202563221326,10000.0
63671.26944840676,10000.0
63671.3363335922,10000.0
63671.40321877763,10000.0
63671.47010396307,10000.0
63671.5369891485,10000.0
63671.60387433394,10000.0
63671.67075951937,10000.0
63671.73764470481,10000.0
63671.80452989024,10000.0
63671.87141507568,10000.0
63671.938300261114,10000.0
63672.00518544655,10000.0
63672.072070631984,10000.0
63672.13895581742,10000.0
63672.205841002855,10000.0
63672.27272618829,10000.0
63672.339611373725,10000.0
63672.40649655916,10000.0
63672.473381744596,10000.0
63672.54026693003,10000.0
63672.607152115466,10000.0
63672.6740373009,10000.0
63672.74092248634,10000.0
63672.80780767177,10000.0
63672.87469285721,10000.0
63672.94157804264,10000.0
63673.00846322808,10000.0
63673.07534841351,10000.0
63673.14223359895,10000.0
63673.20911878439,10000.0
63673.27600396982,10000.0
63673.34288915526,10000.0
63673.4097743407,10000.0
63673.47665952613,10000.0
63673.54354471157,10000.0
63673.610429897,10000.0
63673.67731508244,10000.0
63673.74420026787,10000.0
63673.81108545331,10000.0
63673.87797063874,10000.0
63673.94485582418,10000.0
63674.01174100961,10000.0
63674.07862619505,10000.0
63674.145511380484,10000.0
63674.21239656592,10000.0
63674.279281751355,10000.0
63674.34616693679,10000.0
63674.413052122225,10000.0
63674.47993730766,10000.0
63674.546822493096,10000.0
63674.61370767853,10000.0
63674.680592863966,10000.0
63674.7474780494,10000.0
63674.81436323484,10000.0
63674.88124842027,10000.0
63674.94813360571,10000.0
63675.01501879114,10000.0
63675.08190397658,10000.0
63675.14878916201,10000.0
63675.21567434745,10000.0
63675.28255953288,10000.0
63675.34944471832,10000.0
63675.416329903754,10000.0
63675.48321508919,10000.0
63675.550100274624,10000.0
63675.61698546006,10000.0
63675.683870645495,10000.0
63675.75075583093,10000.0
63675.817641016365,10000.0
63675.8845262018,10000.0
63675.951411387236,10000.0
63676.01829657267,10000.0
63676.085181758106,10000.0
63676.15206694354,10000.0
63676.21895212898,10000.0
63676.28583731441,10000.0
63676.35272249985,10000.0
63676.41960768528,10000.0
63676.48649287072,10000.0
63676.55337805615,10000.0
63676.62026324159,10000.0
63676.68714842702,10000.0
63676.75403361246,10000.0
63676.820918797894,10000.0
63676.88780398333,10000.0
63676.954689168764,10000.0
63677.0215743542,10000.0
63677.088459539635,10000.0
63677.15534472507,10000.0
63677.222229910505,10000.0
63677.28911509594,10000.0
63677.356000281376,10000.0
63677.42288546681,10000.0
63677.489770652246,10000.0
63677.55665583768,10000.0
63677.62354102312,10000.0
63677.69042620855,10000.0
63677.75731139399,10000.0
63677.82419657942,10000.0
63677.89108176486,10000.0
63677.95796695029,10000.0
63678.02485213573,10000.0
63678.09173732116,10000.0
63678.1586225066,10000.0
63678.225507692034,10000.0
63678.29239287747,10000.0
63678.359278062904,10000.0
63678.42616324834,10000.0
63678.493048433775,10000.0
63678.55993361921,10000.0
63678.626818804645,10000.0
63678.69370399008,10000.0
63678.760589175516,10000.0
63678.82747436095,10000.0
63678.894359546386,10000.0
63678.96124473182,10000.0
63679.02812991726,10000.0
63679.09501510269,10000.0
63679.16190028813,10000.0
63679.22878547356,10000.0
63679.295670659,10000.0
63679.36255584443,10000.0
63679.42944102987,10000.0
63679.4963262153,10000.0
63679.56321140074,10000.0
63679.630096586174,10000.0
63679.69698177161,10000.0
63679.763866957044,10000.0
63679.83075214248,10000.0
63679.897637327915,10000.0
63679.96452251335,10000.0
63680.031407698785,10000.0
63680.09829288422,10000.0
63680.165178069656,10000.0
63680.23206325509,10000.0
63680.298948440526,10000.0
63680.36583362596,10000.0
63680.4327188114,10000.0
63680.49960399683,10000.0
63680.56648918227,10000.0
63680.6333743677,10000.0
63680.70025955314,10000.0
63680.76714473857,10000.0
63680.83402992401,10000.0
63680.90091510944,10000.0
63680.96780029488,10000.0
63681.034685480314,10000.0
63681.10157066575,10000.0
63681.168455851184,10000.0
63681.23534103662,10000.0
63681.302226222055,10000.0
63681.36911140749,10000.0
63681.435996592925,10000.0
63681.50288177836,10000.0
63681.569766963796,10000.0
63681.63665214923,10000.0
63681.703537334666,10000.0
63681.7704225201,10000.0
63681.83730770554,10000.0
63681.90419289097,10000.0
63681.97107807641,10000.0
63682.03796326184,10000.0
63682.10484844728,10000.0
63682.17173363271,10000.0
63682.23861881815,10000.0
63682.30550400358,10000.0
63682.37238918902,10000.0
63682.439274374454,10000.0
63682.506159559896,10000.0
63682.57304474533,10000.0
63682.63992993077,10000.0
63682.7068151162,10000.0
63682.77370030164,10000.0
63682.84058548707,10000.0
63682.90747067251,10000.0
63682.97435585794,10000.0
63683.04124104338,10000.0
63683.10812622881,10000.0
63683.17501141425,10000.0
63683.241896599684,10000.0
63683.30878178512,10000.0
63683.375666970554,10000.0
63683.44255215599,10000.0
63683.509437341425,10000.0
63683.57632252686,10000.0
63683.643207712295,10000.0
63683.71009289773,10000.0
63683.776978083166,10000.0
63683.8438632686,10000.0
63683.91074845404,10000.0
63683.97763363947,10000.0
63684.04451882491,10000.0
63684.11140401034,10000.0
63684.17828919578,10000.0
63684.24517438121,10000.0
63684.31205956665,10000.0
63684.37894475208,10000.0
63684.44582993752,10000.0
63684.51271512295,10000.0
63684.57960030839,10000.0
63684.646485493824,10000.0
63684.71337067926,10000.0
63684.780255864694,10000.0
63684.84714105013,10000.0
63684.914026235565,10000.0
63684.980911421,10000.0
63685.047796606435,10000.0
63685.11468179187,10000.0
63685.181566977306,10000.0
63685.24845216274,10000.0
63685.31533734818,10000.0
63685.38222253361,10000.0
63685.44910771905,10000.0
63685.51599290448,10000.0
63685.58287808992,10000.0
63685.64976327535,10000.0
63685.71664846079,10000.0
63685.78353364622,10000.0
63685.85041883166,10000.0
63685.91730401709,10000.0
63685.98418920253,10000.0
63686.051074387964,10000.0
63686.1179595734,10000.0
63686.184844758835,10000.0
63686.25172994427,10000.0
63686.318615129705,10000.0
63686.38550031514,10000.0
63686.452385500575,10000.0
63686.51927068601,10000.0
63686.586155871446,10000.0
63686.65304105688,10000.0
63686.71992624232,10000.0
63686.78681142775,10000.0
63686.85369661319,10000.0
63686.92058179862,10000.0
63686.98746698406,10000.0
63687.05435216949,10000.0
63687.12123735493,10000.0
63687.18812254036,10000.0
63687.2550077258,10000.0
63687.32189291123,10000.0
63687.38877809667,10000.0
63687.455663282104,10000.0
63687.52254846754,10000.0
63687.589433652975,10000.0
63687.65631883841,10000.0
63687.723204023845,10000.0
63687.79008920928,10000.0
63687.856974394716,10000.0
63687.92385958015,10000.0
63687.990744765586,10000.0
63688.05762995102,10000.0
63688.12451513646,10000.0
63688.19140032189,10000.0
63688.25828550733,10000.0
63688.32517069276,10000.0
63688.3920558782,10000.0
63688.45894106363,10000.0
63688.52582624907,10000.0
63688.5927114345,10000.0
63688.65959661994,10000.0
63688.72648180537,10000.0
63688.79336699081,10000.0
63688.860252176244,10000.0
63688.92713736168,10000.0
63688.994022547115,10000.0
63689.06090773255,10000.0
63689.127792917985,10000.0
63689.19467810342,10000.0
63689.261563288856,10000.0
63689.32844847429,10000.0
63689.395333659726,10000.0
63689.46221884516,10000.0
63689.5291040306,10000.0
63689.59598921603,10000.0
63689.66287440147,10000.0
63689.7297595869,10000.0
63689.79664477234,10000.0
63689.86352995777,10000.0
63689.93041514321,10000.0
63689.99730032864,10000.0
63690.06418551408,10000.0
63690.131070699514,10000.0
63690.19795588495,10000.0
63690.264841070384,10000.0
63690.33172625582,10000.0
63690.398611441255,10000.0
63690.46549662669,10000.0
63690.532381812125,10000.0
63690.59926699756,10000.0
63690.666152182996,10000.0
63690.73303736843,10000.0
63690.799922553866,10000.0
63690.8668077393,10000.0
63690.93369292474,10000.0
63691.00057811017,10000.0
63691.06746329561,10000.0
63691.13434848104,10000.0
63691.20123366648,10000.0
63691.26811885191,10000.0
63691.33500403735,10000.0
63691.40188922278,10000.0
63691.46877440822,10000.0
63691.535659593654,10000.0
63691.60254477909,10000.0
63691.66942996453,10000.0
63691.73631514996,10000.0
63691.8032003354,10000.0
63691.87008552084,10000.0
63691.93697070627,10000.0
63692.00385589171,10000.0
63692.07074107714,10000.0
63692.13762626258,10000.0
63692.20451144801,10000.0
63692.27139663345,10000.0
63692.338281818884,10000.0
63692.40516700432,10000.0
63692.472052189754,10000.0
63692.53893737519,10000.0
63692.605822560625,10000.0
63692.67270774606,10000.0
63692.739592931495,10000.0
63692.80647811693,10000.0
63692.873363302366,10000.0
63692.9402484878,10000.0
63693.007133673236,10000.0
63693.07401885867,10000.0
63693.14090404411,10000.0
63693.20778922954,10000.0
63693.27467441498,10000.0
63693.34155960041,10000.0
63693.40844478585,10000.0
63693.47532997128,10000.0
63693.54221515672,10000.0
63693.60910034215,10000.0
63693.67598552759,10000.0
63693.742870713024,10000.0
63693.80975589846,10000.0
63693.876641083894,10000.0
63693.94352626933,10000.0
63694.010411454765,10000.0
63694.0772966402,10000.0
63694.144181825635,10000.0
63694.21106701107,10000.0
63694.277952196506,10000.0
63694.34483738194,10000.0
63694.411722567376,10000.0
63694.47860775281,10000.0
63694.54549293825,10000.0
63694.61237812368,10000.0
63694.67926330912,10000.0
63694.74614849455,10000.0
63694.81303367999,10000.0
63694.87991886542,10000.0
63694.94680405086,10000.0
63695.01368923629,10000.0
63695.08057442173,10000.0
63695.147459607164,10000.0
63695.2143447926,10000.0
63695.281229978034,10000.0
63695.34811516347,10000.0
63695.415000348905,10000.0
63695.48188553434,10000.0
63695.548770719775,10000.0
63695.61565590521,10000.0
63695.682541090646,10000.0
63695.74942627608,10000.0
63695.816311461516,10000.0
63695.88319664695,10000.0
63695.95008183239,10000.0
63696.01696701782,10000.0
63696.08385220326,10000.0
63696.15073738869,10000.0
63696.21762257413,10000.0
63696.28450775956,10000.0
63696.351392945,10000.0
63696.41827813043,10000.0
63696.48516331587,10000.0
63696.552048501304,10000.0
63696.61893368674,10000.0
63696.685818872174,10000.0
63696.75270405761,10000.0
63696.819589243045,10000.0
63696.88647442848,10000.0
63696.953359613915,10000.0
63697.02024479935,10000.0
63697.087129984786,10000.0
63697.15401517022,10000.0
63697.220900355656,10000.0
63697.28778554109,10000.0
63697.35467072653,10000.0
63697.42155591196,10000.0
63697.4884410974,10000.0
63697.55532628283,10000.0
63697.62221146827,10000.0
63697.6890966537,10000.0
63697.75598183914,10000.0
63697.82286702457,10000.0
63697.88975221001,10000.0
63697.956637395444,10000.0
63698.02352258088,10000.0
63698.090407766314,10000.0
63698.15729295175,10000.0
63698.224178137185,10000.0
63698.29106332262,10000.0
63698.357948508055,10000.0
63698.42483369349,10000.0
63698.491718878926,10000.0
63698.55860406436,10000.0
63698.6254892498,10000.0
63698.69237443523,10000.0
63698.75925962067,10000.0
63698.8261448061,10000.0
63698.89302999154,10000.0
63698.95991517697,10000.0
63699.02680036241,10000.0
63699.09368554784,10000.0
63699.16057073328,10000.0
63699.22745591871,10000.0
63699.29434110415,10000.0
63699.361226289584,10000.0
63699.42811147502,10000.0
63699.494996660454,10000.0
63699.56188184589,10000.0
63699.628767031325,10000.0
63699.69565221676,10000.0
63699.762537402195,10000.0
63699.82942258763,10000.0
63699.896307773066,10000.0
63699.9631929585,10000.0
63700.03007814394,10000.0
63700.09696332937,10000.0
63700.16384851481,10000.0
63700.23073370024,10000.0
63700.29761888568,10000.0
63700.36450407111,10000.0
63700.43138925655,10000.0
63700.49827444198,10000.0
63700.56515962742,10000.0
63700.63204481285,10000.0
63700.69892999829,10000.0
63700.765815183724,10000.0
63700.83270036916,10000.0
63700.899585554595,10000.0
63700.96647074004,10000.0
63701.03335592547,10000.0
63701.10024111091,10000.0
63701.16712629634,10000.0
63701.23401148178,10000.0
63701.30089666721,10000.0
63701.36778185265,10000.0
63701.434667038084,10000.0
63701.50155222352,10000.0
63701.568437408954,10000.0
63701.63532259439,10000.0
63701.702207779825,10000.0
63701.76909296526,10000.0
63701.835978150695,10000.0
63701.90286333613,10000.0
63701.969748521566,10000.0
63702.036633707,10000.0
63702.103518892436,10000.0
63702.17040407787,10000.0
63702.23728926331,10000.0
63702.30417444874,10000.0
63702.37105963418,10000.0
63702.43794481961,10000.0
63702.50483000505,10000.0
63702.57171519048,10000.0
63702.63860037592,10000.0
63702.70548556135,10000.0
63702.77237074679,10000.0
63702.839255932224,10000.0
63702.90614111766,10000.0
63702.973026303094,10000.0
63703.03991148853,10000.0
63703.106796673965,10000.0
63703.1736818594,10000.0
63703.240567044835,10000.0
63703.30745223027,10000.0
63703.374337415706,10000.0
63703.44122260114,10000.0
63703.508107786576,10000.0
63703.57499297201,10000.0
63703.64187815745,10000.0
63703.70876334288,10000.0
63703.77564852832,10000.0
63703.84253371375,10000.0
63703.90941889919,10000.0
63703.97630408462,10000.0
63704.04318927006,10000.0
63704.11007445549,10000.0
63704.17695964093,10000.0
63704.243844826364,10000.0
63704.3107300118,10000.0
63704.377615197234,10000.0
63704.44450038267,10000.0
63704.511385568105,10000.0
63704.57827075354,10000.0
63704.645155938975,10000.0
63704.71204112441,10000.0
63704.778926309846,10000.0
63704.84581149528,10000.0
63704.912696680716,10000.0
63704.97958186615,10000.0
63705.04646705159,10000.0
63705.11335223702,10000.0
63705.18023742246,10000.0
63705.24712260789,10000.0
63705.31400779333,10000.0
63705.38089297876,10000.0
63705.4477781642,10000.0
63705.51466334963,10000.0
63705.58154853507,10000.0
63705.648433720504,10000.0
63705.71531890594,10000.0
63705.782204091374,10000.0
63705.84908927681,10000.0
63705.915974462245,10000.0
63705.98285964768,10000.0
63706.049744833115,10000.0
63706.11663001855,10000.0
63706.183515203986,10000.0
63706.25040038942,10000.0
63706.317285574856,10000.0
63706.38417076029,10000.0
63706.45105594573,10000.0
63706.51794113116,10000.0
63706.5848263166,10000.0
63706.65171150203,10000.0
63706.71859668747,10000.0
63706.7854818729,10000.0
63706.85236705834,10000.0
63706.91925224377,10000.0
63706.98613742921,10000.0
63707.053022614644,10000.0
63707.11990780008,10000.0
63707.186792985514,10000.0
63707.25367817095,10000.0
63707.320563356385,10000.0
63707.38744854182,10000.0
63707.454333727255,10000.0
63707.52121891269,10000.0
63707.588104098126,10000.0
63707.65498928356,10000.0
63707.721874468996,10000.0
63707.78875965443,10000.0
63707.85564483987,10000.0
63707.9225300253,10000.0
63707.98941521074,10000.0
63708.05630039617,10000.0
63708.12318558161,10000.0
63708.19007076704,10000.0
63708.25695595248,10000.0
63708.32384113791,10000.0
63708.39072632335,10000.0
63708.457611508784,10000.0
63708.52449669422,10000.0
63708.591381879654,10000.0
63708.65826706509,10000.0
63708.725152250525,10000.0
63708.79203743596,10000.0
63708.858922621395,10000.0
63708.92580780683,10000.0
63708.992692992266,10000.0
63709.0595781777,10000.0
63709.126463363136,10000.0
63709.19334854857,10000.0
63709.26023373401,10000.0
63709.32711891944,10000.0
63709.39400410488,10000.0
63709.46088929031,10000.0
63709.52777447575,10000.0
63709.59465966118,10000.0
63709.66154484662,10000.0
63709.72843003205,10000.0
63709.79531521749,10000.0
63709.862200402924,10000.0
63709.92908558836,10000.0
63709.995970773794,10000.0
63710.06285595923,10000.0
63710.12974114467,10000.0
63710.1966263301,10000.0
63710.26351151554,10000.0
63710.33039670098,10000.0
63710.39728188641,10000.0
63710.46416707185,10000.0
63710.53105225728,10000.0
63710.59793744272,10000.0
63710.664822628154,10000.0
63710.73170781359,10000.0
63710.798592999025,10000.0
63710.86547818446,10000.0
63710.932363369895,10000.0
63710.99924855533,10000.0
63711.066133740766,10000.0
63711.1330189262,10000.0
63711.199904111636,10000.0
63711.26678929707,10000.0
63711.33367448251,10000.0
63711.40055966794,10000.0
63711.46744485338,10000.0
63711.53433003881,10000.0
63711.60121522425,10000.0
63711.66810040968,10000.0
63711.73498559512,10000.0
63711.80187078055,10000.0
63711.86875596599,10000.0
63711.93564115142,10000.0
63712.00252633686,10000.0
63712.069411522294,10000.0
63712.13629670773,10000.0
63712.203181893165,10000.0
63712.2700670786,10000.0
63712.336952264035,10000.0
63712.40383744947,10000.0
63712.470722634906,10000.0
63712.53760782034,10000.0
63712.604493005776,10000.0
63712.67137819121,10000.0
63712.73826337665,10000.0
63712.80514856208,10000.0
63712.87203374752,10000.0
63712.93891893295,10000.0
63713.00580411839,10000.0
63713.07268930382,10000.0
63713.13957448926,10000.0
63713.20645967469,10000.0
63713.27334486013,10000.0
63713.340230045564,10000.0
63713.407115231,10000.0
63713.474000416434,10000.0
63713.54088560187,10000.0
63713.607770787305,10000.0
63713.67465597274,10000.0
63713.741541158175,10000.0
63713.80842634361,10000.0
63713.875311529046,10000.0
63713.94219671448,10000.0
63714.009081899916,10000.0
63714.07596708535,10000.0
63714.14285227079,10000.0
63714.20973745622,10000.0
63714.27662264166,10000.0
63714.34350782709,10000.0
63714.41039301253,10000.0
63714.47727819796,10000.0
63714.5441633834,10000.0
63714.61104856883,10000.0
63714.67793375427,10000.0
63714.744818939704,10000.0
63714.81170412514,10000.0
63714.878589310574,10000.0
63714.94547449601,10000.0
63715.012359681445,10000.0
63715.07924486688,10000.0
63715.146130052315,10000.0
63715.21301523775,10000.0
63715.279900423186,10000.0
63715.34678560862,10000.0
63715.413670794056,10000.0
63715.48055597949,10000.0
63715.54744116493,10000.0
63715.61432635036,10000.0
63715.6812115358,10000.0
63715.74809672123,10000.0
63715.81498190667,10000.0
63715.8818670921,10000.0
63715.94875227754,10000.0
63716.01563746297,10000.0
63716.08252264841,10000.0
63716.149407833844,10000.0
63716.21629301928,10000.0
63716.283178204714,10000.0
63716.35006339015,10000.0
63716.416948575585,10000.0
63716.48383376102,10000.0
63716.550718946455,10000.0
63716.61760413189,10000.0
63716.684489317326,10000.0
63716.75137450276,10000.0
63716.818259688196,10000.0
63716.88514487363,10000.0
63716.95203005907,10000.0
63717.0189152445,10000.0
63717.08580042994,10000.0
63717.15268561537,10000.0
63717.21957080081,10000.0
63717.28645598624,10000.0
63717.35334117168,10000.0
63717.42022635711,10000.0
63717.48711154255,10000.0
63717.553996727984,10000.0
63717.62088191342,10000.0
63717.687767098854,10000.0
63717.75465228429,10000.0
63717.821537469725,10000.0
63717.88842265516,10000.0
63717.955307840595,10000.0
63718.02219302603,10000.0
63718.089078211466,10000.0
63718.1559633969,10000.0
63718.222848582336,10000.0
63718.28973376777,10000.0
63718.35661895321,10000.0
63718.42350413864,10000.0
63718.49038932408,10000.0
63718.55727450951,10000.0
63718.62415969495,10000.0
63718.69104488038,10000.0
63718.75793006582,10000.0
63718.82481525125,10000.0
63718.89170043669,10000.0
63718.958585622124,10000.0
63719.02547080756,10000.0
63719.092355992994,10000.0
63719.15924117843,10000.0
63719.226126363865,10000.0
63719.2930115493,10000.0
63719.359896734735,10000.0
63719.42678192018,10000.0
63719.49366710561,10000.0
63719.56055229105,10000.0
63719.62743747648,10000.0
63719.69432266192,10000.0
63719.761207847354,10000.0
63719.82809303279,10000.0
63719.894978218224,10000.0
63719.96186340366,10000.0
63720.028748589095,10000.0
63720.09563377453,10000.0
63720.162518959965,10000.0
63720.2294041454,10000.0
63720.296289330836,10000.0
63720.36317451627,10000.0
63720.430059701706,10000.0
63720.49694488714,10000.0
63720.56383007258,10000.0
63720.63071525801,10000.0
63720.69760044345,10000.0
63720.76448562888,10000.0
63720.83137081432,10000.0
63720.89825599975,10000.0
63720.96514118519,10000.0
63721.03202637062,10000.0
63721.09891155606,10000.0
63721.165796741494,10000.0
63721.23268192693,10000.0
63721.299567112364,10000.0
63721.3664522978,10000.0
63721.433337483235,10000.0
63721.50022266867,10000.0
63721.567107854105,10000.0
63721.63399303954,10000.0
63721.700878224976,10000.0
63721.76776341041,10000.0
63721.83464859585,10000.0
63721.90153378128,10000.0
63721.96841896672,10000.0
63722.03530415215,10000.0
63722.10218933759,10000.0
63722.16907452302,10000.0
63722.23595970846,10000.0
63722.30284489389,10000.0
63722.36973007933,10000.0
63722.43661526476,10000.0
63722.5035004502,10000.0
63722.570385635634,10000.0
63722.63727082107,10000.0
63722.704156006504,10000.0
63722.77104119194,10000.0
63722.837926377375,10000.0
63722.90481156281,10000.0
63722.971696748245,10000.0
63723.03858193368,10000.0
63723.105467119116,10000.0
63723.17235230455,10000.0
63723.23923748999,10000.0
63723.30612267542,10000.0
63723.37300786086,10000.0
63723.43989304629,10000.0
63723.50677823173,10000.0
63723.57366341716,10000.0
63723.6405486026,10000.0
63723.70743378803,10000.0
63723.77431897347,10000.0
63723.8412041589,10000.0
63723.90808934434,10000.0
63723.974974529774,10000.0
63724.04185971521,10000.0
63724.108744900645,10000.0
63724.17563008608,10000.0
63724.242515271515,10000.0
63724.30940045695,10000.0
63724.376285642385,10000.0
63724.44317082782,10000.0
63724.510056013256,10000.0
63724.57694119869,10000.0
63724.64382638413,10000.0
63724.71071156956,10000.0
63724.777596755,10000.0
63724.84448194043,10000.0
63724.91136712587,10000.0
63724.9782523113,10000.0
63725.04513749674,10000.0
63725.11202268217,10000.0
63725.17890786761,10000.0
63725.24579305304,10000.0
63725.31267823848,10000.0
63725.379563423914,10000.0
63725.44644860935,10000.0
63725.513333794785,10000.0
63725.58021898022,10000.0
63725.647104165655,10000.0
63725.71398935109,10000.0
63725.780874536526,10000.0
63725.84775972196,10000.0
63725.914644907396,10000.0
63725.98153009283,10000.0
63726.04841527827,10000.0
63726.1153004637,10000.0
63726.18218564914,10000.0
63726.24907083457,10000.0
63726.31595602001,10000.0
63726.38284120544,10000.0
63726.44972639088,10000.0
63726.51661157631,10000.0
63726.58349676175,10000.0
63726.65038194718,10000.0
63726.71726713262,10000.0
63726.784152318054,10000.0
63726.85103750349,10000.0
63726.917922688925,10000.0
63726.98480787436,10000.0
63727.051693059795,10000.0
63727.11857824523,10000.0
63727.185463430666,10000.0
63727.2523486161,10000.0
63727.319233801536,10000.0
63727.38611898697,10000.0
63727.45300417241,10000.0
63727.51988935784,10000.0
63727.58677454328,10000.0
63727.65365972871,10000.0
63727.72054491415,10000.0
63727.78743009958,10000.0
63727.85431528502,10000.0
63727.92120047045,10000.0
63727.98808565589,10000.0
63728.054970841324,10000.0
63728.12185602676,10000.0
63728.188741212194,10000.0
63728.25562639763,10000.0
63728.322511583065,10000.0
63728.3893967685,10000.0
63728.456281953935,10000.0
63728.52316713937,10000.0
63728.59005232481,10000.0
63728.65693751024,10000.0
63728.72382269568,10000.0
63728.79070788112,10000.0
63728.857593066554,10000.0
63728.92447825199,10000.0
63728.991363437424,10000.0
63729.05824862286,10000.0
63729.125133808295,10000.0
63729.19201899373,10000.0
63729.258904179165,10000.0
63729.3257893646,10000.0
63729.392674550036,10000.0
63729.45955973547,10000.0
63729.526444920906,10000.0
63729.59333010634,10000.0
63729.66021529178,10000.0
63729.72710047721,10000.0
63729.79398566265,10000.0
63729.86087084808,10000.0
63729.92775603352,10000.0
63729.99464121895,10000.0
63730.06152640439,10000.0
63730.12841158982,10000.0
63730.19529677526,10000.0
63730.262181960694,10000.0
63730.32906714613,10000.0
63730.395952331564,10000.0
63730.462837517,10000.0
63730.529722702435,10000.0
63730.59660788787,10000.0
63730.663493073305,10000.0
63730.73037825874,10000.0
63730.797263444176,10000.0
63730.86414862961,10000.0
63730.931033815046,10000.0
63730.99791900048,10000.0
63731.06480418592,10000.0
63731.13168937135,10000.0
63731.19857455679,10000.0
63731.26545974222,10000.0
63731.33234492766,10000.0
63731.39923011309,10000.0
63731.46611529853,10000.0
63731.53300048396,10000.0
63731.5998856694,10000.0
63731.666770854834,10000.0
63731.73365604027,10000.0
63731.800541225704,10000.0
63731.86742641114,10000.0
63731.934311596575,10000.0
63732.00119678201,10000.0
63732.068081967445,10000.0
63732.13496715288,10000.0
63732.201852338316,10000.0
63732.26873752375,10000.0
63732.335622709186,10000.0
63732.40250789462,10000.0
63732.46939308006,10000.0
63732.53627826549,10000.0
63732.60316345093,10000.0
63732.67004863636,10000.0
63732.7369338218,10000.0
63732.80381900723,10000.0
63732.87070419267,10000.0
63732.9375893781,10000.0
63733.00447456354,10000.0
63733.071359748974,10000.0
63733.13824493441,10000.0
63733.205130119844,10000.0
63733.27201530528,10000.0
63733.338900490715,10000.0
63733.40578567615,10000.0
63733.472670861585,10000.0
63733.53955604702,10000.0
63733.606441232456,10000.0
63733.67332641789,10000.0
63733.740211603326,10000.0
63733.80709678876,10000.0
63733.8739819742,10000.0
63733.94086715963,10000.0
63734.00775234507,10000.0
63734.0746375305,10000.0
63734.14152271594,10000.0
63734.20840790137,10000.0
63734.27529308681,10000.0
63734.34217827224,10000.0
63734.40906345768,10000.0
63734.475948643114,10000.0
63734.54283382855,10000.0
63734.609719013984,10000.0
63734.67660419942,10000.0
63734.743489384855,10000.0
63734.81037457029,10000.0
63734.877259755725,10000.0
63734.94414494116,10000.0
63735.011030126596,10000.0
63735.07791531203,10000.0
63735.144800497466,10000.0
63735.2116856829,10000.0
63735.27857086834,10000.0
63735.34545605377,10000.0
63735.41234123921,10000.0
63735.47922642464,10000.0
63735.54611161008,10000.0
63735.61299679551,10000.0
63735.67988198095,10000.0
63735.74676716638,10000.0
63735.81365235182,10000.0
63735.880537537254,10000.0
63735.94742272269,10000.0
63736.014307908124,10000.0
63736.08119309356,10000.0
63736.148078278995,10000.0
63736.21496346443,10000.0
63736.281848649865,10000.0
63736.3487338353,10000.0
63736.415619020736,10000.0
63736.48250420617,10000.0
63736.54938939161,10000.0
63736.61627457704,10000.0
63736.68315976248,10000.0
63736.75004494791,10000.0
63736.81693013335,10000.0
63736.88381531878,10000.0
63736.95070050422,10000.0
63737.01758568965,10000.0
63737.08447087509,10000.0
63737.15135606052,10000.0
63737.21824124596,10000.0
63737.285126431394,10000.0
63737.35201161683,10000.0
63737.418896802264,10000.0
63737.4857819877,10000.0
63737.552667173135,10000.0
63737.61955235857,10000.0
63737.686437544005,10000.0
63737.75332272944,10000.0
63737.820207914876,10000.0
63737.88709310032,10000.0
63737.953978285754,10000.0
63738.02086347119,10000.0
63738.087748656624,10000.0
63738.15463384206,10000.0
63738.221519027495,10000.0
63738.28840421293,10000.0
63738.355289398365,10000.0
63738.4221745838,10000.0
63738.489059769236,10000.0
63738.55594495467,10000.0
63738.622830140106,10000.0
63738.68971532554,10000.0
63738.75660051098,10000.0
63738.82348569641,10000.0
63738.89037088185,10000.0
63738.95725606728,10000.0
63739.02414125272,10000.0
63739.09102643815,10000.0
63739.15791162359,10000.0
63739.22479680902,10000.0
63739.29168199446,10000.0
63739.358567179894,10000.0
63739.42545236533,10000.0
63739.492337550764,10000.0
63739.5592227362,10000.0
63739.626107921635,10000.0
63739.69299310707,10000.0
63739.759878292505,10000.0
63739.82676347794,10000.0
63739.893648663376,10000.0
63739.96053384881,10000.0
63740.027419034246,10000.0
63740.09430421968,10000.0
63740.16118940512,10000.0
63740.22807459055,10000.0
63740.29495977599,10000.0
63740.36184496142,10000.0
63740.42873014686,10000.0
63740.49561533229,10000.0
63740.56250051773,10000.0
63740.62938570316,10000.0
63740.6962708886,10000.0
63740.763156074034,10000.0
63740.83004125947,10000.0
63740.896926444904,10000.0
63740.96381163034,10000.0
63741.030696815775,10000.0
63741.09758200121,10000.0
63741.164467186645,10000.0
63741.23135237208,10000.0
63741.298237557516,10000.0
63741.36512274295,10000.0
63741.432007928386,10000.0
63741.49889311382,10000.0
63741.56577829926,10000.0
63741.63266348469,10000.0
63741.69954867013,10000.0
63741.76643385556,10000.0
63741.833319041,10000.0
63741.90020422643,10000.0
63741.96708941187,10000.0
63742.0339745973,10000.0
63742.10085978274,10000.0
63742.167744968174,10000.0
63742.23463015361,10000.0
63742.301515339044,10000.0
63742.36840052448,10000.0
63742.435285709915,10000.0
63742.50217089535,10000.0
63742.569056080785,10000.0
63742.63594126622,10000.0
63742.702826451656,10000.0
63742.76971163709,10000.0
63742.836596822526,10000.0
63742.90348200796,10000.0
63742.9703671934,10000.0
63743.03725237883,10000.0
63743.10413756427,10000.0
63743.1710227497,10000.0
63743.23790793514,10000.0
63743.30479312057,10000.0
63743.37167830601,10000.0
63743.43856349144,10000.0
63743.50544867688,10000.0
63743.572333862314,10000.0
63743.63921904775,10000.0
63743.706104233184,10000.0
63743.77298941862,10000.0
63743.839874604055,10000.0
63743.90675978949,10000.0
63743.973644974925,10000.0
63744.04053016036,10000.0
63744.107415345796,10000.0
63744.17430053123,10000.0
63744.241185716666,10000.0
63744.3080709021,10000.0
63744.37495608754,10000.0
63744.44184127297,10000.0
63744.50872645841,10000.0
63744.57561164384,10000.0
63744.64249682928,10000.0
63744.70938201471,10000.0
63744.77626720015,10000.0
63744.84315238558,10000.0
63744.91003757102,10000.0
63744.976922756454,10000.0
63745.04380794189,10000.0
63745.110693127324,10000.0
63745.17757831276,10000.0
63745.244463498195,10000.0
63745.31134868363,10000.0
63745.378233869065,10000.0
63745.4451190545,10000.0
63745.512004239936,10000.0
63745.57888942537,10000.0
63745.645774610806,10000.0
63745.71265979624,10000.0
63745.77954498168,10000.0
63745.84643016711,10000.0
63745.91331535255,10000.0
63745.98020053798,10000.0
63746.04708572342,10000.0
63746.11397090885,10000.0
63746.18085609429,10000.0
63746.24774127972,10000.0
63746.31462646516,10000.0
63746.381511650594,10000.0
63746.44839683603,10000.0
63746.515282021464,10000.0
63746.5821672069,10000.0
63746.649052392335,10000.0
63746.71593757777,10000.0
63746.782822763205,10000.0
63746.84970794864,10000.0
63746.916593134076,10000.0
63746.98347831951,10000.0
63747.05036350495,10000.0
63747.11724869038,10000.0
63747.184133875824,10000.0
63747.25101906126,10000.0
63747.317904246695,10000.0
63747.38478943213,10000.0
63747.451674617565,10000.0
63747.518559803,10000.0
63747.585444988435,10000.0
63747.65233017387,10000.0
63747.719215359306,10000.0
63747.78610054474,10000.0
63747.85298573018,10000.0
63747.91987091561,10000.0
63747.98675610105,10000.0
63748.05364128648,10000.0
63748.12052647192,10000.0
63748.18741165735,10000.0
63748.25429684279,10000.0
63748.32118202822,10000.0
63748.38806721366,10000.0
63748.45495239909,10000.0
63748.52183758453,10000.0
63748.588722769964,10000.0
63748.6556079554,10000.0
63748.722493140835,10000.0
63748.78937832627,10000.0
63748.856263511705,10000.0
63748.92314869714,10000.0
63748.990033882576,10000.0
63749.05691906801,10000.0
63749.123804253446,10000.0
63749.19068943888,10000.0
63749.25757462432,10000.0
63749.32445980975,10000.0
63749.39134499519,10000.0
63749.45823018062,10000.0
63749.52511536606,10000.0
63749.59200055149,10000.0
63749.65888573693,10000.0
63749.72577092236,10000.0
63749.7926561078,10000.0
63749.85954129323,10000.0
63749.92642647867,10000.0
63749.993311664104,10000.0
63750.06019684954,10000.0
63750.127082034975,10000.0
63750.19396722041,10000.0
63750.260852405845,10000.0
63750.32773759128,10000.0
63750.394622776716,10000.0
63750.46150796215,10000.0
63750.528393147586,10000.0
63750.59527833302,10000.0
63750.66216351846,10000.0
63750.72904870389,10000.0
63750.79593388933,10000.0
63750.86281907476,10000.0
63750.9297042602,10000.0
63750.99658944563,10000.0
63751.06347463107,10000.0
63751.1303598165,10000.0
63751.19724500194,10000.0
63751.264130187374,10000.0
63751.33101537281,10000.0
63751.397900558244,10000.0
63751.46478574368,10000.0
63751.531670929115,10000.0
63751.59855611455,10000.0
63751.665441299985,10000.0
63751.73232648542,10000.0
63751.799211670856,10000.0
63751.86609685629,10000.0
63751.932982041726,10000.0
63751.99986722716,10000.0
63752.0667524126,10000.0
63752.13363759803,10000.0
63752.20052278347,10000.0
63752.2674079689,10000.0
63752.33429315434,10000.0
63752.40117833977,10000.0
63752.46806352521,10000.0
63752.53494871064,10000.0
63752.60183389608,10000.0
63752.668719081514,10000.0
63752.73560426695,10000.0
63752.802489452384,10000.0
63752.86937463782,10000.0
63752.936259823255,10000.0
63753.00314500869,10000.0
63753.070030194125,10000.0
63753.13691537956,10000.0
63753.203800564996,10000.0
63753.27068575043,10000.0
63753.337570935866,10000.0
63753.4044561213,10000.0
63753.47134130674,10000.0
63753.53822649217,10000.0
63753.60511167761,10000.0
63753.67199686304,10000.0
63753.73888204848,10000.0
63753.80576723391,10000.0
63753.87265241935,10000.0
63753.93953760478,10000.0
63754.00642279022,10000.0
63754.073307975654,10000.0
63754.14019316109,10000.0
63754.207078346524,10000.0
63754.27396353196,10000.0
63754.340848717395,10000.0
63754.40773390283,10000.0
63754.474619088265,10000.0
63754.5415042737,10000.0
63754.608389459136,10000.0
63754.67527464457,10000.0
63754.742159830006,10000.0
63754.80904501544,10000.0
63754.87593020088,10000.0
63754.94281538631,10000.0
63755.00970057175,10000.0
63755.07658575718,10000.0
63755.14347094262,10000.0
63755.21035612805,10000.0
63755.27724131349,10000.0
63755.34412649892,10000.0
63755.41101168436,10000.0
63755.477896869794,10000.0
63755.54478205523,10000.0
63755.611667240664,10000.0
63755.6785524261,10000.0
63755.745437611535,10000.0
63755.81232279697,10000.0
63755.879207982405,10000.0
63755.94609316784,10000.0
63756.012978353276,10000.0
63756.07986353871,10000.0
63756.146748724146,10000.0
63756.21363390958,10000.0
63756.28051909502,10000.0
63756.34740428046,10000.0
63756.414289465894,10000.0
63756.48117465133,10000.0
63756.548059836765,10000.0
63756.6149450222,10000.0
63756.681830207635,10000.0
63756.74871539307,10000.0
63756.815600578506,10000.0
63756.88248576394,10000.0
63756.949370949376,10000.0
63757.01625613481,10000.0
63757.08314132025,10000.0
63757.15002650568,10000.0
63757.21691169112,10000.0
63757.28379687655,10000.0
63757.35068206199,10000.0
63757.41756724742,10000.0
63757.48445243286,10000.0
63757.55133761829,10000.0
63757.61822280373,10000.0
63757.685107989164,10000.0
63757.7519931746,10000.0
63757.818878360034,10000.0
63757.88576354547,10000.0
63757.952648730905,10000.0
63758.01953391634,10000.0
63758.086419101775,10000.0
63758.15330428721,10000.0
63758.220189472646,10000.0
63758.28707465808,10000.0
63758.353959843516,10000.0
63758.42084502895,10000.0
63758.48773021439,10000.0
63758.55461539982,10000.0
63758.62150058526,10000.0
63758.68838577069,10000.0
63758.75527095613,10000.0
63758.82215614156,10000.0
63758.889041327,10000.0
63758.95592651243,10000.0
63759.02281169787,10000.0
63759.089696883304,10000.0
63759.15658206874,10000.0
63759.223467254174,10000.0
63759.29035243961,10000.0
63759.357237625045,10000.0
63759.42412281048,10000.0
63759.491007995915,10000.0
63759.55789318135,10000.0
63759.624778366786,10000.0
63759.69166355222,10000.0
63759.75854873766,10000.0
63759.82543392309,10000.0
63759.89231910853,10000.0
63759.95920429396,10000.0
63760.0260894794,10000.0
63760.09297466483,10000.0
63760.15985985027,10000.0
63760.2267450357,10000.0
63760.29363022114,10000.0
63760.36051540657,10000.0
63760.42740059201,10000.0
63760.494285777444,10000.0
63760.56117096288,10000.0
63760.628056148314,10000.0
63760.69494133375,10000.0
63760.761826519185,10000.0
63760.82871170462,10000.0
63760.895596890055,10000.0
63760.96248207549,10000.0
63761.029367260926,10000.0
63761.09625244636,10000.0
63761.1631376318,10000.0
63761.23002281723,10000.0
63761.29690800267,10000.0
63761.3637931881,10000.0
63761.43067837354,10000.0
63761.49756355897,10000.0
63761.56444874441,10000.0
63761.63133392984,10000.0
63761.69821911528,10000.0
63761.76510430071,10000.0
63761.83198948615,10000.0
63761.898874671584,10000.0
63761.96575985702,10000.0
63762.032645042455,10000.0
63762.09953022789,10000.0
63762.166415413325,10000.0
63762.23330059876,10000.0
63762.300185784195,10000.0
63762.36707096963,10000.0
63762.433956155066,10000.0
63762.5008413405,10000.0
63762.56772652594,10000.0
63762.63461171137,10000.0
63762.70149689681,10000.0
63762.76838208224,10000.0
63762.83526726768,10000.0
63762.90215245311,10000.0
63762.96903763855,10000.0
63763.03592282398,10000.0
63763.10280800942,10000.0
63763.16969319485,10000.0
63763.23657838029,10000.0
63763.303463565724,10000.0
63763.37034875116,10000.0
63763.437233936595,10000.0
63763.50411912203,10000.0
63763.571004307465,10000.0
63763.6378894929,10000.0
63763.704774678336,10000.0
63763.77165986377,10000.0
63763.838545049206,10000.0
63763.90543023464,10000.0
63763.97231542008,10000.0
63764.03920060551,10000.0
63764.10608579095,10000.0
63764.17297097638,10000.0
63764.23985616182,10000.0
63764.30674134725,10000.0
63764.37362653269,10000.0
63764.44051171812,10000.0
63764.50739690356,10000.0
63764.574282088994,10000.0
63764.64116727443,10000.0
63764.708052459864,10000.0
63764.7749376453,10000.0
63764.841822830735,10000.0
63764.90870801617,10000.0
63764.975593201605,10000.0
63765.04247838704,10000.0
63765.109363572476,10000.0
63765.17624875791,10000.0
63765.243133943346,10000.0
63765.31001912878,10000.0
63765.37690431422,10000.0
63765.44378949965,10000.0
63765.510674685094,10000.0
63765.57755987052,10000.0
63765.644445055965,10000.0
63765.7113302414,10000.0
63765.778215426835,10000.0
63765.84510061227,10000.0
63765.911985797706,10000.0
63765.97887098314,10000.0
63766.045756168576,10000.0
63766.11264135401,10000.0
63766.17952653945,10000.0
63766.24641172488,10000.0
63766.31329691032,10000.0
63766.38018209575,10000.0
63766.44706728119,10000.0
63766.51395246662,10000.0
63766.58083765206,10000.0
63766.64772283749,10000.0
63766.71460802293,10000.0
63766.781493208364,10000.0
63766.8483783938,10000.0
63766.915263579234,10000.0
63766.98214876467,10000.0
63767.049033950105,10000.0
63767.11591913554,10000.0
63767.182804320975,10000.0
63767.24968950641,10000.0
63767.316574691846,10000.0
63767.38345987728,10000.0
63767.450345062716,10000.0
63767.51723024815,10000.0
63767.58411543359,10000.0
63767.65100061902,10000.0
63767.71788580446,10000.0
63767.78477098989,10000.0
63767.85165617533,10000.0
63767.91854136076,10000.0
63767.9854265462,10000.0
63768.05231173163,10000.0
63768.11919691707,10000.0
63768.186082102504,10000.0
63768.25296728794,10000.0
63768.319852473374,10000.0
63768.38673765881,10000.0
63768.453622844245,10000.0
63768.52050802968,10000.0
63768.587393215115,10000.0
63768.65427840055,10000.0
63768.721163585986,10000.0
63768.78804877142,10000.0
63768.854933956856,10000.0
63768.92181914229,10000.0
63768.98870432773,10000.0
63769.05558951316,10000.0
63769.1224746986,10000.0
63769.18935988403,10000.0
63769.25624506947,10000.0
63769.3231302549,10000.0
63769.39001544034,10000.0
63769.45690062577,10000.0
63769.52378581121,10000.0
63769.590670996644,10000.0
63769.65755618208,10000.0
63769.724441367514,10000.0
63769.79132655295,10000.0
63769.858211738385,10000.0
63769.92509692382,10000.0
63769.991982109255,10000.0
63770.05886729469,10000.0
63770.125752480126,10000.0
63770.19263766556,10000.0
63770.259522850996,10000.0
63770.32640803643,10000.0
63770.39329322187,10000.0
63770.4601784073,10000.0
63770.52706359274,10000.0
63770.59394877817,10000.0
63770.66083396361,10000.0
63770.72771914904,10000.0
63770.79460433448,10000.0
63770.86148951991,10000.0
63770.92837470535,10000.0
63770.995259890784,10000.0
63771.06214507622,10000.0
63771.129030261654,10000.0
63771.19591544709,10000.0
63771.262800632525,10000.0
63771.32968581796,10000.0
63771.396571003395,10000.0
63771.46345618883,10000.0
63771.530341374266,10000.0
63771.5972265597,10000.0
63771.664111745136,10000.0
63771.73099693057,10000.0
63771.79788211601,10000.0
63771.86476730144,10000.0
63771.93165248688,10000.0
63771.99853767231,10000.0
63772.06542285775,10000.0
63772.13230804318,10000.0
63772.19919322862,10000.0
63772.26607841405,10000.0
63772.33296359949,10000.0
63772.399848784924,10000.0
63772.46673397036,10000.0
63772.533619155794,10000.0
63772.60050434123,10000.0
63772.667389526665,10000.0
63772.7342747121,10000.0
63772.801159897535,10000.0
63772.86804508297,10000.0
63772.934930268406,10000.0
63773.00181545384,10000.0
63773.068700639276,10000.0
63773.13558582471,10000.0
63773.20247101015,10000.0
63773.26935619558,10000.0
63773.33624138102,10000.0
63773.40312656645,10000.0
63773.47001175189,10000.0
63773.53689693732,10000.0
63773.60378212276,10000.0
63773.67066730819,10000.0
63773.73755249363,10000.0
63773.804437679064,10000.0
63773.8713228645,10000.0
63773.938208049934,10000.0
63774.00509323537,10000.0
63774.071978420805,10000.0
63774.13886360624,10000.0
63774.205748791675,10000.0
63774.27263397711,10000.0
63774.339519162546,10000.0
63774.40640434798,10000.0
63774.47328953342,10000.0
63774.54017471885,10000.0
63774.60705990429,10000.0
63774.67394508972,10000.0
63774.74083027516,10000.0
63774.8077154606,10000.0
63774.874600646035,10000.0
63774.94148583147,10000.0
63775.008371016906,10000.0
63775.07525620234,10000.0
63775.142141387776,10000.0
63775.20902657321,10000.0
63775.27591175865,10000.0
63775.34279694408,10000.0
63775.40968212952,10000.0
63775.47656731495,10000.0
63775.54345250039,10000.0
63775.61033768582,10000.0
63775.67722287126,10000.0
63775.74410805669,10000.0
63775.81099324213,10000.0
63775.877878427564,10000.0
63775.944763613,10000.0
63776.011648798434,10000.0
63776.07853398387,10000.0
63776.145419169305,10000.0
63776.21230435474,10000.0
63776.279189540175,10000.0
63776.34607472561,10000.0
63776.412959911046,10000.0
63776.47984509648,10000.0
63776.546730281916,10000.0
63776.61361546735,10000.0
63776.68050065279,10000.0
63776.74738583822,10000.0
63776.81427102366,10000.0
63776.88115620909,10000.0
63776.94804139453,10000.0
63777.01492657996,10000.0
63777.0818117654,10000.0
63777.14869695083,10000.0
63777.21558213627,10000.0
63777.282467321704,10000.0
63777.34935250714,10000.0
63777.416237692574,10000.0
63777.48312287801,10000.0
63777.550008063445,10000.0
63777.61689324888,10000.0
63777.683778434315,10000.0
63777.75066361975,10000.0
63777.817548805186,10000.0
63777.88443399062,10000.0
63777.951319176056,10000.0
63778.01820436149,10000.0
63778.08508954693,10000.0
63778.15197473236,10000.0
63778.2188599178,10000.0
63778.28574510323,10000.0
63778.35263028867,10000.0
63778.4195154741,10000.0
63778.48640065954,10000.0
63778.55328584497,10000.0
63778.62017103041,10000.0
63778.687056215844,10000.0
63778.75394140128,10000.0
63778.820826586714,10000.0
63778.88771177215,10000.0
63778.954596957585,10000.0
63779.02148214302,10000.0
63779.088367328455,10000.0
63779.15525251389,10000.0
63779.222137699326,10000.0
63779.28902288476,10000.0
63779.355908070196,10000.0
63779.42279325563,10000.0
63779.48967844107,10000.0
63779.5565636265,10000.0
63779.62344881194,10000.0
63779.69033399737,10000.0
63779.75721918281,10000.0
63779.82410436824,10000.0
63779.89098955368,10000.0
63779.95787473911,10000.0
63780.02475992455,10000.0
63780.091645109984,10000.0
63780.15853029542,10000.0
63780.225415480854,10000.0
63780.29230066629,10000.0
63780.359185851725,10000.0
63780.42607103716,10000.0
63780.492956222595,10000.0
63780.55984140803,10000.0
63780.626726593466,10000.0
63780.6936117789,10000.0
63780.760496964336,10000.0
63780.82738214977,10000.0
63780.89426733521,10000.0
63780.96115252064,10000.0
63781.02803770608,10000.0
63781.09492289151,10000.0
63781.16180807695,10000.0
63781.22869326238,10000.0
63781.29557844782,10000.0
63781.36246363325,10000.0
63781.42934881869,10000.0
63781.496234004124,10000.0
63781.56311918956,10000.0
63781.630004374994,10000.0
63781.69688956043,10000.0
63781.763774745865,10000.0
63781.8306599313,10000.0
63781.897545116735,10000.0
63781.96443030217,10000.0
63782.031315487606,10000.0
63782.09820067304,10000.0
63782.165085858476,10000.0
63782.23197104391,10000.0
63782.29885622935,10000.0
63782.36574141478,10000.0
63782.43262660022,10000.0
63782.49951178565,10000.0
63782.56639697109,10000.0
63782.63328215652,10000.0
63782.70016734196,10000.0
63782.76705252739,10000.0
63782.83393771283,10000.0
63782.900822898264,10000.0
63782.9677080837,10000.0
63783.034593269134,10000.0
63783.10147845457,10000.0
63783.168363640005,10000.0
63783.23524882544,10000.0
63783.302134010875,10000.0
63783.36901919631,10000.0
63783.435904381746,10000.0
63783.50278956718,10000.0
63783.569674752616,10000.0
63783.63655993805,10000.0
63783.70344512349,10000.0
63783.77033030892,10000.0
63783.83721549436,10000.0
63783.90410067979,10000.0
63783.970985865235,10000.0
63784.03787105066,10000.0
63784.104756236105,10000.0
63784.17164142154,10000.0
63784.238526606976,10000.0
63784.30541179241,10000.0
63784.37229697785,10000.0
63784.43918216328,10000.0
63784.50606734872,10000.0
63784.57295253415,10000.0
63784.63983771959,10000.0
63784.70672290502,10000.0
63784.77360809046,10000.0
63784.84049327589,10000.0
63784.90737846133,10000.0
63784.97426364676,10000.0
63785.0411488322,10000.0
63785.108034017634,10000.0
63785.17491920307,10000.0
63785.241804388505,10000.0
63785.30868957394,10000.0
63785.375574759375,10000.0
63785.44245994481,10000.0
63785.509345130245,10000.0
63785.57623031568,10000.0
63785.643115501116,10000.0
63785.71000068655,10000.0
63785.77688587199,10000.0
63785.84377105742,10000.0
63785.91065624286,10000.0
63785.97754142829,10000.0
63786.04442661373,10000.0
63786.11131179916,10000.0
63786.1781969846,10000.0
63786.24508217003,10000.0
63786.31196735547,10000.0
63786.3788525409,10000.0
63786.44573772634,10000.0
63786.512622911774,10000.0
63786.57950809721,10000.0
63786.646393282645,10000.0
63786.71327846808,10000.0
63786.780163653515,10000.0
63786.84704883895,10000.0
63786.913934024386,10000.0
63786.98081920982,10000.0
63787.047704395256,10000.0
63787.11458958069,10000.0
63787.18147476613,10000.0
63787.24835995156,10000.0
63787.315245137,10000.0
63787.38213032243,10000.0
63787.44901550787,10000.0
63787.5159006933,10000.0
63787.58278587874,10000.0
63787.64967106417,10000.0
63787.71655624961,10000.0
63787.783441435044,10000.0
63787.85032662048,10000.0
63787.917211805914,10000.0
63787.98409699135,10000.0
63788.050982176785,10000.0
63788.11786736222,10000.0
63788.184752547655,10000.0
63788.25163773309,10000.0
63788.318522918526,10000.0
63788.38540810396,10000.0
63788.452293289396,10000.0
63788.51917847483,10000.0
63788.58606366027,10000.0
63788.6529488457,10000.0
63788.71983403114,10000.0
63788.78671921657,10000.0
63788.85360440201,10000.0
63788.92048958744,10000.0
63788.98737477288,10000.0
63789.05425995831,10000.0
63789.12114514375,10000.0
63789.188030329184,10000.0
63789.25491551462,10000.0
63789.321800700054,10000.0
63789.38868588549,10000.0
63789.455571070925,10000.0
63789.52245625636,10000.0
63789.589341441795,10000.0
63789.65622662723,10000.0
63789.723111812666,10000.0
63789.7899969981,10000.0
63789.856882183536,10000.0
63789.92376736897,10000.0
63789.99065255441,10000.0
63790.05753773984,10000.0
63790.12442292528,10000.0
63790.19130811071,10000.0
63790.25819329615,10000.0
63790.32507848158,10000.0
63790.39196366702,10000.0
63790.45884885245,10000.0
63790.52573403789,10000.0
63790.592619223324,10000.0
63790.65950440876,10000.0
63790.726389594194,10000.0
63790.79327477963,10000.0
63790.860159965065,10000.0
63790.9270451505,10000.0
63790.993930335935,10000.0
63791.06081552137,10000.0
63791.127700706806,10000.0
63791.19458589224,10000.0
63791.261471077676,10000.0
63791.32835626311,10000.0
63791.39524144855,10000.0
63791.46212663398,10000.0
63791.52901181942,10000.0
63791.59589700485,10000.0
63791.66278219029,10000.0
63791.72966737572,10000.0
63791.79655256116,10000.0
63791.86343774659,10000.0
63791.93032293203,10000.0
63791.997208117464,10000.0
63792.0640933029,10000.0
63792.130978488334,10000.0
63792.19786367377,10000.0
63792.264748859205,10000.0
63792.33163404464,10000.0
63792.398519230075,10000.0
63792.46540441551,10000.0
63792.532289600946,10000.0
63792.59917478638,10000.0
63792.666059971816,10000.0
63792.73294515725,10000.0
63792.79983034269,10000.0
63792.86671552812,10000.0
63792.93360071356,10000.0
63793.00048589899,10000.0
63793.06737108443,10000.0
63793.13425626986,10000.0
63793.2011414553,10000.0
63793.26802664074,10000.0
63793.334911826176,10000.0
63793.40179701161,10000.0
63793.468682197046,10000.0
63793.53556738248,10000.0
63793.60245256792,10000.0
63793.66933775335,10000.0
63793.73622293879,10000.0
63793.80310812422,10000.0
63793.86999330966,10000.0
63793.93687849509,10000.0
63794.00376368053,10000.0
63794.07064886596,10000.0
63794.1375340514,10000.0
63794.204419236834,10000.0
63794.27130442227,10000.0
63794.338189607704,10000.0
63794.40507479314,10000.0
63794.471959978575,10000.0
63794.53884516401,10000.0
63794.605730349445,10000.0
63794.67261553488,10000.0
63794.739500720316,10000.0
63794.80638590575,10000.0
63794.873271091186,10000.0
63794.94015627662,10000.0
63795.00704146206,10000.0
63795.07392664749,10000.0
63795.14081183293,10000.0
63795.20769701836,10000.0
63795.2745822038,10000.0
63795.34146738923,10000.0
63795.40835257467,10000.0
63795.4752377601,10000.0
63795.54212294554,10000.0
63795.609008130974,10000.0
63795.67589331641,10000.0
63795.742778501844,10000.0
63795.80966368728,10000.0
63795.876548872715,10000.0
63795.94343405815,10000.0
63796.010319243585,10000.0
63796.07720442902,10000.0
63796.144089614456,10000.0
63796.21097479989,10000.0
63796.277859985326,10000.0
63796.34474517076,10000.0
63796.4116303562,10000.0
63796.47851554163,10000.0
63796.54540072707,10000.0
63796.6122859125,10000.0
63796.67917109794,10000.0
63796.74605628337,10000.0
63796.81294146881,10000.0
63796.87982665424,10000.0
63796.94671183968,10000.0
63797.013597025114,10000.0
63797.08048221055,10000.0
63797.147367395984,10000.0
63797.21425258142,10000.0
63797.281137766855,10000.0
63797.34802295229,10000.0
63797.414908137725,10000.0
63797.48179332316,10000.0
63797.548678508596,10000.0
63797.61556369403,10000.0
63797.68244887947,10000.0
63797.7493340649,10000.0
63797.81621925034,10000.0
63797.88310443577,10000.0
63797.94998962121,10000.0
63798.01687480664,10000.0
63798.08375999208,10000.0
63798.15064517751,10000.0
63798.21753036295,10000.0
63798.28441554838,10000.0
63798.35130073382,10000.0
63798.418185919254,10000.0
63798.48507110469,10000.0
63798.551956290125,10000.0
63798.61884147556,10000.0
63798.685726660995,10000.0
63798.75261184643,10000.0
63798.819497031865,10000.0
63798.8863822173,10000.0
63798.953267402736,10000.0
63799.02015258817,10000.0
63799.08703777361,10000.0
63799.15392295904,10000.0
63799.22080814448,10000.0
63799.28769332991,10000.0
63799.35457851535,10000.0
63799.42146370078,10000.0
63799.48834888622,10000.0
63799.55523407165,10000.0
63799.62211925709,10000.0
63799.68900444252,10000.0
63799.75588962796,10000.0
63799.822774813394,10000.0
63799.88965999883,10000.0
63799.956545184265,10000.0
63800.0234303697,10000.0
63800.090315555135,10000.0
63800.15720074057,10000.0
63800.224085926006,10000.0
63800.29097111144,10000.0
63800.357856296876,10000.0
63800.42474148231,10000.0
63800.49162666775,10000.0
63800.55851185318,10000.0
63800.62539703862,10000.0
63800.69228222405,10000.0
63800.75916740949,10000.0
63800.82605259492,10000.0
63800.89293778036,10000.0
63800.95982296579,10000.0
63801.02670815123,10000.0
63801.09359333666,10000.0
63801.1604785221,10000.0
63801.227363707534,10000.0
63801.29424889297,10000.0
63801.361134078405,10000.0
63801.42801926384,10000.0
63801.494904449275,10000.0
63801.56178963471,10000.0
63801.628674820146,10000.0
63801.69556000558,10000.0
63801.762445191016,10000.0
63801.82933037645,10000.0
63801.89621556189,10000.0
63801.96310074732,10000.0
63802.02998593276,10000.0
63802.09687111819,10000.0
63802.16375630363,10000.0
63802.23064148906,10000.0
63802.2975266745,10000.0
63802.36441185993,10000.0
63802.431297045376,10000.0
63802.498182230804,10000.0
63802.565067416246,10000.0
63802.63195260168,10000.0
63802.69883778712,10000.0
63802.76572297255,10000.0
63802.83260815799,10000.0
63802.89949334342,10000.0
63802.96637852886,10000.0
63803.03326371429,10000.0
63803.10014889973,10000.0
63803.16703408516,10000.0
63803.2339192706,10000.0
63803.300804456034,10000.0
63803.36768964147,10000.0
63803.434574826904,10000.0
63803.50146001234,10000.0
63803.568345197775,10000.0
63803.63523038321,10000.0
63803.702115568645,10000.0
63803.76900075408,10000.0
63803.835885939516,10000.0
63803.90277112495,10000.0
63803.969656310386,10000.0
63804.03654149582,10000.0
63804.10342668126,10000.0
63804.17031186669,10000.0
63804.23719705213,10000.0
63804.30408223756,10000.0
63804.370967423,10000.0
63804.43785260843,10000.0
63804.50473779387,10000.0
63804.5716229793,10000.0
63804.63850816474,10000.0
63804.705393350174,10000.0
63804.77227853561,10000.0
63804.839163721044,10000.0
63804.90604890648,10000.0
63804.972934091915,10000.0
63805.03981927735,10000.0
63805.106704462785,10000.0
63805.17358964822,10000.0
63805.240474833656,10000.0
63805.30736001909,10000.0
63805.374245204526,10000.0
63805.44113038996,10000.0
63805.5080155754,10000.0
63805.57490076083,10000.0
63805.64178594627,10000.0
63805.7086711317,10000.0
63805.77555631714,10000.0
63805.84244150257,10000.0
63805.90932668801,10000.0
63805.97621187344,10000.0
63806.04309705888,10000.0
63806.109982244314,10000.0
63806.17686742975,10000.0
63806.243752615184,10000.0
63806.31063780062,10000.0
63806.377522986055,10000.0
63806.44440817149,10000.0
63806.511293356925,10000.0
63806.57817854236,10000.0
63806.645063727796,10000.0
63806.71194891323,10000.0
63806.778834098666,10000.0
63806.8457192841,10000.0
63806.91260446954,10000.0
63806.97948965497,10000.0
63807.04637484041,10000.0
63807.11326002584,10000.0
63807.18014521128,10000.0
63807.24703039671,10000.0
63807.31391558215,10000.0
63807.38080076758,10000.0
63807.44768595302,10000.0
63807.514571138454,10000.0
63807.58145632389,10000.0
63807.648341509324,10000.0
63807.71522669476,10000.0
63807.782111880195,10000.0
63807.84899706563,10000.0
63807.915882251065,10000.0
63807.9827674365,10000.0
63808.049652621936,10000.0
63808.11653780737,10000.0
63808.183422992806,10000.0
63808.25030817824,10000.0
63808.31719336368,10000.0
63808.38407854911,10000.0
63808.45096373455,10000.0
63808.51784891998,10000.0
63808.58473410542,10000.0
63808.65161929085,10000.0
63808.71850447629,10000.0
63808.78538966172,10000.0
63808.85227484716,10000.0
63808.919160032594,10000.0
63808.98604521803,10000.0
63809.052930403464,10000.0
63809.1198155889,10000.0
63809.186700774335,10000.0
63809.25358595977,10000.0
63809.320471145205,10000.0
63809.38735633064,10000.0
63809.454241516076,10000.0
63809.52112670151,10000.0
63809.588011886946,10000.0
63809.65489707238,10000.0
63809.72178225782,10000.0
63809.78866744325,10000.0
63809.85555262869,10000.0
63809.92243781412,10000.0
63809.98932299956,10000.0
63810.05620818499,10000.0
63810.12309337043,10000.0
63810.18997855586,10000.0
63810.2568637413,10000.0
63810.323748926734,10000.0
63810.39063411217,10000.0
63810.457519297604,10000.0
63810.52440448304,10000.0
63810.591289668475,10000.0
63810.65817485391,10000.0
63810.725060039345,10000.0
63810.79194522478,10000.0
63810.858830410216,10000.0
63810.92571559565,10000.0
63810.99260078109,10000.0
63811.05948596652,10000.0
63811.12637115196,10000.0
63811.19325633739,10000.0
63811.26014152283,10000.0
63811.32702670826,10000.0
63811.3939118937,10000.0
63811.46079707913,10000.0
63811.52768226457,10000.0
63811.59456745,10000.0
63811.66145263544,10000.0
63811.72833782088,10000.0
63811.79522300632,10000.0
63811.86210819175,10000.0
63811.92899337719,10000.0
63811.99587856262,10000.0
63812.06276374806,10000.0
63812.12964893349,10000.0
63812.19653411893,10000.0
63812.26341930436,10000.0
63812.3303044898,10000.0
63812.397189675234,10000.0
63812.46407486067,10000.0
63812.530960046104,10000.0
63812.59784523154,10000.0
63812.664730416975,10000.0
63812.73161560241,10000.0
63812.798500787845,10000.0
63812.86538597328,10000.0
63812.932271158716,10000.0
63812.99915634415,10000.0
63813.066041529586,10000.0
63813.13292671502,10000.0
63813.19981190046,10000.0
63813.26669708589,10000.0
63813.33358227133,10000.0
63813.40046745676,10000.0
63813.4673526422,10000.0
63813.53423782763,10000.0
63813.60112301307,10000.0
63813.6680081985,10000.0
63813.73489338394,10000.0
63813.801778569374,10000.0
63813.86866375481,10000.0
63813.935548940244,10000.0
63814.00243412568,10000.0
63814.069319311115,10000.0
63814.13620449655,10000.0
63814.203089681985,10000.0
63814.26997486742,10000.0
63814.336860052856,10000.0
63814.40374523829,10000.0
63814.470630423726,10000.0
63814.53751560916,10000.0
63814.6044007946,10000.0
63814.67128598003,10000.0
63814.73817116547,10000.0
63814.8050563509,10000.0
63814.87194153634,10000.0
63814.93882672177,10000.0
63815.00571190721,10000.0
63815.07259709264,10000.0
63815.13948227808,10000.0
63815.206367463514,10000.0
63815.27325264895,10000.0
63815.340137834384,10000.0
63815.40702301982,10000.0
63815.473908205255,10000.0
63815.54079339069,10000.0
63815.607678576125,10000.0
63815.67456376156,10000.0
63815.741448946996,10000.0
63815.80833413243,10000.0
63815.875219317866,10000.0
63815.9421045033,10000.0
63816.00898968874,10000.0
63816.07587487417,10000.0
63816.14276005961,10000.0
63816.20964524504,10000.0
63816.27653043048,10000.0
63816.34341561591,10000.0
63816.41030080135,10000.0
63816.47718598678,10000.0
63816.54407117222,10000.0
63816.610956357654,10000.0
63816.67784154309,10000.0
63816.744726728524,10000.0
63816.81161191396,10000.0
63816.878497099395,10000.0
63816.94538228483,10000.0
63817.012267470265,10000.0
63817.0791526557,10000.0
63817.146037841136,10000.0
63817.21292302657,10000.0
63817.279808212006,10000.0
63817.34669339744,10000.0
63817.41357858288,10000.0
63817.48046376831,10000.0
63817.54734895375,10000.0
63817.61423413918,10000.0
63817.68111932462,10000.0
63817.74800451005,10000.0
63817.81488969549,10000.0
63817.88177488092,10000.0
63817.94866006636,10000.0
63818.015545251794,10000.0
63818.08243043723,10000.0
63818.149315622664,10000.0
63818.2162008081,10000.0
63818.283085993535,10000.0
63818.34997117897,10000.0
63818.416856364405,10000.0
63818.48374154984,10000.0
63818.550626735276,10000.0
63818.61751192071,10000.0
63818.684397106146,10000.0
63818.75128229158,10000.0
63818.81816747702,10000.0
63818.88505266245,10000.0
63818.95193784789,10000.0
63819.01882303332,10000.0
63819.08570821876,10000.0
63819.15259340419,10000.0
63819.21947858963,10000.0
63819.28636377506,10000.0
63819.3532489605,10000.0
63819.420134145934,10000.0
63819.48701933137,10000.0
63819.553904516804,10000.0
63819.62078970224,10000.0
63819.687674887675,10000.0
63819.75456007311,10000.0
63819.821445258545,10000.0
63819.88833044398,10000.0
63819.955215629416,10000.0
63820.02210081485,10000.0
63820.088986000286,10000.0
63820.15587118572,10000.0
63820.22275637116,10000.0
63820.28964155659,10000.0
63820.35652674203,10000.0
63820.42341192746,10000.0
63820.4902971129,10000.0
63820.55718229833,10000.0
63820.62406748377,10000.0
63820.6909526692,10000.0
63820.75783785464,10000.0
63820.824723040074,10000.0
63820.89160822552,10000.0
63820.958493410944,10000.0
63821.02537859639,10000.0
63821.09226378182,10000.0
63821.15914896726,10000.0
63821.22603415269,10000.0
63821.29291933813,10000.0
63821.35980452356,10000.0
63821.426689709,10000.0
63821.49357489443,10000.0
63821.56046007987,10000.0
63821.627345265304,10000.0
63821.69423045074,10000.0
63821.761115636175,10000.0
63821.82800082161,10000.0
63821.894886007045,10000.0
63821.96177119248,10000.0
63822.028656377915,10000.0
63822.09554156335,10000.0
63822.162426748786,10000.0
63822.22931193422,10000.0
63822.29619711966,10000.0
63822.36308230509,10000.0
63822.42996749053,10000.0
63822.49685267596,10000.0
63822.5637378614,10000.0
63822.63062304683,10000.0
63822.69750823227,10000.0
63822.7643934177,10000.0
63822.83127860314,10000.0
63822.89816378857,10000.0
63822.96504897401,10000.0
63823.031934159444,10000.0
63823.09881934488,10000.0
63823.165704530315,10000.0
63823.23258971575,10000.0
63823.299474901185,10000.0
63823.36636008662,10000.0
63823.433245272056,10000.0
63823.50013045749,10000.0
63823.567015642926,10000.0
63823.63390082836,10000.0
63823.7007860138,10000.0
63823.76767119923,10000.0
63823.83455638467,10000.0
63823.9014415701,10000.0
63823.96832675554,10000.0
63824.03521194097,10000.0
63824.10209712641,10000.0
63824.16898231184,10000.0
63824.23586749728,10000.0
63824.30275268271,10000.0
63824.36963786815,10000.0
63824.436523053584,10000.0
63824.50340823902,10000.0
63824.570293424455,10000.0
63824.63717860989,10000.0
63824.704063795325,10000.0
63824.77094898076,10000.0
63824.837834166196,10000.0
63824.90471935163,10000.0
63824.971604537066,10000.0
63825.0384897225,10000.0
63825.10537490794,10000.0
63825.17226009337,10000.0
63825.23914527881,10000.0
63825.30603046424,10000.0
63825.37291564968,10000.0
63825.43980083511,10000.0
63825.50668602055,10000.0
63825.57357120598,10000.0
63825.64045639142,10000.0
63825.707341576854,10000.0
63825.77422676229,10000.0
63825.841111947724,10000.0
63825.90799713316,10000.0
63825.974882318595,10000.0
63826.04176750403,10000.0
63826.108652689465,10000.0
63826.1755378749,10000.0
63826.242423060336,10000.0
63826.30930824577,10000.0
63826.376193431206,10000.0
63826.44307861664,10000.0
63826.50996380208,10000.0
63826.57684898751,10000.0
63826.64373417295,10000.0
63826.71061935838,10000.0
63826.77750454382,10000.0
63826.84438972925,10000.0
63826.91127491469,10000.0
63826.97816010012,10000.0
63827.04504528556,10000.0
63827.111930470994,10000.0
63827.17881565643,10000.0
63827.245700841864,10000.0
63827.3125860273,10000.0
63827.379471212735,10000.0
63827.44635639817,10000.0
63827.513241583605,10000.0
63827.58012676904,10000.0
63827.647011954476,10000.0
63827.71389713991,10000.0
63827.780782325346,10000.0
63827.84766751078,10000.0
63827.91455269622,10000.0
63827.98143788165,10000.0
63828.04832306709,10000.0
63828.11520825252,10000.0
63828.18209343796,10000.0
63828.24897862339,10000.0
63828.31586380883,10000.0
63828.38274899426,10000.0
63828.4496341797,10000.0
63828.516519365134,10000.0
63828.58340455057,10000.0
63828.650289736004,10000.0
63828.71717492144,10000.0
63828.784060106875,10000.0
63828.85094529231,10000.0
63828.917830477745,10000.0
63828.98471566318,10000.0
63829.051600848616,10000.0
63829.11848603405,10000.0
63829.185371219486,10000.0
63829.25225640492,10000.0
63829.31914159036,10000.0
63829.38602677579,10000.0
63829.45291196123,10000.0
63829.51979714666,10000.0
63829.5866823321,10000.0
63829.65356751753,10000.0
63829.72045270297,10000.0
63829.7873378884,10000.0
63829.85422307384,10000.0
63829.921108259274,10000.0
63829.98799344471,10000.0
63830.054878630144,10000.0
63830.12176381558,10000.0
63830.18864900102,10000.0
63830.25553418646,10000.0
63830.32241937189,10000.0
63830.38930455733,10000.0
63830.45618974276,10000.0
63830.5230749282,10000.0
63830.58996011363,10000.0
63830.65684529907,10000.0
63830.723730484504,10000.0
63830.79061566994,10000.0
63830.857500855374,10000.0
63830.92438604081,10000.0
63830.991271226245,10000.0
63831.05815641168,10000.0
63831.125041597115,10000.0
63831.19192678255,10000.0
63831.258811967986,10000.0
63831.32569715342,10000.0
63831.392582338856,10000.0
63831.45946752429,10000.0
63831.52635270973,10000.0
63831.59323789516,10000.0
63831.6601230806,10000.0
63831.72700826603,10000.0
63831.79389345147,10000.0
63831.8607786369,10000.0
63831.92766382234,10000.0
63831.99454900777,10000.0
63832.06143419321,10000.0
63832.128319378644,10000.0
63832.19520456408,10000.0
63832.262089749514,10000.0
63832.32897493495,10000.0
63832.395860120385,10000.0
63832.46274530582,10000.0
63832.529630491255,10000.0
63832.59651567669,10000.0
63832.663400862126,10000.0
63832.73028604756,10000.0
63832.797171232996,10000.0
63832.86405641843,10000.0
63832.93094160387,10000.0
63832.9978267893,10000.0
63833.06471197474,10000.0
63833.13159716017,10000.0
63833.19848234561,10000.0
63833.26536753104,10000.0
63833.33225271648,10000.0
63833.39913790191,10000.0
63833.46602308735,10000.0
63833.532908272784,10000.0
63833.59979345822,10000.0
63833.666678643654,10000.0
63833.73356382909,10000.0
63833.800449014525,10000.0
63833.86733419996,10000.0
63833.934219385395,10000.0
63834.00110457083,10000.0
63834.067989756266,10000.0
63834.1348749417,10000.0
63834.20176012714,10000.0
63834.26864531257,10000.0
63834.33553049801,10000.0
63834.40241568344,10000.0
63834.46930086888,10000.0
63834.53618605431,10000.0
63834.60307123975,10000.0
63834.66995642518,10000.0
63834.73684161062,10000.0
63834.80372679605,10000.0
63834.87061198149,10000.0
63834.937497166924,10000.0
63835.00438235236,10000.0
63835.071267537794,10000.0
63835.13815272323,10000.0
63835.205037908665,10000.0
63835.2719230941,10000.0
63835.338808279535,10000.0
63835.40569346497,10000.0
63835.472578650406,10000.0
63835.53946383584,10000.0
63835.60634902128,10000.0
63835.67323420671,10000.0
63835.74011939215,10000.0
63835.80700457758,10000.0
63835.87388976302,10000.0
63835.94077494845,10000.0
63836.00766013389,10000.0
63836.07454531932,10000.0
63836.14143050476,10000.0
63836.20831569019,10000.0
63836.27520087563,10000.0
63836.342086061064,10000.0
63836.4089712465,10000.0
63836.475856431935,10000.0
63836.54274161737,10000.0
63836.609626802805,10000.0
63836.67651198824,10000.0
63836.743397173675,10000.0
63836.81028235911,10000.0
63836.877167544546,10000.0
63836.94405272998,10000.0
63837.01093791542,10000.0
63837.07782310085,10000.0
63837.14470828629,10000.0
63837.21159347172,10000.0
63837.27847865716,10000.0
63837.34536384259,10000.0
63837.41224902803,10000.0
63837.47913421346,10000.0
63837.5460193989,10000.0
63837.61290458433,10000.0
63837.67978976977,10000.0
63837.746674955204,10000.0
63837.81356014064,10000.0
63837.880445326075,10000.0
63837.94733051151,10000.0
63838.014215696945,10000.0
63838.08110088238,10000.0
63838.147986067816,10000.0
63838.21487125325,10000.0
63838.281756438686,10000.0
63838.34864162412,10000.0
63838.41552680956,10000.0
63838.48241199499,10000.0
63838.54929718043,10000.0
63838.61618236586,10000.0
63838.6830675513,10000.0
63838.74995273673,10000.0
63838.81683792217,10000.0
63838.8837231076,10000.0
63838.95060829304,10000.0
63839.01749347847,10000.0
63839.08437866391,10000.0
63839.151263849344,10000.0
63839.21814903478,10000.0
63839.285034220215,10000.0
63839.35191940566,10000.0
63839.418804591085,10000.0
63839.48568977653,10000.0
63839.55257496196,10000.0
63839.6194601474,10000.0
63839.68634533283,10000.0
63839.75323051827,10000.0
63839.820115703704,10000.0
63839.88700088914,10000.0
63839.953886074574,10000.0
63840.02077126001,10000.0
63840.087656445445,10000.0
63840.15454163088,10000.0
63840.221426816315,10000.0
63840.28831200175,10000.0
63840.355197187186,10000.0
63840.42208237262,10000.0
63840.488967558056,10000.0
63840.55585274349,10000.0
63840.62273792893,10000.0
63840.68962311436,10000.0
63840.7565082998,10000.0
63840.82339348523,10000.0
63840.89027867067,10000.0
63840.9571638561,10000.0
63841.02404904154,10000.0
63841.09093422697,10000.0
63841.15781941241,10000.0
63841.224704597844,10000.0
63841.29158978328,10000.0
63841.358474968714,10000.0
63841.42536015415,10000.0
63841.492245339585,10000.0
63841.55913052502,10000.0
63841.626015710455,10000.0
63841.69290089589,10000.0
63841.759786081326,10000.0
63841.82667126676,10000.0
63841.893556452196,10000.0
63841.96044163763,10000.0
63842.02732682307,10000.0
63842.0942120085,10000.0
63842.16109719394,10000.0
63842.22798237937,10000.0
63842.29486756481,10000.0
63842.36175275024,10000.0
63842.42863793568,10000.0
63842.49552312111,10000.0
63842.56240830655,10000.0
63842.629293491984,10000.0
63842.69617867742,10000.0
63842.763063862854,10000.0
63842.82994904829,10000.0
63842.896834233725,10000.0
63842.96371941916,10000.0
63843.030604604595,10000.0
63843.09748979003,10000.0
63843.164374975466,10000.0
63843.2312601609,10000.0
63843.298145346336,10000.0
63843.36503053177,10000.0
63843.43191571721,10000.0
63843.49880090264,10000.0
63843.56568608808,10000.0
63843.63257127351,10000.0
63843.69945645895,10000.0
63843.76634164438,10000.0
63843.83322682982,10000.0
63843.90011201525,10000.0
63843.96699720069,10000.0
63844.033882386124,10000.0
63844.10076757156,10000.0
63844.167652756994,10000.0
63844.23453794243,10000.0
63844.301423127865,10000.0
63844.3683083133,10000.0
63844.435193498735,10000.0
63844.50207868417,10000.0
63844.568963869606,10000.0
63844.63584905504,10000.0
63844.702734240476,10000.0
63844.76961942591,10000.0
63844.83650461135,10000.0
63844.90338979678,10000.0
63844.97027498222,10000.0
63845.03716016765,10000.0
63845.10404535309,10000.0
63845.17093053852,10000.0
63845.23781572396,10000.0
63845.30470090939,10000.0
63845.37158609483,10000.0
63845.438471280264,10000.0
63845.5053564657,10000.0
63845.572241651134,10000.0
63845.63912683657,10000.0
63845.706012022005,10000.0
63845.77289720744,10000.0
63845.839782392875,10000.0
63845.90666757831,10000.0
63845.973552763746,10000.0
63846.04043794918,10000.0
63846.107323134616,10000.0
63846.17420832005,10000.0
63846.24109350549,10000.0
63846.30797869092,10000.0
63846.37486387636,10000.0
63846.44174906179,10000.0
63846.50863424723,10000.0
63846.57551943266,10000.0
63846.6424046181,10000.0
63846.70928980353,10000.0
63846.77617498897,10000.0
63846.843060174404,10000.0
63846.90994535984,10000.0
63846.976830545274,10000.0
63847.04371573071,10000.0
63847.110600916145,10000.0
63847.17748610158,10000.0
63847.244371287015,10000.0
63847.31125647245,10000.0
63847.378141657886,10000.0
63847.44502684332,10000.0
63847.511912028756,10000.0
63847.57879721419,10000.0
63847.64568239963,10000.0
63847.71256758506,10000.0
63847.7794527705,10000.0
63847.84633795593,10000.0
63847.91322314137,10000.0
63847.9801083268,10000.0
63848.04699351224,10000.0
63848.11387869767,10000.0
63848.18076388311,10000.0
63848.247649068544,10000.0
63848.31453425398,10000.0
63848.381419439414,10000.0
63848.44830462485,10000.0
63848.515189810285,10000.0
63848.58207499572,10000.0
63848.64896018116,10000.0
63848.7158453666,10000.0
63848.78273055203,10000.0
63848.84961573747,10000.0
63848.916500922904,10000.0
63848.98338610834,10000.0
63849.050271293774,10000.0
63849.11715647921,10000.0
63849.184041664645,10000.0
63849.25092685008,10000.0
63849.317812035515,10000.0
63849.38469722095,10000.0
63849.451582406386,10000.0
63849.51846759182,10000.0
63849.585352777256,10000.0
63849.65223796269,10000.0
63849.71912314813,10000.0
63849.78600833356,10000.0
63849.852893519,10000.0
63849.91977870443,10000.0
63849.98666388987,10000.0
63850.0535490753,10000.0
63850.12043426074,10000.0
63850.18731944617,10000.0
63850.25420463161,10000.0
63850.321089817044,10000.0
63850.38797500248,10000.0
63850.454860187914,10000.0
63850.52174537335,10000.0
63850.588630558785,10000.0
63850.65551574422,10000.0
63850.722400929655,10000.0
63850.78928611509,10000.0
63850.856171300526,10000.0
63850.92305648596,10000.0
63850.989941671396,10000.0
63851.05682685683,10000.0
63851.12371204227,10000.0
63851.1905972277,10000.0
63851.25748241314,10000.0
63851.32436759857,10000.0
63851.39125278401,10000.0
63851.45813796944,10000.0
63851.52502315488,10000.0
63851.59190834031,10000.0
63851.65879352575,10000.0
63851.725678711184,10000.0
63851.79256389662,10000.0
63851.859449082054,10000.0
63851.92633426749,10000.0
63851.993219452925,10000.0
63852.06010463836,10000.0
63852.126989823795,10000.0
63852.19387500923,10000.0
63852.260760194666,10000.0
63852.3276453801,10000.0
63852.394530565536,10000.0
63852.46141575097,10000.0
63852.52830093641,10000.0
63852.59518612184,10000.0
63852.66207130728,10000.0
63852.72895649271,10000.0
63852.79584167815,10000.0
63852.86272686358,10000.0
63852.92961204902,10000.0
63852.99649723445,10000.0
63853.06338241989,10000.0
63853.130267605324,10000.0
63853.19715279076,10000.0
63853.264037976194,10000.0
63853.33092316163,10000.0
63853.397808347065,10000.0
63853.4646935325,10000.0
63853.531578717935,10000.0
63853.59846390337,10000.0
63853.665349088806,10000.0
63853.73223427424,10000.0
63853.799119459676,10000.0
63853.86600464511,10000.0
63853.93288983055,10000.0
63853.99977501598,10000.0
63854.06666020142,10000.0
63854.13354538685,10000.0
63854.20043057229,10000.0
63854.26731575772,10000.0
63854.33420094316,10000.0
63854.40108612859,10000.0
63854.46797131403,10000.0
63854.534856499464,10000.0
63854.6017416849,10000.0
63854.668626870334,10000.0
63854.73551205577,10000.0
63854.802397241205,10000.0
63854.86928242664,10000.0
63854.936167612075,10000.0
63855.00305279751,10000.0
63855.069937982946,10000.0
63855.13682316838,10000.0
63855.203708353816,10000.0
63855.27059353925,10000.0
63855.33747872469,10000.0
63855.40436391012,10000.0
63855.47124909556,10000.0
63855.53813428099,10000.0
63855.60501946643,10000.0
63855.67190465186,10000.0
63855.7387898373,10000.0
63855.80567502273,10000.0
63855.87256020817,10000.0
63855.939445393604,10000.0
63856.00633057904,10000.0
63856.073215764474,10000.0
63856.14010094991,10000.0
63856.206986135345,10000.0
63856.27387132078,10000.0
63856.340756506215,10000.0
63856.40764169165,10000.0
63856.474526877086,10000.0
63856.54141206252,10000.0
63856.608297247956,10000.0
63856.67518243339,10000.0
63856.74206761883,10000.0
63856.80895280426,10000.0
63856.8758379897,10000.0
63856.94272317513,10000.0
63857.00960836057,10000.0
63857.076493546,10000.0
63857.14337873144,10000.0
63857.21026391687,10000.0
63857.27714910231,10000.0
63857.344034287744,10000.0
63857.41091947318,10000.0
63857.477804658614,10000.0
63857.54468984405,10000.0
63857.611575029485,10000.0
63857.67846021492,10000.0
63857.745345400355,10000.0
63857.8122305858,10000.0
63857.879115771226,10000.0
63857.94600095667,10000.0
63858.0128861421,10000.0
63858.07977132754,10000.0
63858.146656512974,10000.0
63858.21354169841,10000.0
63858.280426883844,10000.0
63858.34731206928,10000.0
63858.414197254715,10000.0
63858.48108244015,10000.0
63858.547967625585,10000.0
63858.61485281102,10000.0
63858.681737996456,10000.0
63858.74862318189,10000.0
63858.81550836733,10000.0
63858.88239355276,10000.0
63858.9492787382,10000.0
63859.01616392363,10000.0
63859.08304910907,10000.0
63859.1499342945,10000.0
63859.21681947994,10000.0
63859.28370466537,10000.0
63859.35058985081,10000.0
63859.41747503624,10000.0
63859.48436022168,10000.0
63859.551245407114,10000.0
63859.61813059255,10000.0
63859.685015777985,10000.0
63859.75190096342,10000.0
63859.818786148855,10000.0
63859.88567133429,10000.0
63859.952556519725,10000.0
63860.01944170516,10000.0
63860.086326890596,10000.0
63860.15321207603,10000.0
63860.22009726147,10000.0
63860.2869824469,10000.0
63860.35386763234,10000.0
63860.42075281777,10000.0
63860.48763800321,10000.0
63860.55452318864,10000.0
63860.62140837408,10000.0
63860.68829355951,10000.0
63860.75517874495,10000.0
63860.82206393038,10000.0
63860.88894911582,10000.0
63860.955834301254,10000.0
63861.02271948669,10000.0
63861.089604672125,10000.0
63861.15648985756,10000.0
63861.223375042995,10000.0
63861.29026022843,10000.0
63861.357145413866,10000.0
63861.4240305993,10000.0
63861.490915784736,10000.0
63861.55780097017,10000.0
63861.62468615561,10000.0
63861.69157134104,10000.0
63861.75845652648,10000.0
63861.82534171191,10000.0
63861.89222689735,10000.0
63861.95911208278,10000.0
63862.02599726822,10000.0
63862.09288245365,10000.0
63862.15976763909,10000.0
63862.22665282452,10000.0
63862.29353800996,10000.0
63862.360423195394,10000.0
63862.42730838083,10000.0
63862.494193566265,10000.0
63862.5610787517,10000.0
63862.627963937135,10000.0
63862.69484912257,10000.0
63862.761734308006,10000.0
63862.82861949344,10000.0
63862.895504678876,10000.0
63862.96238986431,10000.0
63863.02927504975,10000.0
63863.09616023518,10000.0
63863.16304542062,10000.0
63863.22993060605,10000.0
63863.29681579149,10000.0
63863.36370097692,10000.0
63863.43058616236,10000.0
63863.49747134779,10000.0
63863.56435653323,10000.0
63863.631241718664,10000.0
63863.6981269041,10000.0
63863.765012089534,10000.0
63863.83189727497,10000.0
63863.898782460405,10000.0
63863.96566764584,10000.0
63864.032552831275,10000.0
63864.09943801671,10000.0
63864.166323202146,10000.0
63864.23320838758,10000.0
63864.300093573016,10000.0
63864.36697875845,10000.0
63864.43386394389,10000.0
63864.50074912932,10000.0
63864.56763431476,10000.0
63864.63451950019,10000.0
63864.70140468563,10000.0
63864.76828987106,10000.0
63864.8351750565,10000.0
63864.90206024193,10000.0
63864.96894542737,10000.0
63865.035830612804,10000.0
63865.10271579824,10000.0
63865.169600983674,10000.0
63865.23648616911,10000.0
63865.303371354545,10000.0
63865.37025653998,10000.0
63865.437141725415,10000.0
63865.50402691085,10000.0
63865.570912096286,10000.0
63865.63779728172,10000.0
63865.704682467156,10000.0
63865.77156765259,10000.0
63865.83845283803,10000.0
63865.90533802346,10000.0
63865.9722232089,10000.0
63866.03910839433,10000.0
63866.10599357977,10000.0
63866.1728787652,10000.0
63866.23976395064,10000.0
63866.30664913607,10000.0
63866.37353432151,10000.0
63866.440419506944,10000.0
63866.50730469238,10000.0
63866.574189877814,10000.0
63866.64107506325,10000.0
63866.707960248685,10000.0
63866.77484543412,10000.0
63866.841730619555,10000.0
63866.90861580499,10000.0
63866.975500990426,10000.0
63867.04238617586,10000.0
63867.1092713613,10000.0
63867.17615654674,10000.0
63867.243041732174,10000.0
63867.30992691761,10000.0
63867.376812103044,10000.0
63867.44369728848,10000.0
63867.510582473915,10000.0
63867.57746765935,10000.0
63867.644352844785,10000.0
63867.71123803022,10000.0
63867.778123215656,10000.0
63867.84500840109,10000.0
63867.911893586526,10000.0
63867.97877877196,10000.0
63868.0456639574,10000.0
63868.11254914283,10000.0
63868.17943432827,10000.0
63868.2463195137,10000.0
63868.31320469914,10000.0
63868.38008988457,10000.0
63868.44697507001,10000.0
63868.51386025544,10000.0
63868.58074544088,10000.0
63868.647630626314,10000.0
63868.71451581175,10000.0
63868.781400997184,10000.0
63868.84828618262,10000.0
63868.915171368055,10000.0
63868.98205655349,10000.0
63869.048941738925,10000.0
63869.11582692436,10000.0
63869.182712109796,10000.0
63869.24959729523,10000.0
63869.316482480666,10000.0
63869.3833676661,10000.0
63869.45025285154,10000.0
63869.51713803697,10000.0
63869.58402322241,10000.0
63869.65090840784,10000.0
63869.71779359328,10000.0
63869.78467877871,10000.0
63869.85156396415,10000.0
63869.91844914958,10000.0
63869.98533433502,10000.0
63870.052219520454,10000.0
63870.11910470589,10000.0
63870.185989891324,10000.0
63870.25287507676,10000.0
63870.319760262195,10000.0
63870.38664544763,10000.0
63870.453530633065,10000.0
63870.5204158185,10000.0
63870.587301003936,10000.0
63870.65418618937,10000.0
63870.721071374806,10000.0
63870.78795656024,10000.0
63870.85484174568,10000.0
63870.92172693111,10000.0
63870.98861211655,10000.0
63871.05549730198,10000.0
63871.12238248742,10000.0
63871.18926767285,10000.0
63871.25615285829,10000.0
63871.32303804372,10000.0
63871.38992322916,10000.0
63871.456808414594,10000.0
63871.52369360003,10000.0
63871.590578785464,10000.0
63871.6574639709,10000.0
63871.724349156335,10000.0
63871.79123434177,10000.0
63871.858119527205,10000.0
63871.92500471264,10000.0
63871.991889898076,10000.0
63872.05877508351,10000.0
63872.12566026895,10000.0
63872.19254545438,10000.0
63872.25943063982,10000.0
63872.32631582525,10000.0
63872.39320101069,10000.0
63872.46008619612,10000.0
63872.52697138156,10000.0
63872.59385656699,10000.0
63872.66074175243,10000.0
63872.72762693786,10000.0
63872.7945121233,10000.0
63872.861397308734,10000.0
63872.92828249417,10000.0
63872.995167679604,10000.0
63873.06205286504,10000.0
63873.128938050475,10000.0
63873.19582323591,10000.0
63873.262708421345,10000.0
63873.32959360678,10000.0
63873.396478792216,10000.0
63873.46336397765,10000.0
63873.53024916309,10000.0
63873.59713434852,10000.0
63873.66401953396,10000.0
63873.73090471939,10000.0
63873.79778990483,10000.0
63873.86467509026,10000.0
63873.9315602757,10000.0
63873.99844546113,10000.0
63874.06533064657,10000.0
63874.132215832,10000.0
63874.19910101744,10000.0
63874.265986202874,10000.0
63874.33287138831,10000.0
63874.399756573745,10000.0
63874.46664175918,10000.0
63874.533526944615,10000.0
63874.60041213005,10000.0
63874.667297315485,10000.0
63874.73418250092,10000.0
63874.801067686356,10000.0
63874.86795287179,10000.0
63874.93483805723,10000.0
63875.00172324266,10000.0
63875.0686084281,10000.0
63875.13549361353,10000.0
63875.20237879897,10000.0
63875.2692639844,10000.0
63875.33614916984,10000.0
63875.40303435527,10000.0
63875.46991954071,10000.0
63875.53680472614,10000.0
63875.60368991158,10000.0
63875.670575097014,10000.0
63875.73746028245,10000.0
63875.804345467885,10000.0
63875.87123065332,10000.0
63875.938115838755,10000.0
63876.00500102419,10000.0
63876.071886209626,10000.0
63876.13877139506,10000.0
63876.205656580496,10000.0
63876.27254176594,10000.0
63876.33942695137,10000.0
63876.40631213681,10000.0
63876.473197322244,10000.0
63876.54008250768,10000.0
63876.606967693115,10000.0
63876.67385287855,10000.0
63876.740738063985,10000.0
63876.80762324942,10000.0
63876.874508434856,10000.0
63876.94139362029,10000.0
63877.008278805726,10000.0
63877.07516399116,10000.0
63877.1420491766,10000.0
63877.20893436203,10000.0
63877.27581954747,10000.0
63877.3427047329,10000.0
63877.40958991834,10000.0
63877.47647510377,10000.0
63877.54336028921,10000.0
63877.61024547464,10000.0
63877.67713066008,10000.0
63877.744015845514,10000.0
63877.81090103095,10000.0
63877.877786216384,10000.0
63877.94467140182,10000.0
63878.011556587255,10000.0
63878.07844177269,10000.0
63878.145326958125,10000.0
63878.21221214356,10000.0
63878.279097328996,10000.0
63878.34598251443,10000.0
63878.412867699866,10000.0
63878.4797528853,10000.0
63878.54663807074,10000.0
63878.61352325617,10000.0
63878.68040844161,10000.0
63878.74729362704,10000.0
63878.81417881248,10000.0
63878.88106399791,10000.0
63878.94794918335,10000.0
63879.01483436878,10000.0
63879.08171955422,10000.0
63879.148604739654,10000.0
63879.21548992509,10000.0
63879.282375110524,10000.0
63879.34926029596,10000.0
63879.416145481395,10000.0
63879.48303066683,10000.0
63879.549915852265,10000.0
63879.6168010377,10000.0
63879.683686223136,10000.0
63879.75057140857,10000.0
63879.817456594006,10000.0
63879.88434177944,10000.0
63879.95122696488,10000.0
63880.01811215031,10000.0
63880.08499733575,10000.0
63880.15188252118,10000.0
63880.21876770662,10000.0
63880.28565289205,10000.0
63880.35253807749,10000.0
63880.41942326292,10000.0
63880.48630844836,10000.0
63880.553193633794,10000.0
63880.62007881923,10000.0
63880.686964004664,10000.0
63880.7538491901,10000.0
63880.820734375535,10000.0
63880.88761956097,10000.0
63880.954504746405,10000.0
63881.02138993184,10000.0
63881.088275117276,10000.0
63881.15516030271,10000.0
63881.222045488146,10000.0
63881.28893067358,10000.0
63881.35581585902,10000.0
63881.42270104445,10000.0
63881.48958622989,10000.0
63881.55647141532,10000.0
63881.62335660076,10000.0
63881.69024178619,10000.0
63881.75712697163,10000.0
63881.82401215706,10000.0
63881.8908973425,10000.0
63881.957782527934,10000.0
63882.02466771337,10000.0
63882.091552898804,10000.0
63882.15843808424,10000.0
63882.225323269675,10000.0
63882.29220845511,10000.0
63882.359093640545,10000.0
63882.42597882598,10000.0
63882.492864011416,10000.0
63882.55974919685,10000.0
63882.626634382286,10000.0
63882.69351956772,10000.0
63882.76040475316,10000.0
63882.82728993859,10000.0
63882.89417512403,10000.0
63882.96106030946,10000.0
63883.0279454949,10000.0
63883.09483068033,10000.0
63883.16171586577,10000.0
63883.2286010512,10000.0
63883.29548623664,10000.0
63883.362371422074,10000.0
63883.42925660751,10000.0
63883.496141792944,10000.0
63883.56302697838,10000.0
63883.629912163815,10000.0
63883.69679734925,10000.0
63883.763682534685,10000.0
63883.83056772012,10000.0
63883.897452905556,10000.0
63883.96433809099,10000.0
63884.031223276426,10000.0
63884.09810846186,10000.0
63884.1649936473,10000.0
63884.23187883273,10000.0
63884.29876401817,10000.0
63884.3656492036,10000.0
63884.43253438904,10000.0
63884.49941957447,10000.0
63884.56630475991,10000.0
63884.63318994534,10000.0
63884.70007513078,10000.0
63884.766960316214,10000.0
63884.83384550165,10000.0
63884.900730687084,10000.0
63884.96761587252,10000.0
63885.034501057955,10000.0
63885.10138624339,10000.0
63885.168271428825,10000.0
63885.23515661426,10000.0
63885.302041799696,10000.0
63885.36892698513,10000.0
63885.43581217057,10000.0
63885.502697356,10000.0
63885.569582541444,10000.0
63885.63646772687,10000.0
63885.703352912315,10000.0
63885.77023809775,10000.0
63885.837123283185,10000.0
63885.90400846862,10000.0
63885.970893654056,10000.0
63886.03777883949,10000.0
63886.104664024926,10000.0
63886.17154921036,10000.0
63886.2384343958,10000.0
63886.30531958123,10000.0
63886.37220476667,10000.0
63886.4390899521,10000.0
63886.50597513754,10000.0
63886.57286032297,10000.0
63886.63974550841,10000.0
63886.70663069384,10000.0
63886.77351587928,10000.0
63886.840401064714,10000.0
63886.90728625015,10000.0
63886.974171435584,10000.0
63887.04105662102,10000.0
63887.107941806455,10000.0
63887.17482699189,10000.0
63887.241712177325,10000.0
63887.30859736276,10000.0
63887.375482548196,10000.0
63887.44236773363,10000.0
63887.509252919066,10000.0
63887.5761381045,10000.0
63887.64302328994,10000.0
63887.70990847537,10000.0
63887.77679366081,10000.0
63887.84367884624,10000.0
63887.91056403168,10000.0
63887.97744921711,10000.0
63888.04433440255,10000.0
63888.11121958798,10000.0
63888.17810477342,10000.0
63888.244989958854,10000.0
63888.31187514429,10000.0
63888.378760329724,10000.0
63888.44564551516,10000.0
63888.512530700595,10000.0
63888.57941588603,10000.0
63888.646301071465,10000.0
63888.7131862569,10000.0
63888.780071442336,10000.0
63888.84695662777,10000.0
63888.913841813206,10000.0
63888.98072699864,10000.0
63889.04761218408,10000.0
63889.11449736951,10000.0
63889.18138255495,10000.0
63889.24826774038,10000.0
63889.31515292582,10000.0
63889.38203811125,10000.0
63889.44892329669,10000.0
63889.51580848212,10000.0
63889.58269366756,10000.0
63889.649578852994,10000.0
63889.71646403843,10000.0
63889.783349223864,10000.0
63889.8502344093,10000.0
63889.917119594735,10000.0
63889.98400478017,10000.0
63890.050889965605,10000.0
63890.11777515104,10000.0
63890.184660336476,10000.0
63890.25154552191,10000.0
63890.318430707346,10000.0
63890.38531589278,10000.0
63890.45220107822,10000.0
63890.51908626365,10000.0
63890.58597144909,10000.0
63890.65285663452,10000.0
63890.71974181996,10000.0
63890.78662700539,10000.0
63890.85351219083,10000.0
63890.92039737626,10000.0
63890.9872825617,10000.0
63891.054167747134,10000.0
63891.12105293257,10000.0
63891.187938118004,10000.0
63891.25482330344,10000.0
63891.321708488875,10000.0
63891.38859367431,10000.0
63891.455478859745,10000.0
63891.52236404518,10000.0
63891.589249230616,10000.0
63891.65613441605,10000.0
63891.723019601486,10000.0
63891.78990478692,10000.0
63891.85678997236,10000.0
63891.92367515779,10000.0
63891.99056034323,10000.0
63892.05744552866,10000.0
63892.1243307141,10000.0
63892.19121589953,10000.0
63892.25810108497,10000.0
63892.3249862704,10000.0
63892.39187145584,10000.0
63892.458756641274,10000.0
63892.52564182671,10000.0
63892.592527012144,10000.0
63892.65941219758,10000.0
63892.726297383015,10000.0
63892.79318256845,10000.0
63892.860067753885,10000.0
63892.92695293932,10000.0
63892.993838124756,10000.0
63893.06072331019,10000.0
63893.127608495626,10000.0
63893.19449368106,10000.0
63893.2613788665,10000.0
63893.32826405193,10000.0
63893.39514923737,10000.0
63893.4620344228,10000.0
63893.52891960824,10000.0
63893.59580479367,10000.0
63893.66268997911,10000.0
63893.72957516454,10000.0
63893.79646034998,10000.0
63893.863345535414,10000.0
63893.93023072085,10000.0
63893.997115906284,10000.0
63894.06400109172,10000.0
63894.130886277155,10000.0
63894.19777146259,10000.0
63894.264656648025,10000.0
63894.33154183346,10000.0
63894.398427018896,10000.0
63894.46531220433,10000.0
63894.532197389766,10000.0
63894.5990825752,10000.0
63894.66596776064,10000.0
63894.73285294608,10000.0
63894.79973813151,10000.0
63894.86662331695,10000.0
63894.933508502385,10000.0
63895.00039368782,10000.0
63895.067278873255,10000.0
63895.13416405869,10000.0
63895.201049244126,10000.0
63895.26793442956,10000.0
63895.334819615,10000.0
63895.40170480043,10000.0
63895.46858998587,10000.0
63895.5354751713,10000.0
63895.60236035674,10000.0
63895.66924554217,10000.0
63895.73613072761,10000.0
63895.80301591304,10000.0
63895.86990109848,10000.0
63895.93678628391,10000.0
63896.00367146935,10000.0
63896.070556654784,10000.0
63896.13744184022,10000.0
63896.204327025654,10000.0
63896.27121221109,10000.0
63896.338097396525,10000.0
63896.40498258196,10000.0
63896.471867767395,10000.0
63896.53875295283,10000.0
63896.605638138266,10000.0
63896.6725233237,10000.0
63896.73940850914,10000.0
63896.80629369457,10000.0
63896.87317888001,10000.0
63896.94006406544,10000.0
63897.00694925088,10000.0
63897.07383443631,10000.0
63897.14071962175,10000.0
63897.20760480718,10000.0
63897.27448999262,10000.0
63897.34137517805,10000.0
63897.40826036349,10000.0
63897.475145548924,10000.0
63897.54203073436,10000.0
63897.608915919795,10000.0
63897.67580110523,10000.0
63897.742686290665,10000.0
63897.8095714761,10000.0
63897.876456661535,10000.0
63897.94334184697,10000.0
63898.010227032406,10000.0
63898.07711221784,10000.0
63898.14399740328,10000.0
63898.21088258871,10000.0
63898.27776777415,10000.0
63898.34465295958,10000.0
63898.41153814502,10000.0
63898.47842333045,10000.0
63898.54530851589,10000.0
63898.61219370132,10000.0
63898.67907888676,10000.0
63898.74596407219,10000.0
63898.81284925763,10000.0
63898.879734443064,10000.0
63898.9466196285,10000.0
63899.013504813935,10000.0
63899.08038999937,10000.0
63899.147275184805,10000.0
63899.21416037024,10000.0
63899.281045555676,10000.0
63899.34793074111,10000.0
63899.414815926546,10000.0
63899.48170111198,10000.0
63899.54858629742,10000.0
63899.61547148285,10000.0
63899.68235666829,10000.0
63899.74924185372,10000.0
63899.81612703916,10000.0
63899.88301222459,10000.0
63899.94989741003,10000.0
63900.01678259546,10000.0
63900.0836677809,10000.0
63900.15055296633,10000.0
63900.21743815177,10000.0
63900.284323337204,10000.0
63900.35120852264,10000.0
63900.418093708075,10000.0
63900.48497889351,10000.0
63900.551864078945,10000.0
63900.61874926438,10000.0
63900.685634449816,10000.0
63900.75251963525,10000.0
63900.819404820686,10000.0
63900.88629000612,10000.0
63900.95317519156,10000.0
63901.02006037699,10000.0
63901.08694556243,10000.0
63901.15383074786,10000.0
63901.2207159333,10000.0
63901.28760111873,10000.0
63901.35448630417,10000.0
63901.4213714896,10000.0
63901.48825667504,10000.0
63901.555141860474,10000.0
63901.62202704591,10000.0
63901.688912231344,10000.0
63901.75579741678,10000.0
63901.822682602215,10000.0
63901.88956778765,10000.0
63901.956452973085,10000.0
63902.02333815852,10000.0
63902.090223343956,10000.0
63902.15710852939,10000.0
63902.223993714826,10000.0
63902.29087890026,10000.0
63902.3577640857,10000.0
63902.42464927113,10000.0
63902.49153445657,10000.0
63902.558419642,10000.0
63902.62530482744,10000.0
63902.69219001287,10000.0
63902.75907519831,10000.0
63902.82596038374,10000.0
63902.89284556918,10000.0
63902.959730754614,10000.0
63903.02661594005,10000.0
63903.093501125484,10000.0
63903.16038631092,10000.0
63903.227271496355,10000.0
63903.29415668179,10000.0
63903.361041867225,10000.0
63903.42792705266,10000.0
63903.494812238096,10000.0
63903.56169742353,10000.0
63903.628582608966,10000.0
63903.6954677944,10000.0
63903.76235297984,10000.0
63903.82923816527,10000.0
63903.896123350714,10000.0
63903.96300853614,10000.0
63904.029893721585,10000.0
63904.09677890701,10000.0
63904.163664092455,10000.0
63904.23054927789,10000.0
63904.297434463326,10000.0
63904.36431964876,10000.0
63904.431204834196,10000.0
63904.49809001963,10000.0
63904.56497520507,10000.0
63904.6318603905,10000.0
63904.69874557594,10000.0
63904.76563076137,10000.0
63904.83251594681,10000.0
63904.89940113224,10000.0
63904.96628631768,10000.0
63905.03317150311,10000.0
63905.10005668855,10000.0
63905.166941873984,10000.0
63905.23382705942,10000.0
63905.300712244854,10000.0
63905.36759743029,10000.0
63905.434482615725,10000.0
63905.50136780116,10000.0
63905.568252986595,10000.0
63905.63513817203,10000.0
63905.702023357466,10000.0
63905.7689085429,10000.0
63905.835793728336,10000.0
63905.90267891377,10000.0
63905.96956409921,10000.0
63906.03644928464,10000.0
63906.10333447008,10000.0
63906.17021965551,10000.0
63906.23710484095,10000.0
63906.30399002638,10000.0
63906.37087521182,10000.0
63906.43776039725,10000.0
63906.50464558269,10000.0
63906.571530768124,10000.0
63906.63841595356,10000.0
63906.705301138994,10000.0
63906.77218632443,10000.0
63906.839071509865,10000.0
63906.9059566953,10000.0
63906.972841880735,10000.0
63907.03972706617,10000.0
63907.106612251606,10000.0
63907.17349743704,10000.0
63907.240382622476,10000.0
63907.30726780791,10000.0
63907.37415299335,10000.0
63907.44103817878,10000.0
63907.50792336422,10000.0
63907.57480854965,10000.0
63907.64169373509,10000.0
63907.70857892052,10000.0
63907.77546410596,10000.0
63907.84234929139,10000.0
63907.90923447683,10000.0
63907.976119662264,10000.0
63908.0430048477,10000.0
63908.109890033134,10000.0
63908.17677521857,10000.0
63908.243660404005,10000.0
63908.31054558944,10000.0
63908.377430774875,10000.0
63908.44431596031,10000.0
63908.511201145746,10000.0
63908.57808633118,10000.0
63908.644971516616,10000.0
63908.71185670205,10000.0
63908.77874188749,10000.0
63908.84562707292,10000.0
63908.91251225836,10000.0
63908.97939744379,10000.0
63909.04628262923,10000.0
63909.11316781466,10000.0
63909.1800530001,10000.0
63909.24693818553,10000.0
63909.31382337097,10000.0
63909.380708556404,10000.0
63909.44759374184,10000.0
63909.514478927274,10000.0
63909.58136411271,10000.0
63909.648249298145,10000.0
63909.71513448358,10000.0
63909.782019669015,10000.0
63909.84890485445,10000.0
63909.915790039886,10000.0
63909.98267522532,10000.0
63910.04956041076,10000.0
63910.11644559619,10000.0
63910.18333078163,10000.0
63910.25021596706,10000.0
63910.3171011525,10000.0
63910.38398633793,10000.0
63910.45087152337,10000.0
63910.5177567088,10000.0
63910.58464189424,10000.0
63910.65152707967,10000.0
63910.71841226511,10000.0
63910.785297450544,10000.0
63910.85218263598,10000.0
63910.919067821415,10000.0
63910.98595300685,10000.0
63911.052838192285,10000.0
63911.11972337772,10000.0
63911.186608563155,10000.0
63911.25349374859,10000.0
63911.320378934026,10000.0
63911.38726411946,10000.0
63911.4541493049,10000.0
63911.52103449033,10000.0
63911.58791967577,10000.0
63911.6548048612,10000.0
63911.72169004664,10000.0
63911.78857523207,10000.0
63911.85546041751,10000.0
63911.92234560294,10000.0
63911.98923078838,10000.0
63912.05611597381,10000.0
63912.12300115925,10000.0
63912.189886344684,10000.0
63912.25677153012,10000.0
63912.323656715555,10000.0
63912.39054190099,10000.0
63912.457427086425,10000.0
63912.52431227186,10000.0
63912.591197457295,10000.0
63912.65808264273,10000.0
63912.724967828166,10000.0
63912.7918530136,10000.0
63912.85873819904,10000.0
63912.92562338447,10000.0
63912.99250856991,10000.0
63913.05939375534,10000.0
63913.12627894078,10000.0
63913.19316412622,10000.0
63913.26004931165,10000.0
63913.32693449709,10000.0
63913.393819682526,10000.0
63913.46070486796,10000.0
63913.527590053396,10000.0
63913.59447523883,10000.0
63913.66136042427,10000.0
63913.7282456097,10000.0
63913.79513079514,10000.0
63913.86201598057,10000.0
63913.92890116601,10000.0
63913.99578635144,10000.0
63914.06267153688,10000.0
63914.12955672231,10000.0
63914.19644190775,10000.0
63914.263327093184,10000.0
63914.33021227862,10000.0
63914.397097464054,10000.0
63914.46398264949,10000.0
63914.530867834925,10000.0
63914.59775302036,10000.0
63914.664638205795,10000.0
63914.73152339123,10000.0
63914.798408576666,10000.0
63914.8652937621,10000.0
63914.932178947536,10000.0
63914.99906413297,10000.0
63915.06594931841,10000.0
63915.13283450384,10000.0
63915.19971968928,10000.0
63915.26660487471,10000.0
63915.33349006015,10000.0
63915.40037524558,10000.0
63915.46726043102,10000.0
63915.53414561645,10000.0
63915.60103080189,10000.0
63915.667915987324,10000.0
63915.73480117276,10000.0
63915.801686358194,10000.0
63915.86857154363,10000.0
63915.935456729065,10000.0
63916.0023419145,10000.0
63916.069227099935,10000.0
63916.13611228537,10000.0
63916.202997470806,10000.0
63916.26988265624,10000.0
63916.336767841676,10000.0
63916.40365302711,10000.0
63916.47053821255,10000.0
63916.53742339798,10000.0
63916.60430858342,10000.0
63916.67119376885,10000.0
63916.73807895429,10000.0
63916.80496413972,10000.0
63916.87184932516,10000.0
63916.93873451059,10000.0
63917.00561969603,10000.0
63917.072504881464,10000.0
63917.1393900669,10000.0
63917.206275252334,10000.0
63917.27316043777,10000.0
63917.340045623205,10000.0
63917.40693080864,10000.0
63917.473815994075,10000.0
63917.54070117951,10000.0
63917.607586364946,10000.0
63917.67447155038,10000.0
63917.741356735816,10000.0
63917.80824192125,10000.0
63917.87512710669,10000.0
63917.94201229212,10000.0
63918.00889747756,10000.0
63918.07578266299,10000.0
63918.14266784843,10000.0
63918.20955303386,10000.0
63918.2764382193,10000.0
63918.34332340473,10000.0
63918.41020859017,10000.0
63918.477093775604,10000.0
63918.54397896104,10000.0
63918.610864146474,10000.0
63918.67774933191,10000.0
63918.744634517345,10000.0
63918.81151970278,10000.0
63918.878404888215,10000.0
63918.94529007365,10000.0
63919.012175259086,10000.0
63919.07906044452,10000.0
63919.145945629956,10000.0
63919.21283081539,10000.0
63919.27971600083,10000.0
63919.34660118626,10000.0
63919.4134863717,10000.0
63919.48037155713,10000.0
63919.54725674257,10000.0
63919.614141928,10000.0
63919.68102711344,10000.0
63919.74791229887,10000.0
63919.81479748431,10000.0
63919.881682669744,10000.0
63919.94856785518,10000.0
63920.015453040614,10000.0
63920.08233822605,10000.0
63920.149223411485,10000.0
63920.21610859692,10000.0
63920.282993782355,10000.0
63920.34987896779,10000.0
63920.416764153226,10000.0
63920.48364933866,10000.0
63920.550534524096,10000.0
63920.61741970953,10000.0
63920.68430489497,10000.0
63920.7511900804,10000.0
63920.81807526584,10000.0
63920.88496045127,10000.0
63920.95184563671,10000.0
63921.01873082214,10000.0
63921.08561600758,10000.0
63921.15250119301,10000.0
63921.21938637845,10000.0
63921.286271563884,10000.0
63921.35315674932,10000.0
63921.420041934754,10000.0
63921.48692712019,10000.0
63921.553812305625,10000.0
63921.62069749106,10000.0
63921.687582676495,10000.0
63921.75446786193,10000.0
63921.821353047366,10000.0
63921.8882382328,10000.0
63921.955123418236,10000.0
63922.02200860367,10000.0
63922.08889378911,10000.0
63922.15577897454,10000.0
63922.22266415998,10000.0
63922.28954934541,10000.0
63922.356434530855,10000.0
63922.42331971628,10000.0
63922.490204901726,10000.0
63922.55709008715,10000.0
63922.623975272596,10000.0
63922.69086045803,10000.0
63922.75774564347,10000.0
63922.8246308289,10000.0
63922.89151601434,10000.0
63922.95840119977,10000.0
63923.02528638521,10000.0
63923.09217157064,10000.0
63923.15905675608,10000.0
63923.22594194151,10000.0
63923.29282712695,10000.0
63923.35971231238,10000.0
63923.42659749782,10000.0
63923.493482683254,10000.0
63923.56036786869,10000.0
63923.627253054125,10000.0
63923.69413823956,10000.0
63923.761023424995,10000.0
63923.82790861043,10000.0
63923.894793795866,10000.0
63923.9616789813,10000.0
63924.028564166736,10000.0
63924.09544935217,10000.0
63924.16233453761,10000.0
63924.22921972304,10000.0
63924.29610490848,10000.0
63924.36299009391,10000.0
63924.42987527935,10000.0
63924.49676046478,10000.0
63924.56364565022,10000.0
63924.63053083565,10000.0
63924.69741602109,10000.0
63924.764301206524,10000.0
63924.83118639196,10000.0
63924.898071577394,10000.0
63924.96495676283,10000.0
63925.031841948265,10000.0
63925.0987271337,10000.0
63925.165612319135,10000.0
63925.23249750457,10000.0
63925.299382690006,10000.0
63925.36626787544,10000.0
63925.433153060876,10000.0
63925.50003824631,10000.0
63925.56692343175,10000.0
63925.63380861718,10000.0
63925.70069380262,10000.0
63925.76757898805,10000.0
63925.83446417349,10000.0
63925.90134935892,10000.0
63925.96823454436,10000.0
63926.03511972979,10000.0
63926.10200491523,10000.0
63926.168890100664,10000.0
63926.2357752861,10000.0
63926.302660471534,10000.0
63926.36954565697,10000.0
63926.436430842405,10000.0
63926.50331602784,10000.0
63926.570201213275,10000.0
63926.63708639871,10000.0
63926.703971584146,10000.0
63926.77085676958,10000.0
63926.837741955016,10000.0
63926.90462714045,10000.0
63926.97151232589,10000.0
63927.03839751132,10000.0
63927.10528269676,10000.0
63927.17216788219,10000.0
63927.23905306763,10000.0
63927.30593825306,10000.0
63927.3728234385,10000.0
63927.43970862393,10000.0
63927.50659380937,10000.0
63927.573478994804,10000.0
63927.64036418024,10000.0
63927.707249365674,10000.0
63927.77413455111,10000.0
63927.841019736545,10000.0
63927.90790492198,10000.0
63927.974790107415,10000.0
63928.04167529285,10000.0
63928.108560478286,10000.0
63928.17544566372,10000.0
63928.242330849156,10000.0
63928.30921603459,10000.0
63928.37610122003,10000.0
63928.44298640546,10000.0
63928.5098715909,10000.0
63928.57675677633,10000.0
63928.64364196177,10000.0
63928.7105271472,10000.0
63928.77741233264,10000.0
63928.84429751807,10000.0
63928.91118270351,10000.0
63928.978067888944,10000.0
63929.04495307438,10000.0
63929.111838259814,10000.0
63929.17872344525,10000.0
63929.245608630685,10000.0
63929.31249381612,10000.0
63929.379379001555,10000.0
63929.44626418699,10000.0
63929.513149372426,10000.0
63929.58003455786,10000.0
63929.646919743296,10000.0
63929.71380492873,10000.0
63929.78069011417,10000.0
63929.8475752996,10000.0
63929.91446048504,10000.0
63929.98134567047,10000.0
63930.04823085591,10000.0
63930.11511604134,10000.0
63930.18200122678,10000.0
63930.24888641221,10000.0
63930.31577159765,10000.0
63930.382656783084,10000.0
63930.44954196852,10000.0
63930.516427153954,10000.0
63930.58331233939,10000.0
63930.650197524825,10000.0
63930.71708271026,10000.0
63930.783967895695,10000.0
63930.85085308113,10000.0
63930.917738266566,10000.0
63930.984623452,10000.0
63931.051508637436,10000.0
63931.11839382287,10000.0
63931.18527900831,10000.0
63931.25216419374,10000.0
63931.31904937918,10000.0
63931.38593456461,10000.0
63931.45281975005,10000.0
63931.51970493548,10000.0
63931.58659012092,10000.0
63931.65347530636,10000.0
63931.72036049179,10000.0
63931.78724567723,10000.0
63931.854130862666,10000.0
63931.9210160481,10000.0
63931.98790123354,10000.0
63932.05478641897,10000.0
63932.12167160441,10000.0
63932.18855678984,10000.0
63932.25544197528,10000.0
63932.32232716071,10000.0
63932.38921234615,10000.0
63932.45609753158,10000.0
63932.52298271702,10000.0
63932.589867902454,10000.0
63932.65675308789,10000.0
63932.723638273324,10000.0
63932.79052345876,10000.0
63932.857408644195,10000.0
63932.92429382963,10000.0
63932.991179015065,10000.0
63933.0580642005,10000.0
63933.124949385936,10000.0
63933.19183457137,10000.0
63933.25871975681,10000.0
63933.32560494224,10000.0
63933.39249012768,10000.0
63933.45937531311,10000.0
63933.52626049855,10000.0
63933.59314568398,10000.0
63933.66003086942,10000.0
63933.72691605485,10000.0
63933.79380124029,10000.0
63933.86068642572,10000.0
63933.92757161116,10000.0
63933.994456796594,10000.0
63934.06134198203,10000.0
63934.128227167465,10000.0
63934.1951123529,10000.0
63934.261997538335,10000.0
63934.32888272377,10000.0
63934.395767909205,10000.0
63934.46265309464,10000.0
63934.529538280076,10000.0
63934.59642346551,10000.0
63934.66330865095,10000.0
63934.73019383638,10000.0
63934.79707902182,10000.0
63934.86396420725,10000.0
63934.93084939269,10000.0
63934.99773457812,10000.0
63935.06461976356,10000.0
63935.13150494899,10000.0
63935.19839013443,10000.0
63935.26527531986,10000.0
63935.3321605053,10000.0
63935.399045690734,10000.0
63935.46593087617,10000.0
63935.532816061605,10000.0
63935.59970124704,10000.0
63935.666586432475,10000.0
63935.73347161791,10000.0
63935.800356803345,10000.0
63935.86724198878,10000.0
63935.934127174216,10000.0
63936.00101235965,10000.0
63936.06789754509,10000.0
63936.13478273052,10000.0
63936.20166791596,10000.0
63936.26855310139,10000.0
63936.33543828683,10000.0
63936.40232347226,10000.0
63936.4692086577,10000.0
63936.53609384313,10000.0
63936.60297902857,10000.0
63936.669864214,10000.0
63936.73674939944,10000.0
63936.803634584874,10000.0
63936.87051977031,10000.0
63936.937404955745,10000.0
63937.00429014118,10000.0
63937.071175326615,10000.0
63937.13806051205,10000.0
63937.204945697486,10000.0
63937.27183088292,10000.0
63937.338716068356,10000.0
63937.40560125379,10000.0
63937.47248643923,10000.0
63937.53937162466,10000.0
63937.6062568101,10000.0
63937.67314199553,10000.0
63937.74002718097,10000.0
63937.8069123664,10000.0
63937.87379755184,10000.0
63937.94068273727,10000.0
63938.00756792271,10000.0
63938.074453108144,10000.0
63938.14133829358,10000.0
63938.208223479014,10000.0
63938.27510866445,10000.0
63938.341993849885,10000.0
63938.40887903532,10000.0
63938.475764220755,10000.0
63938.54264940619,10000.0
63938.609534591626,10000.0
63938.67641977706,10000.0
63938.743304962496,10000.0
63938.81019014793,10000.0
63938.87707533337,10000.0
63938.9439605188,10000.0
63939.01084570424,10000.0
63939.07773088967,10000.0
63939.14461607511,10000.0
63939.21150126054,10000.0
63939.27838644598,10000.0
63939.34527163141,10000.0
63939.41215681685,10000.0
63939.479042002284,10000.0
63939.54592718772,10000.0
63939.612812373154,10000.0
63939.67969755859,10000.0
63939.746582744025,10000.0
63939.81346792946,10000.0
63939.880353114895,10000.0
63939.94723830033,10000.0
63940.014123485766,10000.0
63940.0810086712,10000.0
63940.147893856636,10000.0
63940.21477904207,10000.0
63940.28166422751,10000.0
63940.34854941294,10000.0
63940.41543459838,10000.0
63940.48231978381,10000.0
63940.54920496925,10000.0
63940.61609015468,10000.0
63940.68297534012,10000.0
63940.74986052555,10000.0
63940.816745710996,10000.0
63940.883630896424,10000.0
63940.950516081866,10000.0
63941.017401267294,10000.0
63941.08428645274,10000.0
63941.15117163817,10000.0
63941.21805682361,10000.0
63941.28494200904,10000.0
63941.35182719448,10000.0
63941.41871237991,10000.0
63941.48559756535,10000.0
63941.55248275078,10000.0
63941.61936793622,10000.0
63941.686253121654,10000.0
63941.75313830709,10000.0
63941.820023492524,10000.0
63941.88690867796,10000.0
63941.953793863395,10000.0
63942.02067904883,10000.0
63942.087564234265,10000.0
63942.1544494197,10000.0
63942.221334605136,10000.0
63942.28821979057,10000.0
63942.355104976006,10000.0
63942.42199016144,10000.0
63942.48887534688,10000.0
63942.55576053231,10000.0
63942.62264571775,10000.0
63942.68953090318,10000.0
63942.75641608862,10000.0
63942.82330127405,10000.0
63942.89018645949,10000.0
63942.95707164492,10000.0
63943.02395683036,10000.0
63943.090842015794,10000.0
63943.15772720123,10000.0
63943.224612386664,10000.0
63943.2914975721,10000.0
63943.358382757535,10000.0
63943.42526794297,10000.0
63943.492153128405,10000.0
63943.55903831384,10000.0
63943.625923499276,10000.0
63943.69280868471,10000.0
63943.759693870146,10000.0
63943.82657905558,10000.0
63943.89346424102,10000.0
63943.96034942645,10000.0
63944.02723461189,10000.0
63944.09411979732,10000.0
63944.16100498276,10000.0
63944.22789016819,10000.0
63944.29477535363,10000.0
63944.36166053906,10000.0
63944.4285457245,10000.0
63944.495430909934,10000.0
63944.56231609537,10000.0
63944.629201280804,10000.0
63944.69608646624,10000.0
63944.762971651675,10000.0
63944.82985683711,10000.0
63944.896742022545,10000.0
63944.96362720798,10000.0
63945.030512393416,10000.0
63945.09739757885,10000.0
63945.164282764286,10000.0
63945.23116794972,10000.0
63945.29805313516,10000.0
63945.36493832059,10000.0
63945.43182350603,10000.0
63945.49870869146,10000.0
63945.5655938769,10000.0
63945.63247906233,10000.0
63945.69936424777,10000.0
63945.7662494332,10000.0
63945.83313461864,10000.0
63945.900019804074,10000.0
63945.96690498951,10000.0
63946.033790174944,10000.0
63946.10067536038,10000.0
63946.167560545815,10000.0
