time,eda
63011.66612141153,0.15357300639152527
63011.73265180579,0.15360300242900848
63011.79918220005,0.15360000729560852
63011.8657125943,0.1535930037498474
63011.93224298856,0.1535860002040863
63011.99877338282,0.15360000729560852
63012.06530377707,0.15358999371528625
63012.13183417133,0.15358300507068634
63012.198364565586,0.15358300507068634
63012.26489495984,0.15357600152492523
63012.331425354096,0.15357300639152527
63012.397955748354,0.15360000729560852
63012.464486142606,0.1535789966583252
63012.531016536865,0.15356899797916412
63012.59754693112,0.15357300639152527
63012.664077325375,0.15356600284576416
63012.73060771963,0.15356600284576416
63012.79713811389,0.15356600284576416
63012.863668508144,0.15357600152492523
63012.9301989024,0.15358300507068634
63012.99672929666,0.15355899930000305
63013.06325969091,0.15354900062084198
63013.12979008517,0.1535390019416809
63013.19632047943,0.15354900062084198
63013.26285087368,0.15354900062084198
63013.32938126794,0.1535319983959198
63013.3959116622,0.15352800488471985
63013.46244205645,0.1535319983959198
63013.52897245071,0.15354500710964203
63013.59550284497,0.1535390019416809
63013.66203323922,0.15354500710964203
63013.72856363348,0.15356600284576416
63013.79509402774,0.1535789966583252
63013.861624421996,0.15354500710964203
63013.92815481625,0.1535249948501587
63013.994685210506,0.1535319983959198
63014.061215604765,0.1535319983959198
63014.127745999016,0.15354900062084198
63014.194276393275,0.15356199443340302
63014.26080678753,0.15357600152492523
63014.327337181785,0.15358300507068634
63014.393867576044,0.15357300639152527
63014.4603979703,0.15357300639152527
63014.526928364554,0.15358300507068634
63014.59345875881,0.15359599888324738
63014.65998915307,0.15360000729560852
63014.72651954732,0.15360000729560852
63014.79304994158,0.15358999371528625
63014.85958033584,0.1535930037498474
63014.92611073009,0.1535930037498474
63014.99264112435,0.15358300507068634
63015.05917151861,0.15356899797916412
63015.12570191286,0.15356199443340302
63015.19223230712,0.15356600284576416
63015.25876270138,0.15356600284576416
63015.32529309563,0.15356899797916412
63015.39182348989,0.15358300507068634
63015.45835388415,0.1535789966583252
63015.5248842784,0.15356899797916412
63015.59141467266,0.1535560041666031
63015.657945066916,0.15353499352931976
63015.72447546117,0.1535319983959198
63015.791005855426,0.15349799394607544
63015.857536249685,0.15348400175571442
63015.92406664394,0.15349799394607544
63015.990597038195,0.15348799526691437
63016.057127432454,0.15348100662231445
63016.123657826705,0.1534709930419922
63016.190188220964,0.15346699953079224
63016.25671861522,0.15348799526691437
63016.323249009474,0.15348400175571442
63016.38977940373,0.15348100662231445
63016.45630979799,0.15348100662231445
63016.52284019224,0.15348100662231445
63016.5893705865,0.15349799394607544
63016.65590098076,0.15348100662231445
63016.72243137501,0.15348799526691437
63016.78896176927,0.15348400175571442
63016.85549216353,0.15349100530147552
63016.92202255778,0.15348100662231445
63016.98855295204,0.15348400175571442
63017.0550833463,0.15349499881267548
63017.12161374055,0.15351100265979767
63017.18814413481,0.15352199971675873
63017.25467452907,0.15354199707508087
63017.321204923326,0.15357600152492523
63017.38773531758,0.15358300507068634
63017.454265711836,0.15360000729560852
63017.520796106095,0.1536100059747696
63017.58732650035,0.15362399816513062
63017.653856894605,0.15361300110816956
63017.720387288864,0.15362000465393066
63017.786917683115,0.15365099906921387
63017.853448077374,0.15365399420261383
63017.91997847163,0.15366800129413605
63017.986508865884,0.15366800129413605
63018.05303926014,0.153670996427536
63018.1195696544,0.1536639928817749
63018.18610004865,0.15365099906921387
63018.25263044291,0.15364399552345276
63018.31916083717,0.1536410003900528
63018.38569123142,0.15364399552345276
63018.45222162568,0.15365399420261383
63018.51875201994,0.15366800129413605
63018.58528241419,0.15366099774837494
63018.65181280845,0.153670996427536
63018.71834320271,0.15368500351905823
63018.78487359696,0.15366800129413605
63018.85140399122,0.1536639928817749
63018.91793438548,0.15367500483989716
63018.98446477973,0.15368099510669708
63019.05099517399,0.15368099510669708
63019.11752556825,0.15366800129413605
63019.1840559625,0.15367500483989716
63019.25058635676,0.15366800129413605
63019.317116751015,0.153670996427536
63019.38364714527,0.1536639928817749
63019.450177539526,0.15366800129413605
63019.516707933784,0.15366099774837494
63019.583238328036,0.1536639928817749
63019.649768722295,0.15365399420261383
63019.71629911655,0.15366800129413605
63019.782829510805,0.15368099510669708
63019.84935990506,0.1537020057439804
63019.91589029932,0.15369200706481934
63019.982420693574,0.1536879986524582
63020.04895108783,0.15368500351905823
63020.11548148209,0.15368500351905823
63020.18201187634,0.15368099510669708
63020.2485422706,0.15368500351905823
63020.31507266486,0.1536950021982193
63020.38160305911,0.1537020057439804
63020.44813345337,0.15370500087738037
63020.51466384763,0.1536950021982193
63020.58119424188,0.15369200706481934
63020.64772463614,0.1537020057439804
63020.7142550304,0.15367500483989716
63020.78078542465,0.15365099906921387
63020.84731581891,0.15365399420261383
63020.91384621317,0.15366800129413605
63020.980376607426,0.15367500483989716
63021.04690700168,0.15368500351905823
63021.113437395936,0.15368500351905823
63021.179967790194,0.15368500351905823
63021.246498184446,0.1536879986524582
63021.313028578705,0.15367799997329712
63021.37955897296,0.15367799997329712
63021.446089367215,0.1536950021982193
63021.51261976147,0.15371499955654144
63021.57915015573,0.1537189930677414
63021.645680549984,0.1537189930677414
63021.71221094424,0.1537189930677414
63021.7787413385,0.1537189930677414
63021.84527173275,0.15372200310230255
63021.91180212701,0.1537259966135025
63021.97833252127,0.15372900664806366
63022.04486291552,0.15373200178146362
63022.11139330978,0.15372900664806366
63022.17792370404,0.15373599529266357
63022.24445409829,0.15374299883842468
63022.31098449255,0.15373900532722473
63022.37751488681,0.15372200310230255
63022.44404528106,0.15373599529266357
63022.51057567532,0.15373599529266357
63022.57710606958,0.15373900532722473
63022.64363646383,0.1537490040063858
63022.71016685809,0.1537490040063858
63022.776697252346,0.15375299751758575
63022.8432276466,0.1537490040063858
63022.909758040856,0.15375299751758575
63022.976288435115,0.15373900532722473
63023.042818829366,0.15375299751758575
63023.109349223625,0.15375299751758575
63023.175879617884,0.15375299751758575
63023.242410012135,0.15373599529266357
63023.308940406394,0.15373900532722473
63023.37547080065,0.15373599529266357
63023.442001194904,0.15373599529266357
63023.50853158916,0.15373200178146362
63023.57506198342,0.15371200442314148
63023.64159237767,0.15370899438858032
63023.70812277193,0.15371499955654144
63023.77465316619,0.15371499955654144
63023.84118356044,0.1537189930677414
63023.9077139547,0.1537189930677414
63023.97424434896,0.1537189930677414
63024.04077474321,0.15373200178146362
63024.10730513747,0.15372900664806366
63024.17383553173,0.15373599529266357
63024.24036592598,0.15372900664806366
63024.30689632024,0.1537189930677414
63024.3734267145,0.1537189930677414
63024.439957108756,0.15370899438858032
63024.50648750301,0.15369799733161926
63024.573017897266,0.15370500087738037
63024.639548291525,0.1537020057439804
63024.70607868578,0.1537020057439804
63024.772609080035,0.15371200442314148
63024.839139474294,0.15370899438858032
63024.905669868545,0.15370899438858032
63024.972200262804,0.15370500087738037
63025.03873065706,0.1537020057439804
63025.105261051314,0.15369799733161926
63025.17179144557,0.1537020057439804
63025.23832183983,0.15370899438858032
63025.30485223408,0.15370500087738037
63025.37138262834,0.15369799733161926
63025.4379130226,0.15370899438858032
63025.50444341685,0.15371499955654144
63025.57097381111,0.15371499955654144
63025.63750420537,0.1537189930677414
63025.70403459962,0.15372200310230255
63025.77056499388,0.1537189930677414
63025.83709538814,0.15372200310230255
63025.90362578239,0.1537189930677414
63025.97015617665,0.15372200310230255
63026.03668657091,0.1537259966135025
63026.10321696516,0.1537259966135025
63026.16974735942,0.15373599529266357
63026.23627775368,0.15373200178146362
63026.30280814793,0.15373599529266357
63026.36933854219,0.15373599529266357
63026.435868936445,0.15375299751758575
63026.5023993307,0.15376299619674683
63026.568929724956,0.15376999974250793
63026.635460119214,0.15376999974250793
63026.701990513466,0.15376999974250793
63026.768520907724,0.15376999974250793
63026.83505130198,0.15376299619674683
63026.901581696235,0.153779998421669
63026.96811209049,0.1537729948759079
63027.03464248475,0.1537729948759079
63027.101172879,0.153779998421669
63027.16770327326,0.15377700328826904
63027.23423366752,0.15377700328826904
63027.30076406177,0.15376600623130798
63027.36729445603,0.15376000106334686
63027.43382485029,0.15376600623130798
63027.50035524454,0.15375299751758575
63027.5668856388,0.15375299751758575
63027.63341603306,0.15375299751758575
63027.69994642731,0.15375599265098572
63027.76647682157,0.15375299751758575
63027.83300721583,0.15375599265098572
63027.89953761008,0.15375299751758575
63027.96606800434,0.15375599265098572
63028.0325983986,0.15375299751758575
63028.099128792855,0.15376600623130798
63028.16565918711,0.15377700328826904
63028.232189581366,0.15376999974250793
63028.298719975624,0.15376999974250793
63028.365250369876,0.15376600623130798
63028.431780764135,0.15376000106334686
63028.49831115839,0.15375299751758575
63028.564841552645,0.15376600623130798
63028.6313719469,0.15376299619674683
63028.69790234116,0.15375299751758575
63028.764432735414,0.15375299751758575
63028.83096312967,0.15375299751758575
63028.89749352393,0.15375599265098572
63028.96402391818,0.15376999974250793
63029.03055431244,0.1537729948759079
63029.0970847067,0.15378299355506897
63029.16361510095,0.153779998421669
63029.23014549521,0.153779998421669
63029.29667588947,0.1537729948759079
63029.36320628372,0.15377700328826904
63029.42973667798,0.1537729948759079
63029.49626707224,0.15376999974250793
63029.56279746649,0.1537729948759079
63029.62932786075,0.15377700328826904
63029.69585825501,0.15378299355506897
63029.76238864926,0.15378999710083008
63029.82891904352,0.1537970006465912
63029.895449437776,0.1538109928369522
63029.96197983203,0.15381400287151337
63030.028510226286,0.15379999577999115
63030.095040620545,0.1538040041923523
63030.161571014796,0.1537970006465912
63030.228101409055,0.153779998421669
63030.294631803314,0.15376999974250793
63030.361162197565,0.15376000106334686
63030.427692591824,0.15375299751758575
63030.49422298608,0.15376600623130798
63030.560753380334,0.15375299751758575
63030.62728377459,0.15376600623130798
63030.69381416885,0.153779998421669
63030.7603445631,0.15378700196743011
63030.82687495736,0.15378999710083008
63030.89340535162,0.1537970006465912
63030.95993574587,0.1538040041923523
63031.02646614013,0.1538040041923523
63031.09299653439,0.15378999710083008
63031.15952692864,0.15376600623130798
63031.2260573229,0.1537970006465912
63031.29258771716,0.15379999577999115
63031.35911811141,0.15380699932575226
63031.42564850567,0.15382400155067444
63031.49217889993,0.15381799638271332
63031.558709294186,0.15379999577999115
63031.62523968844,0.1538040041923523
63031.691770082696,0.15381400287151337
63031.758300476955,0.1538349986076355
63031.824830871206,0.15384499728679657
63031.891361265465,0.15385499596595764
63031.957891659724,0.15384499728679657
63032.024422053975,0.15384100377559662
63032.090952448234,0.15383799374103546
63032.15748284249,0.15383799374103546
63032.224013236744,0.15384100377559662
63032.290543631,0.1538349986076355
63032.35707402526,0.15383100509643555
63032.42360441951,0.1538279950618744
63032.49013481377,0.15382100641727448
63032.55666520803,0.15381400287151337
63032.62319560228,0.15381400287151337
63032.68972599654,0.15382100641727448
63032.7562563908,0.15379999577999115
63032.82278678505,0.15376999974250793
63032.88931717931,0.15375599265098572
63032.95584757357,0.1537490040063858
63033.02237796782,0.15374599397182465
63033.08890836208,0.15373599529266357
63033.15543875634,0.15373599529266357
63033.22196915059,0.15373599529266357
63033.28849954485,0.15373599529266357
63033.355029939106,0.15372200310230255
63033.42156033336,0.1537189930677414
63033.48809072762,0.1537189930677414
63033.554621121875,0.15372200310230255
63033.62115151613,0.15372900664806366
63033.687681910385,0.15372200310230255
63033.754212304644,0.15372900664806366
63033.820742698896,0.15373599529266357
63033.887273093154,0.15373200178146362
63033.95380348741,0.1537259966135025
63034.020333881665,0.15373599529266357
63034.08686427592,0.15373599529266357
63034.15339467018,0.15373599529266357
63034.21992506443,0.15373900532722473
63034.28645545869,0.15373599529266357
63034.35298585295,0.15374299883842468
63034.4195162472,0.15374599397182465
63034.48604664146,0.15375599265098572
63034.55257703572,0.15376999974250793
63034.61910742997,0.15376299619674683
63034.68563782423,0.15376000106334686
63034.75216821849,0.1537729948759079
63034.81869861274,0.15378299355506897
63034.885229007,0.1537729948759079
63034.95175940126,0.15377700328826904
63035.01828979551,0.1537729948759079
63035.08482018977,0.15378700196743011
63035.15135058403,0.15378700196743011
63035.217880978285,0.15378700196743011
63035.28441137254,0.1537729948759079
63035.350941766796,0.15375299751758575
63035.417472161054,0.15376299619674683
63035.484002555306,0.15378299355506897
63035.550532949565,0.15377700328826904
63035.61706334382,0.15378299355506897
63035.683593738075,0.15378700196743011
63035.75012413233,0.15380699932575226
63035.81665452659,0.1538349986076355
63035.88318492084,0.1538649946451187
63035.9497153151,0.1538580060005188
63036.01624570936,0.15385200083255768
63036.08277610361,0.15387199819087982
63036.14930649787,0.15384800732135773
63036.21583689213,0.15381799638271332
63036.28236728638,0.1538040041923523
63036.34889768064,0.15378700196743011
63036.4154280749,0.15378700196743011
63036.48195846915,0.1537970006465912
63036.54848886341,0.15382400155067444
63036.61501925767,0.15382100641727448
63036.68154965192,0.15381400287151337
63036.74808004618,0.15381799638271332
63036.81461044044,0.15381400287151337
63036.88114083469,0.15378999710083008
63036.94767122895,0.15378999710083008
63037.014201623206,0.15379999577999115
63037.08073201746,0.15380699932575226
63037.147262411716,0.15380699932575226
63037.213792805975,0.1538040041923523
63037.280323200226,0.1538040041923523
63037.346853594485,0.1538040041923523
63037.41338398874,0.15381799638271332
63037.479914382995,0.15382100641727448
63037.546444777254,0.15382100641727448
63037.61297517151,0.15382400155067444
63037.679505565764,0.15382400155067444
63037.74603596002,0.1538279950618744
63037.81256635428,0.15384100377559662
63037.87909674853,0.15385499596595764
63037.94562714279,0.1538580060005188
63038.01215753705,0.15385499596595764
63038.0786879313,0.15386199951171875
63038.14521832556,0.1538649946451187
63038.21174871982,0.153889000415802
63038.27827911407,0.153889000415802
63038.34480950833,0.153889000415802
63038.41133990259,0.15387900173664093
63038.47787029684,0.1538960039615631
63038.5444006911,0.15390999615192413
63038.61093108536,0.15390600264072418
63038.677461479616,0.15389899909496307
63038.74399187387,0.15389899909496307
63038.810522268126,0.15389299392700195
63038.877052662385,0.15390600264072418
63038.943583056636,0.15390600264072418
63039.010113450895,0.15390600264072418
63039.076643845154,0.15390600264072418
63039.143174239405,0.15391600131988525
63039.209704633664,0.15392300486564636
63039.27623502792,0.15392300486564636
63039.342765422174,0.15392300486564636
63039.40929581643,0.15392300486564636
63039.47582621069,0.15391600131988525
63039.54235660494,0.15392300486564636
63039.6088869992,0.15392999351024628
63039.67541739346,0.15394000709056854
63039.74194778771,0.15392999351024628
63039.80847818197,0.15394000709056854
63039.87500857623,0.15393699705600739
63039.94153897048,0.15393699705600739
63040.00806936474,0.15394699573516846
63040.074599759,0.15396100282669067
63040.14113015325,0.15396100282669067
63040.20766054751,0.15396399796009064
63040.27419094177,0.15398100018501282
63040.34072133602,0.1539739966392517
63040.40725173028,0.15398499369621277
63040.473782124536,0.1539909988641739
63040.54031251879,0.153998002409935
63040.60684291305,0.15400899946689606
63040.673373307305,0.15400899946689606
63040.73990370156,0.15403200685977936
63040.806434095815,0.15403899550437927
63040.872964490074,0.1540530025959015
63040.939494884326,0.1540600061416626
63041.006025278584,0.15407000482082367
63041.07255567284,0.15407000482082367
63041.139086067094,0.15409399569034576
63041.20561646135,0.15410099923610687
63041.27214685561,0.1541150063276291
63041.33867724986,0.15411800146102905
63041.40520764412,0.15412800014019012
63041.47173803838,0.15413199365139008
63041.53826843263,0.15412800014019012
63041.60479882689,0.15413199365139008
63041.67132922115,0.15414899587631226
63041.7378596154,0.15415899455547333
63041.80439000966,0.1541689932346344
63041.87092040392,0.15417300164699554
63041.93745079817,0.15418000519275665
63042.00398119243,0.15418300032615662
63042.07051158669,0.15419700741767883
63042.13704198094,0.15419700741767883
63042.2035723752,0.15420399606227875
63042.27010276946,0.15419700741767883
63042.336633163715,0.1542000025510788
63042.40316355797,0.15421399474143982
63042.469693952225,0.154230996966362
63042.536224346484,0.15423400700092316
63042.602754740736,0.15424500405788422
63042.669285134994,0.15424799919128418
63042.73581552925,0.15424799919128418
63042.802345923505,0.15424799919128418
63042.86887631776,0.15425799787044525
63042.93540671202,0.15426500141620636
63043.00193710627,0.15426500141620636
63043.06846750053,0.15427500009536743
63043.13499789479,0.1542859971523285
63043.20152828904,0.15428900718688965
63043.2680586833,0.15428200364112854
63043.33458907756,0.15428200364112854
63043.40111947181,0.15428200364112854
63043.46764986607,0.15427899360656738
63043.53418026033,0.1542930006980896
63043.60071065458,0.15428200364112854
63043.66724104884,0.15428200364112854
63043.7337714431,0.1542859971523285
63043.80030183735,0.1542689949274063
63043.86683223161,0.15426500141620636
63043.93336262587,0.1542689949274063
63043.99989302012,0.15430299937725067
63044.06642341438,0.15431000292301178
63044.132953808636,0.1542620062828064
63044.19948420289,0.1542380005121231
63044.266014597146,0.15427500009536743
63044.332544991405,0.15431299805641174
63044.399075385656,0.15427500009536743
63044.465605779915,0.15427899360656738
63044.53213617417,0.15428200364112854
63044.598666568425,0.15428200364112854
63044.665196962684,0.15429599583148956
63044.73172735694,0.1542930006980896
63044.798257751194,0.15429900586605072
63044.86478814545,0.1542859971523285
63044.93131853971,0.15428200364112854
63044.99784893396,0.15429599583148956
63045.06437932822,0.1542930006980896
63045.13090972248,0.15427200496196747
63045.19744011673,0.1542689949274063
63045.26397051099,0.15427500009536743
63045.33050090525,0.15428200364112854
63045.3970312995,0.1542859971523285
63045.46356169376,0.1542859971523285
63045.53009208802,0.15428200364112854
63045.59662248227,0.15429900586605072
63045.66315287653,0.15430299937725067
63045.72968327079,0.15432000160217285
63045.796213665046,0.15431299805641174
63045.8627440593,0.15431000292301178
63045.929274453556,0.15432000160217285
63045.995804847815,0.15432299673557281
63046.062335242066,0.15433000028133392
63046.128865636325,0.15432700514793396
63046.195396030584,0.15433399379253387
63046.261926424835,0.1543470025062561
63046.328456819094,0.1543470025062561
63046.39498721335,0.15435099601745605
63046.461517607604,0.1543470025062561
63046.52804800186,0.15435099601745605
63046.59457839612,0.15435099601745605
63046.66110879037,0.15436799824237823
63046.72763918463,0.15436799824237823
63046.79416957889,0.15436799824237823
63046.86069997314,0.1543709933757782
63046.9272303674,0.15436799824237823
63046.99376076166,0.15436500310897827
63047.06029115591,0.15436799824237823
63047.12682155017,0.15436799824237823
63047.19335194443,0.15436500310897827
63047.25988233868,0.15436500310897827
63047.32641273294,0.15436799824237823
63047.3929431272,0.15436799824237823
63047.45947352145,0.15436500310897827
63047.52600391571,0.15436500310897827
63047.592534309966,0.15436799824237823
63047.65906470422,0.15436799824237823
63047.725595098476,0.15436799824237823
63047.792125492735,0.15438500046730042
63047.85865588699,0.15438200533390045
63047.925186281245,0.1543709933757782
63047.991716675504,0.15436799824237823
63048.058247069755,0.15438500046730042
63048.124777464014,0.15438500046730042
63048.19130785827,0.15438500046730042
63048.257838252524,0.15439200401306152
63048.32436864678,0.1544020026922226
63048.39089904104,0.15440599620342255
63048.45742943529,0.15440599620342255
63048.52395982955,0.15440599620342255
63048.59049022381,0.15440599620342255
63048.65702061806,0.15440599620342255
63048.72355101232,0.1544020026922226
63048.79008140658,0.15442000329494476
63048.85661180083,0.15441599488258362
63048.92314219509,0.1544259935617447
63048.98967258935,0.1544400006532669
63049.0562029836,0.1544400006532669
63049.12273337786,0.15443000197410583
63049.18926377212,0.15443000197410583
63049.25579416637,0.1544329971075058
63049.32232456063,0.15444700419902802
63049.38885495489,0.15444999933242798
63049.455385349145,0.15443700551986694
63049.5219157434,0.15444999933242798
63049.588446137655,0.15444399416446686
63049.654976531914,0.15443700551986694
63049.721506926166,0.1544400006532669
63049.788037320424,0.15443700551986694
63049.85456771468,0.15442000329494476
63049.921098108935,0.1544329971075058
63049.98762850319,0.15442000329494476
63050.05415889745,0.15442000329494476
63050.1206892917,0.15442000329494476
63050.18721968596,0.15441599488258362
63050.25375008022,0.15442000329494476
63050.32028047447,0.1544259935617447
63050.38681086873,0.1544329971075058
63050.45334126299,0.15443700551986694
63050.51987165724,0.15444399416446686
63050.5864020515,0.1544400006532669
63050.65293244576,0.15443700551986694
63050.71946284001,0.15444700419902802
63050.78599323427,0.15444700419902802
63050.85252362853,0.15442299842834473
63050.91905402278,0.15439200401306152
63050.98558441704,0.15439899265766144
63051.0521148113,0.1544020026922226
63051.11864520555,0.1544020026922226
63051.18517559981,0.15441299974918365
63051.251705994066,0.15442299842834473
63051.31823638832,0.15442000329494476
63051.384766782576,0.1544329971075058
63051.451297176834,0.15444399416446686
63051.517827571086,0.15445399284362793
63051.584357965345,0.15445399284362793
63051.6508883596,0.1544400006532669
63051.717418753855,0.15443700551986694
63051.78394914811,0.15444399416446686
63051.85047954237,0.15447799861431122
63051.917009936624,0.15447799861431122
63051.98354033088,0.1544709950685501
63052.05007072514,0.1544709950685501
63052.11660111939,0.1544879972934723
63052.18313151365,0.1544879972934723
63052.24966190791,0.1544879972934723
63052.31619230216,0.1545020043849945
63052.38272269642,0.1544879972934723
63052.44925309068,0.15449899435043335
63052.51578348493,0.15452300012111664
63052.58231387919,0.15450499951839447
63052.64884427345,0.15450499951839447
63052.7153746677,0.15450899302959442
63052.78190506196,0.1545329988002777
63052.84843545622,0.15453000366687775
63052.91496585047,0.1545259952545166
63052.98149624473,0.15454000234603882
63053.048026638986,0.15455399453639984
63053.114557033245,0.15455399453639984
63053.181087427496,0.15455399453639984
63053.247617821755,0.15457099676132202
63053.31414821601,0.15455999970436096
63053.380678610265,0.15457099676132202
63053.447209004524,0.15457099676132202
63053.51373939878,0.15457400679588318
63053.580269793034,0.15457400679588318
63053.64680018729,0.15457400679588318
63053.71333058155,0.15457099676132202
63053.7798609758,0.15457800030708313
63053.84639137006,0.15457800030708313
63053.91292176432,0.15457800030708313
63053.97945215857,0.1545809954404831
63054.04598255283,0.15459099411964417
63054.11251294709,0.15459099411964417
63054.17904334134,0.15459099411964417
63054.2455737356,0.15459099411964417
63054.31210412986,0.15457800030708313
63054.37863452411,0.1545809954404831
63054.44516491837,0.15459099411964417
63054.51169531263,0.15458500385284424
63054.57822570688,0.1545879989862442
63054.64475610114,0.15457800030708313
63054.711286495396,0.15457400679588318
63054.77781688965,0.15457800030708313
63054.844347283906,0.15458500385284424
63054.910877678165,0.15459099411964417
63054.97740807242,0.15458500385284424
63055.043938466675,0.1545809954404831
63055.110468860934,0.15457800030708313
63055.176999255185,0.15457800030708313
63055.243529649444,0.15457400679588318
63055.3100600437,0.15457800030708313
63055.376590437954,0.15457400679588318
63055.44312083221,0.15457400679588318
63055.50965122647,0.15457400679588318
63055.57618162072,0.15457400679588318
63055.64271201498,0.1545639932155609
63055.70924240924,0.1545639932155609
63055.77577280349,0.15457400679588318
63055.84230319775,0.15458500385284424
63055.90883359201,0.15459099411964417
63055.97536398626,0.15459099411964417
63056.04189438052,0.15460200607776642
63056.10842477478,0.15459799766540527
63056.17495516903,0.15459799766540527
63056.24148556329,0.1545950025320053
63056.30801595755,0.1545950025320053
63056.3745463518,0.15460500121116638
63056.44107674606,0.15460899472236633
63056.50760714032,0.15460899472236633
63056.574137534575,0.15462200343608856
63056.64066792883,0.1546259969472885
63056.707198323085,0.15462200343608856
63056.773728717344,0.15462900698184967
63056.840259111596,0.1546429991722107
63056.906789505854,0.15463599562644958
63056.97331990011,0.15463599562644958
63057.039850294364,0.15463300049304962
63057.10638068862,0.1546429991722107
63057.17291108288,0.15462900698184967
63057.23944147713,0.1546429991722107
63057.30597187139,0.15463599562644958
63057.37250226565,0.1546429991722107
63057.4390326599,0.1546429991722107
63057.50556305416,0.1546429991722107
63057.57209344842,0.1546429991722107
63057.63862384267,0.15464699268341064
63057.70515423693,0.1546570062637329
63057.77168463119,0.15466000139713287
63057.83821502544,0.15466000139713287
63057.9047454197,0.1546500027179718
63057.97127581396,0.15465299785137177
63058.03780620821,0.15465299785137177
63058.10433660247,0.1546570062637329
63058.17086699673,0.1546570062637329
63058.23739739098,0.15466399490833282
63058.30392778524,0.15466000139713287
63058.370458179495,0.15466000139713287
63058.43698857375,0.15466000139713287
63058.503518968006,0.15466000139713287
63058.570049362264,0.15466000139713287
63058.636579756516,0.1546570062637329
63058.703110150775,0.15466000139713287
63058.76964054503,0.15466700494289398
63058.836170939285,0.15467800199985504
63058.90270133354,0.15467800199985504
63058.9692317278,0.154680997133255
63059.035762122054,0.15469500422477722
63059.10229251631,0.15468400716781616
63059.16882291057,0.154680997133255
63059.23535330482,0.15469500422477722
63059.30188369908,0.15469799935817719
63059.36841409334,0.1547120064496994
63059.43494448759,0.1547120064496994
63059.50147488185,0.15472599864006042
63059.56800527611,0.1547289937734604
63059.63453567036,0.1547289937734604
63059.70106606462,0.1547359973192215
63059.76759645888,0.1547500044107437
63059.83412685313,0.15476000308990479
63059.90065724739,0.15476000308990479
63059.96718764165,0.15476399660110474
63060.0337180359,0.15476000308990479
63060.10024843016,0.1547670066356659
63060.166778824416,0.15476399660110474
63060.233309218675,0.15477100014686584
63060.299839612926,0.1547739952802658
63060.366370007185,0.15478099882602692
63060.43290040144,0.15478099882602692
63060.499430795695,0.15479500591754913
63060.565961189954,0.154790997505188
63060.63249158421,0.15478399395942688
63060.699021978464,0.1547980010509491
63060.76555237272,0.15478099882602692
63060.83208276698,0.15478800237178802
63060.89861316123,0.1547980010509491
63060.96514355549,0.1547980010509491
63061.03167394975,0.15480899810791016
63061.098204344,0.1548050045967102
63061.16473473826,0.15480899810791016
63061.23126513252,0.15480199456214905
63061.29779552677,0.1547980010509491
63061.36432592103,0.15479500591754913
63061.43085631529,0.15481500327587128
63061.49738670954,0.15481500327587128
63061.5639171038,0.15481199324131012
63061.63044749806,0.15481500327587128
63061.69697789231,0.15481500327587128
63061.76350828657,0.15481500327587128
63061.830038680826,0.15480899810791016
63061.89656907508,0.15481500327587128
63061.963099469336,0.15481500327587128
63062.029629863595,0.15481899678707123
63062.096160257846,0.15481500327587128
63062.162690652105,0.1548289954662323
63062.229221046364,0.15483300387859344
63062.295751440615,0.1548359990119934
63062.362281834874,0.15483300387859344
63062.42881222913,0.15483300387859344
63062.495342623384,0.15483300387859344
63062.56187301764,0.1548359990119934
63062.6284034119,0.15483300387859344
63062.69493380615,0.15483300387859344
63062.76146420041,0.15483300387859344
63062.82799459467,0.15485000610351562
63062.89452498892,0.15484699606895447
63062.96105538318,0.15485000610351562
63063.02758577744,0.15484300255775452
63063.09411617169,0.15483300387859344
63063.16064656595,0.15485000610351562
63063.22717696021,0.1548359990119934
63063.29370735446,0.15485699474811554
63063.36023774872,0.15486399829387665
63063.42676814298,0.1548669934272766
63063.49329853723,0.1548669934272766
63063.55982893149,0.15487800538539886
63063.626359325746,0.15488499402999878
63063.692889720005,0.15489499270915985
63063.75942011426,0.15490199625492096
63063.825950508515,0.15489499270915985
63063.892480902774,0.15490199625492096
63063.959011297025,0.15490199625492096
63064.025541691284,0.15491199493408203
63064.09207208554,0.15491899847984314
63064.158602479794,0.1549289971590042
63064.22513287405,0.15492300689220428
63064.29166326831,0.15493600070476532
63064.35819366256,0.15494300425052643
63064.42472405682,0.15494300425052643
63064.49125445108,0.15494699776172638
63064.55778484533,0.15494999289512634
63064.62431523959,0.15493999421596527
63064.69084563385,0.1549540013074875
63064.7573760281,0.1549540013074875
63064.82390642236,0.15495699644088745
63064.89043681662,0.1549610048532486
63064.95696721087,0.15495699644088745
63065.02349760513,0.15497100353240967
63065.09002799939,0.1549610048532486
63065.15655839364,0.15497100353240967
63065.2230887879,0.15497100353240967
63065.28961918216,0.15497800707817078
63065.35614957641,0.1549849957227707
63065.42267997067,0.15497399866580963
63065.489210364925,0.15498800575733185
63065.55574075918,0.1549919992685318
63065.622271153436,0.1549919992685318
63065.688801547694,0.1549919992685318
63065.755331941946,0.15498800575733185
63065.821862336205,0.1549990028142929
63065.88839273046,0.15500600636005402
63065.954923124715,0.15500600636005402
63066.02145351897,0.15500600636005402
63066.08798391323,0.15500900149345398
63066.15451430748,0.1550160050392151
63066.22104470174,0.15501900017261505
63066.287575096,0.1550160050392151
63066.35410549025,0.1550160050392151
63066.42063588451,0.155022993683815
63066.48716627877,0.155022993683815
63066.55369667302,0.155022993683815
63066.62022706728,0.155022993683815
63066.68675746154,0.15503700077533722
63066.75328785579,0.155022993683815
63066.81981825005,0.155022993683815
63066.88634864431,0.155022993683815
63066.95287903856,0.155022993683815
63067.01940943282,0.1550299972295761
63067.08593982708,0.15502600371837616
63067.15247022133,0.1550299972295761
63067.21900061559,0.15503999590873718
63067.285531009846,0.15503999590873718
63067.352061404104,0.15503999590873718
63067.418591798356,0.15503999590873718
63067.485122192615,0.15502600371837616
63067.55165258687,0.15503700077533722
63067.618182981125,0.15503999590873718
63067.68471337538,0.15503999590873718
63067.75124376964,0.15503999590873718
63067.817774163894,0.15504400432109833
63067.88430455815,0.15505099296569824
63067.95083495241,0.15505699813365936
63068.01736534666,0.1550610065460205
63068.08389574092,0.15505699813365936
63068.15042613518,0.1550610065460205
63068.21695652943,0.15507100522518158
63068.28348692369,0.15507499873638153
63068.35001731795,0.15508200228214264
63068.4165477122,0.15510199964046478
63068.48307810646,0.1551090031862259
63068.54960850072,0.155116006731987
63068.61613889497,0.15513700246810913
63068.68266928923,0.15515099465847015
63068.74919968349,0.15516099333763123
63068.81573007774,0.1551789939403534
63068.882260472,0.1551859974861145
63068.948790866256,0.1552100032567978
63069.01532126051,0.15522000193595886
63069.081851654766,0.155240997672081
63069.148382049025,0.155240997672081
63069.214912443276,0.15525199472904205
63069.281442837535,0.1552720069885254
63069.347973231794,0.15528300404548645
63069.414503626045,0.1552859991788864
63069.481034020304,0.15530000627040863
63069.54756441456,0.15530699491500854
63069.614094808814,0.15533100068569183
63069.68062520307,0.15534499287605286
63069.74715559733,0.15535199642181396
63069.81368599158,0.155349001288414
63069.88021638584,0.15535199642181396
63069.9467467801,0.1553560048341751
63070.01327717435,0.15535199642181396
63070.07980756861,0.15536299347877502
63070.14633796287,0.15535899996757507
63070.21286835712,0.15536299347877502
63070.27939875138,0.15536999702453613
63070.34592914564,0.15536999702453613
63070.41245953989,0.1553869992494583
63070.47898993415,0.15539799630641937
63070.54552032841,0.15539400279521942
63070.61205072266,0.15540100634098053
63070.67858111692,0.1554040014743805
63070.745111511176,0.15539799630641937
63070.81164190543,0.1554040014743805
63070.87817229969,0.15540100634098053
63070.944702693945,0.15539099276065826
63071.011233088204,0.15539400279521942
63071.077763482455,0.15539099276065826
63071.144293876714,0.15538400411605835
63071.21082427097,0.1553869992494583
63071.277354665224,0.1553869992494583
63071.34388505948,0.1553869992494583
63071.41041545374,0.15538400411605835
63071.47694584799,0.1553730070590973
63071.54347624225,0.15537700057029724
63071.61000663651,0.15536600351333618
63071.67653703076,0.1553560048341751
63071.74306742502,0.15535199642181396
63071.80959781928,0.15535199642181396
63071.87612821353,0.15535199642181396
63071.94265860779,0.15535199642181396
63072.00918900205,0.155349001288414
63072.0757193963,0.15535199642181396
63072.14224979056,0.155349001288414
63072.20878018482,0.1553419977426529
63072.27531057907,0.1553249955177307
63072.34184097333,0.15532100200653076
63072.40837136759,0.15532800555229187
63072.47490176184,0.1553180068731308
63072.5414321561,0.1553180068731308
63072.607962550355,0.1553180068731308
63072.67449294461,0.15532800555229187
63072.741023338865,0.15533100068569183
63072.807553733124,0.15533100068569183
63072.874084127376,0.1553180068731308
63072.940614521634,0.1553180068731308
63073.00714491589,0.1553180068731308
63073.073675310145,0.1553249955177307
63073.1402057044,0.15533100068569183
63073.20673609866,0.15532100200653076
63073.27326649291,0.15531399846076965
63073.33979688717,0.1553180068731308
63073.40632728143,0.15531399846076965
63073.47285767568,0.1553180068731308
63073.53938806994,0.15530699491500854
63073.6059184642,0.1553180068731308
63073.67244885845,0.1553180068731308
63073.73897925271,0.1553180068731308
63073.80550964697,0.1553180068731308
63073.87204004122,0.1553180068731308
63073.93857043548,0.1553180068731308
63074.00510082974,0.1553180068731308
63074.07163122399,0.1553180068731308
63074.13816161825,0.1553180068731308
63074.20469201251,0.15532100200653076
63074.27122240676,0.1553180068731308
63074.33775280102,0.15533499419689178
63074.404283195276,0.1553419977426529
63074.470813589534,0.1553419977426529
63074.537343983786,0.15535199642181396
63074.603874378045,0.15535199642181396
63074.6704047723,0.15535199642181396
63074.736935166555,0.15536299347877502
63074.80346556081,0.15536999702453613
63074.86999595507,0.15536999702453613
63074.936526349324,0.15538400411605835
63075.00305674358,0.1553869992494583
63075.06958713784,0.1553869992494583
63075.13611753209,0.15539400279521942
63075.20264792635,0.1554040014743805
63075.26917832061,0.1554040014743805
63075.33570871486,0.1554040014743805
63075.40223910912,0.15541499853134155
63075.46876950338,0.15542499721050262
63075.53529989763,0.1554500013589859
63075.60183029189,0.1554429978132248
63075.66836068615,0.155457004904747
63075.7348910804,0.15546399354934692
63075.80142147466,0.1554740071296692
63075.86795186892,0.15548400580883026
63075.93448226317,0.15549099445343018
63076.00101265743,0.15549099445343018
63076.067543051686,0.15549799799919128
63076.13407344594,0.15549799799919128
63076.200603840196,0.15550899505615234
63076.267134234455,0.15551599860191345
63076.333664628706,0.15552300214767456
63076.400195022965,0.15552599728107452
63076.466725417224,0.15552599728107452
63076.533255811475,0.15552599728107452
63076.599786205734,0.15552300214767456
63076.66631659999,0.15552599728107452
63076.732846994244,0.15553699433803558
63076.7993773885,0.15554000437259674
63076.86590778276,0.15553699433803558
63076.93243817701,0.15554000437259674
63076.99896857127,0.1555439978837967
63077.06549896553,0.1555510014295578
63077.13202935978,0.1555439978837967
63077.19855975404,0.1555439978837967
63077.2650901483,0.1555439978837967
63077.33162054255,0.15553000569343567
63077.39815093681,0.15552599728107452
63077.46468133107,0.15554000437259674
63077.53121172532,0.15553300082683563
63077.59774211958,0.15554000437259674
63077.66427251384,0.15554000437259674
63077.73080290809,0.1555439978837967
63077.79733330235,0.1555439978837967
63077.863863696606,0.15553000569343567
63077.93039409086,0.15554000437259674
63077.996924485116,0.15552599728107452
63078.063454879375,0.15552599728107452
63078.129985273634,0.15552599728107452
63078.196515667885,0.15552599728107452
63078.263046062144,0.15553300082683563
63078.3295764564,0.15553699433803558
63078.396106850654,0.15553300082683563
63078.46263724491,0.15551599860191345
63078.52916763917,0.15551599860191345
63078.59569803342,0.15553300082683563
63078.66222842768,0.15553699433803558
63078.72875882194,0.15552599728107452
63078.79528921619,0.15553300082683563
63078.86181961045,0.15554699301719666
63078.92835000471,0.15554699301719666
63078.99488039896,0.15556100010871887
63079.06141079322,0.1555750072002411
63079.12794118748,0.15556499361991882
63079.19447158173,0.15556800365447998
63079.26100197599,0.1555889993906021
63079.32753237025,0.15558600425720215
63079.3940627645,0.15558600425720215
63079.46059315876,0.15559600293636322
63079.527123553016,0.15559600293636322
63079.59365394727,0.15559899806976318
63079.66018434153,0.15559600293636322
63079.726714735785,0.15559600293636322
63079.79324513004,0.15559299290180206
63079.859775524295,0.15560300648212433
63079.926305918554,0.15560999512672424
63079.992836312806,0.1556130051612854
63080.059366707064,0.1556130051612854
63080.12589710132,0.1556130051612854
63080.192427495575,0.15562400221824646
63080.25895788983,0.15561699867248535
63080.32548828409,0.15562699735164642
63080.39201867834,0.15561699867248535
63080.4585490726,0.15561699867248535
63080.52507946686,0.15562699735164642
63080.59160986111,0.15561699867248535
63080.65814025537,0.15561999380588531
63080.72467064963,0.15561999380588531
63080.79120104388,0.15563100576400757
63080.85773143814,0.15563100576400757
63080.9242618324,0.15563100576400757
63080.99079222665,0.15563100576400757
63081.05732262091,0.15563100576400757
63081.12385301517,0.15561999380588531
63081.19038340942,0.15562699735164642
63081.25691380368,0.15562400221824646
63081.32344419794,0.1556130051612854
63081.38997459219,0.15560999512672424
63081.45650498645,0.1556130051612854
63081.523035380706,0.1556130051612854
63081.589565774964,0.1556130051612854
63081.656096169216,0.15562699735164642
63081.722626563474,0.15563100576400757
63081.78915695773,0.15563100576400757
63081.855687351985,0.15563100576400757
63081.92221774624,0.15563100576400757
63081.9887481405,0.15563100576400757
63082.05527853475,0.15563400089740753
63082.12180892901,0.15563400089740753
63082.18833932327,0.1556449979543686
63082.25486971752,0.15564799308776855
63082.32140011178,0.15564799308776855
63082.38793050604,0.15564799308776855
63082.45446090029,0.1556520015001297
63082.52099129455,0.15566599369049072
63082.58752168881,0.15566599369049072
63082.65405208306,0.15566599369049072
63082.72058247732,0.15566900372505188
63082.78711287158,0.15566599369049072
63082.85364326583,0.15566599369049072
63082.92017366009,0.15566599369049072
63082.98670405435,0.15566900372505188
63083.0532344486,0.1556829959154129
63083.11976484286,0.1556829959154129
63083.186295237116,0.15569399297237396
63083.25282563137,0.15570099651813507
63083.319356025626,0.15571099519729614
63083.385886419885,0.1557150036096573
63083.452416814136,0.1557150036096573
63083.518947208395,0.15573599934577942
63083.58547760265,0.1557459980249405
63083.652007996905,0.15575699508190155
63083.718538391164,0.1557530015707016
63083.78506878542,0.1557530015707016
63083.851599179674,0.15575699508190155
63083.91812957393,0.15578800439834595
63083.98465996819,0.15578800439834595
63084.05119036244,0.15579499304294586
63084.1177207567,0.15580500662326813
63084.18425115096,0.15579499304294586
63084.25078154521,0.15580500662326813
63084.31731193947,0.15580199658870697
63084.38384233373,0.15579800307750702
63084.45037272798,0.15580500662326813
63084.51690312224,0.15580500662326813
63084.5834335165,0.15581199526786804
63084.64996391075,0.1558160036802292
63084.71649430501,0.15580500662326813
63084.78302469927,0.1558160036802292
63084.84955509352,0.15580900013446808
63084.91608548778,0.15581199526786804
63084.982615882036,0.15581199526786804
63085.04914627629,0.15581199526786804
63085.115676670546,0.1558230072259903
63085.182207064805,0.15582600235939026
63085.248737459064,0.15581899881362915
63085.315267853315,0.1558230072259903
63085.381798247574,0.15582600235939026
63085.44832864183,0.1558230072259903
63085.514859036084,0.1558230072259903
63085.58138943034,0.1558230072259903
63085.6479198246,0.1558230072259903
63085.71445021885,0.1558160036802292
63085.78098061311,0.1558230072259903
63085.84751100737,0.15582600235939026
63085.91404140162,0.1558230072259903
63085.98057179588,0.15581899881362915
63086.04710219014,0.15583999454975128
63086.11363258439,0.15583300590515137
63086.18016297865,0.1558230072259903
63086.24669337291,0.1558299958705902
63086.31322376716,0.1558230072259903
63086.37975416142,0.15581899881362915
63086.44628455568,0.15583300590515137
63086.51281494993,0.15582600235939026
63086.57934534419,0.1558230072259903
63086.645875738446,0.1558230072259903
63086.7124061327,0.15582600235939026
63086.77893652696,0.15583699941635132
63086.845466921215,0.15583999454975128
63086.91199731547,0.15583699941635132
63086.978527709725,0.15582600235939026
63087.045058103984,0.1558230072259903
63087.111588498236,0.15582600235939026
63087.178118892494,0.15583999454975128
63087.24464928675,0.15583999454975128
63087.311179681004,0.15584400296211243
63087.37771007526,0.1558540016412735
63087.44424046952,0.15586799383163452
63087.51077086377,0.1558610051870346
63087.57730125803,0.15586499869823456
63087.64383165229,0.15586799383163452
63087.71036204654,0.1558610051870346
63087.7768924408,0.15586499869823456
63087.84342283506,0.15587200224399567
63087.90995322931,0.1558610051870346
63087.97648362357,0.15587499737739563
63088.04301401783,0.15587200224399567
63088.10954441208,0.15585799515247345
63088.17607480634,0.15585799515247345
63088.2426052006,0.1558610051870346
63088.30913559485,0.15586499869823456
63088.37566598911,0.15586499869823456
63088.44219638337,0.15585799515247345
63088.50872677762,0.15586799383163452
63088.57525717188,0.1558610051870346
63088.641787566135,0.15587499737739563
63088.708317960394,0.15587499737739563
63088.774848354646,0.15587499737739563
63088.841378748904,0.1558929979801178
63088.90790914316,0.15588200092315674
63088.974439537415,0.1558929979801178
63089.04096993167,0.15588200092315674
63089.10750032593,0.15588900446891785
63089.17403072018,0.15588900446891785
63089.24056111444,0.1559000015258789
63089.3070915087,0.1558929979801178
63089.37362190295,0.15590700507164001
63089.44015229721,0.15591000020503998
63089.50668269147,0.15591000020503998
63089.57321308572,0.15591000020503998
63089.63974347998,0.15591399371623993
63089.70627387424,0.15592800080776215
63089.77280426849,0.15591399371623993
63089.83933466275,0.1559240072965622
63089.90586505701,0.15593500435352325
63089.97239545126,0.15593500435352325
63090.03892584552,0.15593500435352325
63090.10545623978,0.15594199299812317
63090.17198663403,0.15594899654388428
63090.23851702829,0.15594500303268433
63090.305047422546,0.15592800080776215
63090.3715778168,0.1559309959411621
63090.438108211056,0.15593500435352325
63090.504638605315,0.15594500303268433
63090.571168999566,0.15594500303268433
63090.637699393825,0.15594199299812317
63090.70422978808,0.15593799948692322
63090.770760182335,0.15594500303268433
63090.837290576594,0.15594899654388428
63090.90382097085,0.15594899654388428
63090.970351365104,0.15594500303268433
63091.03688175936,0.15594899654388428
63091.10341215362,0.15595200657844543
63091.16994254787,0.15594899654388428
63091.23647294213,0.15596599876880646
63091.30300333639,0.15598000586032867
63091.36953373064,0.1559700071811676
63091.4360641249,0.15597300231456757
63091.50259451916,0.15597699582576752
63091.56912491341,0.15599800646305084
63091.63565530767,0.1560010015964508
63091.70218570193,0.15600800514221191
63091.76871609618,0.15601199865341187
63091.83524649044,0.15602299571037292
63091.9017768847,0.15601499378681183
63091.96830727895,0.15601199865341187
63092.03483767321,0.15601499378681183
63092.101368067466,0.15601499378681183
63092.16789846172,0.15602999925613403
63092.234428855976,0.15602299571037292
63092.300959250235,0.15602600574493408
63092.36748964449,0.15604400634765625
63092.434020038745,0.156032994389534
63092.500550433004,0.15603700280189514
63092.56708082726,0.15605099499225616
63092.633611221514,0.15605799853801727
63092.70014161577,0.15605799853801727
63092.76667201003,0.15605400502681732
63092.83320240428,0.15605099499225616
63092.89973279854,0.15606099367141724
63092.9662631928,0.1560720056295395
63093.03279358705,0.15607500076293945
63093.09932398131,0.15606799721717834
63093.16585437557,0.1560720056295395
63093.23238476982,0.1560720056295395
63093.29891516408,0.15607500076293945
63093.36544555834,0.1560859978199005
63093.43197595259,0.1560859978199005
63093.49850634685,0.1560859978199005
63093.56503674111,0.1560859978199005
63093.63156713536,0.1560789942741394
63093.69809752962,0.1560859978199005
63093.764627923876,0.1560859978199005
63093.83115831813,0.15608200430870056
63093.897688712386,0.1560859978199005
63093.964219106645,0.15608200430870056
63094.0307495009,0.15608200430870056
63094.097279895155,0.15606799721717834
63094.163810289414,0.15606799721717834
63094.230340683665,0.15606799721717834
63094.296871077924,0.15606799721717834
63094.36340147218,0.1560859978199005
63094.429931866434,0.1560859978199005
63094.49646226069,0.15608200430870056
63094.56299265495,0.15606799721717834
63094.6295230492,0.15606799721717834
63094.69605344346,0.15606799721717834
63094.76258383772,0.1560720056295395
63094.82911423197,0.15606799721717834
63094.89564462623,0.15607500076293945
63094.96217502049,0.1560859978199005
63095.02870541474,0.1560789942741394
63095.095235809,0.1560789942741394
63095.16176620326,0.15606799721717834
63095.22829659751,0.15608200430870056
63095.29482699177,0.1560789942741394
63095.36135738603,0.15608200430870056
63095.42788778028,0.15608200430870056
63095.49441817454,0.1560789942741394
63095.5609485688,0.1560789942741394
63095.62747896305,0.15606799721717834
63095.69400935731,0.15607500076293945
63095.760539751565,0.1560720056295395
63095.827070145824,0.1560789942741394
63095.893600540076,0.15608200430870056
63095.960130934334,0.1560859978199005
63096.02666132859,0.1560789942741394
63096.093191722844,0.1560859978199005
63096.1597221171,0.15609300136566162
63096.22625251136,0.1561030000448227
63096.29278290561,0.1561170071363449
63096.35931329987,0.1561030000448227
63096.42584369413,0.1561170071363449
63096.49237408838,0.15612100064754486
63096.55890448264,0.15612100064754486
63096.6254348769,0.15612399578094482
63096.69196527115,0.15612399578094482
63096.75849566541,0.15613099932670593
63096.82502605967,0.156141996383667
63096.89155645392,0.1561560034751892
63096.95808684818,0.15615199506282806
63097.02461724244,0.15615199506282806
63097.09114763669,0.1561560034751892
63097.15767803095,0.15616300702095032
63097.22420842521,0.1561730057001114
63097.29073881946,0.1561730057001114
63097.35726921372,0.15616600215435028
63097.423799607976,0.1561730057001114
63097.49033000223,0.15616999566555023
63097.556860396486,0.1561560034751892
63097.623390790744,0.1561730057001114
63097.689921184996,0.1561730057001114
63097.756451579255,0.15618400275707245
63097.82298197351,0.15619100630283356
63097.889512367765,0.15620100498199463
63097.95604276202,0.15620900690555573
63098.02257315628,0.15620499849319458
63098.089103550534,0.15620900690555573
63098.15563394479,0.15620900690555573
63098.22216433905,0.15620499849319458
63098.2886947333,0.15620900690555573
63098.35522512756,0.15620900690555573
63098.42175552182,0.15620900690555573
63098.48828591607,0.15620499849319458
63098.55481631033,0.15620900690555573
63098.62134670459,0.1562120020389557
63098.68787709884,0.15620900690555573
63098.7544074931,0.15620499849319458
63098.82093788736,0.15619100630283356
63098.88746828161,0.15619100630283356
63098.95399867587,0.15619100630283356
63099.02052907013,0.1561869978904724
63099.08705946438,0.15619100630283356
63099.15358985864,0.15619100630283356
63099.220120252896,0.1561869978904724
63099.28665064715,0.1561799943447113
63099.353181041406,0.1561799943447113
63099.419711435665,0.15618400275707245
63099.48624182992,0.1561869978904724
63099.552772224175,0.1561869978904724
63099.619302618434,0.15617699921131134
63099.68583301269,0.15619100630283356
63099.752363406944,0.15619100630283356
63099.8188938012,0.15619100630283356
63099.88542419546,0.15619400143623352
63099.95195458971,0.15619100630283356
63100.01848498397,0.15619100630283356
63100.08501537823,0.15619100630283356
63100.15154577248,0.15619100630283356
63100.21807616674,0.15619100630283356
63100.284606561,0.1561869978904724
63100.35113695525,0.1561869978904724
63100.41766734951,0.15619100630283356
63100.48419774377,0.15619100630283356
63100.55072813802,0.15619100630283356
63100.61725853228,0.15619100630283356
63100.68378892654,0.1561869978904724
63100.75031932079,0.15619100630283356
63100.81684971505,0.15619100630283356
63100.883380109306,0.15617699921131134
63100.94991050356,0.15617699921131134
63101.016440897816,0.1561869978904724
63101.082971292075,0.1561869978904724
63101.14950168633,0.15619100630283356
63101.216032080585,0.15619799494743347
63101.282562474844,0.15619100630283356
63101.349092869095,0.15619100630283356
63101.415623263354,0.15619100630283356
63101.48215365761,0.15620499849319458
63101.548684051864,0.15620900690555573
63101.61521444612,0.15619400143623352
63101.68174484038,0.15620100498199463
63101.74827523463,0.15619100630283356
63101.81480562889,0.15618400275707245
63101.88133602315,0.15619100630283356
63101.9478664174,0.15619100630283356
63102.01439681166,0.15620100498199463
63102.08092720592,0.15620900690555573
63102.14745760017,0.15619100630283356
63102.21398799443,0.15619100630283356
63102.28051838869,0.15620100498199463
63102.34704878294,0.15620900690555573
63102.4135791772,0.15620100498199463
63102.48010957146,0.15620900690555573
63102.54663996571,0.15620900690555573
63102.61317035997,0.15620900690555573
63102.679700754226,0.15620900690555573
63102.74623114848,0.15620900690555573
63102.81276154274,0.15620900690555573
63102.879291936995,0.15620900690555573
63102.945822331254,0.15621599555015564
63103.012352725505,0.15620900690555573
63103.078883119764,0.15620900690555573
63103.14541351402,0.15620900690555573
63103.211943908274,0.15620900690555573
63103.27847430253,0.15619799494743347
63103.34500469679,0.15619799494743347
63103.41153509104,0.15619400143623352
63103.4780654853,0.15619799494743347
63103.54459587956,0.15619100630283356
63103.61112627381,0.15620100498199463
63103.67765666807,0.15620900690555573
63103.74418706233,0.15620499849319458
63103.81071745658,0.15620900690555573
63103.87724785084,0.1562120020389557
63103.9437782451,0.1562120020389557
63104.01030863935,0.1562120020389557
63104.07683903361,0.1562259942293167
63104.14336942787,0.1562259942293167
63104.20989982212,0.15623299777507782
63104.27643021638,0.15623700618743896
63104.34296061064,0.15624399483203888
63104.40949100489,0.15624399483203888
63104.47602139915,0.15624399483203888
63104.542551793405,0.15624700486660004
63104.60908218766,0.1562509983778
63104.675612581916,0.15624399483203888
63104.742142976174,0.15624399483203888
63104.808673370426,0.15624700486660004
63104.875203764685,0.15626099705696106
63104.94173415894,0.15624399483203888
63105.008264553195,0.15626099705696106
63105.07479494745,0.15626099705696106
63105.14132534171,0.15626800060272217
63105.207855735964,0.15627500414848328
63105.27438613022,0.1562819927930832
63105.34091652448,0.1562650054693222
63105.40744691873,0.15627199411392212
63105.47397731299,0.15626099705696106
63105.54050770725,0.1562650054693222
63105.6070381015,0.15627199411392212
63105.67356849576,0.1562650054693222
63105.74009889002,0.15626099705696106
63105.80662928427,0.15626099705696106
63105.87315967853,0.15626099705696106
63105.93969007279,0.15626099705696106
63106.00622046704,0.15626099705696106
63106.0727508613,0.1562650054693222
63106.13928125556,0.15626800060272217
63106.20581164981,0.1562650054693222
63106.27234204407,0.15627199411392212
63106.338872438326,0.15626800060272217
63106.40540283258,0.15627500414848328
63106.471933226836,0.15626099705696106
63106.538463621095,0.1562650054693222
63106.60499401535,0.1562650054693222
63106.671524409605,0.15626099705696106
63106.73805480386,0.15627199411392212
63106.80458519812,0.15626099705696106
63106.871115592374,0.15626099705696106
63106.93764598663,0.15626099705696106
63107.00417638089,0.15624399483203888
63107.07070677514,0.15627199411392212
63107.1372371694,0.15627500414848328
63107.20376756366,0.15627500414848328
63107.27029795791,0.15627899765968323
63107.33682835217,0.1562889963388443
63107.40335874643,0.15628600120544434
63107.46988914068,0.15629300475120544
63107.53641953494,0.15627899765968323
63107.6029499292,0.15627899765968323
63107.66948032345,0.15626800060272217
63107.73601071771,0.15626099705696106
63107.80254111197,0.1562650054693222
63107.86907150622,0.15626800060272217
63107.93560190048,0.15627199411392212
63108.002132294736,0.15627899765968323
63108.06866268899,0.15627500414848328
63108.135193083246,0.15626099705696106
63108.201723477505,0.1562650054693222
63108.268253871756,0.15626099705696106
63108.334784266015,0.15626099705696106
63108.401314660274,0.15626099705696106
63108.467845054525,0.15626099705696106
63108.534375448784,0.15627199411392212
63108.60090584304,0.1562889963388443
63108.667436237294,0.15630699694156647
63108.73396663155,0.15631000697612762
63108.80049702581,0.1563349962234497
63108.86702742006,0.15634199976921082
63108.93355781432,0.15634599328041077
63109.00008820858,0.15635600686073303
63109.06661860283,0.15637700259685516
63109.13314899709,0.15638400614261627
63109.19967939135,0.15639899671077728
63109.2662097856,0.15642699599266052
63109.33274017986,0.15644100308418274
63109.39927057412,0.15646900236606598
63109.46580096837,0.1564760059118271
63109.53233136263,0.1564899981021881
63109.59886175689,0.15650799870491028
63109.66539215114,0.1565289944410324
63109.7319225454,0.15654000639915466
63109.798452939656,0.1565610021352768
63109.86498333391,0.1565610021352768
63109.93151372817,0.15657499432563782
63109.998044122425,0.15658900141716003
63110.064574516684,0.15660299360752106
63110.131104910935,0.1566140055656433
63110.197635305194,0.15662400424480438
63110.26416569945,0.1566309928894043
63110.330696093704,0.1566449999809265
63110.39722648796,0.15664899349212646
63110.46375688222,0.15666300058364868
63110.53028727647,0.1566769927740097
63110.59681767073,0.1566839963197708
63110.66334806499,0.15670199692249298
63110.72987845924,0.15670199692249298
63110.7964088535,0.15670199692249298
63110.86293924776,0.15670600533485413
63110.92946964201,0.15671999752521515
63110.99600003627,0.1567229926586151
63111.06253043053,0.1567479968070984
63111.12906082478,0.15675899386405945
63111.19559121904,0.1567690074443817
63111.2621216133,0.15679000318050385
63111.32865200755,0.15679000318050385
63111.39518240181,0.1567869931459427
63111.46171279607,0.15679000318050385
63111.52824319032,0.1568010002374649
63111.59477358458,0.15680499374866486
63111.661303978835,0.1568010002374649
63111.72783437309,0.15679800510406494
63111.794364767346,0.1567869931459427
63111.860895161604,0.15679000318050385
63111.927425555856,0.1568010002374649
63111.993955950114,0.1567939966917038
63112.06048634437,0.15679800510406494
63112.127016738625,0.156808003783226
63112.19354713288,0.156808003783226
63112.26007752714,0.15681199729442596
63112.32660792139,0.15681199729442596
63112.39313831565,0.15680499374866486
63112.45966870991,0.15681900084018707
63112.52619910416,0.15683700144290924
63112.59272949842,0.15684400498867035
63112.65925989268,0.1568399965763092
63112.72579028693,0.15682899951934814
63112.79232068119,0.15684400498867035
63112.85885107545,0.15684400498867035
63112.9253814697,0.15685099363327026
63112.99191186396,0.15685400366783142
63113.05844225822,0.15684400498867035
63113.12497265247,0.15685799717903137
63113.19150304673,0.15686100721359253
63113.25803344099,0.15686100721359253
63113.32456383524,0.15686100721359253
63113.3910942295,0.15686100721359253
63113.457624623756,0.15686799585819244
63113.52415501801,0.15686100721359253
63113.590685412266,0.15686100721359253
63113.657215806525,0.1568720042705536
63113.72374620078,0.1568720042705536
63113.790276595035,0.15686100721359253
63113.85680698929,0.15686100721359253
63113.92333738355,0.15686799585819244
63113.989867777804,0.1568789929151535
63114.05639817206,0.1568720042705536
63114.12292856632,0.15686100721359253
63114.18945896057,0.15686100721359253
63114.25598935483,0.15686799585819244
63114.32251974909,0.1568789929151535
63114.38905014334,0.15687499940395355
63114.4555805376,0.1568720042705536
63114.52211093186,0.1568789929151535
63114.58864132611,0.1568789929151535
63114.65517172037,0.1568789929151535
63114.72170211463,0.1568789929151535
63114.78823250888,0.15689000487327576
63114.85476290314,0.15689699351787567
63114.9212932974,0.1568789929151535
63114.98782369165,0.15688300132751465
63115.05435408591,0.1569110006093979
63115.120884480166,0.15691499412059784
63115.18741487442,0.1569249927997589
63115.253945268676,0.15691499412059784
63115.320475662935,0.15692900121212006
63115.387006057186,0.15693600475788116
63115.453536451445,0.1569499969482422
63115.520066845704,0.15696799755096436
63115.586597239955,0.15697099268436432
63115.653127634214,0.15699300169944763
63115.71965802847,0.15703199803829193
63115.786188422724,0.15706700086593628
63115.85271881698,0.1570809930562973
63115.91924921124,0.1571130007505417
63115.98577960549,0.15714900195598602
63116.05230999975,0.1571740061044693
63116.11884039401,0.15719500184059143
63116.18537078826,0.1572200059890747
63116.25190118252,0.15724800527095795
63116.31843157678,0.15728400647640228
63116.38496197103,0.15731999278068542
63116.45149236529,0.15735900402069092
63116.51802275955,0.15738800168037415
63116.5845531538,0.15741999447345734
63116.65108354806,0.15745499730110168
63116.71761394232,0.15748700499534607
63116.78414433657,0.15751999616622925
63116.85067473083,0.15755200386047363
63116.917205125086,0.15757299959659576
63116.98373551934,0.157601997256279
63117.0502659136,0.15763400495052338
63117.116796307855,0.15764500200748444
63117.18332670211,0.15766599774360657
63117.249857096365,0.15768800675868988
63117.316387490624,0.157709002494812
63117.38291788488,0.15773099660873413
63117.449448279134,0.1577489972114563
63117.51597867339,0.15777400135993958
63117.58250906765,0.1577879935503006
63117.6490394619,0.15780200064182281
63117.71556985616,0.15781299769878387
63117.78210025042,0.15782800316810608
63117.84863064467,0.15782399475574493
63117.91516103893,0.15783099830150604
63117.98169143319,0.15783800184726715
63118.04822182744,0.15785600244998932
63118.1147522217,0.15785999596118927
63118.18128261596,0.15785999596118927
63118.24781301021,0.15785999596118927
63118.31434340447,0.15785999596118927
63118.38087379873,0.1578419953584671
63118.44740419298,0.15785600244998932
63118.51393458724,0.1578419953584671
63118.580464981496,0.1578419953584671
63118.64699537575,0.1578419953584671
63118.71352577001,0.15783800184726715
63118.780056164265,0.15782399475574493
63118.84658655852,0.15781700611114502
63118.913116952775,0.15780599415302277
63118.979647347034,0.1577949970960617
63119.046177741286,0.1577879935503006
63119.112708135544,0.1577879935503006
63119.1792385298,0.15777699649333954
63119.245768924055,0.15776999294757843
63119.31229931831,0.15775899589061737
63119.37882971257,0.15774500370025635
63119.44536010682,0.15773099660873413
63119.51189050108,0.15771299600601196
63119.57842089534,0.15769800543785095
63119.64495128959,0.15770600736141205
63119.71148168385,0.15769100189208984
63119.77801207811,0.15768399834632874
63119.84454247236,0.1576630026102066
63119.91107286662,0.15764500200748444
63119.97760326088,0.15763400495052338
63120.04413365513,0.15762700140476227
63120.11066404939,0.15762700140476227
63120.17719444365,0.15761299431324005
63120.2437248379,0.15759499371051788
63120.31025523216,0.15757299959659576
63120.37678562642,0.15758800506591797
63120.44331602067,0.15758000314235687
63120.50984641493,0.15757299959659576
63120.576376809186,0.1575700044631958
63120.64290720344,0.15756599605083466
63120.709437597696,0.1575549989938736
63120.775967991955,0.15754100680351257
63120.842498386206,0.15753699839115143
63120.909028780465,0.15753699839115143
63120.97555917472,0.15752699971199036
63121.04208956898,0.15751999616622925
63121.108619963234,0.15751999616622925
63121.17515035749,0.15751199424266815
63121.24168075175,0.15750199556350708
63121.308211146,0.15750500559806824
63121.37474154026,0.15749099850654602
63121.44127193452,0.1574839949607849
63121.50780232877,0.15748000144958496
63121.57433272303,0.1574839949607849
63121.64086311729,0.15749500691890717
63121.70739351154,0.15746599435806274
63121.7739239058,0.157477006316185
63121.84045430006,0.15747299790382385
63121.90698469431,0.15746599435806274
63121.97351508857,0.1574839949607849
63122.04004548283,0.1574839949607849
63122.10657587708,0.15747299790382385
63122.17310627134,0.1574839949607849
63122.239636665596,0.1574839949607849
63122.30616705985,0.15746599435806274
63122.372697454106,0.15746599435806274
63122.439227848365,0.157477006316185
63122.505758242616,0.157477006316185
63122.572288636875,0.15746599435806274
63122.63881903113,0.1574700027704239
63122.705349425385,0.15747299790382385
63122.771879819644,0.1574700027704239
63122.8384102139,0.1574839949607849
63122.904940608154,0.15746599435806274
63122.97147100241,0.15747299790382385
63123.03800139667,0.15746599435806274
63123.10453179092,0.15746599435806274
63123.17106218518,0.15744799375534058
63123.23759257944,0.15744799375534058
63123.30412297369,0.15744799375534058
63123.37065336795,0.15744799375534058
63123.43718376221,0.1574449986219406
63123.50371415646,0.15743699669837952
63123.57024455072,0.15743699669837952
63123.63677494498,0.15744100511074066
63123.70330533923,0.15743400156497955
63123.76983573349,0.15742699801921844
63123.83636612775,0.15740899741649628
63123.902896522,0.15741199254989624
63123.96942691626,0.15739800035953522
63124.035957310516,0.15739500522613525
63124.10248770477,0.15739500522613525
63124.169018099026,0.15738800168037415
63124.235548493285,0.15737700462341309
63124.30207888754,0.15737700462341309
63124.368609281795,0.15737700462341309
63124.435139676054,0.15737700462341309
63124.50167007031,0.15737999975681305
63124.568200464564,0.15737700462341309
63124.63473085882,0.15737299621105194
63124.70126125308,0.15735900402069092
63124.76779164733,0.15736299753189087
63124.83432204159,0.15737299621105194
63124.90085243585,0.15735900402069092
63124.9673828301,0.15735900402069092
63125.03391322436,0.15737000107765198
63125.10044361862,0.15737299621105194
63125.16697401287,0.15736299753189087
63125.23350440713,0.15735499560832977
63125.30003480139,0.15736299753189087
63125.36656519564,0.15735900402069092
63125.4330955899,0.15737700462341309
63125.49962598416,0.15737700462341309
63125.56615637841,0.157383993268013
63125.63268677267,0.15737700462341309
63125.699217166926,0.1573909968137741
63125.76574756118,0.1573909968137741
63125.83227795544,0.15739500522613525
63125.898808349695,0.15741999447345734
63125.96533874395,0.15742699801921844
63126.031869138205,0.1574299931526184
63126.098399532464,0.1574299931526184
63126.164929926716,0.1574449986219406
63126.231460320974,0.15743400156497955
63126.29799071523,0.15743699669837952
63126.364521109484,0.15743699669837952
63126.43105150374,0.15744799375534058
63126.497581898,0.15744799375534058
63126.56411229225,0.15744799375534058
63126.63064268651,0.15745900571346283
63126.69717308077,0.1574700027704239
63126.76370347502,0.1574839949607849
63126.83023386928,0.15747299790382385
63126.89676426354,0.15747299790382385
63126.96329465779,0.15748000144958496
63127.02982505205,0.1574839949607849
63127.09635544631,0.15748700499534607
63127.16288584056,0.1574839949607849
63127.22941623482,0.15747299790382385
63127.29594662908,0.157477006316185
63127.36247702333,0.15746599435806274
63127.42900741759,0.15746599435806274
63127.49553781185,0.15746599435806274
63127.5620682061,0.15745900571346283
63127.62859860036,0.15746599435806274
63127.695128994616,0.15746599435806274
63127.76165938887,0.15746599435806274
63127.828189783126,0.15745900571346283
63127.894720177384,0.15744799375534058
63127.961250571636,0.15744799375534058
63128.027780965895,0.15745900571346283
63128.09431136015,0.1574620008468628
63128.16084175441,0.15744799375534058
63128.22737214866,0.15744799375534058
63128.29390254292,0.1574449986219406
63128.36043293718,0.15743400156497955
63128.42696333143,0.15744100511074066
63128.49349372569,0.15743400156497955
63128.56002411995,0.1574299931526184
63128.6265545142,0.15743400156497955
63128.69308490846,0.1574449986219406
63128.75961530272,0.15744100511074066
63128.82614569697,0.1574230045080185
63128.89267609123,0.15741999447345734
63128.95920648549,0.15743400156497955
63129.02573687974,0.15743699669837952
63129.092267274,0.15743699669837952
63129.15879766826,0.15741600096225739
63129.22532806251,0.15741600096225739
63129.29185845677,0.15741600096225739
63129.358388851026,0.1574299931526184
63129.42491924528,0.1574299931526184
63129.491449639536,0.1574299931526184
63129.557980033795,0.15741999447345734
63129.624510428046,0.15741600096225739
63129.691040822305,0.15742699801921844
63129.75757121656,0.15741600096225739
63129.824101610815,0.15741199254989624
63129.890632005074,0.1574230045080185
63129.95716239933,0.15742699801921844
63130.023692793584,0.1574299931526184
63130.09022318784,0.1574299931526184
63130.1567535821,0.1574299931526184
63130.22328397635,0.15744799375534058
63130.28981437061,0.15743699669837952
63130.35634476487,0.15743699669837952
63130.42287515912,0.15744100511074066
63130.48940555338,0.1574299931526184
63130.55593594764,0.15742699801921844
63130.62246634189,0.15742699801921844
63130.68899673615,0.1574230045080185
63130.75552713041,0.15742699801921844
63130.82205752466,0.1574299931526184
63130.88858791892,0.15743400156497955
63130.95511831318,0.15743400156497955
63131.02164870743,0.1574299931526184
63131.08817910169,0.15745200216770172
63131.154709495946,0.1574620008468628
63131.2212398902,0.15745900571346283
63131.287770284456,0.15746599435806274
63131.354300678715,0.15745900571346283
63131.42083107297,0.15744799375534058
63131.487361467225,0.15745200216770172
63131.553891861484,0.15744799375534058
63131.62042225574,0.15745900571346283
63131.686952649994,0.15744799375534058
63131.75348304425,0.15744799375534058
63131.82001343851,0.1574449986219406
63131.88654383276,0.15745200216770172
63131.95307422702,0.15744799375534058
63132.01960462128,0.15744799375534058
63132.08613501553,0.1574299931526184
63132.15266540979,0.1574299931526184
63132.21919580405,0.15742699801921844
63132.2857261983,0.15743400156497955
63132.35225659256,0.1574299931526184
63132.41878698682,0.15743400156497955
63132.48531738107,0.15741999447345734
63132.55184777533,0.1574299931526184
63132.61837816959,0.15743699669837952
63132.68490856384,0.15742699801921844
63132.7514389581,0.15741199254989624
63132.817969352356,0.15741199254989624
63132.88449974661,0.15742699801921844
63132.951030140866,0.15741999447345734
63133.017560535125,0.15741199254989624
63133.08409092938,0.15741600096225739
63133.150621323635,0.15740500390529633
63133.217151717894,0.15739800035953522
63133.283682112145,0.15739500522613525
63133.350212506404,0.15739500522613525
63133.41674290066,0.15740199387073517
63133.483273294914,0.15741600096225739
63133.54980368917,0.15740899741649628
63133.61633408343,0.15740899741649628
63133.68286447768,0.15739500522613525
63133.74939487194,0.15740500390529633
63133.8159252662,0.1574230045080185
63133.88245566045,0.15741600096225739
63133.94898605471,0.15741199254989624
63134.01551644897,0.15740899741649628
63134.08204684322,0.15740899741649628
63134.14857723748,0.1574299931526184
63134.21510763174,0.1574299931526184
63134.28163802599,0.15742699801921844
63134.34816842025,0.1574299931526184
63134.41469881451,0.15744100511074066
63134.48122920876,0.15744799375534058
63134.54775960302,0.1574449986219406
63134.61428999728,0.15744100511074066
63134.68082039153,0.1574449986219406
63134.74735078579,0.15744799375534058
63134.813881180045,0.15745200216770172
63134.8804115743,0.15744799375534058
63134.946941968556,0.15745499730110168
63135.013472362814,0.15745200216770172
63135.080002757066,0.15745499730110168
63135.146533151325,0.1574620008468628
63135.21306354558,0.15746599435806274
63135.27959393984,0.15745200216770172
63135.34612433409,0.15745200216770172
63135.41265472835,0.1574620008468628
63135.47918512261,0.15744100511074066
63135.54571551686,0.1574449986219406
63135.61224591112,0.1574449986219406
63135.67877630538,0.1574449986219406
63135.74530669963,0.15743699669837952
63135.81183709389,0.15744799375534058
63135.87836748815,0.15743400156497955
63135.9448978824,0.15743699669837952
63136.01142827666,0.15744799375534058
63136.07795867092,0.15744799375534058
63136.14448906517,0.1574449986219406
63136.21101945943,0.15743699669837952
63136.27754985369,0.1574299931526184
63136.34408024794,0.15743699669837952
63136.4106106422,0.15744100511074066
63136.477141036456,0.1574299931526184
63136.54367143071,0.1574230045080185
63136.610201824966,0.15741600096225739
63136.676732219225,0.15741999447345734
63136.743262613476,0.15741199254989624
63136.809793007735,0.15741199254989624
63136.87632340199,0.15741199254989624
63136.942853796245,0.15741600096225739
63137.0093841905,0.15741999447345734
63137.07591458476,0.1574299931526184
63137.142444979014,0.15741999447345734
63137.20897537327,0.15741199254989624
63137.27550576753,0.15741999447345734
63137.34203616178,0.15741600096225739
63137.40856655604,0.15741999447345734
63137.4750969503,0.15743400156497955
63137.54162734455,0.1574299931526184
63137.60815773881,0.1574299931526184
63137.67468813307,0.1574299931526184
63137.74121852732,0.1574299931526184
63137.80774892158,0.15741600096225739
63137.87427931584,0.15741999447345734
63137.94080971009,0.1574299931526184
63138.00734010435,0.1574449986219406
63138.07387049861,0.15744100511074066
63138.14040089286,0.15744799375534058
63138.20693128712,0.1574449986219406
63138.273461681376,0.15744100511074066
63138.33999207563,0.15743400156497955
63138.406522469886,0.1574449986219406
63138.473052864145,0.15743699669837952
63138.539583258396,0.1574230045080185
63138.606113652655,0.15741199254989624
63138.672644046914,0.15741199254989624
63138.73917444117,0.15741199254989624
63138.805704835424,0.15741199254989624
63138.87223522968,0.15741199254989624
63138.93876562394,0.15741600096225739
63139.00529601819,0.1574230045080185
63139.07182641245,0.15741199254989624
63139.13835680671,0.15741199254989624
63139.20488720096,0.15741600096225739
63139.27141759522,0.15740899741649628
63139.33794798948,0.15740500390529633
63139.40447838373,0.15740199387073517
63139.47100877799,0.15739500522613525
63139.53753917225,0.15740199387073517
63139.6040695665,0.15739500522613525
63139.67059996076,0.15738800168037415
63139.73713035502,0.15738800168037415
63139.80366074927,0.15737999975681305
63139.87019114353,0.1573909968137741
63139.936721537786,0.15738800168037415
63140.00325193204,0.15739500522613525
63140.069782326296,0.157383993268013
63140.136312720555,0.15737700462341309
63140.20284311481,0.15737000107765198
63140.269373509065,0.15735900402069092
63140.335903903324,0.15735900402069092
63140.402434297575,0.15735900402069092
63140.468964691834,0.15735900402069092
63140.53549508609,0.1573449969291687
63140.602025480344,0.15733399987220764
63140.6685558746,0.1573300063610077
63140.73508626886,0.15733399987220764
63140.80161666311,0.15732300281524658
63140.86814705737,0.15732300281524658
63140.93467745163,0.15731599926948547
63141.00120784588,0.1573060005903244
63141.06773824014,0.15732699632644653
63141.1342686344,0.1573300063610077
63141.20079902865,0.15732300281524658
63141.26732942291,0.15732699632644653
63141.33385981717,0.15732300281524658
63141.40039021142,0.1573300063610077
63141.46692060568,0.15734100341796875
63141.53345099994,0.15732699632644653
63141.59998139419,0.1573300063610077
63141.66651178845,0.15733399987220764
63141.73304218271,0.15735499560832977
63141.79957257696,0.15735900402069092
63141.86610297122,0.1573520004749298
63141.932633365475,0.15735900402069092
63141.99916375973,0.15735900402069092
63142.065694153986,0.15735900402069092
63142.132224548244,0.15737700462341309
63142.198754942496,0.15737700462341309
63142.265285336754,0.1573909968137741
63142.33181573101,0.15737700462341309
63142.39834612527,0.15737700462341309
63142.46487651952,0.15737700462341309
63142.53140691378,0.15737999975681305
63142.59793730804,0.15737700462341309
63142.66446770229,0.15737999975681305
63142.73099809655,0.15738800168037415
63142.79752849081,0.15739500522613525
63142.86405888506,0.15739500522613525
63142.93058927932,0.15739500522613525
63142.99711967358,0.1573909968137741
63143.06365006783,0.15739500522613525
63143.13018046209,0.15739500522613525
63143.19671085635,0.15739500522613525
63143.2632412506,0.157383993268013
63143.32977164486,0.15739500522613525
63143.39630203912,0.15739500522613525
63143.46283243337,0.15737999975681305
63143.52936282763,0.15737999975681305
63143.595893221885,0.15739800035953522
63143.66242361614,0.15739500522613525
63143.728954010396,0.15738800168037415
63143.795484404654,0.1573909968137741
63143.862014798906,0.15739500522613525
63143.928545193165,0.1573909968137741
63143.99507558742,0.15737700462341309
63144.061605981675,0.15738800168037415
63144.12813637593,0.1573909968137741
63144.19466677019,0.15740199387073517
63144.261197164444,0.15739500522613525
63144.3277275587,0.15739500522613525
63144.39425795296,0.15741199254989624
63144.46078834721,0.15740199387073517
63144.52731874147,0.15741199254989624
63144.59384913573,0.15741199254989624
63144.66037952998,0.15739800035953522
63144.72690992424,0.15739500522613525
63144.7934403185,0.15739500522613525
63144.85997071275,0.15739500522613525
63144.92650110701,0.15739500522613525
63144.99303150127,0.15740899741649628
63145.05956189552,0.15739500522613525
63145.12609228978,0.15739500522613525
63145.19262268404,0.15739500522613525
63145.25915307829,0.15738800168037415
63145.32568347255,0.15739500522613525
63145.392213866806,0.15739500522613525
63145.45874426106,0.15739500522613525
63145.525274655316,0.15738800168037415
63145.591805049575,0.15738800168037415
63145.658335443826,0.15737999975681305
63145.724865838085,0.15737999975681305
63145.791396232344,0.15737299621105194
63145.8579266266,0.15737700462341309
63145.924457020854,0.15737700462341309
63145.99098741511,0.15737700462341309
63146.05751780937,0.15737700462341309
63146.12404820362,0.15737700462341309
63146.19057859788,0.15737700462341309
63146.25710899214,0.15735900402069092
63146.32363938639,0.15735900402069092
63146.39016978065,0.15735499560832977
63146.45670017491,0.1573520004749298
63146.52323056916,0.15734800696372986
63146.58976096342,0.15734100341796875
63146.65629135768,0.15734100341796875
63146.72282175193,0.15734800696372986
63146.78935214619,0.1573300063610077
63146.85588254045,0.15733399987220764
63146.9224129347,0.15734800696372986
63146.98894332896,0.15734100341796875
63147.055473723216,0.15734100341796875
63147.12200411747,0.1573449969291687
63147.188534511726,0.15734100341796875
63147.255064905985,0.1573379933834076
63147.32159530024,0.15734100341796875
63147.388125694495,0.1573449969291687
63147.454656088754,0.1573449969291687
63147.521186483005,0.15735900402069092
63147.587716877264,0.15736599266529083
63147.65424727152,0.15737000107765198
63147.720777665774,0.15736299753189087
63147.78730806003,0.15736599266529083
63147.85383845429,0.15737000107765198
63147.92036884854,0.15737299621105194
63147.9868992428,0.15737700462341309
63148.05342963706,0.15737700462341309
63148.11996003131,0.15737700462341309
63148.18649042557,0.15737299621105194
63148.25302081983,0.15736599266529083
63148.31955121408,0.15738800168037415
63148.38608160834,0.15738800168037415
63148.4526120026,0.15737299621105194
63148.51914239685,0.15737299621105194
63148.58567279111,0.15737700462341309
63148.65220318537,0.15738800168037415
63148.71873357962,0.15739500522613525
63148.78526397388,0.15737999975681305
63148.851794368136,0.15739800035953522
63148.91832476239,0.15740899741649628
63148.98485515665,0.15741199254989624
63149.051385550905,0.15740500390529633
63149.11791594516,0.15739800035953522
63149.184446339415,0.15739500522613525
63149.250976733674,0.15738800168037415
63149.317507127926,0.157383993268013
63149.384037522184,0.15737700462341309
63149.45056791644,0.15737700462341309
63149.5170983107,0.15737299621105194
63149.58362870495,0.15737700462341309
63149.65015909921,0.15737999975681305
63149.71668949347,0.15737700462341309
63149.78321988772,0.15737000107765198
63149.84975028198,0.15737700462341309
63149.91628067624,0.157383993268013
63149.98281107049,0.15747299790382385
63150.04934146475,0.15759100019931793
63150.11587185901,0.15763799846172333
63150.18240225326,0.15766599774360657
63150.24893264752,0.157709002494812
63150.31546304178,0.1577489972114563
63150.38199343603,0.15778400003910065
63150.44852383029,0.15780599415302277
63150.51505422455,0.15783800184726715
63150.5815846188,0.15785999596118927
63150.64811501306,0.1578810065984726
63150.714645407315,0.15791000425815582
63150.78117580157,0.157941997051239
63150.847706195826,0.15795299410820007
63150.914236590084,0.15796799957752228
63150.980766984336,0.1579820066690445
63151.047297378595,0.15800000727176666
63151.11382777285,0.15800300240516663
63151.180358167105,0.15800300240516663
63151.24688856136,0.15801399946212769
63151.31341895562,0.1580290049314499
63151.379949349874,0.15803900361061096
63151.44647974413,0.15803900361061096
63151.51301013839,0.15803900361061096
63151.57954053264,0.15803200006484985
63151.6460709269,0.15803900361061096
63151.71260132116,0.15803200006484985
63151.77913171541,0.15802499651908875
63151.84566210967,0.1580359935760498
63151.91219250393,0.15802499651908875
63151.97872289818,0.15802499651908875
63152.04525329244,0.15803200006484985
63152.1117836867,0.15803900361061096
63152.17831408095,0.15803900361061096
63152.24484447521,0.15804700553417206
63152.31137486947,0.15805000066757202
63152.37790526372,0.1580429971218109
63152.44443565798,0.15801399946212769
63152.510966052236,0.15799599885940552
63152.57749644649,0.15800000727176666
63152.644026840746,0.1579889953136444
63152.710557235005,0.15799300372600555
63152.777087629256,0.15801100432872772
63152.843618023515,0.15800699591636658
63152.91014841777,0.15800699591636658
63152.97667881203,0.15801799297332764
63153.043209206284,0.15799300372600555
63153.10973960054,0.15799300372600555
63153.1762699948,0.1579820066690445
63153.24280038905,0.15796799957752228
63153.30933078331,0.15795999765396118
63153.37586117757,0.15796400606632233
63153.44239157182,0.15796799957752228
63153.50892196608,0.15795299410820007
63153.57545236034,0.15796799957752228
63153.64198275459,0.15795299410820007
63153.70851314885,0.1579499989748001
63153.77504354311,0.1579499989748001
63153.84157393736,0.1579499989748001
63153.90810433162,0.1579499989748001
63153.97463472588,0.15795299410820007
63154.04116512013,0.15793900191783905
63154.10769551439,0.15793199837207794
63154.174225908646,0.15793199837207794
63154.2407563029,0.15793199837207794
63154.307286697156,0.15793199837207794
63154.373817091415,0.157941997051239
63154.440347485666,0.15795999765396118
63154.506877879925,0.1579499989748001
63154.573408274184,0.1579499989748001
63154.639938668435,0.1579499989748001
63154.706469062694,0.15796799957752228
63154.77299945695,0.15796799957752228
63154.839529851204,0.15795700252056122
63154.90606024546,0.15795999765396118
63154.97259063972,0.1579499989748001
63155.03912103397,0.15795999765396118
63155.10565142823,0.15795700252056122
63155.17218182249,0.157941997051239
63155.23871221674,0.15794600546360016
63155.305242611,0.15794600546360016
63155.37177300526,0.157941997051239
63155.43830339951,0.15792399644851685
63155.50483379377,0.15793199837207794
63155.57136418803,0.15792100131511688
63155.63789458228,0.15792399644851685
63155.70442497654,0.1579499989748001
63155.7709553708,0.1579499989748001
63155.83748576505,0.1579349935054779
63155.90401615931,0.15794600546360016
63155.970546553566,0.15795299410820007
63156.03707694782,0.1579499989748001
63156.10360734208,0.15792399644851685
63156.170137736335,0.15785600244998932
63156.23666813059,0.15779200196266174
63156.303198524845,0.15775200724601746
63156.369728919104,0.1577489972114563
63156.436259313356,0.1577340066432953
63156.502789707614,0.15771600604057312
63156.56932010187,0.15772399306297302
63156.63585049613,0.1577340066432953
63156.70238089038,0.1577340066432953
63156.76891128464,0.1577489972114563
63156.8354416789,0.1577489972114563
63156.90197207315,0.15775200724601746
63156.96850246741,0.15774500370025635
63157.03503286167,0.15771999955177307
63157.10156325592,0.15771600604057312
63157.16809365018,0.1577019989490509
63157.23462404444,0.15768800675868988
63157.30115443869,0.15768100321292877
63157.36768483295,0.15768100321292877
63157.43421522721,0.157709002494812
63157.50074562146,0.15774500370025635
63157.56727601572,0.15775899589061737
63157.63380640998,0.15776699781417847
63157.70033680423,0.15776699781417847
63157.76686719849,0.15775200724601746
63157.833397592745,0.15775899589061737
63157.899927987,0.15778400003910065
63157.966458381256,0.15780599415302277
63158.032988775514,0.15782000124454498
63158.099519169766,0.15782000124454498
63158.166049564024,0.15779200196266174
63158.23257995828,0.1577489972114563
63158.299110352535,0.157709002494812
63158.36564074679,0.15768399834632874
63158.43217114105,0.15766599774360657
63158.4987015353,0.15767699480056763
63158.56523192956,0.1576630026102066
63158.63176232382,0.1576630026102066
63158.69829271807,0.1576479971408844
63158.76482311233,0.1576550006866455
63158.83135350659,0.1576630026102066
63158.89788390084,0.1576630026102066
63158.9644142951,0.1576630026102066
63159.03094468936,0.1576630026102066
63159.09747508361,0.1576630026102066
63159.16400547787,0.1576700061559677
63159.23053587213,0.15768100321292877
63159.29706626638,0.1576949954032898
63159.36359666064,0.15769100189208984
63159.4301270549,0.15768100321292877
63159.49665744915,0.15768100321292877
63159.56318784341,0.15768100321292877
63159.629718237666,0.15767699480056763
63159.69624863192,0.15768100321292877
63159.762779026176,0.1576630026102066
63159.829309420435,0.1576630026102066
63159.895839814686,0.1576630026102066
63159.962370208945,0.1576700061559677
63160.0289006032,0.15767699480056763
63160.09543099746,0.1576630026102066
63160.161961391714,0.15765899419784546
63160.22849178597,0.15765899419784546
63160.29502218023,0.15765899419784546
63160.36155257448,0.1576630026102066
63160.42808296874,0.1576630026102066
63160.494613363,0.15765200555324554
63160.56114375725,0.15764500200748444
63160.62767415151,0.15765200555324554
63160.69420454577,0.15764500200748444
63160.76073494002,0.15764500200748444
63160.82726533428,0.1576479971408844
63160.89379572854,0.15763400495052338
63160.96032612279,0.15762700140476227
63161.02685651705,0.15761299431324005
63161.09338691131,0.1576090008020401
63161.15991730556,0.1576160043478012
63161.22644769982,0.1576090008020401
63161.292978094076,0.1576090008020401
63161.35950848833,0.15761299431324005
63161.426038882586,0.15759800374507904
63161.492569276845,0.1575700044631958
63161.559099671096,0.15755900740623474
63161.625630065355,0.1575549989938736
63161.692160459614,0.1575479954481125
63161.758690853865,0.1575549989938736
63161.825221248124,0.15755200386047363
63161.89175164238,0.1575479954481125
63161.958282036634,0.15753699839115143
63162.02481243089,0.15751999616622925
63162.09134282515,0.15751199424266815
63162.1578732194,0.15749800205230713
63162.22440361366,0.15749500691890717
63162.29093400792,0.15748700499534607
63162.35746440217,0.15748000144958496
63162.42399479643,0.15748000144958496
63162.49052519069,0.15746599435806274
63162.55705558494,0.157477006316185
63162.6235859792,0.15749099850654602
63162.69011637346,0.1574839949607849
63162.75664676771,0.1574839949607849
63162.82317716197,0.15748000144958496
63162.88970755623,0.15747299790382385
63162.95623795048,0.157477006316185
63163.02276834474,0.1574839949607849
63163.089298738996,0.15749800205230713
63163.15582913325,0.15750199556350708
63163.222359527506,0.15750199556350708
63163.288889921765,0.15750500559806824
63163.35542031602,0.15750199556350708
63163.421950710275,0.15751199424266815
63163.488481104534,0.15751999616622925
63163.555011498785,0.15752699971199036
63163.621541893044,0.15755200386047363
63163.6880722873,0.1575549989938736
63163.75460268156,0.1575630009174347
63163.82113307581,0.15758399665355682
63163.88766347007,0.15759100019931793
63163.95419386433,0.15759800374507904
63164.02072425858,0.1576090008020401
63164.08725465284,0.15762700140476227
63164.1537850471,0.15762700140476227
63164.22031544135,0.15763799846172333
63164.28684583561,0.15764500200748444
63164.35337622987,0.15764500200748444
63164.41990662412,0.1576409935951233
63164.48643701838,0.15763400495052338
63164.55296741264,0.15762999653816223
63164.61949780689,0.15763799846172333
63164.68602820115,0.1576409935951233
63164.752558595406,0.15763400495052338
63164.81908898966,0.1576409935951233
63164.88561938392,0.15764500200748444
63164.952149778175,0.15764500200748444
63165.01868017243,0.15765200555324554
63165.085210566685,0.15764500200748444
63165.151740960944,0.15762999653816223
63165.218271355196,0.15762700140476227
63165.284801749454,0.15762700140476227
63165.35133214371,0.15762700140476227
63165.417862537965,0.15762700140476227
63165.48439293222,0.1576090008020401
63165.55092332648,0.1576090008020401
63165.61745372073,0.15759800374507904
63165.68398411499,0.15759100019931793
63165.75051450925,0.15757699310779572
63165.8170449035,0.15757299959659576
63165.88357529776,0.15757299959659576
63165.95010569202,0.1575630009174347
63166.01663608627,0.1575630009174347
63166.08316648053,0.15757299959659576
63166.14969687479,0.1575700044631958
63166.21622726904,0.15755900740623474
63166.2827576633,0.1575549989938736
63166.34928805756,0.15755200386047363
63166.41581845181,0.1575549989938736
63166.48234884607,0.1575479954481125
63166.54887924033,0.15753699839115143
63166.61540963458,0.15753699839115143
63166.68194002884,0.15754100680351257
63166.748470423096,0.15754100680351257
63166.81500081735,0.15755200386047363
63166.881531211606,0.1575549989938736
63166.948061605864,0.1575549989938736
63167.014592000116,0.15755900740623474
63167.081122394375,0.1575630009174347
63167.14765278863,0.15758399665355682
63167.21418318289,0.15759499371051788
63167.28071357714,0.1576090008020401
63167.3472439714,0.15761299431324005
63167.41377436566,0.15761999785900116
63167.48030475991,0.1576160043478012
63167.54683515417,0.15763400495052338
63167.61336554843,0.1576479971408844
63167.67989594268,0.1576479971408844
63167.74642633694,0.1576630026102066
63167.8129567312,0.1576630026102066
63167.87948712545,0.1576630026102066
63167.94601751971,0.1576630026102066
63168.01254791397,0.1576630026102066
63168.07907830822,0.15767699480056763
63168.14560870248,0.15769100189208984
63168.21213909674,0.1577019989490509
63168.27866949099,0.157709002494812
63168.34519988525,0.15771600604057312
63168.411730279506,0.15771600604057312
63168.47826067376,0.15771600604057312
63168.544791068016,0.15771600604057312
63168.611321462275,0.15771600604057312
63168.677851856526,0.15772700309753418
63168.744382250785,0.1577340066432953
63168.81091264504,0.1577340066432953
63168.877443039295,0.1577340066432953
63168.943973433554,0.15773800015449524
63169.01050382781,0.1577560007572174
63169.077034222064,0.15776999294757843
63169.14356461632,0.15776699781417847
63169.21009501058,0.15777400135993958
63169.27662540483,0.15776699781417847
63169.34315579909,0.15776999294757843
63169.40968619335,0.15776999294757843
63169.4762165876,0.15775200724601746
63169.54274698186,0.15775200724601746
63169.60927737612,0.15776699781417847
63169.67580777037,0.15776999294757843
63169.74233816463,0.15777400135993958
63169.80886855889,0.15778400003910065
63169.87539895314,0.1577879935503006
63169.9419293474,0.15779200196266174
63170.00845974166,0.1577879935503006
63170.07499013591,0.1577879935503006
63170.14152053017,0.1577879935503006
63170.208050924426,0.15780200064182281
63170.27458131868,0.1577949970960617
63170.341111712936,0.1577949970960617
63170.407642107195,0.15779200196266174
63170.47417250145,0.1577879935503006
63170.540702895705,0.1577879935503006
63170.607233289964,0.15780200064182281
63170.673763684215,0.15779200196266174
63170.740294078474,0.15779900550842285
63170.80682447273,0.15779900550842285
63170.87335486699,0.1578100025653839
63170.93988526124,0.15781700611114502
63171.0064156555,0.15781700611114502
63171.07294604976,0.15781700611114502
63171.13947644401,0.15781700611114502
63171.20600683827,0.1578100025653839
63171.27253723253,0.15781299769878387
63171.33906762678,0.15782000124454498
63171.40559802104,0.1578100025653839
63171.4721284153,0.15782399475574493
63171.53865880955,0.15782399475574493
63171.60518920381,0.15782399475574493
63171.67171959807,0.15782399475574493
63171.73824999232,0.15782399475574493
63171.80478038658,0.15783099830150604
63171.871310780836,0.15783800184726715
63171.93784117509,0.15783099830150604
63172.00437156935,0.1578419953584671
63172.070901963605,0.15785300731658936
63172.13743235786,0.1578419953584671
63172.203962752115,0.1578419953584671
63172.270493146374,0.15785600244998932
63172.337023540626,0.15785999596118927
63172.403553934884,0.15785999596118927
63172.47008432914,0.15786300599575043
63172.536614723394,0.15787099301815033
63172.60314511765,0.1578740030527115
63172.66967551191,0.15787799656391144
63172.73620590616,0.1578959971666336
63172.80273630042,0.15791000425815582
63172.86926669468,0.15791399776935577
63172.93579708893,0.15792100131511688
63173.00232748319,0.15792399644851685
63173.06885787745,0.15794600546360016
63173.1353882717,0.1579499989748001
63173.20191866596,0.15795299410820007
63173.26844906022,0.15795999765396118
63173.33497945447,0.15797099471092224
63173.40150984873,0.15797799825668335
63173.46804024299,0.15798500180244446
63173.53457063724,0.15798500180244446
63173.6011010315,0.15798500180244446
63173.66763142576,0.1579889953136444
63173.73416182001,0.15800300240516663
63173.80069221427,0.15800300240516663
63173.867222608525,0.15801399946212769
63173.93375300278,0.1580210030078888
63174.000283397036,0.15802499651908875
63174.066813791294,0.1580210030078888
63174.133344185546,0.1580290049314499
63174.199874579805,0.1580359935760498
63174.26640497406,0.15803900361061096
63174.332935368315,0.15803900361061096
63174.39946576257,0.1580359935760498
63174.46599615683,0.15803900361061096
63174.53252655109,0.1580680012702942
63174.59905694534,0.15806500613689423
63174.6655873396,0.15805700421333313
63174.73211773386,0.15806500613689423
63174.79864812811,0.15807199478149414
63174.86517852237,0.1580680012702942
63174.93170891663,0.15807199478149414
63174.99823931088,0.15806500613689423
63175.06476970514,0.15805700421333313
63175.1313000994,0.15805399417877197
63175.19783049365,0.15806500613689423
63175.26436088791,0.1580680012702942
63175.33089128217,0.1580750048160553
63175.39742167642,0.1580830067396164
63175.46395207068,0.1580750048160553
63175.530482464936,0.1580750048160553
63175.59701285919,0.1580750048160553
63175.663543253446,0.1580830067396164
63175.730073647705,0.15809300541877747
63175.796604041956,0.15810799598693848
63175.863134436215,0.15811100602149963
63175.92966483047,0.15810799598693848
63175.996195224725,0.15811499953269958
63176.062725618984,0.15811100602149963
63176.12925601324,0.15811100602149963
63176.195786407494,0.15811499953269958
63176.26231680175,0.15811899304389954
63176.32884719601,0.15813300013542175
63176.39537759026,0.1581439971923828
63176.46190798452,0.1581439971923828
63176.52843837878,0.15814700722694397
63176.59496877303,0.15815100073814392
63176.66149916729,0.15815100073814392
63176.72802956155,0.15814700722694397
63176.7945599558,0.15814000368118286
63176.86109035006,0.1581439971923828
63176.92762074432,0.15814700722694397
63176.99415113857,0.1581439971923828
63177.06068153283,0.15814700722694397
63177.12721192709,0.1581439971923828
63177.19374232134,0.1581369936466217
63177.2602727156,0.1581369936466217
63177.326803109856,0.15814700722694397
63177.39333350411,0.15815100073814392
63177.459863898366,0.15814700722694397
63177.526394292625,0.15814700722694397
63177.592924686876,0.15814700722694397
63177.659455081135,0.1581369936466217
63177.725985475394,0.15814700722694397
63177.792515869645,0.1581369936466217
63177.859046263904,0.15813300013542175
63177.92557665816,0.15813300013542175
63177.99210705242,0.1581290066242218
63178.05863744667,0.15814000368118286
63178.12516784093,0.1581369936466217
63178.19169823519,0.1581290066242218
63178.25822862944,0.15813300013542175
63178.3247590237,0.15813300013542175
63178.39128941796,0.1581290066242218
63178.45781981221,0.1581290066242218
63178.52435020647,0.1581369936466217
63178.59088060073,0.15814000368118286
63178.65741099498,0.1581290066242218
63178.72394138924,0.1581369936466217
63178.7904717835,0.15814700722694397
63178.85700217775,0.15814700722694397
63178.92353257201,0.15815100073814392
63178.990062966266,0.15816499292850494
63179.05659336052,0.1581690013408661
63179.123123754776,0.15817999839782715
63179.189654149035,0.1581760048866272
63179.25618454329,0.1581760048866272
63179.322714937545,0.15817999839782715
63179.389245331804,0.1581760048866272
63179.455775726055,0.1581829935312271
63179.522306120314,0.1581760048866272
63179.58883651457,0.15817999839782715
63179.655366908824,0.1581829935312271
63179.72189730308,0.15817299485206604
63179.78842769734,0.15817999839782715
63179.85495809159,0.1581829935312271
63179.92148848585,0.1581829935312271
63179.98801888011,0.15817999839782715
63180.05454927436,0.1581760048866272
63180.12107966862,0.1581829935312271
63180.18761006288,0.1581829935312271
63180.25414045713,0.1581829935312271
63180.32067085139,0.1581829935312271
63180.38720124565,0.1581829935312271
63180.4537316399,0.1581909954547882
63180.52026203416,0.15820099413394928
63180.58679242842,0.15820899605751038
63180.65332282267,0.15821899473667145
63180.71985321693,0.1582379937171936
63180.78638361119,0.1582300066947937
63180.85291400544,0.15821899473667145
63180.9194443997,0.15821200609207153
63180.985974793955,0.15820500254631042
63181.05250518821,0.15821200609207153
63181.119035582466,0.15821899473667145
63181.185565976724,0.15822699666023254
63181.252096370976,0.15824100375175476
63181.318626765235,0.1582379937171936
63181.38515715949,0.15823400020599365
63181.451687553745,0.1582379937171936
63181.518217948,0.15825599431991577
63181.58474834226,0.15825200080871582
63181.65127873652,0.1582449972629547
63181.71780913077,0.15823400020599365
63181.78433952503,0.15821899473667145
63181.85086991929,0.15821899473667145
63181.91740031354,0.15821899473667145
63181.9839307078,0.15821899473667145
63182.05046110206,0.15821899473667145
63182.11699149631,0.15821599960327148
63182.18352189057,0.15821899473667145
63182.25005228483,0.15821899473667145
63182.31658267908,0.15821200609207153
63182.38311307334,0.15821200609207153
63182.4496434676,0.15821200609207153
63182.51617386185,0.15820500254631042
63182.58270425611,0.15820099413394928
63182.649234650366,0.15820099413394928
63182.71576504462,0.15820099413394928
63182.782295438876,0.15820899605751038
63182.848825833134,0.15821899473667145
63182.915356227386,0.15821899473667145
63182.981886621645,0.15821599960327148
63183.0484170159,0.15821899473667145
63183.114947410155,0.1582379937171936
63183.18147780441,0.1582379937171936
63183.24800819867,0.15821899473667145
63183.314538592924,0.15821899473667145
63183.38106898718,0.15821200609207153
63183.44759938144,0.15821899473667145
63183.51412977569,0.15821899473667145
63183.58066016995,0.15821899473667145
63183.64719056421,0.15820099413394928
63183.71372095846,0.15820099413394928
63183.78025135272,0.15820099413394928
63183.84678174698,0.15820099413394928
63183.91331214123,0.15820899605751038
63183.97984253549,0.15819799900054932
63184.04637292975,0.15820099413394928
63184.112903324,0.15819799900054932
63184.17943371826,0.15820099413394928
63184.24596411252,0.15820099413394928
63184.31249450677,0.15820500254631042
63184.37902490103,0.15820500254631042
63184.445555295286,0.15820899605751038
63184.51208568954,0.15820099413394928
63184.578616083796,0.15821200609207153
63184.645146478055,0.15821599960327148
63184.711676872306,0.15820899605751038
63184.778207266565,0.15820099413394928
63184.844737660824,0.15819799900054932
63184.911268055075,0.15820099413394928
63184.977798449334,0.15819400548934937
63185.04432884359,0.1581909954547882
63185.110859237844,0.1581909954547882
63185.1773896321,0.15817999839782715
63185.24392002636,0.15818700194358826
63185.31045042062,0.1581829935312271
63185.37698081487,0.15817999839782715
63185.44351120913,0.15816499292850494
63185.51004160339,0.15816499292850494
63185.57657199764,0.15815499424934387
63185.6431023919,0.15814700722694397
63185.70963278616,0.15814700722694397
63185.77616318041,0.15813300013542175
63185.84269357467,0.15812599658966064
63185.90922396893,0.1581290066242218
63185.97575436318,0.1581290066242218
63186.04228475744,0.15811899304389954
63186.108815151696,0.15811899304389954
63186.17534554595,0.15810400247573853
63186.241875940206,0.15809300541877747
63186.308406334465,0.15809699892997742
63186.37493672872,0.15809699892997742
63186.441467122975,0.15811100602149963
63186.507997517234,0.15810799598693848
63186.574527911485,0.15810100734233856
63186.641058305744,0.15810400247573853
63186.7075887,0.15809300541877747
63186.774119094254,0.1580899953842163
63186.84064948851,0.15807899832725525
63186.90717988277,0.15807199478149414
63186.97371027702,0.15806500613689423
63187.04024067128,0.1580680012702942
63187.10677106554,0.1580830067396164
63187.17330145979,0.15808600187301636
63187.23983185405,0.1580680012702942
63187.30636224831,0.15805700421333313
63187.37289264256,0.15805700421333313
63187.43942303682,0.15805700421333313
63187.50595343108,0.15805700421333313
63187.57248382533,0.15804700553417206
63187.63901421959,0.15803900361061096
63187.70554461385,0.15803900361061096
63187.7720750081,0.1580429971218109
63187.83860540236,0.15803900361061096
63187.90513579662,0.15803900361061096
63187.97166619087,0.15805000066757202
63188.03819658513,0.15803200006484985
63188.104726979385,0.1580359935760498
63188.17125737364,0.15803900361061096
63188.237787767895,0.15805399417877197
63188.304318162154,0.15805700421333313
63188.370848556406,0.15806099772453308
63188.437378950664,0.1580680012702942
63188.50390934492,0.15805399417877197
63188.570439739175,0.1580429971218109
63188.63697013343,0.15805000066757202
63188.70350052769,0.15805700421333313
63188.77003092195,0.15805000066757202
63188.8365613162,0.15805700421333313
63188.90309171046,0.15805000066757202
63188.96962210472,0.1580429971218109
63189.03615249897,0.15805700421333313
63189.10268289323,0.15805700421333313
63189.16921328749,0.1580750048160553
63189.23574368174,0.1580680012702942
63189.302274076,0.1580680012702942
63189.36880447026,0.1580750048160553
63189.43533486451,0.1580680012702942
63189.50186525877,0.15805700421333313
63189.56839565303,0.15804700553417206
63189.63492604728,0.15803900361061096
63189.70145644154,0.15805000066757202
63189.767986835795,0.15804700553417206
63189.83451723005,0.15803900361061096
63189.901047624306,0.15803900361061096
63189.967578018564,0.15803900361061096
63190.034108412816,0.15803900361061096
63190.100638807075,0.15803200006484985
63190.16716920133,0.15802499651908875
63190.233699595585,0.15802499651908875
63190.30022998984,0.1580210030078888
63190.3667603841,0.15801100432872772
63190.433290778354,0.15801100432872772
63190.49982117261,0.15800699591636658
63190.56635156687,0.15800300240516663
63190.63288196112,0.15800300240516663
63190.69941235538,0.15800000727176666
63190.76594274964,0.15799300372600555
63190.83247314389,0.1579889953136444
63190.89900353815,0.1579889953136444
63190.96553393241,0.15800000727176666
63191.03206432666,0.15797799825668335
63191.09859472092,0.15797099471092224
63191.16512511518,0.15796799957752228
63191.23165550943,0.15796799957752228
63191.29818590369,0.15797099471092224
63191.36471629795,0.15797099471092224
63191.4312466922,0.15796799957752228
63191.49777708646,0.15796799957752228
63191.564307480716,0.15796400606632233
63191.63083787497,0.15796799957752228
63191.697368269226,0.15795299410820007
63191.763898663485,0.1579499989748001
63191.830429057736,0.1579499989748001
63191.896959451995,0.157941997051239
63191.963489846254,0.15793900191783905
63192.030020240505,0.15793900191783905
63192.096550634764,0.15791699290275574
63192.16308102902,0.15790599584579468
63192.229611423274,0.15791399776935577
63192.29614181753,0.15791000425815582
63192.36267221179,0.15789900720119476
63192.42920260605,0.1578959971666336
63192.4957330003,0.15789900720119476
63192.56226339456,0.15789200365543365
63192.62879378882,0.15788500010967255
63192.69532418307,0.1578810065984726
63192.76185457733,0.15787799656391144
63192.82838497159,0.1578810065984726
63192.89491536584,0.15786300599575043
63192.9614457601,0.15785300731658936
63193.02797615436,0.15785999596118927
63193.09450654861,0.15785999596118927
63193.16103694287,0.15785300731658936
63193.227567337126,0.15785999596118927
63193.29409773138,0.15784500539302826
63193.360628125636,0.15783800184726715
63193.427158519895,0.15782800316810608
63193.493688914146,0.15782800316810608
63193.560219308405,0.15781700611114502
63193.626749702664,0.15781299769878387
63193.693280096915,0.15780599415302277
63193.759810491174,0.15779900550842285
63193.82634088543,0.15779900550842285
63193.892871279684,0.15780599415302277
63193.95940167394,0.1577879935503006
63194.0259320682,0.15777699649333954
63194.09246246245,0.15778400003910065
63194.15899285671,0.15778100490570068
63194.22552325097,0.15776999294757843
63194.29205364522,0.15776999294757843
63194.35858403948,0.15776999294757843
63194.42511443374,0.15776999294757843
63194.49164482799,0.15776300430297852
63194.55817522225,0.15774500370025635
63194.62470561651,0.1577409952878952
63194.69123601076,0.15775200724601746
63194.75776640502,0.1577489972114563
63194.82429679928,0.1577340066432953
63194.89082719353,0.15772399306297302
63194.95735758779,0.15771600604057312
63195.023887982046,0.15771600604057312
63195.0904183763,0.15771299600601196
63195.15694877056,0.15771600604057312
63195.223479164815,0.15771299600601196
63195.29000955907,0.15769800543785095
63195.356539953325,0.15769800543785095
63195.423070347584,0.15769100189208984
63195.489600741836,0.15768800675868988
63195.556131136094,0.15768800675868988
63195.62266153035,0.15767699480056763
63195.689191924605,0.15766599774360657
63195.75572231886,0.1576630026102066
63195.82225271312,0.1576630026102066
63195.88878310738,0.1576550006866455
63195.95531350163,0.15765899419784546
63196.02184389589,0.1576550006866455
63196.08837429015,0.1576479971408844
63196.1549046844,0.15764500200748444
63196.22143507866,0.15763400495052338
63196.28796547292,0.15761999785900116
63196.35449586717,0.15761299431324005
63196.42102626143,0.15761299431324005
63196.48755665569,0.1576090008020401
63196.55408704994,0.1576090008020401
63196.6206174442,0.15759800374507904
63196.68714783846,0.15758000314235687
63196.75367823271,0.15758000314235687
63196.82020862697,0.15757299959659576
63196.886739021225,0.15755900740623474
63196.95326941548,0.1575479954481125
63197.019799809736,0.15753699839115143
63197.086330203994,0.15753699839115143
63197.152860598246,0.15753400325775146
63197.219390992504,0.15753699839115143
63197.28592138676,0.15751999616622925
63197.352451781015,0.1575089991092682
63197.41898217527,0.15749500691890717
63197.48551256953,0.1574839949607849
63197.55204296378,0.1574839949607849
63197.61857335804,0.15749500691890717
63197.6851037523,0.157477006316185
63197.75163414655,0.15745900571346283
63197.81816454081,0.15744799375534058
63197.88469493507,0.15744799375534058
63197.95122532932,0.15744799375534058
63198.01775572358,0.15743400156497955
63198.08428611784,0.15740899741649628
63198.15081651209,0.15740899741649628
63198.21734690635,0.15739500522613525
63198.28387730061,0.15739500522613525
63198.35040769486,0.1573909968137741
63198.41693808912,0.157383993268013
63198.48346848338,0.15737700462341309
63198.54999887763,0.15737700462341309
63198.61652927189,0.15737700462341309
63198.683059666146,0.15735900402069092
63198.7495900604,0.1573520004749298
63198.816120454656,0.1573520004749298
63198.882650848915,0.15732699632644653
63198.949181243166,0.15732300281524658
63199.015711637425,0.15731999278068542
63199.08224203168,0.15732300281524658
63199.148772425935,0.1573130041360855
63199.215302820194,0.1573060005903244
63199.28183321445,0.15729500353336334
63199.348363608704,0.1573060005903244
63199.41489400296,0.1572909951210022
63199.48142439722,0.15728799998760223
63199.54795479148,0.1572979986667633
63199.61448518573,0.15729500353336334
63199.68101557999,0.15727299451828003
63199.74754597425,0.15728400647640228
63199.8140763685,0.15726999938488007
63199.88060676276,0.15726299583911896
63199.94713715702,0.157259002327919
63200.01366755127,0.157259002327919
63200.08019794553,0.15725600719451904
63200.14672833979,0.15726299583911896
63200.21325873404,0.1572519987821579
63200.2797891283,0.1572519987821579
63200.346319522556,0.15724800527095795
63200.41284991681,0.15722699463367462
63200.479380311066,0.15721599757671356
63200.545910705325,0.15721599757671356
63200.612441099576,0.15721599757671356
63200.678971493835,0.15721599757671356
63200.745501888094,0.15720200538635254
63200.812032282345,0.15719899535179138
63200.878562676604,0.15719500184059143
63200.94509307086,0.15717700123786926
63201.011623465114,0.15716999769210815
63201.07815385937,0.15716299414634705
63201.14468425363,0.15716299414634705
63201.21121464788,0.15716299414634705
63201.27774504214,0.15716299414634705
63201.3442754364,0.157151997089386
63201.41080583065,0.15714499354362488
63201.47733622491,0.15713800489902496
63201.54386661917,0.1571280062198639
63201.61039701342,0.1571280062198639
63201.67692740768,0.15711000561714172
63201.74345780194,0.15710599720478058
63201.80998819619,0.15709899365901947
63201.87651859045,0.1570959985256195
63201.94304898471,0.15708500146865845
63202.00957937896,0.15709200501441956
63202.07610977322,0.15708500146865845
63202.142640167476,0.15707099437713623
63202.20917056173,0.15705600380897522
63202.27570095599,0.15705600380897522
63202.342231350245,0.157041996717453
63202.4087617445,0.1570349931716919
63202.475292138755,0.15701699256896973
63202.541822533014,0.15702100098133087
63202.608352927266,0.15700699388980865
63202.674883321524,0.15702100098133087
63202.74141371578,0.1570100039243698
63202.807944110034,0.1570030003786087
63202.87447450429,0.15699300169944763
63202.94100489855,0.15698200464248657
63203.00753529281,0.15696799755096436
63203.07406568706,0.15696799755096436
63203.14059608132,0.1569640040397644
63203.20712647558,0.15695400536060333
63203.27365686983,0.1569499969482422
63203.34018726409,0.15693899989128113
63203.40671765835,0.15692900121212006
63203.4732480526,0.15692199766635895
63203.53977844686,0.15691499412059784
63203.60630884112,0.15691499412059784
63203.67283923537,0.15690700709819794
63203.73936962963,0.15689000487327576
63203.805900023886,0.1568859964609146
63203.87243041814,0.1568789929151535
63203.9389608124,0.15687499940395355
63204.005491206655,0.15686799585819244
63204.07202160091,0.15686799585819244
63204.138551995165,0.15686100721359253
63204.205082389424,0.15685099363327026
63204.271612783676,0.1568470001220703
63204.338143177934,0.15684400498867035
63204.40467357219,0.15685799717903137
63204.471203966445,0.1568329930305481
63204.5377343607,0.15682600438594818
63204.60426475496,0.15682199597358704
63204.67079514921,0.1567939966917038
63204.73732554347,0.15679000318050385
63204.80385593773,0.15679000318050385
63204.87038633198,0.15677300095558167
63204.93691672624,0.15677300095558167
63205.0034471205,0.1567690074443817
63205.06997751475,0.1567690074443817
63205.13650790901,0.1567620038986206
63205.20303830327,0.1567479968070984
63205.26956869752,0.15673699975013733
63205.33609909178,0.15673699975013733
63205.40262948604,0.15673699975013733
63205.46915988029,0.15674400329589844
63205.53569027455,0.15673699975013733
63205.60222066881,0.1567229926586151
63205.66875106306,0.15672700107097626
63205.73528145732,0.15671999752521515
63205.801811851576,0.15671999752521515
63205.86834224583,0.15671999752521515
63205.934872640086,0.15671299397945404
63206.001403034345,0.15669800341129303
63206.067933428596,0.15669099986553192
63206.134463822855,0.1566839963197708
63206.20099421711,0.15667399764060974
63206.267524611365,0.15668100118637085
63206.334055005624,0.1566700041294098
63206.40058539988,0.15666000545024872
63206.467115794134,0.15666000545024872
63206.53364618839,0.1566530019044876
63206.60017658265,0.15663500130176544
63206.66670697691,0.1566309928894043
63206.73323737116,0.15662400424480438
63206.79976776542,0.1566140055656433
63206.86629815968,0.15661700069904327
63206.93282855393,0.1566140055656433
63206.99935894819,0.1566140055656433
63207.06588934245,0.1566070020198822
63207.1324197367,0.15659600496292114
63207.19895013096,0.15659600496292114
63207.26548052522,0.1565849930047989
63207.33201091947,0.15657800436019897
63207.39854131373,0.15657499432563782
63207.465071707986,0.15655699372291565
63207.53160210224,0.15654300153255463
63207.598132496496,0.15654699504375458
63207.664662890755,0.15654000639915466
63207.731193285006,0.15652500092983246
63207.797723679265,0.1565220057964325
63207.86425407352,0.15651099383831024
63207.930784467775,0.15650799870491028
63207.997314862034,0.15649700164794922
63208.06384525629,0.1564899981021881
63208.130375650544,0.1564899981021881
63208.1969060448,0.1564760059118271
63208.26343643906,0.156482994556427
63208.32996683331,0.15647999942302704
63208.39649722757,0.15646199882030487
63208.46302762183,0.15645499527454376
63208.52955801608,0.15645499527454376
63208.59608841034,0.15644800662994385
63208.6626188046,0.15643399953842163
63208.72914919885,0.1564200073480606
63208.79567959311,0.1564200073480606
63208.86220998737,0.15641599893569946
63208.92874038162,0.15639899671077728
63208.99527077588,0.15638400614261627
63209.06180117014,0.156373992562294
63209.12833156439,0.15636999905109406
63209.19486195865,0.1563670039176941
63209.261392352906,0.15635299682617188
63209.32792274716,0.15632499754428864
63209.394453141416,0.15631799399852753
63209.460983535675,0.15631400048732758
63209.52751392993,0.15629999339580536
63209.594044324185,0.15630300343036652
63209.660574718444,0.1562959998846054
63209.727105112695,0.1562819927930832
63209.793635506954,0.15627500414848328
63209.86016590121,0.15627899765968323
63209.926696295464,0.1562650054693222
63209.99322668972,0.15627199411392212
63210.05975708398,0.1562580019235611
63210.12628747824,0.15624399483203888
63210.19281787249,0.15624000132083893
63210.25934826675,0.15623000264167786
63210.32587866101,0.1562120020389557
63210.39240905526,0.15620900690555573
63210.45893944952,0.15620499849319458
63210.52546984378,0.15620499849319458
63210.59200023803,0.15620499849319458
63210.65853063229,0.15619100630283356
63210.72506102655,0.1561730057001114
63210.7915914208,0.15616999566555023
63210.85812181506,0.1561730057001114
63210.924652209316,0.1561560034751892
63210.99118260357,0.15615199506282806
63211.05771299783,0.1561560034751892
63211.124243392085,0.15615199506282806
63211.19077378634,0.1561489999294281
63211.257304180595,0.156141996383667
63211.323834574854,0.15613099932670593
63211.390364969106,0.15612800419330597
63211.456895363364,0.15612100064754486
63211.52342575762,0.15611399710178375
63211.589956151875,0.15609599649906158
63211.65648654613,0.1561030000448227
63211.72301694039,0.15610000491142273
63211.78954733464,0.1560859978199005
63211.8560777289,0.15606799721717834
63211.92260812316,0.15606099367141724
63211.98913851741,0.15606500208377838
63212.05566891167,0.15605400502681732
63212.12219930593,0.156032994389534
63212.18872970018,0.156032994389534
63212.25526009444,0.15601499378681183
63212.3217904887,0.15602600574493408
63212.38832088295,0.15602999925613403
63212.45485127721,0.15601499378681183
63212.52138167147,0.15601199865341187
63212.58791206572,0.1560010015964508
63212.65444245998,0.15598000586032867
63212.72097285424,0.15597699582576752
63212.78750324849,0.1559630036354065
63212.85403364275,0.15595899522304535
63212.920564037006,0.15594500303268433
63212.98709443126,0.15593500435352325
63213.053624825516,0.15594199299812317
63213.120155219774,0.15592099726200104
63213.186685614026,0.15592800080776215
63213.253216008285,0.1559240072965622
63213.31974640254,0.15591399371623993
63213.386276796795,0.15589599311351776
63213.45280719105,0.1558929979801178
63213.51933758531,0.1558859944343567
63213.585867979564,0.1558859944343567
63213.65239837382,0.1558859944343567
63213.71892876808,0.15587200224399567
63213.78545916234,0.15586799383163452
63213.85198955659,0.1558610051870346
63213.91851995085,0.15585100650787354
63213.98505034511,0.1558299958705902
63214.05158073936,0.1558230072259903
63214.11811113362,0.15580500662326813
63214.18464152788,0.15580500662326813
63214.25117192213,0.15580500662326813
63214.31770231639,0.15579800307750702
63214.38423271065,0.15578800439834595
63214.4507631049,0.15577100217342377
63214.51729349916,0.15577100217342377
63214.583823893416,0.15577100217342377
63214.65035428767,0.1557530015707016
63214.716884681926,0.15575000643730164
63214.783415076185,0.15573899447917938
63214.849945470436,0.15573599934577942
63214.916475864695,0.1557289958000183
63214.98300625895,0.15571799874305725
63215.049536653205,0.15571799874305725
63215.116067047464,0.15571799874305725
63215.18259744172,0.15570400655269623
63215.249127835974,0.15569700300693512
63215.31565823023,0.1556829959154129
63215.38218862449,0.1556829959154129
63215.44871901874,0.15566900372505188
63215.515249413,0.1556829959154129
63215.58177980726,0.15568700432777405
63215.64831020151,0.15567299723625183
63215.71484059577,0.15566599369049072
63215.78137099003,0.15566200017929077
63215.84790138428,0.1556590050458908
63215.91443177854,0.15564799308776855
63215.9809621728,0.1556449979543686
63216.04749256705,0.15564799308776855
63216.11402296131,0.15563799440860748
63216.18055335557,0.15563100576400757
63216.24708374982,0.15562400221824646
63216.31361414408,0.1556130051612854
63216.380144538336,0.15562699735164642
63216.44667493259,0.15561699867248535
63216.513205326846,0.15562400221824646
63216.579735721105,0.1556130051612854
63216.64626611536,0.15562400221824646
63216.712796509615,0.15562400221824646
63216.779326903874,0.15560300648212433
63216.845857298125,0.15559600293636322
63216.912387692384,0.155581995844841
63216.97891808664,0.15557900071144104
63217.045448480894,0.15557900071144104
63217.11197887515,0.15557900071144104
63217.17850926941,0.15557199716567993
63217.24503966367,0.15555399656295776
63217.31157005792,0.15556100010871887
63217.37810045218,0.1555580049753189
63217.44463084644,0.15554699301719666
63217.51116124069,0.15554000437259674
63217.57769163495,0.15552599728107452
63217.64422202921,0.1555120050907135
63217.71075242346,0.15550899505615234
63217.77728281772,0.1555050015449524
63217.84381321198,0.15550899505615234
63217.91034360623,0.15549500286579132
63217.97687400049,0.15549099445343018
63218.043404394746,0.15549099445343018
63218.109934789,0.15549099445343018
63218.17646518326,0.1554809957742691
63218.242995577515,0.1554740071296692
63218.30952597177,0.155457004904747
63218.376056366025,0.15546700358390808
63218.442586760284,0.15546000003814697
63218.509117154535,0.1554500013589859
63218.575647548794,0.15543900430202484
63218.64217794305,0.15543599426746368
63218.708708337304,0.15542900562286377
63218.77523873156,0.15542499721050262
63218.84176912582,0.15542499721050262
63218.90829952007,0.15542200207710266
63218.97482991433,0.15541799366474152
63219.04136030859,0.1554110050201416
63219.10789070284,0.1554040014743805
63219.1744210971,0.1554040014743805
63219.24095149136,0.15542200207710266
63219.30748188561,0.15542200207710266
63219.37401227987,0.15542200207710266
63219.44054267413,0.15542200207710266
63219.50707306838,0.15542200207710266
63219.57360346264,0.1554110050201416
63219.6401338569,0.1554040014743805
63219.70666425115,0.15540799498558044
63219.77319464541,0.15540799498558044
63219.83972503967,0.15541799366474152
63219.90625543392,0.15543200075626373
63219.97278582818,0.15542499721050262
63220.039316222435,0.15542200207710266
63220.10584661669,0.15542200207710266
63220.172377010946,0.15542499721050262
63220.238907405204,0.15542499721050262
63220.305437799456,0.15542499721050262
63220.371968193715,0.15541799366474152
63220.43849858797,0.15542200207710266
63220.505028982225,0.15542200207710266
63220.57155937648,0.15540799498558044
63220.63808977074,0.1554040014743805
63220.704620164994,0.15540799498558044
63220.77115055925,0.15540799498558044
63220.83768095351,0.1554040014743805
63220.90421134777,0.15540100634098053
63220.97074174202,0.15539400279521942
63221.03727213628,0.15539099276065826
63221.10380253054,0.15539099276065826
63221.17033292479,0.1553730070590973
63221.23686331905,0.15537700057029724
63221.30339371331,0.1553730070590973
63221.36992410756,0.1553560048341751
63221.43645450182,0.15535199642181396
63221.50298489608,0.15533100068569183
63221.56951529033,0.15532100200653076
63221.63604568459,0.1553180068731308
63221.702576078846,0.15531399846076965
63221.7691064731,0.1553180068731308
63221.835636867356,0.15531399846076965
63221.902167261615,0.15530699491500854
63221.968697655866,0.15530000627040863
63222.035228050125,0.15530000627040863
63222.10175844438,0.1552859991788864
63222.168288838635,0.1552720069885254
63222.234819232894,0.15526500344276428
63222.30134962715,0.15526199340820312
63222.367880021404,0.15526199340820312
63222.43441041566,0.1552480012178421
63222.50094080992,0.1552480012178421
63222.56747120417,0.15523800253868103
63222.63400159843,0.15521299839019775
63222.70053199269,0.15521299839019775
63222.76706238694,0.1552100032567978
63222.8335927812,0.15521299839019775
63222.90012317546,0.15520599484443665
63222.96665356971,0.15519599616527557
63223.03318396397,0.1551859974861145
63223.09971435823,0.1551789939403534
63223.16624475248,0.15518200397491455
63223.23277514674,0.1551789939403534
63223.299305541,0.15516500174999237
63223.36583593525,0.15516799688339233
63223.43236632951,0.15516099333763123
63223.498896723766,0.15516099333763123
63223.56542711802,0.1551540046930313
63223.631957512276,0.15515099465847015
63223.698487906535,0.15514099597930908
63223.765018300786,0.15512700378894806
63223.831548695045,0.1551090031862259
63223.898079089304,0.15510199964046478
63223.964609483555,0.1551090031862259
63224.031139877814,0.15509599447250366
63224.09767027207,0.15508900582790375
63224.164200666324,0.1550920009613037
63224.23073106058,0.15508200228214264
63224.29726145484,0.15507100522518158
63224.3637918491,0.15507100522518158
63224.43032224335,0.15505099296569824
63224.49685263761,0.1550469994544983
63224.56338303187,0.15503700077533722
63224.62991342612,0.15503700077533722
63224.69644382038,0.155022993683815
63224.76297421464,0.155022993683815
63224.82950460889,0.155022993683815
63224.89603500315,0.15501900017261505
63224.96256539741,0.15500600636005402
63225.02909579166,0.15500600636005402
63225.09562618592,0.15500600636005402
63225.162156580176,0.15500600636005402
63225.22868697443,0.15498800575733185
63225.295217368686,0.15498800575733185
63225.361747762945,0.15498100221157074
63225.4282781572,0.15497800707817078
63225.494808551455,0.15497100353240967
63225.561338945714,0.15496699512004852
63225.627869339965,0.1549540013074875
63225.694399734224,0.1549610048532486
63225.76093012848,0.1549610048532486
63225.827460522734,0.1549610048532486
63225.89399091699,0.1549540013074875
63225.96052131125,0.15494999289512634
63226.0270517055,0.15494999289512634
63226.09358209976,0.15493600070476532
63226.16011249402,0.15493600070476532
63226.22664288827,0.15491899847984314
63226.29317328253,0.15491899847984314
63226.35970367679,0.15490899980068207
63226.42623407104,0.15490500628948212
63226.4927644653,0.15490500628948212
63226.55929485956,0.15490899980068207
63226.62582525381,0.15489499270915985
63226.69235564807,0.154898002743721
63226.75888604233,0.154898002743721
63226.82541643658,0.15488800406455994
63226.89194683084,0.15488100051879883
63226.9584772251,0.1548669934272766
63227.02500761935,0.1548600047826767
63227.09153801361,0.15485699474811554
63227.158068407865,0.15486399829387665
63227.22459880212,0.15484300255775452
63227.291129196376,0.15483300387859344
63227.357659590634,0.15483300387859344
63227.424189984886,0.15483300387859344
63227.490720379144,0.15483300387859344
63227.5572507734,0.15483300387859344
63227.623781167655,0.15483300387859344
63227.69031156191,0.1548289954662323
63227.75684195617,0.15481899678707123
63227.82337235042,0.15481500327587128
63227.88990274468,0.15481199324131012
63227.95643313894,0.15480899810791016
63228.0229635332,0.1548050045967102
63228.08949392745,0.154790997505188
63228.15602432171,0.15478399395942688
63228.22255471597,0.15478399395942688
63228.28908511022,0.1547739952802658
63228.35561550448,0.1547670066356659
63228.42214589874,0.15476399660110474
63228.48867629299,0.15476000308990479
63228.55520668725,0.15476399660110474
63228.62173708151,0.15476000308990479
63228.68826747576,0.15476000308990479
63228.75479787002,0.15476000308990479
63228.821328264276,0.15475299954414368
63228.88785865853,0.1547500044107437
63228.954389052786,0.15474599599838257
63229.020919447044,0.15474599599838257
63229.087449841296,0.1547500044107437
63229.153980235555,0.1547500044107437
63229.22051062981,0.15474000573158264
63229.287041024065,0.1547359973192215
63229.35357141832,0.15472599864006042
63229.42010181258,0.15472200512886047
63229.486632206834,0.15471899509429932
63229.55316260109,0.15472200512886047
63229.61969299535,0.1547050029039383
63229.6862233896,0.1547120064496994
63229.75275378386,0.1547120064496994
63229.81928417812,0.1547120064496994
63229.88581457237,0.15469500422477722
63229.95234496663,0.15470899641513824
63230.01887536089,0.15470899641513824
63230.08540575514,0.15469500422477722
63230.1519361494,0.15469500422477722
63230.21846654366,0.15468400716781616
63230.28499693791,0.15468400716781616
63230.35152733217,0.15468400716781616
63230.41805772643,0.15467800199985504
63230.48458812068,0.15467800199985504
63230.55111851494,0.15467800199985504
63230.617648909196,0.1546739935874939
63230.68417930345,0.15467800199985504
63230.750709697706,0.1546739935874939
63230.817240091965,0.15467099845409393
63230.883770486216,0.15465299785137177
63230.950300880475,0.15463300049304962
63231.016831274734,0.1546259969472885
63231.083361668985,0.1546259969472885
63231.149892063244,0.1546259969472885
63231.2164224575,0.15462200343608856
63231.282952851754,0.15462200343608856
63231.34948324601,0.15461599826812744
63231.41601364027,0.15462200343608856
63231.48254403453,0.15460899472236633
63231.54907442878,0.1545950025320053
63231.61560482304,0.1545950025320053
63231.6821352173,0.15460200607776642
63231.74866561155,0.15459099411964417
63231.81519600581,0.1545879989862442
63231.88172640007,0.15457800030708313
63231.94825679432,0.1545809954404831
63232.01478718858,0.15457400679588318
63232.08131758284,0.15456700325012207
63232.14784797709,0.15457400679588318
63232.21437837135,0.1545639932155609
63232.280908765606,0.15455399453639984
63232.34743915986,0.15455999970436096
63232.413969554116,0.154557004570961
63232.480499948375,0.15455399453639984
63232.54703034263,0.15454000234603882
63232.613560736885,0.15454299747943878
63232.680091131144,0.15454299747943878
63232.746621525395,0.15454000234603882
63232.813151919654,0.1545329988002777
63232.87968231391,0.15454000234603882
63232.946212708164,0.15453000366687775
63233.01274310242,0.15451599657535553
63233.07927349668,0.15450899302959442
63233.14580389093,0.15450899302959442
63233.21233428519,0.15451599657535553
63233.27886467945,0.15452300012111664
63233.3453950737,0.15450899302959442
63233.41192546796,0.15450499951839447
63233.47845586222,0.15450499951839447
63233.54498625647,0.15449200570583344
63233.61151665073,0.15448099374771118
63233.67804704499,0.1544709950685501
63233.74457743924,0.15445399284362793
63233.8111078335,0.1544640064239502
63233.87763822776,0.15447500348091125
63233.94416862201,0.15446799993515015
63234.01069901627,0.1544709950685501
63234.077229410526,0.15447799861431122
63234.14375980478,0.15448099374771118
63234.21029019904,0.15447500348091125
63234.276820593295,0.15447500348091125
63234.34335098755,0.15445399284362793
63234.409881381805,0.15446799993515015
63234.476411776064,0.15446799993515015
63234.542942170316,0.15446099638938904
63234.609472564574,0.1544400006532669
63234.67600295883,0.15443700551986694
63234.742533353085,0.15444700419902802
63234.80906374734,0.15444700419902802
63234.8755941416,0.1544329971075058
63234.94212453585,0.15442000329494476
63235.00865493011,0.15442000329494476
63235.07518532437,0.15442000329494476
63235.14171571863,0.15442000329494476
63235.20824611288,0.15442000329494476
63235.27477650714,0.15442000329494476
63235.3413069014,0.15442000329494476
63235.40783729565,0.1544090062379837
63235.47436768991,0.1544020026922226
63235.54089808417,0.1544020026922226
63235.60742847842,0.1544020026922226
63235.67395887268,0.15439599752426147
63235.74048926694,0.1544020026922226
63235.80701966119,0.15439200401306152
63235.87355005545,0.1544020026922226
63235.940080449705,0.15439200401306152
63236.00661084396,0.15438500046730042
63236.073141238216,0.15438899397850037
63236.139671632474,0.15438200533390045
63236.206202026726,0.15438500046730042
63236.272732420985,0.15438500046730042
63236.33926281524,0.15438899397850037
63236.405793209495,0.15438500046730042
63236.47232360375,0.15438200533390045
63236.53885399801,0.15436799824237823
63236.605384392264,0.15436799824237823
63236.67191478652,0.15436799824237823
63236.73844518078,0.15436799824237823
63236.80497557503,0.15438200533390045
63236.87150596929,0.15437500178813934
63236.93803636355,0.1543709933757782
63237.0045667578,0.15436799824237823
63237.07109715206,0.1543779969215393
63237.13762754632,0.15438200533390045
63237.20415794057,0.15437500178813934
63237.27068833483,0.15438200533390045
63237.33721872909,0.15438500046730042
63237.40374912334,0.15437500178813934
63237.4702795176,0.15436799824237823
63237.53680991186,0.15436799824237823
63237.60334030611,0.15437500178813934
63237.66987070037,0.15437500178813934
63237.736401094626,0.15436799824237823
63237.80293148888,0.15436799824237823
63237.869461883136,0.15436099469661713
63237.935992277395,0.15436799824237823
63238.002522671646,0.1543709933757782
63238.069053065905,0.15437500178813934
63238.13558346016,0.15438500046730042
63238.202113854415,0.15438200533390045
63238.268644248674,0.15436799824237823
63238.33517464293,0.15436500310897827
63238.401705037184,0.15436500310897827
63238.46823543144,0.15436799824237823
63238.5347658257,0.15436799824237823
63238.60129621995,0.15436799824237823
63238.66782661421,0.15437500178813934
63238.73435700847,0.15438200533390045
63238.80088740273,0.15437500178813934
63238.86741779698,0.1543779969215393
63238.93394819124,0.1543709933757782
63239.0004785855,0.1543779969215393
63239.06700897975,0.15436799824237823
63239.13353937401,0.15439599752426147
63239.20006976827,0.15438899397850037
63239.26660016252,0.15438500046730042
63239.33313055678,0.15439200401306152
63239.399660951036,0.1544020026922226
63239.46619134529,0.15439200401306152
63239.532721739546,0.1543709933757782
63239.599252133805,0.15438200533390045
63239.665782528056,0.15438899397850037
63239.732312922315,0.15439899265766144
63239.798843316574,0.1544020026922226
63239.865373710825,0.1544020026922226
63239.931904105084,0.1544090062379837
63239.99843449934,0.1544020026922226
63240.064964893594,0.15440599620342255
63240.13149528785,0.15440599620342255
63240.19802568211,0.15442000329494476
63240.26455607636,0.15442000329494476
63240.33108647062,0.15442000329494476
63240.39761686488,0.15442000329494476
63240.46414725913,0.15442000329494476
63240.53067765339,0.15442000329494476
63240.59720804765,0.1544259935617447
63240.6637384419,0.15443700551986694
63240.73026883616,0.15443700551986694
63240.79679923042,0.15443700551986694
63240.86332962467,0.15443700551986694
63240.92986001893,0.1544400006532669
63240.99639041319,0.15445399284362793
63241.06292080744,0.15445399284362793
63241.1294512017,0.1544400006532669
63241.195981595956,0.15443700551986694
63241.26251199021,0.15445399284362793
63241.32904238447,0.15446099638938904
63241.395572778725,0.1544640064239502
63241.46210317298,0.1544709950685501
63241.528633567235,0.15447500348091125
63241.595163961494,0.15448500216007233
63241.661694355746,0.15449899435043335
63241.728224750004,0.1545020043849945
63241.79475514426,0.15450499951839447
63241.861285538514,0.15450899302959442
63241.92781593277,0.1545190066099167
63241.99434632703,0.15452300012111664
63242.06087672128,0.15452300012111664
63242.12740711554,0.15452300012111664
63242.1939375098,0.15452300012111664
63242.26046790405,0.15452300012111664
63242.32699829831,0.15452300012111664
63242.39352869257,0.1545259952545166
63242.46005908683,0.1545190066099167
63242.52658948108,0.15452300012111664
63242.59311987534,0.15454000234603882
63242.6596502696,0.15454000234603882
63242.72618066385,0.15454000234603882
63242.79271105811,0.1545329988002777
63242.85924145237,0.15453599393367767
63242.92577184662,0.15454000234603882
63242.99230224088,0.15453599393367767
63243.058832635135,0.15454000234603882
63243.12536302939,0.15454299747943878
63243.191893423646,0.15454000234603882
63243.258423817904,0.15454000234603882
63243.324954212156,0.15453599393367767
63243.391484606414,0.15454299747943878
63243.45801500067,0.15454700589179993
63243.524545394925,0.15454000234603882
63243.59107578918,0.15454299747943878
63243.65760618344,0.15454700589179993
63243.72413657769,0.15454000234603882
63243.79066697195,0.15454000234603882
63243.85719736621,0.1545500010251999
63243.92372776046,0.15454000234603882
63243.99025815472,0.15454000234603882
63244.05678854898,0.15454299747943878
63244.12331894323,0.15454700589179993
63244.18984933749,0.1545500010251999
63244.25637973175,0.15455399453639984
63244.322910126,0.154557004570961
63244.38944052026,0.154557004570961
63244.45597091452,0.15455999970436096
63244.52250130877,0.154557004570961
63244.58903170303,0.154557004570961
63244.65556209729,0.154557004570961
63244.72209249154,0.154557004570961
63244.7886228858,0.15455399453639984
63244.855153280056,0.154557004570961
63244.92168367431,0.15455999970436096
63244.988214068566,0.1545639932155609
63245.054744462825,0.15457099676132202
63245.121274857076,0.15457400679588318
63245.187805251335,0.1545809954404831
63245.25433564559,0.15457800030708313
63245.320866039845,0.15457400679588318
63245.387396434104,0.1545809954404831
63245.45392682836,0.1545879989862442
63245.520457222614,0.1545879989862442
63245.58698761687,0.1545950025320053
63245.65351801113,0.15459099411964417
63245.72004840538,0.15460200607776642
63245.78657879964,0.15460899472236633
63245.8531091939,0.15460500121116638
63245.91963958816,0.15459099411964417
63245.98616998241,0.1545950025320053
63246.05270037667,0.1545950025320053
63246.11923077093,0.1545950025320053
63246.18576116518,0.15459099411964417
63246.25229155944,0.15459799766540527
63246.3188219537,0.15459799766540527
63246.38535234795,0.1546120047569275
63246.45188274221,0.15460899472236633
63246.518413136466,0.15460899472236633
63246.58494353072,0.15462200343608856
63246.651473924976,0.15462200343608856
63246.718004319235,0.1546120047569275
63246.784534713486,0.1546120047569275
63246.851065107745,0.15460899472236633
63246.917595502004,0.15461599826812744
63246.984125896255,0.1546259969472885
63247.050656290514,0.1546259969472885
63247.11718668477,0.1546259969472885
63247.183717079024,0.1546259969472885
63247.25024747328,0.1546259969472885
63247.31677786754,0.15462900698184967
63247.38330826179,0.1546259969472885
63247.44983865605,0.1546429991722107
63247.51636905031,0.1546429991722107
63247.58289944456,0.1546429991722107
63247.64942983882,0.1546429991722107
63247.71596023308,0.1546570062637329
63247.78249062733,0.1546570062637329
63247.84902102159,0.1546739935874939
63247.91555141585,0.15467800199985504
63247.9820818101,0.15466399490833282
63248.04861220436,0.15467099845409393
63248.11514259862,0.15468400716781616
63248.18167299287,0.15467800199985504
63248.24820338713,0.15467800199985504
63248.314733781386,0.154680997133255
63248.38126417564,0.15469500422477722
63248.447794569896,0.15469500422477722
63248.514324964155,0.15469500422477722
63248.58085535841,0.15469799935817719
63248.647385752665,0.1547120064496994
63248.713916146924,0.15472599864006042
63248.780446541175,0.1547289937734604
63248.846976935434,0.1547289937734604
63248.91350732969,0.1547289937734604
63248.980037723944,0.1547500044107437
63249.0465681182,0.15475699305534363
63249.11309851246,0.15477100014686584
63249.17962890671,0.154790997505188
63249.24615930097,0.15481199324131012
63249.31268969523,0.1548289954662323
63249.37922008948,0.15484000742435455
63249.44575048374,0.1548359990119934
63249.512280878,0.15484699606895447
63249.57881127226,0.1548600047826767
63249.64534166651,0.1548669934272766
63249.71187206077,0.15488800406455994
63249.77840245503,0.15491199493408203
63249.84493284928,0.15491899847984314
63249.91146324354,0.15493300557136536
63249.977993637796,0.15494999289512634
63250.04452403205,0.1549610048532486
63250.11105442631,0.15496699512004852
63250.177584820565,0.1549849957227707
63250.24411521482,0.15500600636005402
63250.310645609075,0.15501900017261505
63250.377176003334,0.15503999590873718
63250.443706397586,0.15505699813365936
63250.510236791844,0.1550849974155426
63250.5767671861,0.1551090031862259
63250.643297580355,0.15512999892234802
63250.70982797461,0.1551479995250702
63250.77635836887,0.1551789939403534
63250.84288876312,0.15520299971103668
63250.90941915738,0.1552239954471588
63250.97594955164,0.15526199340820312
63251.04247994589,0.15529699623584747
63251.10901034015,0.15532100200653076
63251.17554073441,0.15534499287605286
63251.24207112866,0.15537700057029724
63251.30860152292,0.15539400279521942
63251.37513191718,0.15541499853134155
63251.44166231143,0.15543900430202484
63251.50819270569,0.155457004904747
63251.57472309995,0.1554809957742691
63251.6412534942,0.15550200641155243
63251.70778388846,0.15551899373531342
63251.77431428272,0.15553000569343567
63251.84084467697,0.1555510014295578
63251.90737507123,0.15556100010871887
63251.973905465486,0.1555750072002411
63252.04043585974,0.15557900071144104
63252.106966253996,0.15556100010871887
63252.173496648255,0.1555889993906021
63252.240027042506,0.15560999512672424
63252.306557436765,0.1556060016155243
63252.37308783102,0.15561699867248535
63252.439618225275,0.15561999380588531
63252.50614861953,0.15563799440860748
63252.57267901379,0.1556449979543686
63252.639209408044,0.15566200017929077
63252.7057398023,0.15566599369049072
63252.77227019656,0.15567299723625183
63252.83880059081,0.1556829959154129
63252.90533098507,0.1556829959154129
63252.97186137933,0.1556829959154129
63253.03839177359,0.15569700300693512
63253.10492216784,0.15571099519729614
63253.1714525621,0.1557220071554184
63253.23798295636,0.15571099519729614
63253.30451335061,0.15571099519729614
63253.37104374487,0.1557289958000183
63253.43757413913,0.15572500228881836
63253.50410453338,0.15573599934577942
63253.57063492764,0.15573899447917938
63253.637165321896,0.15575000643730164
63253.70369571615,0.1557459980249405
63253.770226110406,0.1557459980249405
63253.836756504665,0.15575000643730164
63253.903286898916,0.1557530015707016
63253.969817293175,0.15576399862766266
63254.03634768743,0.15577100217342377
63254.102878081685,0.15577399730682373
63254.169408475944,0.15577399730682373
63254.2359388702,0.15577100217342377
63254.302469264454,0.15578800439834595
63254.36899965871,0.15578800439834595
63254.43553005297,0.1557909995317459
63254.50206044722,0.1557909995317459
63254.56859084148,0.15579800307750702
63254.63512123574,0.15580199658870697
63254.70165162999,0.15581199526786804
63254.76818202425,0.1558299958705902
63254.83471241851,0.1558230072259903
63254.90124281276,0.1558230072259903
63254.96777320702,0.1558230072259903
63255.03430360128,0.15582600235939026
63255.10083399553,0.15583999454975128
63255.16736438979,0.15583999454975128
63255.23389478405,0.15583300590515137
63255.3004251783,0.15583300590515137
63255.36695557256,0.15583699941635132
63255.433485966816,0.1558299958705902
63255.50001636107,0.1558299958705902
63255.566546755326,0.15583999454975128
63255.633077149585,0.15584400296211243
63255.69960754384,0.15585799515247345
63255.766137938095,0.1558540016412735
63255.832668332354,0.15585799515247345
63255.899198726605,0.15586499869823456
63255.965729120864,0.15587200224399567
63256.03225951512,0.15586799383163452
63256.098789909374,0.15588900446891785
63256.16532030363,0.1558859944343567
63256.23185069789,0.15587900578975677
63256.29838109214,0.15588200092315674
63256.3649114864,0.1558859944343567
63256.43144188066,0.15588200092315674
63256.49797227491,0.15588900446891785
63256.56450266917,0.15589599311351776
63256.63103306343,0.1559000015258789
63256.69756345769,0.15591000020503998
63256.76409385194,0.15591000020503998
63256.8306242462,0.15591000020503998
63256.89715464046,0.15591000020503998
63256.96368503471,0.15591000020503998
63257.03021542897,0.15591000020503998
63257.096745823226,0.1559170037508011
63257.16327621748,0.15591399371623993
63257.22980661174,0.15593500435352325
63257.296337005995,0.15592800080776215
63257.36286740025,0.15592800080776215
63257.429397794505,0.1559309959411621
63257.495928188764,0.15592800080776215
63257.562458583016,0.15592800080776215
63257.628988977274,0.15594199299812317
63257.69551937153,0.15593500435352325
63257.762049765784,0.15594500303268433
63257.82858016004,0.15594500303268433
63257.8951105543,0.15594899654388428
63257.96164094855,0.15595600008964539
63258.02817134281,0.15594899654388428
63258.09470173707,0.15594500303268433
63258.16123213132,0.15595899522304535
63258.22776252558,0.15595600008964539
63258.29429291984,0.1559630036354065
63258.36082331409,0.15597300231456757
63258.42735370835,0.1559630036354065
63258.49388410261,0.15597300231456757
63258.56041449686,0.15597699582576752
63258.62694489112,0.15597699582576752
63258.69347528538,0.15598000586032867
63258.76000567963,0.15598000586032867
63258.82653607389,0.15598399937152863
63258.89306646815,0.15597699582576752
63258.9595968624,0.15598399937152863
63259.02612725666,0.15598000586032867
63259.092657650915,0.1559869945049286
63259.15918804517,0.15598399937152863
63259.225718439426,0.15598399937152863
63259.292248833684,0.1559939980506897
63259.358779227936,0.15599800646305084
63259.425309622195,0.15599100291728973
63259.49184001645,0.15600499510765076
63259.558370410705,0.15599800646305084
63259.62490080496,0.15601900219917297
63259.69143119922,0.15602600574493408
63259.757961593474,0.15601499378681183
63259.82449198773,0.15602600574493408
63259.89102238199,0.15601499378681183
63259.95755277624,0.15601499378681183
63260.0240831705,0.15601499378681183
63260.09061356476,0.15601499378681183
63260.15714395902,0.15602600574493408
63260.22367435327,0.15603700280189514
63260.29020474753,0.156032994389534
63260.35673514179,0.156032994389534
63260.42326553604,0.156032994389534
63260.4897959303,0.15603700280189514
63260.55632632456,0.15603700280189514
63260.62285671881,0.15603700280189514
63260.68938711307,0.156032994389534
63260.755917507326,0.15604400634765625
63260.82244790158,0.15605099499225616
63260.888978295836,0.15604400634765625
63260.955508690095,0.15603700280189514
63261.022039084346,0.15605799853801727
63261.088569478605,0.15606500208377838
63261.15509987286,0.15606799721717834
63261.221630267115,0.15606099367141724
63261.288160661374,0.15605099499225616
63261.35469105563,0.15605400502681732
63261.421221449884,0.15606099367141724
63261.48775184414,0.1560720056295395
63261.5542822384,0.1560720056295395
63261.62081263265,0.15606799721717834
63261.68734302691,0.15606799721717834
63261.75387342117,0.15606799721717834
63261.82040381542,0.15606799721717834
63261.88693420968,0.15608200430870056
63261.95346460394,0.15607500076293945
63262.01999499819,0.15607500076293945
63262.08652539245,0.1560859978199005
63262.15305578671,0.1560859978199005
63262.21958618096,0.15608899295330048
63262.28611657522,0.1560859978199005
63262.35264696948,0.15608200430870056
63262.41917736373,0.15608200430870056
63262.48570775799,0.1560789942741394
63262.552238152246,0.1560720056295395
63262.6187685465,0.1560859978199005
63262.685298940756,0.1560789942741394
63262.751829335015,0.1560720056295395
63262.81835972927,0.15609300136566162
63262.884890123525,0.1560859978199005
63262.951420517784,0.1560859978199005
63263.017950912035,0.1560859978199005
63263.084481306294,0.15609599649906158
63263.15101170055,0.1560859978199005
63263.217542094804,0.15610000491142273
63263.28407248906,0.15610699355602264
63263.35060288332,0.1561030000448227
63263.41713327757,0.1561030000448227
63263.48366367183,0.1561030000448227
63263.55019406609,0.1561030000448227
63263.61672446034,0.15612100064754486
63263.6832548546,0.1561170071363449
63263.74978524886,0.15612800419330597
63263.81631564312,0.15612800419330597
63263.88284603737,0.1561170071363449
63263.94937643163,0.15610699355602264
63264.01590682589,0.15612100064754486
63264.08243722014,0.15612100064754486
63264.1489676144,0.15612800419330597
63264.215498008656,0.15612399578094482
63264.28202840291,0.15612100064754486
63264.348558797166,0.15612399578094482
63264.415089191425,0.1561170071363449
63264.48161958568,0.15611399710178375
63264.548149979935,0.15613499283790588
63264.614680374194,0.15613800287246704
63264.681210768445,0.15613800287246704
63264.747741162704,0.15612800419330597
63264.81427155696,0.15613800287246704
63264.880801951214,0.15612100064754486
63264.94733234547,0.15612399578094482
63265.01386273973,0.15612800419330597
63265.08039313398,0.15613499283790588
63265.14692352824,0.15612399578094482
63265.2134539225,0.15613800287246704
63265.27998431675,0.15613800287246704
63265.34651471101,0.15613800287246704
63265.41304510527,0.15613800287246704
63265.47957549952,0.15614500641822815
63265.54610589378,0.15615199506282806
63265.61263628804,0.15615199506282806
63265.67916668229,0.156141996383667
63265.74569707655,0.15615199506282806
63265.81222747081,0.15615899860858917
63265.87875786506,0.1561560034751892
63265.94528825932,0.1561560034751892
63266.01181865358,0.1561560034751892
63266.07834904783,0.1561560034751892
63266.14487944209,0.1561560034751892
63266.211409836345,0.15615899860858917
63266.2779402306,0.1561560034751892
63266.344470624856,0.1561560034751892
63266.411001019114,0.1561560034751892
63266.477531413366,0.15616300702095032
63266.544061807625,0.15615899860858917
63266.61059220188,0.15615899860858917
63266.677122596135,0.15616600215435028
63266.74365299039,0.15615899860858917
63266.81018338465,0.15615899860858917
63266.876713778904,0.1561560034751892
63266.94324417316,0.15616600215435028
63267.00977456742,0.15616999566555023
63267.07630496167,0.15616300702095032
63267.14283535593,0.15616600215435028
63267.20936575019,0.15615899860858917
63267.27589614445,0.15616600215435028
63267.3424265387,0.15616999566555023
63267.40895693296,0.1561730057001114
63267.47548732722,0.15616999566555023
63267.54201772147,0.15616999566555023
63267.60854811573,0.1561799943447113
63267.67507850999,0.15619100630283356
63267.74160890424,0.1561799943447113
63267.8081392985,0.15619100630283356
63267.874669692756,0.15620100498199463
63267.94120008701,0.15618400275707245
63268.007730481266,0.15619100630283356
63268.074260875524,0.15619100630283356
63268.140791269776,0.15619400143623352
63268.207321664035,0.15620900690555573
63268.27385205829,0.1562120020389557
63268.340382452545,0.15621599555015564
63268.4069128468,0.15622299909591675
63268.47344324106,0.15623700618743896
63268.539973635314,0.1562259942293167
63268.60650402957,0.15624399483203888
63268.67303442383,0.15624399483203888
63268.73956481808,0.15624399483203888
63268.80609521234,0.15624399483203888
63268.8726256066,0.15624399483203888
63268.93915600085,0.15624700486660004
63269.00568639511,0.1562580019235611
63269.07221678937,0.15626099705696106
63269.13874718362,0.15626099705696106
63269.20527757788,0.15627899765968323
63269.27180797214,0.15627199411392212
63269.33833836639,0.1562819927930832
63269.40486876065,0.15627500414848328
63269.47139915491,0.1562819927930832
63269.53792954916,0.1562819927930832
63269.60445994342,0.15627500414848328
63269.670990337676,0.15627899765968323
63269.73752073193,0.15627899765968323
63269.804051126186,0.15627899765968323
63269.870581520445,0.1562650054693222
63269.937111914696,0.15626800060272217
63270.003642308955,0.15627899765968323
63270.070172703214,0.15627899765968323
63270.136703097465,0.15627899765968323
63270.203233491724,0.1562889963388443
63270.26976388598,0.1562819927930832
63270.336294280234,0.15627899765968323
63270.40282467449,0.15627500414848328
63270.46935506875,0.1562889963388443
63270.535885463,0.1562959998846054
63270.60241585726,0.15629300475120544
63270.66894625152,0.1562889963388443
63270.73547664577,0.15627899765968323
63270.80200704003,0.15628600120544434
63270.86853743429,0.15627899765968323
63270.93506782855,0.1562889963388443
63271.0015982228,0.15627899765968323
63271.06812861706,0.15627899765968323
63271.13465901132,0.15627899765968323
63271.20118940557,0.15627899765968323
63271.26771979983,0.15627899765968323
63271.334250194086,0.15627899765968323
63271.40078058834,0.15627199411392212
63271.467310982596,0.1562650054693222
63271.533841376855,0.1562580019235611
63271.60037177111,0.15626099705696106
63271.666902165365,0.15627199411392212
63271.733432559624,0.15627500414848328
63271.799962953875,0.15627199411392212
63271.866493348134,0.15626099705696106
63271.93302374239,0.15626099705696106
63271.999554136644,0.15626099705696106
63272.0660845309,0.15626800060272217
63272.13261492516,0.15626099705696106
63272.19914531941,0.1562650054693222
63272.26567571367,0.15627199411392212
63272.33220610793,0.1562650054693222
63272.39873650218,0.15627500414848328
63272.46526689644,0.15627199411392212
63272.5317972907,0.15626099705696106
63272.59832768495,0.15626800060272217
63272.66485807921,0.15627899765968323
63272.73138847347,0.15627500414848328
63272.79791886772,0.15627500414848328
63272.86444926198,0.15627199411392212
63272.93097965624,0.15626800060272217
63272.99751005049,0.15627500414848328
63273.06404044475,0.15626800060272217
63273.13057083901,0.1562650054693222
63273.19710123326,0.15627899765968323
63273.26363162752,0.15627899765968323
63273.330162021775,0.1562819927930832
63273.39669241603,0.15627899765968323
63273.463222810286,0.1562959998846054
63273.529753204544,0.1562959998846054
63273.596283598796,0.1562959998846054
63273.662813993054,0.15629999339580536
63273.72934438731,0.1562959998846054
63273.795874781565,0.1562959998846054
63273.86240517582,0.1562959998846054
63273.92893557008,0.15629300475120544
63273.99546596433,0.1562959998846054
63274.06199635859,0.1562959998846054
63274.12852675285,0.1562959998846054
63274.1950571471,0.1562959998846054
63274.26158754136,0.1562959998846054
63274.32811793562,0.15628600120544434
63274.39464832988,0.15627500414848328
63274.46117872413,0.15627899765968323
63274.52770911839,0.15628600120544434
63274.59423951265,0.1562959998846054
63274.6607699069,0.15629300475120544
63274.72730030116,0.15630300343036652
63274.79383069542,0.15631400048732758
63274.86036108967,0.15631400048732758
63274.92689148393,0.15630699694156647
63274.993421878185,0.1562959998846054
63275.05995227244,0.15629300475120544
63275.126482666696,0.15629300475120544
63275.193013060954,0.15630300343036652
63275.259543455206,0.15629999339580536
63275.326073849465,0.1562959998846054
63275.39260424372,0.1562959998846054
63275.459134637975,0.15630699694156647
63275.52566503223,0.15630300343036652
63275.59219542649,0.1562959998846054
63275.658725820744,0.15631000697612762
63275.725256215,0.15631000697612762
63275.79178660926,0.15631799399852753
63275.85831700351,0.15633200109004974
63275.92484739777,0.15631400048732758
63275.99137779203,0.15631400048732758
63276.05790818628,0.15631400048732758
63276.12443858054,0.15631400048732758
63276.1909689748,0.15631000697612762
63276.25749936905,0.15632499754428864
63276.32402976331,0.1563279926776886
63276.39056015757,0.15633200109004974
63276.45709055182,0.15632499754428864
63276.52362094608,0.15632100403308868
63276.59015134034,0.15633200109004974
63276.65668173459,0.15633200109004974
63276.72321212885,0.1563279926776886
63276.789742523106,0.15633200109004974
63276.85627291736,0.1563349962234497
63276.922803311616,0.15633200109004974
63276.989333705875,0.15633200109004974
63277.055864100126,0.15633200109004974
63277.122394494385,0.1563349962234497
63277.188924888644,0.15633200109004974
63277.255455282895,0.15633200109004974
63277.321985677154,0.15634599328041077
63277.38851607141,0.15634599328041077
63277.455046465664,0.15633200109004974
63277.52157685992,0.15633200109004974
63277.58810725418,0.15633900463581085
63277.65463764843,0.15633200109004974
63277.72116804269,0.15634599328041077
63277.78769843695,0.15634900331497192
63277.8542288312,0.15634900331497192
63277.92075922546,0.15634900331497192
63277.98728961972,0.15634900331497192
63278.05382001398,0.15634199976921082
63278.12035040823,0.15635299682617188
63278.18688080249,0.15636299550533295
63278.25341119675,0.15636000037193298
63278.319941591,0.15634900331497192
63278.38647198526,0.15634900331497192
63278.453002379516,0.15634900331497192
63278.51953277377,0.15634900331497192
63278.586063168026,0.15635299682617188
63278.652593562285,0.15636000037193298
63278.719123956536,0.15634900331497192
63278.785654350795,0.15634599328041077
63278.852184745054,0.15634900331497192
63278.918715139305,0.15635299682617188
63278.985245533564,0.15634199976921082
63279.05177592782,0.15634900331497192
63279.118306322074,0.15634900331497192
63279.18483671633,0.15634599328041077
63279.25136711059,0.15635299682617188
63279.31789750484,0.15636299550533295
63279.3844278991,0.15634199976921082
63279.45095829336,0.15634900331497192
63279.51748868761,0.15634900331497192
63279.58401908187,0.15634900331497192
63279.65054947613,0.15635600686073303
63279.71707987038,0.15635299682617188
63279.78361026464,0.15634900331497192
63279.8501406589,0.15634900331497192
63279.91667105315,0.15634599328041077
63279.98320144741,0.15634900331497192
63280.04973184167,0.15634900331497192
63280.11626223592,0.15634900331497192
63280.18279263018,0.15634599328041077
63280.249323024436,0.15634599328041077
63280.31585341869,0.15634900331497192
63280.38238381295,0.15635600686073303
63280.448914207205,0.15636299550533295
63280.51544460146,0.15636299550533295
63280.581974995715,0.15635600686073303
63280.648505389974,0.1563670039176941
63280.715035784226,0.15636000037193298
63280.781566178484,0.15635299682617188
63280.84809657274,0.15635600686073303
63280.914626966995,0.15634900331497192
63280.98115736125,0.15635600686073303
63281.04768775551,0.15636299550533295
63281.11421814976,0.15634900331497192
63281.18074854402,0.15635600686073303
63281.24727893828,0.15635600686073303
63281.31380933253,0.1563670039176941
63281.38033972679,0.15638099610805511
63281.44687012105,0.15636999905109406
63281.51340051531,0.1563670039176941
63281.57993090956,0.1563670039176941
63281.64646130382,0.1563670039176941
63281.71299169808,0.1563670039176941
63281.77952209233,0.156373992562294
63281.84605248659,0.15636999905109406
63281.91258288085,0.1563670039176941
63281.9791132751,0.15636299550533295
63282.04564366936,0.1563670039176941
63282.112174063615,0.1563670039176941
63282.17870445787,0.15636999905109406
63282.245234852126,0.15637700259685516
63282.311765246384,0.156373992562294
63282.378295640636,0.15638799965381622
63282.444826034895,0.1563909947872162
63282.51135642915,0.15638400614261627
63282.577886823405,0.15638400614261627
63282.64441721766,0.15638400614261627
63282.71094761192,0.1563670039176941
63282.77747800617,0.15636999905109406
63282.84400840043,0.15638400614261627
63282.91053879469,0.15638099610805511
63282.97706918894,0.15637700259685516
63283.0435995832,0.1563670039176941
63283.11012997746,0.1563670039176941
63283.17666037171,0.1563670039176941
63283.24319076597,0.15636299550533295
63283.30972116023,0.15635299682617188
63283.37625155448,0.15636299550533295
63283.44278194874,0.15635600686073303
63283.509312343,0.15636000037193298
63283.57584273725,0.1563670039176941
63283.64237313151,0.15635299682617188
63283.70890352577,0.15635600686073303
63283.77543392002,0.15636299550533295
63283.84196431428,0.156373992562294
63283.908494708536,0.1563670039176941
63283.97502510279,0.15636299550533295
63284.041555497046,0.1563670039176941
63284.108085891305,0.15638099610805511
63284.174616285556,0.15638400614261627
63284.241146679815,0.15638099610805511
63284.30767707407,0.15636999905109406
63284.374207468325,0.15638099610805511
63284.440737862584,0.15638400614261627
63284.50726825684,0.15638400614261627
63284.573798651094,0.15638400614261627
63284.64032904535,0.156373992562294
63284.70685943961,0.15637700259685516
63284.77338983386,0.15636999905109406
63284.83992022812,0.156373992562294
63284.90645062238,0.15638099610805511
63284.97298101663,0.15638400614261627
63285.03951141089,0.15638099610805511
63285.10604180515,0.15638400614261627
63285.17257219941,0.156373992562294
63285.23910259366,0.15638099610805511
63285.30563298792,0.1563909947872162
63285.37216338218,0.15638400614261627
63285.43869377643,0.15640200674533844
63285.50522417069,0.15640200674533844
63285.571754564946,0.15639500319957733
63285.6382849592,0.15638400614261627
63285.704815353456,0.15638400614261627
63285.771345747715,0.15638799965381622
63285.837876141966,0.15639500319957733
63285.904406536225,0.15639500319957733
63285.970936930484,0.1563909947872162
63286.037467324735,0.15638799965381622
63286.103997718994,0.15640200674533844
63286.17052811325,0.15639899671077728
63286.237058507504,0.15639899671077728
63286.30358890176,0.15639500319957733
63286.37011929602,0.15639899671077728
63286.43664969027,0.15640200674533844
63286.50318008453,0.15639899671077728
63286.56971047879,0.15638799965381622
63286.63624087304,0.15638400614261627
63286.7027712673,0.15637700259685516
63286.76930166156,0.15638400614261627
63286.83583205581,0.15638400614261627
63286.90236245007,0.15639500319957733
63286.96889284433,0.15639899671077728
63287.03542323858,0.15639899671077728
63287.10195363284,0.15640200674533844
63287.1684840271,0.15639899671077728
63287.23501442135,0.1563909947872162
63287.30154481561,0.15639899671077728
63287.368075209866,0.15639500319957733
63287.43460560412,0.15639899671077728
63287.50113599838,0.15640200674533844
63287.567666392635,0.15640200674533844
63287.63419678689,0.15641599893569946
63287.700727181145,0.1564200073480606
63287.767257575404,0.15640899538993835
63287.833787969656,0.15640200674533844
63287.900318363914,0.1564130038022995
63287.96684875817,0.1564200073480606
63288.033379152424,0.15640200674533844
63288.09990954668,0.15640899538993835
63288.16643994094,0.15640899538993835
63288.23297033519,0.1564060002565384
63288.29950072945,0.15640200674533844
63288.36603112371,0.15640200674533844
63288.43256151796,0.15641599893569946
63288.49909191222,0.1564060002565384
63288.56562230648,0.1564130038022995
63288.63215270074,0.15643399953842163
63288.69868309499,0.15642699599266052
63288.76521348925,0.15641599893569946
63288.83174388351,0.15640200674533844
63288.89827427776,0.15641599893569946
63288.96480467202,0.15642300248146057
63289.03133506628,0.15642699599266052
63289.09786546053,0.15640200674533844
63289.16439585479,0.15641599893569946
63289.230926249045,0.1564200073480606
63289.2974566433,0.15642300248146057
63289.363987037555,0.1564200073480606
63289.430517431814,0.1564200073480606
63289.497047826066,0.1564200073480606
63289.563578220324,0.1564200073480606
63289.63010861458,0.15640899538993835
63289.696639008835,0.15640200674533844
63289.76316940309,0.15639899671077728
63289.82969979735,0.15640200674533844
63289.8962301916,0.15639899671077728
63289.96276058586,0.1563909947872162
63290.02929098012,0.15641599893569946
63290.09582137437,0.1564200073480606
63290.16235176863,0.1564200073480606
63290.22888216289,0.1564130038022995
63290.29541255714,0.1564200073480606
63290.3619429514,0.1564130038022995
63290.42847334566,0.15642300248146057
63290.49500373991,0.1564369946718216
63290.56153413417,0.1564200073480606
63290.62806452843,0.15640200674533844
63290.69459492268,0.15639899671077728
63290.76112531694,0.15640899538993835
63290.8276557112,0.15640899538993835
63290.89418610545,0.15639500319957733
63290.96071649971,0.15639500319957733
63291.027246893966,0.15640200674533844
63291.09377728822,0.15639899671077728
63291.160307682476,0.1564060002565384
63291.226838076735,0.1564200073480606
63291.293368470986,0.1564200073480606
63291.359898865245,0.1564200073480606
63291.4264292595,0.1564200073480606
63291.492959653755,0.15642300248146057
63291.559490048014,0.1564200073480606
63291.62602044227,0.15643000602722168
63291.692550836524,0.1564369946718216
63291.75908123078,0.15644100308418274
63291.82561162504,0.15645499527454376
63291.89214201929,0.15645800530910492
63291.95867241355,0.15646499395370483
63292.02520280781,0.156482994556427
63292.09173320206,0.15647999942302704
63292.15826359632,0.15649700164794922
63292.22479399058,0.15650799870491028
63292.29132438484,0.15650400519371033
63292.35785477909,0.15650799870491028
63292.42438517335,0.15650799870491028
63292.49091556761,0.15651799738407135
63292.55744596186,0.1565220057964325
63292.62397635612,0.1565220057964325
63292.690506750376,0.15650799870491028
63292.75703714463,0.15651099383831024
63292.823567538886,0.1565220057964325
63292.890097933145,0.15651099383831024
63292.956628327396,0.15652500092983246
63293.023158721655,0.1565220057964325
63293.089689115914,0.15650799870491028
63293.156219510165,0.1565220057964325
63293.222749904424,0.1565289944410324
63293.28928029868,0.1565220057964325
63293.355810692934,0.15652500092983246
63293.42234108719,0.1565220057964325
63293.48887148145,0.15653200447559357
63293.5554018757,0.1565289944410324
63293.62193226996,0.1565289944410324
63293.68846266422,0.1565289944410324
63293.75499305847,0.15652500092983246
63293.82152345273,0.1565220057964325
63293.88805384699,0.15652500092983246
63293.95458424124,0.15652500092983246
63294.0211146355,0.15651099383831024
63294.08764502976,0.15652500092983246
63294.15417542401,0.15650799870491028
63294.22070581827,0.15650099515914917
63294.28723621253,0.15652500092983246
63294.35376660678,0.15652500092983246
63294.42029700104,0.15650799870491028
63294.486827395296,0.15651099383831024
63294.55335778955,0.15650799870491028
63294.619888183806,0.15650099515914917
63294.686418578065,0.1564899981021881
63294.75294897232,0.1564899981021881
63294.819479366575,0.15650099515914917
63294.886009760834,0.15650400519371033
63294.952540155085,0.15649700164794922
63295.019070549344,0.15648700296878815
63295.0856009436,0.1564899981021881
63295.152131337854,0.1564899981021881
63295.21866173211,0.15650799870491028
63295.28519212637,0.15650799870491028
63295.35172252062,0.15650799870491028
63295.41825291488,0.15650400519371033
63295.48478330914,0.15649700164794922
63295.55131370339,0.15649700164794922
63295.61784409765,0.15650799870491028
63295.68437449191,0.15650400519371033
63295.75090488616,0.15650799870491028
63295.81743528042,0.15651099383831024
63295.88396567468,0.15650799870491028
63295.95049606894,0.15652500092983246
63296.01702646319,0.15652500092983246
63296.08355685745,0.15651799738407135
63296.150087251706,0.15652500092983246
63296.21661764596,0.15652500092983246
63296.28314804022,0.1565150022506714
63296.349678434475,0.15651099383831024
63296.41620882873,0.15652500092983246
63296.482739222985,0.1565289944410324
63296.549269617244,0.15653599798679352
63296.615800011496,0.15653200447559357
63296.682330405754,0.15654000639915466
63296.74886080001,0.15654300153255463
63296.815391194265,0.15654000639915466
63296.88192158852,0.15652500092983246
63296.94845198278,0.1565220057964325
63297.01498237703,0.15653200447559357
63297.08151277129,0.1565289944410324
63297.14804316555,0.15653200447559357
63297.2145735598,0.15652500092983246
63297.28110395406,0.1565220057964325
63297.34763434832,0.1565220057964325
63297.41416474257,0.15650799870491028
63297.48069513683,0.15651099383831024
63297.54722553109,0.1565220057964325
63297.61375592534,0.1565220057964325
63297.6802863196,0.1565150022506714
63297.74681671386,0.15651099383831024
63297.81334710811,0.15652500092983246
63297.87987750237,0.15651799738407135
63297.94640789663,0.15651799738407135
63298.01293829088,0.15650400519371033
63298.07946868514,0.15650400519371033
63298.145999079396,0.15650099515914917
63298.21252947365,0.15649400651454926
63298.279059867906,0.15650099515914917
63298.345590262164,0.15650099515914917
63298.412120656416,0.15650799870491028
63298.478651050675,0.1565150022506714
63298.54518144493,0.15650400519371033
63298.611711839185,0.15649400651454926
63298.67824223344,0.15650400519371033
63298.7447726277,0.1565150022506714
63298.811303021954,0.15650799870491028
63298.87783341621,0.15649700164794922
63298.94436381047,0.15650400519371033
63299.01089420472,0.1565220057964325
63299.07742459898,0.15650799870491028
63299.14395499324,0.1564899981021881
63299.21048538749,0.1564899981021881
63299.27701578175,0.15650799870491028
63299.34354617601,0.15650400519371033
63299.41007657026,0.15649700164794922
63299.47660696452,0.15648700296878815
63299.54313735878,0.15649400651454926
63299.60966775304,0.1564899981021881
63299.67619814729,0.1564899981021881
63299.74272854155,0.1564899981021881
63299.809258935806,0.156482994556427
63299.87578933006,0.156482994556427
63299.942319724316,0.1564899981021881
63300.008850118575,0.156482994556427
63300.075380512826,0.15647299587726593
63300.141910907085,0.15647299587726593
63300.20844130134,0.156482994556427
63300.274971695595,0.15647299587726593
63300.341502089854,0.15646900236606598
63300.40803248411,0.156482994556427
63300.474562878364,0.15647299587726593
63300.54109327262,0.15647299587726593
63300.60762366688,0.15647299587726593
63300.67415406113,0.1564899981021881
63300.74068445539,0.15647299587726593
63300.80721484965,0.15647299587726593
63300.8737452439,0.15648700296878815
63300.94027563816,0.1564760059118271
63301.00680603242,0.1564760059118271
63301.07333642667,0.15647299587726593
63301.13986682093,0.15647299587726593
63301.20639721519,0.15646900236606598
63301.27292760944,0.15647299587726593
63301.3394580037,0.1564760059118271
63301.40598839796,0.156482994556427
63301.47251879221,0.156482994556427
63301.53904918647,0.15647299587726593
63301.605579580726,0.15647299587726593
63301.67210997498,0.15647299587726593
63301.738640369236,0.15646499395370483
63301.805170763495,0.15646199882030487
63301.87170115775,0.15647299587726593
63301.938231552005,0.15647299587726593
63302.004761946264,0.15646900236606598
63302.071292340515,0.15647299587726593
63302.137822734774,0.15646499395370483
63302.20435312903,0.15646199882030487
63302.270883523284,0.15646199882030487
63302.33741391754,0.15645800530910492
63302.4039443118,0.15647299587726593
63302.47047470605,0.15645800530910492
63302.53700510031,0.15645499527454376
63302.60353549457,0.15645499527454376
63302.67006588882,0.15645499527454376
63302.73659628308,0.15645499527454376
63302.80312667734,0.15645800530910492
63302.86965707159,0.15645499527454376
63302.93618746585,0.15645499527454376
63303.00271786011,0.15644800662994385
63303.06924825437,0.1564510017633438
63303.13577864862,0.15646199882030487
63303.20230904288,0.15646900236606598
63303.268839437136,0.15645499527454376
63303.33536983139,0.15645499527454376
63303.40190022565,0.15645499527454376
63303.468430619905,0.15645499527454376
63303.53496101416,0.15645499527454376
63303.601491408415,0.15645499527454376
63303.668021802674,0.15645800530910492
63303.734552196926,0.15645800530910492
63303.801082591184,0.15645499527454376
63303.86761298544,0.15646499395370483
63303.934143379694,0.15646499395370483
63304.00067377395,0.15646900236606598
63304.06720416821,0.15646900236606598
63304.13373456246,0.15645499527454376
63304.20026495672,0.15645499527454376
63304.26679535098,0.15644800662994385
63304.33332574523,0.1564510017633438
63304.39985613949,0.15646199882030487
63304.46638653375,0.15645800530910492
63304.532916928,0.15645499527454376
63304.59944732226,0.15645499527454376
63304.66597771652,0.15645499527454376
63304.73250811077,0.15645499527454376
63304.79903850503,0.15644800662994385
63304.86556889929,0.1564369946718216
63304.93209929354,0.15644100308418274
63304.9986296878,0.15644100308418274
63305.06516008206,0.15644100308418274
63305.13169047631,0.15644100308418274
63305.19822087057,0.1564369946718216
63305.264751264825,0.15644100308418274
63305.33128165908,0.15644800662994385
63305.397812053336,0.1564510017633438
63305.464342447594,0.15645499527454376
63305.530872841846,0.15645499527454376
63305.597403236105,0.1564439982175827
63305.66393363036,0.1564510017633438
63305.730464024615,0.15645499527454376
63305.79699441887,0.15645499527454376
63305.86352481313,0.1564439982175827
63305.930055207384,0.1564369946718216
63305.99658560164,0.1564510017633438
63306.0631159959,0.1564510017633438
63306.12964639015,0.15644800662994385
63306.19617678441,0.1564510017633438
63306.26270717867,0.1564510017633438
63306.32923757292,0.15643399953842163
63306.39576796718,0.15644800662994385
63306.46229836144,0.15644100308418274
63306.52882875569,0.1564439982175827
63306.59535914995,0.15644800662994385
63306.66188954421,0.15644800662994385
63306.72841993847,0.1564510017633438
63306.79495033272,0.15644800662994385
63306.86148072698,0.1564510017633438
63306.928011121236,0.15644100308418274
63306.99454151549,0.15644800662994385
63307.061071909746,0.15644800662994385
63307.127602304005,0.15645499527454376
63307.194132698256,0.15645499527454376
63307.260663092515,0.15647299587726593
63307.32719348677,0.15647299587726593
63307.393723881025,0.1564510017633438
63307.460254275284,0.15644100308418274
63307.52678466954,0.15646199882030487
63307.593315063794,0.15647299587726593
63307.65984545805,0.15647299587726593
63307.72637585231,0.1564760059118271
63307.79290624656,0.15647299587726593
63307.85943664082,0.1564760059118271
63307.92596703508,0.15646900236606598
63307.99249742933,0.15645800530910492
63308.05902782359,0.15646499395370483
63308.12555821785,0.15647299587726593
63308.1920886121,0.1564899981021881
63308.25861900636,0.1564899981021881
63308.32514940062,0.1564899981021881
63308.39167979487,0.1564899981021881
63308.45821018913,0.1564760059118271
63308.52474058339,0.1564899981021881
63308.59127097764,0.1564899981021881
63308.6578013719,0.1564899981021881
63308.724331766156,0.15649700164794922
63308.79086216041,0.15650799870491028
63308.857392554666,0.15650400519371033
63308.923922948925,0.15649700164794922
63308.990453343176,0.15650799870491028
63309.056983737435,0.15650099515914917
63309.123514131694,0.1564899981021881
63309.190044525945,0.15649400651454926
63309.256574920204,0.15650799870491028
63309.32310531446,0.15650400519371033
63309.389635708714,0.15650799870491028
63309.45616610297,0.15650799870491028
63309.52269649723,0.15651099383831024
63309.58922689148,0.15650799870491028
63309.65575728574,0.15650799870491028
63309.72228768,0.15650799870491028
63309.78881807425,0.15650799870491028
63309.85534846851,0.15650799870491028
63309.92187886277,0.15651099383831024
63309.98840925702,0.15651099383831024
63310.05493965128,0.15650400519371033
63310.12147004554,0.15650400519371033
63310.1880004398,0.15649400651454926
63310.25453083405,0.15650799870491028
63310.32106122831,0.15650099515914917
63310.387591622566,0.15650799870491028
63310.45412201682,0.15650799870491028
63310.520652411076,0.1565150022506714
63310.587182805335,0.15652500092983246
63310.65371319959,0.15651799738407135
63310.720243593845,0.1565220057964325
63310.786773988104,0.15650400519371033
63310.853304382355,0.15649700164794922
63310.919834776614,0.15651099383831024
63310.98636517087,0.15651799738407135
63311.052895565124,0.15653200447559357
63311.11942595938,0.15654000639915466
63311.18595635364,0.15654000639915466
63311.25248674789,0.15654300153255463
63311.31901714215,0.15653599798679352
63311.38554753641,0.15654300153255463
63311.45207793066,0.15654699504375458
63311.51860832492,0.15654699504375458
63311.58513871918,0.15654699504375458
63311.65166911343,0.1565610021352768
63311.71819950769,0.1565610021352768
63311.78472990195,0.15655399858951569
63311.8512602962,0.15657100081443787
63311.91779069046,0.15656399726867676
63311.98432108472,0.1565680056810379
63312.05085147897,0.1565680056810379
63312.11738187323,0.15656399726867676
63312.18391226749,0.1565680056810379
63312.25044266174,0.15657499432563782
63312.316973056,0.15657800436019897
63312.383503450255,0.1565849930047989
63312.45003384451,0.15659600496292114
63312.516564238766,0.15657800436019897
63312.583094633024,0.1565849930047989
63312.649625027276,0.15658900141716003
63312.716155421534,0.15657800436019897
63312.78268581579,0.15658900141716003
63312.849216210045,0.1565999984741211
63312.9157466043,0.15659199655056
63312.98227699856,0.15659600496292114
63313.04880739281,0.15658900141716003
63313.11533778707,0.15659600496292114
63313.18186818133,0.15659199655056
63313.24839857558,0.15659199655056
63313.31492896984,0.1565999984741211
63313.3814593641,0.15660999715328217
63313.44798975835,0.1566140055656433
63313.51452015261,0.1566140055656433
63313.58105054687,0.15660299360752106
63313.64758094112,0.1566070020198822
63313.71411133538,0.1566449999809265
63313.78064172964,0.1566449999809265
63313.8471721239,0.1565999984741211
63313.91370251815,0.1565999984741211
63313.98023291241,0.15660299360752106
63314.046763306666,0.1566140055656433
63314.11329370092,0.1566140055656433
63314.179824095176,0.1566140055656433
63314.246354489434,0.15660999715328217
63314.312884883686,0.15659600496292114
63314.379415277945,0.15661700069904327
63314.4459456722,0.1566140055656433
63314.512476066455,0.15663500130176544
63314.57900646071,0.1566379964351654
63314.64553685497,0.1566309928894043
63314.712067249224,0.15663500130176544
63314.77859764348,0.1566309928894043
63314.84512803774,0.1566309928894043
63314.91165843199,0.15664200484752655
63314.97818882625,0.15664899349212646
63315.04471922051,0.15663500130176544
63315.11124961476,0.15664899349212646
63315.17778000902,0.15664200484752655
63315.24431040328,0.15665599703788757
63315.31084079753,0.15665599703788757
63315.37737119179,0.15664899349212646
63315.44390158605,0.15664200484752655
63315.5104319803,0.15664899349212646
63315.57696237456,0.15664899349212646
63315.64349276882,0.15664899349212646
63315.71002316307,0.1566530019044876
63315.77655355733,0.15666699409484863
63315.843083951586,0.15667399764060974
63315.90961434584,0.15668100118637085
63315.976144740096,0.1566839963197708
63316.042675134355,0.1566700041294098
63316.109205528606,0.1566700041294098
63316.175735922865,0.15667399764060974
63316.242266317124,0.1566769927740097
63316.308796711375,0.15670199692249298
63316.375327105634,0.15669099986553192
63316.44185749989,0.1566839963197708
63316.508387894144,0.1566839963197708
63316.5749182884,0.15669800341129303
63316.64144868266,0.15669099986553192
63316.70797907691,0.15669099986553192
63316.77450947117,0.15670199692249298
63316.84103986543,0.15670199692249298
63316.90757025968,0.15670199692249298
63316.97410065394,0.15670199692249298
63317.0406310482,0.1567160040140152
63317.10716144245,0.15670600533485413
63317.17369183671,0.15671299397945404
63317.24022223097,0.15671299397945404
63317.30675262523,0.15671299397945404
63317.37328301948,0.1567160040140152
63317.43981341374,0.1567160040140152
63317.506343807996,0.1567229926586151
63317.57287420225,0.15671999752521515
63317.639404596506,0.15671999752521515
63317.705934990765,0.15671999752521515
63317.77246538502,0.15672700107097626
63317.838995779275,0.15671999752521515
63317.905526173534,0.15671999752521515
63317.972056567785,0.1567229926586151
63318.038586962044,0.15673400461673737
63318.1051173563,0.15673699975013733
63318.171647750554,0.15673699975013733
63318.23817814481,0.15672700107097626
63318.30470853907,0.15673699975013733
63318.37123893332,0.15673699975013733
63318.43776932758,0.15673699975013733
63318.50429972184,0.1567229926586151
63318.57083011609,0.15673400461673737
63318.63736051035,0.15673699975013733
63318.70389090461,0.15674400329589844
63318.77042129886,0.1567550003528595
63318.83695169312,0.1567550003528595
63318.90348208738,0.1567550003528595
63318.97001248163,0.1567620038986206
63319.03654287589,0.1567550003528595
63319.10307327015,0.1567620038986206
63319.1696036644,0.15675899386405945
63319.23613405866,0.1567550003528595
63319.302664452916,0.1567550003528595
63319.36919484717,0.1567620038986206
63319.43572524143,0.15676599740982056
63319.502255635685,0.15677300095558167
63319.56878602994,0.15678000450134277
63319.635316424195,0.15677300095558167
63319.701846818454,0.15677599608898163
63319.768377212706,0.1568010002374649
63319.834907606964,0.156808003783226
63319.90143800122,0.15679800510406494
63319.967968395475,0.1567939966917038
63320.03449878973,0.156808003783226
63320.10102918399,0.156808003783226
63320.16755957824,0.15679800510406494
63320.2340899725,0.1568010002374649
63320.30062036676,0.156808003783226
63320.36715076101,0.156808003783226
63320.43368115527,0.156808003783226
63320.50021154953,0.15679000318050385
63320.56674194378,0.156808003783226
63320.63327233804,0.156808003783226
63320.6998027323,0.156808003783226
63320.76633312655,0.15679800510406494
63320.83286352081,0.15679000318050385
63320.89939391507,0.15679800510406494
63320.96592430933,0.1567939966917038
63321.03245470358,0.156808003783226
63321.09898509784,0.156808003783226
63321.165515492095,0.15681199729442596
63321.23204588635,0.1568329930305481
63321.298576280606,0.15682199597358704
63321.365106674864,0.156808003783226
63321.431637069116,0.15682199597358704
63321.498167463375,0.15682600438594818
63321.56469785763,0.15682199597358704
63321.631228251885,0.15681900084018707
63321.69775864614,0.156808003783226
63321.7642890404,0.15681500732898712
63321.830819434654,0.156808003783226
63321.89734982891,0.15681900084018707
63321.96388022317,0.15682600438594818
63322.03041061742,0.15682199597358704
63322.09694101168,0.156808003783226
63322.16347140594,0.15681500732898712
63322.23000180019,0.15681199729442596
63322.29653219445,0.15682199597358704
63322.36306258871,0.15681900084018707
63322.42959298296,0.15681199729442596
63322.49612337722,0.156808003783226
63322.56265377148,0.15682199597358704
63322.62918416573,0.15681500732898712
63322.69571455999,0.1568329930305481
63322.76224495425,0.1568399965763092
63322.8287753485,0.1568329930305481
63322.89530574276,0.15682899951934814
63322.961836137016,0.15683700144290924
63323.02836653127,0.1568399965763092
63323.094896925526,0.1568329930305481
63323.161427319785,0.15682899951934814
63323.227957714036,0.15683700144290924
63323.294488108295,0.15684400498867035
63323.36101850255,0.15684400498867035
63323.427548896805,0.1568399965763092
63323.494079291064,0.15682899951934814
63323.56060968532,0.15684400498867035
63323.627140079574,0.15686100721359253
63323.69367047383,0.1568470001220703
63323.76020086809,0.1568470001220703
63323.82673126234,0.15686100721359253
63323.8932616566,0.15685400366783142
63323.95979205086,0.15685799717903137
63324.02632244511,0.15686799585819244
63324.09285283937,0.1568789929151535
63324.15938323363,0.1568789929151535
63324.22591362788,0.1568789929151535
63324.29244402214,0.1568789929151535
63324.3589744164,0.1568859964609146
63324.42550481066,0.15689000487327576
63324.49203520491,0.15688300132751465
63324.55856559917,0.15688300132751465
63324.625095993426,0.15689699351787567
63324.69162638768,0.15689699351787567
63324.758156781936,0.15691499412059784
63324.824687176195,0.15691499412059784
63324.891217570446,0.15690700709819794
63324.957747964705,0.15690700709819794
63325.024278358964,0.15691499412059784
63325.090808753215,0.15691499412059784
63325.157339147474,0.15691499412059784
63325.22386954173,0.15691499412059784
63325.290399935984,0.15691499412059784
63325.35693033024,0.156918004155159
63325.4234607245,0.15692900121212006
63325.48999111875,0.15693199634552002
63325.55652151301,0.15692199766635895
63325.62305190727,0.15693199634552002
63325.68958230152,0.15693199634552002
63325.75611269578,0.15693600475788116
63325.82264309004,0.1569499969482422
63325.88917348429,0.15693899989128113
63325.95570387855,0.15694600343704224
63326.02223427281,0.15695400536060333
63326.08876466706,0.15696099400520325
63326.15529506132,0.15694600343704224
63326.22182545558,0.1569499969482422
63326.28835584983,0.1569640040397644
63326.35488624409,0.1569640040397644
63326.421416638346,0.15696799755096436
63326.4879470326,0.15697500109672546
63326.55447742686,0.15697099268436432
63326.621007821115,0.15697099268436432
63326.68753821537,0.15697099268436432
63326.754068609625,0.15698200464248657
63326.820599003884,0.15698499977588654
63326.887129398136,0.15698499977588654
63326.953659792394,0.15698200464248657
63327.02019018665,0.15697500109672546
63327.086720580905,0.15697099268436432
63327.15325097516,0.15698200464248657
63327.21978136942,0.15698499977588654
63327.28631176367,0.1569889932870865
63327.35284215793,0.15698499977588654
63327.41937255219,0.15698499977588654
63327.48590294644,0.1569889932870865
63327.5524333407,0.1570030003786087
63327.61896373496,0.1569889932870865
63327.68549412921,0.1569889932870865
63327.75202452347,0.1570030003786087
63327.81855491773,0.1570030003786087
63327.88508531198,0.1569889932870865
63327.95161570624,0.15699300169944763
63328.0181461005,0.1569959968328476
63328.08467649476,0.15700699388980865
63328.15120688901,0.1570030003786087
63328.21773728327,0.15701699256896973
63328.284267677525,0.15702100098133087
63328.35079807178,0.1570030003786087
63328.417328466036,0.1570030003786087
63328.483858860294,0.15700699388980865
63328.550389254546,0.15702100098133087
63328.616919648804,0.15701399743556976
63328.68345004306,0.15700699388980865
63328.749980437315,0.15700699388980865
63328.81651083157,0.1570030003786087
63328.88304122583,0.1570030003786087
63328.94957162008,0.1570030003786087
63329.01610201434,0.1570030003786087
63329.0826324086,0.15700699388980865
63329.14916280285,0.15701699256896973
63329.21569319711,0.15701699256896973
63329.28222359137,0.15701399743556976
63329.34875398562,0.15701399743556976
63329.41528437988,0.15702100098133087
63329.48181477414,0.15703199803829193
63329.54834516839,0.15703199803829193
63329.61487556265,0.15704600512981415
63329.68140595691,0.1570349931716919
63329.74793635116,0.15703900158405304
63329.81446674542,0.1570349931716919
63329.88099713968,0.15703900158405304
63329.94752753393,0.15703900158405304
63330.01405792819,0.1570349931716919
63330.080588322446,0.15703900158405304
63330.1471187167,0.15703900158405304
63330.213649110956,0.15705299377441406
63330.280179505215,0.1570490002632141
63330.346709899466,0.15703900158405304
63330.413240293725,0.157041996717453
63330.47977068798,0.15705299377441406
63330.546301082235,0.15705600380897522
63330.612831476494,0.15705600380897522
63330.67936187075,0.15707099437713623
63330.745892265004,0.1570809930562973
63330.81242265926,0.1570740044116974
63330.87895305352,0.1570879966020584
63330.94548344777,0.15708500146865845
63331.01201384203,0.1570740044116974
63331.07854423629,0.1570740044116974
63331.14507463054,0.15707799792289734
63331.2116050248,0.15708500146865845
63331.27813541906,0.15708500146865845
63331.34466581331,0.15710300207138062
63331.41119620757,0.1570959985256195
63331.47772660183,0.15710300207138062
63331.54425699609,0.15710599720478058
63331.61078739034,0.15709899365901947
63331.6773177846,0.15709899365901947
63331.743848178856,0.15710300207138062
63331.81037857311,0.15711000561714172
63331.876908967366,0.15710599720478058
63331.943439361625,0.15710599720478058
63332.009969755876,0.15711000561714172
63332.076500150135,0.15711000561714172
63332.143030544394,0.1571200042963028
63332.209560938645,0.1571349948644638
63332.276091332904,0.15714199841022491
63332.34262172716,0.15714499354362488
63332.409152121414,0.15714499354362488
63332.47568251567,0.15714900195598602
63332.54221290993,0.15714499354362488
63332.60874330418,0.15714900195598602
63332.67527369844,0.15715600550174713
63332.7418040927,0.15714900195598602
63332.80833448695,0.15714499354362488
63332.87486488121,0.15714499354362488
63332.94139527547,0.15714499354362488
63333.00792566972,0.15714900195598602
63333.07445606398,0.157151997089386
63333.14098645824,0.15715999901294708
63333.20751685249,0.15714499354362488
63333.27404724675,0.15716299414634705
63333.34057764101,0.15716299414634705
63333.40710803526,0.15715999901294708
63333.47363842952,0.1571809947490692
63333.540168823776,0.15716999769210815
63333.60669921803,0.1571670025587082
63333.67322961229,0.1571670025587082
63333.739760006545,0.1571670025587082
63333.8062904008,0.1571670025587082
63333.872820795055,0.15716999769210815
63333.939351189314,0.15717700123786926
63334.005881583565,0.15716299414634705
63334.072411977824,0.15716299414634705
63334.13894237208,0.1571740061044693
63334.205472766334,0.1571809947490692
63334.27200316059,0.1571809947490692
63334.33853355485,0.1571809947490692
63334.4050639491,0.15718799829483032
63334.47159434336,0.15720200538635254
63334.53812473762,0.15719899535179138
63334.60465513187,0.15721599757671356
63334.67118552613,0.15723100304603577
63334.73771592039,0.1572200059890747
63334.80424631464,0.15723100304603577
63334.8707767089,0.1572200059890747
63334.93730710316,0.15721599757671356
63335.00383749741,0.1572200059890747
63335.07036789167,0.15723100304603577
63335.13689828593,0.15723399817943573
63335.203428680186,0.15723399817943573
63335.26995907444,0.15723100304603577
63335.3364894687,0.15723399817943573
63335.403019862955,0.15723399817943573
63335.46955025721,0.15723800659179688
63335.536080651465,0.15723800659179688
63335.602611045724,0.15723800659179688
63335.669141439976,0.1572449952363968
63335.735671834234,0.157259002327919
63335.80220222849,0.15725600719451904
63335.868732622745,0.1572519987821579
63335.935263017,0.1572519987821579
63336.00179341126,0.1572519987821579
63336.06832380551,0.1572519987821579
63336.13485419977,0.15726600587368011
63336.20138459403,0.15725600719451904
63336.26791498828,0.157259002327919
63336.33444538254,0.15727299451828003
63336.4009757768,0.15728099644184113
63336.46750617105,0.15726999938488007
63336.53403656531,0.15726999938488007
63336.60056695957,0.15728799998760223
63336.66709735382,0.15727700293064117
63336.73362774808,0.15728400647640228
63336.80015814234,0.15728799998760223
63336.86668853659,0.15730200707912445
63336.93321893085,0.1573060005903244
63336.99974932511,0.1573060005903244
63337.06627971936,0.1573060005903244
63337.13281011362,0.1573060005903244
63337.199340507876,0.15732699632644653
63337.26587090213,0.15732699632644653
63337.332401296386,0.15732300281524658
63337.398931690645,0.15732300281524658
63337.465462084896,0.15732300281524658
63337.531992479155,0.15734100341796875
63337.59852287341,0.15732300281524658
63337.665053267665,0.15733399987220764
63337.731583661924,0.15734100341796875
63337.79811405618,0.1573520004749298
63337.864644450434,0.15735499560832977
63337.93117484469,0.1573449969291687
63337.99770523895,0.1573449969291687
63338.0642356332,0.15734100341796875
63338.13076602746,0.15734100341796875
63338.19729642172,0.1573449969291687
63338.26382681597,0.15734100341796875
63338.33035721023,0.15735900402069092
63338.39688760449,0.15736599266529083
63338.46341799874,0.15737700462341309
63338.529948393,0.15737999975681305
63338.59647878726,0.15737700462341309
63338.66300918152,0.15737700462341309
63338.72953957577,0.15737700462341309
63338.79606997003,0.15737700462341309
63338.862600364286,0.157383993268013
63338.92913075854,0.15739500522613525
63338.995661152796,0.15739800035953522
63339.062191547055,0.15740199387073517
63339.128721941306,0.15741199254989624
63339.195252335565,0.15740199387073517
63339.26178272982,0.15740899741649628
63339.328313124075,0.15739800035953522
63339.394843518334,0.15740899741649628
63339.46137391259,0.1574299931526184
63339.527904306844,0.1574299931526184
63339.5944347011,0.1574299931526184
63339.66096509536,0.15741600096225739
63339.72749548961,0.15742699801921844
63339.79402588387,0.1574299931526184
63339.86055627813,0.15743400156497955
63339.92708667238,0.1574449986219406
63339.99361706664,0.15744799375534058
63340.0601474609,0.15744799375534058
63340.12667785515,0.15745900571346283
63340.19320824941,0.1574700027704239
63340.25973864367,0.15746599435806274
63340.32626903792,0.15741999447345734
63340.39279943218,0.15740500390529633
63340.45932982644,0.15741600096225739
63340.52586022069,0.15742699801921844
63340.59239061495,0.1574299931526184
63340.658921009206,0.15744100511074066
63340.72545140346,0.1574299931526184
63340.791981797716,0.15743699669837952
63340.858512191975,0.15745499730110168
63340.92504258623,0.1574620008468628
63340.991572980485,0.1574620008468628
63341.058103374744,0.15745900571346283
63341.124633768995,0.15746599435806274
63341.191164163254,0.15746599435806274
63341.25769455751,0.15746599435806274
63341.324224951764,0.15746599435806274
63341.39075534602,0.15748000144958496
63341.45728574028,0.15748700499534607
63341.52381613453,0.15748700499534607
63341.59034652879,0.1574839949607849
63341.65687692305,0.15748700499534607
63341.7234073173,0.15750500559806824
63341.78993771156,0.15750500559806824
63341.85646810582,0.1575089991092682
63341.92299850007,0.15751999616622925
63341.98952889433,0.15751999616622925
63342.05605928859,0.15751999616622925
63342.12258968284,0.1575230062007904
63342.1891200771,0.15752999484539032
63342.25565047136,0.15752699971199036
63342.322180865616,0.15752999484539032
63342.38871125987,0.15752699971199036
63342.45524165413,0.1575479954481125
63342.521772048385,0.1575549989938736
63342.58830244264,0.1575630009174347
63342.654832836895,0.15757299959659576
63342.721363231154,0.15757299959659576
63342.787893625406,0.15758399665355682
63342.854424019664,0.157601997256279
63342.92095441392,0.15760500729084015
63342.987484808174,0.15761999785900116
63343.05401520243,0.15763400495052338
63343.12054559669,0.1576479971408844
63343.18707599094,0.15765899419784546
63343.2536063852,0.1576630026102066
63343.32013677946,0.15767699480056763
63343.38666717371,0.15769100189208984
63343.45319756797,0.15768100321292877
63343.51972796223,0.1576949954032898
63343.58625835648,0.15770600736141205
63343.65278875074,0.15771600604057312
63343.719319145,0.15772700309753418
63343.78584953925,0.1577409952878952
63343.85237993351,0.15774500370025635
63343.91891032777,0.1577409952878952
63343.98544072202,0.15774500370025635
63344.05197111628,0.15776699781417847
63344.11850151054,0.15776699781417847
63344.18503190479,0.15776999294757843
63344.25156229905,0.15777699649333954
63344.318092693306,0.15779200196266174
63344.38462308756,0.15780200064182281
63344.451153481816,0.15780599415302277
63344.517683876074,0.15780599415302277
63344.584214270326,0.15781700611114502
63344.650744664585,0.15782399475574493
63344.71727505884,0.15782000124454498
63344.783805453095,0.1578419953584671
63344.85033584735,0.15785300731658936
63344.91686624161,0.15785999596118927
63344.983396635864,0.1578810065984726
63345.04992703012,0.1578959971666336
63345.11645742438,0.1578959971666336
63345.18298781863,0.15790599584579468
63345.24951821289,0.15791399776935577
63345.31604860715,0.15791699290275574
63345.3825790014,0.15792399644851685
63345.44910939566,0.15793199837207794
63345.51563978992,0.15794600546360016
63345.58217018417,0.15795299410820007
63345.64870057843,0.15796799957752228
63345.71523097269,0.15797799825668335
63345.78176136695,0.1579889953136444
63345.8482917612,0.15799599885940552
63345.91482215546,0.15800300240516663
63345.981352549716,0.15800300240516663
63346.04788294397,0.15801100432872772
63346.114413338226,0.15801799297332764
63346.180943732485,0.1580359935760498
63346.247474126736,0.15805000066757202
63346.314004520995,0.15805399417877197
63346.38053491525,0.15805700421333313
63346.447065309505,0.15805700421333313
63346.513595703764,0.1580680012702942
63346.58012609802,0.15808600187301636
63346.646656492274,0.15810799598693848
63346.71318688653,0.15811899304389954
63346.77971728079,0.15813300013542175
63346.84624767504,0.1581439971923828
63346.9127780693,0.15815800428390503
63346.97930846356,0.15817999839782715
63347.04583885781,0.1581829935312271
63347.11236925207,0.1581909954547882
63347.17889964633,0.15820899605751038
63347.24543004058,0.15822699666023254
63347.31196043484,0.1582379937171936
63347.3784908291,0.15825599431991577
63347.44502122335,0.158270001411438
63347.51155161761,0.15829899907112122
63347.57808201187,0.15830999612808228
63347.64461240612,0.1583240032196045
63347.71114280038,0.1583459973335266
63347.777673194636,0.15836399793624878
63347.84420358889,0.1583710014820099
63347.910733983146,0.15838900208473206
63347.977264377405,0.15839999914169312
63348.04379477166,0.15841400623321533
63348.110325165915,0.15843600034713745
63348.176855560174,0.15845400094985962
63348.243385954425,0.15847599506378174
63348.309916348684,0.15847599506378174
63348.37644674294,0.1584939956665039
63348.442977137194,0.15851199626922607
63348.50950753145,0.1585260033607483
63348.57603792571,0.1585260033607483
63348.64256831996,0.15855200588703156
63348.70909871422,0.15859200060367584
63348.77562910848,0.1586029976606369
63348.84215950273,0.15862399339675903
63348.90868989699,0.1586419939994812
63348.97522029125,0.15866799652576447
63349.0417506855,0.1586969941854477
63349.10828107976,0.15872199833393097
63349.17481147402,0.1587509959936142
63349.24134186827,0.15876899659633636
63349.30787226253,0.15878400206565857
63349.37440265679,0.15880900621414185
63349.440933051046,0.15884199738502502
63349.5074634453,0.1588670015335083
63349.573993839556,0.15889300405979156
63349.640524233815,0.1589069962501526
63349.70705462807,0.15892599523067474
63349.773585022325,0.15894700586795807
63349.840115416584,0.15896199643611908
63349.906645810835,0.1589909940958023
63349.973176205094,0.15901699662208557
63350.03970659935,0.15904200077056885
63350.106236993604,0.15907500684261322
63350.17276738786,0.15910400450229645
63350.23929778212,0.15911899507045746
63350.30582817637,0.15914000570774078
63350.37235857063,0.15915900468826294
63350.43888896489,0.15918399393558502
63350.50541935914,0.15920299291610718
63350.5719497534,0.1592240035533905
63350.63848014766,0.15924599766731262
63350.70501054191,0.1592720001935959
63350.77154093617,0.159293994307518
63350.83807133043,0.15931600332260132
63350.90460172468,0.15933799743652344
63350.97113211894,0.15935200452804565
63351.0376625132,0.1593710035085678
63351.10419290745,0.15938900411128998
63351.17072330171,0.1594180017709732
63351.23725369597,0.15943600237369537
63351.30378409022,0.15945500135421753
63351.37031448448,0.15945500135421753
63351.436844878735,0.15946899354457855
63351.50337527299,0.1594880074262619
63351.569905667246,0.15951000154018402
63351.636436061504,0.15953199565410614
63351.702966455756,0.15954600274562836
63351.769496850015,0.1595499962568283
63351.83602724427,0.15957200527191162
63351.902557638525,0.15958300232887268
63351.96908803278,0.1596049964427948
63352.03561842704,0.159620001912117
63352.102148821294,0.15964500606060028
63352.16867921555,0.15965600311756134
63352.23520960981,0.15967099368572235
63352.30174000406,0.15968899428844452
63352.36827039832,0.15968899428844452
63352.43480079258,0.15970399975776672
63352.50133118683,0.15974099934101105
63352.56786158109,0.1597670018672943
63352.63439197535,0.15977400541305542
63352.7009223696,0.1597920060157776
63352.76745276386,0.15980300307273865
63352.83398315812,0.15983299911022186
63352.90051355237,0.15984399616718292
63352.96704394663,0.1598699986934662
63353.03357434089,0.15989500284194946
63353.100104735146,0.15991699695587158
63353.1666351294,0.15993599593639374
63353.233165523656,0.159961998462677
63353.299695917915,0.15997999906539917
63353.366226312166,0.15999899804592133
63353.432756706425,0.16001300513744354
63353.49928710068,0.16005000472068787
63353.565817494935,0.16007199883460999
63353.63234788919,0.16010500490665436
63353.69887828345,0.1601170003414154
63353.765408677704,0.16014200448989868
63353.83193907196,0.1601720005273819
63353.89846946622,0.16019800305366516
63353.96499986047,0.16023500263690948
63354.03153025473,0.16025300323963165
63354.09806064899,0.1602720022201538
63354.16459104324,0.16030900180339813
63354.2311214375,0.1603270024061203
63354.29765183176,0.16036400198936462
63354.36418222601,0.16041199862957
63354.43071262027,0.16045700013637543
63354.49724301453,0.16049399971961975
63354.56377340878,0.16054199635982513
63354.63030380304,0.1605910062789917
63354.6968341973,0.1606609970331192
63354.76336459155,0.1607470065355301
63354.82989498581,0.16082100570201874
63354.896425380066,0.16088800132274628
63354.96295577432,0.16096700727939606
63355.029486168576,0.1610340029001236
63355.096016562835,0.16109299659729004
63355.162546957086,0.16115300357341766
63355.229077351345,0.16120600700378418
63355.295607745604,0.16127300262451172
63355.362138139855,0.1613219976425171
63355.428668534114,0.16137099266052246
63355.49519892837,0.16141900420188904
63355.561729322624,0.16148699820041656
63355.62825971688,0.1615390032529831
63355.69479011114,0.16160300374031067
63355.76132050539,0.16165199875831604
63355.82785089965,0.16171999275684357
63355.89438129391,0.16179199516773224
63355.96091168816,0.16185200214385986
63356.02744208242,0.16190899908542633
63356.09397247668,0.16198000311851501
63356.16050287093,0.16204099357128143
63356.22703326519,0.16210100054740906
63356.29356365945,0.16217300295829773
63356.3600940537,0.16221900284290314
63356.42662444796,0.1622759997844696
63356.49315484222,0.16232100129127502
63356.559685236476,0.16236700117588043
63356.62621563073,0.1624079942703247
63356.692746024986,0.16245800256729126
63356.759276419245,0.16249999403953552
63356.8258068135,0.162541002035141
63356.892337207755,0.16257600486278534
63356.958867602014,0.16262100636959076
63357.025397996265,0.1626559942960739
63357.091928390524,0.16267900168895721
63357.15845878478,0.16271300613880157
63357.224989179034,0.1627510040998459
63357.29151957329,0.1627819985151291
63357.35804996755,0.16278499364852905
63357.4245803618,0.16281600296497345
63357.49111075606,0.16285400092601776
63357.55764115032,0.162881001830101
63357.62417154457,0.16290800273418427
63357.69070193883,0.16291899979114532
63357.75723233309,0.16295699775218964
63357.82376272734,0.16298800706863403
63357.8902931216,0.1630070060491562
63357.95682351586,0.16301800310611725
63358.02335391011,0.16304099559783936
63358.08988430437,0.16307200491428375
63358.15641469863,0.16310299932956696
63358.22294509288,0.16311800479888916
63358.28947548714,0.16314899921417236
63358.3560058814,0.16317600011825562
63358.42253627565,0.16320200264453888
63358.48906666991,0.16320599615573883
63358.555597064165,0.16323700547218323
63358.62212745842,0.16326799988746643
63358.688657852676,0.16329100728034973
63358.755188246934,0.1633179932832718
63358.821718641186,0.16333700716495514
63358.888249035444,0.16335999965667725
63358.9547794297,0.16339099407196045
63359.021309823955,0.1634020060300827
63359.08784021821,0.16341400146484375
63359.15437061247,0.1634330004453659
63359.22090100672,0.163441002368927
63359.28743140098,0.1634639948606491
63359.35396179524,0.16349400579929352
63359.42049218949,0.16350199282169342
63359.48702258375,0.16350999474525452
63359.55355297801,0.16352899372577667
63359.62008337226,0.16354399919509888
63359.68661376652,0.16354799270629883
63359.75314416078,0.16356399655342102
63359.81967455503,0.16356800496578217
63359.88620494929,0.16358700394630432
63359.95273534355,0.16359099745750427
63360.01926573781,0.16362200677394867
63360.08579613206,0.16362899541854858
63360.15232652632,0.16364899277687073
63360.218856920575,0.16364899277687073
63360.28538731483,0.16365599632263184
63360.351917709086,0.16367200016975403
63360.418448103344,0.1636829972267151
63360.484978497596,0.16369900107383728
63360.551508891855,0.16370999813079834
63360.61803928611,0.1637219935655594
63360.684569680365,0.16372999548912048
63360.75110007462,0.1637369990348816
63360.81763046888,0.16373300552368164
63360.884160863134,0.16373300552368164
63360.95069125739,0.16375699639320374
63361.01722165165,0.16377200186252594
63361.0837520459,0.16378000378608704
63361.15028244016,0.16378000378608704
63361.21681283442,0.1637910008430481
63361.28334322867,0.1638070046901703
63361.34987362293,0.16381800174713135
63361.41640401719,0.16381800174713135
63361.48293441144,0.16381800174713135
63361.5494648057,0.1638299971818924
63361.61599519996,0.16384199261665344
63361.68252559421,0.16384199261665344
63361.74905598847,0.1638530045747757
63361.81558638273,0.16385699808597565
63361.88211677698,0.16386500000953674
63361.94864717124,0.16387300193309784
63362.015177565496,0.16388800740242004
63362.08170795975,0.16388800740242004
63362.148238354006,0.16391099989414215
63362.214768748265,0.1639149934053421
63362.281299142516,0.16391099989414215
63362.347829536775,0.1639309972524643
63362.414359931034,0.16394999623298645
63362.480890325285,0.1639620065689087
63362.547420719544,0.1639769971370697
63362.6139511138,0.16399599611759186
63362.680481508054,0.16401199996471405
63362.74701190231,0.16401199996471405
63362.81354229657,0.1640229970216751
63362.88007269082,0.16403500735759735
63362.94660308508,0.1640470027923584
63363.01313347934,0.16405099630355835
63363.07966387359,0.16406600177288055
63363.14619426785,0.1640699952840805
63363.21272466211,0.1640930026769638
63363.27925505636,0.1640930026769638
63363.34578545062,0.164109006524086
63363.41231584488,0.16412800550460815
63363.47884623913,0.16412800550460815
63363.54537663339,0.16412800550460815
63363.61190702765,0.16414399445056915
63363.6784374219,0.16415899991989136
63363.74496781616,0.16416700184345245
63363.811498210416,0.16417500376701355
63363.878028604675,0.16418999433517456
63363.94455899893,0.16420599818229675
63364.011089393185,0.16420599818229675
63364.077619787444,0.16422100365161896
63364.144150181695,0.1642249971628189
63364.210680575954,0.16424499452114105
63364.27721097021,0.16425999999046326
63364.343741364464,0.16427600383758545
63364.41027175872,0.16427600383758545
63364.47680215298,0.1642870008945465
63364.54333254723,0.16430699825286865
63364.60986294149,0.16432200372219086
63364.67639333575,0.16433799266815186
63364.74292373,0.16434599459171295
63364.80945412426,0.1643570065498352
63364.87598451852,0.16436100006103516
63364.94251491277,0.16436100006103516
63365.00904530703,0.1643649935722351
63365.07557570129,0.1643729954957962
63365.14210609554,0.16438500583171844
63365.2086364898,0.16439999639987946
63365.27516688406,0.1644040048122406
63365.34169727831,0.1644040048122406
63365.40822767257,0.16442400217056274
63365.474758066826,0.16443899273872375
63365.54128846108,0.1644269973039627
63365.60781885534,0.1644349992275238
63365.674349249595,0.1644590049982071
63365.74087964385,0.1644590049982071
63365.807410038105,0.1644590049982071
63365.873940432364,0.16447000205516815
63365.940470826616,0.1644739955663681
63366.007001220874,0.16447800397872925
63366.07353161513,0.16447800397872925
63366.140062009385,0.1644899994134903
63366.20659240364,0.1644980013370514
63366.2731227979,0.1644980013370514
63366.33965319215,0.16450099647045135
63366.40618358641,0.1644980013370514
63366.47271398067,0.16450099647045135
63366.53924437492,0.16451700031757355
63366.60577476918,0.16453300416469574
63366.67230516344,0.1645359992980957
63366.73883555769,0.16453300416469574
63366.80536595195,0.16453999280929565
63366.87189634621,0.1645359992980957
63366.93842674046,0.164560005068779
63367.00495713472,0.16455599665641785
63367.07148752898,0.1645520031452179
63367.13801792323,0.164560005068779
63367.20454831749,0.164560005068779
63367.27107871175,0.16455599665641785
63367.337609106005,0.1645520031452179
63367.40413950026,0.164560005068779
63367.470669894516,0.16455599665641785
63367.537200288774,0.16457900404930115
63367.603730683026,0.16459499299526215
63367.670261077285,0.1645990014076233
63367.73679147154,0.16460299491882324
63367.803321865795,0.16459499299526215
63367.86985226005,0.16459499299526215
63367.93638265431,0.1646070033311844
63368.002913048564,0.16459499299526215
63368.06944344282,0.1646070033311844
63368.13597383708,0.16462600231170654
63368.20250423133,0.1646379977464676
63368.26903462559,0.1646299958229065
63368.33556501985,0.16463400423526764
63368.4020954141,0.16464200615882874
63368.46862580836,0.16465400159358978
63368.53515620262,0.16465400159358978
63368.60168659687,0.16465400159358978
63368.66821699113,0.164669007062912
63368.73474738539,0.16467300057411194
63368.80127777964,0.16469299793243408
63368.8678081739,0.1647000014781952
63368.93433856816,0.16471199691295624
63369.00086896241,0.16471600532531738
63369.06739935667,0.1647389978170395
63369.133929750926,0.16475500166416168
63369.20046014518,0.16475099325180054
63369.266990539436,0.16475500166416168
63369.333520933695,0.16477900743484497
63369.400051327946,0.16479000449180603
63369.466581722205,0.16479000449180603
63369.53311211646,0.16479000449180603
63369.599642510715,0.16479399800300598
63369.666172904974,0.16481000185012817
63369.73270329923,0.16481000185012817
63369.799233693484,0.16481000185012817
63369.86576408774,0.16481399536132812
63369.932294482,0.16481399536132812
63369.99882487625,0.16482900083065033
63370.06535527051,0.16482900083065033
63370.13188566477,0.16481800377368927
63370.19841605902,0.16481000185012817
63370.26494645328,0.16482900083065033
63370.33147684754,0.16483700275421143
63370.39800724179,0.16484500467777252
63370.46453763605,0.16484899818897247
63370.53106803031,0.16486500203609467
63370.59759842456,0.16485700011253357
63370.66412881882,0.16485300660133362
63370.73065921308,0.16484899818897247
63370.79718960733,0.16484899818897247
63370.86372000159,0.16484099626541138
63370.930250395846,0.16484899818897247
63370.996780790105,0.16484899818897247
63371.063311184356,0.16486899554729462
63371.129841578615,0.16487599909305573
63371.196371972874,0.16488799452781677
63371.262902367125,0.16487999260425568
63371.329432761384,0.16487200558185577
63371.39596315564,0.16488400101661682
63371.462493549894,0.16488799452781677
63371.52902394415,0.16487599909305573
63371.59555433841,0.16486899554729462
63371.66208473266,0.16487999260425568
63371.72861512692,0.16486899554729462
63371.79514552118,0.16487599909305573
63371.86167591543,0.16487599909305573
63371.92820630969,0.16486899554729462
63371.99473670395,0.16486899554729462
63372.0612670982,0.16486899554729462
63372.12779749246,0.16486899554729462
63372.19432788672,0.16486099362373352
63372.26085828097,0.16486899554729462
63372.32738867523,0.16487599909305573
63372.39391906949,0.16487200558185577
63372.46044946374,0.16487599909305573
63372.526979858,0.16488799452781677
63372.593510252256,0.16486899554729462
63372.66004064651,0.16485700011253357
63372.72657104077,0.16486500203609467
63372.793101435025,0.16487999260425568
63372.85963182928,0.16488400101661682
63372.926162223535,0.16488799452781677
63372.992692617794,0.16488400101661682
63373.059223012046,0.16487999260425568
63373.125753406304,0.16487999260425568
63373.19228380056,0.16488799452781677
63373.258814194814,0.16487200558185577
63373.32534458907,0.16488799452781677
63373.39187498333,0.1649080067873001
63373.45840537758,0.16491900384426117
63373.52493577184,0.16491900384426117
63373.5914661661,0.16491900384426117
63373.65799656035,0.16494299471378326
63373.72452695461,0.1649390012025833
63373.79105734887,0.16493499279022217
63373.85758774312,0.16493499279022217
63373.92411813738,0.1649390012025833
63373.99064853164,0.1649470031261444
63374.05717892589,0.1649470031261444
63374.12370932015,0.16496600210666656
63374.19023971441,0.16497400403022766
63374.25677010866,0.1649779975414276
63374.32330050292,0.16498999297618866
63374.38983089718,0.16499799489974976
63374.456361291435,0.165010005235672
63374.52289168569,0.165010005235672
63374.589422079946,0.16503700613975525
63374.655952474204,0.16504499316215515
63374.722482868456,0.16505299508571625
63374.789013262714,0.16504499316215515
63374.85554365697,0.16506099700927734
63374.922074051225,0.1650799959897995
63374.98860444548,0.16509200632572174
63375.05513483974,0.1650799959897995
63375.12166523399,0.16509999334812164
63375.18819562825,0.1651040017604828
63375.25472602251,0.16511200368404388
63375.32125641676,0.165119007229805
63375.38778681102,0.16512300074100494
63375.45431720528,0.16513100266456604
63375.52084759953,0.16513100266456604
63375.58737799379,0.1651429980993271
63375.65390838805,0.165134996175766
63375.7204387823,0.1651429980993271
63375.78696917656,0.1651429980993271
63375.85349957082,0.16514700651168823
63375.92002996507,0.16515499353408813
63375.98656035933,0.1651429980993271
63376.05309075359,0.16513100266456604
63376.11962114784,0.1651429980993271
63376.1861515421,0.16514700651168823
63376.252681936356,0.16515900194644928
63376.31921233061,0.16517099738121033
63376.385742724866,0.16516700387001038
63376.452273119125,0.16517400741577148
63376.518803513376,0.16519400477409363
63376.585333907635,0.16518999636173248
63376.65186430189,0.16520200669765472
63376.718394696145,0.16521799564361572
63376.784925090404,0.16522200405597687
63376.85145548466,0.16522599756717682
63376.917985878914,0.16522200405597687
63376.98451627317,0.16522599756717682
63377.05104666743,0.16524100303649902
63377.11757706168,0.16525299847126007
63377.18410745594,0.16526100039482117
63377.2506378502,0.16526100039482117
63377.31716824445,0.16525700688362122
63377.38369863871,0.16522200405597687
63377.45022903297,0.16520200669765472
63377.51675942722,0.16521400213241577
63377.58328982148,0.16524499654769897
63377.64982021574,0.16527299582958221
63377.71635060999,0.16529600322246552
63377.78288100425,0.16528800129890442
63377.84941139851,0.16529199481010437
63377.91594179276,0.16531600058078766
63377.98247218702,0.1653199940919876
63378.049002581276,0.1653199940919876
63378.115532975535,0.1653120070695877
63378.182063369786,0.16529999673366547
63378.248593764045,0.16529999673366547
63378.315124158304,0.16529999673366547
63378.381654552555,0.16529199481010437
63378.448184946814,0.16529999673366547
63378.51471534107,0.1653040051460266
63378.581245735324,0.1653040051460266
63378.64777612958,0.1653040051460266
63378.71430652384,0.1653120070695877
63378.78083691809,0.16533200442790985
63378.84736731235,0.16534000635147095
63378.91389770661,0.1653359979391098
63378.98042810086,0.1653359979391098
63379.04695849512,0.16534000635147095
63379.11348888938,0.16535499691963196
63379.18001928363,0.1653670072555542
63379.24654967789,0.16536299884319305
63379.31308007215,0.1653590053319931
63379.3796104664,0.1653749942779541
63379.44614086066,0.16536299884319305
63379.51267125492,0.16536299884319305
63379.57920164917,0.1653909981250763
63379.64573204343,0.16540299355983734
63379.712262437686,0.1654220074415207
63379.77879283194,0.16543400287628174
63379.845323226196,0.1654299944639206
63379.911853620455,0.16544599831104279
63379.97838401471,0.16546599566936493
63380.044914408965,0.16547800600528717
63380.111444803224,0.16548100113868713
63380.177975197475,0.16549700498580933
63380.244505591734,0.16557200253009796
63380.31103598599,0.16594000160694122
63380.377566380244,0.1662140041589737
63380.4440967745,0.16615499556064606
63380.51062716876,0.16610300540924072
63380.57715756301,0.1661819964647293
63380.64368795727,0.1661819964647293
63380.71021835153,0.16632600128650665
63380.77674874578,0.16637800633907318
63380.84327914004,0.16642099618911743
63380.9098095343,0.16645300388336182
63380.97633992855,0.16644099354743958
63381.04287032281,0.16643700003623962
63381.10940071707,0.1664610058069229
63381.17593111132,0.16645300388336182
63381.24246150558,0.16646899282932281
63381.30899189984,0.16645300388336182
63381.37552229409,0.1663929969072342
63381.44205268835,0.1663299947977066
63381.50858308261,0.16628600656986237
63381.575113476865,0.16625000536441803
63381.64164387112,0.1662299931049347
63381.708174265375,0.16625000536441803
63381.774704659634,0.16627000272274017
63381.841235053886,0.1662379950284958
63381.907765448144,0.16623400151729584
63381.9742958424,0.16623400151729584
63382.040826236655,0.1662299931049347
63382.10735663091,0.16624200344085693
63382.17388702517,0.16628600656986237
63382.24041741942,0.16630999743938446
63382.30694781368,0.16630999743938446
63382.37347820794,0.16629000008106232
63382.44000860219,0.1662980020046234
63382.50653899645,0.16630999743938446
63382.57306939071,0.1663219928741455
63382.63959978496,0.1663140058517456
63382.70613017922,0.1663299947977066
63382.77266057348,0.1663299947977066
63382.83919096773,0.1663299947977066
63382.90572136199,0.16635000705718994
63382.97225175625,0.16637399792671204
63383.0387821505,0.16639700531959534
63383.10531254476,0.16640900075435638
63383.17184293902,0.16642500460147858
63383.23837333327,0.16644099354743958
63383.30490372753,0.16646899282932281
63383.371434121786,0.1665170043706894
63383.43796451604,0.16654899716377258
63383.504494910296,0.16659300029277802
63383.571025304554,0.1666249930858612
63383.637555698806,0.16665300726890564
63383.704086093065,0.16666899621486664
63383.77061648732,0.16668500006198883
63383.837146881575,0.16670900583267212
63383.90367727583,0.16671699285507202
63383.97020767009,0.16672499477863312
63384.036738064344,0.16672100126743317
63384.1032684586,0.16672900319099426
63384.16979885286,0.1667409986257553
63384.23632924711,0.1667570024728775
63384.30285964137,0.16675299406051636
63384.36939003563,0.16676899790763855
63384.43592042988,0.1667730063199997
63384.50245082414,0.16680100560188293
63384.5689812184,0.16682100296020508
63384.63551161265,0.16683299839496613
63384.70204200691,0.16683700680732727
63384.76857240117,0.16683299839496613
63384.83510279542,0.16681699454784393
63384.90163318968,0.16682100296020508
63384.96816358394,0.16682900488376617
63385.03469397819,0.16682100296020508
63385.10122437245,0.16681699454784393
63385.167754766706,0.16682900488376617
63385.234285160965,0.16682900488376617
63385.300815555216,0.16685299575328827
63385.367345949475,0.1668729931116104
63385.43387634373,0.16686899960041046
63385.500406737985,0.16688500344753265
63385.566937132244,0.16687700152397156
63385.6334675265,0.16686899960041046
63385.699997920754,0.1668809950351715
63385.76652831501,0.16686899960041046
63385.83305870927,0.16684900224208832
63385.89958910352,0.16682100296020508
63385.96611949778,0.16680100560188293
63386.03264989204,0.16678500175476074
63386.09918028629,0.16675299406051636
63386.16571068055,0.16675299406051636
63386.23224107481,0.1667329967021942
63386.29877146906,0.1667490005493164
63386.36530186332,0.1667409986257553
63386.43183225758,0.16672900319099426
63386.49836265183,0.16672900319099426
63386.56489304609,0.16672900319099426
63386.63142344035,0.16672900319099426
63386.6979538346,0.1667409986257553
63386.76448422886,0.16675299406051636
63386.831014623116,0.1667650043964386
63386.89754501737,0.1667809933423996
63386.964075411626,0.1667889952659607
63387.030605805885,0.1667809933423996
63387.09713620014,0.1667650043964386
63387.163666594395,0.1667650043964386
63387.230196988654,0.1667490005493164
63387.296727382905,0.1667329967021942
63387.363257777164,0.1667329967021942
63387.42978817142,0.16674500703811646
63387.496318565674,0.16673700511455536
63387.56284895993,0.16672100126743317
63387.62937935419,0.16670900583267212
63387.69590974844,0.16672900319099426
63387.7624401427,0.16673700511455536
63387.82897053696,0.1667329967021942
63387.89550093121,0.16672900319099426
63387.96203132547,0.16671299934387207
63388.02856171973,0.16671299934387207
63388.09509211398,0.16670900583267212
63388.16162250824,0.16669300198554993
63388.2281529025,0.16669699549674988
63388.29468329675,0.16667300462722778
63388.36121369101,0.16668899357318878
63388.42774408527,0.16667699813842773
63388.49427447952,0.1666570007801056
63388.56080487378,0.1666489988565445
63388.62733526804,0.16666099429130554
63388.693865662295,0.16666899621486664
63388.76039605655,0.16668100655078888
63388.826926450805,0.16667699813842773
63388.893456845064,0.16667300462722778
63388.959987239316,0.16665300726890564
63389.026517633574,0.1666489988565445
63389.09304802783,0.1666489988565445
63389.159578422084,0.1666489988565445
63389.22610881634,0.1666409969329834
63389.2926392106,0.1666170060634613
63389.35916960485,0.16662099957466125
63389.42569999911,0.1666329950094223
63389.49223039337,0.16664500534534454
63389.55876078762,0.16663700342178345
63389.62529118188,0.16663700342178345
63389.69182157614,0.1666090041399002
63389.75835197039,0.16659699380397797
63389.82488236465,0.16661299765110016
63389.89141275891,0.16662099957466125
63389.95794315316,0.16662900149822235
63390.02447354742,0.1666329950094223
63390.09100394168,0.16662900149822235
63390.15753433593,0.16662900149822235
63390.22406473019,0.1666329950094223
63390.29059512445,0.1666329950094223
63390.3571255187,0.16661299765110016
63390.42365591296,0.1666090041399002
63390.490186307215,0.1666090041399002
63390.55671670147,0.16661299765110016
63390.623247095726,0.16661299765110016
63390.689777489984,0.16658900678157806
63390.756307884236,0.16659300029277802
63390.822838278495,0.16659699380397797
63390.88936867275,0.1666010022163391
63390.955899067005,0.1666170060634613
63391.02242946126,0.16661299765110016
63391.08895985552,0.1666090041399002
63391.155490249774,0.16658900678157806
63391.22202064403,0.16658499836921692
63391.28855103829,0.16656899452209473
63391.35508143254,0.16655699908733368
63391.4216118268,0.16654899716377258
63391.48814222106,0.1665329933166504
63391.55467261531,0.16654500365257263
63391.62120300957,0.16653700172901154
63391.68773340383,0.1665329933166504
63391.75426379808,0.1665329933166504
63391.82079419234,0.16656099259853363
63391.8873245866,0.16656099259853363
63391.95385498085,0.16656500101089478
63392.02038537511,0.16658100485801697
63392.08691576937,0.16657699644565582
63392.15344616362,0.16656899452209473
63392.21997655788,0.16657300293445587
63392.286506952136,0.16656899452209473
63392.353037346395,0.16655699908733368
63392.419567740646,0.16655699908733368
63392.486098134905,0.16654899716377258
63392.55262852916,0.16654899716377258
63392.619158923415,0.16654899716377258
63392.685689317674,0.1665329933166504
63392.75221971193,0.16653700172901154
63392.818750106184,0.16654899716377258
63392.88528050044,0.16655699908733368
63392.9518108947,0.16656899452209473
63393.01834128895,0.16656099259853363
63393.08487168321,0.16656899452209473
63393.15140207747,0.16656899452209473
63393.21793247172,0.16657699644565582
63393.28446286598,0.16659300029277802
63393.35099326024,0.1666010022163391
63393.41752365449,0.16661299765110016
63393.48405404875,0.16661299765110016
63393.55058444301,0.1666090041399002
63393.61711483726,0.16661299765110016
63393.68364523152,0.16661299765110016
63393.75017562578,0.16661299765110016
63393.81670602003,0.16663700342178345
63393.88323641429,0.16662900149822235
63393.949766808546,0.16663700342178345
63394.0162972028,0.1666249930858612
63394.082827597056,0.1666249930858612
63394.149357991315,0.16663700342178345
63394.215888385566,0.1666409969329834
63394.282418779825,0.1666489988565445
63394.348949174084,0.1666409969329834
63394.415479568335,0.1666489988565445
63394.482009962594,0.1666489988565445
63394.54854035685,0.16665300726890564
63394.615070751104,0.1666570007801056
63394.68160114536,0.1666650027036667
63394.74813153962,0.16666099429130554
63394.81466193387,0.16666899621486664
63394.88119232813,0.16666899621486664
63394.94772272239,0.16668100655078888
63395.01425311664,0.16668500006198883
63395.0807835109,0.16668500006198883
63395.14731390516,0.16668899357318878
63395.21384429941,0.16668100655078888
63395.28037469367,0.16667699813842773
63395.34690508793,0.16667699813842773
63395.41343548218,0.16666899621486664
63395.47996587644,0.16668500006198883
63395.5464962707,0.16668899357318878
63395.61302666495,0.16668500006198883
63395.67955705921,0.16667699813842773
63395.746087453466,0.16668500006198883
63395.812617847725,0.16668899357318878
63395.87914824198,0.16668500006198883
63395.945678636235,0.16668500006198883
63396.012209030494,0.16667300462722778
63396.078739424745,0.16668100655078888
63396.145269819004,0.16667699813842773
63396.21180021326,0.16666899621486664
63396.278330607514,0.16667300462722778
63396.34486100177,0.16668500006198883
63396.41139139603,0.16666099429130554
63396.47792179028,0.16666099429130554
63396.54445218454,0.16665300726890564
63396.6109825788,0.1666489988565445
63396.67751297305,0.1666489988565445
63396.74404336731,0.1666329950094223
63396.81057376157,0.16664500534534454
63396.87710415582,0.16663700342178345
63396.94363455008,0.16662900149822235
63397.01016494434,0.16662900149822235
63397.07669533859,0.16661299765110016
63397.14322573285,0.1666249930858612
63397.20975612711,0.1666090041399002
63397.27628652136,0.16658900678157806
63397.34281691562,0.16658900678157806
63397.40934730988,0.16659300029277802
63397.47587770413,0.16658100485801697
63397.54240809839,0.16656899452209473
63397.608938492645,0.16657699644565582
63397.6754688869,0.16656899452209473
63397.741999281156,0.16656899452209473
63397.808529675414,0.16656899452209473
63397.875060069666,0.16658900678157806
63397.941590463925,0.16658900678157806
63398.00812085818,0.16658900678157806
63398.074651252435,0.16658499836921692
63398.14118164669,0.16658900678157806
63398.20771204095,0.16658900678157806
63398.2742424352,0.16658499836921692
63398.34077282946,0.16658100485801697
63398.40730322372,0.16656899452209473
63398.47383361797,0.16656099259853363
63398.54036401223,0.16656899452209473
63398.60689440649,0.16656899452209473
63398.67342480074,0.16656899452209473
63398.739955195,0.16657300293445587
63398.80648558926,0.16656899452209473
63398.87301598351,0.16656899452209473
63398.93954637777,0.16656899452209473
63399.00607677203,0.16656500101089478
63399.07260716628,0.16656500101089478
63399.13913756054,0.16654899716377258
63399.2056679548,0.16655300557613373
63399.27219834905,0.16654899716377258
63399.33872874331,0.16652899980545044
63399.405259137566,0.1665329933166504
63399.471789531824,0.16652899980545044
63399.538319926076,0.1665170043706894
63399.604850320335,0.1665170043706894
63399.67138071459,0.1665010005235672
63399.737911108845,0.166484996676445
63399.8044415031,0.16648100316524506
63399.87097189736,0.1664769947528839
63399.937502291614,0.16646899282932281
63400.00403268587,0.1664769947528839
63400.07056308013,0.16648900508880615
63400.13709347438,0.16645699739456177
63400.20362386864,0.16644500195980072
63400.2701542629,0.16645300388336182
63400.33668465715,0.16646899282932281
63400.40321505141,0.16646899282932281
63400.46974544567,0.16646499931812286
63400.53627583992,0.16645699739456177
63400.60280623418,0.1664610058069229
63400.66933662844,0.16645699739456177
63400.73586702269,0.16644500195980072
63400.80239741695,0.16643300652503967
63400.86892781121,0.16645300388336182
63400.93545820546,0.16644500195980072
63401.00198859972,0.16642899811267853
63401.068518993976,0.16643300652503967
63401.13504938823,0.16644899547100067
63401.201579782486,0.16644099354743958
63401.268110176745,0.16642899811267853
63401.334640570996,0.16642899811267853
63401.401170965255,0.16644099354743958
63401.467701359514,0.16643300652503967
63401.534231753765,0.16644099354743958
63401.600762148024,0.16645300388336182
63401.66729254228,0.16644899547100067
63401.733822936534,0.16644500195980072
63401.80035333079,0.16644899547100067
63401.86688372505,0.16643300652503967
63401.9334141193,0.16642899811267853
63401.99994451356,0.16644500195980072
63402.06647490782,0.16644899547100067
63402.13300530207,0.16644899547100067
63402.19953569633,0.16643300652503967
63402.26606609059,0.16643700003623962
63402.33259648484,0.16644899547100067
63402.3991268791,0.16643300652503967
63402.46565727336,0.16642899811267853
63402.53218766761,0.16643700003623962
63402.59871806187,0.16642899811267853
63402.66524845613,0.16640900075435638
63402.73177885038,0.16642899811267853
63402.79830924464,0.16642899811267853
63402.864839638896,0.16642899811267853
63402.931370033155,0.16640900075435638
63402.99790042741,0.16640900075435638
63403.064430821665,0.16639000177383423
63403.130961215924,0.16639000177383423
63403.197491610175,0.16639000177383423
63403.264022004434,0.16639000177383423
63403.33055239869,0.1663929969072342
63403.397082792944,0.16639000177383423
63403.4636131872,0.16639000177383423
63403.53014358146,0.16639000177383423
63403.59667397571,0.16637399792671204
63403.66320436997,0.16637000441551208
63403.72973476423,0.16638599336147308
63403.79626515848,0.16639000177383423
63403.86279555274,0.1663929969072342
63403.929325947,0.16639000177383423
63403.99585634125,0.16640900075435638
63404.06238673551,0.16640900075435638
63404.12891712977,0.16641299426555634
63404.19544752402,0.16640900075435638
63404.26197791828,0.16641299426555634
63404.32850831254,0.16640900075435638
63404.39503870679,0.16640900075435638
63404.46156910105,0.16641700267791748
63404.52809949531,0.16642899811267853
63404.59462988956,0.16642500460147858
63404.66116028382,0.16641299426555634
63404.727690678075,0.16642500460147858
63404.79422107233,0.16642899811267853
63404.860751466585,0.16642899811267853
63404.927281860844,0.16643300652503967
63404.993812255096,0.16640900075435638
63405.060342649354,0.16641299426555634
63405.12687304361,0.16640900075435638
63405.193403437865,0.16641700267791748
63405.25993383212,0.16642899811267853
63405.32646422638,0.16641700267791748
63405.39299462063,0.16640900075435638
63405.45952501489,0.16640900075435638
63405.52605540915,0.16640900075435638
63405.5925858034,0.16641299426555634
63405.65911619766,0.16642099618911743
63405.72564659192,0.16642500460147858
63405.79217698617,0.16642899811267853
63405.85870738043,0.16641299426555634
63405.92523777469,0.16640900075435638
63405.99176816894,0.16640500724315643
63406.0582985632,0.16640900075435638
63406.12482895746,0.16641299426555634
63406.19135935171,0.1664009988307953
63406.25788974597,0.16639700531959534
63406.32442014023,0.16639700531959534
63406.39095053448,0.16640900075435638
63406.45748092874,0.1663929969072342
63406.524011322996,0.1663929969072342
63406.59054171725,0.16639000177383423
63406.657072111506,0.16639000177383423
63406.723602505765,0.16639000177383423
63406.79013290002,0.16639000177383423
63406.856663294275,0.16639000177383423
63406.92319368853,0.16638599336147308
63406.98972408279,0.16637800633907318
63407.056254477044,0.16638599336147308
63407.1227848713,0.16639000177383423
63407.18931526556,0.16639000177383423
63407.25584565981,0.16639000177383423
63407.32237605407,0.16639000177383423
63407.38890644833,0.1664009988307953
63407.45543684258,0.16640900075435638
63407.52196723684,0.16640900075435638
63407.5884976311,0.16639700531959534
63407.65502802535,0.16639000177383423
63407.72155841961,0.1664009988307953
63407.78808881387,0.1663929969072342
63407.85461920812,0.16639000177383423
63407.92114960238,0.16640500724315643
63407.98767999664,0.16642500460147858
63408.05421039089,0.16640900075435638
63408.12074078515,0.16641299426555634
63408.187271179406,0.16642899811267853
63408.25380157366,0.16642899811267853
63408.320331967916,0.16642899811267853
63408.386862362175,0.16644099354743958
63408.453392756426,0.1664610058069229
63408.519923150685,0.16644899547100067
63408.586453544944,0.16646899282932281
63408.652983939195,0.16645699739456177
63408.719514333454,0.16644899547100067
63408.78604472771,0.16646499931812286
63408.852575121964,0.16646899282932281
63408.91910551622,0.166484996676445
63408.98563591048,0.16649700701236725
63409.05216630473,0.1665090024471283
63409.11869669899,0.1665090024471283
63409.18522709325,0.16651299595832825
63409.2517574875,0.16652099788188934
63409.31828788176,0.16652899980545044
63409.38481827602,0.16652899980545044
63409.45134867027,0.1665170043706894
63409.51787906453,0.1665170043706894
63409.58440945879,0.1665090024471283
63409.65093985304,0.16651299595832825
63409.7174702473,0.1665170043706894
63409.78400064156,0.16650499403476715
63409.85053103581,0.1665010005235672
63409.91706143007,0.16650499403476715
63409.983591824326,0.1665250062942505
63410.050122218585,0.16652899980545044
63410.116652612836,0.16651299595832825
63410.183183007095,0.1665250062942505
63410.249713401354,0.16652899980545044
63410.316243795605,0.1665250062942505
63410.382774189864,0.16652899980545044
63410.44930458412,0.16652899980545044
63410.515834978374,0.16651299595832825
63410.58236537263,0.1665250062942505
63410.64889576689,0.16652099788188934
63410.71542616114,0.1665090024471283
63410.7819565554,0.1665010005235672
63410.84848694966,0.1665090024471283
63410.91501734391,0.1665090024471283
63410.98154773817,0.1665090024471283
63411.04807813243,0.1665090024471283
63411.11460852668,0.1665090024471283
63411.18113892094,0.1665090024471283
63411.2476693152,0.1665170043706894
63411.31419970945,0.1665090024471283
63411.38073010371,0.16651299595832825
63411.44726049797,0.16652899980545044
63411.51379089222,0.1665250062942505
63411.58032128648,0.16652899980545044
63411.646851680736,0.1665250062942505
63411.71338207499,0.16653700172901154
63411.77991246925,0.16652899980545044
63411.846442863505,0.1665329933166504
63411.91297325776,0.16655300557613373
63411.979503652015,0.16654899716377258
63412.046034046274,0.16654899716377258
63412.112564440526,0.16656500101089478
63412.179094834784,0.16657699644565582
63412.24562522904,0.16658499836921692
63412.312155623295,0.16658900678157806
63412.37868601755,0.16660499572753906
63412.44521641181,0.16660499572753906
63412.51174680606,0.1666090041399002
63412.57827720032,0.16661299765110016
63412.64480759458,0.1666249930858612
63412.71133798883,0.1666409969329834
63412.77786838309,0.16663700342178345
63412.84439877735,0.16663700342178345
63412.9109291716,0.1666489988565445
63412.97745956586,0.1666489988565445
63413.04398996012,0.1666489988565445
63413.11052035437,0.16665300726890564
63413.17705074863,0.16665300726890564
63413.24358114289,0.1666650027036667
63413.31011153714,0.16666899621486664
63413.3766419314,0.16667699813842773
63413.44317232566,0.16667699813842773
63413.50970271991,0.16668899357318878
63413.57623311417,0.16670100390911102
63413.642763508426,0.16670900583267212
63413.70929390268,0.16669699549674988
63413.775824296936,0.16668899357318878
63413.842354691194,0.16668899357318878
63413.90888508545,0.16668500006198883
63413.975415479705,0.16668500006198883
63414.04194587396,0.16669300198554993
63414.10847626822,0.16669300198554993
63414.17500666247,0.16668899357318878
63414.24153705673,0.16670499742031097
63414.30806745099,0.16670900583267212
63414.37459784524,0.16670900583267212
63414.4411282395,0.16670900583267212
63414.50765863376,0.16670900583267212
63414.57418902801,0.16670900583267212
63414.64071942227,0.16672900319099426
63414.70724981653,0.16672900319099426
63414.77378021078,0.16672900319099426
63414.84031060504,0.1667329967021942
63414.9068409993,0.16673700511455536
63414.97337139355,0.1667329967021942
63415.03990178781,0.16672100126743317
63415.10643218207,0.16672100126743317
63415.17296257632,0.1667329967021942
63415.23949297058,0.16672900319099426
63415.306023364836,0.16672900319099426
63415.37255375909,0.16671299934387207
63415.439084153346,0.16670900583267212
63415.505614547605,0.16670900583267212
63415.572144941856,0.16670499742031097
63415.638675336115,0.16669699549674988
63415.70520573037,0.16668899357318878
63415.771736124625,0.16668899357318878
63415.838266518884,0.16669699549674988
63415.90479691314,0.16670900583267212
63415.971327307394,0.16670900583267212
63416.03785770165,0.16670900583267212
63416.10438809591,0.16670900583267212
63416.17091849016,0.16670900583267212
63416.23744888442,0.16670100390911102
63416.30397927868,0.16669300198554993
63416.37050967293,0.16670499742031097
63416.43704006719,0.16670900583267212
63416.50357046145,0.16670100390911102
63416.5701008557,0.16669699549674988
63416.63663124996,0.16668899357318878
63416.70316164422,0.16668500006198883
63416.76969203847,0.16668500006198883
63416.83622243273,0.16668899357318878
63416.90275282699,0.16669699549674988
63416.96928322124,0.16669300198554993
63417.0358136155,0.16668899357318878
63417.102344009756,0.16668899357318878
63417.168874404015,0.16668899357318878
63417.235404798266,0.16668500006198883
63417.301935192525,0.16668899357318878
63417.368465586784,0.16669300198554993
63417.434995981035,0.16669300198554993
63417.501526375294,0.16668899357318878
63417.56805676955,0.16669300198554993
63417.634587163804,0.16670100390911102
63417.70111755806,0.16670900583267212
63417.76764795232,0.16671699285507202
63417.83417834657,0.16671699285507202
63417.90070874083,0.16671699285507202
63417.96723913509,0.16672900319099426
63418.03376952934,0.16673700511455536
63418.1002999236,0.1667329967021942
63418.16683031786,0.16672900319099426
63418.23336071211,0.16672900319099426
63418.29989110637,0.1667329967021942
63418.36642150063,0.1667570024728775
63418.43295189488,0.16676099598407745
63418.49948228914,0.16676899790763855
63418.5660126834,0.16678500175476074
63418.63254307765,0.1667889952659607
63418.69907347191,0.1667889952659607
63418.765603866166,0.1667889952659607
63418.83213426042,0.16680100560188293
63418.89866465468,0.16682100296020508
63418.965195048935,0.16680899262428284
63419.03172544319,0.16682100296020508
63419.098255837445,0.16682900488376617
63419.164786231704,0.16682900488376617
63419.231316625956,0.16684499382972717
63419.297847020214,0.16684499382972717
63419.36437741447,0.16684100031852722
63419.430907808724,0.16684900224208832
63419.49743820298,0.16684900224208832
63419.56396859724,0.16684900224208832
63419.63049899149,0.16684900224208832
63419.69702938575,0.16686899960041046
63419.76355978001,0.1668650060892105
63419.83009017426,0.1668650060892105
63419.89662056852,0.16686899960041046
63419.96315096278,0.16686899960041046
63420.02968135703,0.16685299575328827
63420.09621175129,0.16685299575328827
63420.16274214555,0.16684900224208832
63420.2292725398,0.16683700680732727
63420.29580293406,0.16684499382972717
63420.36233332832,0.16684100031852722
63420.42886372257,0.16684100031852722
63420.49539411683,0.16682900488376617
63420.56192451109,0.16681699454784393
63420.62845490534,0.16682900488376617
63420.6949852996,0.16682900488376617
63420.761515693855,0.16682499647140503
63420.82804608811,0.16682900488376617
63420.894576482366,0.16682900488376617
63420.961106876624,0.16681300103664398
63421.02763727088,0.16680899262428284
63421.094167665135,0.16680899262428284
63421.16069805939,0.1667969971895218
63421.22722845365,0.1667889952659607
63421.2937588479,0.1667889952659607
63421.36028924216,0.1667969971895218
63421.42681963642,0.1667889952659607
63421.49335003067,0.1667889952659607
63421.55988042493,0.1667809933423996
63421.62641081919,0.16676899790763855
63421.69294121344,0.1667809933423996
63421.7594716077,0.16676899790763855
63421.82600200196,0.1667650043964386
63421.89253239621,0.1667570024728775
63421.95906279047,0.16675299406051636
63422.02559318473,0.16676899790763855
63422.09212357898,0.16675299406051636
63422.15865397324,0.16675299406051636
63422.2251843675,0.1667490005493164
63422.29171476175,0.16673700511455536
63422.35824515601,0.16672900319099426
63422.424775550266,0.16672900319099426
63422.49130594452,0.1667329967021942
63422.557836338776,0.16672900319099426
63422.624366733035,0.1667409986257553
63422.690897127286,0.1667490005493164
63422.757427521545,0.16672900319099426
63422.8239579158,0.1667409986257553
63422.890488310055,0.1667329967021942
63422.957018704314,0.16673700511455536
63423.02354909857,0.16672900319099426
63423.090079492824,0.16673700511455536
63423.15660988708,0.1667490005493164
63423.22314028134,0.1667570024728775
63423.28967067559,0.16676899790763855
63423.35620106985,0.16676899790763855
63423.42273146411,0.16676899790763855
63423.48926185836,0.16676899790763855
63423.55579225262,0.1667809933423996
63423.62232264688,0.16676899790763855
63423.68885304113,0.16678500175476074
63423.75538343539,0.1667730063199997
63423.82191382965,0.16676899790763855
63423.8884442239,0.1667730063199997
63423.95497461816,0.16676899790763855
63424.02150501242,0.16677699983119965
63424.08803540667,0.1667809933423996
63424.15456580093,0.1667889952659607
63424.221096195186,0.16679300367832184
63424.287626589445,0.1667889952659607
63424.354156983696,0.1667889952659607
63424.420687377955,0.1667889952659607
63424.48721777221,0.1667889952659607
63424.553748166465,0.16680499911308289
63424.620278560724,0.16680100560188293
63424.68680895498,0.16679300367832184
63424.753339349234,0.16679300367832184
63424.81986974349,0.1667889952659607
63424.88640013775,0.16679300367832184
63424.952930532,0.16679300367832184
63425.01946092626,0.1667809933423996
63425.08599132052,0.1667809933423996
63425.15252171477,0.1667889952659607
63425.21905210903,0.1667889952659607
63425.28558250329,0.1667730063199997
63425.35211289754,0.16676899790763855
63425.4186432918,0.1667730063199997
63425.48517368606,0.1667650043964386
63425.55170408031,0.16675299406051636
63425.61823447457,0.16675299406051636
63425.68476486883,0.16676099598407745
63425.75129526308,0.16674500703811646
63425.81782565734,0.1667409986257553
63425.884356051596,0.16673700511455536
63425.95088644585,0.16672900319099426
63426.017416840106,0.1667490005493164
63426.083947234365,0.1667409986257553
63426.15047762862,0.16672900319099426
63426.217008022875,0.1667409986257553
63426.283538417134,0.16674500703811646
63426.350068811385,0.1667329967021942
63426.416599205644,0.1667490005493164
63426.4831295999,0.1667490005493164
63426.549659994154,0.1667490005493164
63426.61619038841,0.1667409986257553
63426.68272078267,0.16674500703811646
63426.74925117692,0.1667329967021942
63426.81578157118,0.16675299406051636
63426.88231196544,0.1667650043964386
63426.94884235969,0.1667650043964386
63427.01537275395,0.1667730063199997
63427.08190314821,0.1667730063199997
63427.14843354246,0.1667570024728775
63427.21496393672,0.1667490005493164
63427.28149433098,0.16675299406051636
63427.34802472523,0.1667490005493164
63427.41455511949,0.16676899790763855
63427.48108551375,0.1667730063199997
63427.547615908,0.16676899790763855
63427.61414630226,0.16676899790763855
63427.68067669652,0.16676899790763855
63427.74720709077,0.1667570024728775
63427.81373748503,0.16676899790763855
63427.880267879285,0.16676899790763855
63427.94679827354,0.16678500175476074
63428.013328667796,0.1667809933423996
63428.079859062054,0.1667809933423996
63428.14638945631,0.16677699983119965
63428.212919850565,0.16678500175476074
63428.27945024482,0.1667889952659607
63428.34598063908,0.1667889952659607
63428.41251103333,0.16680100560188293
63428.47904142759,0.16680899262428284
63428.54557182185,0.16682900488376617
63428.6121022161,0.16682900488376617
63428.67863261036,0.16682900488376617
63428.74516300462,0.16682900488376617
63428.81169339887,0.16682900488376617
63428.87822379313,0.16684499382972717
63428.94475418739,0.16683700680732727
63429.01128458164,0.16683700680732727
63429.0778149759,0.16684900224208832
63429.14434537016,0.16684900224208832
63429.21087576441,0.16683299839496613
63429.27740615867,0.16682900488376617
63429.34393655293,0.16683299839496613
63429.41046694718,0.16684100031852722
63429.47699734144,0.16683299839496613
63429.543527735696,0.16684900224208832
63429.61005812995,0.16684499382972717
63429.676588524206,0.16684900224208832
63429.743118918464,0.16685299575328827
63429.809649312716,0.16684900224208832
63429.876179706975,0.16685299575328827
63429.94271010123,0.1668650060892105
63430.009240495485,0.16686899960041046
63430.07577088974,0.1668650060892105
63430.142301284,0.16684900224208832
63430.208831678254,0.16684900224208832
63430.27536207251,0.16684900224208832
63430.34189246677,0.16684900224208832
63430.40842286102,0.16684900224208832
63430.47495325528,0.16684900224208832
63430.54148364954,0.16684499382972717
63430.60801404379,0.16684100031852722
63430.67454443805,0.16684499382972717
63430.74107483231,0.16684900224208832
63430.80760522656,0.16684499382972717
63430.87413562082,0.16684900224208832
63430.94066601508,0.16684499382972717
63431.00719640933,0.16682900488376617
63431.07372680359,0.16683299839496613
63431.14025719785,0.16684900224208832
63431.2067875921,0.16684900224208832
63431.27331798636,0.16684900224208832
63431.339848380616,0.16684499382972717
63431.40637877487,0.16684900224208832
63431.472909169126,0.16686899960041046
63431.539439563385,0.1668650060892105
63431.60596995764,0.16685299575328827
63431.672500351895,0.1668650060892105
63431.739030746154,0.16686899960041046
63431.80556114041,0.16686899960041046
63431.872091534664,0.16686899960041046
63431.93862192892,0.16686899960041046
63432.00515232318,0.16686899960041046
63432.07168271743,0.16686899960041046
63432.13821311169,0.16686899960041046
63432.20474350595,0.1668729931116104
63432.2712739002,0.16686899960041046
63432.33780429446,0.16685700416564941
63432.40433468872,0.16686099767684937
63432.47086508297,0.16684900224208832
63432.53739547723,0.16684900224208832
63432.60392587149,0.16685299575328827
63432.67045626574,0.16686899960041046
63432.73698666,0.16686099767684937
63432.80351705426,0.1668650060892105
63432.87004744851,0.16685700416564941
63432.93657784277,0.16686899960041046
63433.003108237026,0.16685299575328827
63433.06963863128,0.16685299575328827
63433.136169025536,0.16684900224208832
63433.202699419795,0.16684100031852722
63433.26922981405,0.16684900224208832
63433.335760208305,0.16684900224208832
63433.402290602564,0.16684100031852722
63433.468820996815,0.16683700680732727
63433.535351391074,0.16682100296020508
63433.60188178533,0.16682100296020508
63433.668412179584,0.16682499647140503
63433.73494257384,0.16681699454784393
63433.8014729681,0.16681300103664398
63433.86800336235,0.16681300103664398
63433.93453375661,0.16682499647140503
63434.00106415087,0.16682499647140503
63434.06759454512,0.16682100296020508
63434.13412493938,0.16681300103664398
63434.20065533364,0.16681300103664398
63434.26718572789,0.16681300103664398
63434.33371612215,0.16681699454784393
63434.40024651641,0.16680499911308289
63434.46677691066,0.16680100560188293
63434.53330730492,0.16680100560188293
63434.59983769918,0.1667889952659607
63434.66636809343,0.1667889952659607
63434.73289848769,0.1667889952659607
63434.79942888195,0.16678500175476074
63434.8659592762,0.16678500175476074
63434.93248967046,0.16678500175476074
63434.999020064715,0.16677699983119965
63435.06555045897,0.1667730063199997
63435.132080853225,0.16676899790763855
63435.198611247484,0.16676899790763855
63435.26514164174,0.16676899790763855
63435.331672035994,0.16676899790763855
63435.39820243025,0.16676899790763855
63435.46473282451,0.16676899790763855
63435.53126321876,0.1667730063199997
63435.59779361302,0.1667730063199997
63435.66432400728,0.1667809933423996
63435.73085440153,0.1667730063199997
63435.79738479579,0.1667889952659607
63435.86391519005,0.1667889952659607
63435.9304455843,0.1667809933423996
63435.99697597856,0.16680100560188293
63436.06350637282,0.1667889952659607
63436.13003676707,0.1667969971895218
63436.19656716133,0.16679300367832184
63436.26309755559,0.16680100560188293
63436.32962794984,0.16681699454784393
63436.3961583441,0.16680899262428284
63436.46268873836,0.16681300103664398
63436.52921913261,0.16681699454784393
63436.59574952687,0.16682900488376617
63436.662279921125,0.16682900488376617
63436.72881031538,0.16682900488376617
63436.795340709636,0.16682499647140503
63436.861871103894,0.16681699454784393
63436.928401498146,0.16682499647140503
63436.994931892405,0.16682900488376617
63437.06146228666,0.16682900488376617
63437.127992680915,0.16682900488376617
63437.19452307517,0.16683299839496613
63437.26105346943,0.16683299839496613
63437.327583863684,0.16682900488376617
63437.39411425794,0.16682900488376617
63437.4606446522,0.16683299839496613
63437.52717504645,0.16684900224208832
63437.59370544071,0.16684499382972717
63437.66023583497,0.16684900224208832
63437.72676622922,0.16684900224208832
63437.79329662348,0.16684499382972717
63437.85982701774,0.16683700680732727
63437.92635741199,0.16683299839496613
63437.99288780625,0.16682900488376617
63438.05941820051,0.16684900224208832
63438.12594859476,0.16683700680732727
63438.19247898902,0.16682900488376617
63438.25900938328,0.16685299575328827
63438.32553977753,0.16685299575328827
63438.39207017179,0.16685700416564941
63438.458600566046,0.16684900224208832
63438.5251309603,0.16684900224208832
63438.591661354556,0.16683299839496613
63438.658191748815,0.16682900488376617
63438.72472214307,0.16682499647140503
63438.791252537325,0.16682900488376617
63438.857782931584,0.16681699454784393
63438.92431332584,0.16680899262428284
63438.990843720094,0.16682499647140503
63439.05737411435,0.16682900488376617
63439.12390450861,0.16682499647140503
63439.19043490286,0.16682100296020508
63439.25696529712,0.16681300103664398
63439.32349569138,0.16681699454784393
63439.39002608563,0.16681300103664398
63439.45655647989,0.16682100296020508
63439.52308687415,0.16681699454784393
63439.5896172684,0.16680899262428284
63439.65614766266,0.16680899262428284
63439.72267805692,0.16680899262428284
63439.78920845117,0.16680499911308289
63439.85573884543,0.16679300367832184
63439.92226923969,0.1667889952659607
63439.98879963394,0.1667969971895218
63440.0553300282,0.16680499911308289
63440.121860422456,0.1667969971895218
63440.18839081671,0.16682100296020508
63440.254921210966,0.16682900488376617
63440.321451605225,0.16682900488376617
63440.387981999476,0.16682900488376617
63440.454512393735,0.16682499647140503
63440.521042787994,0.16682100296020508
63440.587573182245,0.16682900488376617
63440.654103576504,0.16683299839496613
63440.72063397076,0.16684100031852722
63440.787164365014,0.16683299839496613
63440.85369475927,0.16682900488376617
63440.92022515353,0.16682499647140503
63440.98675554778,0.16684100031852722
63441.05328594204,0.16683700680732727
63441.1198163363,0.16682900488376617
63441.18634673055,0.16682900488376617
63441.25287712481,0.16683299839496613
63441.31940751907,0.16684100031852722
63441.38593791332,0.16682900488376617
63441.45246830758,0.16682900488376617
63441.51899870184,0.16682900488376617
63441.58552909609,0.16682900488376617
63441.65205949035,0.16682900488376617
63441.71858988461,0.16682100296020508
63441.78512027886,0.16682900488376617
63441.85165067312,0.16683299839496613
63441.918181067376,0.16684499382972717
63441.98471146163,0.16684499382972717
63442.05124185589,0.16682900488376617
63442.117772250145,0.16682900488376617
63442.1843026444,0.16682900488376617
63442.250833038655,0.16682900488376617
63442.317363432914,0.16683299839496613
63442.38389382717,0.16683299839496613
63442.450424221424,0.16683299839496613
63442.51695461568,0.16683700680732727
63442.58348500994,0.16682900488376617
63442.65001540419,0.16682900488376617
63442.71654579845,0.16682499647140503
63442.78307619271,0.16680899262428284
63442.84960658696,0.16682499647140503
63442.91613698122,0.16682900488376617
63442.98266737548,0.16682499647140503
63443.04919776973,0.16682900488376617
63443.11572816399,0.16683700680732727
63443.18225855825,0.16683299839496613
63443.2487889525,0.16684499382972717
63443.31531934676,0.16684900224208832
63443.38184974102,0.16685299575328827
63443.44838013527,0.16685700416564941
63443.51491052953,0.1668650060892105
63443.58144092379,0.16686099767684937
63443.64797131804,0.16684900224208832
63443.7145017123,0.1668650060892105
63443.781032106555,0.16686899960041046
63443.84756250081,0.16688500344753265
63443.914092895066,0.1668889969587326
63443.980623289324,0.1668969988822937
63444.047153683576,0.16690899431705475
63444.113684077834,0.16692499816417694
63444.18021447209,0.16692900657653809
63444.246744866345,0.16694599390029907
63444.3132752606,0.1669660061597824
63444.37980565486,0.16696999967098236
63444.44633604911,0.16696999967098236
63444.51286644337,0.16697800159454346
63444.57939683763,0.1669819951057434
63444.64592723188,0.1669899970293045
63444.71245762614,0.1669899970293045
63444.7789880204,0.1670140027999878
63444.84551841465,0.16702599823474884
63444.91204880891,0.16703000664710999
63444.97857920317,0.16703000664710999
63445.04510959742,0.16704599559307098
63445.11163999168,0.16705000400543213
63445.17817038594,0.16705000400543213
63445.24470078019,0.16705000400543213
63445.31123117445,0.16705399751663208
63445.37776156871,0.16705000400543213
63445.44429196296,0.16705399751663208
63445.51082235722,0.16705800592899323
63445.577352751476,0.16705000400543213
63445.64388314573,0.16705000400543213
63445.710413539986,0.16705000400543213
63445.776943934245,0.16705399751663208
63445.8434743285,0.16706599295139313
63445.910004722755,0.16707000136375427
63445.97653511701,0.16707000136375427
63446.04306551127,0.16707000136375427
63446.109595905524,0.16707000136375427
63446.17612629978,0.16707399487495422
63446.24265669404,0.16707000136375427
63446.30918708829,0.16707000136375427
63446.37571748255,0.16706599295139313
63446.44224787681,0.16706199944019318
63446.50877827106,0.16705399751663208
63446.57530866532,0.16707000136375427
63446.64183905958,0.16707000136375427
63446.70836945383,0.16707000136375427
63446.77489984809,0.16707000136375427
63446.84143024235,0.16706199944019318
63446.9079606366,0.16705800592899323
63446.97449103086,0.16705000400543213
63447.04102142512,0.16705800592899323
63447.10755181937,0.16706599295139313
63447.17408221363,0.16706199944019318
63447.240612607886,0.16705000400543213
63447.30714300214,0.16704599559307098
63447.373673396396,0.16703400015830994
63447.440203790655,0.16703000664710999
63447.506734184906,0.16703000664710999
63447.573264579165,0.16703000664710999
63447.639794973424,0.16703000664710999
63447.706325367675,0.16703000664710999
63447.772855761934,0.16703400015830994
63447.83938615619,0.1670379936695099
63447.905916550444,0.16701799631118774
63447.9724469447,0.16702599823474884
63448.03897733896,0.1670379936695099
63448.10550773321,0.16703000664710999
63448.17203812747,0.16703000664710999
63448.23856852173,0.16704599559307098
63448.30509891598,0.16705000400543213
63448.37162931024,0.16704599559307098
63448.4381597045,0.16703400015830994
63448.50469009875,0.16703400015830994
63448.57122049301,0.1670379936695099
63448.63775088727,0.16705000400543213
63448.70428128152,0.16705000400543213
63448.77081167578,0.16705000400543213
63448.83734207004,0.16705000400543213
63448.90387246429,0.16705000400543213
63448.97040285855,0.16705000400543213
63449.036933252806,0.16705000400543213
63449.10346364706,0.16704200208187103
63449.16999404132,0.16703400015830994
63449.236524435575,0.16705800592899323
63449.30305482983,0.16705000400543213
63449.369585224085,0.16705000400543213
63449.436115618344,0.16705000400543213
63449.5026460126,0.16705000400543213
63449.569176406854,0.16705000400543213
63449.63570680111,0.16705800592899323
63449.70223719537,0.16704200208187103
63449.76876758962,0.16703000664710999
63449.83529798388,0.16703000664710999
63449.90182837814,0.16703000664710999
63449.96835877239,0.16704599559307098
63450.03488916665,0.1670379936695099
63450.10141956091,0.16702599823474884
63450.16794995516,0.1670220047235489
63450.23448034942,0.16700999438762665
63450.30101074368,0.1670379936695099
63450.36754113793,0.16705000400543213
63450.43407153219,0.1670379936695099
63450.50060192645,0.16705000400543213
63450.5671323207,0.16705000400543213
63450.63366271496,0.1670379936695099
63450.700193109216,0.16705000400543213
63450.76672350347,0.16703400015830994
63450.83325389773,0.16704599559307098
63450.899784291985,0.16705399751663208
63450.96631468624,0.16705000400543213
63451.032845080495,0.16706599295139313
63451.099375474754,0.16705800592899323
63451.165905869006,0.16706599295139313
63451.232436263264,0.16707000136375427
63451.29896665752,0.16707000136375427
63451.365497051775,0.16706599295139313
63451.43202744603,0.16705000400543213
63451.49855784029,0.16706199944019318
63451.56508823454,0.16707000136375427
63451.6316186288,0.16708199679851532
63451.69814902306,0.16708999872207642
63451.76467941731,0.16708199679851532
63451.83120981157,0.16708600521087646
63451.89774020583,0.1671060025691986
63451.96427060008,0.16710199415683746
63452.03080099434,0.1671220064163208
63452.0973313886,0.16712599992752075
63452.16386178285,0.16711799800395966
63452.23039217711,0.1671299934387207
63452.29692257137,0.1671299934387207
63452.36345296562,0.16714200377464294
63452.42998335988,0.16715000569820404
63452.49651375414,0.16715499758720398
63452.56304414839,0.16715900599956512
63452.62957454265,0.16715000569820404
63452.696104936906,0.16716699302196503
63452.76263533116,0.16717100143432617
63452.829165725416,0.16717900335788727
63452.895696119675,0.16718700528144836
63452.96222651393,0.16717900335788727
63453.028756908185,0.16717100143432617
63453.09528730244,0.16715499758720398
63453.1618176967,0.16715900599956512
63453.228348090954,0.16716699302196503
63453.29487848521,0.16717900335788727
63453.36140887947,0.16719500720500946
63453.42793927372,0.1672309935092926
63453.49446966798,0.167263001203537
63453.56100006224,0.16727100312709808
63453.62753045649,0.16725899279117584
63453.69406085075,0.1672549992799759
63453.76059124501,0.1672389954328537
63453.82712163926,0.1672309935092926
63453.89365203352,0.1672389954328537
63453.96018242778,0.1672309935092926
63454.02671282203,0.16722699999809265
63454.09324321629,0.1672309935092926
63454.15977361055,0.1672309935092926
63454.2263040048,0.16722699999809265
63454.29283439906,0.16722699999809265
63454.359364793316,0.16723500192165375
63454.42589518757,0.16724300384521484
63454.492425581826,0.1672469973564148
63454.558955976085,0.16722699999809265
63454.625486370336,0.1672150045633316
63454.692016764595,0.1672070026397705
63454.75854715885,0.1672309935092926
63454.825077553105,0.1672309935092926
63454.891607947364,0.16722699999809265
63454.95813834162,0.1672389954328537
63455.024668735874,0.1672389954328537
63455.09119913013,0.16725100576877594
63455.15772952439,0.16722699999809265
63455.22425991864,0.1672070026397705
63455.2907903129,0.1672230064868927
63455.35732070716,0.16721899807453156
63455.42385110141,0.1672230064868927
63455.49038149567,0.1672309935092926
63455.55691188993,0.16721899807453156
63455.62344228418,0.1672150045633316
63455.68997267844,0.1672309935092926
63455.7565030727,0.1672309935092926
63455.82303346695,0.1672309935092926
63455.88956386121,0.16723500192165375
63455.95609425547,0.1672469973564148
63456.02262464972,0.16725100576877594
63456.08915504398,0.16726699471473694
63456.155685438236,0.16728299856185913
63456.22221583249,0.16728700697422028
63456.288746226746,0.16729499399662018
63456.355276621005,0.16730399429798126
63456.42180701526,0.16729100048542023
63456.488337409515,0.16731199622154236
63456.554867803774,0.1673319935798645
63456.62139819803,0.16735200583934784
63456.687928592284,0.1673319935798645
63456.75445898654,0.16735200583934784
63456.8209893808,0.1673640012741089
63456.88751977505,0.16736799478530884
63456.95405016931,0.16737200319766998
63457.02058056357,0.16737200319766998
63457.08711095782,0.16738000512123108
63457.15364135208,0.16740800440311432
63457.22017174634,0.1674250066280365
63457.28670214059,0.16743700206279755
63457.35323253485,0.16745300590991974
63457.41976292911,0.16747300326824188
63457.48629332336,0.16746899485588074
63457.55282371762,0.16745300590991974
63457.61935411188,0.1674489974975586
63457.68588450613,0.16747699677944183
63457.75241490039,0.16749300062656403
63457.818945294646,0.16749699413776398
63457.8854756889,0.16749300062656403
63457.95200608316,0.16750100255012512
63458.018536477415,0.16749300062656403
63458.08506687167,0.16750100255012512
63458.151597265925,0.16749300062656403
63458.218127660184,0.16749300062656403
63458.284658054436,0.16749300062656403
63458.351188448694,0.16749300062656403
63458.41771884295,0.16748900711536407
63458.484249237204,0.16749300062656403
63458.55077963146,0.16748900711536407
63458.61731002572,0.16749300062656403
63458.68384041997,0.16747300326824188
63458.75037081423,0.16748900711536407
63458.81690120849,0.16749300062656403
63458.88343160274,0.16749300062656403
63458.949961997,0.16748100519180298
63459.01649239126,0.16747300326824188
63459.08302278551,0.16747300326824188
63459.14955317977,0.16746899485588074
63459.21608357403,0.16749300062656403
63459.28261396828,0.16749300062656403
63459.34914436254,0.16748499870300293
63459.4156747568,0.16748499870300293
63459.48220515105,0.16747300326824188
63459.54873554531,0.1674650013446808
63459.61526593957,0.1674650013446808
63459.68179633382,0.16747300326824188
63459.74832672808,0.16747300326824188
63459.814857122336,0.16746099293231964
63459.88138751659,0.16745300590991974
63459.947917910846,0.16745300590991974
63460.014448305104,0.1674569994211197
63460.08097869936,0.16745300590991974
63460.147509093615,0.16747300326824188
63460.21403948787,0.16746099293231964
63460.28056988213,0.1674489974975586
63460.34710027638,0.1674329936504364
63460.41363067064,0.1674329936504364
63460.4801610649,0.16742099821567535
63460.54669145915,0.16743700206279755
63460.61322185341,0.16745300590991974
63460.67975224767,0.16745300590991974
63460.74628264192,0.16744500398635864
63460.81281303618,0.16742900013923645
63460.87934343044,0.16741600632667542
63460.94587382469,0.16742099821567535
63461.01240421895,0.16740399599075317
63461.07893461321,0.16740399599075317
63461.14546500746,0.16741199791431427
63461.21199540172,0.16740800440311432
63461.27852579598,0.16742099821567535
63461.34505619023,0.16741199791431427
63461.41158658449,0.16742900013923645
63461.478116978746,0.1674329936504364
63461.544647373,0.16741600632667542
63461.611177767256,0.16743700206279755
63461.677708161515,0.1674250066280365
63461.744238555766,0.16742900013923645
63461.810768950025,0.1674329936504364
63461.87729934428,0.1674329936504364
63461.943829738535,0.1674329936504364
63462.010360132794,0.1674329936504364
63462.07689052705,0.1674329936504364
63462.143420921304,0.1674250066280365
63462.20995131556,0.1674329936504364
63462.27648170982,0.1674489974975586
63462.34301210407,0.16746099293231964
63462.40954249833,0.16745300590991974
63462.47607289259,0.16745300590991974
63462.54260328684,0.1674409955739975
63462.6091336811,0.16743700206279755
63462.67566407536,0.1674329936504364
63462.74219446961,0.1674329936504364
63462.80872486387,0.16742900013923645
63462.87525525813,0.1674489974975586
63462.94178565238,0.16745300590991974
63463.00831604664,0.16745300590991974
63463.0748464409,0.1674489974975586
63463.14137683515,0.16743700206279755
63463.20790722941,0.1674329936504364
63463.274437623666,0.1674329936504364
63463.34096801792,0.1674329936504364
63463.407498412176,0.16745300590991974
63463.474028806435,0.16743700206279755
63463.54055920069,0.16742900013923645
63463.607089594945,0.16741600632667542
63463.673619989204,0.16743700206279755
63463.74015038346,0.16746899485588074
63463.806680777714,0.16748900711536407
63463.87321117197,0.16748499870300293
63463.93974156623,0.16748900711536407
63464.00627196048,0.16749300062656403
63464.07280235474,0.16747699677944183
63464.139332749,0.16746899485588074
63464.20586314325,0.1674569994211197
63464.27239353751,0.16746099293231964
63464.33892393177,0.1674489974975586
63464.40545432602,0.16744500398635864
63464.47198472028,0.16745300590991974
63464.53851511454,0.16744500398635864
63464.60504550879,0.1674409955739975
63464.67157590305,0.1674329936504364
63464.73810629731,0.16743700206279755
63464.80463669156,0.16743700206279755
63464.87116708582,0.1674329936504364
63464.937697480076,0.16741600632667542
63465.00422787433,0.16741199791431427
63465.070758268586,0.16741199791431427
63465.137288662845,0.16739599406719208
63465.2038190571,0.16738800704479218
63465.270349451355,0.16739200055599213
63465.336879845614,0.16739200055599213
63465.403410239865,0.16738399863243103
63465.469940634124,0.16737200319766998
63465.53647102838,0.16738000512123108
63465.603001422634,0.16737200319766998
63465.66953181689,0.1673640012741089
63465.73606221115,0.1673559993505478
63465.8025926054,0.1673479974269867
63465.86912299966,0.16735200583934784
63465.93565339392,0.1673479974269867
63466.00218378817,0.16735200583934784
63466.06871418243,0.1673559993505478
63466.13524457669,0.16734400391578674
63466.20177497094,0.1673319935798645
63466.2683053652,0.16733600199222565
63466.33483575946,0.1673559993505478
63466.40136615371,0.1673559993505478
63466.46789654797,0.1673479974269867
63466.53442694223,0.16733600199222565
63466.60095733648,0.16733600199222565
63466.66748773074,0.1673479974269867
63466.734018125,0.1673319935798645
63466.80054851925,0.16732800006866455
63466.86707891351,0.1673319935798645
63466.933609307765,0.16731199622154236
63467.00013970202,0.1673399955034256
63467.066670096276,0.16733600199222565
63467.133200490534,0.16734400391578674
63467.19973088479,0.16735200583934784
63467.266261279045,0.16734400391578674
63467.3327916733,0.16735200583934784
63467.39932206756,0.16735200583934784
63467.46585246181,0.16735200583934784
63467.53238285607,0.16736799478530884
63467.59891325033,0.16737200319766998
63467.66544364458,0.16737200319766998
63467.73197403884,0.16738800704479218
63467.7985044331,0.16739599406719208
63467.86503482735,0.16741199791431427
63467.93156522161,0.16741199791431427
63467.99809561587,0.16741199791431427
63468.06462601012,0.16741600632667542
63468.13115640438,0.16739200055599213
63468.19768679864,0.16740399599075317
63468.26421719289,0.16741199791431427
63468.33074758715,0.1674250066280365
63468.39727798141,0.1674329936504364
63468.46380837566,0.16743700206279755
63468.53033876992,0.16745300590991974
63468.596869164176,0.16745300590991974
63468.66339955843,0.1674329936504364
63468.729929952686,0.1674329936504364
63468.796460346945,0.1674329936504364
63468.862990741196,0.16744500398635864
63468.929521135455,0.1674329936504364
63468.99605152971,0.16745300590991974
63469.062581923965,0.1674329936504364
63469.12911231822,0.16743700206279755
63469.19564271248,0.1674329936504364
63469.262173106734,0.1674329936504364
63469.32870350099,0.16743700206279755
63469.39523389525,0.1674329936504364
63469.4617642895,0.1674329936504364
63469.52829468376,0.1674329936504364
63469.59482507802,0.1674329936504364
63469.66135547227,0.1674250066280365
63469.72788586653,0.1674250066280365
63469.79441626079,0.16742900013923645
63469.86094665504,0.1674250066280365
63469.9274770493,0.1674250066280365
63469.99400744356,0.16741199791431427
63470.06053783781,0.16739599406719208
63470.12706823207,0.16739200055599213
63470.19359862633,0.16739200055599213
63470.26012902058,0.16738800704479218
63470.32665941484,0.16739200055599213
63470.393189809096,0.16739200055599213
63470.45972020335,0.16738800704479218
63470.526250597606,0.16737200319766998
63470.592780991865,0.16737200319766998
63470.659311386116,0.16737200319766998
63470.725841780375,0.16738000512123108
63470.792372174634,0.1673640012741089
63470.858902568885,0.16735200583934784
63470.925432963144,0.1673559993505478
63470.9919633574,0.16735200583934784
63471.05849375166,0.16735200583934784
63471.12502414591,0.16737200319766998
63471.19155454017,0.16735200583934784
63471.25808493443,0.16735200583934784
63471.32461532868,0.1673399955034256
63471.39114572294,0.1673319935798645
63471.4576761172,0.16734400391578674
63471.52420651145,0.1673479974269867
63471.59073690571,0.1673319935798645
63471.65726729997,0.16733600199222565
63471.72379769422,0.1673319935798645
63471.79032808848,0.1673319935798645
63471.85685848274,0.1673319935798645
63471.92338887699,0.1673319935798645
63471.98991927125,0.16733600199222565
63472.056449665506,0.1673399955034256
63472.12298005976,0.1673319935798645
63472.189510454016,0.1673319935798645
63472.256040848275,0.16733600199222565
63472.32257124253,0.1673319935798645
63472.389101636785,0.1673319935798645
63472.455632031044,0.16735200583934784
63472.522162425295,0.16735200583934784
63472.588692819554,0.16735200583934784
63472.65522321381,0.16735200583934784
63472.721753608064,0.1673640012741089
63472.78828400232,0.16736799478530884
63472.85481439658,0.16735999286174774
63472.92134479083,0.1673559993505478
63472.98787518509,0.16735200583934784
63473.05440557935,0.16735999286174774
63473.1209359736,0.16737200319766998
63473.18746636786,0.16738800704479218
63473.25399676212,0.16739200055599213
63473.32052715637,0.16739200055599213
63473.38705755063,0.16739200055599213
63473.45358794489,0.16739200055599213
63473.52011833914,0.16738399863243103
63473.5866487334,0.16736799478530884
63473.65317912766,0.1673640012741089
63473.71970952191,0.16737200319766998
63473.78623991617,0.16738000512123108
63473.85277031043,0.16738800704479218
63473.91930070468,0.16738000512123108
63473.98583109894,0.16737200319766998
63474.052361493195,0.16737200319766998
63474.11889188745,0.16738000512123108
63474.185422281706,0.16738399863243103
63474.251952675964,0.16738000512123108
63474.31848307022,0.16738399863243103
63474.385013464474,0.16739200055599213
63474.45154385873,0.16738800704479218
63474.51807425299,0.16738399863243103
63474.58460464724,0.16738000512123108
63474.6511350415,0.16737200319766998
63474.71766543576,0.16737200319766998
63474.78419583001,0.16736799478530884
63474.85072622427,0.16735200583934784
63474.91725661853,0.1673479974269867
63474.98378701278,0.16735200583934784
63475.05031740704,0.16735200583934784
63475.1168478013,0.1673399955034256
63475.18337819555,0.1673479974269867
63475.24990858981,0.16735200583934784
63475.31643898407,0.16734400391578674
63475.38296937832,0.16733600199222565
63475.44949977258,0.1673319935798645
63475.51603016684,0.1673319935798645
63475.58256056109,0.16732800006866455
63475.64909095535,0.1673319935798645
63475.715621349605,0.16732800006866455
63475.78215174386,0.16731199622154236
63475.848682138116,0.1673240065574646
63475.915212532374,0.16731199622154236
63475.981742926626,0.16731199622154236
63476.048273320885,0.1673080027103424
63476.11480371514,0.16731199622154236
63476.181334109395,0.16731999814510345
63476.24786450365,0.16731199622154236
63476.31439489791,0.16729100048542023
63476.380925292164,0.16729100048542023
63476.44745568642,0.16730399429798126
63476.51398608068,0.16729100048542023
63476.58051647493,0.16727900505065918
63476.64704686919,0.16727100312709808
63476.71357726345,0.16727900505065918
63476.7801076577,0.16727100312709808
63476.84663805196,0.16727100312709808
63476.91316844622,0.16727100312709808
63476.97969884047,0.16727100312709808
63477.04622923473,0.167263001203537
63477.11275962899,0.16727100312709808
63477.17929002324,0.16727100312709808
63477.2458204175,0.16727100312709808
63477.31235081176,0.16727100312709808
63477.37888120601,0.16725899279117584
63477.44541160027,0.16725100576877594
63477.511941994526,0.16725100576877594
63477.57847238878,0.1672469973564148
63477.645002783036,0.16724300384521484
63477.711533177295,0.1672389954328537
63477.778063571546,0.16723500192165375
63477.844593965805,0.1672309935092926
63477.911124360064,0.1672309935092926
63477.977654754315,0.1672309935092926
63478.044185148574,0.1672309935092926
63478.11071554283,0.16725100576877594
63478.17724593709,0.167263001203537
63478.24377633134,0.16727499663829803
63478.3103067256,0.16725899279117584
63478.37683711986,0.16725100576877594
63478.44336751411,0.1672469973564148
63478.50989790837,0.16725100576877594
63478.57642830263,0.16727100312709808
63478.64295869688,0.16727100312709808
63478.70948909114,0.16725100576877594
63478.7760194854,0.167263001203537
63478.84254987965,0.16727100312709808
63478.90908027391,0.16727499663829803
63478.97561066817,0.16727499663829803
63479.04214106242,0.16727499663829803
63479.10867145668,0.16727100312709808
63479.175201850936,0.16727100312709808
63479.24173224519,0.16729100048542023
63479.308262639446,0.16727499663829803
63479.374793033705,0.16727100312709808
63479.44132342796,0.16728299856185913
63479.507853822215,0.16729100048542023
63479.574384216474,0.16729100048542023
63479.640914610725,0.16728700697422028
63479.707445004984,0.16727900505065918
63479.77397539924,0.16729100048542023
63479.840505793494,0.16728299856185913
63479.90703618775,0.16727100312709808
63479.97356658201,0.16729100048542023
63480.04009697626,0.16728299856185913
63480.10662737052,0.16728299856185913
63480.17315776478,0.16728700697422028
63480.23968815903,0.16729100048542023
63480.30621855329,0.1673000007867813
63480.37274894755,0.16729100048542023
63480.4392793418,0.16728700697422028
63480.50580973606,0.16727900505065918
63480.57234013032,0.16727499663829803
63480.63887052457,0.16727900505065918
63480.70540091883,0.16726699471473694
63480.77193131309,0.16727100312709808
63480.83846170734,0.16726699471473694
63480.9049921016,0.16727100312709808
63480.971522495856,0.16728299856185913
63481.03805289011,0.16727499663829803
63481.10458328437,0.16727100312709808
63481.171113678625,0.16725899279117584
63481.23764407288,0.16725100576877594
63481.304174467135,0.1672389954328537
63481.370704861394,0.1672309935092926
63481.43723525565,0.1672309935092926
63481.503765649904,0.1672309935092926
63481.57029604416,0.1672309935092926
63481.63682643842,0.16723500192165375
63481.70335683267,0.1672309935092926
63481.76988722693,0.1672309935092926
63481.83641762119,0.16722699999809265
63481.90294801544,0.1672309935092926
63481.9694784097,0.1672309935092926
63482.03600880396,0.16723500192165375
63482.10253919821,0.1672389954328537
63482.16906959247,0.1672309935092926
63482.23559998673,0.16721899807453156
63482.30213038098,0.16721099615097046
63482.36866077524,0.1672150045633316
63482.4351911695,0.16721099615097046
63482.50172156375,0.16720299422740936
63482.56825195801,0.16720299422740936
63482.63478235227,0.16721099615097046
63482.70131274652,0.16722699999809265
63482.76784314078,0.1672230064868927
63482.834373535035,0.16721099615097046
63482.90090392929,0.16721099615097046
63482.967434323546,0.16721099615097046
63483.033964717804,0.16723500192165375
63483.100495112056,0.1672309935092926
63483.167025506315,0.1672389954328537
63483.23355590057,0.16725100576877594
63483.300086294825,0.16724300384521484
63483.36661668908,0.16725100576877594
63483.43314708334,0.16725100576877594
63483.499677477594,0.16725100576877594
63483.56620787185,0.16725100576877594
63483.63273826611,0.1672549992799759
63483.69926866036,0.16725100576877594
63483.76579905462,0.16726699471473694
63483.83232944888,0.167263001203537
63483.89885984313,0.16727100312709808
63483.96539023739,0.16727100312709808
63484.03192063165,0.16727100312709808
63484.0984510259,0.16727100312709808
63484.16498142016,0.16727100312709808
63484.23151181442,0.16726699471473694
63484.29804220867,0.16727499663829803
63484.36457260293,0.16727499663829803
63484.43110299719,0.16725899279117584
63484.49763339144,0.16727100312709808
63484.5641637857,0.1672549992799759
63484.630694179956,0.1672549992799759
63484.69722457421,0.16725100576877594
63484.763754968466,0.16724300384521484
63484.830285362725,0.1672389954328537
63484.896815756976,0.1672469973564148
63484.963346151235,0.1672469973564148
63485.02987654549,0.16724300384521484
63485.096406939745,0.1672309935092926
63485.162937334004,0.1672309935092926
63485.22946772826,0.1672309935092926
63485.29599812252,0.16722699999809265
63485.36252851677,0.1672150045633316
63485.42905891103,0.16721899807453156
63485.49558930529,0.16721899807453156
63485.56211969954,0.16722699999809265
63485.6286500938,0.16721099615097046
63485.69518048806,0.16721099615097046
63485.76171088231,0.16721099615097046
63485.82824127657,0.16721099615097046
63485.89477167083,0.16719500720500946
63485.96130206508,0.16719099879264832
63486.02783245934,0.16720299422740936
63486.0943628536,0.1672150045633316
63486.16089324785,0.16721899807453156
63486.22742364211,0.1672070026397705
63486.293954036366,0.16721099615097046
63486.36048443062,0.16721099615097046
63486.427014824876,0.16720299422740936
63486.493545219135,0.16719500720500946
63486.560075613386,0.16720299422740936
63486.626606007645,0.1671990007162094
63486.693136401904,0.16721099615097046
63486.759666796155,0.16719500720500946
63486.826197190414,0.16717499494552612
63486.89272758467,0.16718700528144836
63486.959257978924,0.16716699302196503
63487.02578837318,0.16716299951076508
63487.09231876744,0.16719099879264832
63487.15884916169,0.16718700528144836
63487.22537955595,0.16717100143432617
63487.29190995021,0.16717100143432617
63487.35844034446,0.16717100143432617
63487.42497073872,0.16716699302196503
63487.49150113298,0.16716299951076508
63487.55803152723,0.16715900599956512
63487.62456192149,0.16715499758720398
63487.69109231575,0.16715900599956512
63487.75762271,0.16717100143432617
63487.82415310426,0.16717100143432617
63487.89068349852,0.16716299951076508
63487.95721389277,0.16715000569820404
63488.02374428703,0.16716699302196503
63488.090274681286,0.16717100143432617
63488.15680507554,0.16716699302196503
63488.2233354698,0.16715000569820404
63488.289865864055,0.16715000569820404
63488.35639625831,0.1671459972858429
63488.422926652565,0.16715000569820404
63488.489457046824,0.1671459972858429
63488.555987441076,0.16715000569820404
63488.622517835334,0.16713400185108185
63488.68904822959,0.1671299934387207
63488.75557862385,0.16711799800395966
63488.8221090181,0.16709400713443756
63488.88863941236,0.16710199415683746
63488.95516980662,0.16709400713443756
63489.02170020087,0.16708999872207642
63489.08823059513,0.16709400713443756
63489.15476098939,0.16708999872207642
63489.22129138364,0.16707800328731537
63489.2878217779,0.16708999872207642
63489.35435217216,0.16708199679851532
63489.42088256641,0.16707000136375427
63489.48741296067,0.16707000136375427
63489.55394335493,0.16708600521087646
63489.62047374918,0.16708999872207642
63489.68700414344,0.16709400713443756
63489.7535345377,0.16707800328731537
63489.82006493195,0.16708600521087646
63489.88659532621,0.1671060025691986
63489.953125720465,0.1671060025691986
63490.01965611472,0.16707000136375427
63490.086186508976,0.16706599295139313
63490.152716903234,0.16709400713443756
63490.219247297486,0.1671299934387207
63490.285777691744,0.16711799800395966
63490.352308086,0.16710999608039856
63490.418838480255,0.16710199415683746
63490.48536887451,0.16710199415683746
63490.55189926877,0.16710999608039856
63490.61842966302,0.16710999608039856
63490.68496005728,0.16710199415683746
63490.75149045154,0.1671060025691986
63490.81802084579,0.16710199415683746
63490.88455124005,0.1671060025691986
63490.95108163431,0.16709400713443756
63491.01761202856,0.16710199415683746
63491.08414242282,0.16710199415683746
63491.15067281708,0.16709400713443756
63491.21720321133,0.16709400713443756
63491.28373360559,0.1671060025691986
63491.35026399985,0.16710999608039856
63491.4167943941,0.16710199415683746
63491.48332478836,0.1670980006456375
63491.54985518262,0.16715000569820404
63491.61638557687,0.16718700528144836
63491.68291597113,0.16719500720500946
63491.749446365386,0.16721099615097046
63491.81597675964,0.1672070026397705
63491.882507153896,0.16719500720500946
63491.949037548155,0.16719500720500946
63492.015567942406,0.16719099879264832
63492.082098336665,0.1672070026397705
63492.14862873092,0.16721099615097046
63492.215159125175,0.1671990007162094
63492.281689519434,0.16721099615097046
63492.34821991369,0.1672150045633316
63492.41475030795,0.1672309935092926
63492.4812807022,0.1672150045633316
63492.54781109646,0.16721099615097046
63492.61434149072,0.1672230064868927
63492.68087188497,0.1672309935092926
63492.74740227923,0.1672309935092926
63492.81393267349,0.1672309935092926
63492.88046306774,0.1672389954328537
63492.946993462,0.1672469973564148
63493.01352385626,0.16721899807453156
63493.08005425051,0.16721099615097046
63493.14658464477,0.16722699999809265
63493.21311503903,0.16721099615097046
63493.27964543328,0.16722699999809265
63493.34617582754,0.1672389954328537
63493.412706221796,0.1672389954328537
63493.47923661605,0.1672309935092926
63493.545767010306,0.1672309935092926
63493.612297404565,0.1672469973564148
63493.678827798816,0.16723500192165375
63493.745358193075,0.16721099615097046
63493.811888587334,0.16722699999809265
63493.878418981585,0.1672309935092926
63493.944949375844,0.16723500192165375
63494.0114797701,0.1672309935092926
63494.078010164354,0.1672309935092926
63494.14454055861,0.1672230064868927
63494.21107095287,0.16722699999809265
63494.27760134712,0.1672389954328537
63494.34413174138,0.16726699471473694
63494.41066213564,0.16725899279117584
63494.47719252989,0.16723500192165375
63494.54372292415,0.1672469973564148
63494.61025331841,0.16725100576877594
63494.67678371266,0.16725100576877594
63494.74331410692,0.167263001203537
63494.80984450118,0.167263001203537
63494.87637489543,0.16727100312709808
63494.94290528969,0.16728700697422028
63495.00943568395,0.1673000007867813
63495.0759660782,0.1673000007867813
63495.14249647246,0.16729499399662018
63495.209026866716,0.1673160046339035
63495.27555726097,0.16729499399662018
63495.342087655226,0.16728299856185913
63495.408618049485,0.16726699471473694
63495.47514844374,0.16727100312709808
63495.541678837995,0.167263001203537
63495.608209232254,0.167263001203537
63495.674739626505,0.16727499663829803
63495.741270020764,0.16727100312709808
63495.80780041502,0.16727499663829803
63495.87433080928,0.16729499399662018
63495.94086120353,0.16731199622154236
63496.00739159779,0.1673240065574646
63496.07392199205,0.1673080027103424
63496.1404523863,0.16731199622154236
63496.20698278056,0.16731199622154236
63496.27351317482,0.16731199622154236
63496.34004356907,0.16731199622154236
63496.40657396333,0.16731199622154236
63496.47310435759,0.1673240065574646
63496.53963475184,0.1673319935798645
63496.6061651461,0.16731999814510345
63496.67269554036,0.1673319935798645
63496.73922593461,0.1673319935798645
63496.80575632887,0.1673319935798645
63496.872286723126,0.16735200583934784
63496.93881711738,0.16733600199222565
63497.00534751164,0.16733600199222565
63497.071877905895,0.1673399955034256
63497.13840830015,0.16733600199222565
63497.204938694405,0.1673319935798645
63497.271469088664,0.1673319935798645
63497.337999482916,0.1673319935798645
63497.404529877174,0.16732800006866455
63497.47106027143,0.1673160046339035
63497.537590665685,0.16731199622154236
63497.60412105994,0.1673080027103424
63497.6706514542,0.16729100048542023
63497.73718184845,0.16728700697422028
63497.80371224271,0.16728299856185913
63497.87024263697,0.16727100312709808
63497.93677303122,0.16726699471473694
63498.00330342548,0.16727499663829803
63498.06983381974,0.16729100048542023
63498.13636421399,0.16728299856185913
63498.20289460825,0.16727100312709808
63498.26942500251,0.16727100312709808
63498.33595539676,0.16726699471473694
63498.40248579102,0.16726699471473694
63498.46901618528,0.16726699471473694
63498.53554657953,0.16725100576877594
63498.60207697379,0.16725100576877594
63498.66860736805,0.1672469973564148
63498.7351377623,0.16725100576877594
63498.80166815656,0.1672549992799759
63498.868198550816,0.16725100576877594
63498.93472894507,0.16726699471473694
63499.001259339326,0.16727900505065918
63499.067789733585,0.16729100048542023
63499.134320127836,0.16729100048542023
63499.200850522095,0.16731199622154236
63499.26738091635,0.16731199622154236
63499.333911310605,0.1673240065574646
63499.40044170486,0.1673399955034256
63499.46697209912,0.16735200583934784
63499.53350249338,0.16738000512123108
63499.60003288763,0.16738000512123108
63499.66656328189,0.16739599406719208
63499.73309367615,0.16739599406719208
63499.7996240704,0.16741600632667542
63499.86615446466,0.16742900013923645
63499.93268485892,0.1674489974975586
63499.99921525317,0.1674489974975586
63500.06574564743,0.1674569994211197
63500.13227604169,0.16746899485588074
63500.19880643594,0.1674650013446808
63500.2653368302,0.16748100519180298
63500.33186722446,0.16747300326824188
63500.39839761871,0.16747699677944183
63500.46492801297,0.16749300062656403
63500.531458407226,0.16748100519180298
63500.59798880148,0.16748100519180298
63500.664519195736,0.16749300062656403
63500.731049589995,0.16749699413776398
63500.797579984246,0.16749300062656403
63500.864110378505,0.16749300062656403
63500.93064077276,0.16749300062656403
63500.997171167015,0.16749699413776398
63501.063701561274,0.16749300062656403
63501.13023195553,0.16749300062656403
63501.196762349784,0.16749300062656403
63501.26329274404,0.16748499870300293
63501.3298231383,0.16748100519180298
63501.39635353255,0.1674569994211197
63501.46288392681,0.16746899485588074
63501.52941432107,0.16746899485588074
63501.59594471532,0.16745300590991974
63501.66247510958,0.1674409955739975
63501.72900550384,0.1674489974975586
63501.79553589809,0.1674489974975586
63501.86206629235,0.1674489974975586
63501.92859668661,0.1674250066280365
63501.99512708086,0.16741600632667542
63502.06165747512,0.16740399599075317
63502.12818786938,0.16739200055599213
63502.19471826363,0.16739200055599213
63502.26124865789,0.16738800704479218
63502.327779052146,0.16737200319766998
63502.3943094464,0.1673559993505478
63502.460839840656,0.1673479974269867
63502.527370234915,0.1673479974269867
63502.59390062917,0.1673559993505478
63502.660431023425,0.16735200583934784
63502.726961417684,0.16735200583934784
63502.793491811935,0.1673319935798645
63502.860022206194,0.1673319935798645
63502.92655260045,0.1673319935798645
63502.99308299471,0.1673319935798645
63503.05961338896,0.16733600199222565
63503.12614378322,0.16733600199222565
63503.19267417748,0.1673319935798645
63503.25920457173,0.16732800006866455
63503.32573496599,0.1673319935798645
63503.39226536025,0.16731199622154236
63503.4587957545,0.16731199622154236
63503.52532614876,0.1673240065574646
63503.59185654302,0.1673160046339035
63503.65838693727,0.1673160046339035
63503.72491733153,0.16731999814510345
63503.79144772579,0.16731199622154236
63503.85797812004,0.16731999814510345
63503.9245085143,0.1673319935798645
63503.991038908556,0.1673319935798645
63504.05756930281,0.16731999814510345
63504.12409969707,0.16731199622154236
63504.190630091325,0.16731199622154236
63504.25716048558,0.16731199622154236
63504.323690879835,0.16731199622154236
63504.390221274094,0.16731199622154236
63504.456751668346,0.16731199622154236
63504.523282062604,0.1673000007867813
63504.58981245686,0.1673000007867813
63504.656342851114,0.1673080027103424
63504.72287324537,0.16729100048542023
63504.78940363963,0.16728299856185913
63504.85593403388,0.16728700697422028
63504.92246442814,0.16728299856185913
63504.9889948224,0.16727900505065918
63505.05552521665,0.16727900505065918
63505.12205561091,0.16727100312709808
63505.18858600517,0.167263001203537
63505.25511639942,0.1672549992799759
63505.32164679368,0.16724300384521484
63505.38817718794,0.1672389954328537
63505.45470758219,0.16725100576877594
63505.52123797645,0.1672389954328537
63505.58776837071,0.1672309935092926
63505.65429876496,0.1672309935092926
63505.72082915922,0.16722699999809265
63505.78735955348,0.1672309935092926
63505.85388994773,0.1672230064868927
63505.92042034199,0.16721099615097046
63505.986950736245,0.1672150045633316
63506.0534811305,0.16722699999809265
63506.120011524756,0.16722699999809265
63506.186541919014,0.1672309935092926
63506.253072313266,0.16724300384521484
63506.319602707525,0.16726699471473694
63506.38613310178,0.16729100048542023
63506.452663496035,0.1673000007867813
63506.51919389029,0.1673160046339035
63506.58572428455,0.16732800006866455
63506.65225467881,0.16733600199222565
63506.71878507306,0.1673479974269867
63506.78531546732,0.16736799478530884
63506.85184586158,0.16738800704479218
63506.91837625583,0.16740399599075317
63506.98490665009,0.1674409955739975
63507.05143704435,0.1674489974975586
63507.1179674386,0.16745300590991974
63507.18449783286,0.16744500398635864
63507.25102822712,0.16746899485588074
63507.31755862137,0.1674650013446808
63507.38408901563,0.16748100519180298
63507.45061940989,0.16750900447368622
63507.51714980414,0.16751299798488617
63507.5836801984,0.16753000020980835
63507.650210592656,0.16753000020980835
63507.71674098691,0.16753000020980835
63507.783271381166,0.1675419956445694
63507.849801775425,0.16755400598049164
63507.916332169676,0.16755400598049164
63507.982862563935,0.16755400598049164
63508.04939295819,0.1675579994916916
63508.115923352445,0.16756600141525269
63508.182453746704,0.16755400598049164
63508.24898414096,0.16756999492645264
63508.315514535214,0.16756999492645264
63508.38204492947,0.16756999492645264
63508.44857532373,0.16756199300289154
63508.51510571798,0.16757400333881378
63508.58163611224,0.16757400333881378
63508.6481665065,0.1675579994916916
63508.71469690075,0.16756600141525269
63508.78122729501,0.16757400333881378
63508.84775768927,0.16759000718593597
63508.91428808352,0.16757799685001373
63508.98081847778,0.16756999492645264
63509.04734887204,0.16756199300289154
63509.11387926629,0.16756600141525269
63509.18040966055,0.16757400333881378
63509.24694005481,0.16757400333881378
63509.31347044906,0.1675579994916916
63509.38000084332,0.16756600141525269
63509.446531237576,0.16756999492645264
63509.51306163183,0.1675499975681305
63509.579592026086,0.16754600405693054
63509.646122420345,0.16753000020980835
63509.7126528146,0.1675339937210083
63509.779183208855,0.1675339937210083
63509.845713603114,0.1675339937210083
63509.912243997365,0.16753000020980835
63509.978774391624,0.1675339937210083
63510.04530478588,0.1675260066986084
63510.11183518014,0.16752099990844727
63510.17836557439,0.16749699413776398
63510.24489596865,0.16749300062656403
63510.31142636291,0.16748100519180298
63510.37795675716,0.16747699677944183
63510.44448715142,0.16749300062656403
63510.51101754568,0.16750100255012512
63510.57754793993,0.16748499870300293
63510.64407833419,0.1674569994211197
63510.71060872845,0.1674409955739975
63510.7771391227,0.1674409955739975
63510.84366951696,0.16743700206279755
63510.91019991122,0.1674329936504364
63510.97673030547,0.16742900013923645
63511.04326069973,0.16742900013923645
63511.109791093986,0.16742900013923645
63511.17632148824,0.16742900013923645
63511.242851882496,0.16741199791431427
63511.309382276755,0.16741199791431427
63511.37591267101,0.16740800440311432
63511.442443065265,0.16740000247955322
63511.508973459524,0.16740399599075317
63511.575503853775,0.16740800440311432
63511.642034248034,0.16739200055599213
63511.70856464229,0.16738800704479218
63511.775095036544,0.16737599670886993
63511.8416254308,0.16738800704479218
63511.90815582506,0.16739200055599213
63511.97468621931,0.16739200055599213
63512.04121661357,0.16738399863243103
63512.10774700783,0.16737200319766998
63512.17427740208,0.16738399863243103
63512.24080779634,0.16737200319766998
63512.3073381906,0.16737200319766998
63512.37386858485,0.1673559993505478
63512.44039897911,0.16735200583934784
63512.50692937337,0.1673399955034256
63512.57345976762,0.1673479974269867
63512.63999016188,0.1673479974269867
63512.70652055614,0.16735200583934784
63512.77305095039,0.16734400391578674
63512.83958134465,0.16733600199222565
63512.90611173891,0.1673319935798645
63512.97264213316,0.16733600199222565
63513.03917252742,0.1673319935798645
63513.105702921675,0.1673399955034256
63513.17223331593,0.1673319935798645
63513.238763710186,0.1673319935798645
63513.305294104444,0.1673319935798645
63513.371824498696,0.1673319935798645
63513.438354892955,0.1673319935798645
63513.50488528721,0.16731999814510345
63513.571415681465,0.16732800006866455
63513.63794607572,0.16733600199222565
63513.70447646998,0.16734400391578674
63513.77100686424,0.16735200583934784
63513.83753725849,0.16735200583934784
63513.90406765275,0.1673559993505478
63513.97059804701,0.16737200319766998
63514.03712844126,0.16737200319766998
63514.10365883552,0.16737200319766998
63514.17018922978,0.16737200319766998
63514.23671962403,0.16737200319766998
63514.30325001829,0.16736799478530884
63514.36978041255,0.16735999286174774
63514.4363108068,0.16737200319766998
63514.50284120106,0.16738000512123108
63514.56937159532,0.16738000512123108
63514.63590198957,0.16737200319766998
63514.70243238383,0.16737200319766998
63514.768962778086,0.16737200319766998
63514.83549317234,0.16738000512123108
63514.902023566596,0.16737599670886993
63514.968553960854,0.16736799478530884
63515.035084355106,0.16735999286174774
63515.101614749365,0.16737200319766998
63515.16814514362,0.16736799478530884
63515.234675537875,0.16737200319766998
63515.30120593213,0.16737200319766998
63515.36773632639,0.1673640012741089
63515.434266720644,0.1673559993505478
63515.5007971149,0.16734400391578674
63515.56732750916,0.1673479974269867
63515.63385790341,0.16735200583934784
63515.70038829767,0.16735999286174774
63515.76691869193,0.16735999286174774
63515.83344908618,0.16735999286174774
63515.89997948044,0.1673399955034256
63515.9665098747,0.16731999814510345
63516.03304026895,0.16731999814510345
63516.09957066321,0.1673160046339035
63516.16610105747,0.16731999814510345
63516.23263145172,0.16731999814510345
63516.29916184598,0.1673000007867813
63516.36569224024,0.16727100312709808
63516.43222263449,0.16727499663829803
63516.49875302875,0.16727900505065918
63516.565283423006,0.16727100312709808
63516.63181381726,0.16727100312709808
63516.698344211516,0.1672549992799759
63516.764874605775,0.167263001203537
63516.831405000026,0.16727100312709808
63516.897935394285,0.16726699471473694
63516.964465788544,0.1672549992799759
63517.030996182795,0.16727100312709808
63517.097526577054,0.16727100312709808
63517.16405697131,0.16726699471473694
63517.23058736557,0.16725100576877594
63517.29711775982,0.16725100576877594
63517.36364815408,0.16725899279117584
63517.43017854834,0.1672549992799759
63517.49670894259,0.1672549992799759
63517.56323933685,0.16725100576877594
63517.62976973111,0.1672549992799759
63517.69630012536,0.16727100312709808
63517.76283051962,0.16727100312709808
63517.82936091388,0.16727100312709808
63517.89589130813,0.16727499663829803
63517.96242170239,0.16726699471473694
63518.02895209665,0.1672549992799759
63518.0954824909,0.16727100312709808
63518.16201288516,0.16728700697422028
63518.228543279416,0.16729100048542023
63518.29507367367,0.16728700697422028
63518.361604067926,0.16727499663829803
63518.428134462185,0.16728299856185913
63518.49466485644,0.16728299856185913
63518.561195250695,0.16729100048542023
63518.627725644954,0.16729100048542023
63518.694256039205,0.16729499399662018
63518.760786433464,0.16729100048542023
63518.82731682772,0.16729100048542023
63518.893847221974,0.16729100048542023
63518.96037761623,0.16729499399662018
63519.02690801049,0.16728299856185913
63519.09343840474,0.16729100048542023
63519.159968799,0.16731999814510345
63519.22649919326,0.16730399429798126
63519.29302958751,0.16729100048542023
63519.35955998177,0.16729100048542023
63519.42609037603,0.16729100048542023
63519.49262077028,0.16729100048542023
63519.55915116454,0.16728299856185913
63519.6256815588,0.16729100048542023
63519.69221195305,0.16728700697422028
63519.75874234731,0.16729100048542023
63519.82527274157,0.16728700697422028
63519.89180313582,0.16728700697422028
63519.95833353008,0.16729100048542023
63520.02486392434,0.16727900505065918
63520.09139431859,0.16727100312709808
63520.15792471285,0.16727499663829803
63520.224455107105,0.16727499663829803
63520.29098550136,0.16726699471473694
63520.357515895616,0.16725100576877594
63520.424046289874,0.167263001203537
63520.490576684126,0.16728299856185913
63520.557107078384,0.16727100312709808
63520.62363747264,0.16726699471473694
63520.690167866895,0.1672469973564148
63520.75669826115,0.16725100576877594
63520.82322865541,0.16723500192165375
63520.88975904967,0.16723500192165375
63520.95628944392,0.16722699999809265
63521.02281983818,0.16722699999809265
63521.08935023244,0.1672309935092926
63521.15588062669,0.1672309935092926
63521.22241102095,0.1672309935092926
63521.28894141521,0.1672150045633316
63521.35547180946,0.1672230064868927
63521.42200220372,0.16721899807453156
63521.48853259798,0.1672309935092926
63521.55506299223,0.16723500192165375
63521.62159338649,0.1672389954328537
63521.68812378075,0.1672549992799759
63521.754654175,0.167263001203537
63521.82118456926,0.16725100576877594
63521.887714963515,0.16726699471473694
63521.95424535777,0.16726699471473694
63522.020775752026,0.16725100576877594
63522.087306146284,0.16725899279117584
63522.153836540536,0.16727100312709808
63522.220366934795,0.16727100312709808
63522.28689732905,0.16727100312709808
63522.353427723305,0.16726699471473694
63522.41995811756,0.16727100312709808
63522.48648851182,0.1672549992799759
63522.553018906074,0.16727499663829803
63522.61954930033,0.16728299856185913
63522.68607969459,0.16727499663829803
63522.75261008884,0.16727100312709808
63522.8191404831,0.16727100312709808
63522.88567087736,0.16727100312709808
63522.95220127161,0.16727100312709808
63523.01873166587,0.16727100312709808
63523.08526206013,0.16727100312709808
63523.15179245438,0.16727100312709808
63523.21832284864,0.16727100312709808
63523.2848532429,0.16727100312709808
63523.35138363715,0.16727100312709808
63523.41791403141,0.16727499663829803
63523.48444442567,0.16727499663829803
63523.55097481992,0.167263001203537
63523.61750521418,0.16725100576877594
63523.684035608436,0.16728299856185913
63523.75056600269,0.16728700697422028
63523.817096396946,0.16725899279117584
63523.883626791205,0.16725100576877594
63523.950157185456,0.16725100576877594
63524.016687579715,0.167263001203537
63524.083217973974,0.16727100312709808
63524.149748368225,0.16724300384521484
63524.216278762484,0.16725899279117584
63524.28280915674,0.16727100312709808
63524.349339551,0.16727100312709808
63524.41586994525,0.16727499663829803
63524.48240033951,0.16727900505065918
63524.54893073377,0.16727100312709808
63524.61546112802,0.16728299856185913
63524.68199152228,0.16729100048542023
63524.74852191654,0.16729100048542023
63524.81505231079,0.1673080027103424
63524.88158270505,0.1673160046339035
63524.94811309931,0.16731199622154236
63525.01464349356,0.1673080027103424
63525.08117388782,0.1673319935798645
63525.14770428208,0.16733600199222565
63525.21423467633,0.1673319935798645
63525.28076507059,0.1673319935798645
63525.347295464846,0.16732800006866455
63525.4138258591,0.1673319935798645
63525.480356253356,0.1673319935798645
63525.546886647615,0.1673319935798645
63525.613417041866,0.1673319935798645
63525.679947436125,0.16734400391578674
63525.746477830384,0.1673640012741089
63525.813008224635,0.16737200319766998
63525.879538618894,0.16737200319766998
63525.94606901315,0.16737200319766998
63526.012599407404,0.16736799478530884
63526.07912980166,0.16737200319766998
63526.14566019592,0.16738399863243103
63526.21219059017,0.16740800440311432
63526.27872098443,0.16740800440311432
63526.34525137869,0.16740800440311432
63526.41178177294,0.1674329936504364
63526.4783121672,0.16741600632667542
63526.54484256146,0.16741199791431427
63526.61137295571,0.16742099821567535
63526.67790334997,0.16741600632667542
63526.74443374423,0.16740399599075317
63526.81096413848,0.16740399599075317
63526.87749453274,0.16741199791431427
63526.944024927,0.1674329936504364
63527.01055532125,0.16744500398635864
63527.07708571551,0.16743700206279755
63527.143616109766,0.1674409955739975
63527.21014650402,0.1674329936504364
63527.27667689828,0.16742900013923645
63527.343207292535,0.1674329936504364
63527.40973768679,0.1674250066280365
63527.476268081045,0.16741600632667542
63527.542798475304,0.16740000247955322
63527.609328869556,0.16739200055599213
63527.675859263814,0.16740800440311432
63527.74238965807,0.16740000247955322
63527.808920052325,0.16737200319766998
63527.87545044658,0.16737200319766998
63527.94198084084,0.16737200319766998
63528.00851123509,0.16737200319766998
63528.07504162935,0.16736799478530884
63528.14157202361,0.16738000512123108
63528.20810241787,0.16738399863243103
63528.27463281212,0.16737200319766998
63528.34116320638,0.16737200319766998
63528.40769360064,0.16735999286174774
63528.47422399489,0.16735999286174774
63528.54075438915,0.16735200583934784
63528.60728478341,0.1673319935798645
63528.67381517766,0.16733600199222565
63528.74034557192,0.16737200319766998
63528.80687596618,0.16737200319766998
63528.87340636043,0.16737599670886993
63528.93993675469,0.16738399863243103
63529.006467148945,0.16740399599075317
63529.0729975432,0.16741199791431427
63529.139527937456,0.16741199791431427
63529.206058331714,0.16742099821567535
63529.272588725966,0.16741600632667542
63529.339119120224,0.1674329936504364
63529.40564951448,0.1674409955739975
63529.472179908735,0.16745300590991974
63529.53871030299,0.1674569994211197
63529.60524069725,0.16745300590991974
63529.6717710915,0.1674409955739975
63529.73830148576,0.16745300590991974
63529.80483188002,0.16747300326824188
63529.87136227427,0.16745300590991974
63529.93789266853,0.16746099293231964
63530.00442306279,0.16746099293231964
63530.07095345704,0.16747699677944183
63530.1374838513,0.16747699677944183
63530.20401424556,0.16749300062656403
63530.27054463981,0.16747699677944183
63530.33707503407,0.16748499870300293
63530.40360542833,0.16749300062656403
63530.47013582258,0.16750100255012512
63530.53666621684,0.16749300062656403
63530.6031966111,0.16750900447368622
63530.66972700535,0.16750100255012512
63530.73625739961,0.16748900711536407
63530.802787793866,0.16748100519180298
63530.86931818812,0.16748499870300293
63530.935848582376,0.16748900711536407
63531.002378976635,0.16746899485588074
63531.068909370886,0.16745300590991974
63531.135439765145,0.16745300590991974
63531.2019701594,0.16744500398635864
63531.268500553655,0.1674569994211197
63531.335030947914,0.16746099293231964
63531.40156134217,0.16745300590991974
63531.46809173643,0.16745300590991974
63531.53462213068,0.16745300590991974
63531.60115252494,0.16745300590991974
63531.6676829192,0.16746099293231964
63531.73421331345,0.1674569994211197
63531.80074370771,0.16746099293231964
63531.86727410197,0.16745300590991974
63531.93380449622,0.16745300590991974
63532.00033489048,0.16745300590991974
63532.06686528474,0.16745300590991974
63532.13339567899,0.16745300590991974
63532.19992607325,0.1674569994211197
63532.26645646751,0.1674569994211197
63532.33298686176,0.1674569994211197
63532.39951725602,0.16746099293231964
63532.466047650276,0.1674650013446808
63532.53257804453,0.16747699677944183
63532.599108438786,0.16749300062656403
63532.665638833045,0.16749300062656403
63532.732169227296,0.16749300062656403
63532.798699621555,0.16750900447368622
63532.865230015814,0.16751299798488617
63532.931760410065,0.16752099990844727
63532.998290804324,0.1675339937210083
63533.06482119858,0.1675499975681305
63533.131351592834,0.1675499975681305
63533.19788198709,0.1675499975681305
63533.26441238135,0.16755400598049164
63533.3309427756,0.16756999492645264
63533.39747316986,0.16759799420833588
63533.46400356412,0.16760200262069702
63533.53053395837,0.16760200262069702
63533.59706435263,0.16760200262069702
63533.66359474689,0.16761000454425812
63533.73012514114,0.16761399805545807
63533.7966555354,0.16761399805545807
63533.86318592966,0.16761399805545807
63533.92971632391,0.16761399805545807
63533.99624671817,0.1676270067691803
63534.06277711243,0.16763100028038025
63534.12930750668,0.1676349937915802
63534.19583790094,0.1676349937915802
63534.262368295196,0.1676349937915802
63534.32889868945,0.1676190048456192
63534.39542908371,0.16761399805545807
63534.461959477965,0.16761399805545807
63534.52848987222,0.16761399805545807
63534.595020266475,0.16761399805545807
63534.661550660734,0.16761399805545807
63534.728081054986,0.16761399805545807
63534.794611449244,0.16761000454425812
63534.8611418435,0.16761399805545807
63534.927672237754,0.16759000718593597
63534.99420263201,0.1675339937210083
63535.06073302627,0.16754600405693054
63535.12726342052,0.16756199300289154
63535.19379381478,0.16756600141525269
63535.26032420904,0.16757400333881378
63535.3268546033,0.1675579994916916
63535.39338499755,0.1675579994916916
63535.45991539181,0.1675499975681305
63535.52644578607,0.16755400598049164
63535.59297618032,0.1675339937210083
63535.65950657458,0.1675339937210083
63535.72603696884,0.16753000020980835
63535.79256736309,0.16751700639724731
63535.85909775735,0.16751700639724731
63535.925628151606,0.16751299798488617
63535.99215854586,0.16751299798488617
63536.05868894012,0.1675339937210083
63536.125219334375,0.16751299798488617
63536.19174972863,0.16751299798488617
63536.258280122885,0.16751299798488617
63536.324810517144,0.16751700639724731
63536.391340911396,0.16752099990844727
63536.457871305654,0.16752099990844727
63536.52440169991,0.1675260066986084
63536.590932094165,0.16751299798488617
63536.65746248842,0.16753000020980835
63536.72399288268,0.1675260066986084
63536.79052327693,0.16751700639724731
63536.85705367119,0.16752099990844727
63536.92358406545,0.16751299798488617
63536.9901144597,0.1675339937210083
63537.05664485396,0.1675499975681305
63537.12317524822,0.16754600405693054
63537.18970564247,0.16755400598049164
63537.25623603673,0.16756199300289154
63537.32276643099,0.16757400333881378
63537.38929682524,0.16757400333881378
63537.4558272195,0.16757400333881378
63537.52235761376,0.16757400333881378
63537.58888800801,0.16760200262069702
63537.65541840227,0.16761399805545807
63537.72194879653,0.1676190048456192
63537.78847919078,0.1676190048456192
63537.85500958504,0.16762299835681915
63537.921539979296,0.1676349937915802
63537.98807037355,0.1676349937915802
63538.054600767806,0.16763100028038025
63538.121131162065,0.1676509976387024
63538.187661556316,0.16767099499702454
63538.254191950575,0.16767899692058563
63538.32072234483,0.16769500076770782
63538.387252739085,0.16771599650382996
63538.453783133344,0.1677200049161911
63538.5203135276,0.16773200035095215
63538.58684392186,0.16771200299263
63538.65337431611,0.16771599650382996
63538.71990471037,0.16772399842739105
63538.78643510463,0.1677359938621521
63538.85296549888,0.16773200035095215
63538.91949589314,0.1677359938621521
63538.9860262874,0.16776399314403534
63539.05255668165,0.16775600612163544
63539.11908707591,0.16774000227451324
63539.18561747017,0.16772399842739105
63539.25214786442,0.1677359938621521
63539.31867825868,0.16771599650382996
63539.38520865294,0.16769899427890778
63539.45173904719,0.16770799458026886
63539.51826944145,0.1677040010690689
63539.584799835706,0.16769899427890778
63539.65133022996,0.16769100725650787
63539.717860624216,0.16767899692058563
63539.784391018475,0.16769500076770782
63539.850921412726,0.16768300533294678
63539.917451806985,0.16768300533294678
63539.98398220124,0.16769500076770782
63540.050512595495,0.16769500076770782
63540.117042989754,0.16769500076770782
63540.18357338401,0.16768300533294678
63540.250103778264,0.16767899692058563
63540.31663417252,0.16767899692058563
63540.38316456678,0.16768699884414673
63540.44969496103,0.16769500076770782
63540.51622535529,0.16769500076770782
63540.58275574955,0.16769500076770782
63540.6492861438,0.16769500076770782
63540.71581653806,0.16769500076770782
63540.78234693232,0.1677040010690689
63540.84887732657,0.16771200299263
63540.91540772083,0.16769500076770782
63540.98193811509,0.16767500340938568
63541.04846850934,0.16768300533294678
63541.1149989036,0.16768300533294678
63541.18152929786,0.16767899692058563
63541.24805969211,0.16769100725650787
63541.31459008637,0.16769500076770782
63541.381120480626,0.16769500076770782
63541.44765087488,0.16769500076770782
63541.514181269136,0.16771200299263
63541.580711663395,0.16771200299263
63541.64724205765,0.16771599650382996
63541.713772451905,0.1677280068397522
63541.780302846164,0.16774800419807434
63541.846833240415,0.16774800419807434
63541.913363634674,0.16774800419807434
63541.97989402893,0.1677599996328354
63542.046424423184,0.16775600612163544
63542.11295481744,0.16777600347995758
63542.1794852117,0.16777600347995758
63542.24601560595,0.16777199506759644
63542.31254600021,0.16777600347995758
63542.37907639447,0.16776800155639648
63542.44560678873,0.16778500378131866
63542.51213718298,0.16778500378131866
63542.57866757724,0.16779300570487976
63542.6451979715,0.16780099272727966
63542.71172836575,0.16780099272727966
63542.77825876001,0.16780099272727966
63542.84478915427,0.1677969992160797
63542.91131954852,0.1678050011396408
63542.97784994278,0.1678130030632019
63543.044380337036,0.16781699657440186
63543.11091073129,0.16783300042152405
63543.17744112555,0.167836993932724
63543.243971519805,0.16784100234508514
63543.31050191406,0.16786199808120728
63543.377032308315,0.16785800457000732
63543.443562702574,0.16787000000476837
63543.510093096826,0.16787800192832947
63543.576623491084,0.16785800457000732
63543.64315388534,0.16786600649356842
63543.709684279595,0.16787399351596832
63543.77621467385,0.16787800192832947
63543.84274506811,0.1678979992866516
63543.90927546236,0.16789400577545166
63543.97580585662,0.16787800192832947
63544.04233625088,0.16787800192832947
63544.10886664513,0.16787800192832947
63544.17539703939,0.16787399351596832
63544.24192743365,0.1678979992866516
63544.3084578279,0.16789400577545166
63544.37498822216,0.16788999736309052
63544.44151861642,0.16787800192832947
63544.50804901067,0.16787800192832947
63544.57457940493,0.16788600385189056
63544.64110979919,0.16787399351596832
63544.70764019344,0.16787000000476837
63544.7741705877,0.16788199543952942
63544.84070098196,0.1678979992866516
63544.90723137621,0.16788199543952942
63544.97376177047,0.16786600649356842
63545.040292164726,0.16787399351596832
63545.10682255898,0.16787800192832947
63545.173352953236,0.16788999736309052
63545.239883347494,0.1678979992866516
63545.306413741746,0.16788199543952942
63545.372944136005,0.16789400577545166
63545.43947453026,0.1678979992866516
63545.506004924515,0.1678979992866516
63545.57253531877,0.1678979992866516
63545.63906571303,0.16790999472141266
63545.705596107284,0.1678979992866516
63545.77212650154,0.16789400577545166
63545.8386568958,0.16790999472141266
63545.90518729006,0.1679140031337738
63545.97171768431,0.16790999472141266
63546.03824807857,0.16793499886989594
63546.10477847283,0.16793100535869598
63546.17130886708,0.16791799664497375
63546.23783926134,0.16791799664497375
63546.3043696556,0.16793100535869598
63546.37090004985,0.16793499886989594
63546.43743044411,0.16793900728225708
63546.50396083837,0.16793900728225708
63546.57049123262,0.16793100535869598
63546.63702162688,0.1679140031337738
63546.703552021136,0.1679230034351349
63546.77008241539,0.16792699694633484
63546.836612809646,0.16791799664497375
63546.903143203905,0.16792699694633484
63546.969673598156,0.16793499886989594
63547.036203992415,0.16792699694633484
63547.10273438667,0.16793900728225708
63547.169264780925,0.16793900728225708
63547.235795175184,0.16795100271701813
63547.30232556944,0.16793900728225708
63547.368855963694,0.16793499886989594
63547.43538635795,0.16793499886989594
63547.50191675221,0.16793499886989594
63547.56844714646,0.16794699430465698
63547.63497754072,0.16795900464057922
63547.70150793498,0.16795499622821808
63547.76803832923,0.16795100271701813
63547.83456872349,0.16796700656414032
63547.90109911775,0.16796299815177917
63547.967629512,0.16797499358654022
63548.03415990626,0.16797900199890137
63548.10069030052,0.16798299551010132
63548.16722069477,0.16798299551010132
63548.23375108903,0.16800400614738464
63548.30028148329,0.16798299551010132
63548.36681187754,0.16797900199890137
63548.4333422718,0.16797900199890137
63548.499872666056,0.1679919958114624
63548.56640306031,0.1679999977350235
63548.632933454566,0.16800400614738464
63548.699463848825,0.1680079996585846
63548.76599424308,0.16802799701690674
63548.832524637335,0.1680240035057068
63548.899055031594,0.16804000735282898
63548.965585425845,0.1680610030889511
63549.032115820104,0.1680690050125122
63549.09864621436,0.16807299852371216
63549.165176608614,0.1680849939584732
63549.23170700287,0.16809700429439545
63549.29823739713,0.16810500621795654
63549.36476779138,0.16810500621795654
63549.43129818564,0.16810500621795654
63549.4978285799,0.16811800003051758
63549.56435897416,0.16812199354171753
63549.63088936841,0.16812199354171753
63549.69741976267,0.16812199354171753
63549.76395015693,0.16812199354171753
63549.83048055118,0.16812600195407867
63549.89701094544,0.16812999546527863
63549.9635413397,0.16812600195407867
63550.03007173395,0.16813799738883972
63550.09660212821,0.16811800003051758
63550.163132522466,0.16811800003051758
63550.22966291672,0.16812199354171753
63550.29619331098,0.16812199354171753
63550.362723705235,0.16813400387763977
63550.42925409949,0.16812999546527863
63550.495784493745,0.16812199354171753
63550.562314888004,0.16812199354171753
63550.628845282255,0.16812999546527863
63550.695375676514,0.16811800003051758
63550.76190607077,0.1681009978055954
63550.828436465024,0.16811800003051758
63550.89496685928,0.16810999810695648
63550.96149725354,0.16812600195407867
63551.02802764779,0.16813400387763977
63551.09455804205,0.16812199354171753
63551.16108843631,0.16813400387763977
63551.22761883056,0.16814200580120087
63551.29414922482,0.16814599931240082
63551.36067961908,0.16815799474716187
63551.42721001333,0.16813799738883972
63551.49374040759,0.16812199354171753
63551.56027080185,0.16813799738883972
63551.6268011961,0.16814200580120087
63551.69333159036,0.16814200580120087
63551.75986198462,0.16814200580120087
63551.82639237887,0.16813400387763977
63551.89292277313,0.16812600195407867
63551.95945316739,0.16813799738883972
63552.02598356164,0.16813400387763977
63552.0925139559,0.16812199354171753
63552.159044350155,0.16813400387763977
63552.22557474441,0.16814200580120087
63552.292105138666,0.16812600195407867
63552.358635532924,0.16813799738883972
63552.425165927176,0.16813799738883972
63552.491696321435,0.16814599931240082
63552.55822671569,0.16814200580120087
63552.624757109945,0.16814200580120087
63552.6912875042,0.16814200580120087
63552.75781789846,0.16814200580120087
63552.824348292714,0.16814999282360077
63552.89087868697,0.168162003159523
63552.95740908123,0.168162003159523
63553.02393947549,0.168162003159523
63553.09046986974,0.16816699504852295
63553.157000264,0.16819100081920624
63553.22353065826,0.1681949943304062
63553.29006105251,0.16819900274276733
63553.35659144677,0.16820299625396729
63553.42312184103,0.1681949943304062
63553.48965223528,0.16820700466632843
63553.55618262954,0.16820299625396729
63553.6227130238,0.1681870073080063
63553.68924341805,0.16818299889564514
63553.75577381231,0.16818299889564514
63553.822304206566,0.16818299889564514
63553.88883460082,0.16818299889564514
63553.955364995076,0.1681870073080063
63554.021895389335,0.16818299889564514
63554.088425783586,0.16818299889564514
63554.154956177845,0.16818299889564514
63554.2214865721,0.16822800040245056
63554.288016966355,0.16828900575637817
63554.354547360614,0.16830100119113922
63554.42107775487,0.1682399958372116
63554.487608149124,0.16819100081920624
63554.55413854338,0.16814999282360077
63554.62066893764,0.16814999282360077
63554.68719933189,0.168162003159523
63554.75372972615,0.168162003159523
63554.82026012041,0.16817499697208405
63554.88679051466,0.16819900274276733
63554.95332090892,0.1681870073080063
63555.01985130318,0.16820299625396729
63555.08638169743,0.16820700466632843
63555.15291209169,0.1682240068912506
63555.21944248595,0.16821500658988953
63555.2859728802,0.1682240068912506
63555.35250327446,0.1682240068912506
63555.41903366872,0.1682240068912506
63555.48556406297,0.16821099817752838
63555.55209445723,0.16821500658988953
63555.618624851486,0.1682240068912506
63555.68515524574,0.1682240068912506
63555.751685639996,0.1682319939136505
63555.818216034255,0.1682479977607727
63555.884746428506,0.16825999319553375
63555.951276822765,0.16828100383281708
63556.017807217024,0.16828100383281708
63556.084337611275,0.16829299926757812
63556.150868005534,0.16831299662590027
63556.21739839979,0.1683260053396225
63556.283928794044,0.1683260053396225
63556.3504591883,0.16833800077438354
63556.41698958256,0.16836600005626678
63556.48351997681,0.1684029996395111
63556.55005037107,0.16842800378799438
63556.61658076533,0.16843600571155548
63556.68311115959,0.16845600306987762
63556.74964155384,0.1684969961643219
63556.8161719481,0.16853000223636627
63556.88270234236,0.16853000223636627
63556.94923273661,0.16854600608348846
63557.01576313087,0.1685580015182495
63557.08229352513,0.16858699917793274
63557.14882391938,0.16861200332641602
63557.21535431364,0.1686439961194992
63557.281884707896,0.16865700483322144
63557.34841510215,0.16868099570274353
63557.414945496406,0.1687059998512268
63557.481475890665,0.1686979979276657
63557.54800628492,0.16870999336242676
63557.614536679175,0.16873499751091003
63557.681067073434,0.16875100135803223
63557.747597467685,0.16875900328159332
63557.814127861944,0.1687760055065155
63557.8806582562,0.16878800094127655
63557.947188650454,0.16879600286483765
63558.01371904471,0.16879600286483765
63558.08024943897,0.16881699860095978
63558.14677983322,0.16881699860095978
63558.21331022748,0.16881699860095978
63558.27984062174,0.16881699860095978
63558.34637101599,0.16882100701332092
63558.41290141025,0.16883699595928192
63558.47943180451,0.16882500052452087
63558.54596219876,0.16882899403572083
63558.61249259302,0.16885800659656525
63558.67902298728,0.16885800659656525
63558.74555338153,0.16885800659656525
63558.81208377579,0.16884499788284302
63558.87861417005,0.16883699595928192
63558.9451445643,0.16882899403572083
63559.01167495856,0.1688079982995987
63559.07820535282,0.16880400478839874
63559.14473574707,0.1687919944524765
63559.21126614133,0.16876299679279327
63559.277796535585,0.16877099871635437
63559.34432692984,0.1687760055065155
63559.410857324096,0.1687760055065155
63559.477387718354,0.16875900328159332
63559.543918112606,0.16876700520515442
63559.610448506864,0.16875499486923218
63559.67697890112,0.16875499486923218
63559.743509295375,0.16875499486923218
63559.81003968963,0.16876299679279327
63559.87657008389,0.1687919944524765
63559.94310047814,0.1687999963760376
63560.0096308724,0.16881699860095978
63560.07616126666,0.16884499788284302
63560.14269166092,0.1688700020313263
63560.20922205517,0.1688780039548874
63560.27575244943,0.1689150035381317
63560.34228284369,0.1689399927854538
63560.40881323794,0.1689479947090149
63560.4753436322,0.16897700726985931
63560.54187402646,0.1690099984407425
63560.60840442071,0.16902999579906464
63560.67493481497,0.1690549999475479
63560.74146520923,0.16907599568367004
63560.80799560348,0.1690959930419922
63560.87452599774,0.1691250056028366
63560.941056391996,0.1691499948501587
63561.00758678625,0.16914600133895874
63561.074117180506,0.16917400062084198
63561.140647574764,0.16918699443340302
63561.207177969016,0.16920700669288635
63561.273708363275,0.16922800242900848
63561.34023875753,0.16924899816513062
63561.406769151785,0.16926099359989166
63561.47329954604,0.16926899552345276
63561.5398299403,0.16930200159549713
63561.606360334554,0.16931100189685822
63561.67289072881,0.16931100189685822
63561.73942112307,0.16931100189685822
63561.80595151732,0.16930599510669708
63561.87248191158,0.16929399967193604
63561.93901230584,0.16929399967193604
63562.00554270009,0.16929399967193604
63562.07207309435,0.16930599510669708
63562.13860348861,0.16931100189685822
63562.20513388286,0.16929000616073608
63562.27166427712,0.169282004237175
63562.33819467138,0.16925300657749176
63562.40472506563,0.16925300657749176
63562.47125545989,0.16924899816513062
63562.53778585415,0.16924899816513062
63562.6043162484,0.16923600435256958
63562.67084664266,0.1692029982805252
63562.737377036916,0.1691790074110031
63562.80390743117,0.16916599869728088
63562.870437825426,0.16916200518608093
63562.936968219685,0.16912899911403656
63563.003498613936,0.16910800337791443
63563.070029008195,0.16908399760723114
63563.136559402454,0.16906699538230896
63563.203089796705,0.16904300451278687
63563.269620190964,0.16902199387550354
63563.33615058522,0.16898900270462036
63563.402680979474,0.16896900534629822
63563.46921137373,0.1689399927854538
63563.53574176799,0.1689399927854538
63563.60227216224,0.16891899704933167
63563.6688025565,0.16890700161457062
63563.73533295076,0.16888999938964844
63563.80186334502,0.1688780039548874
63563.86839373927,0.16888999938964844
63563.93492413353,0.1688780039548874
63564.00145452779,0.16886599361896515
63564.06798492204,0.16884900629520416
63564.1345153163,0.16884900629520416
63564.20104571056,0.16883699595928192
63564.26757610481,0.16883699595928192
63564.33410649907,0.16882899403572083
63564.400636893326,0.16881699860095978
63564.46716728758,0.1687999963760376
63564.533697681836,0.16879600286483765
63564.600228076095,0.16881699860095978
63564.66675847035,0.16881699860095978
63564.733288864605,0.16880400478839874
63564.799819258864,0.16879600286483765
63564.866349653115,0.16878800094127655
63564.932880047374,0.1687840074300766
63564.99941044163,0.16881699860095978
63565.065940835884,0.1687919944524765
63565.13247123014,0.1687760055065155
63565.1990016244,0.16877999901771545
63565.26553201865,0.1687840074300766
63565.33206241291,0.1687999963760376
63565.39859280717,0.16879600286483765
63565.46512320142,0.16879600286483765
63565.53165359568,0.16880400478839874
63565.59818398994,0.16880400478839874
63565.66471438419,0.16880400478839874
63565.73124477845,0.16881699860095978
63565.79777517271,0.16881699860095978
63565.86430556696,0.16881699860095978
63565.93083596122,0.16881699860095978
63565.99736635548,0.16883699595928192
63566.06389674973,0.16883300244808197
63566.13042714399,0.16883699595928192
63566.196957538246,0.16884100437164307
63566.2634879325,0.16884499788284302
63566.33001832676,0.1688700020313263
63566.396548721015,0.1688780039548874
63566.46307911527,0.16888199746608734
63566.529609509525,0.16888999938964844
63566.596139903784,0.16888199746608734
63566.662670298036,0.16889500617980957
63566.729200692294,0.1688860058784485
63566.79573108655,0.16888999938964844
63566.862261480805,0.16889899969100952
63566.92879187506,0.16889899969100952
63566.99532226932,0.16889899969100952
63567.06185266357,0.16890299320220947
63567.12838305783,0.16890700161457062
63567.19491345209,0.16891099512577057
63567.26144384635,0.16892699897289276
63567.3279742406,0.16893599927425385
63567.39450463486,0.1689320057630539
63567.46103502912,0.16892699897289276
63567.52756542337,0.1689399927854538
63567.59409581763,0.16894400119781494
63567.66062621189,0.16896000504493713
63567.72715660614,0.16895200312137604
63567.7936870004,0.1689399927854538
63567.86021739466,0.16895200312137604
63567.92674778891,0.168955996632576
63567.99327818317,0.16897299885749817
63568.059808577425,0.16898100078105927
63568.12633897168,0.16897700726985931
63568.192869365936,0.16896399855613708
63568.259399760194,0.16896000504493713
63568.325930154446,0.16898100078105927
63568.392460548705,0.16897700726985931
63568.45899094296,0.16897299885749817
63568.525521337215,0.16897299885749817
63568.59205173147,0.16896399855613708
63568.65858212573,0.16898100078105927
63568.725112519984,0.16898100078105927
63568.79164291424,0.16897700726985931
63568.8581733085,0.16898499429225922
63568.92470370275,0.16898100078105927
63568.99123409701,0.16898100078105927
63569.05776449127,0.16897299885749817
63569.12429488552,0.16896000504493713
63569.19082527978,0.16896000504493713
63569.25735567404,0.16896000504493713
63569.32388606829,0.16896399855613708
63569.39041646255,0.168955996632576
63569.45694685681,0.16894400119781494
63569.52347725106,0.16895200312137604
63569.59000764532,0.168955996632576
63569.65653803958,0.16896000504493713
63569.72306843383,0.168955996632576
63569.78959882809,0.168955996632576
63569.856129222346,0.16895200312137604
63569.9226596166,0.1689399927854538
63569.989190010856,0.16896000504493713
63570.055720405115,0.16896000504493713
63570.122250799366,0.16896000504493713
63570.188781193625,0.16896000504493713
63570.25531158788,0.16896000504493713
63570.321841982135,0.16896000504493713
63570.388372376394,0.16896000504493713
63570.45490277065,0.16895200312137604
63570.521433164904,0.16896000504493713
63570.58796355916,0.16896900534629822
63570.65449395342,0.168955996632576
63570.72102434767,0.16896000504493713
63570.78755474193,0.16896000504493713
63570.85408513619,0.16896000504493713
63570.92061553045,0.16894400119781494
63570.9871459247,0.16894400119781494
63571.05367631896,0.1689479947090149
63571.12020671322,0.1689479947090149
63571.18673710747,0.1689479947090149
63571.25326750173,0.16896399855613708
63571.31979789599,0.16896399855613708
63571.38632829024,0.16896399855613708
63571.4528586845,0.16896900534629822
63571.519389078756,0.16896000504493713
63571.58591947301,0.16896000504493713
63571.652449867266,0.16896900534629822
63571.718980261525,0.16897299885749817
63571.785510655776,0.16898100078105927
63571.852041050035,0.16898499429225922
63571.918571444294,0.16898100078105927
63571.985101838545,0.1689929962158203
63572.051632232804,0.1690009981393814
63572.11816262706,0.1690009981393814
63572.184693021314,0.1690099984407425
63572.25122341557,0.16902199387550354
63572.31775380983,0.16902199387550354
63572.38428420408,0.16902199387550354
63572.45081459834,0.1690180003643036
63572.5173449926,0.16902199387550354
63572.58387538685,0.16902600228786469
63572.65040578111,0.16902600228786469
63572.71693617537,0.16902999579906464
63572.78346656962,0.16903400421142578
63572.84999696388,0.16904300451278687
63572.91652735814,0.16904300451278687
63572.98305775239,0.16904300451278687
63573.04958814665,0.16904300451278687
63573.11611854091,0.16904699802398682
63573.18264893516,0.16904699802398682
63573.24917932942,0.16903400421142578
63573.315709723676,0.16902199387550354
63573.38224011793,0.16902999579906464
63573.44877051219,0.16904300451278687
63573.515300906445,0.16904699802398682
63573.5818313007,0.16903400421142578
63573.648361694955,0.16902199387550354
63573.714892089214,0.16902600228786469
63573.781422483466,0.16902199387550354
63573.847952877724,0.16902600228786469
63573.91448327198,0.16903799772262573
63573.981013666235,0.16903799772262573
63574.04754406049,0.16902999579906464
63574.11407445475,0.1690180003643036
63574.180604849,0.16900600492954254
63574.24713524326,0.16900600492954254
63574.31366563752,0.16901400685310364
63574.38019603178,0.1690099984407425
63574.44672642603,0.16902199387550354
63574.51325682029,0.1690099984407425
63574.57978721455,0.1690009981393814
63574.6463176088,0.1690009981393814
63574.71284800306,0.16900600492954254
63574.77937839732,0.16902199387550354
63574.84590879157,0.1690009981393814
63574.91243918583,0.16901400685310364
63574.97896958009,0.16902199387550354
63575.04549997434,0.16902600228786469
63575.1120303686,0.1690180003643036
63575.178560762855,0.16902199387550354
63575.24509115711,0.1690180003643036
63575.311621551366,0.16901400685310364
63575.378151945624,0.1690180003643036
63575.444682339876,0.1690099984407425
63575.511212734134,0.16902199387550354
63575.57774312839,0.1690180003643036
63575.644273522645,0.16900600492954254
63575.7108039169,0.16901400685310364
63575.77733431116,0.1690009981393814
63575.84386470541,0.1690009981393814
63575.91039509967,0.1690009981393814
63575.97692549393,0.1690009981393814
63576.04345588818,0.1690180003643036
63576.10998628244,0.16901400685310364
63576.1765166767,0.1690099984407425
63576.24304707095,0.16902199387550354
63576.30957746521,0.1690180003643036
63576.37610785947,0.16902199387550354
63576.44263825372,0.16903799772262573
63576.50916864798,0.16904300451278687
63576.57569904224,0.16904300451278687
63576.64222943649,0.16904300451278687
63576.70875983075,0.16904300451278687
63576.77529022501,0.16904300451278687
63576.84182061926,0.169063001871109
63576.90835101352,0.1690549999475479
63576.974881407776,0.16904300451278687
63577.04141180203,0.169063001871109
63577.107942196286,0.169063001871109
63577.174472590545,0.169063001871109
63577.241002984796,0.16905899345874786
63577.307533379055,0.1690549999475479
63577.37406377331,0.16905899345874786
63577.440594167565,0.169063001871109
63577.507124561824,0.169063001871109
63577.57365495608,0.169063001871109
63577.640185350334,0.169063001871109
63577.70671574459,0.1690800040960312
63577.77324613885,0.16906699538230896
63577.8397765331,0.169063001871109
63577.90630692736,0.169063001871109
63577.97283732162,0.16907599568367004
63578.03936771588,0.1690710037946701
63578.10589811013,0.16906699538230896
63578.17242850439,0.1690800040960312
63578.23895889865,0.16906699538230896
63578.3054892929,0.16905899345874786
63578.37201968716,0.16905100643634796
63578.43855008142,0.169063001871109
63578.50508047567,0.169063001871109
63578.57161086993,0.16906699538230896
63578.638141264186,0.16906699538230896
63578.70467165844,0.169063001871109
63578.771202052696,0.16906699538230896
63578.837732446955,0.1690710037946701
63578.904262841206,0.16905899345874786
63578.970793235465,0.16905100643634796
63579.037323629724,0.16904300451278687
63579.103854023975,0.169063001871109
63579.170384418234,0.1690549999475479
63579.23691481249,0.169063001871109
63579.303445206744,0.169063001871109
63579.369975601,0.1690549999475479
63579.43650599526,0.16904699802398682
63579.50303638951,0.16905100643634796
63579.56956678377,0.169063001871109
63579.63609717803,0.16906699538230896
63579.70262757228,0.16906699538230896
63579.76915796654,0.1690800040960312
63579.8356883608,0.16906699538230896
63579.90221875505,0.16906699538230896
63579.96874914931,0.169063001871109
63580.03527954357,0.16908399760723114
63580.10180993782,0.16908399760723114
63580.16834033208,0.16907599568367004
63580.23487072634,0.1690800040960312
63580.30140112059,0.16908399760723114
63580.36793151485,0.16908399760723114
63580.434461909106,0.1690800040960312
63580.50099230336,0.169063001871109
63580.56752269762,0.169063001871109
63580.634053091875,0.169063001871109
63580.70058348613,0.169063001871109
63580.767113880385,0.1690710037946701
63580.833644274644,0.16907599568367004
63580.900174668895,0.16908399760723114
63580.966705063154,0.16908399760723114
63581.03323545741,0.16908399760723114
63581.099765851664,0.16908399760723114
63581.16629624592,0.16908399760723114
63581.23282664018,0.16908800601959229
63581.29935703443,0.16908399760723114
63581.36588742869,0.16908399760723114
63581.43241782295,0.1690800040960312
63581.49894821721,0.1690800040960312
63581.56547861146,0.16908399760723114
63581.63200900572,0.16908800601959229
63581.69853939998,0.16910399496555328
63581.76506979423,0.16911299526691437
63581.83160018849,0.1691250056028366
63581.89813058275,0.1691170036792755
63581.964660977,0.1691250056028366
63582.03119137126,0.1691250056028366
63582.097721765516,0.1691250056028366
63582.16425215977,0.16913700103759766
63582.23078255403,0.16914600133895874
63582.297312948285,0.1691579967737198
63582.36384334254,0.16914600133895874
63582.430373736795,0.16914600133895874
63582.496904131054,0.16914600133895874
63582.563434525306,0.16916599869728088
63582.629964919564,0.16915400326251984
63582.69649531382,0.16916200518608093
63582.763025708075,0.16916599869728088
63582.82955610233,0.1691579967737198
63582.89608649659,0.1691499948501587
63582.96261689084,0.16916200518608093
63583.0291472851,0.16916599869728088
63583.09567767936,0.16916599869728088
63583.16220807361,0.16917000710964203
63583.22873846787,0.16916599869728088
63583.29526886213,0.16918300092220306
63583.36179925638,0.1691790074110031
63583.42832965064,0.16917400062084198
63583.4948600449,0.16918699443340302
63583.56139043915,0.16918699443340302
63583.62792083341,0.16918699443340302
63583.69445122767,0.16917400062084198
63583.76098162192,0.16916599869728088
63583.82751201618,0.16916599869728088
63583.89404241044,0.16916599869728088
63583.96057280469,0.16916599869728088
63584.02710319895,0.16916599869728088
63584.093633593206,0.16916599869728088
63584.16016398746,0.16917400062084198
63584.226694381716,0.16918699443340302
63584.293224775975,0.16919900476932526
63584.359755170226,0.1691949963569641
63584.426285564485,0.1692110002040863
63584.49281595874,0.16922399401664734
63584.559346352995,0.1692029982805252
63584.625876747254,0.16920700669288635
63584.69240714151,0.16920700669288635
63584.758937535764,0.1691949963569641
63584.82546793002,0.16920700669288635
63584.89199832428,0.16920700669288635
63584.95852871853,0.16920700669288635
63585.02505911279,0.16919900476932526
63585.09158950705,0.16920700669288635
63585.1581199013,0.16920700669288635
63585.22465029556,0.16922399401664734
63585.29118068982,0.16922800242900848
63585.35771108408,0.1692110002040863
63585.42424147833,0.1692110002040863
63585.49077187259,0.16923600435256958
63585.55730226685,0.16923999786376953
63585.6238326611,0.16923199594020844
63585.69036305536,0.16922800242900848
63585.756893449616,0.1692200005054474
63585.82342384387,0.16921600699424744
63585.889954238126,0.16922399401664734
63585.956484632385,0.16922800242900848
63586.023015026636,0.16922800242900848
63586.089545420895,0.16922800242900848
63586.15607581515,0.16922399401664734
63586.222606209405,0.16923199594020844
63586.289136603664,0.16923199594020844
63586.35566699792,0.16923199594020844
63586.422197392174,0.16923199594020844
63586.48872778643,0.16924400627613068
63586.55525818069,0.16924400627613068
63586.62178857494,0.16923199594020844
63586.6883189692,0.16922800242900848
63586.75484936346,0.16923199594020844
63586.82137975771,0.16922800242900848
63586.88791015197,0.1692200005054474
63586.95444054623,0.16922800242900848
63587.02097094048,0.16922800242900848
63587.08750133474,0.16922800242900848
63587.154031729,0.16923999786376953
63587.22056212325,0.16922800242900848
63587.28709251751,0.16922399401664734
63587.35362291177,0.16922399401664734
63587.42015330602,0.16920700669288635
63587.48668370028,0.16921600699424744
63587.553214094536,0.16922399401664734
63587.61974448879,0.16922399401664734
63587.686274883046,0.16922800242900848
63587.752805277305,0.16922399401664734
63587.81933567156,0.1692110002040863
63587.885866065815,0.1692110002040863
63587.952396460074,0.16921600699424744
63588.018926854325,0.1692110002040863
63588.085457248584,0.16920700669288635
63588.15198764284,0.1692200005054474
63588.218518037094,0.1692110002040863
63588.28504843135,0.16920700669288635
63588.35157882561,0.1692029982805252
63588.41810921986,0.16920700669288635
63588.48463961412,0.1692110002040863
63588.55117000838,0.16920700669288635
63588.61770040264,0.16920700669288635
63588.68423079689,0.1692029982805252
63588.75076119115,0.16920700669288635
63588.81729158541,0.1692110002040863
63588.88382197966,0.16920700669288635
63588.95035237392,0.16922800242900848
63589.01688276818,0.16924899816513062
63589.08341316243,0.16924899816513062
63589.14994355669,0.1692650020122528
63589.216473950946,0.16926099359989166
63589.2830043452,0.16926899552345276
63589.34953473946,0.1692730039358139
63589.416065133715,0.16926899552345276
63589.48259552797,0.16928599774837494
63589.549125922225,0.16928599774837494
63589.615656316484,0.16927699744701385
63589.682186710736,0.16929000616073608
63589.748717104994,0.16929000616073608
63589.81524749925,0.16930599510669708
63589.881777893504,0.16931100189685822
63589.94830828776,0.16931100189685822
63590.01483868202,0.16931499540805817
63590.08136907627,0.16932299733161926
63590.14789947053,0.1693270057439804
63590.21442986479,0.1693190038204193
63590.28096025904,0.16931100189685822
63590.3474906533,0.16931100189685822
63590.41402104756,0.16931499540805817
63590.48055144181,0.16931499540805817
63590.54708183607,0.16931100189685822
63590.61361223033,0.16931100189685822
63590.68014262458,0.16931100189685822
63590.74667301884,0.1693270057439804
63590.8132034131,0.16933099925518036
63590.87973380735,0.16933099925518036
63590.94626420161,0.16933099925518036
63591.01279459587,0.16933900117874146
63591.07932499012,0.1693349927663803
63591.14585538438,0.1693349927663803
63591.212385778636,0.16932299733161926
63591.27891617289,0.1693270057439804
63591.345446567146,0.1693190038204193
63591.411976961404,0.16931100189685822
63591.478507355656,0.16932299733161926
63591.545037749915,0.16931100189685822
63591.61156814417,0.16930599510669708
63591.678098538425,0.16931100189685822
63591.74462893268,0.16931100189685822
63591.81115932694,0.16931100189685822
63591.877689721194,0.16931100189685822
63591.94422011545,0.169297993183136
63592.01075050971,0.16929399967193604
63592.07728090396,0.16929000616073608
63592.14381129822,0.16928599774837494
63592.21034169248,0.16929000616073608
63592.27687208673,0.16928599774837494
63592.34340248099,0.16930200159549713
63592.40993287525,0.16929399967193604
63592.47646326951,0.16928599774837494
63592.54299366376,0.16926899552345276
63592.60952405802,0.16926899552345276
63592.67605445228,0.16927699744701385
63592.74258484653,0.16926899552345276
63592.80911524079,0.16926899552345276
63592.875645635046,0.1692730039358139
63592.9421760293,0.1692650020122528
63593.008706423556,0.1692570000886917
63593.075236817815,0.1692570000886917
63593.141767212066,0.16926099359989166
63593.208297606325,0.16926899552345276
63593.27482800058,0.16926899552345276
63593.341358394835,0.1692650020122528
63593.407888789094,0.16926899552345276
63593.47441918335,0.16926899552345276
63593.540949577604,0.1692570000886917
63593.60747997186,0.1692650020122528
63593.67401036612,0.1692650020122528
63593.74054076037,0.1692570000886917
63593.80707115463,0.16926899552345276
63593.87360154889,0.16926899552345276
63593.94013194314,0.1692650020122528
63594.0066623374,0.16924400627613068
63594.07319273166,0.16924400627613068
63594.13972312591,0.16924899816513062
63594.20625352017,0.16924899816513062
63594.27278391443,0.16924400627613068
63594.33931430868,0.16924899816513062
63594.40584470294,0.16924899816513062
63594.4723750972,0.16924899816513062
63594.53890549145,0.16926099359989166
63594.60543588571,0.16925300657749176
63594.671966279966,0.16924899816513062
63594.73849667422,0.16924899816513062
63594.805027068476,0.16923600435256958
63594.871557462735,0.16924899816513062
63594.93808785699,0.16924899816513062
63595.004618251245,0.16924899816513062
63595.071148645504,0.16925300657749176
63595.137679039755,0.16926099359989166
63595.204209434014,0.16923999786376953
63595.27073982827,0.16924899816513062
63595.337270222524,0.16925300657749176
63595.40380061678,0.16924899816513062
63595.47033101104,0.16924899816513062
63595.53686140529,0.1692570000886917
63595.60339179955,0.16925300657749176
63595.66992219381,0.16926899552345276
63595.73645258807,0.1692650020122528
63595.80298298232,0.16924899816513062
63595.86951337658,0.16924899816513062
63595.93604377084,0.16924899816513062
63596.00257416509,0.16923199594020844
63596.06910455935,0.16922800242900848
63596.13563495361,0.1692570000886917
63596.20216534786,0.16925300657749176
63596.26869574212,0.16923999786376953
63596.335226136376,0.16922800242900848
63596.40175653063,0.16922800242900848
63596.468286924886,0.16923600435256958
63596.534817319145,0.16924400627613068
63596.6013477134,0.16924400627613068
63596.667878107655,0.16924400627613068
63596.734408501914,0.16924899816513062
63596.800938896165,0.16924899816513062
63596.867469290424,0.1692570000886917
63596.93399968468,0.16924899816513062
63597.000530078934,0.16924899816513062
63597.06706047319,0.16924899816513062
63597.13359086745,0.16924400627613068
63597.2001212617,0.16924899816513062
63597.26665165596,0.16925300657749176
63597.33318205022,0.16924400627613068
63597.39971244447,0.16923600435256958
63597.46624283873,0.16923999786376953
63597.53277323299,0.16923199594020844
63597.59930362724,0.16924899816513062
63597.6658340215,0.16923999786376953
63597.73236441576,0.16924400627613068
63597.79889481001,0.16922800242900848
63597.86542520427,0.16923999786376953
63597.93195559853,0.16924899816513062
63597.99848599278,0.16924899816513062
63598.06501638704,0.16924899816513062
63598.1315467813,0.16925300657749176
63598.19807717555,0.1692730039358139
63598.26460756981,0.16927699744701385
63598.331137964065,0.16927699744701385
63598.39766835832,0.16928599774837494
63598.464198752576,0.16929000616073608
63598.530729146834,0.16929000616073608
63598.597259541086,0.16929000616073608
63598.663789935345,0.16929399967193604
63598.7303203296,0.16930599510669708
63598.796850723855,0.16930200159549713
63598.86338111811,0.16931100189685822
63598.92991151237,0.16931499540805817
63598.996441906624,0.16931499540805817
63599.06297230088,0.1693190038204193
63599.12950269514,0.16933099925518036
63599.19603308939,0.1693439930677414
63599.26256348365,0.1693519949913025
63599.32909387791,0.1693519949913025
63599.39562427216,0.16936400532722473
63599.46215466642,0.16937699913978577
63599.52868506068,0.16936799883842468
63599.59521545494,0.16937200725078583
63599.66174584919,0.16938500106334686
63599.72827624345,0.1693969964981079
63599.79480663771,0.1694139987230301
63599.86133703196,0.1694139987230301
63599.92786742622,0.16941800713539124
63599.994397820476,0.16943399608135223
63600.06092821473,0.16941800713539124
63600.127458608986,0.1694139987230301
63600.193989003244,0.16940100491046906
63600.260519397496,0.1694139987230301
63600.327049791755,0.16941800713539124
63600.39358018601,0.1694139987230301
63600.460110580265,0.1694139987230301
63600.52664097452,0.16941800713539124
63600.59317136878,0.16943399608135223
63600.659701763034,0.16941000521183014
63600.72623215729,0.169405996799469
63600.79276255155,0.1694139987230301
63600.8592929458,0.16942599415779114
63600.92582334006,0.16941800713539124
63600.99235373432,0.1694220006465912
63601.05888412857,0.16941800713539124
63601.12541452283,0.1694139987230301
63601.19194491709,0.16942599415779114
63601.25847531134,0.16943000257015228
63601.3250057056,0.16942599415779114
63601.39153609986,0.16942599415779114
63601.45806649411,0.16943000257015228
63601.52459688837,0.16941800713539124
63601.59112728263,0.1694139987230301
63601.65765767688,0.1694139987230301
63601.72418807114,0.1694139987230301
63601.790718465396,0.16939300298690796
63601.85724885965,0.16939300298690796
63601.923779253906,0.16939300298690796
63601.990309648165,0.16938899457454681
63602.056840042416,0.16938899457454681
63602.123370436675,0.16938899457454681
63602.189900830934,0.16938899457454681
63602.256431225185,0.16938099265098572
63602.322961619444,0.16938099265098572
63602.3894920137,0.16938899457454681
63602.456022407954,0.1693969964981079
63602.52255280221,0.16938500106334686
63602.58908319647,0.16938899457454681
63602.65561359072,0.16938899457454681
63602.72214398498,0.16939300298690796
63602.78867437924,0.169405996799469
63602.8552047735,0.1694139987230301
63602.92173516775,0.1694139987230301
63602.98826556201,0.16941800713539124
63603.05479595627,0.1694139987230301
63603.12132635052,0.16943000257015228
63603.18785674478,0.16943399608135223
63603.25438713904,0.16943900287151337
63603.32091753329,0.16943399608135223
63603.38744792755,0.16943399608135223
63603.453978321806,0.16943399608135223
63603.52050871606,0.1694220006465912
63603.587039110316,0.16942599415779114
63603.653569504575,0.1694220006465912
63603.72009989883,0.1694220006465912
63603.786630293085,0.16943900287151337
63603.853160687344,0.16944700479507446
63603.919691081595,0.16944700479507446
63603.986221475854,0.16943900287151337
63604.05275187011,0.16943900287151337
63604.119282264364,0.16943399608135223
63604.18581265862,0.1694139987230301
63604.25234305288,0.1694220006465912
63604.31887344713,0.1694139987230301
63604.38540384139,0.1693969964981079
63604.45193423565,0.1694139987230301
63604.5184646299,0.169405996799469
63604.58499502416,0.16941800713539124
63604.65152541842,0.1694220006465912
63604.71805581267,0.1694139987230301
63604.78458620693,0.16941800713539124
63604.85111660119,0.16940100491046906
63604.91764699544,0.16939300298690796
63604.9841773897,0.1694139987230301
63605.05070778396,0.16941000521183014
63605.11723817821,0.16938500106334686
63605.18376857247,0.16938500106334686
63605.25029896673,0.16937200725078583
63605.31682936098,0.16937200725078583
63605.38335975524,0.16937699913978577
63605.449890149495,0.16937200725078583
63605.51642054375,0.16936400532722473
63605.582950938006,0.1693599969148636
63605.649481332264,0.16933900117874146
63605.716011726516,0.1693349927663803
63605.782542120774,0.1693519949913025
63605.84907251503,0.1693519949913025
63605.915602909285,0.1693519949913025
63605.98213330354,0.16935600340366364
63606.0486636978,0.16935600340366364
63606.11519409205,0.16934800148010254
63606.18172448631,0.16933099925518036
63606.24825488057,0.16933099925518036
63606.31478527482,0.16932299733161926
63606.38131566908,0.16931499540805817
63606.44784606334,0.1693270057439804
63606.51437645759,0.16932299733161926
63606.58090685185,0.16933099925518036
63606.64743724611,0.1693190038204193
63606.71396764037,0.1693190038204193
63606.78049803462,0.16931100189685822
63606.84702842888,0.16931100189685822
63606.91355882314,0.16932299733161926
63606.98008921739,0.16933099925518036
63607.04661961165,0.1693270057439804
63607.113150005905,0.16933099925518036
63607.17968040016,0.16931499540805817
63607.246210794416,0.16930599510669708
63607.312741188674,0.1693190038204193
63607.379271582926,0.16933099925518036
63607.445801977185,0.1693190038204193
63607.51233237144,0.16932299733161926
63607.578862765695,0.16933099925518036
63607.64539315995,0.16933099925518036
63607.71192355421,0.16933900117874146
63607.778453948464,0.16933099925518036
63607.84498434272,0.1693439930677414
63607.91151473698,0.1693519949913025
63607.97804513123,0.16935600340366364
63608.04457552549,0.16935600340366364
63608.11110591975,0.16933900117874146
63608.177636314,0.1693519949913025
63608.24416670826,0.1693519949913025
63608.31069710252,0.1693519949913025
63608.37722749677,0.16934800148010254
63608.44375789103,0.16934800148010254
63608.51028828529,0.1693519949913025
63608.57681867954,0.1693519949913025
63608.6433490738,0.1693519949913025
63608.70987946806,0.16935600340366364
63608.77640986231,0.16937200725078583
63608.84294025657,0.16936799883842468
63608.909470650826,0.1693519949913025
63608.97600104508,0.1693519949913025
63609.042531439336,0.1693519949913025
63609.109061833595,0.16936400532722473
63609.175592227846,0.1693519949913025
63609.242122622105,0.16934800148010254
63609.308653016364,0.1693519949913025
63609.375183410615,0.16936799883842468
63609.441713804874,0.1693599969148636
63609.50824419913,0.1693519949913025
63609.574774593384,0.1693599969148636
63609.64130498764,0.1693599969148636
63609.7078353819,0.16934800148010254
63609.77436577615,0.1693519949913025
63609.84089617041,0.1693519949913025
63609.90742656467,0.1693519949913025
63609.97395695892,0.16933900117874146
63610.04048735318,0.1693270057439804
63610.10701774744,0.1693190038204193
63610.1735481417,0.16931100189685822
63610.24007853595,0.1693190038204193
63610.30660893021,0.1693190038204193
63610.37313932447,0.16929399967193604
63610.43966971872,0.16929000616073608
63610.50620011298,0.16929399967193604
63610.572730507236,0.16931100189685822
63610.63926090149,0.16931100189685822
63610.705791295746,0.16931100189685822
63610.772321690005,0.16931100189685822
63610.838852084256,0.16929399967193604
63610.905382478515,0.16928599774837494
63610.971912872774,0.16929000616073608
63611.038443267025,0.169297993183136
63611.104973661284,0.16929000616073608
63611.17150405554,0.169282004237175
63611.238034449794,0.16926899552345276
63611.30456484405,0.16927699744701385
63611.37109523831,0.16929000616073608
63611.43762563256,0.169282004237175
63611.50415602682,0.169282004237175
63611.57068642108,0.16927699744701385
63611.63721681533,0.16929000616073608
63611.70374720959,0.16929000616073608
63611.77027760385,0.16929000616073608
63611.8368079981,0.16929000616073608
63611.90333839236,0.169297993183136
63611.96986878662,0.16929000616073608
63612.03639918087,0.16930200159549713
63612.10292957513,0.1693190038204193
63612.16945996939,0.16931100189685822
63612.23599036364,0.16931100189685822
63612.3025207579,0.16930200159549713
63612.369051152156,0.16930200159549713
63612.43558154641,0.16931499540805817
63612.50211194067,0.16930599510669708
63612.568642334925,0.16930599510669708
63612.63517272918,0.16930200159549713
63612.701703123435,0.16930599510669708
63612.768233517694,0.16931100189685822
63612.834763911946,0.16931100189685822
63612.901294306204,0.169297993183136
63612.96782470046,0.16930599510669708
63613.034355094715,0.1693270057439804
63613.10088548897,0.16931499540805817
63613.16741588323,0.16929000616073608
63613.23394627748,0.16929000616073608
63613.30047667174,0.16929399967193604
63613.367007066,0.16929000616073608
63613.43353746025,0.169282004237175
63613.50006785451,0.16929000616073608
63613.56659824877,0.16929000616073608
63613.63312864302,0.169282004237175
63613.69965903728,0.16929000616073608
63613.76618943154,0.16929000616073608
63613.8327198258,0.16927699744701385
63613.89925022005,0.1692650020122528
63613.96578061431,0.16928599774837494
63614.03231100857,0.16928599774837494
63614.09884140282,0.16929000616073608
63614.16537179708,0.16928599774837494
63614.231902191335,0.1692730039358139
63614.29843258559,0.16926899552345276
63614.364962979846,0.1692650020122528
63614.431493374104,0.16926899552345276
63614.498023768356,0.16925300657749176
63614.564554162615,0.1692570000886917
63614.63108455687,0.1692570000886917
63614.697614951125,0.16923600435256958
63614.76414534538,0.16924899816513062
63614.83067573964,0.16924899816513062
63614.89720613389,0.16923999786376953
63614.96373652815,0.16923999786376953
63615.03026692241,0.16922800242900848
63615.09679731666,0.1692110002040863
63615.16332771092,0.16922800242900848
63615.22985810518,0.16921600699424744
63615.29638849943,0.16920700669288635
63615.36291889369,0.16920700669288635
63615.42944928795,0.16920700669288635
63615.4959796822,0.16919900476932526
63615.56251007646,0.16918699443340302
63615.62904047072,0.16920700669288635
63615.69557086497,0.16920700669288635
63615.76210125923,0.1692029982805252
63615.82863165349,0.1692200005054474
63615.89516204774,0.1692200005054474
63615.961692442,0.16920700669288635
63616.028222836256,0.1692029982805252
63616.09475323051,0.1691949963569641
63616.161283624766,0.16920700669288635
63616.227814019025,0.16920700669288635
63616.294344413276,0.1692029982805252
63616.360874807535,0.16918699443340302
63616.42740520179,0.16918699443340302
63616.493935596045,0.16918699443340302
63616.560465990304,0.1691949963569641
63616.62699638456,0.16920700669288635
63616.693526778814,0.16919100284576416
63616.76005717307,0.16917400062084198
63616.82658756733,0.16918699443340302
63616.89311796158,0.16917000710964203
63616.95964835584,0.16918300092220306
63617.0261787501,0.16918699443340302
63617.09270914435,0.16918699443340302
63617.15923953861,0.16919100284576416
63617.22576993287,0.16920700669288635
63617.29230032713,0.16918699443340302
63617.35883072138,0.1692029982805252
63617.42536111564,0.16920700669288635
63617.4918915099,0.1692029982805252
63617.55842190415,0.16920700669288635
63617.62495229841,0.16920700669288635
63617.691482692666,0.16921600699424744
63617.75801308692,0.16923600435256958
63617.824543481176,0.16922800242900848
63617.891073875435,0.16922800242900848
63617.957604269686,0.16923999786376953
63618.024134663945,0.16924899816513062
63618.090665058204,0.16924899816513062
63618.157195452455,0.16926099359989166
63618.223725846714,0.16925300657749176
63618.29025624097,0.16926099359989166
63618.356786635224,0.16926899552345276
63618.42331702948,0.1692650020122528
63618.48984742374,0.16926099359989166
63618.55637781799,0.16925300657749176
63618.62290821225,0.16925300657749176
63618.68943860651,0.16926899552345276
63618.75596900076,0.16926099359989166
63618.82249939502,0.16924899816513062
63618.88902978928,0.16926899552345276
63618.95556018353,0.1692650020122528
63619.02209057779,0.16925300657749176
63619.08862097205,0.16924899816513062
63619.1551513663,0.16924400627613068
63619.22168176056,0.16924899816513062
63619.28821215482,0.16923600435256958
63619.35474254907,0.16922399401664734
63619.42127294333,0.1692110002040863
63619.487803337586,0.1692200005054474
63619.55433373184,0.16922800242900848
63619.6208641261,0.16922399401664734
63619.687394520355,0.1692029982805252
63619.75392491461,0.16919100284576416
63619.820455308865,0.16920700669288635
63619.886985703124,0.16920700669288635
63619.953516097376,0.16920700669288635
63620.020046491634,0.16920700669288635
63620.08657688589,0.1692200005054474
63620.153107280144,0.1692110002040863
63620.2196376744,0.1692110002040863
63620.28616806866,0.16922800242900848
63620.35269846291,0.1692200005054474
63620.41922885717,0.16922800242900848
63620.48575925143,0.16924400627613068
63620.55228964568,0.16922800242900848
63620.61882003994,0.16922800242900848
63620.6853504342,0.16923999786376953
63620.75188082845,0.16922800242900848
63620.81841122271,0.1692650020122528
63620.88494161697,0.16927699744701385
63620.95147201123,0.16924899816513062
63621.01800240548,0.16924899816513062
63621.08453279974,0.16923999786376953
63621.151063194,0.16921600699424744
63621.21759358825,0.16922800242900848
63621.28412398251,0.16923199594020844
63621.350654376765,0.16924899816513062
63621.41718477102,0.16924899816513062
63621.483715165275,0.16923999786376953
63621.550245559534,0.16924899816513062
63621.616775953786,0.16925300657749176
63621.683306348044,0.16926899552345276
63621.7498367423,0.1692730039358139
63621.816367136555,0.16926899552345276
63621.88289753081,0.169282004237175
63621.94942792507,0.16929000616073608
63622.01595831932,0.16929000616073608
63622.08248871358,0.169297993183136
63622.14901910784,0.1693190038204193
63622.21554950209,0.16929399967193604
63622.28207989635,0.16930599510669708
63622.34861029061,0.16930599510669708
63622.41514068486,0.1693190038204193
63622.48167107912,0.16931100189685822
63622.54820147338,0.16933099925518036
63622.61473186763,0.16933099925518036
63622.68126226189,0.1693190038204193
63622.74779265615,0.16927699744701385
63622.8143230504,0.1692730039358139
63622.88085344466,0.169297993183136
63622.94738383892,0.1693270057439804
63623.01391423317,0.1693190038204193
63623.08044462743,0.16929399967193604
63623.146975021686,0.1692730039358139
63623.21350541594,0.16929000616073608
63623.280035810196,0.169297993183136
63623.346566204455,0.1692650020122528
63623.413096598706,0.1692570000886917
63623.479626992965,0.1692650020122528
63623.54615738722,0.16926899552345276
63623.612687781475,0.16932299733161926
63623.679218175734,0.1693349927663803
63623.74574856999,0.1693519949913025
63623.812278964244,0.16934800148010254
63623.8788093585,0.1693519949913025
63623.94533975276,0.1693519949913025
63624.01187014701,0.16933099925518036
63624.07840054127,0.16936400532722473
63624.14493093553,0.16938500106334686
63624.21146132978,0.16937699913978577
63624.27799172404,0.1693519949913025
63624.3445221183,0.1693519949913025
63624.41105251256,0.1693519949913025
63624.47758290681,0.16931499540805817
63624.54411330107,0.16929000616073608
63624.61064369533,0.16929000616073608
63624.67717408958,0.16930599510669708
63624.74370448384,0.16931100189685822
63624.810234878096,0.16931100189685822
63624.87676527235,0.16930200159549713
63624.943295666606,0.16929000616073608
63625.009826060865,0.16929000616073608
63625.076356455116,0.16928599774837494
63625.142886849375,0.16929000616073608
63625.209417243634,0.16929399967193604
63625.275947637885,0.16928599774837494
63625.342478032144,0.16929000616073608
63625.4090084264,0.16929000616073608
63625.475538820654,0.16927699744701385
63625.54206921491,0.16929000616073608
63625.60859960917,0.16930599510669708
63625.67513000342,0.16931100189685822
63625.74166039768,0.169297993183136
63625.80819079194,0.16928599774837494
63625.87472118619,0.16927699744701385
63625.94125158045,0.16926899552345276
63626.00778197471,0.16926899552345276
63626.07431236896,0.16926899552345276
63626.14084276322,0.16926899552345276
63626.20737315748,0.1692650020122528
63626.27390355173,0.16924899816513062
63626.34043394599,0.16925300657749176
63626.40696434025,0.16924899816513062
63626.4734947345,0.16924899816513062
63626.54002512876,0.16924899816513062
63626.606555523016,0.16926099359989166
63626.67308591727,0.16924899816513062
63626.739616311526,0.16924899816513062
63626.806146705785,0.16925300657749176
63626.87267710004,0.16924899816513062
63626.939207494295,0.1692650020122528
63627.005737888554,0.16926899552345276
63627.072268282805,0.16926099359989166
63627.138798677064,0.16926099359989166
63627.20532907132,0.16926899552345276
63627.271859465574,0.16926899552345276
63627.33838985983,0.16929000616073608
63627.40492025409,0.16929000616073608
63627.47145064834,0.16929000616073608
63627.5379810426,0.16930200159549713
63627.60451143686,0.16929000616073608
63627.67104183111,0.16929000616073608
63627.73757222537,0.16929000616073608
63627.80410261963,0.16927699744701385
63627.87063301388,0.16927699744701385
63627.93716340814,0.1692730039358139
63628.0036938024,0.16926099359989166
63628.07022419666,0.16926099359989166
63628.13675459091,0.16926899552345276
63628.20328498517,0.16926899552345276
63628.269815379426,0.16926099359989166
63628.33634577368,0.16925300657749176
63628.40287616794,0.1692730039358139
63628.469406562195,0.16928599774837494
63628.53593695645,0.1692730039358139
63628.602467350705,0.16926899552345276
63628.668997744964,0.16926899552345276
63628.735528139216,0.1692570000886917
63628.802058533474,0.16926099359989166
63628.86858892773,0.1692650020122528
63628.935119321985,0.1692650020122528
63629.00164971624,0.16926899552345276
63629.0681801105,0.1692570000886917
63629.13471050475,0.1692570000886917
63629.20124089901,0.16924899816513062
63629.26777129327,0.16924899816513062
63629.33430168752,0.16924400627613068
63629.40083208178,0.16922399401664734
63629.46736247604,0.16922800242900848
63629.53389287029,0.16922800242900848
63629.60042326455,0.16922800242900848
63629.66695365881,0.16922800242900848
63629.73348405306,0.16922800242900848
63629.80001444732,0.1692200005054474
63629.86654484158,0.16920700669288635
63629.93307523583,0.16922800242900848
63629.99960563009,0.1692200005054474
63630.06613602435,0.1692200005054474
63630.1326664186,0.16923199594020844
63630.19919681286,0.16923999786376953
63630.265727207116,0.16924899816513062
63630.33225760137,0.1692570000886917
63630.398787995626,0.16926099359989166
63630.465318389884,0.1692570000886917
63630.531848784136,0.1692650020122528
63630.598379178395,0.16925300657749176
63630.66490957265,0.1692570000886917
63630.731439966905,0.16926899552345276
63630.79797036116,0.16924899816513062
63630.86450075542,0.16924899816513062
63630.931031149674,0.16924899816513062
63630.99756154393,0.16926899552345276
63631.06409193819,0.16926899552345276
63631.13062233244,0.16926899552345276
63631.1971527267,0.16926899552345276
63631.26368312096,0.16926899552345276
63631.33021351521,0.1692570000886917
63631.39674390947,0.16924899816513062
63631.46327430373,0.16924899816513062
63631.52980469799,0.16926099359989166
63631.59633509224,0.16926099359989166
63631.6628654865,0.16924899816513062
63631.72939588076,0.16924899816513062
63631.79592627501,0.16924899816513062
63631.86245666927,0.16924899816513062
63631.928987063526,0.16926099359989166
63631.99551745778,0.16924899816513062
63632.062047852036,0.16925300657749176
63632.128578246295,0.16925300657749176
63632.195108640546,0.1692570000886917
63632.261639034805,0.1692650020122528
63632.32816942906,0.16925300657749176
63632.394699823315,0.16925300657749176
63632.461230217574,0.1692570000886917
63632.52776061183,0.1692570000886917
63632.594291006084,0.16925300657749176
63632.66082140034,0.16925300657749176
63632.7273517946,0.1692650020122528
63632.79388218885,0.16926899552345276
63632.86041258311,0.1692730039358139
63632.92694297737,0.16929000616073608
63632.99347337162,0.16929000616073608
63633.06000376588,0.16928599774837494
63633.12653416014,0.16929000616073608
63633.19306455439,0.16929000616073608
63633.25959494865,0.16929000616073608
63633.32612534291,0.169297993183136
63633.39265573716,0.16931100189685822
63633.45918613142,0.16933099925518036
63633.52571652568,0.16933099925518036
63633.59224691993,0.16933099925518036
63633.65877731419,0.16933099925518036
63633.725307708446,0.1693439930677414
63633.7918381027,0.1693519949913025
63633.858368496956,0.1693599969148636
63633.924898891215,0.16937200725078583
63633.99142928547,0.16937200725078583
63634.057959679725,0.16936799883842468
63634.124490073984,0.16937200725078583
63634.191020468235,0.16937699913978577
63634.257550862494,0.16936799883842468
63634.32408125675,0.16936400532722473
63634.390611651004,0.16937699913978577
63634.45714204526,0.16937200725078583
63634.52367243952,0.16937699913978577
63634.59020283377,0.16938500106334686
63634.65673322803,0.16939300298690796
63634.72326362229,0.16939300298690796
63634.78979401654,0.16939300298690796
63634.8563244108,0.16938500106334686
63634.92285480506,0.16937200725078583
63634.98938519931,0.16937200725078583
63635.05591559357,0.16936400532722473
63635.12244598783,0.1693519949913025
63635.18897638209,0.1693519949913025
63635.25550677634,0.16937200725078583
63635.3220371706,0.16937699913978577
63635.388567564856,0.16937200725078583
63635.45509795911,0.16937200725078583
63635.52162835337,0.16938899457454681
63635.588158747625,0.16939300298690796
63635.65468914188,0.16939300298690796
63635.721219536135,0.16939300298690796
63635.787749930394,0.16938500106334686
63635.854280324646,0.16937200725078583
63635.920810718904,0.16937200725078583
63635.98734111316,0.16937200725078583
63636.053871507414,0.16937200725078583
63636.12040190167,0.16937200725078583
63636.18693229593,0.1693599969148636
63636.25346269018,0.16936799883842468
63636.31999308444,0.1693599969148636
63636.3865234787,0.16936400532722473
63636.45305387295,0.16937200725078583
63636.51958426721,0.16937200725078583
63636.58611466147,0.16936799883842468
63636.65264505572,0.16935600340366364
63636.71917544998,0.16938899457454681
63636.78570584424,0.16938099265098572
63636.85223623849,0.16937200725078583
63636.91876663275,0.16936799883842468
63636.98529702701,0.16937200725078583
63637.05182742126,0.16938899457454681
63637.11835781552,0.16938899457454681
63637.18488820978,0.16938500106334686
63637.25141860403,0.16939300298690796
63637.31794899829,0.16938899457454681
63637.384479392545,0.1693969964981079
63637.4510097868,0.16941000521183014
63637.517540181056,0.1694139987230301
63637.584070575314,0.16941000521183014
63637.650600969566,0.16941800713539124
63637.717131363825,0.1694139987230301
63637.78366175808,0.16943000257015228
63637.850192152335,0.1694220006465912
63637.91672254659,0.16943000257015228
63637.98325294085,0.16943399608135223
63638.049783335104,0.16941800713539124
63638.11631372936,0.1694139987230301
63638.18284412362,0.1694139987230301
63638.24937451787,0.16940100491046906
63638.31590491213,0.16941000521183014
63638.38243530639,0.16942599415779114
63638.44896570064,0.16943399608135223
63638.5154960949,0.16943399608135223
63638.58202648916,0.16943900287151337
63638.64855688342,0.16943900287151337
63638.71508727767,0.16943900287151337
63638.78161767193,0.16945500671863556
63638.84814806619,0.16947199404239655
63638.91467846044,0.1694590002298355
63638.9812088547,0.16945500671863556
63639.047739248956,0.16945500671863556
63639.11426964321,0.16945099830627441
63639.180800037466,0.16944700479507446
63639.247330431725,0.16943399608135223
63639.313860825976,0.16944700479507446
63639.380391220235,0.16944700479507446
63639.44692161449,0.16945099830627441
63639.513452008745,0.16945099830627441
63639.579982403004,0.16945500671863556
63639.64651279726,0.1694680005311966
63639.713043191514,0.16947999596595764
63639.77957358577,0.16948799788951874
63639.84610398003,0.16947999596595764
63639.91263437428,0.16950500011444092
63639.97916476854,0.16950100660324097
63640.0456951628,0.16949599981307983
63640.11222555705,0.16950899362564087
63640.17875595131,0.1695210039615631
63640.24528634557,0.1695459932088852
63640.31181673982,0.16955000162124634
63640.37834713408,0.1695539951324463
63640.44487752834,0.1695539951324463
63640.51140792259,0.16955900192260742
63640.57793831685,0.16957099735736847
63640.64446871111,0.1695999950170517
63640.71099910536,0.16960400342941284
63640.77752949962,0.1695999950170517
63640.844059893876,0.16961699724197388
63640.91059028813,0.16962899267673492
63640.977120682386,0.1696539968252182
63641.043651076645,0.16965800523757935
63641.110181470896,0.16964100301265717
63641.176711865155,0.1696539968252182
63641.243242259414,0.16965000331401825
63641.309772653665,0.1696619987487793
63641.376303047924,0.1696619987487793
63641.44283344218,0.16966600716114044
63641.509363836434,0.16967499256134033
63641.57589423069,0.16969899833202362
63641.64242462495,0.16968700289726257
63641.7089550192,0.16967499256134033
63641.77548541346,0.1696700006723404
63641.84201580772,0.16967499256134033
63641.90854620197,0.16968700289726257
63641.97507659623,0.1696700006723404
63642.04160699049,0.16967900097370148
63642.10813738474,0.16966600716114044
63642.174667779,0.16964100301265717
63642.24119817326,0.1696619987487793
63642.30772856752,0.1696539968252182
63642.37425896177,0.1696619987487793
63642.44078935603,0.16968299448490143
63642.507319750286,0.16968299448490143
63642.57385014454,0.16966600716114044
63642.640380538796,0.1696619987487793
63642.706910933055,0.1696619987487793
63642.77344132731,0.1696459949016571
63642.839971721565,0.16964100301265717
63642.906502115824,0.1696539968252182
63642.973032510075,0.1696619987487793
63643.039562904334,0.1696619987487793
63643.10609329859,0.1696619987487793
63643.172623692844,0.1696619987487793
63643.2391540871,0.1696700006723404
63643.30568448136,0.1696619987487793
63643.37221487561,0.1696459949016571
63643.43874526987,0.1696619987487793
63643.50527566413,0.1696619987487793
63643.57180605838,0.1696619987487793
63643.63833645264,0.1696539968252182
63643.7048668469,0.1696619987487793
63643.77139724115,0.16965800523757935
63643.83792763541,0.1696459949016571
63643.90445802967,0.16964100301265717
63643.97098842392,0.16962899267673492
63644.03751881818,0.16963699460029602
63644.10404921244,0.16962899267673492
63644.17057960669,0.16962100565433502
63644.23711000095,0.16962499916553497
63644.30364039521,0.16962499916553497
63644.37017078946,0.16962100565433502
63644.43670118372,0.16962499916553497
63644.503231577975,0.16962100565433502
63644.56976197223,0.16962499916553497
63644.636292366486,0.1696079969406128
63644.702822760744,0.1696079969406128
63644.769353154996,0.16959600150585175
63644.835883549255,0.1695919930934906
63644.90241394351,0.16958799958229065
63644.968944337765,0.16957899928092957
63645.03547473202,0.1695919930934906
63645.10200512628,0.16957899928092957
63645.16853552053,0.16957899928092957
63645.23506591479,0.16957099735736847
63645.30159630905,0.16956299543380737
63645.3681267033,0.16955000162124634
63645.43465709756,0.16954199969768524
63645.50118749182,0.1695380061864853
63645.56771788607,0.1695380061864853
63645.63424828033,0.1695380061864853
63645.70077867459,0.1695300042629242
63645.76730906885,0.1695300042629242
63645.8338394631,0.16952499747276306
63645.90036985736,0.16951699554920197
63645.96690025162,0.16951300203800201
63646.03343064587,0.16951699554920197
63646.09996104013,0.16951699554920197
63646.166491434386,0.16951300203800201
63646.23302182864,0.16951699554920197
63646.299552222896,0.16951699554920197
63646.366082617154,0.16949200630187988
63646.432613011406,0.16949200630187988
63646.499143405665,0.16949599981307983
63646.56567379992,0.16948799788951874
63646.632204194175,0.16949599981307983
63646.69873458843,0.1694840043783188
63646.76526498269,0.1694760024547577
63646.831795376944,0.1694760024547577
63646.8983257712,0.1694590002298355
63646.96485616546,0.16945099830627441
63647.03138655971,0.1694590002298355
63647.09791695397,0.16946299374103546
63647.16444734823,0.16946299374103546
63647.23097774248,0.16945500671863556
63647.29750813674,0.16945099830627441
63647.364038531,0.16945500671863556
63647.43056892525,0.16945500671863556
63647.49709931951,0.16945500671863556
63647.56362971377,0.16945500671863556
63647.63016010802,0.16943900287151337
63647.69669050228,0.16943399608135223
63647.76322089654,0.16943000257015228
63647.82975129079,0.16943000257015228
63647.89628168505,0.1694139987230301
63647.962812079306,0.16941800713539124
63648.02934247356,0.16943399608135223
63648.095872867816,0.16943399608135223
63648.162403262075,0.1694220006465912
63648.228933656326,0.1694220006465912
63648.295464050585,0.1694139987230301
63648.361994444844,0.1694139987230301
63648.428524839095,0.1694139987230301
63648.495055233354,0.1694139987230301
63648.56158562761,0.169405996799469
63648.628116021864,0.1694139987230301
63648.69464641612,0.16941000521183014
63648.76117681038,0.16939300298690796
63648.82770720463,0.169405996799469
63648.89423759889,0.1694139987230301
63648.96076799315,0.16941000521183014
63649.0272983874,0.1693969964981079
63649.09382878166,0.1693969964981079
63649.16035917592,0.16941000521183014
63649.22688957017,0.1694220006465912
63649.29341996443,0.16942599415779114
63649.35995035869,0.16942599415779114
63649.42648075294,0.16943399608135223
63649.4930111472,0.16944700479507446
63649.55954154146,0.16945500671863556
63649.626071935716,0.16945099830627441
63649.69260232997,0.16944299638271332
63649.759132724226,0.16943900287151337
63649.825663118485,0.1694590002298355
63649.89219351274,0.16946299374103546
63649.958723906995,0.16947199404239655
63650.025254301254,0.1694760024547577
63650.091784695505,0.1694760024547577
63650.158315089764,0.1694840043783188
63650.22484548402,0.1694760024547577
63650.291375878274,0.16947999596595764
63650.35790627253,0.16949599981307983
63650.42443666679,0.16949599981307983
63650.49096706104,0.16951699554920197
63650.5574974553,0.16949599981307983
63650.62402784956,0.16949200630187988
63650.69055824381,0.16949599981307983
63650.75708863807,0.16949599981307983
63650.82361903233,0.16950899362564087
63650.89014942658,0.16951300203800201
63650.95667982084,0.16949599981307983
63651.0232102151,0.16950500011444092
63651.08974060935,0.16951699554920197
63651.15627100361,0.16951300203800201
63651.22280139787,0.16949599981307983
63651.28933179212,0.16949599981307983
63651.35586218638,0.16952499747276306
63651.42239258064,0.16953399777412415
63651.48892297489,0.16951699554920197
63651.55545336915,0.16951699554920197
63651.621983763405,0.16951699554920197
63651.68851415766,0.16950100660324097
63651.755044551915,0.16951699554920197
63651.821574946174,0.1695300042629242
63651.888105340426,0.1695210039615631
63651.954635734684,0.16951699554920197
63652.02116612894,0.16951699554920197
63652.087696523195,0.16951699554920197
63652.15422691745,0.16951699554920197
63652.22075731171,0.16951699554920197
63652.28728770596,0.1695210039615631
63652.35381810022,0.1695300042629242
63652.42034849448,0.16953399777412415
63652.48687888873,0.16951699554920197
63652.55340928299,0.16951699554920197
63652.61993967725,0.16951699554920197
63652.6864700715,0.16951699554920197
63652.75300046576,0.1695300042629242
63652.81953086002,0.16951699554920197
63652.88606125428,0.16950899362564087
63652.95259164853,0.16951300203800201
63653.01912204279,0.16951699554920197
63653.08565243705,0.16951699554920197
63653.1521828313,0.16950899362564087
63653.21871322556,0.16951699554920197
63653.285243619815,0.16951699554920197
63653.35177401407,0.16950100660324097
63653.418304408326,0.16949599981307983
63653.484834802584,0.16950100660324097
63653.551365196836,0.16949599981307983
63653.617895591095,0.16949200630187988
63653.68442598535,0.16949599981307983
63653.750956379605,0.16949200630187988
63653.81748677386,0.16948799788951874
63653.88401716812,0.1694840043783188
63653.950547562374,0.1694760024547577
63654.01707795663,0.1694760024547577
63654.08360835089,0.1694760024547577
63654.15013874514,0.1694760024547577
63654.2166691394,0.16947199404239655
63654.28319953366,0.1694680005311966
63654.34972992791,0.1694590002298355
63654.41626032217,0.1694680005311966
63654.48279071643,0.16947199404239655
63654.54932111068,0.16948799788951874
63654.61585150494,0.16949599981307983
63654.6823818992,0.16950100660324097
63654.74891229345,0.16949599981307983
63654.81544268771,0.16949599981307983
63654.88197308197,0.16950100660324097
63654.94850347622,0.16949599981307983
63655.01503387048,0.16949599981307983
63655.081564264736,0.16949599981307983
63655.14809465899,0.16950899362564087
63655.214625053246,0.16951699554920197
63655.281155447505,0.16951699554920197
63655.347685841756,0.1695210039615631
63655.414216236015,0.1695210039615631
63655.480746630274,0.1695210039615631
63655.547277024525,0.1695380061864853
63655.613807418784,0.1695380061864853
63655.68033781304,0.1695380061864853
63655.746868207294,0.1695380061864853
63655.81339860155,0.1695380061864853
63655.87992899581,0.16954199969768524
63655.94645939006,0.16955900192260742
63656.01298978432,0.16954199969768524
63656.07952017858,0.16954199969768524
63656.14605057283,0.1695539951324463
63656.21258096709,0.16955900192260742
63656.27911136135,0.1695539951324463
63656.3456417556,0.1695459932088852
63656.41217214986,0.1695539951324463
63656.47870254412,0.16955000162124634
63656.54523293837,0.16954199969768524
63656.61176333263,0.16956299543380737
63656.67829372689,0.16956700384616852
63656.744824121146,0.1695380061864853
63656.8113545154,0.1695380061864853
63656.877884909656,0.1695380061864853
63656.944415303915,0.16954199969768524
63657.010945698166,0.1695459932088852
63657.077476092425,0.1695539951324463
63657.144006486684,0.16955900192260742
63657.210536880935,0.16955900192260742
63657.277067275194,0.16954199969768524
63657.34359766945,0.1695459932088852
63657.410128063704,0.16955900192260742
63657.47665845796,0.16955900192260742
63657.54318885222,0.16956299543380737
63657.60971924647,0.16955900192260742
63657.67624964073,0.16956700384616852
63657.74278003499,0.16956700384616852
63657.80931042924,0.16955900192260742
63657.8758408235,0.16955000162124634
63657.94237121776,0.16955900192260742
63658.00890161201,0.1695539951324463
63658.07543200627,0.1695539951324463
63658.14196240053,0.16955900192260742
63658.20849279478,0.16955900192260742
63658.27502318904,0.16957099735736847
63658.3415535833,0.16957899928092957
63658.40808397755,0.16957899928092957
63658.47461437181,0.16957500576972961
63658.541144766066,0.1695919930934906
63658.60767516032,0.16957099735736847
63658.67420555458,0.16955900192260742
63658.740735948835,0.16955900192260742
63658.80726634309,0.16955900192260742
63658.873796737345,0.16955900192260742
63658.940327131604,0.16955900192260742
63659.006857525856,0.1695539951324463
63659.073387920114,0.16955900192260742
63659.13991831437,0.16955000162124634
63659.206448708625,0.16955000162124634
63659.27297910288,0.1695459932088852
63659.33950949714,0.16954199969768524
63659.40603989139,0.1695380061864853
63659.47257028565,0.1695380061864853
63659.53910067991,0.1695380061864853
63659.60563107416,0.1695380061864853
63659.67216146842,0.1695380061864853
63659.73869186268,0.1695380061864853
63659.80522225693,0.16953399777412415
63659.87175265119,0.16951699554920197
63659.93828304545,0.1695210039615631
63660.00481343971,0.1695210039615631
63660.07134383396,0.1695380061864853
63660.13787422822,0.1695380061864853
63660.20440462248,0.16952499747276306
63660.27093501673,0.1695210039615631
63660.33746541099,0.1695300042629242
63660.403995805245,0.16951699554920197
63660.4705261995,0.16951699554920197
63660.537056593756,0.16951300203800201
63660.603586988014,0.16950100660324097
63660.670117382266,0.16949599981307983
63660.736647776524,0.16949599981307983
63660.80317817078,0.16948799788951874
63660.869708565035,0.16948799788951874
63660.93623895929,0.16950500011444092
63661.00276935355,0.16950899362564087
63661.0692997478,0.16949200630187988
63661.13583014206,0.16947999596595764
63661.20236053632,0.1694760024547577
63661.26889093057,0.1694840043783188
63661.33542132483,0.1694760024547577
63661.40195171909,0.1694760024547577
63661.46848211334,0.1694760024547577
63661.5350125076,0.16946299374103546
63661.60154290186,0.16947999596595764
63661.66807329611,0.1694760024547577
63661.73460369037,0.1694680005311966
63661.80113408463,0.16945500671863556
63661.86766447888,0.1694590002298355
63661.93419487314,0.1694760024547577
63662.0007252674,0.1694760024547577
63662.06725566165,0.1694760024547577
63662.13378605591,0.16947199404239655
63662.200316450166,0.1694760024547577
63662.26684684442,0.1694760024547577
63662.333377238676,0.1694840043783188
63662.399907632935,0.16949599981307983
63662.466438027186,0.16951300203800201
63662.532968421445,0.1695300042629242
63662.5994988157,0.16950500011444092
63662.666029209955,0.1694840043783188
63662.732559604214,0.16948799788951874
63662.79908999847,0.16950100660324097
63662.865620392724,0.16949599981307983
63662.93215078698,0.16950500011444092
63662.99868118124,0.16951300203800201
63663.06521157549,0.16951699554920197
63663.13174196975,0.16951699554920197
63663.19827236401,0.1695210039615631
63663.26480275826,0.16952499747276306
63663.33133315252,0.16953399777412415
63663.39786354678,0.16952499747276306
63663.46439394103,0.1695380061864853
63663.53092433529,0.16955000162124634
63663.59745472955,0.1695459932088852
63663.6639851238,0.16954199969768524
63663.73051551806,0.16954199969768524
63663.79704591232,0.16954199969768524
63663.863576306576,0.16954199969768524
63663.93010670083,0.16955900192260742
63663.996637095086,0.1695459932088852
63664.063167489345,0.1695380061864853
63664.129697883596,0.16954199969768524
63664.196228277855,0.1695380061864853
63664.262758672114,0.1695380061864853
63664.329289066365,0.1695459932088852
63664.395819460624,0.1695380061864853
63664.46234985488,0.1695380061864853
63664.528880249134,0.16954199969768524
63664.59541064339,0.1695210039615631
63664.66194103765,0.16945500671863556
63664.7284714319,0.169297993183136
63664.79500182616,0.16910800337791443
63664.86153222042,0.16903799772262573
63664.92806261467,0.16912099719047546
63664.99459300893,0.16924899816513062
63665.06112340319,0.16933099925518036
63665.12765379744,0.16936400532722473
63665.1941841917,0.169405996799469
63665.26071458596,0.16943000257015228
63665.32724498021,0.16943399608135223
63665.39377537447,0.16943399608135223
63665.46030576873,0.16943900287151337
63665.52683616298,0.16944299638271332
63665.59336655724,0.16943399608135223
63665.659896951496,0.16944299638271332
63665.72642734575,0.16943900287151337
63665.79295774001,0.16944700479507446
63665.859488134265,0.16945500671863556
63665.92601852852,0.16945099830627441
63665.992548922775,0.16945099830627441
63666.059079317034,0.16945500671863556
63666.125609711286,0.16945500671863556
63666.192140105544,0.16947199404239655
63666.2586704998,0.16947999596595764
63666.325200894054,0.16949200630187988
63666.39173128831,0.16949599981307983
63666.45826168257,0.16950500011444092
63666.52479207682,0.16949599981307983
63666.59132247108,0.16950899362564087
63666.65785286534,0.16951699554920197
63666.72438325959,0.16951699554920197
63666.79091365385,0.1695210039615631
63666.85744404811,0.1695300042629242
63666.92397444236,0.16954199969768524
63666.99050483662,0.1695459932088852
63667.05703523088,0.16955000162124634
63667.12356562513,0.16955900192260742
63667.19009601939,0.1695539951324463
63667.25662641365,0.1695380061864853
63667.323156807906,0.1695459932088852
63667.38968720216,0.16954199969768524
63667.45621759642,0.1695539951324463
63667.522747990675,0.1695539951324463
63667.58927838493,0.1695459932088852
63667.655808779185,0.16955900192260742
63667.722339173444,0.16957899928092957
63667.788869567696,0.16957099735736847
63667.855399961954,0.16955900192260742
63667.92193035621,0.16955900192260742
63667.988460750465,0.16956299543380737
63668.05499114472,0.16956700384616852
63668.12152153898,0.16956299543380737
63668.18805193323,0.16955900192260742
63668.25458232749,0.1695539951324463
63668.32111272175,0.16955900192260742
63668.387643116,0.16953399777412415
63668.45417351026,0.1695459932088852
63668.52070390452,0.16955900192260742
63668.58723429877,0.16955900192260742
63668.65376469303,0.16954199969768524
63668.72029508729,0.1695459932088852
63668.78682548154,0.16955000162124634
63668.8533558758,0.1695380061864853
63668.91988627006,0.16953399777412415
63668.98641666431,0.1695380061864853
63669.05294705857,0.16955900192260742
63669.11947745283,0.16955900192260742
63669.18600784708,0.1695539951324463
63669.25253824134,0.1695539951324463
63669.319068635596,0.16957099735736847
63669.38559902985,0.16956299543380737
63669.452129424106,0.1695539951324463
63669.518659818365,0.16955900192260742
63669.585190212616,0.16955900192260742
63669.651720606875,0.16957099735736847
63669.71825100113,0.16957899928092957
63669.784781395385,0.1695919930934906
63669.851311789644,0.1695999950170517
63669.9178421839,0.1695999950170517
63669.984372578154,0.1695999950170517
63670.05090297241,0.16963300108909607
63670.11743336667,0.1696539968252182
63670.18396376092,0.1696539968252182
63670.25049415518,0.16967499256134033
63670.31702454944,0.1696539968252182
63670.38355494369,0.16967499256134033
63670.45008533795,0.16968299448490143
63670.51661573221,0.16968299448490143
63670.58314612646,0.16968700289726257
63670.64967652072,0.16971200704574585
63670.71620691498,0.16973300278186798
63670.78273730923,0.16974499821662903
63670.84926770349,0.1697620004415512
63670.91579809775,0.16976599395275116
63670.982328492006,0.16978199779987335
63671.04885888626,0.1697700023651123
63671.115389280516,0.1697780042886734
63671.181919674775,0.16978700459003448
63671.248450069026,0.16978700459003448
63671.314980463285,0.16980299353599548
63671.38151085754,0.16979900002479553
63671.448041251795,0.16980700194835663
63671.514571646054,0.16980299353599548
63671.58110204031,0.16980700194835663
63671.647632434564,0.1698160022497177
63671.71416282882,0.16981999576091766
63671.78069322308,0.16983599960803986
63671.84722361733,0.1698489934206009
63671.91375401159,0.1698489934206009
63671.98028440585,0.1698489934206009
63672.0468148001,0.1698489934206009
63672.11334519436,0.1698489934206009
63672.17987558862,0.16986100375652313
63672.24640598287,0.16989000141620636
63672.31293637713,0.16989000141620636
63672.37946677139,0.16989900171756744
63672.44599716564,0.16991999745368958
63672.5125275599,0.16993600130081177
63672.57905795416,0.16994400322437286
63672.64558834841,0.169964998960495
63672.71211874267,0.1700029969215393
63672.778649136926,0.1700109988451004
63672.84517953118,0.17001500725746155
63672.911709925436,0.17001500725746155
63672.978240319695,0.17002800107002258
63673.04477071395,0.17003600299358368
63673.111301108205,0.17004899680614471
63673.177831502464,0.17006100714206696
63673.244361896715,0.17006100714206696
63673.310892290974,0.17006100714206696
63673.37742268523,0.17009800672531128
63673.443953079484,0.1701190024614334
63673.51048347374,0.17011499404907227
63673.577013868,0.1701190024614334
63673.64354426225,0.1701360046863556
63673.71007465651,0.17013199627399445
63673.77660505077,0.1701360046863556
63673.84313544502,0.1701280027627945
63673.90966583928,0.17013999819755554
63673.97619623354,0.17016099393367767
63674.04272662779,0.1701440066099167
63674.10925702205,0.17013999819755554
63674.17578741631,0.17013999819755554
63674.24231781056,0.1701440066099167
63674.30884820482,0.1701440066099167
63674.37537859908,0.1701360046863556
63674.441908993336,0.1701280027627945
63674.50843938759,0.17013999819755554
63674.57496978185,0.17013999819755554
63674.641500176105,0.17013999819755554
63674.70803057036,0.17013999819755554
63674.774560964615,0.17013999819755554
63674.841091358874,0.17012399435043335
63674.907621753126,0.17010299861431122
63674.974152147384,0.17009800672531128
63675.04068254164,0.17009399831295013
63675.107212935894,0.17010299861431122
63675.17374333015,0.17009000480175018
63675.24027372441,0.17007799446582794
63675.30680411866,0.17007799446582794
63675.37333451292,0.17006899416446686
63675.43986490718,0.17005300521850586
63675.50639530143,0.17004899680614471
63675.57292569569,0.17003199458122253
63675.63945608995,0.17003600299358368
63675.7059864842,0.17003600299358368
63675.77251687846,0.17003600299358368
63675.83904727272,0.17003999650478363
63675.90557766697,0.17003600299358368
63675.97210806123,0.17003600299358368
63676.03863845549,0.17003999650478363
63676.10516884974,0.17003600299358368
63676.171699244,0.17003600299358368
63676.23822963826,0.17003999650478363
63676.30476003251,0.17005300521850586
63676.37129042677,0.1700569987297058
63676.437820821026,0.17005300521850586
63676.50435121528,0.17005300521850586
63676.570881609536,0.17004400491714478
63676.637412003794,0.1700569987297058
63676.703942398046,0.17005300521850586
63676.770472792305,0.17003600299358368
63676.83700318656,0.17003999650478363
63676.903533580815,0.17003999650478363
63676.97006397507,0.17003600299358368
63677.03659436933,0.17005300521850586
63677.103124763584,0.17005300521850586
63677.16965515784,0.17003999650478363
63677.2361855521,0.17004400491714478
63677.30271594635,0.17003600299358368
63677.36924634061,0.17003600299358368
63677.43577673487,0.17005300521850586
63677.50230712912,0.17003999650478363
63677.56883752338,0.17003600299358368
63677.63536791764,0.17003600299358368
63677.70189831189,0.17002800107002258
63677.76842870615,0.17003600299358368
63677.83495910041,0.17003600299358368
63677.90148949466,0.17003600299358368
63677.96801988892,0.17003199458122253
63678.03455028318,0.17003999650478363
63678.101080677436,0.17003999650478363
63678.16761107169,0.17002800107002258
63678.234141465946,0.17002399265766144
63678.300671860205,0.17003600299358368
63678.367202254456,0.1700190007686615
63678.433732648715,0.17003600299358368
63678.50026304297,0.17007799446582794
63678.566793437225,0.17005300521850586
63678.633323831484,0.17004400491714478
63678.69985422574,0.17002399265766144
63678.766384619994,0.1700109988451004
63678.83291501425,0.16999399662017822
63678.89944540851,0.16999399662017822
63678.96597580276,0.16998200118541718
63679.03250619702,0.16997399926185608
63679.09903659128,0.16997399926185608
63679.16556698553,0.16996900737285614
63679.23209737979,0.16997399926185608
63679.29862777405,0.169964998960495
63679.3651581683,0.16996900737285614
63679.43168856256,0.1699569970369339
63679.49821895682,0.1699569970369339
63679.56474935107,0.16997399926185608
63679.63127974533,0.16996900737285614
63679.69781013959,0.169964998960495
63679.76434053384,0.16996900737285614
63679.8308709281,0.16996900737285614
63679.897401322356,0.16997399926185608
63679.96393171661,0.16997399926185608
63680.030462110866,0.16997399926185608
63680.096992505125,0.16998599469661713
63680.16352289938,0.16999900341033936
63680.230053293635,0.16998200118541718
63680.296583687894,0.16999000310897827
63680.363114082145,0.17000700533390045
63680.429644476404,0.1700029969215393
63680.49617487066,0.16999900341033936
63680.562705264914,0.16999399662017822
63680.62923565917,0.16999399662017822
63680.69576605343,0.16999399662017822
63680.76229644768,0.17000700533390045
63680.82882684194,0.1700109988451004
63680.8953572362,0.17001500725746155
63680.96188763045,0.17001500725746155
63681.02841802471,0.1700109988451004
63681.09494841897,0.1700109988451004
63681.16147881322,0.1700109988451004
63681.22800920748,0.17001500725746155
63681.29453960174,0.1700190007686615
63681.36106999599,0.1700190007686615
63681.42760039025,0.17001500725746155
63681.49413078451,0.17001500725746155
63681.560661178766,0.1700190007686615
63681.62719157302,0.17001500725746155
63681.693721967276,0.17003199458122253
63681.760252361535,0.17001500725746155
63681.82678275579,0.1700109988451004
63681.893313150045,0.1700029969215393
63681.959843544304,0.16999399662017822
63682.026373938555,0.16999399662017822
63682.092904332814,0.16998599469661713
63682.15943472707,0.16999000310897827
63682.225965121324,0.16997799277305603
63682.29249551558,0.16999000310897827
63682.35902590984,0.16999399662017822
63682.42555630409,0.16997399926185608
63682.49208669835,0.16997399926185608
63682.55861709261,0.16997399926185608
63682.62514748686,0.16997399926185608
63682.69167788112,0.16997799277305603
63682.75820827538,0.16999399662017822
63682.82473866963,0.16997399926185608
63682.89126906389,0.16998200118541718
63682.95779945815,0.16997799277305603
63683.0243298524,0.16997399926185608
63683.09086024666,0.16997399926185608
63683.15739064092,0.16997399926185608
63683.22392103517,0.16997399926185608
63683.29045142943,0.16997399926185608
63683.35698182369,0.16997399926185608
63683.42351221794,0.16998599469661713
63683.4900426122,0.17000700533390045
63683.556573006455,0.17002399265766144
63683.62310340071,0.17002800107002258
63683.689633794966,0.1700109988451004
63683.756164189224,0.16999900341033936
63683.822694583476,0.17000700533390045
63683.889224977735,0.17002800107002258
63683.95575537199,0.1700190007686615
63684.022285766245,0.1700029969215393
63684.0888161605,0.1699569970369339
63684.15534655476,0.16995300352573395
63684.221876949014,0.16995300352573395
63684.28840734327,0.16993999481201172
63684.35493773753,0.16991999745368958
63684.42146813178,0.1699109971523285
63684.48799852604,0.16991500556468964
63684.5545289203,0.1699109971523285
63684.62105931455,0.16992799937725067
63684.68758970881,0.16993199288845062
63684.75412010307,0.16995300352573395
63684.82065049732,0.169964998960495
63684.88718089158,0.16998599469661713
63684.95371128584,0.16999399662017822
63685.02024168009,0.1700029969215393
63685.08677207435,0.17002399265766144
63685.15330246861,0.17003999650478363
63685.219832862866,0.17005300521850586
63685.28636325712,0.17007799446582794
63685.352893651376,0.17010700702667236
63685.419424045635,0.1701190024614334
63685.485954439886,0.1701360046863556
63685.552484834145,0.17015300691127777
63685.6190152284,0.17016099393367767
63685.685545622655,0.17019400000572205
63685.75207601691,0.17020300030708313
63685.81860641117,0.17021900415420532
63685.885136805424,0.17023199796676636
63685.95166719968,0.17023999989032745
63686.01819759394,0.17026500403881073
63686.08472798819,0.1702529937028885
63686.15125838245,0.17024900019168854
63686.21778877671,0.170182004570961
63686.28431917096,0.17028599977493286
63686.35084956522,0.17015700042247772
63686.41737995948,0.1701360046863556
63686.48391035373,0.170306995511055
63686.55044074799,0.1703149974346161
63686.61697114225,0.1703529953956604
63686.6835015365,0.17036999762058258
63686.75003193076,0.17035700380802155
63686.81656232502,0.17033599317073822
63686.88309271927,0.17035700380802155
63686.94962311353,0.17033599317073822
63687.016153507786,0.17033199965953827
63687.08268390204,0.1703449934720993
63687.149214296296,0.17034900188446045
63687.215744690555,0.17034900188446045
63687.282275084806,0.1703449934720993
63687.348805479065,0.17033199965953827
63687.415335873324,0.1703449934720993
63687.481866267575,0.17032399773597717
63687.548396661834,0.1703149974346161
63687.61492705609,0.17030300199985504
63687.681457450344,0.17027799785137177
63687.7479878446,0.17026099562644958
63687.81451823886,0.17023999989032745
63687.88104863311,0.17019900679588318
63687.94757902737,0.1701900064945221
63688.01410942163,0.17019900679588318
63688.08063981588,0.17022399604320526
63688.14717021014,0.17024900019168854
63688.2137006044,0.1702529937028885
63688.28023099865,0.17027400434017181
63688.34676139291,0.17031100392341614
63688.41329178717,0.17031100392341614
63688.47982218142,0.1702820062637329
63688.54635257568,0.17032000422477722
63688.61288296994,0.17033199965953827
63688.679413364196,0.17037799954414368
63688.74594375845,0.17038600146770477
63688.812474152706,0.17044100165367126
63688.879004546965,0.17052499949932098
63688.94553494122,0.1705790013074875
63689.012065335475,0.17059199512004852
63689.078595729734,0.1706250011920929
63689.145126123985,0.17063400149345398
63689.211656518244,0.1706629991531372
63689.2781869125,0.1707170009613037
63689.344717306754,0.1707260012626648
63689.41124770101,0.17074699699878693
63689.47777809527,0.17079299688339233
63689.54430848952,0.17080999910831451
63689.61083888378,0.17079700529575348
63689.67736927804,0.17085200548171997
63689.74389967229,0.17090600728988647
63689.81043006655,0.17091499269008636
63689.87696046081,0.17090199887752533
63689.94349085506,0.17094899713993073
63690.01002124932,0.17094899713993073
63690.07655164358,0.17095699906349182
63690.14308203783,0.17093199491500854
63690.20961243209,0.1709109991788864
63690.27614282635,0.1709109991788864
63690.3426732206,0.1709280014038086
63690.40920361486,0.1709360033273697
63690.47573400912,0.1709360033273697
63690.54226440337,0.1709440052509308
63690.60879479763,0.1709360033273697
63690.675325191885,0.1709440052509308
63690.74185558614,0.17096500098705292
63690.808385980396,0.17102399468421936
63690.874916374654,0.17096500098705292
63690.941446768906,0.17089000344276428
63691.007977163164,0.1708270013332367
63691.07450755742,0.1708350032567978
63691.141037951675,0.1708730012178421
63691.20756834593,0.17088499665260315
63691.27409874019,0.17080999910831451
63691.34062913444,0.17081399261951447
63691.4071595287,0.17087699472904205
63691.47368992296,0.1709360033273697
63691.54022031721,0.17094899713993073
63691.60675071147,0.17099900543689728
63691.67328110573,0.17101599276065826
63691.73981149998,0.17097799479961395
63691.80634189424,0.17097799479961395
63691.8728722885,0.17099900543689728
63691.93940268275,0.1710119992494583
63692.00593307701,0.171083003282547
63692.07246347127,0.17106600105762482
63692.13899386552,0.17107899487018585
63692.20552425978,0.17100800573825836
63692.27205465404,0.170974001288414
63692.338585048295,0.17098599672317505
63692.40511544255,0.17099100351333618
63692.471645836806,0.17096099257469177
63692.538176231064,0.17099900543689728
63692.604706625316,0.17105400562286377
63692.671237019575,0.1712310016155243
63692.73776741383,0.17124399542808533
63692.804297808085,0.17125600576400757
63692.87082820234,0.17128199338912964
63692.9373585966,0.17127299308776855
63693.003888990854,0.17129400372505188
63693.07041938511,0.171314999461174
63693.13694977937,0.17132000625133514
63693.20348017362,0.17130300402641296
63693.27001056788,0.17129400372505188
63693.33654096214,0.17129400372505188
63693.40307135639,0.17129400372505188
63693.46960175065,0.17130300402641296
63693.53613214491,0.17130300402641296
63693.60266253916,0.17129899561405182
63693.66919293342,0.17131100594997406
63693.73572332768,0.17132000625133514
63693.80225372193,0.17129899561405182
63693.86878411619,0.17129899561405182
63693.93531451045,0.17128600180149078
63694.0018449047,0.17127299308776855
63694.06837529896,0.1712770015001297
63694.134905693216,0.1712770015001297
63694.20143608747,0.17128199338912964
63694.267966481726,0.17126500606536865
63694.334496875985,0.17125600576400757
63694.401027270236,0.17125199735164642
63694.467557664495,0.17124800384044647
63694.534088058754,0.17122699320316315
63694.600618453005,0.1712229996919632
63694.667148847264,0.1712139993906021
63694.73367924152,0.17121000587940216
63694.800209635774,0.17118899524211884
63694.86674003003,0.1711760014295578
63694.93327042429,0.1711679995059967
63694.99980081854,0.1711679995059967
63695.0663312128,0.17114700376987457
63695.13286160706,0.17111699283123016
63695.19939200131,0.17110399901866913
63695.26592239557,0.17110000550746918
63695.33245278983,0.17109200358390808
63695.39898318408,0.17110399901866913
63695.46551357834,0.17110000550746918
63695.5320439726,0.17110900580883026
63695.59857436685,0.17112599313259125
63695.66510476111,0.17112599313259125
63695.73163515537,0.17110399901866913
63695.798165549626,0.17109599709510803
63695.86469594388,0.17109200358390808
63695.931226338136,0.17108799517154694
63695.997756732395,0.17109200358390808
63696.06428712665,0.17110000550746918
63696.130817520905,0.17110399901866913
63696.197347915164,0.17110399901866913
63696.263878309415,0.17110399901866913
63696.330408703674,0.17110900580883026
63696.39693909793,0.17110399901866913
63696.463469492184,0.1711210012435913
63696.52999988644,0.1711210012435913
63696.5965302807,0.17112599313259125
63696.66306067495,0.1711210012435913
63696.72959106921,0.17112599313259125
63696.79612146347,0.1711380034685135
63696.86265185772,0.17115099728107452
63696.92918225198,0.17116299271583557
63696.99571264624,0.17115899920463562
63697.06224304049,0.17114700376987457
63697.12877343475,0.17114700376987457
63697.19530382901,0.17115899920463562
63697.26183422326,0.17116299271583557
63697.32836461752,0.1711760014295578
63697.39489501178,0.17117199301719666
63697.46142540603,0.17117199301719666
63697.52795580029,0.17118899524211884
63697.594486194546,0.17118899524211884
63697.6610165888,0.17117999494075775
63697.72754698306,0.1711760014295578
63697.794077377315,0.17118899524211884
63697.86060777157,0.17120100557804108
63697.927138165825,0.17120599746704102
63697.993668560084,0.1712310016155243
63698.060198954336,0.17122699320316315
63698.126729348594,0.1712139993906021
63698.19325974285,0.1712229996919632
63698.259790137105,0.1712390035390854
63698.32632053136,0.1712689995765686
63698.39285092562,0.1712770015001297
63698.45938131987,0.1712689995765686
63698.52591171413,0.17126500606536865
63698.59244210839,0.17128600180149078
63698.65897250264,0.17129400372505188
63698.7255028969,0.17131100594997406
63698.79203329116,0.17132000625133514
63698.85856368541,0.17132799327373505
63698.92509407967,0.17133699357509613
63698.99162447393,0.17135800421237946
63699.05815486818,0.17135800421237946
63699.12468526244,0.1713539958000183
63699.1912156567,0.1713619977235794
63699.25774605095,0.17139199376106262
63699.32427644521,0.17139999568462372
63699.39080683947,0.17139199376106262
63699.457337233725,0.17142100632190704
63699.52386762798,0.17143000662326813
63699.590398022236,0.17143799364566803
63699.656928416494,0.17144200205802917
63699.723458810746,0.17143000662326813
63699.789989205005,0.171424999833107
63699.85651959926,0.17142100632190704
63699.923049993515,0.17144200205802917
63699.98958038777,0.17143000662326813
63700.05611078203,0.17140400409698486
63700.122641176284,0.17139999568462372
63700.18917157054,0.17139999568462372
63700.2557019648,0.17139600217342377
63700.32223235905,0.17138299345970154
63700.38876275331,0.17137500643730164
63700.45529314757,0.1713789999485016
63700.52182354182,0.1713699996471405
63700.58835393608,0.17135800421237946
63700.65488433034,0.17135800421237946
63700.72141472459,0.17134100198745728
63700.78794511885,0.1713239997625351
63700.85447551311,0.17131100594997406
63700.92100590736,0.171314999461174
63700.98753630162,0.171314999461174
63701.05406669588,0.17130300402641296
63701.12059709013,0.17129400372505188
63701.18712748439,0.17129400372505188
63701.253657878646,0.17129400372505188
63701.3201882729,0.17129400372505188
63701.386718667156,0.1712770015001297
63701.453249061415,0.17125600576400757
63701.519779455666,0.1712139993906021
63701.586309849925,0.17120100557804108
63701.65284024418,0.17118500173091888
63701.719370638435,0.17117199301719666
63701.785901032694,0.1711760014295578
63701.85243142695,0.1711679995059967
63701.918961821204,0.1711760014295578
63701.98549221546,0.17118899524211884
63702.05202260972,0.17110900580883026
63702.11855300397,0.17106600105762482
63702.18508339823,0.17104500532150269
63702.25161379249,0.1710200011730194
63702.31814418674,0.17100299894809723
63702.384674581,0.17099900543689728
63702.45120497526,0.17099499702453613
63702.51773536951,0.170974001288414
63702.58426576377,0.17096999287605286
63702.65079615803,0.17096500098705292
63702.71732655228,0.17096099257469177
63702.78385694654,0.17096500098705292
63702.8503873408,0.17095699906349182
63702.916917735056,0.17095699906349182
63702.98344812931,0.17095699906349182
63703.049978523566,0.17096999287605286
63703.116508917825,0.17096099257469177
63703.183039312076,0.17095699906349182
63703.249569706335,0.17095699906349182
63703.316100100594,0.17095699906349182
63703.382630494845,0.17095699906349182
63703.449160889104,0.17095699906349182
63703.51569128336,0.1709440052509308
63703.582221677614,0.17094899713993073
63703.64875207187,0.17095699906349182
63703.71528246613,0.1709440052509308
63703.78181286038,0.17093999683856964
63703.84834325464,0.17094899713993073
63703.9148736489,0.17094899713993073
63703.98140404315,0.17096099257469177
63704.04793443741,0.17095699906349182
63704.11446483167,0.17095699906349182
63704.18099522592,0.17095699906349182
63704.24752562018,0.17096500098705292
63704.31405601444,0.17095699906349182
63704.38058640869,0.17096999287605286
63704.44711680295,0.17097799479961395
63704.51364719721,0.17097799479961395
63704.58017759146,0.17097799479961395
63704.64670798572,0.17099900543689728
63704.713238379976,0.17099499702453613
63704.77976877423,0.17100800573825836
63704.84629916849,0.1710119992494583
63704.912829562745,0.17100800573825836
63704.979359957,0.1710200011730194
63705.045890351255,0.1710200011730194
63705.112420745514,0.1710200011730194
63705.178951139766,0.17102399468421936
63705.245481534024,0.1710370033979416
63705.31201192828,0.17103299498558044
63705.378542322534,0.17104099690914154
63705.44507271679,0.17105799913406372
63705.51160311105,0.17104500532150269
63705.5781335053,0.17104500532150269
63705.64466389956,0.17104999721050262
63705.71119429382,0.17104999721050262
63705.77772468807,0.17106199264526367
63705.84425508233,0.17106199264526367
63705.91078547659,0.17106199264526367
63705.97731587084,0.17106600105762482
63706.0438462651,0.17106199264526367
63706.11037665936,0.17106600105762482
63706.17690705361,0.17106199264526367
63706.24343744787,0.17106600105762482
63706.30996784213,0.17106199264526367
63706.37649823638,0.17106199264526367
63706.44302863064,0.17105799913406372
63706.5095590249,0.17106199264526367
63706.57608941915,0.17104500532150269
63706.64261981341,0.17105400562286377
63706.709150207666,0.17105799913406372
63706.775680601924,0.17104099690914154
63706.842210996176,0.17104099690914154
63706.908741390434,0.17104999721050262
63706.97527178469,0.17106600105762482
63707.041802178945,0.17107899487018585
63707.1083325732,0.17108799517154694
63707.17486296746,0.171083003282547
63707.24139336171,0.171083003282547
63707.30792375597,0.171083003282547
63707.37445415023,0.171083003282547
63707.44098454448,0.17108799517154694
63707.50751493874,0.171083003282547
63707.574045333,0.17108799517154694
63707.64057572725,0.17110399901866913
63707.70710612151,0.17109599709510803
63707.77363651577,0.1711129993200302
63707.84016691002,0.17110900580883026
63707.90669730428,0.17110399901866913
63707.97322769854,0.17110000550746918
63708.03975809279,0.17110900580883026
63708.10628848705,0.17112599313259125
63708.17281888131,0.17114700376987457
63708.23934927556,0.1711380034685135
63708.30587966982,0.17111699283123016
63708.372410064076,0.17112599313259125
63708.43894045833,0.17112599313259125
63708.505470852586,0.17112599313259125
63708.572001246845,0.17112599313259125
63708.638531641096,0.1711210012435913
63708.705062035355,0.1711210012435913
63708.77159242961,0.17112599313259125
63708.838122823865,0.1711129993200302
63708.904653218124,0.17111699283123016
63708.97118361238,0.17110399901866913
63709.037714006634,0.17110399901866913
63709.10424440089,0.17110399901866913
63709.17077479515,0.17110399901866913
63709.2373051894,0.1711210012435913
63709.30383558366,0.1711129993200302
63709.37036597792,0.17110399901866913
63709.43689637217,0.171083003282547
63709.50342676643,0.171083003282547
63709.56995716069,0.17107899487018585
63709.63648755494,0.171083003282547
63709.7030179492,0.17108799517154694
63709.76954834346,0.17108799517154694
63709.83607873771,0.17108799517154694
63709.90260913197,0.17107899487018585
63709.96913952623,0.17106199264526367
63710.035669920486,0.17106199264526367
63710.10220031474,0.17106600105762482
63710.168730708996,0.17107099294662476
63710.235261103255,0.17105400562286377
63710.301791497506,0.17104500532150269
63710.368321891765,0.17106199264526367
63710.434852286024,0.171083003282547
63710.501382680275,0.171083003282547
63710.567913074534,0.17106199264526367
63710.63444346879,0.17106199264526367
63710.700973863044,0.17104500532150269
63710.7675042573,0.17104099690914154
63710.83403465156,0.17104500532150269
63710.90056504581,0.17104999721050262
63710.96709544007,0.17104500532150269
63711.03362583433,0.17104099690914154
63711.10015622858,0.17104099690914154
63711.16668662284,0.17104099690914154
63711.2332170171,0.17104099690914154
63711.29974741135,0.17104099690914154
63711.36627780561,0.1710290014743805
63711.43280819987,0.17103299498558044
63711.49933859412,0.17102399468421936
63711.56586898838,0.17103299498558044
63711.63239938264,0.1710290014743805
63711.69892977689,0.17104099690914154
63711.76546017115,0.17102399468421936
63711.831990565406,0.17103299498558044
63711.89852095966,0.17104099690914154
63711.965051353916,0.17103299498558044
63712.031581748175,0.1710200011730194
63712.09811214243,0.17102399468421936
63712.164642536685,0.17104500532150269
63712.231172930944,0.17104500532150269
63712.297703325195,0.17104099690914154
63712.364233719454,0.17102399468421936
63712.43076411371,0.17104999721050262
63712.497294507964,0.17105400562286377
63712.56382490222,0.17105799913406372
63712.63035529648,0.17106199264526367
63712.69688569073,0.17104999721050262
63712.76341608499,0.17106199264526367
63712.82994647925,0.17105799913406372
63712.8964768735,0.17104500532150269
63712.96300726776,0.17104099690914154
63713.02953766202,0.17104500532150269
63713.09606805627,0.17105799913406372
63713.16259845053,0.17104500532150269
63713.22912884479,0.17107099294662476
63713.29565923904,0.17107099294662476
63713.3621896333,0.17106199264526367
63713.42872002756,0.17107099294662476
63713.49525042181,0.17109599709510803
63713.56178081607,0.17108799517154694
63713.62831121033,0.17109599709510803
63713.69484160458,0.1711129993200302
63713.76137199884,0.17111699283123016
63713.827902393095,0.1711129993200302
63713.894432787354,0.17112599313259125
63713.960963181606,0.1711380034685135
63714.027493575864,0.17114700376987457
63714.09402397012,0.1711679995059967
63714.160554364375,0.17115099728107452
63714.22708475863,0.17116299271583557
63714.29361515289,0.1711679995059967
63714.36014554714,0.17117199301719666
63714.4266759414,0.1711760014295578
63714.49320633566,0.17118500173091888
63714.55973672991,0.17117999494075775
63714.62626712417,0.17117999494075775
63714.69279751843,0.17118899524211884
63714.75932791268,0.17118899524211884
63714.82585830694,0.17119300365447998
63714.8923887012,0.17117999494075775
63714.95891909545,0.17117999494075775
63715.02544948971,0.1711679995059967
63715.09197988397,0.1711679995059967
63715.15851027822,0.17120100557804108
63715.22504067248,0.17121000587940216
63715.29157106674,0.17119699716567993
63715.35810146099,0.17119300365447998
63715.42463185525,0.17118899524211884
63715.491162249506,0.17119300365447998
63715.55769264376,0.17119699716567993
63715.624223038016,0.17118899524211884
63715.690753432275,0.17118899524211884
63715.757283826526,0.17119300365447998
63715.823814220785,0.17118899524211884
63715.89034461504,0.17117199301719666
63715.956875009295,0.1711679995059967
63716.02340540355,0.17117199301719666
63716.08993579781,0.17117199301719666
63716.156466192064,0.1711760014295578
63716.22299658632,0.1711760014295578
63716.28952698058,0.17117199301719666
63716.35605737483,0.1711679995059967
63716.42258776909,0.17118899524211884
63716.48911816335,0.17118899524211884
63716.5556485576,0.17118899524211884
63716.62217895186,0.17118899524211884
63716.68870934612,0.1711760014295578
63716.75523974037,0.17117999494075775
63716.82177013463,0.17117199301719666
63716.88830052889,0.1711760014295578
63716.95483092314,0.1711760014295578
63717.0213613174,0.1711679995059967
63717.08789171166,0.17117199301719666
63717.154422105916,0.1711679995059967
63717.22095250017,0.17116299271583557
63717.287482894426,0.1711679995059967
63717.354013288685,0.1711679995059967
63717.420543682936,0.1711679995059967
63717.487074077195,0.17116299271583557
63717.55360447145,0.17116299271583557
63717.620134865705,0.17117999494075775
63717.686665259964,0.17117999494075775
63717.75319565422,0.1711760014295578
63717.819726048474,0.17118899524211884
63717.88625644273,0.1711679995059967
63717.95278683699,0.1711679995059967
63718.01931723124,0.17118899524211884
63718.0858476255,0.17118500173091888
63718.15237801976,0.17117199301719666
63718.21890841401,0.17120100557804108
63718.28543880827,0.17120100557804108
63718.35196920253,0.17119699716567993
63718.41849959678,0.17119300365447998
63718.48502999104,0.17120599746704102
63718.5515603853,0.17120599746704102
63718.61809077955,0.1712139993906021
63718.68462117381,0.1712139993906021
63718.75115156807,0.17122699320316315
63718.81768196232,0.1712310016155243
63718.88421235658,0.1712390035390854
63718.950742750836,0.1712310016155243
63719.01727314509,0.1712390035390854
63719.083803539346,0.17124399542808533
63719.150333933605,0.17126500606536865
63719.21686432786,0.17127299308776855
63719.283394722115,0.17127299308776855
63719.349925116374,0.17127299308776855
63719.416455510625,0.17128199338912964
63719.482985904884,0.17128999531269073
63719.54951629914,0.17131100594997406
63719.616046693394,0.17130300402641296
63719.68257708765,0.171314999461174
63719.74910748191,0.1713239997625351
63719.81563787616,0.17133699357509613
63719.88216827042,0.17133699357509613
63719.94869866468,0.17133699357509613
63720.01522905893,0.17133699357509613
63720.08175945319,0.17133699357509613
63720.14828984745,0.171314999461174
63720.2148202417,0.1713239997625351
63720.28135063596,0.17133699357509613
63720.34788103022,0.17133699357509613
63720.41441142447,0.17133699357509613
63720.48094181873,0.17134499549865723
63720.54747221299,0.17133699357509613
63720.61400260724,0.17134100198745728
63720.6805330015,0.17133699357509613
63720.74706339576,0.17133699357509613
63720.81359379001,0.17133699357509613
63720.88012418427,0.17133699357509613
63720.946654578525,0.17133699357509613
63721.013184972784,0.17133699357509613
63721.079715367036,0.17133699357509613
63721.146245761294,0.17133699357509613
63721.21277615555,0.17133699357509613
63721.279306549804,0.17133699357509613
63721.34583694406,0.1713239997625351
63721.41236733832,0.1713320016860962
63721.47889773257,0.1713239997625351
63721.54542812683,0.17132799327373505
63721.61195852109,0.17132000625133514
63721.67848891534,0.171314999461174
63721.7450193096,0.171314999461174
63721.81154970386,0.171314999461174
63721.87808009811,0.1713320016860962
63721.94461049237,0.17132799327373505
63722.01114088663,0.17133699357509613
63722.07767128088,0.17133699357509613
63722.14420167514,0.17132799327373505
63722.2107320694,0.17132000625133514
63722.27726246365,0.1713320016860962
63722.34379285791,0.17133699357509613
63722.41032325217,0.17133699357509613
63722.47685364642,0.1713539958000183
63722.54338404068,0.17134900391101837
63722.609914434935,0.17136600613594055
63722.67644482919,0.17136600613594055
63722.742975223446,0.17134499549865723
63722.809505617704,0.1713539958000183
63722.876036011956,0.1713539958000183
63722.942566406215,0.1713539958000183
63723.00909680047,0.17135800421237946
63723.075627194725,0.17137500643730164
63723.14215758898,0.1713699996471405
63723.20868798324,0.17136600613594055
63723.275218377494,0.17138700187206268
63723.34174877175,0.17139999568462372
63723.40827916601,0.17139999568462372
63723.47480956026,0.17140400409698486
63723.54133995452,0.1714169979095459
63723.60787034878,0.17140400409698486
63723.67440074303,0.17141300439834595
63723.74093113729,0.17143000662326813
63723.80746153155,0.17143400013446808
63723.8739919258,0.17142100632190704
63723.94052232006,0.17143799364566803
63724.00705271432,0.171424999833107
63724.07358310857,0.17143000662326813
63724.14011350283,0.17142100632190704
63724.20664389709,0.17142100632190704
63724.27317429134,0.17142100632190704
63724.3397046856,0.17143400013446808
63724.406235079856,0.17143400013446808
63724.472765474115,0.17144200205802917
63724.539295868366,0.17143799364566803
63724.605826262625,0.171424999833107
63724.67235665688,0.171424999833107
63724.738887051135,0.17144200205802917
63724.805417445394,0.171424999833107
63724.87194783965,0.17141300439834595
63724.938478233904,0.171424999833107
63725.00500862816,0.17143799364566803
63725.07153902242,0.17143400013446808
63725.13806941667,0.171424999833107
63725.20459981093,0.17142100632190704
63725.27113020519,0.171424999833107
63725.33766059944,0.1714169979095459
63725.4041909937,0.17143400013446808
63725.47072138796,0.17143000662326813
63725.53725178221,0.17141300439834595
63725.60378217647,0.1714169979095459
63725.67031257073,0.17142100632190704
63725.73684296498,0.17142100632190704
63725.80337335924,0.17142100632190704
63725.8699037535,0.17141300439834595
63725.93643414775,0.17139999568462372
63726.00296454201,0.17139999568462372
63726.069494936266,0.17139199376106262
63726.13602533052,0.17139199376106262
63726.202555724776,0.17138700187206268
63726.269086119035,0.1713789999485016
63726.33561651329,0.17137500643730164
63726.402146907545,0.17138700187206268
63726.468677301804,0.17139600217342377
63726.535207696055,0.17140400409698486
63726.601738090314,0.17139199376106262
63726.66826848457,0.1713789999485016
63726.734798878824,0.17139600217342377
63726.80132927308,0.17136600613594055
63726.86785966734,0.1713699996471405
63726.93439006159,0.1713619977235794
63727.00092045585,0.1713699996471405
63727.06745085011,0.1713699996471405
63727.13398124436,0.17136600613594055
63727.20051163862,0.1713699996471405
63727.26704203288,0.17135800421237946
63727.33357242713,0.17135800421237946
63727.40010282139,0.17135800421237946
63727.46663321565,0.17135800421237946
63727.5331636099,0.1713539958000183
63727.59969400416,0.17135800421237946
63727.66622439842,0.17137500643730164
63727.73275479267,0.17135800421237946
63727.79928518693,0.1713789999485016
63727.865815581186,0.17137500643730164
63727.93234597544,0.1713789999485016
63727.9988763697,0.1713789999485016
63728.065406763955,0.1713789999485016
63728.131937158214,0.1713789999485016
63728.198467552465,0.1713789999485016
63728.264997946724,0.17138299345970154
63728.33152834098,0.17139999568462372
63728.398058735234,0.17139600217342377
63728.46458912949,0.1713789999485016
63728.53111952375,0.1713789999485016
63728.597649918,0.1713789999485016
63728.66418031226,0.17138299345970154
63728.73071070652,0.1713789999485016
63728.79724110077,0.1713789999485016
63728.86377149503,0.17138299345970154
63728.93030188929,0.1713619977235794
63728.99683228354,0.1713699996471405
63729.0633626778,0.17135800421237946
63729.12989307206,0.17138299345970154
63729.19642346631,0.17139999568462372
63729.26295386057,0.17139999568462372
63729.32948425483,0.17139600217342377
63729.39601464908,0.17139199376106262
63729.46254504334,0.17139999568462372
63729.5290754376,0.17139999568462372
63729.59560583185,0.1714089959859848
63729.66213622611,0.17142100632190704
63729.728666620365,0.17142100632190704
63729.79519701462,0.17144200205802917
63729.861727408876,0.17143000662326813
63729.928257803134,0.17143799364566803
63729.994788197386,0.17143000662326813
63730.061318591645,0.17142100632190704
63730.1278489859,0.17142100632190704
63730.194379380155,0.17142100632190704
63730.26090977441,0.17142100632190704
63730.32744016867,0.17141300439834595
63730.393970562924,0.17139999568462372
63730.46050095718,0.17139999568462372
63730.52703135144,0.17139999568462372
63730.59356174569,0.17140400409698486
63730.66009213995,0.17142100632190704
63730.72662253421,0.17141300439834595
63730.79315292846,0.17140400409698486
63730.85968332272,0.17139999568462372
63730.92621371698,0.17142100632190704
63730.99274411123,0.17142100632190704
63731.05927450549,0.17142100632190704
63731.12580489975,0.17142100632190704
63731.192335294,0.17142100632190704
63731.25886568826,0.17141300439834595
63731.32539608252,0.17142100632190704
63731.39192647677,0.17142100632190704
63731.45845687103,0.1714089959859848
63731.524987265286,0.17139999568462372
63731.591517659544,0.1714169979095459
63731.658048053796,0.1714169979095459
63731.724578448055,0.17139999568462372
63731.79110884231,0.17139999568462372
63731.857639236565,0.17140400409698486
63731.92416963082,0.17139999568462372
63731.99070002508,0.17139999568462372
63732.057230419334,0.17138299345970154
63732.12376081359,0.17138299345970154
63732.19029120785,0.17138700187206268
63732.2568216021,0.1713789999485016
63732.32335199636,0.1713789999485016
63732.38988239062,0.17137500643730164
63732.45641278487,0.17138299345970154
63732.52294317913,0.17137500643730164
63732.58947357339,0.17135800421237946
63732.65600396764,0.17135800421237946
63732.7225343619,0.1713699996471405
63732.78906475616,0.1713789999485016
63732.85559515041,0.1713789999485016
63732.92212554467,0.17135800421237946
63732.98865593893,0.17136600613594055
63733.05518633318,0.17133699357509613
63733.12171672744,0.17134100198745728
63733.188247121696,0.17134900391101837
63733.25477751595,0.1713539958000183
63733.321307910206,0.17135800421237946
63733.387838304465,0.17134900391101837
63733.454368698716,0.17135800421237946
63733.520899092975,0.1713539958000183
63733.587429487234,0.1713619977235794
63733.653959881485,0.17135800421237946
63733.720490275744,0.1713539958000183
63733.78702067,0.17135800421237946
63733.853551064254,0.1713539958000183
63733.92008145851,0.17134900391101837
63733.98661185277,0.1713619977235794
63734.05314224702,0.17137500643730164
63734.11967264128,0.17137500643730164
63734.18620303554,0.1713789999485016
63734.25273342979,0.17139600217342377
63734.31926382405,0.17139999568462372
63734.38579421831,0.17139999568462372
63734.45232461256,0.17139999568462372
63734.51885500682,0.17139999568462372
63734.58538540108,0.17139999568462372
63734.65191579533,0.1714169979095459
63734.71844618959,0.17141300439834595
63734.78497658385,0.17139999568462372
63734.8515069781,0.17141300439834595
63734.91803737236,0.1714169979095459
63734.984567766616,0.1714089959859848
63735.05109816087,0.17141300439834595
63735.11762855513,0.1714169979095459
63735.184158949385,0.1714089959859848
63735.250689343644,0.17139999568462372
63735.317219737895,0.17142100632190704
63735.383750132154,0.17142100632190704
63735.45028052641,0.17140400409698486
63735.516810920664,0.17139999568462372
63735.58334131492,0.17139999568462372
63735.64987170918,0.17139999568462372
63735.71640210343,0.17139999568462372
63735.78293249769,0.17139999568462372
63735.84946289195,0.17139999568462372
63735.9159932862,0.17139600217342377
63735.98252368046,0.17139600217342377
63736.04905407472,0.17139999568462372
63736.11558446897,0.17139600217342377
63736.18211486323,0.17138299345970154
63736.24864525749,0.17140400409698486
63736.31517565174,0.17142100632190704
63736.381706046,0.17140400409698486
63736.44823644026,0.17139999568462372
63736.51476683451,0.17139999568462372
63736.58129722877,0.17139999568462372
63736.64782762303,0.1714089959859848
63736.71435801728,0.171424999833107
63736.78088841154,0.17143799364566803
63736.847418805795,0.17144200205802917
63736.91394920005,0.17144200205802917
63736.980479594306,0.17143799364566803
63737.047009988564,0.17143400013446808
63737.113540382816,0.17143400013446808
63737.180070777074,0.17144200205802917
63737.24660117133,0.17145900428295135
63737.313131565585,0.17145900428295135
63737.37966195984,0.17145900428295135
63737.4461923541,0.17144200205802917
63737.51272274835,0.1714549958705902
63737.57925314261,0.1714469939470291
63737.64578353687,0.17144200205802917
63737.71231393112,0.1714469939470291
63737.77884432538,0.17144200205802917
63737.84537471964,0.17145100235939026
63737.91190511389,0.1714639961719513
63737.97843550815,0.1714469939470291
63738.04496590241,0.1714639961719513
63738.11149629666,0.1714639961719513
63738.17802669092,0.1714639961719513
63738.24455708518,0.1714639961719513
63738.31108747943,0.17145100235939026
63738.37761787369,0.17143799364566803
63738.44414826795,0.17143000662326813
63738.5106786622,0.171424999833107
63738.57720905646,0.17143400013446808
63738.643739450716,0.17144200205802917
63738.710269844974,0.17142100632190704
63738.776800239226,0.1714169979095459
63738.843330633485,0.17140400409698486
63738.90986102774,0.1714169979095459
63738.976391421995,0.17142100632190704
63739.04292181625,0.1714169979095459
63739.10945221051,0.1714169979095459
63739.175982604764,0.171424999833107
63739.24251299902,0.17143799364566803
63739.30904339328,0.17143000662326813
63739.37557378753,0.17142100632190704
63739.44210418179,0.17142100632190704
63739.50863457605,0.17143799364566803
63739.5751649703,0.171424999833107
63739.64169536456,0.17143400013446808
63739.70822575882,0.17144200205802917
63739.77475615307,0.17144200205802917
63739.84128654733,0.17144200205802917
63739.90781694159,0.17143000662326813
63739.97434733584,0.17144200205802917
63740.0408777301,0.17144200205802917
63740.10740812436,0.171424999833107
63740.17393851861,0.1714469939470291
63740.24046891287,0.1714639961719513
63740.306999307126,0.1714639961719513
63740.37352970138,0.17144200205802917
63740.440060095636,0.17145900428295135
63740.506590489895,0.17144200205802917
63740.573120884146,0.17145900428295135
63740.639651278405,0.1714639961719513
63740.706181672664,0.1714639961719513
63740.772712066915,0.1714800000190735
63740.839242461174,0.1714719980955124
63740.90577285543,0.17144200205802917
63740.972303249684,0.17144200205802917
63741.03883364394,0.17143799364566803
63741.1053640382,0.17144200205802917
63741.17189443245,0.17144200205802917
63741.23842482671,0.1714549958705902
63741.30495522097,0.17145900428295135
63741.37148561522,0.17146800458431244
63741.43801600948,0.1714800000190735
63741.50454640374,0.17146800458431244
63741.57107679799,0.1714639961719513
63741.63760719225,0.1714639961719513
63741.70413758651,0.1714639961719513
63741.77066798076,0.1714639961719513
63741.83719837502,0.17146800458431244
63741.90372876928,0.1714639961719513
63741.97025916353,0.1714639961719513
63742.03678955779,0.1714549958705902
63742.103319952046,0.17145900428295135
63742.1698503463,0.17145900428295135
63742.236380740556,0.1714639961719513
63742.302911134815,0.1714639961719513
63742.369441529074,0.17145100235939026
63742.435971923325,0.17144200205802917
63742.502502317584,0.17145100235939026
63742.56903271184,0.1714639961719513
63742.635563106094,0.1714639961719513
63742.70209350035,0.1714469939470291
63742.76862389461,0.17144200205802917
63742.83515428886,0.1714469939470291
63742.90168468312,0.1714800000190735
63742.96821507738,0.17147600650787354
63743.03474547163,0.1714639961719513
63743.10127586589,0.1714469939470291
63743.16780626015,0.17144200205802917
63743.2343366544,0.1714469939470291
63743.30086704866,0.17144200205802917
63743.36739744292,0.17143799364566803
63743.43392783717,0.17144200205802917
63743.50045823143,0.1714469939470291
63743.56698862569,0.17143400013446808
63743.63351901994,0.171424999833107
63743.7000494142,0.17143000662326813
63743.766579808456,0.17143000662326813
63743.83311020271,0.1714169979095459
63743.89964059697,0.1714169979095459
63743.966170991225,0.17141300439834595
63744.03270138548,0.1714089959859848
63744.099231779735,0.17140400409698486
63744.165762173994,0.17139999568462372
63744.232292568246,0.17140400409698486
63744.298822962504,0.17139600217342377
63744.36535335676,0.1714169979095459
63744.431883751015,0.17142100632190704
63744.49841414527,0.17142100632190704
63744.56494453953,0.17143400013446808
63744.63147493378,0.171424999833107
63744.69800532804,0.17142100632190704
63744.7645357223,0.17143400013446808
63744.83106611655,0.1714469939470291
63744.89759651081,0.17144200205802917
63744.96412690507,0.17144200205802917
63745.03065729932,0.17144200205802917
63745.09718769358,0.17144200205802917
63745.16371808784,0.17144200205802917
63745.23024848209,0.1714549958705902
63745.29677887635,0.17146800458431244
63745.36330927061,0.1714639961719513
63745.42983966486,0.1714639961719513
63745.49637005912,0.1714549958705902
63745.56290045338,0.17144200205802917
63745.62943084763,0.17144200205802917
63745.69596124189,0.17143400013446808
63745.762491636146,0.17143400013446808
63745.829022030404,0.17144200205802917
63745.895552424656,0.17145900428295135
63745.962082818914,0.17144200205802917
63746.02861321317,0.17143000662326813
63746.095143607425,0.17143799364566803
63746.16167400168,0.17143400013446808
63746.22820439594,0.17142100632190704
63746.29473479019,0.17142100632190704
63746.36126518445,0.171424999833107
63746.42779557871,0.17142100632190704
63746.49432597296,0.1714169979095459
63746.56085636722,0.17140400409698486
63746.62738676148,0.1714169979095459
63746.69391715573,0.1714089959859848
63746.76044754999,0.17142100632190704
63746.82697794425,0.17140400409698486
63746.8935083385,0.1713789999485016
63746.96003873276,0.1713789999485016
63747.02656912702,0.1713789999485016
63747.09309952127,0.17139199376106262
63747.15962991553,0.1713789999485016
63747.22616030979,0.1713699996471405
63747.29269070404,0.17137500643730164
63747.3592210983,0.17136600613594055
63747.425751492556,0.1713619977235794
63747.49228188681,0.1713539958000183
63747.558812281066,0.17134499549865723
63747.625342675325,0.17134100198745728
63747.691873069576,0.17135800421237946
63747.758403463835,0.17134499549865723
63747.82493385809,0.1713539958000183
63747.891464252345,0.17134499549865723
63747.957994646604,0.17134499549865723
63748.02452504086,0.17136600613594055
63748.091055435114,0.17137500643730164
63748.15758582937,0.1713699996471405
63748.22411622363,0.1713699996471405
63748.29064661788,0.1713699996471405
63748.35717701214,0.1713619977235794
63748.4237074064,0.17135800421237946
63748.49023780065,0.17137500643730164
63748.55676819491,0.17139999568462372
63748.62329858917,0.17139999568462372
63748.68982898342,0.17140400409698486
63748.75635937768,0.17139999568462372
63748.82288977194,0.17139999568462372
63748.88942016619,0.17139999568462372
63748.95595056045,0.17139999568462372
63749.02248095471,0.17139999568462372
63749.08901134896,0.17139999568462372
63749.15554174322,0.17139999568462372
63749.222072137476,0.1714169979095459
63749.28860253173,0.171424999833107
63749.355132925986,0.17139999568462372
63749.421663320245,0.1714089959859848
63749.488193714504,0.171424999833107
63749.554724108755,0.17142100632190704
63749.621254503014,0.171424999833107
63749.68778489727,0.1714169979095459
63749.754315291524,0.1714169979095459
63749.82084568578,0.17142100632190704
63749.88737608004,0.17142100632190704
63749.95390647429,0.1714089959859848
63750.02043686855,0.1714089959859848
63750.08696726281,0.17140400409698486
63750.15349765706,0.17142100632190704
63750.22002805132,0.17140400409698486
63750.28655844558,0.17139999568462372
63750.35308883983,0.17140400409698486
63750.41961923409,0.17139999568462372
63750.48614962835,0.17140400409698486
63750.5526800226,0.17140400409698486
63750.61921041686,0.17139999568462372
63750.68574081112,0.17139999568462372
63750.75227120537,0.17139999568462372
63750.81880159963,0.1714089959859848
63750.885331993886,0.17139600217342377
63750.95186238814,0.1713789999485016
63751.0183927824,0.1713789999485016
63751.084923176655,0.1713789999485016
63751.15145357091,0.17137500643730164
63751.217983965165,0.17139600217342377
63751.284514359424,0.17139199376106262
63751.351044753676,0.17138700187206268
63751.417575147934,0.17139199376106262
63751.48410554219,0.17138700187206268
63751.550635936444,0.17138700187206268
63751.6171663307,0.1713789999485016
63751.68369672496,0.17136600613594055
63751.75022711921,0.1713789999485016
63751.81675751347,0.17136600613594055
63751.88328790773,0.17135800421237946
63751.94981830198,0.1713539958000183
63752.01634869624,0.17135800421237946
63752.0828790905,0.17134900391101837
63752.14940948475,0.17135800421237946
63752.21593987901,0.17135800421237946
63752.28247027327,0.1713619977235794
63752.34900066752,0.17135800421237946
63752.41553106178,0.17135800421237946
63752.48206145604,0.17135800421237946
63752.54859185029,0.17135800421237946
63752.61512224455,0.17135800421237946
63752.68165263881,0.17135800421237946
63752.74818303306,0.17135800421237946
63752.81471342732,0.17134499549865723
63752.881243821575,0.17134100198745728
63752.947774215834,0.1713320016860962
63753.014304610086,0.17132799327373505
63753.080835004344,0.17132000625133514
63753.1473653986,0.1713320016860962
63753.213895792855,0.17130699753761292
63753.28042618711,0.1713239997625351
63753.34695658137,0.171314999461174
63753.41348697562,0.17131100594997406
63753.48001736988,0.17132000625133514
63753.54654776414,0.171314999461174
63753.61307815839,0.17131100594997406
63753.67960855265,0.171314999461174
63753.74613894691,0.171314999461174
63753.81266934116,0.17130699753761292
63753.87919973542,0.17131100594997406
63753.94573012968,0.171314999461174
63754.01226052393,0.1713320016860962
63754.07879091819,0.17133699357509613
63754.14532131245,0.1713320016860962
63754.2118517067,0.171314999461174
63754.27838210096,0.171314999461174
63754.34491249522,0.171314999461174
63754.41144288947,0.17132000625133514
63754.47797328373,0.1713239997625351
63754.544503677986,0.1713239997625351
63754.61103407224,0.1713320016860962
63754.677564466496,0.17134900391101837
63754.744094860755,0.17135800421237946
63754.810625255006,0.1713619977235794
63754.877155649265,0.17135800421237946
63754.94368604352,0.17135800421237946
63755.010216437775,0.17135800421237946
63755.076746832034,0.17135800421237946
63755.14327722629,0.1713539958000183
63755.209807620544,0.17136600613594055
63755.2763380148,0.17136600613594055
63755.34286840906,0.17135800421237946
63755.40939880331,0.1713619977235794
63755.47592919757,0.1713619977235794
63755.54245959183,0.1713699996471405
63755.60898998608,0.17136600613594055
63755.67552038034,0.1713699996471405
63755.7420507746,0.1713619977235794
63755.80858116885,0.1713619977235794
63755.87511156311,0.1713699996471405
63755.94164195737,0.17136600613594055
63756.00817235162,0.17135800421237946
63756.07470274588,0.17133699357509613
63756.14123314014,0.17134499549865723
63756.20776353439,0.17135800421237946
63756.27429392865,0.17135800421237946
63756.340824322906,0.1713619977235794
63756.40735471716,0.17134900391101837
63756.473885111416,0.17134900391101837
63756.540415505675,0.1713539958000183
63756.60694589993,0.17133699357509613
63756.673476294185,0.17134499549865723
63756.740006688444,0.17133699357509613
63756.8065370827,0.17132799327373505
63756.873067476954,0.17132000625133514
63756.93959787121,0.17132799327373505
63757.00612826547,0.17134100198745728
63757.07265865972,0.17134100198745728
63757.13918905398,0.17132799327373505
63757.20571944824,0.1713239997625351
63757.27224984249,0.17132799327373505
63757.33878023675,0.17132000625133514
63757.40531063101,0.17132799327373505
63757.47184102526,0.1713239997625351
63757.53837141952,0.17130300402641296
63757.60490181378,0.17131100594997406
63757.67143220803,0.17129899561405182
63757.73796260229,0.17129899561405182
63757.80449299655,0.17129899561405182
63757.8710233908,0.17129400372505188
63757.93755378506,0.17129400372505188
63758.004084179316,0.17129400372505188
63758.07061457357,0.17131100594997406
63758.137144967826,0.17130300402641296
63758.203675362085,0.17131100594997406
63758.27020575634,0.17129899561405182
63758.336736150595,0.17128999531269073
63758.403266544854,0.17128999531269073
63758.469796939105,0.17130300402641296
63758.536327333364,0.17130300402641296
63758.60285772762,0.17129899561405182
63758.669388121874,0.17129400372505188
63758.73591851613,0.17129400372505188
63758.80244891039,0.17128999531269073
63758.86897930464,0.17129400372505188
63758.9355096989,0.17129400372505188
63759.00204009316,0.17129400372505188
63759.06857048741,0.17129400372505188
63759.13510088167,0.17128999531269073
63759.20163127593,0.1712770015001297
63759.26816167018,0.17129400372505188
63759.33469206444,0.17129400372505188
63759.4012224587,0.17128999531269073
63759.46775285295,0.17129400372505188
63759.53428324721,0.17129400372505188
63759.60081364147,0.17129400372505188
63759.66734403572,0.17129400372505188
63759.73387442998,0.17129400372505188
63759.80040482424,0.17129400372505188
63759.86693521849,0.17129400372505188
63759.93346561275,0.17129400372505188
63759.999996007005,0.17129400372505188
63760.066526401264,0.17129400372505188
63760.133056795516,0.17129400372505188
63760.199587189774,0.17130699753761292
63760.26611758403,0.17129899561405182
63760.332647978285,0.17130699753761292
63760.39917837254,0.171314999461174
63760.4657087668,0.171314999461174
63760.53223916105,0.17130699753761292
63760.59876955531,0.17130699753761292
63760.66529994957,0.171314999461174
63760.73183034382,0.171314999461174
63760.79836073808,0.17132799327373505
63760.86489113234,0.17133699357509613
63760.93142152659,0.17133699357509613
63760.99795192085,0.17132000625133514
63761.06448231511,0.17133699357509613
63761.13101270936,0.17132799327373505
63761.19754310362,0.171314999461174
63761.26407349788,0.1713239997625351
63761.33060389213,0.17132000625133514
63761.39713428639,0.17130699753761292
63761.46366468065,0.17131100594997406
63761.5301950749,0.17128999531269073
63761.59672546916,0.17129400372505188
63761.663255863416,0.17128999531269073
63761.72978625767,0.17128999531269073
63761.796316651926,0.17129400372505188
63761.862847046184,0.17129400372505188
63761.929377440436,0.17129400372505188
63761.995907834695,0.17127299308776855
63762.06243822895,0.17127299308776855
63762.128968623205,0.17128600180149078
63762.19549901746,0.17129400372505188
63762.26202941172,0.17128600180149078
63762.328559805974,0.17125600576400757
63762.39509020023,0.17125199735164642
63762.46162059449,0.17125600576400757
63762.52815098874,0.1712689995765686
63762.594681383,0.17125199735164642
63762.66121177726,0.17125199735164642
63762.72774217151,0.17123499512672424
63762.79427256577,0.17125199735164642
63762.86080296003,0.1712229996919632
63762.92733335428,0.17121799290180206
63762.99386374854,0.1712139993906021
63763.0603941428,0.17122699320316315
63763.12692453705,0.17123499512672424
63763.19345493131,0.1712390035390854
63763.25998532557,0.1712390035390854
63763.32651571982,0.1712310016155243
63763.39304611408,0.1712310016155243
63763.459576508336,0.17122699320316315
63763.52610690259,0.17122699320316315
63763.592637296846,0.17122699320316315
63763.659167691105,0.1712229996919632
63763.725698085356,0.17122699320316315
63763.792228479615,0.1712139993906021
63763.858758873874,0.17122699320316315
63763.92528926813,0.17123499512672424
63763.991819662384,0.17122699320316315
63764.05835005664,0.17124399542808533
63764.1248804509,0.17124800384044647
63764.19141084515,0.17125600576400757
63764.25794123941,0.1712310016155243
63764.32447163367,0.1712310016155243
63764.39100202792,0.17123499512672424
63764.45753242218,0.1712310016155243
63764.52406281644,0.17123499512672424
63764.59059321069,0.17125199735164642
63764.65712360495,0.1712689995765686
63764.72365399921,0.17127299308776855
63764.79018439346,0.17127299308776855
63764.85671478772,0.17127299308776855
63764.92324518198,0.1712689995765686
63764.98977557623,0.1712609976530075
63765.05630597049,0.17127299308776855
63765.122836364746,0.1712689995765686
63765.189366759,0.17125199735164642
63765.255897153256,0.17125600576400757
63765.322427547515,0.17125199735164642
63765.38895794177,0.17125600576400757
63765.455488336025,0.1712689995765686
63765.522018730284,0.1712609976530075
63765.588549124535,0.1712689995765686
63765.655079518794,0.1712609976530075
63765.72160991305,0.17125199735164642
63765.788140307304,0.17125199735164642
63765.85467070156,0.17124800384044647
63765.92120109582,0.1712390035390854
63765.98773149007,0.17123499512672424
63766.05426188433,0.1712310016155243
63766.12079227859,0.1712310016155243
63766.18732267284,0.1712139993906021
63766.2538530671,0.1712139993906021
63766.32038346136,0.17121000587940216
63766.38691385561,0.17120100557804108
63766.45344424987,0.1711760014295578
63766.51997464413,0.1711760014295578
63766.58650503838,0.17118899524211884
63766.65303543264,0.17118899524211884
63766.7195658269,0.17117199301719666
63766.78609622115,0.17118899524211884
63766.85262661541,0.1711679995059967
63766.91915700967,0.17118899524211884
63766.98568740392,0.17117999494075775
63767.05221779818,0.1711679995059967
63767.118748192435,0.17116299271583557
63767.185278586694,0.17118500173091888
63767.251808980945,0.17119300365447998
63767.318339375204,0.17120100557804108
63767.38486976946,0.17121000587940216
63767.451400163714,0.17120599746704102
63767.51793055797,0.1712139993906021
63767.58446095223,0.1712229996919632
63767.65099134648,0.1712310016155243
63767.71752174074,0.17123499512672424
63767.784052135,0.1712139993906021
63767.85058252925,0.17121000587940216
63767.91711292351,0.17119699716567993
63767.98364331777,0.17120599746704102
63768.05017371202,0.17121000587940216
63768.11670410628,0.1712139993906021
63768.18323450054,0.17121000587940216
63768.24976489479,0.17119300365447998
63768.31629528905,0.17118500173091888
63768.38282568331,0.17118899524211884
63768.44935607756,0.17118899524211884
63768.51588647182,0.17119699716567993
63768.58241686608,0.17118899524211884
63768.64894726033,0.17120100557804108
63768.71547765459,0.17121000587940216
63768.782008048845,0.17119699716567993
63768.8485384431,0.17121799290180206
63768.915068837356,0.17122699320316315
63768.981599231614,0.17121000587940216
63769.048129625866,0.17120100557804108
63769.114660020125,0.17119300365447998
63769.18119041438,0.17119300365447998
63769.247720808635,0.17118899524211884
63769.31425120289,0.17119300365447998
63769.38078159715,0.17119300365447998
63769.447311991404,0.17118899524211884
63769.51384238566,0.17118500173091888
63769.58037277992,0.17119300365447998
63769.64690317417,0.17117999494075775
63769.71343356843,0.1711679995059967
63769.77996396269,0.1711679995059967
63769.84649435694,0.17117199301719666
63769.9130247512,0.17117199301719666
63769.97955514546,0.17117199301719666
63770.04608553971,0.1711679995059967
63770.11261593397,0.17115500569343567
63770.17914632823,0.17115899920463562
63770.24567672248,0.1711679995059967
63770.31220711674,0.1711679995059967
63770.378737511,0.17118500173091888
63770.44526790525,0.1711679995059967
63770.51179829951,0.17114700376987457
63770.578328693766,0.17114700376987457
63770.64485908802,0.17114700376987457
63770.711389482276,0.17114700376987457
63770.777919876535,0.1711380034685135
63770.844450270786,0.1711380034685135
63770.910980665045,0.17115099728107452
63770.977511059304,0.1711300015449524
63771.04404145356,0.1711380034685135
63771.110571847814,0.17110900580883026
63771.17710224207,0.17110399901866913
63771.24363263633,0.17110399901866913
63771.31016303058,0.17110399901866913
63771.37669342484,0.17111699283123016
63771.4432238191,0.1711129993200302
63771.50975421335,0.17110000550746918
63771.57628460761,0.17108799517154694
63771.64281500187,0.17109200358390808
63771.70934539612,0.171083003282547
63771.77587579038,0.171083003282547
63771.84240618464,0.17108799517154694
63771.90893657889,0.17110000550746918
63771.97546697315,0.17109599709510803
63772.04199736741,0.17109599709510803
63772.10852776166,0.17110000550746918
63772.17505815592,0.17109200358390808
63772.241588550176,0.17110900580883026
63772.30811894443,0.17112599313259125
63772.374649338686,0.17111699283123016
63772.441179732945,0.17112599313259125
63772.507710127196,0.17114199697971344
63772.574240521455,0.17112599313259125
63772.640770915714,0.17112599313259125
63772.707301309965,0.17112599313259125
63772.773831704224,0.1711300015449524
63772.84036209848,0.17112599313259125
63772.906892492734,0.17112599313259125
63772.97342288699,0.17110900580883026
63773.03995328125,0.1711210012435913
63773.1064836755,0.17112599313259125
63773.17301406976,0.1711380034685135
63773.23954446402,0.17112599313259125
63773.30607485827,0.1711300015449524
63773.37260525253,0.17114700376987457
63773.43913564679,0.17115099728107452
63773.50566604104,0.17113399505615234
63773.5721964353,0.17112599313259125
63773.63872682956,0.1711210012435913
63773.70525722381,0.1711210012435913
63773.77178761807,0.1711210012435913
63773.83831801233,0.17111699283123016
63773.90484840658,0.17110900580883026
63773.97137880084,0.1711210012435913
63774.037909195096,0.17112599313259125
63774.10443958935,0.1711129993200302
63774.17096998361,0.17108799517154694
63774.237500377865,0.171083003282547
63774.304030772124,0.171083003282547
63774.370561166375,0.17106199264526367
63774.437091560634,0.17104500532150269
63774.50362195489,0.17104099690914154
63774.570152349144,0.17104099690914154
63774.6366827434,0.17104099690914154
63774.70321313766,0.17104999721050262
63774.76974353191,0.17103299498558044
63774.83627392617,0.17102399468421936
63774.90280432043,0.17102399468421936
63774.96933471468,0.1710200011730194
63775.03586510894,0.17100800573825836
63775.1023955032,0.17100800573825836
63775.16892589745,0.17099900543689728
63775.23545629171,0.17098599672317505
63775.30198668597,0.17096500098705292
63775.36851708022,0.170974001288414
63775.43504747448,0.17096099257469177
63775.50157786874,0.17095699906349182
63775.56810826299,0.17095699906349182
63775.63463865725,0.17094899713993073
63775.70116905151,0.1709440052509308
63775.76769944576,0.17095699906349182
63775.83422984002,0.17093999683856964
63775.900760234275,0.1709360033273697
63775.96729062853,0.1709440052509308
63776.033821022786,0.1709360033273697
63776.100351417044,0.17093999683856964
63776.166881811296,0.17091499269008636
63776.233412205554,0.17090600728988647
63776.29994259981,0.17092299461364746
63776.366472994065,0.17090600728988647
63776.43300338832,0.17089800536632538
63776.49953378258,0.17090600728988647
63776.56606417683,0.17091499269008636
63776.63259457109,0.1709190011024475
63776.69912496535,0.17091499269008636
63776.7656553596,0.17089399695396423
63776.83218575386,0.17089800536632538
63776.89871614812,0.17089399695396423
63776.96524654237,0.17089000344276428
63777.03177693663,0.1708730012178421
63777.09830733089,0.1708730012178421
63777.16483772514,0.17086400091648102
63777.2313681194,0.17086899280548096
63777.29789851366,0.1708810031414032
63777.36442890791,0.17086000740528107
63777.43095930217,0.17085599899291992
63777.49748969643,0.17086000740528107
63777.56402009068,0.17086000740528107
63777.63055048494,0.17085200548171997
63777.697080879196,0.17086000740528107
63777.76361127345,0.17086000740528107
63777.830141667706,0.17086400091648102
63777.896672061965,0.1708730012178421
63777.963202456216,0.17087699472904205
63778.029732850475,0.1708730012178421
63778.09626324473,0.17086400091648102
63778.16279363899,0.1708810031414032
63778.229324033244,0.17090199887752533
63778.2958544275,0.17088499665260315
63778.36238482176,0.17087699472904205
63778.42891521601,0.17089399695396423
63778.49544561027,0.17089800536632538
63778.56197600453,0.17089800536632538
63778.62850639878,0.17089800536632538
63778.69503679304,0.1709109991788864
63778.7615671873,0.1709280014038086
63778.82809758155,0.17093199491500854
63778.89462797581,0.1709360033273697
63778.96115837007,0.1709190011024475
63779.02768876432,0.17092299461364746
63779.09421915858,0.17092299461364746
63779.16074955284,0.17093199491500854
63779.22727994709,0.1709360033273697
63779.29381034135,0.1709190011024475
63779.360340735606,0.1709360033273697
63779.42687112986,0.1709440052509308
63779.493401524116,0.17093999683856964
63779.559931918375,0.1709360033273697
63779.626462312626,0.1709109991788864
63779.692992706885,0.1709280014038086
63779.759523101144,0.1709190011024475
63779.826053495395,0.17091499269008636
63779.892583889654,0.17091499269008636
63779.95911428391,0.17090600728988647
63780.025644678164,0.17087699472904205
63780.09217507242,0.17088499665260315
63780.15870546668,0.17089399695396423
63780.22523586093,0.17087699472904205
63780.29176625519,0.1708730012178421
63780.35829664945,0.17087699472904205
63780.4248270437,0.17087699472904205
63780.49135743796,0.1708730012178421
63780.55788783222,0.17086400091648102
63780.62441822647,0.17086400091648102
63780.69094862073,0.1708730012178421
63780.75747901499,0.1708730012178421
63780.82400940924,0.17086899280548096
63780.8905398035,0.1708730012178421
63780.95707019776,0.1708430051803589
63781.02360059201,0.1708430051803589
63781.09013098627,0.17085200548171997
63781.156661380526,0.17086899280548096
63781.22319177478,0.1708730012178421
63781.28972216904,0.1708730012178421
63781.356252563295,0.1708810031414032
63781.422782957554,0.17088499665260315
63781.489313351805,0.17086899280548096
63781.555843746064,0.1708430051803589
63781.62237414032,0.17085200548171997
63781.688904534574,0.17085200548171997
63781.75543492883,0.17085200548171997
63781.82196532309,0.17085599899291992
63781.88849571734,0.17085599899291992
63781.9550261116,0.17084799706935883
63782.02155650586,0.17085200548171997
63782.08808690011,0.17085200548171997
63782.15461729437,0.17085599899291992
63782.22114768863,0.17086000740528107
63782.28767808288,0.17085200548171997
63782.35420847714,0.17085200548171997
63782.4207388714,0.17086400091648102
63782.48726926565,0.17086400091648102
63782.55379965991,0.17086899280548096
63782.62033005417,0.1708730012178421
63782.68686044842,0.17086000740528107
63782.75339084268,0.1708730012178421
63782.819921236936,0.17087699472904205
63782.88645163119,0.1708730012178421
63782.95298202545,0.1708730012178421
63783.019512419705,0.17089000344276428
63783.08604281396,0.17089399695396423
63783.152573208215,0.17089000344276428
63783.219103602474,0.17086899280548096
63783.285633996726,0.17085200548171997
63783.352164390984,0.17085200548171997
63783.41869478524,0.17084799706935883
63783.485225179495,0.17084799706935883
63783.55175557375,0.1708730012178421
63783.61828596801,0.17087699472904205
63783.68481636226,0.17089399695396423
63783.75134675652,0.17089000344276428
63783.81787715078,0.17090199887752533
63783.88440754503,0.17092299461364746
63783.95093793929,0.17093199491500854
63784.01746833355,0.17093999683856964
63784.0839987278,0.1709360033273697
63784.15052912206,0.17095300555229187
63784.21705951632,0.170974001288414
63784.28358991057,0.17095699906349182
63784.35012030483,0.17097799479961395
63784.41665069909,0.1709820032119751
63784.48318109334,0.1709440052509308
63784.5497114876,0.1709280014038086
63784.61624188186,0.1709109991788864
63784.68277227611,0.1709360033273697
63784.74930267037,0.17096099257469177
63784.815833064626,0.17096500098705292
63784.88236345888,0.17097799479961395
63784.948893853136,0.17099499702453613
63785.015424247395,0.17099499702453613
63785.081954641646,0.17096099257469177
63785.148485035905,0.1708730012178421
63785.21501543016,0.17078499495983124
63785.28154582442,0.17068399488925934
63785.348076218674,0.1706169992685318
63785.41460661293,0.17054100334644318
63785.48113700719,0.17047899961471558
63785.54766740144,0.17042799293994904
63785.6141977957,0.17042000591754913
63785.68072818996,0.17047399282455444
63785.74725858421,0.17058700323104858
63785.81378897847,0.17070500552654266
63785.88031937273,0.17078499495983124
63785.94684976698,0.17083099484443665
63786.01338016124,0.17083099484443665
63786.0799105555,0.1708430051803589
63786.14644094975,0.17088499665260315
63786.21297134401,0.17089399695396423
63786.27950173827,0.17087699472904205
63786.34603213252,0.17089399695396423
63786.41256252678,0.1708810031414032
63786.479092921036,0.17089399695396423
63786.54562331529,0.17089399695396423
63786.612153709546,0.17089000344276428
63786.678684103805,0.17086899280548096
63786.745214498056,0.17086400091648102
63786.811744892315,0.17086400091648102
63786.87827528657,0.17083099484443665
63786.944805680825,0.17083099484443665
63787.011336075084,0.17083099484443665
63787.07786646934,0.17084799706935883
63787.144396863594,0.17088499665260315
63787.21092725785,0.17089399695396423
63787.27745765211,0.17090199887752533
63787.34398804636,0.17089800536632538
63787.41051844062,0.17090199887752533
63787.47704883488,0.17089800536632538
63787.54357922913,0.17089399695396423
63787.61010962339,0.17085200548171997
63787.67664001765,0.17077599465847015
63787.7431704119,0.17076799273490906
63787.80970080616,0.17075499892234802
63787.87623120042,0.17080999910831451
63787.94276159467,0.17080999910831451
63788.00929198893,0.17083099484443665
63788.07582238319,0.17084799706935883
63788.14235277744,0.17086400091648102
63788.2088831717,0.17085200548171997
63788.275413565956,0.17085200548171997
63788.34194396021,0.17086899280548096
63788.408474354466,0.17086899280548096
63788.475004748725,0.17086899280548096
63788.54153514298,0.17086400091648102
63788.608065537235,0.17085599899291992
63788.674595931494,0.17087699472904205
63788.74112632575,0.17085599899291992
63788.807656720004,0.17085599899291992
63788.87418711426,0.17087699472904205
63788.94071750852,0.17088499665260315
63789.00724790277,0.17089800536632538
63789.07377829703,0.17089399695396423
63789.14030869129,0.17090600728988647
63789.20683908554,0.17091499269008636
63789.2733694798,0.1709109991788864
63789.33989987406,0.17093199491500854
63789.40643026831,0.17093999683856964
63789.47296066257,0.17093999683856964
63789.53949105683,0.1709360033273697
63789.60602145108,0.1709360033273697
63789.67255184534,0.17093999683856964
63789.7390822396,0.17096099257469177
63789.80561263385,0.170974001288414
63789.87214302811,0.1709820032119751
63789.938673422366,0.17097799479961395
63790.00520381662,0.17097799479961395
63790.07173421088,0.17097799479961395
63790.138264605135,0.17096999287605286
63790.20479499939,0.17095699906349182
63790.271325393645,0.17097799479961395
63790.337855787904,0.17097799479961395
63790.404386182156,0.17097799479961395
63790.470916576414,0.17100299894809723
63790.53744697067,0.17100299894809723
63790.603977364925,0.17101599276065826
63790.67050775918,0.17101599276065826
63790.73703815344,0.1710200011730194
63790.80356854769,0.1710290014743805
63790.87009894195,0.17104999721050262
63790.93662933621,0.17105799913406372
63791.00315973046,0.17105799913406372
63791.06969012472,0.17106199264526367
63791.13622051898,0.17104999721050262
63791.20275091323,0.17104099690914154
63791.26928130749,0.17104500532150269
63791.33581170175,0.17106199264526367
63791.402342096,0.17107099294662476
63791.46887249026,0.1710750013589859
63791.53540288452,0.17109599709510803
63791.60193327877,0.171083003282547
63791.66846367303,0.1710750013589859
63791.73499406729,0.17106199264526367
63791.80152446154,0.17109599709510803
63791.8680548558,0.17109599709510803
63791.934585250056,0.17107899487018585
63792.00111564431,0.17107099294662476
63792.067646038566,0.17106600105762482
63792.134176432824,0.17106199264526367
63792.200706827076,0.17106199264526367
63792.267237221335,0.17105799913406372
63792.33376761559,0.17106199264526367
63792.40029800985,0.1710750013589859
63792.4668284041,0.17105799913406372
63792.53335879836,0.17105799913406372
63792.59988919262,0.17105799913406372
63792.66641958687,0.17106199264526367
63792.73294998113,0.17106199264526367
63792.79948037539,0.17104999721050262
63792.86601076964,0.17106600105762482
63792.9325411639,0.1710750013589859
63792.99907155816,0.17106600105762482
63793.06560195241,0.17107899487018585
63793.13213234667,0.171083003282547
63793.19866274093,0.17106199264526367
63793.26519313518,0.17107099294662476
63793.33172352944,0.171083003282547
63793.3982539237,0.17109599709510803
63793.46478431795,0.17110399901866913
63793.53131471221,0.17110000550746918
63793.597845106466,0.17110399901866913
63793.66437550072,0.17109599709510803
63793.730905894976,0.17110399901866913
63793.797436289235,0.17110399901866913
63793.863966683486,0.17110900580883026
63793.930497077745,0.17110000550746918
63793.997027472,0.17109599709510803
63794.063557866255,0.171083003282547
63794.130088260514,0.171083003282547
63794.19661865477,0.171083003282547
63794.263149049024,0.171083003282547
63794.32967944328,0.17108799517154694
63794.39620983754,0.17108799517154694
63794.46274023179,0.17110000550746918
63794.52927062605,0.17109599709510803
63794.59580102031,0.17110000550746918
63794.66233141456,0.17111699283123016
63794.72886180882,0.1711380034685135
63794.79539220308,0.17112599313259125
63794.86192259733,0.1711300015449524
63794.92845299159,0.1711210012435913
63794.99498338585,0.17112599313259125
63795.0615137801,0.17112599313259125
63795.12804417436,0.1711300015449524
63795.19457456862,0.17114700376987457
63795.26110496287,0.17116299271583557
63795.32763535713,0.1711679995059967
63795.394165751386,0.1711679995059967
63795.46069614564,0.1711679995059967
63795.527226539896,0.17116299271583557
63795.593756934155,0.1711679995059967
63795.66028732841,0.1711679995059967
63795.726817722665,0.17114700376987457
63795.793348116924,0.17115899920463562
63795.85987851118,0.1711679995059967
63795.926408905434,0.17117199301719666
63795.99293929969,0.1711679995059967
63796.05946969395,0.17114700376987457
63796.1260000882,0.1711679995059967
63796.19253048246,0.1711679995059967
63796.25906087672,0.17118500173091888
63796.32559127097,0.17118500173091888
63796.39212166523,0.17118899524211884
63796.45865205949,0.17120100557804108
63796.52518245374,0.17121000587940216
63796.591712848,0.17121000587940216
63796.65824324226,0.17120100557804108
63796.72477363651,0.17121000587940216
63796.79130403077,0.17121000587940216
63796.85783442503,0.17121000587940216
63796.92436481928,0.17121000587940216
63796.99089521354,0.17121000587940216
63797.057425607796,0.1712139993906021
63797.12395600205,0.1712139993906021
63797.19048639631,0.17121000587940216
63797.257016790565,0.17121000587940216
63797.32354718482,0.1712139993906021
63797.390077579075,0.1712310016155243
63797.456607973334,0.1712310016155243
63797.523138367585,0.1712139993906021
63797.589668761844,0.17120599746704102
63797.6561991561,0.17121000587940216
63797.722729550354,0.17119300365447998
63797.78925994461,0.17120100557804108
63797.85579033887,0.17119300365447998
63797.92232073312,0.17118500173091888
63797.98885112738,0.1711679995059967
63798.05538152164,0.17118500173091888
63798.12191191589,0.17118500173091888
63798.18844231015,0.17117999494075775
63798.25497270441,0.1711679995059967
63798.32150309866,0.1711679995059967
63798.38803349292,0.1711679995059967
63798.45456388718,0.1711679995059967
63798.52109428143,0.17116299271583557
63798.58762467569,0.17117999494075775
63798.65415506995,0.1711679995059967
63798.7206854642,0.1711679995059967
63798.78721585846,0.1711679995059967
63798.85374625272,0.1711679995059967
63798.92027664697,0.1711679995059967
63798.98680704123,0.17115099728107452
63799.053337435485,0.17114700376987457
63799.11986782974,0.17116299271583557
63799.186398223996,0.17117999494075775
63799.252928618254,0.17115899920463562
63799.319459012506,0.17115500569343567
63799.385989406765,0.17116299271583557
63799.45251980102,0.17118500173091888
63799.51905019528,0.17119699716567993
63799.58558058953,0.17118899524211884
63799.65211098379,0.17117999494075775
63799.71864137805,0.17118899524211884
63799.7851717723,0.1711760014295578
63799.85170216656,0.17118500173091888
63799.91823256082,0.17118899524211884
63799.98476295507,0.17120100557804108
63800.05129334933,0.17120100557804108
63800.11782374359,0.17120100557804108
63800.18435413784,0.17119699716567993
63800.2508845321,0.17120599746704102
63800.31741492636,0.17120100557804108
63800.38394532061,0.1711760014295578
63800.45047571487,0.17120599746704102
63800.51700610913,0.17121000587940216
63800.58353650338,0.17121000587940216
63800.65006689764,0.17120599746704102
63800.716597291896,0.17120100557804108
63800.78312768615,0.17121000587940216
63800.849658080406,0.17119300365447998
63800.916188474665,0.17120599746704102
63800.982718868916,0.17120599746704102
63801.049249263175,0.17119300365447998
63801.11577965743,0.17120100557804108
63801.182310051685,0.17121799290180206
63801.248840445944,0.1712139993906021
63801.3153708402,0.17120100557804108
63801.381901234454,0.17120599746704102
63801.44843162871,0.17118899524211884
63801.51496202297,0.1711760014295578
63801.58149241722,0.1711679995059967
63801.64802281148,0.17118500173091888
63801.71455320574,0.17115899920463562
63801.78108359999,0.17114700376987457
63801.84761399425,0.17115899920463562
63801.91414438851,0.17114700376987457
63801.98067478276,0.17115099728107452
63802.04720517702,0.17114700376987457
63802.11373557128,0.1711760014295578
63802.18026596553,0.17118500173091888
63802.24679635979,0.1711760014295578
63802.31332675405,0.17118899524211884
63802.3798571483,0.17118899524211884
63802.44638754256,0.17119300365447998
63802.512917936816,0.17121000587940216
63802.57944833107,0.17121000587940216
63802.645978725326,0.17121000587940216
63802.712509119585,0.1712229996919632
63802.779039513836,0.1712310016155243
63802.845569908095,0.17121799290180206
63802.912100302354,0.1712229996919632
63802.97863069661,0.17124399542808533
63803.045161090864,0.17123499512672424
63803.11169148512,0.1712310016155243
63803.17822187938,0.17121799290180206
63803.24475227363,0.17123499512672424
63803.31128266789,0.17124399542808533
63803.37781306215,0.1712310016155243
63803.4443434564,0.1712390035390854
63803.51087385066,0.17125199735164642
63803.57740424492,0.1712310016155243
63803.64393463917,0.17124399542808533
63803.71046503343,0.1712609976530075
63803.77699542769,0.17127299308776855
63803.84352582194,0.1712609976530075
63803.9100562162,0.17125600576400757
63803.97658661046,0.17124800384044647
63804.04311700471,0.1712390035390854
63804.10964739897,0.17125600576400757
63804.176177793226,0.17125199735164642
63804.24270818748,0.17125199735164642
63804.309238581736,0.17125600576400757
63804.375768975995,0.1712390035390854
63804.44229937025,0.1712310016155243
63804.508829764505,0.17123499512672424
63804.575360158764,0.17122699320316315
63804.641890553015,0.1712139993906021
63804.708420947274,0.17122699320316315
63804.77495134153,0.1712310016155243
63804.841481735784,0.1712310016155243
63804.90801213004,0.17122699320316315
63804.9745425243,0.17122699320316315
63805.04107291855,0.1712310016155243
63805.10760331281,0.17123499512672424
63805.17413370707,0.17124399542808533
63805.24066410132,0.17124399542808533
63805.30719449558,0.1712310016155243
63805.37372488984,0.17122699320316315
63805.44025528409,0.1712609976530075
63805.50678567835,0.17127299308776855
63805.57331607261,0.17125600576400757
63805.63984646686,0.17128199338912964
63805.70637686112,0.17127299308776855
63805.77290725538,0.17127299308776855
63805.83943764963,0.17127299308776855
63805.90596804389,0.17128999531269073
63805.97249843815,0.17129400372505188
63806.0390288324,0.17129400372505188
63806.10555922666,0.17127299308776855
63806.172089620915,0.17128999531269073
63806.23862001517,0.17129400372505188
63806.305150409426,0.17129400372505188
63806.371680803684,0.1712770015001297
63806.438211197936,0.17128600180149078
63806.504741592194,0.17130699753761292
63806.57127198645,0.17131100594997406
63806.63780238071,0.17129400372505188
63806.70433277496,0.17131100594997406
63806.77086316922,0.171314999461174
63806.83739356348,0.17130300402641296
63806.90392395773,0.17129400372505188
63806.97045435199,0.17129400372505188
63807.03698474625,0.17129899561405182
63807.1035151405,0.17130300402641296
63807.17004553476,0.17128999531269073
63807.23657592902,0.17129400372505188
63807.30310632327,0.17129400372505188
63807.36963671753,0.17129400372505188
63807.43616711179,0.17130300402641296
63807.50269750604,0.17129400372505188
63807.5692279003,0.17128199338912964
63807.63575829456,0.17127299308776855
63807.70228868881,0.1712689995765686
63807.76881908307,0.17126500606536865
63807.835349477326,0.17125199735164642
63807.90187987158,0.1712689995765686
63807.968410265836,0.17125199735164642
63808.034940660094,0.17125199735164642
63808.101471054346,0.17126500606536865
63808.168001448605,0.17127299308776855
63808.23453184286,0.1712770015001297
63808.301062237115,0.1712770015001297
63808.36759263137,0.1712770015001297
63808.43412302563,0.17128199338912964
63808.500653419884,0.17129400372505188
63808.56718381414,0.17128199338912964
63808.6337142084,0.17128999531269073
63808.70024460265,0.1712770015001297
63808.76677499691,0.17128600180149078
63808.83330539117,0.17129400372505188
63808.89983578542,0.17129899561405182
63808.96636617968,0.17130300402641296
63809.03289657394,0.17129400372505188
63809.09942696819,0.171314999461174
63809.16595736245,0.171314999461174
63809.23248775671,0.171314999461174
63809.29901815096,0.171314999461174
63809.36554854522,0.171314999461174
63809.43207893948,0.17132799327373505
63809.49860933373,0.17133699357509613
63809.56513972799,0.17132000625133514
63809.631670122246,0.17132799327373505
63809.6982005165,0.17133699357509613
63809.764730910756,0.17133699357509613
63809.831261305015,0.17133699357509613
63809.897791699266,0.17132799327373505
63809.964322093525,0.17132799327373505
63810.030852487784,0.171314999461174
63810.09738288204,0.17132799327373505
63810.163913276294,0.1713239997625351
63810.23044367055,0.17132799327373505
63810.29697406481,0.1713320016860962
63810.36350445906,0.1713320016860962
63810.43003485332,0.17133699357509613
63810.49656524758,0.1713239997625351
63810.56309564183,0.171314999461174
63810.62962603609,0.171314999461174
63810.69615643035,0.171314999461174
63810.7626868246,0.171314999461174
63810.82921721886,0.17130300402641296
63810.89574761312,0.17130300402641296
63810.96227800737,0.17129400372505188
63811.02880840163,0.17130300402641296
63811.09533879589,0.17129400372505188
63811.16186919014,0.17130699753761292
63811.2283995844,0.171314999461174
63811.294929978656,0.17130699753761292
63811.36146037291,0.17128999531269073
63811.427990767166,0.17128999531269073
63811.494521161425,0.17129400372505188
63811.56105155568,0.17129400372505188
63811.627581949935,0.17129899561405182
63811.694112344194,0.17130699753761292
63811.760642738445,0.1713239997625351
63811.827173132704,0.17133699357509613
63811.89370352696,0.17135800421237946
63811.960233921214,0.17134499549865723
63812.02676431547,0.1713539958000183
63812.09329470973,0.17134900391101837
63812.15982510398,0.17137500643730164
63812.22635549824,0.17136600613594055
63812.2928858925,0.1713619977235794
63812.35941628675,0.17135800421237946
63812.42594668101,0.1713619977235794
63812.49247707527,0.1713619977235794
63812.55900746952,0.17137500643730164
63812.62553786378,0.1713789999485016
63812.69206825804,0.17137500643730164
63812.75859865229,0.1713789999485016
63812.82512904655,0.1713619977235794
63812.89165944081,0.17135800421237946
63812.95818983506,0.17136600613594055
63813.02472022932,0.1713789999485016
63813.091250623576,0.17137500643730164
63813.15778101783,0.17136600613594055
63813.22431141209,0.17138299345970154
63813.290841806345,0.17137500643730164
63813.3573722006,0.17135800421237946
63813.423902594855,0.17135800421237946
63813.490432989114,0.17135800421237946
63813.556963383366,0.17135800421237946
63813.623493777624,0.1713539958000183
63813.69002417188,0.17134900391101837
63813.75655456614,0.1713539958000183
63813.82308496039,0.17134100198745728
63813.88961535465,0.1713539958000183
63813.95614574891,0.1713239997625351
63814.02267614316,0.171314999461174
63814.08920653742,0.171314999461174
63814.15573693168,0.171314999461174
63814.22226732593,0.17128999531269073
63814.28879772019,0.17128199338912964
63814.35532811445,0.17129400372505188
63814.4218585087,0.1712770015001297
63814.48838890296,0.17129400372505188
63814.55491929722,0.17129400372505188
63814.62144969147,0.17130300402641296
63814.68798008573,0.171314999461174
63814.75451047999,0.171314999461174
63814.82104087424,0.171314999461174
63814.8875712685,0.1713320016860962
63814.954101662755,0.17134900391101837
63815.02063205701,0.1713539958000183
63815.087162451266,0.17134499549865723
63815.153692845524,0.17135800421237946
63815.220223239776,0.17135800421237946
63815.286753634035,0.1713619977235794
63815.35328402829,0.17135800421237946
63815.419814422545,0.1713699996471405
63815.4863448168,0.1713789999485016
63815.55287521106,0.17138299345970154
63815.619405605314,0.17140400409698486
63815.68593599957,0.1714089959859848
63815.75246639383,0.17139999568462372
63815.81899678808,0.17139999568462372
63815.88552718234,0.17142100632190704
63815.9520575766,0.17139999568462372
63816.01858797085,0.17139999568462372
63816.08511836511,0.1714089959859848
63816.15164875937,0.17139999568462372
63816.21817915362,0.17138299345970154
63816.28470954788,0.17140400409698486
63816.35123994214,0.17139999568462372
63816.41777033639,0.17139999568462372
63816.48430073065,0.17140400409698486
63816.55083112491,0.17142100632190704
63816.61736151916,0.17142100632190704
63816.68389191342,0.17142100632190704
63816.750422307676,0.1714089959859848
63816.81695270193,0.17138299345970154
63816.883483096186,0.17139199376106262
63816.950013490445,0.17139999568462372
63817.016543884696,0.17138700187206268
63817.083074278955,0.17138700187206268
63817.14960467321,0.1713789999485016
63817.21613506747,0.1713699996471405
63817.282665461724,0.17135800421237946
63817.34919585598,0.1713699996471405
63817.41572625024,0.1713619977235794
63817.48225664449,0.17134900391101837
63817.54878703875,0.1713320016860962
63817.61531743301,0.1713239997625351
63817.68184782726,0.17133699357509613
63817.74837822152,0.17133699357509613
63817.81490861578,0.1713239997625351
63817.88143901003,0.17132000625133514
63817.94796940429,0.171314999461174
63818.01449979855,0.17130699753761292
63818.0810301928,0.1713239997625351
63818.14756058706,0.17128999531269073
63818.21409098132,0.17128600180149078
63818.28062137557,0.17129400372505188
63818.34715176983,0.17128999531269073
63818.413682164086,0.1712770015001297
63818.48021255834,0.17129400372505188
63818.546742952596,0.17128999531269073
63818.613273346855,0.171314999461174
63818.679803741106,0.17129899561405182
63818.746334135365,0.171314999461174
63818.812864529624,0.171314999461174
63818.879394923875,0.17131100594997406
63818.945925318134,0.171314999461174
63819.01245571239,0.17130300402641296
63819.078986106644,0.17129400372505188
63819.1455165009,0.17129400372505188
63819.21204689516,0.17130699753761292
63819.27857728941,0.17129899561405182
63819.34510768367,0.17132000625133514
63819.41163807793,0.17134499549865723
63819.47816847218,0.1713539958000183
63819.54469886644,0.17136600613594055
63819.6112292607,0.1713699996471405
63819.67775965495,0.1713789999485016
63819.74429004921,0.1713789999485016
63819.81082044347,0.17139600217342377
63819.87735083772,0.1714089959859848
63819.94388123198,0.17140400409698486
63820.01041162624,0.17142100632190704
63820.07694202049,0.17143400013446808
63820.14347241475,0.17144200205802917
63820.210002809006,0.1714469939470291
63820.27653320326,0.17147600650787354
63820.34306359752,0.1714719980955124
63820.409593991775,0.17147600650787354
63820.47612438603,0.17147600650787354
63820.542654780285,0.1714719980955124
63820.609185174544,0.17146800458431244
63820.675715568796,0.17148500680923462
63820.742245963054,0.17150600254535675
63820.80877635731,0.17150600254535675
63820.87530675157,0.17149700224399567
63820.94183714582,0.17149700224399567
63821.00836754008,0.1715019941329956
63821.07489793434,0.17149700224399567
63821.14142832859,0.17148900032043457
63821.20795872285,0.17149299383163452
63821.27448911711,0.17148500680923462
63821.34101951136,0.17148500680923462
63821.40754990562,0.17148500680923462
63821.47408029988,0.17148500680923462
63821.54061069413,0.1715019941329956
63821.60714108839,0.17151899635791779
63821.67367148265,0.17152300477027893
63821.7402018769,0.171547994017601
63821.80673227116,0.171547994017601
63821.87326266542,0.171547994017601
63821.93979305967,0.171547994017601
63822.00632345393,0.171547994017601
63822.072853848185,0.17155300080776215
63822.13938424244,0.17156900465488434
63822.205914636696,0.1715569943189621
63822.272445030954,0.1715649962425232
63822.338975425206,0.17157399654388428
63822.405505819464,0.17156900465488434
63822.47203621372,0.1715649962425232
63822.538566607975,0.1715569943189621
63822.60509700223,0.1715649962425232
63822.67162739649,0.1715569943189621
63822.73815779074,0.17156100273132324
63822.804688185,0.171547994017601
63822.87121857926,0.171547994017601
63822.93774897351,0.17155300080776215
63823.00427936777,0.1715649962425232
63823.07080976203,0.17156900465488434
63823.13734015628,0.17156900465488434
63823.20387055054,0.17156900465488434
63823.2704009448,0.17156900465488434
63823.33693133905,0.17156900465488434
63823.40346173331,0.17156900465488434
63823.46999212757,0.17156900465488434
63823.53652252182,0.17156100273132324
63823.60305291608,0.1715569943189621
63823.66958331034,0.17156100273132324
63823.73611370459,0.17153100669384003
63823.80264409885,0.17152699828147888
63823.869174493106,0.17153599858283997
63823.93570488736,0.17154400050640106
63824.002235281616,0.1715569943189621
63824.068765675875,0.17156900465488434
63824.135296070126,0.17157800495624542
63824.201826464385,0.17157399654388428
63824.26835685864,0.17158199846744537
63824.3348872529,0.17158600687980652
63824.401417647154,0.1715950071811676
63824.46794804141,0.17160800099372864
63824.53447843567,0.1716119945049286
63824.60100882992,0.17162500321865082
63824.66753922418,0.17163300514221191
63824.73406961844,0.17163300514221191
63824.80060001269,0.17163300514221191
63824.86713040695,0.171642005443573
63824.93366080121,0.171642005443573
63825.00019119546,0.1716500073671341
63825.06672158972,0.17165400087833405
63825.13325198398,0.17166699469089508
63825.19978237823,0.17166300117969513
63825.26631277249,0.17167599499225616
63825.33284316675,0.17167599499225616
63825.399373561,0.17167599499225616
63825.46590395526,0.17167599499225616
63825.532434349516,0.1716970056295395
63825.59896474377,0.17169199883937836
63825.665495138026,0.17169199883937836
63825.732025532285,0.1716970056295395
63825.798555926536,0.1716970056295395
63825.865086320795,0.17169199883937836
63825.931616715054,0.1716970056295395
63825.998147109305,0.17170099914073944
63826.064677503564,0.1716970056295395
63826.13120789782,0.17170900106430054
63826.197738292074,0.17172199487686157
63826.26426868633,0.17171800136566162
63826.33079908059,0.17170099914073944
63826.39732947484,0.17169199883937836
63826.4638598691,0.1716970056295395
63826.53039026336,0.1716970056295395
63826.59692065761,0.17167599499225616
63826.66345105187,0.17167599499225616
63826.72998144613,0.17167599499225616
63826.79651184038,0.17167599499225616
63826.86304223464,0.17167599499225616
63826.9295726289,0.17166300117969513
63826.99610302315,0.17165899276733398
63827.06263341741,0.17167599499225616
63827.12916381167,0.17167599499225616
63827.19569420592,0.17167599499225616
63827.26222460018,0.17167599499225616
63827.328754994436,0.17167599499225616
63827.39528538869,0.1716800034046173
63827.461815782946,0.17169199883937836
63827.528346177205,0.17171800136566162
63827.59487657146,0.17172199487686157
63827.661406965715,0.17174799740314484
63827.727937359974,0.17176899313926697
63827.794467754225,0.1717820018529892
63827.860998148484,0.17181600630283356
63827.92752854274,0.1718280017375946
63827.994058936994,0.17184999585151672
63828.06058933125,0.17188799381256104
63828.12711972551,0.17190499603748322
63828.19365011977,0.17192600667476654
63828.26018051402,0.17194800078868866
63828.32671090828,0.1719519942998886
63828.39324130254,0.17196500301361084
63828.45977169679,0.17198200523853302
63828.52630209105,0.1719769984483719
63828.59283248531,0.1720069944858551
63828.65936287956,0.17203299701213837
63828.72589327382,0.17203299701213837
63828.79242366808,0.1720370054244995
63828.85895406233,0.1720460057258606
63828.92548445659,0.1720539927482605
63828.992014850846,0.17207099497318268
63829.0585452451,0.1720840036869049
63829.12507563936,0.17207999527454376
63829.191606033615,0.17207999527454376
63829.25813642787,0.17208799719810486
63829.324666822125,0.1721010059118271
63829.391197216384,0.1721010059118271
63829.457727610636,0.17210499942302704
63829.524258004894,0.17212200164794922
63829.59078839915,0.17212200164794922
63829.657318793405,0.17212699353694916
63829.72384918766,0.17212200164794922
63829.79037958192,0.17213499546051025
63829.85690997617,0.1721390038728714
63829.92344037043,0.17212200164794922
63829.98997076469,0.17212200164794922
63830.05650115894,0.17212200164794922
63830.1230315532,0.1721310019493103
63830.18956194746,0.17211799323558807
63830.25609234171,0.1721010059118271
63830.32262273597,0.17212200164794922
63830.38915313023,0.1721010059118271
63830.45568352448,0.17210499942302704
63830.52221391874,0.1720840036869049
63830.588744313,0.17205800116062164
63830.65527470725,0.17206299304962158
63830.72180510151,0.17207999527454376
63830.78833549577,0.17207999527454376
63830.85486589002,0.17207999527454376
63830.92139628428,0.17206299304962158
63830.987926678536,0.17204099893569946
63831.05445707279,0.17204099893569946
63831.120987467046,0.17205800116062164
63831.187517861305,0.17206299304962158
63831.254048255556,0.17207999527454376
63831.320578649815,0.17207999527454376
63831.38710904407,0.17207999527454376
63831.45363943833,0.17208799719810486
63831.52016983258,0.1721010059118271
63831.58670022684,0.1721010059118271
63831.6532306211,0.1721010059118271
63831.71976101535,0.172092005610466
63831.78629140961,0.17208799719810486
63831.85282180387,0.17207999527454376
63831.91935219812,0.1721010059118271
63831.98588259238,0.17207999527454376
63832.05241298664,0.17210499942302704
63832.11894338089,0.1721010059118271
63832.18547377515,0.17212200164794922
63832.25200416941,0.17211399972438812
63832.31853456366,0.17212200164794922
63832.38506495792,0.17211399972438812
63832.45159535218,0.17211799323558807
63832.51812574643,0.17212200164794922
63832.58465614069,0.17211000621318817
63832.651186534946,0.17211399972438812
63832.7177169292,0.1721010059118271
63832.784247323456,0.1721010059118271
63832.850777717715,0.1721010059118271
63832.917308111966,0.1721010059118271
63832.983838506225,0.1720840036869049
63833.05036890048,0.172092005610466
63833.116899294735,0.1721010059118271
63833.183429688994,0.1721010059118271
63833.24996008325,0.17209699749946594
63833.316490477504,0.17207999527454376
63833.38302087176,0.17207999527454376
63833.44955126602,0.17207999527454376
63833.51608166027,0.17207999527454376
63833.58261205453,0.17207999527454376
63833.64914244879,0.17207500338554382
63833.71567284304,0.17205800116062164
63833.7822032373,0.1720460057258606
63833.84873363156,0.1720539927482605
63833.91526402581,0.17205800116062164
63833.98179442007,0.17205800116062164
63834.04832481433,0.17205800116062164
63834.11485520858,0.1720370054244995
63834.18138560284,0.1720539927482605
63834.2479159971,0.17204999923706055
63834.31444639135,0.17204999923706055
63834.38097678561,0.17204099893569946
63834.447507179866,0.17204099893569946
63834.51403757412,0.17203299701213837
63834.580567968376,0.17204099893569946
63834.647098362635,0.17203299701213837
63834.71362875689,0.17203299701213837
63834.780159151145,0.1720159947872162
63834.846689545404,0.1720460057258606
63834.913219939655,0.1720460057258606
63834.979750333914,0.17206299304962158
63835.04628072817,0.17206299304962158
63835.112811122424,0.17207099497318268
63835.17934151668,0.17205800116062164
63835.24587191094,0.17207099497318268
63835.3124023052,0.17207500338554382
63835.37893269945,0.17207099497318268
63835.44546309371,0.17206700146198273
63835.51199348797,0.17206700146198273
63835.57852388222,0.17207500338554382
63835.64505427648,0.17206299304962158
63835.71158467074,0.17207999527454376
63835.77811506499,0.17207999527454376
63835.84464545925,0.17207999527454376
63835.91117585351,0.1720840036869049
63835.97770624776,0.1721010059118271
63836.04423664202,0.17211000621318817
63836.110767036276,0.17211000621318817
63836.17729743053,0.17211399972438812
63836.24382782479,0.1721010059118271
63836.310358219045,0.1721010059118271
63836.3768886133,0.1721010059118271
63836.443419007555,0.17210499942302704
63836.509949401814,0.17211799323558807
63836.576479796066,0.17210499942302704
63836.643010190324,0.1721010059118271
63836.70954058458,0.17211799323558807
63836.776070978834,0.1721010059118271
63836.84260137309,0.1721010059118271
63836.90913176735,0.1721010059118271
63836.9756621616,0.17210499942302704
63837.04219255586,0.1721010059118271
63837.10872295012,0.1721010059118271
63837.17525334437,0.17208799719810486
63837.24178373863,0.17207500338554382
63837.30831413289,0.17207999527454376
63837.37484452714,0.17207500338554382
63837.4413749214,0.17205800116062164
63837.50790531566,0.17205800116062164
63837.57443570991,0.17205800116062164
63837.64096610417,0.17205800116062164
63837.70749649843,0.17205800116062164
63837.77402689268,0.17205800116062164
63837.84055728694,0.17205800116062164
63837.9070876812,0.17205800116062164
63837.97361807545,0.17205800116062164
63838.04014846971,0.17205800116062164
63838.106678863965,0.17204999923706055
63838.17320925822,0.1720370054244995
63838.239739652476,0.1720370054244995
63838.306270046734,0.17203299701213837
63838.372800440986,0.1720370054244995
63838.439330835245,0.17203299701213837
63838.5058612295,0.1720370054244995
63838.57239162376,0.17202800512313843
63838.63892201801,0.17203299701213837
63838.70545241227,0.17202800512313843
63838.77198280653,0.1720159947872162
63838.83851320078,0.17202000319957733
63838.90504359504,0.1720159947872162
63838.9715739893,0.1720159947872162
63839.03810438355,0.1720159947872162
63839.10463477781,0.17202000319957733
63839.17116517207,0.1720159947872162
63839.23769556632,0.1720159947872162
63839.30422596058,0.1720159947872162
63839.37075635484,0.1720159947872162
63839.43728674909,0.17202000319957733
63839.50381714335,0.17201100289821625
63839.57034753761,0.1720159947872162
63839.63687793186,0.17201100289821625
63839.70340832612,0.17201100289821625
63839.769938720376,0.17200300097465515
63839.83646911463,0.17199400067329407
63839.902999508886,0.1720069944858551
63839.969529903145,0.1720069944858551
63840.036060297396,0.17202000319957733
63840.102590691655,0.17202800512313843
63840.16912108591,0.1720460057258606
63840.235651480165,0.1720370054244995
63840.302181874424,0.1720370054244995
63840.36871226868,0.17205800116062164
63840.435242662934,0.17207999527454376
63840.50177305719,0.1720840036869049
63840.56830345145,0.1721010059118271
63840.6348338457,0.1720840036869049
63840.70136423996,0.17209699749946594
63840.76789463422,0.17210499942302704
63840.83442502847,0.17211000621318817
63840.90095542273,0.17210499942302704
63840.96748581699,0.17212200164794922
63841.03401621124,0.17211399972438812
63841.1005466055,0.17212200164794922
63841.16707699976,0.17212200164794922
63841.23360739401,0.17212200164794922
63841.30013778827,0.17212699353694916
63841.36666818253,0.17212699353694916
63841.43319857678,0.17212200164794922
63841.49972897104,0.17212200164794922
63841.566259365296,0.17211399972438812
63841.63278975955,0.17211799323558807
63841.699320153806,0.17211399972438812
63841.765850548065,0.17211799323558807
63841.83238094232,0.1721010059118271
63841.898911336575,0.17211000621318817
63841.965441730834,0.1721010059118271
63842.031972125085,0.1721010059118271
63842.098502519344,0.17209699749946594
63842.1650329136,0.17209699749946594
63842.231563307854,0.17209699749946594
63842.29809370211,0.172092005610466
63842.36462409637,0.1720840036869049
63842.43115449063,0.17207999527454376
63842.49768488488,0.17207999527454376
63842.56421527914,0.17207999527454376
63842.6307456734,0.17207099497318268
63842.69727606765,0.17206299304962158
63842.76380646191,0.1720370054244995
63842.83033685617,0.17203299701213837
63842.89686725042,0.17204099893569946
63842.96339764468,0.1720370054244995
63843.02992803894,0.1720370054244995
63843.09645843319,0.17204999923706055
63843.16298882745,0.1720460057258606
63843.229519221706,0.17203299701213837
63843.29604961596,0.1720370054244995
63843.362580010216,0.17204999923706055
63843.429110404475,0.17205800116062164
63843.49564079873,0.17205800116062164
63843.562171192985,0.17207500338554382
63843.628701587244,0.17207500338554382
63843.695231981495,0.1720840036869049
63843.761762375754,0.17207999527454376
63843.82829277001,0.17206700146198273
63843.894823164264,0.17207999527454376
63843.96135355852,0.1720840036869049
63844.02788395278,0.17207999527454376
63844.09441434703,0.1720840036869049
63844.16094474129,0.1721010059118271
63844.22747513555,0.1721010059118271
63844.2940055298,0.17211000621318817
63844.36053592406,0.17211799323558807
63844.42706631832,0.1721010059118271
63844.49359671257,0.1721010059118271
63844.56012710683,0.17208799719810486
63844.62665750109,0.17208799719810486
63844.69318789534,0.17210499942302704
63844.7597182896,0.17211399972438812
63844.82624868386,0.17210499942302704
63844.89277907811,0.1721010059118271
63844.95930947237,0.17212200164794922
63845.02583986663,0.17210499942302704
63845.09237026088,0.1721010059118271
63845.15890065514,0.1721010059118271
63845.225431049395,0.17211399972438812
63845.29196144365,0.17212200164794922
63845.358491837906,0.17212200164794922
63845.425022232164,0.17211799323558807
63845.491552626416,0.17209699749946594
63845.558083020675,0.172092005610466
63845.62461341493,0.1721010059118271
63845.691143809185,0.17208799719810486
63845.75767420344,0.17207999527454376
63845.8242045977,0.1720840036869049
63845.89073499196,0.17207099497318268
63845.95726538621,0.17205800116062164
63846.02379578047,0.17205800116062164
63846.09032617473,0.17205800116062164
63846.15685656898,0.1720460057258606
63846.22338696324,0.17206299304962158
63846.2899173575,0.17207500338554382
63846.35644775175,0.17207999527454376
63846.42297814601,0.17207999527454376
63846.48950854027,0.17208799719810486
63846.55603893452,0.17207999527454376
63846.62256932878,0.172092005610466
63846.68909972304,0.1720840036869049
63846.75563011729,0.17207999527454376
63846.82216051155,0.17207999527454376
63846.888690905806,0.17208799719810486
63846.95522130006,0.1721010059118271
63847.021751694316,0.1721010059118271
63847.088282088574,0.17211399972438812
63847.154812482826,0.17212200164794922
63847.221342877085,0.17212200164794922
63847.28787327134,0.17212200164794922
63847.354403665595,0.17211399972438812
63847.42093405985,0.172092005610466
63847.48746445411,0.1721010059118271
63847.553994848364,0.17213499546051025
63847.62052524262,0.17212200164794922
63847.68705563688,0.17211799323558807
63847.75358603113,0.17211799323558807
63847.82011642539,0.17212200164794922
63847.88664681965,0.17212200164794922
63847.9531772139,0.17213499546051025
63848.01970760816,0.17212200164794922
63848.08623800242,0.17211799323558807
63848.15276839667,0.17213499546051025
63848.21929879093,0.17213499546051025
63848.28582918519,0.17212200164794922
63848.35235957944,0.17210499942302704
63848.4188899737,0.17211399972438812
63848.48542036796,0.17212200164794922
63848.55195076221,0.17212200164794922
63848.61848115647,0.17212200164794922
63848.685011550726,0.17212200164794922
63848.75154194498,0.17212200164794922
63848.818072339236,0.17214800417423248
63848.884602733495,0.17215600609779358
63848.951133127746,0.1721390038728714
63849.017663522005,0.1721390038728714
63849.084193916264,0.17214399576187134
63849.150724310515,0.17214399576187134
63849.217254704774,0.17216099798679352
63849.28378509903,0.17215600609779358
63849.350315493284,0.17213499546051025
63849.41684588754,0.17212200164794922
63849.4833762818,0.17212699353694916
63849.54990667606,0.17212699353694916
63849.61643707031,0.17212699353694916
63849.68296746457,0.1721390038728714
63849.74949785883,0.17214399576187134
63849.81602825308,0.17214800417423248
63849.88255864734,0.17214399576187134
63849.9490890416,0.17213499546051025
63850.01561943585,0.17212200164794922
63850.08214983011,0.17212699353694916
63850.14868022437,0.17214399576187134
63850.21521061862,0.17212699353694916
63850.28174101288,0.17213499546051025
63850.348271407136,0.17214399576187134
63850.41480180139,0.17215199768543243
63850.481332195646,0.17216099798679352
63850.547862589905,0.17215600609779358
63850.61439298416,0.17214800417423248
63850.680923378415,0.17214399576187134
63850.747453772674,0.17214399576187134
63850.813984166925,0.17214399576187134
63850.880514561184,0.17214399576187134
63850.94704495544,0.17216099798679352
63851.013575349694,0.17216899991035461
63851.08010574395,0.17216500639915466
63851.14663613821,0.17216500639915466
63851.21316653246,0.1721780002117157
63851.27969692672,0.1721860021352768
63851.34622732098,0.1721860021352768
63851.41275771523,0.17219899594783783
63851.47928810949,0.1722079962491989
63851.54581850375,0.1722079962491989
63851.612348898,0.1722079962491989
63851.67887929226,0.17221200466156006
63851.74540968652,0.1722249984741211
63851.81194008077,0.17222900688648224
63851.87847047503,0.17221200466156006
63851.94500086929,0.17222900688648224
63852.01153126354,0.17222900688648224
63852.0780616578,0.17222000658512115
63852.14459205206,0.1722079962491989
63852.21112244631,0.1722079962491989
63852.27765284057,0.17222000658512115
63852.344183234825,0.17222900688648224
63852.41071362908,0.17222900688648224
63852.477244023336,0.17222900688648224
63852.543774417594,0.17223800718784332
63852.610304811846,0.1722330003976822
63852.676835206104,0.17221599817276
63852.74336560036,0.1722079962491989
63852.809895994615,0.1722079962491989
63852.87642638887,0.17221200466156006
63852.94295678313,0.1722249984741211
63853.00948717739,0.1722079962491989
63853.07601757164,0.1722079962491989
63853.1425479659,0.17219500243663788
63853.20907836016,0.1722079962491989
63853.27560875441,0.17221599817276
63853.34213914867,0.1722249984741211
63853.40866954293,0.17221200466156006
63853.47519993718,0.1722079962491989
63853.54173033144,0.17222000658512115
63853.6082607257,0.1722079962491989
63853.67479111995,0.1721860021352768
63853.74132151421,0.17221599817276
63853.80785190847,0.1722079962491989
63853.87438230272,0.1721860021352768
63853.94091269698,0.1721860021352768
63854.007443091235,0.17219899594783783
63854.07397348549,0.17219099402427673
63854.140503879746,0.1721860021352768
63854.207034274004,0.17219500243663788
63854.273564668256,0.1721860021352768
63854.340095062515,0.1721860021352768
63854.40662545677,0.17217400670051575
63854.473155851025,0.17217400670051575
63854.53968624528,0.1721860021352768
63854.60621663954,0.1722079962491989
63854.672747033794,0.17221200466156006
63854.73927742805,0.17221200466156006
63854.80580782231,0.17222000658512115
63854.87233821656,0.17222900688648224
63854.93886861082,0.17222900688648224
63855.00539900508,0.17224599421024323
63855.07192939933,0.17225000262260437
63855.13845979359,0.1722549945116043
63855.20499018785,0.17225900292396545
63855.2715205821,0.1722719967365265
63855.33805097636,0.17227999866008759
63855.40458137062,0.17229300737380981
63855.47111176487,0.1722719967365265
63855.53764215913,0.1722629964351654
63855.60417255339,0.17226700484752655
63855.67070294764,0.17226700484752655
63855.7372333419,0.1722549945116043
63855.803763736156,0.1722719967365265
63855.87029413041,0.17228500545024872
63855.936824524666,0.17227600514888763
63856.003354918925,0.1722719967365265
63856.069885313176,0.17227999866008759
63856.136415707435,0.17227999866008759
63856.202946101694,0.17229300737380981
63856.269476495945,0.17229700088500977
63856.336006890204,0.1723099946975708
63856.40253728446,0.17231500148773193
63856.469067678714,0.1723400056362152
63856.53559807297,0.17233599722385406
63856.60212846723,0.17232699692249298
63856.66865886149,0.17232699692249298
63856.73518925574,0.17232699692249298
63856.80171965,0.17235299944877625
63856.86825004426,0.1723569929599762
63856.93478043851,0.1723790019750595
63857.00131083277,0.1723569929599762
63857.06784122703,0.17236199975013733
63857.13437162128,0.1723870038986206
63857.20090201554,0.17240400612354279
63857.2674324098,0.1723960041999817
63857.33396280405,0.1723790019750595
63857.40049319831,0.1723790019750595
63857.467023592566,0.17239199578762054
63857.53355398682,0.17241699993610382
63857.600084381076,0.17242099344730377
63857.666614775335,0.17241300642490387
63857.733145169586,0.17239999771118164
63857.799675563845,0.17239999771118164
63857.866205958104,0.17239999771118164
63857.932736352355,0.17239999771118164
63857.999266746614,0.1723960041999817
63858.06579714087,0.17241300642490387
63858.132327535124,0.17239999771118164
63858.19885792938,0.17240400612354279
63858.26538832364,0.17239999771118164
63858.33191871789,0.17241300642490387
63858.39844911215,0.17241300642490387
63858.46497950641,0.17237000167369843
63858.53150990066,0.1723790019750595
63858.59804029492,0.1723790019750595
63858.66457068918,0.1723790019750595
63858.73110108343,0.17238299548625946
63858.79763147769,0.17239199578762054
63858.86416187195,0.1723790019750595
63858.9306922662,0.17237399518489838
63858.99722266046,0.1723790019750595
63859.06375305472,0.1723870038986206
63859.13028344897,0.17238299548625946
63859.19681384323,0.17236599326133728
63859.263344237486,0.17237000167369843
63859.32987463174,0.1723569929599762
63859.396405026,0.17238299548625946
63859.462935420255,0.17238299548625946
63859.52946581451,0.1723870038986206
63859.595996208765,0.17239199578762054
63859.662526603024,0.17240899801254272
63859.729056997276,0.1724260002374649
63859.795587391534,0.17243899405002594
63859.86211778579,0.17243899405002594
63859.928648180045,0.17244300246238708
63859.9951785743,0.17242999374866486
63860.06170896856,0.1724260002374649
63860.12823936282,0.17244300246238708
63860.19476975707,0.17244300246238708
63860.26130015133,0.17245599627494812
63860.32783054559,0.17245599627494812
63860.39436093984,0.17244300246238708
63860.4608913341,0.17246000468730927
63860.52742172836,0.17246399819850922
63860.59395212261,0.17247700691223145
63860.66048251687,0.17246399819850922
63860.72701291113,0.17246399819850922
63860.79354330538,0.17246900498867035
63860.86007369964,0.17248600721359253
63860.9266040939,0.17249399423599243
63860.99313448815,0.17248600721359253
63861.05966488241,0.17247700691223145
63861.126195276665,0.1724810004234314
63861.19272567092,0.17249399423599243
63861.259256065176,0.17248600721359253
63861.325786459434,0.17246900498867035
63861.392316853686,0.17247700691223145
63861.458847247945,0.17247700691223145
63861.5253776422,0.17249000072479248
63861.591908036455,0.17250299453735352
63861.65843843071,0.1724729984998703
63861.72496882497,0.1724810004234314
63861.79149921922,0.17248600721359253
63861.85802961348,0.17246900498867035
63861.92456000774,0.17248600721359253
63861.99109040199,0.17246399819850922
63862.05762079625,0.1724729984998703
63862.12415119051,0.1724810004234314
63862.19068158476,0.17247700691223145
63862.25721197902,0.1724729984998703
63862.32374237328,0.17246399819850922
63862.39027276753,0.17246000468730927
63862.45680316179,0.17247700691223145
63862.52333355605,0.17249000072479248
63862.5898639503,0.17249900102615356
63862.65639434456,0.17248600721359253
63862.72292473882,0.17248600721359253
63862.78945513307,0.17249000072479248
63862.85598552733,0.1725109964609146
63862.922515921586,0.17251600325107574
63862.98904631584,0.17250299453735352
63863.055576710096,0.17249900102615356
63863.122107104355,0.17250700294971466
63863.188637498606,0.17250700294971466
63863.255167892865,0.17249000072479248
63863.32169828712,0.17249900102615356
63863.388228681375,0.1725199967622757
63863.454759075634,0.1725109964609146
63863.52128946989,0.17250700294971466
63863.587819864144,0.17250700294971466
63863.6543502584,0.17250700294971466
63863.72088065266,0.17251600325107574
63863.78741104692,0.17250700294971466
63863.85394144117,0.17250700294971466
63863.92047183543,0.17251600325107574
63863.98700222969,0.1725109964609146
63864.05353262394,0.17251600325107574
63864.1200630182,0.1725109964609146
63864.18659341246,0.17250700294971466
63864.25312380671,0.1725199967622757
63864.31965420097,0.17249900102615356
63864.38618459523,0.17249000072479248
63864.45271498948,0.17249399423599243
63864.51924538374,0.17253699898719788
63864.585775777996,0.17252899706363678
63864.65230617225,0.17249399423599243
63864.718836566506,0.17251600325107574
63864.785366960765,0.17251600325107574
63864.851897355016,0.1725109964609146
63864.918427749275,0.17248600721359253
63864.984958143534,0.17247700691223145
63865.051488537785,0.17247700691223145
63865.118018932044,0.17250700294971466
63865.1845493263,0.17250299453735352
63865.251079720554,0.17250700294971466
63865.31761011481,0.17249000072479248
63865.38414050907,0.17250700294971466
63865.45067090332,0.1725109964609146
63865.51720129758,0.17252400517463684
63865.58373169184,0.17253300547599792
63865.65026208609,0.17252899706363678
63865.71679248035,0.17254100739955902
63865.78332287461,0.1725499927997589
63865.84985326886,0.17254100739955902
63865.91638366312,0.17254599928855896
63865.98291405738,0.1725669950246811
63866.04944445163,0.1725669950246811
63866.11597484589,0.17258399724960327
63866.18250524015,0.17257599532604218
63866.2490356344,0.17258000373840332
63866.31556602866,0.17258399724960327
63866.382096422916,0.17258399724960327
63866.44862681717,0.17259299755096436
63866.51515721143,0.1725970059633255
63866.581687605685,0.17260999977588654
63866.64821799994,0.17260099947452545
63866.714748394195,0.1726139932870865
63866.781278788454,0.17260600626468658
63866.847809182706,0.17260099947452545
63866.914339576964,0.17261900007724762
63866.98086997122,0.17261900007724762
63867.047400365474,0.17262299358844757
63867.11393075973,0.17264899611473083
63867.18046115399,0.17266599833965302
63867.24699154825,0.1726830005645752
63867.3135219425,0.17270000278949738
63867.38005233676,0.1726830005645752
63867.44658273102,0.17267900705337524
63867.51311312527,0.17268699407577515
63867.57964351953,0.17270900309085846
63867.64617391379,0.17271700501441956
63867.71270430804,0.1727219969034195
63867.7792347023,0.17273899912834167
63867.84576509656,0.17274299263954163
63867.91229549081,0.17276500165462494
63867.97882588507,0.1727519929409027
63868.04535627933,0.1727519929409027
63868.11188667358,0.17276500165462494
63868.17841706784,0.17278200387954712
63868.244947462095,0.17277300357818604
63868.31147785635,0.17276500165462494
63868.378008250605,0.17278599739074707
63868.444538644864,0.17279000580310822
63868.511069039116,0.17278599739074707
63868.577599433374,0.1727689951658249
63868.64412982763,0.17278599739074707
63868.710660221885,0.17279000580310822
63868.77719061614,0.17280800640583038
63868.8437210104,0.17280800640583038
63868.91025140465,0.17280800640583038
63868.97678179891,0.1727990061044693
63869.04331219317,0.1727990061044693
63869.10984258742,0.17280800640583038
63869.17637298168,0.17281199991703033
63869.24290337594,0.1727990061044693
63869.30943377019,0.17279499769210815
63869.37596416445,0.17280299961566925
63869.44249455871,0.17280800640583038
63869.50902495296,0.17281599342823029
63869.57555534722,0.17280299961566925
63869.64208574148,0.17278599739074707
63869.70861613573,0.17278599739074707
63869.77514652999,0.17279000580310822
63869.84167692425,0.17278599739074707
63869.9082073185,0.17278599739074707
63869.97473771276,0.17278599739074707
63870.041268107016,0.17278599739074707
63870.10779850127,0.17278599739074707
63870.174328895526,0.1727990061044693
63870.240859289785,0.17279499769210815
63870.307389684036,0.1727990061044693
63870.373920078295,0.1727990061044693
63870.44045047255,0.17280800640583038
63870.506980866805,0.17281599342823029
63870.573511261064,0.17281599342823029
63870.64004165532,0.17281599342823029
63870.706572049574,0.17283299565315247
63870.77310244383,0.17283299565315247
63870.83963283809,0.17282499372959137
63870.90616323235,0.17285099625587463
63870.9726936266,0.17284199595451355
63871.03922402086,0.1728380024433136
63871.10575441512,0.17286400496959686
63871.17228480937,0.17287200689315796
63871.23881520363,0.17285099625587463
63871.30534559789,0.17284199595451355
63871.37187599214,0.17285899817943573
63871.4384063864,0.17288100719451904
63871.50493678066,0.17287200689315796
63871.57146717491,0.17286799848079681
63871.63799756917,0.17287200689315796
63871.704527963426,0.172885000705719
63871.77105835768,0.17288100719451904
63871.837588751936,0.17288100719451904
63871.904119146195,0.17289400100708008
63871.970649540446,0.17289400100708008
63872.037179934705,0.17290200293064117
63872.103710328964,0.17292000353336334
63872.170240723215,0.17292800545692444
63872.236771117474,0.17292800545692444
63872.30330151173,0.1729319989681244
63872.369831905984,0.1729149967432022
63872.43636230024,0.17289799451828003
63872.5028926945,0.172885000705719
63872.56942308875,0.17287200689315796
63872.63595348301,0.17286799848079681
63872.70248387727,0.17287200689315796
63872.76901427152,0.17286799848079681
63872.83554466578,0.17285099625587463
63872.90207506004,0.17284199595451355
63872.96860545429,0.17283299565315247
63873.03513584855,0.17285099625587463
63873.10166624281,0.1728460043668747
63873.16819663706,0.17285500466823578
63873.23472703132,0.17286400496959686
63873.30125742558,0.17285099625587463
63873.36778781983,0.1728460043668747
63873.43431821409,0.17285099625587463
63873.500848608346,0.17285899817943573
63873.5673790026,0.1728460043668747
63873.633909396856,0.17285099625587463
63873.700439791115,0.17285099625587463
63873.76697018537,0.17285099625587463
63873.833500579625,0.17286799848079681
63873.900030973884,0.17287200689315796
63873.966561368135,0.17288100719451904
63874.033091762394,0.17289400100708008
63874.09962215665,0.17291100323200226
63874.166152550904,0.17292000353336334
63874.23268294516,0.1729239970445633
63874.29921333942,0.17293700575828552
63874.36574373368,0.17294099926948547
63874.43227412793,0.1729319989681244
63874.49880452219,0.17294499278068542
63874.56533491645,0.17294099926948547
63874.6318653107,0.17294999957084656
63874.69839570496,0.1729319989681244
63874.76492609922,0.17293700575828552
63874.83145649347,0.17294999957084656
63874.89798688773,0.17297600209712982
63874.96451728199,0.17297600209712982
63875.03104767624,0.17297999560832977
63875.0975780705,0.17297600209712982
63875.164108464756,0.17297999560832977
63875.23063885901,0.1730010062456131
63875.29716925327,0.1730010062456131
63875.363699647525,0.1730010062456131
63875.43023004178,0.1730010062456131
63875.496760436035,0.1730010062456131
63875.563290830294,0.1730010062456131
63875.629821224546,0.17300599813461304
63875.696351618804,0.1730010062456131
63875.76288201306,0.17299699783325195
63875.829412407315,0.17300599813461304
63875.89594280157,0.17298799753189087
63875.96247319583,0.17298400402069092
63876.02900359008,0.17298799753189087
63876.09553398434,0.17297999560832977
63876.1620643786,0.17300599813461304
63876.22859477285,0.1730010062456131
63876.29512516711,0.17297999560832977
63876.36165556137,0.17297600209712982
63876.42818595562,0.17295800149440765
63876.49471634988,0.17297999560832977
63876.56124674414,0.17295800149440765
63876.62777713839,0.17295800149440765
63876.69430753265,0.17296700179576874
63876.76083792691,0.1729629933834076
63876.82736832116,0.17295800149440765
63876.89389871542,0.17294499278068542
63876.96042910968,0.17294499278068542
63877.02695950393,0.17294499278068542
63877.09348989819,0.17296700179576874
63877.160020292446,0.17295800149440765
63877.2265506867,0.1729539930820465
63877.293081080956,0.17293700575828552
63877.359611475214,0.17293700575828552
63877.426141869466,0.17293700575828552
63877.492672263725,0.17292800545692444
63877.55920265798,0.1729149967432022
63877.625733052235,0.1729149967432022
63877.69226344649,0.1729149967432022
63877.75879384075,0.17289400100708008
63877.825324235004,0.17290200293064117
63877.89185462926,0.17289799451828003
63877.95838502352,0.17290200293064117
63878.02491541777,0.1729149967432022
63878.09144581203,0.17289799451828003
63878.15797620629,0.17290200293064117
63878.22450660055,0.17289400100708008
63878.2910369948,0.17289400100708008
63878.35756738906,0.17289400100708008
63878.42409778332,0.17289400100708008
63878.49062817757,0.17289799451828003
63878.55715857183,0.17291100323200226
63878.62368896609,0.1729149967432022
63878.69021936034,0.17288899421691895
63878.7567497546,0.17290200293064117
63878.823280148856,0.1729149967432022
63878.88981054311,0.17292000353336334
63878.956340937366,0.17294099926948547
63879.022871331625,0.17293700575828552
63879.089401725876,0.1729239970445633
63879.155932120135,0.17292800545692444
63879.22246251439,0.1729539930820465
63879.288992908645,0.17295800149440765
63879.355523302904,0.17294999957084656
63879.42205369716,0.1729539930820465
63879.488584091414,0.17297600209712982
63879.55511448567,0.17296700179576874
63879.62164487993,0.17295800149440765
63879.68817527418,0.17297600209712982
63879.75470566844,0.17297600209712982
63879.8212360627,0.17296700179576874
63879.88776645695,0.17298799753189087
63879.95429685121,0.172993004322052
63880.02082724547,0.17299699783325195
63880.08735763972,0.17297600209712982
63880.15388803398,0.1729709953069687
63880.22041842824,0.17297999560832977
63880.28694882249,0.17297999560832977
63880.35347921675,0.17298400402069092
63880.42000961101,0.172993004322052
63880.48654000526,0.17298400402069092
63880.55307039952,0.17297600209712982
63880.619600793776,0.172993004322052
63880.68613118803,0.17297600209712982
63880.752661582286,0.1729709953069687
63880.819191976545,0.1729709953069687
63880.8857223708,0.17297999560832977
63880.952252765055,0.17297999560832977
63881.018783159314,0.1729629933834076
63881.085313553565,0.17295800149440765
63881.151843947824,0.17294499278068542
63881.21837434208,0.17294999957084656
63881.284904736334,0.17293700575828552
63881.35143513059,0.17294499278068542
63881.41796552485,0.17294499278068542
63881.48449591911,0.17293700575828552
63881.55102631336,0.17294099926948547
63881.61755670762,0.17294099926948547
63881.68408710188,0.17294499278068542
63881.75061749613,0.17294499278068542
63881.81714789039,0.17294099926948547
63881.88367828465,0.1729319989681244
63881.9502086789,0.1729239970445633
63882.01673907316,0.1729319989681244
63882.08326946742,0.17293700575828552
63882.14979986167,0.17293700575828552
63882.21633025593,0.17293700575828552
63882.282860650186,0.17293700575828552
63882.34939104444,0.17293700575828552
63882.4159214387,0.17294999957084656
63882.482451832955,0.17294499278068542
63882.54898222721,0.1729629933834076
63882.615512621465,0.17298799753189087
63882.682043015724,0.1730010062456131
63882.748573409976,0.17298799753189087
63882.815103804234,0.17298400402069092
63882.88163419849,0.17297999560832977
63882.948164592744,0.17297600209712982
63883.014694987,0.172993004322052
63883.08122538126,0.17297999560832977
63883.14775577551,0.17297999560832977
63883.21428616977,0.1729709953069687
63883.28081656403,0.1729709953069687
63883.34734695828,0.17297999560832977
63883.41387735254,0.17297999560832977
63883.4804077468,0.17299699783325195
63883.54693814105,0.17299699783325195
63883.61346853531,0.17297999560832977
63883.67999892957,0.17297999560832977
63883.74652932382,0.17298799753189087
63883.81305971808,0.1730010062456131
63883.87959011234,0.17302300035953522
63883.94612050659,0.17302300035953522
63884.01265090085,0.17301000654697418
63884.07918129511,0.17298400402069092
63884.14571168936,0.17296700179576874
63884.21224208362,0.17297999560832977
63884.278772477875,0.17297600209712982
63884.34530287213,0.17297999560832977
63884.411833266386,0.17298400402069092
63884.478363660644,0.172993004322052
63884.544894054896,0.17301000654697418
63884.611424449155,0.17302300035953522
63884.67795484341,0.17302300035953522
63884.744485237665,0.17302699387073517
63884.81101563192,0.17302699387073517
63884.87754602618,0.17301400005817413
63884.944076420434,0.17303599417209625
63885.01060681469,0.17304499447345734
63885.07713720895,0.17304499447345734
63885.1436676032,0.17304499447345734
63885.21019799746,0.17305700480937958
63885.27672839172,0.17306199669837952
63885.34325878598,0.17306600511074066
63885.40978918023,0.17306600511074066
63885.47631957449,0.17306600511074066
63885.54284996875,0.17308300733566284
63885.609380363,0.17308300733566284
63885.67591075726,0.17308799922466278
63885.74244115152,0.17308799922466278
63885.80897154577,0.17308799922466278
63885.87550194003,0.17308799922466278
63885.942032334286,0.1730789989233017
63886.00856272854,0.1730789989233017
63886.075093122796,0.17308799922466278
63886.141623517055,0.17308799922466278
63886.208153911306,0.1730699986219406
63886.274684305565,0.17306199669837952
63886.34121469982,0.17306600511074066
63886.407745094075,0.17304499447345734
63886.474275488334,0.17304900288581848
63886.54080588259,0.17306199669837952
63886.607336276844,0.17307500541210175
63886.6738666711,0.17306199669837952
63886.74039706536,0.17304499447345734
63886.80692745961,0.17305700480937958
63886.87345785387,0.17306600511074066
63886.93998824813,0.17306600511074066
63887.00651864238,0.17306600511074066
63887.07304903664,0.17304499447345734
63887.1395794309,0.17304499447345734
63887.20610982515,0.17302300035953522
63887.27264021941,0.17302699387073517
63887.33917061367,0.17303599417209625
63887.40570100792,0.17302300035953522
63887.47223140218,0.17302300035953522
63887.53876179644,0.17302300035953522
63887.60529219069,0.17302300035953522
63887.67182258495,0.17301000654697418
63887.738352979206,0.1730320006608963
63887.80488337346,0.17302300035953522
63887.871413767716,0.1730400025844574
63887.937944161975,0.17304499447345734
63888.004474556226,0.17304499447345734
63888.071004950485,0.17306600511074066
63888.137535344744,0.17307500541210175
63888.204065738995,0.1730789989233017
63888.270596133254,0.17306600511074066
63888.33712652751,0.17308799922466278
63888.403656921764,0.17308799922466278
63888.47018731602,0.17308799922466278
63888.53671771028,0.17310099303722382
63888.60324810454,0.17310099303722382
63888.66977849879,0.17310500144958496
63888.73630889305,0.1731089949607849
63888.80283928731,0.1731259971857071
63888.86936968156,0.17313100397586823
63888.93590007582,0.17313100397586823
63889.00243047008,0.17312200367450714
63889.06896086433,0.17312200367450714
63889.13549125859,0.1731259971857071
63889.20202165285,0.17313100397586823
63889.2685520471,0.17313100397586823
63889.33508244136,0.17313100397586823
63889.401612835616,0.17311400175094604
63889.46814322987,0.1731259971857071
63889.534673624126,0.1731259971857071
63889.601204018385,0.17313100397586823
63889.66773441264,0.17315199971199036
63889.734264806895,0.17313100397586823
63889.800795201154,0.17312200367450714
63889.867325595405,0.17313100397586823
63889.933855989664,0.17313499748706818
63890.00038638392,0.17314399778842926
63890.066916778174,0.17315199971199036
63890.13344717243,0.1731480062007904
63890.19997756669,0.17313499748706818
63890.26650796094,0.173117995262146
63890.3330383552,0.17311400175094604
63890.39956874946,0.17309600114822388
63890.46609914371,0.17309600114822388
63890.53262953797,0.17309600114822388
63890.59915993223,0.17308799922466278
63890.66569032648,0.1730789989233017
63890.73222072074,0.17306600511074066
63890.798751115,0.1730789989233017
63890.86528150925,0.1730789989233017
63890.93181190351,0.17306199669837952
63890.99834229777,0.17306600511074066
63891.06487269202,0.17306600511074066
63891.13140308628,0.17306199669837952
63891.19793348054,0.17305299639701843
63891.26446387479,0.17304499447345734
63891.33099426905,0.17304499447345734
63891.397524663305,0.17304499447345734
63891.46405505756,0.17304499447345734
63891.530585451816,0.17305299639701843
63891.597115846074,0.1730699986219406
63891.663646240326,0.1730699986219406
63891.730176634584,0.17304900288581848
63891.79670702884,0.17306199669837952
63891.863237423095,0.17308300733566284
63891.92976781735,0.17309199273586273
63891.99629821161,0.17310500144958496
63892.06282860586,0.1731089949607849
63892.12935900012,0.17310500144958496
63892.19588939438,0.17310099303722382
63892.26241978863,0.1731089949607849
63892.32895018289,0.17312200367450714
63892.39548057715,0.17313900589942932
63892.46201097141,0.17315199971199036
63892.52854136566,0.1731570065021515
63892.59507175992,0.17317399382591248
63892.66160215418,0.17319099605083466
63892.72813254843,0.1731960028409958
63892.79466294269,0.17320899665355682
63892.86119333695,0.173225998878479
63892.9277237312,0.1732340008020401
63892.99425412546,0.173225998878479
63893.060784519716,0.17323899269104004
63893.12731491397,0.17326000332832336
63893.193845308226,0.17323899269104004
63893.260375702484,0.17325599491596222
63893.326906096736,0.17327800393104553
63893.393436490995,0.17328600585460663
63893.45996688525,0.17329899966716766
63893.526497279505,0.17330799996852875
63893.59302767376,0.17330799996852875
63893.65955806802,0.17332500219345093
63893.726088462274,0.17332500219345093
63893.79261885653,0.17332500219345093
63893.85914925079,0.17332099378108978
63893.92567964504,0.1733119934797287
63893.9922100393,0.17332500219345093
63894.05874043356,0.17333799600601196
63894.12527082781,0.17333799600601196
63894.19180122207,0.17332500219345093
63894.25833161633,0.17332500219345093
63894.32486201058,0.17332500219345093
63894.39139240484,0.17332099378108978
63894.4579227991,0.17330799996852875
63894.52445319335,0.17332999408245087
63894.59098358761,0.1733510047197342
63894.65751398187,0.17332500219345093
63894.72404437612,0.17332999408245087
63894.79057477038,0.17332999408245087
63894.857105164636,0.17332099378108978
63894.92363555889,0.17332999408245087
63894.990165953146,0.17330799996852875
63895.056696347405,0.17332099378108978
63895.123226741656,0.17332999408245087
63895.189757135915,0.17333799600601196
63895.256287530174,0.173334002494812
63895.322817924425,0.17334699630737305
63895.389348318684,0.17334699630737305
63895.45587871294,0.17336900532245636
63895.522409107194,0.1733729988336563
63895.58893950145,0.17336399853229523
63895.65546989571,0.17335599660873413
63895.72200028997,0.17336000502109528
63895.78853068422,0.17336900532245636
63895.85506107848,0.1733819991350174
63895.92159147274,0.17337700724601746
63895.98812186699,0.1733900010585785
63896.05465226125,0.17341600358486176
63896.12118265551,0.17341600358486176
63896.18771304976,0.17340700328350067
63896.25424344402,0.17340700328350067
63896.32077383828,0.1734119951725006
63896.38730423253,0.1734119951725006
63896.45383462679,0.17340299487113953
63896.520365021046,0.17340299487113953
63896.5868954153,0.17340700328350067
63896.653425809556,0.17340299487113953
63896.719956203815,0.1734119951725006
63896.78648659807,0.1734209954738617
63896.853016992325,0.17343300580978394
63896.919547386584,0.17343300580978394
63896.986077780835,0.1734289973974228
63897.052608175094,0.1734209954738617
63897.11913856935,0.17341600358486176
63897.185668963604,0.1734289973974228
63897.25219935786,0.1734289973974228
63897.31872975212,0.17342500388622284
63897.38526014637,0.1734119951725006
63897.45179054063,0.17339900135993958
63897.51832093489,0.1734209954738617
63897.58485132914,0.1734209954738617
63897.6513817234,0.17340700328350067
63897.71791211766,0.17341600358486176
63897.78444251191,0.1734119951725006
63897.85097290617,0.17343300580978394
63897.91750330043,0.17343300580978394
63897.98403369468,0.17341600358486176
63898.05056408894,0.17343300580978394
63898.1170944832,0.1734510064125061
63898.18362487745,0.17344200611114502
63898.25015527171,0.17343300580978394
63898.316685665966,0.17345499992370605
63898.38321606022,0.17344599962234497
63898.44974645448,0.1734510064125061
63898.516276848735,0.17345499992370605
63898.58280724299,0.17345499992370605
63898.649337637245,0.17343799769878387
63898.715868031504,0.17344599962234497
63898.782398425756,0.1734289973974228
63898.848928820014,0.17343300580978394
63898.91545921427,0.17343799769878387
63898.981989608525,0.1734510064125061
63899.04852000278,0.173458993434906
63899.11505039704,0.17346400022506714
63899.18158079129,0.173458993434906
63899.24811118555,0.17345499992370605
63899.31464157981,0.17345499992370605
63899.38117197406,0.17344599962234497
63899.44770236832,0.17344599962234497
63899.51423276258,0.17343300580978394
63899.58076315684,0.17343300580978394
63899.64729355109,0.17343799769878387
63899.71382394535,0.17344599962234497
63899.78035433961,0.17344599962234497
63899.84688473386,0.17343799769878387
63899.91341512812,0.17343300580978394
63899.97994552238,0.17343300580978394
63900.04647591663,0.17341600358486176
63900.11300631089,0.1734119951725006
63900.179536705145,0.17341600358486176
63900.2460670994,0.17339900135993958
63900.312597493656,0.17340299487113953
63900.379127887914,0.1733900010585785
63900.445658282166,0.1733900010585785
63900.512188676425,0.17338599264621735
63900.57871907068,0.1733900010585785
63900.645249464935,0.1733819991350174
63900.71177985919,0.17337700724601746
63900.77831025345,0.17337700724601746
63900.844840647704,0.17336900532245636
63900.91137104196,0.17337700724601746
63900.97790143622,0.17336900532245636
63901.04443183047,0.17338599264621735
63901.11096222473,0.17338599264621735
63901.17749261899,0.17340299487113953
63901.24402301324,0.17341600358486176
63901.3105534075,0.1734119951725006
63901.37708380176,0.17340700328350067
63901.44361419601,0.1734119951725006
63901.51014459027,0.1734289973974228
63901.57667498453,0.1734289973974228
63901.64320537878,0.17343300580978394
63901.70973577304,0.17343799769878387
63901.7762661673,0.17344599962234497
63901.84279656155,0.17345499992370605
63901.90932695581,0.17345499992370605
63901.975857350066,0.17346400022506714
63902.04238774432,0.17347200214862823
63902.108918138576,0.17347200214862823
63902.175448532835,0.17347200214862823
63902.241978927086,0.1734980046749115
63902.308509321345,0.1734980046749115
63902.3750397156,0.1734980046749115
63902.441570109855,0.17348100244998932
63902.508100504114,0.17347699403762817
63902.57463089837,0.17349399626255035
63902.641161292624,0.17350299656391144
63902.70769168688,0.17351600527763367
63902.77422208114,0.1735289990901947
63902.8407524754,0.1735289990901947
63902.90728286965,0.17354199290275574
63902.97381326391,0.1735289990901947
63903.04034365817,0.1735289990901947
63903.10687405242,0.17351999878883362
63903.17340444668,0.17351999878883362
63903.23993484094,0.17353299260139465
63903.30646523519,0.17353299260139465
63903.37299562945,0.17351999878883362
63903.43952602371,0.17351999878883362
63903.50605641796,0.17350700497627258
63903.57258681222,0.17351099848747253
63903.639117206476,0.17351999878883362
63903.70564760073,0.17351600527763367
63903.772177994986,0.17351999878883362
63903.838708389245,0.17351099848747253
63903.905238783496,0.17350299656391144
63903.971769177755,0.17351999878883362
63904.038299572014,0.17351600527763367
63904.104829966265,0.1734980046749115
63904.171360360524,0.1734900027513504
63904.23789075478,0.17347699403762817
63904.304421149034,0.17347200214862823
63904.37095154329,0.173458993434906
63904.43748193755,0.17345499992370605
63904.5040123318,0.17347200214862823
63904.57054272606,0.173458993434906
63904.63707312032,0.17347699403762817
63904.70360351457,0.1734900027513504
63904.77013390883,0.17347200214862823
63904.83666430309,0.1734980046749115
63904.90319469734,0.1734980046749115
63904.9697250916,0.1734900027513504
63905.03625548586,0.1734980046749115
63905.10278588011,0.17351099848747253
63905.16931627437,0.17351999878883362
63905.23584666863,0.17351999878883362
63905.30237706288,0.1735289990901947
63905.36890745714,0.17354199290275574
63905.435437851396,0.17355899512767792
63905.50196824565,0.17356400191783905
63905.56849863991,0.17355899512767792
63905.635029034165,0.17354600131511688
63905.70155942842,0.17356400191783905
63905.768089822675,0.17356400191783905
63905.834620216934,0.17356400191783905
63905.901150611186,0.17355500161647797
63905.967681005444,0.17354199290275574
63906.0342113997,0.17354600131511688
63906.100741793955,0.17354199290275574
63906.16727218821,0.17354199290275574
63906.23380258247,0.17354199290275574
63906.30033297672,0.17354199290275574
63906.36686337098,0.17355500161647797
63906.43339376524,0.17356400191783905
63906.49992415949,0.17355099320411682
63906.56645455375,0.17354199290275574
63906.63298494801,0.1735379993915558
63906.69951534227,0.17353299260139465
63906.76604573652,0.17353299260139465
63906.83257613078,0.17351999878883362
63906.89910652504,0.17351999878883362
63906.96563691929,0.17351600527763367
63907.03216731355,0.17351999878883362
63907.09869770781,0.17351999878883362
63907.16522810206,0.17352500557899475
63907.23175849632,0.17351099848747253
63907.298288890575,0.1734980046749115
63907.36481928483,0.1734980046749115
63907.431349679086,0.17349399626255035
63907.497880073344,0.17347699403762817
63907.564410467596,0.17348599433898926
63907.630940861854,0.17348599433898926
63907.69747125611,0.17347699403762817
63907.764001650365,0.17345499992370605
63907.83053204462,0.173458993434906
63907.89706243888,0.17345499992370605
63907.96359283313,0.17343799769878387
63908.03012322739,0.1734510064125061
63908.09665362165,0.17343300580978394
63908.1631840159,0.17343300580978394
63908.22971441016,0.17342500388622284
63908.29624480442,0.17341600358486176
63908.36277519867,0.1734289973974228
63908.42930559293,0.1734510064125061
63908.49583598719,0.17343300580978394
63908.56236638144,0.1734289973974228
63908.6288967757,0.17344599962234497
63908.69542716996,0.1734289973974228
63908.76195756421,0.1734119951725006
63908.82848795847,0.1734289973974228
63908.89501835273,0.17343300580978394
63908.96154874698,0.1734510064125061
63909.02807914124,0.173458993434906
63909.094609535496,0.17345499992370605
63909.16113992975,0.17346400022506714
63909.227670324006,0.17347699403762817
63909.294200718265,0.17347200214862823
63909.360731112516,0.17348100244998932
63909.427261506775,0.17347699403762817
63909.49379190103,0.17347200214862823
63909.560322295285,0.17349399626255035
63909.626852689544,0.17351600527763367
63909.6933830838,0.1734980046749115
63909.759913478054,0.1734980046749115
63909.82644387231,0.1734980046749115
63909.89297426657,0.17351099848747253
63909.95950466083,0.17350700497627258
63910.02603505508,0.17350299656391144
63910.09256544934,0.17351999878883362
63910.1590958436,0.1734980046749115
63910.22562623785,0.1734980046749115
63910.29215663211,0.1734980046749115
63910.35868702637,0.17350700497627258
63910.42521742062,0.17352500557899475
63910.49174781488,0.17351600527763367
63910.55827820914,0.1734980046749115
63910.62480860339,0.17349399626255035
63910.69133899765,0.1734900027513504
63910.757869391906,0.17350299656391144
63910.82439978616,0.17350299656391144
63910.890930180416,0.17350299656391144
63910.957460574675,0.1734980046749115
63911.023990968926,0.17349399626255035
63911.090521363185,0.1734980046749115
63911.157051757444,0.17348599433898926
63911.223582151695,0.17348100244998932
63911.290112545954,0.1734980046749115
63911.35664294021,0.17349399626255035
63911.423173334464,0.17347699403762817
63911.48970372872,0.17347699403762817
63911.55623412298,0.1734679937362671
63911.62276451723,0.1734679937362671
63911.68929491149,0.17345499992370605
63911.75582530575,0.17343300580978394
63911.8223557,0.17343799769878387
63911.88888609426,0.17344200611114502
63911.95541648852,0.17343300580978394
63912.02194688277,0.17343300580978394
63912.08847727703,0.17341600358486176
63912.15500767129,0.1734119951725006
63912.22153806554,0.1734119951725006
63912.2880684598,0.17339900135993958
63912.35459885406,0.17337700724601746
63912.42112924831,0.17337700724601746
63912.48765964257,0.1734119951725006
63912.554190036826,0.17340299487113953
63912.62072043108,0.17340299487113953
63912.68725082534,0.17339900135993958
63912.753781219595,0.1733900010585785
63912.82031161385,0.1733900010585785
63912.886842008105,0.1733900010585785
63912.953372402364,0.1733900010585785
63913.019902796615,0.17339499294757843
63913.086433190874,0.17339499294757843
63913.15296358513,0.1734119951725006
63913.219493979384,0.17341600358486176
63913.28602437364,0.1734209954738617
63913.3525547679,0.17343300580978394
63913.41908516215,0.17343300580978394
63913.48561555641,0.17344200611114502
63913.55214595067,0.17343300580978394
63913.61867634492,0.17343799769878387
63913.68520673918,0.17345499992370605
63913.75173713344,0.17345499992370605
63913.8182675277,0.17344200611114502
63913.88479792195,0.17343300580978394
63913.95132831621,0.17343300580978394
63914.01785871047,0.1734510064125061
63914.08438910472,0.17343799769878387
63914.15091949898,0.1734510064125061
63914.217449893236,0.17345499992370605
63914.28398028749,0.17345499992370605
63914.35051068175,0.17345499992370605
63914.417041076005,0.17347699403762817
63914.48357147026,0.17347699403762817
63914.550101864515,0.17347200214862823
63914.616632258774,0.17347699403762817
63914.683162653026,0.1734679937362671
63914.749693047284,0.17346400022506714
63914.81622344154,0.17345499992370605
63914.882753835795,0.17347699403762817
63914.94928423005,0.17348599433898926
63915.01581462431,0.1734980046749115
63915.08234501856,0.17351099848747253
63915.14887541282,0.17351999878883362
63915.21540580708,0.17351999878883362
63915.28193620133,0.17351600527763367
63915.34846659559,0.17350299656391144
63915.41499698985,0.17351999878883362
63915.4815273841,0.17350700497627258
63915.54805777836,0.17350700497627258
63915.61458817262,0.17351600527763367
63915.68111856687,0.17350700497627258
63915.74764896113,0.1734980046749115
63915.81417935539,0.17350700497627258
63915.88070974964,0.1734980046749115
63915.9472401439,0.1734980046749115
63916.01377053816,0.17350700497627258
63916.08030093241,0.17350299656391144
63916.14683132667,0.1734980046749115
63916.213361720926,0.17349399626255035
63916.27989211518,0.17348599433898926
63916.346422509436,0.1734980046749115
63916.412952903695,0.1734900027513504
63916.479483297946,0.1734900027513504
63916.546013692205,0.17346400022506714
63916.61254408646,0.17347699403762817
63916.679074480715,0.17347200214862823
63916.745604874974,0.17347699403762817
63916.81213526923,0.17347699403762817
63916.878665663484,0.17347699403762817
63916.94519605774,0.17347200214862823
63917.011726452,0.173458993434906
63917.07825684626,0.17344599962234497
63917.14478724051,0.17343799769878387
63917.21131763477,0.17343300580978394
63917.27784802903,0.17343300580978394
63917.34437842328,0.17343300580978394
63917.41090881754,0.17340700328350067
63917.4774392118,0.1733900010585785
63917.54396960605,0.17340299487113953
63917.61050000031,0.17339499294757843
63917.67703039457,0.1733900010585785
63917.74356078882,0.1733819991350174
63917.81009118308,0.1733729988336563
63917.876621577336,0.1733510047197342
63917.94315197159,0.17337700724601746
63918.009682365846,0.17338599264621735
63918.076212760105,0.17336900532245636
63918.142743154356,0.1733729988336563
63918.209273548615,0.17336900532245636
63918.27580394287,0.17336000502109528
63918.342334337125,0.17334699630737305
63918.408864731384,0.1733510047197342
63918.47539512564,0.1733729988336563
63918.541925519894,0.1733819991350174
63918.60845591415,0.17336000502109528
63918.67498630841,0.17336000502109528
63918.74151670266,0.1733819991350174
63918.80804709692,0.17336900532245636
63918.87457749118,0.17335599660873413
63918.94110788543,0.17336399853229523
63919.00763827969,0.1733819991350174
63919.07416867395,0.1733900010585785
63919.1406990682,0.17339499294757843
63919.20722946246,0.1733900010585785
63919.27375985672,0.17339499294757843
63919.34029025097,0.17339499294757843
63919.40682064523,0.17339499294757843
63919.47335103949,0.1733900010585785
63919.53988143374,0.17341600358486176
63919.606411828,0.17343300580978394
63919.672942222256,0.1734209954738617
63919.73947261651,0.17340700328350067
63919.806003010766,0.17340299487113953
63919.872533405025,0.17342500388622284
63919.93906379928,0.17342500388622284
63920.005594193535,0.17340700328350067
63920.072124587794,0.17340299487113953
63920.138654982045,0.17339499294757843
63920.205185376304,0.17338599264621735
63920.27171577056,0.1733900010585785
63920.338246164814,0.17339499294757843
63920.40477655907,0.17339900135993958
63920.47130695333,0.17339900135993958
63920.53783734758,0.17340299487113953
63920.60436774184,0.1733900010585785
63920.6708981361,0.17339900135993958
63920.73742853035,0.1733819991350174
63920.80395892461,0.17336900532245636
63920.87048931887,0.17336900532245636
63920.93701971312,0.17336900532245636
63921.00355010738,0.17334699630737305
63921.07008050164,0.17335599660873413
63921.1366108959,0.17334699630737305
63921.20314129015,0.173334002494812
63921.26967168441,0.17332500219345093
63921.336202078666,0.17332500219345093
63921.40273247292,0.17333799600601196
63921.46926286718,0.17334699630737305
63921.535793261435,0.17334699630737305
63921.60232365569,0.17334699630737305
63921.668854049945,0.1733510047197342
63921.735384444204,0.1733510047197342
63921.801914838456,0.1733510047197342
63921.868445232714,0.17335599660873413
63921.93497562697,0.1733729988336563
63922.001506021224,0.1733729988336563
63922.06803641548,0.1733900010585785
63922.13456680974,0.17339900135993958
63922.20109720399,0.17340299487113953
63922.26762759825,0.17339900135993958
63922.33415799251,0.17340700328350067
63922.40068838676,0.17341600358486176
63922.46721878102,0.1734209954738617
63922.53374917528,0.1734209954738617
63922.60027956953,0.17343300580978394
63922.66680996379,0.17343799769878387
63922.73334035805,0.17343300580978394
63922.7998707523,0.1734289973974228
63922.86640114656,0.1734209954738617
63922.93293154082,0.1734209954738617
63922.99946193507,0.1734119951725006
63923.06599232933,0.1734289973974228
63923.13252272359,0.17342500388622284
63923.19905311784,0.17341600358486176
63923.2655835121,0.1734289973974228
63923.332113906356,0.17342500388622284
63923.39864430061,0.1734289973974228
63923.465174694866,0.17343300580978394
63923.531705089124,0.1734289973974228
63923.598235483376,0.17343300580978394
63923.664765877635,0.17343300580978394
63923.73129627189,0.17342500388622284
63923.797826666145,0.1734209954738617
63923.8643570604,0.1734119951725006
63923.93088745466,0.1734119951725006
63923.997417848914,0.17341600358486176
63924.06394824317,0.1734119951725006
63924.13047863743,0.17340700328350067
63924.19700903169,0.17340700328350067
63924.26353942594,0.1734289973974228
63924.3300698202,0.17343300580978394
63924.39660021446,0.1734289973974228
63924.46313060871,0.1734209954738617
63924.52966100297,0.1734209954738617
63924.59619139723,0.1734289973974228
63924.66272179148,0.17343300580978394
63924.72925218574,0.17344599962234497
63924.79578258,0.17345499992370605
63924.86231297425,0.173458993434906
63924.92884336851,0.17345499992370605
63924.995373762766,0.1734900027513504
63925.06190415702,0.1734980046749115
63925.128434551276,0.1734900027513504
63925.194964945535,0.17350700497627258
63925.261495339786,0.17352500557899475
63925.328025734045,0.17354199290275574
63925.3945561283,0.17355500161647797
63925.461086522555,0.17356400191783905
63925.527616916814,0.17359000444412231
63925.59414731107,0.1735980063676834
63925.660677705324,0.1735980063676834
63925.72720809958,0.17361100018024445
63925.79373849384,0.17362000048160553
63925.86026888809,0.1736290007829666
63925.92679928235,0.1736290007829666
63925.99332967661,0.17364999651908875
63926.05986007086,0.17365500330924988
63926.12639046512,0.17367200553417206
63926.19292085938,0.1736849993467331
63926.25945125363,0.17368899285793304
63926.32598164789,0.17370200157165527
63926.39251204215,0.1737159937620163
63926.4590424364,0.1737239956855774
63926.52557283066,0.17373700439929962
63926.59210322492,0.17376300692558289
63926.65863361917,0.17378099262714386
63926.72516401343,0.17376300692558289
63926.791694407686,0.17378099262714386
63926.85822480194,0.17377200722694397
63926.924755196196,0.17381100356578827
63926.991285590455,0.17382000386714935
63927.05781598471,0.17381100356578827
63927.124346378965,0.17383700609207153
63927.190876773224,0.1738629937171936
63927.257407167475,0.17386800050735474
63927.323937561734,0.17387600243091583
63927.39046795599,0.17386800050735474
63927.456998350244,0.17388500273227692
63927.5235287445,0.17392399907112122
63927.59005913876,0.17396800220012665
63927.65658953301,0.17398500442504883
63927.72311992727,0.174003005027771
63927.78965032153,0.17399799823760986
63927.85618071578,0.17398099601268768
63927.92271111004,0.1739719957113266
63927.9892415043,0.17398999631404877
63928.05577189855,0.174003005027771
63928.12230229281,0.17402899265289307
63928.18883268707,0.17405100166797638
63928.25536308133,0.17408999800682068
63928.32189347558,0.17408999800682068
63928.38842386984,0.17408600449562073
63928.454954264096,0.174112007021904
63928.52148465835,0.17412100732326508
63928.588015052606,0.17414699494838715
63928.654545446865,0.17416900396347046
63928.72107584112,0.1741729974746704
63928.787606235375,0.1742040067911148
63928.854136629634,0.17423899471759796
63928.920667023885,0.17427800595760345
63928.987197418144,0.17427800595760345
63929.0537278124,0.17427800595760345
63929.120258206654,0.1742819994688034
63929.18678860091,0.1742600053548813
63929.25331899517,0.1742430031299591
63929.31984938942,0.1742819994688034
63929.38637978368,0.17431700229644775
63929.45291017794,0.17430900037288666
63929.51944057219,0.1743219941854477
63929.58597096645,0.1743829995393753
63929.65250136071,0.17440900206565857
63929.71903175496,0.1744219958782196
63929.78556214922,0.17443600296974182
63929.85209254348,0.174453005194664
63929.91862293773,0.17447499930858612
63929.98515333199,0.17447100579738617
63930.05168372625,0.17447899281978607
63930.1182141205,0.17451399564743042
63930.18474451476,0.17450599372386932
63930.25127490902,0.1743919998407364
63930.31780530327,0.17436499893665314
63930.38433569753,0.174453005194664
63930.450866091785,0.1745319962501526
63930.51739648604,0.17458899319171906
63930.583926880296,0.17460200190544128
63930.650457274554,0.17460699379444122
63930.716987668806,0.17462000250816345
63930.783518063065,0.17463700473308563
63930.85004845732,0.1746239960193634
63930.916578851575,0.17461499571800232
63930.98310924583,0.1746719926595688
63931.04963964009,0.17473800480365753
63931.116170034344,0.17471200227737427
63931.1827004286,0.17472100257873535
63931.24923082286,0.1747339963912964
63931.31576121711,0.1747249960899353
63931.38229161137,0.17473800480365753
63931.44882200563,0.17473000288009644
63931.51535239989,0.17474700510501862
63931.58188279414,0.1748259961605072
63931.6484131884,0.17484800517559052
63931.71494358266,0.17488400638103485
63931.78147397691,0.17487500607967377
63931.84800437117,0.17492300271987915
63931.91453476543,0.17500700056552887
63931.98106515968,0.1751130074262619
63932.04759555394,0.1751749962568283
63932.114125948196,0.1752229928970337
63932.18065634245,0.175246000289917
63932.247186736706,0.17526300251483917
63932.313717130965,0.1753070056438446
63932.380247525216,0.17532099783420563
63932.446777919475,0.175368994474411
63932.51330831373,0.1754000037908554
63932.579838707985,0.17541800439357758
63932.64636910224,0.17546699941158295
63932.7128994965,0.17552000284194946
63932.779429890754,0.17555099725723267
63932.84596028501,0.1755560040473938
63932.91249067927,0.17559599876403809
63932.97902107352,0.17560899257659912
63933.04555146778,0.17562200129032135
63933.11208186204,0.17565299570560455
63933.17861225629,0.1756799966096878
63933.24514265055,0.17569300532341003
63933.31167304481,0.17572900652885437
63933.37820343906,0.17576900124549866
63933.44473383332,0.17579999566078186
63933.51126422758,0.17578700184822083
63933.57779462183,0.17579099535942078
63933.64432501609,0.1758130043745041
63933.71085541035,0.1757960021495819
63933.7773858046,0.175805002450943
63933.84391619886,0.17581799626350403
63933.910446593116,0.1758359968662262
63933.97697698737,0.1758670061826706
63934.043507381626,0.1758890002965927
63934.110037775885,0.1757819950580597
63934.176568170136,0.17568400502204895
63934.243098564395,0.17563599348068237
63934.309628958654,0.17563100159168243
63934.376159352905,0.17560499906539917
63934.442689747164,0.17557799816131592
63934.50922014142,0.17556899785995483
63934.575750535674,0.17555999755859375
63934.64228092993,0.1755329966545105
63934.70881132419,0.17551599442958832
63934.77534171844,0.17548899352550507
63934.8418721127,0.17543600499629974
63934.90840250696,0.17535200715065002
63934.97493290121,0.1753070056438446
63935.04146329547,0.1752679944038391
63935.10799368973,0.175246000289917
63935.17452408398,0.1752150058746338
63935.24105447824,0.17517000436782837
63935.3075848725,0.17513500154018402
63935.37411526676,0.17509999871253967
63935.44064566101,0.1750909984111786
63935.50717605527,0.17506000399589539
63935.573706449526,0.17503799498081207
63935.64023684378,0.175028994679451
63935.706767238036,0.17503799498081207
63935.773297632295,0.1750510036945343
63935.83982802655,0.1750510036945343
63935.906358420805,0.17507299780845642
63935.972888815064,0.17507299780845642
63936.039419209315,0.17507299780845642
63936.105949603574,0.17507299780845642
63936.17247999783,0.17508600652217865
63936.239010392084,0.17509500682353973
63936.30554078634,0.17509500682353973
63936.3720711806,0.17510400712490082
63936.43860157485,0.17509500682353973
63936.50513196911,0.1751130074262619
63936.57166236337,0.17511700093746185
63936.63819275762,0.17509999871253967
63936.70472315188,0.1751219928264618
63936.77125354614,0.17513899505138397
63936.83778394039,0.17513500154018402
63936.90431433465,0.1751219928264618
63936.97084472891,0.17513899505138397
63937.03737512316,0.17513899505138397
63937.10390551742,0.17513099312782288
63937.17043591168,0.17509999871253967
63937.23696630593,0.17509500682353973
63937.30349670019,0.17511700093746185
63937.37002709445,0.17509500682353973
63937.4365574887,0.17509500682353973
63937.50308788296,0.17509500682353973
63937.569618277215,0.17510400712490082
63937.63614867147,0.17509999871253967
63937.702679065726,0.17509500682353973
63937.769209459984,0.17507800459861755
63937.835739854236,0.17506000399589539
63937.902270248494,0.17506399750709534
63937.96880064275,0.17505599558353424
63938.035331037005,0.17504200339317322
63938.10186143126,0.17504699528217316
63938.16839182552,0.175028994679451
63938.23492221977,0.175028994679451
63938.30145261403,0.175028994679451
63938.36798300829,0.17504200339317322
63938.43451340254,0.175028994679451
63938.5010437968,0.17502500116825104
63938.56757419106,0.175028994679451
63938.63410458532,0.175028994679451
63938.70063497957,0.17502500116825104
63938.76716537383,0.175028994679451
63938.83369576809,0.17502500116825104
63938.90022616234,0.1750199943780899
63938.9667565566,0.17499400675296783
63939.03328695086,0.1749889999628067
63939.09981734511,0.17498500645160675
63939.16634773937,0.17500700056552887
63939.232878133625,0.17500700056552887
63939.29940852788,0.175028994679451
63939.365938922136,0.175028994679451
63939.432469316394,0.175028994679451
63939.498999710646,0.17500700056552887
63939.565530104905,0.17499800026416779
63939.63206049916,0.17499800026416779
63939.698590893415,0.17499800026416779
63939.76512128767,0.17500700056552887
63939.83165168193,0.17500700056552887
63939.898182076184,0.17501099407672882
63939.96471247044,0.17501099407672882
63940.0312428647,0.17501600086688995
63940.09777325895,0.17503400146961212
63940.16430365321,0.17503400146961212
63940.23083404747,0.17503400146961212
63940.29736444172,0.17504699528217316
63940.36389483598,0.1750510036945343
63940.43042523024,0.17506399750709534
63940.49695562449,0.17506399750709534
63940.56348601875,0.17505599558353424
63940.63001641301,0.17506000399589539
63940.69654680726,0.17505599558353424
63940.76307720152,0.17506900429725647
63940.82960759578,0.17507299780845642
63940.89613799003,0.17507299780845642
63940.96266838429,0.17508600652217865
63941.029198778546,0.17510400712490082
63941.0957291728,0.17509999871253967
63941.162259567056,0.17510899901390076
63941.228789961315,0.17511700093746185
63941.295320355566,0.17509500682353973
63941.361850749825,0.17509500682353973
63941.428381144084,0.17512600123882294
63941.494911538335,0.1751130074262619
63941.561441932594,0.17511700093746185
63941.62797232685,0.17511700093746185
63941.694502721104,0.17511700093746185
63941.76103311536,0.17511700093746185
63941.82756350962,0.1751130074262619
63941.89409390387,0.17512600123882294
63941.96062429813,0.17513899505138397
63942.02715469239,0.17511700093746185
63942.09368508664,0.1751130074262619
63942.1602154809,0.17513899505138397
63942.22674587516,0.1751440018415451
63942.29327626941,0.17514799535274506
63942.35980666367,0.1751440018415451
63942.42633705793,0.1751440018415451
63942.49286745219,0.17514799535274506
63942.55939784644,0.17513899505138397
63942.6259282407,0.17513899505138397
63942.692458634956,0.17513099312782288
63942.75898902921,0.17511700093746185
63942.825519423466,0.17510899901390076
63942.892049817725,0.17509999871253967
63942.95858021198,0.17509999871253967
63943.025110606235,0.17509500682353973
63943.091641000494,0.17510899901390076
63943.158171394745,0.17510400712490082
63943.224701789004,0.1750909984111786
63943.29123218326,0.17509500682353973
63943.357762577514,0.1750819981098175
63943.42429297177,0.17507299780845642
63943.49082336603,0.17506900429725647
63943.55735376028,0.17507800459861755
63943.62388415454,0.1750819981098175
63943.6904145488,0.17509500682353973
63943.75694494305,0.17509999871253967
63943.82347533731,0.17509999871253967
63943.89000573157,0.17509500682353973
63943.95653612582,0.1750819981098175
63944.02306652008,0.1750909984111786
63944.08959691434,0.17507299780845642
63944.15612730859,0.17508600652217865
63944.22265770285,0.17509500682353973
63944.28918809711,0.1751130074262619
63944.35571849136,0.17511700093746185
63944.42224888562,0.17513099312782288
63944.488779279876,0.17513099312782288
63944.55530967413,0.17513099312782288
63944.62184006839,0.17513899505138397
63944.688370462645,0.17511700093746185
63944.7549008569,0.1751130074262619
63944.821431251155,0.17510899901390076
63944.887961645414,0.17509999871253967
63944.954492039666,0.17511700093746185
63945.021022433924,0.17510899901390076
63945.08755282818,0.17510400712490082
63945.154083222435,0.17511700093746185
63945.22061361669,0.1751440018415451
63945.28714401095,0.17516200244426727
63945.3536744052,0.17516599595546722
63945.42020479946,0.1751839965581894
63945.48673519372,0.17516599595546722
63945.55326558797,0.1751749962568283
63945.61979598223,0.17518800497055054
63945.68632637649,0.1751839965581894
63945.75285677075,0.1751839965581894
63945.819387165,0.1751839965581894
63945.88591755926,0.1751839965581894
63945.95244795352,0.1751839965581894
63946.01897834777,0.1751919984817505
63946.08550874203,0.17518800497055054
63946.15203913629,0.17519700527191162
63946.21856953054,0.17519700527191162
