time,temp
63478.95461986996,35.84400177001953
63479.02145315618,35.84400177001953
63479.088286442406,35.84400177001953
63479.15511972863,35.93199920654297
63479.22195301485,35.900001525878906
63479.28878630108,35.900001525878906
63479.355619587295,35.957000732421875
63479.42245287352,35.957000732421875
63479.48928615975,35.957000732421875
63479.556119445966,36.016998291015625
63479.62295273219,35.93600082397461
63479.68978601841,35.93600082397461
63479.75661930464,35.97200012207031
63479.82345259086,36.02399826049805
63479.89028587708,36.02399826049805
63479.95711916331,36.02399826049805
63480.02395244953,35.974998474121094
63480.09078573575,35.974998474121094
63480.15761902198,35.98899841308594
63480.2244523082,35.98899841308594
63480.29128559442,35.959999084472656
63480.35811888064,35.959999084472656
63480.42495216687,35.959999084472656
63480.491785453094,35.983001708984375
63480.55861873931,36.02799987792969
63480.62545202554,36.02799987792969
63480.69228531176,35.90599822998047
63480.75911859798,35.90599822998047
63480.82595188421,35.90599822998047
63480.89278517043,35.92399978637695
63480.959618456654,36.00199890136719
63481.02645174287,36.00199890136719
63481.0932850291,36.0369987487793
63481.160118315325,36.0369987487793
63481.226951601544,36.0369987487793
63481.29378488777,35.97999954223633
63481.36061817399,35.97999954223633
63481.427451460215,35.99100112915039
63481.49428474644,35.88999938964844
63481.56111803266,35.88999938964844
63481.627951318886,35.95199966430664
63481.694784605104,35.95199966430664
63481.76161789133,35.95199966430664
63481.82845117756,35.90800094604492
63481.895284463775,35.888999938964844
63481.96211775,35.888999938964844
63482.02895103623,35.987998962402344
63482.095784322446,36.029998779296875
63482.16261760867,36.029998779296875
63482.22945089489,36.029998779296875
63482.29628418112,35.90700149536133
63482.36311746734,35.90700149536133
63482.42995075356,35.959999084472656
63482.49678403979,35.959999084472656
63482.563617326006,35.840999603271484
63482.63045061223,35.840999603271484
63482.69728389846,35.840999603271484
63482.76411718468,36.00199890136719
63482.8309504709,35.96500015258789
63482.89778375712,35.96500015258789
63482.96461704335,36.02000045776367
63483.031450329574,36.02000045776367
63483.09828361579,36.02000045776367
63483.16511690202,36.00899887084961
63483.23195018824,36.03900146484375
63483.29878347446,36.03900146484375
63483.36561676069,36.051998138427734
63483.43245004691,36.051998138427734
63483.499283333134,36.051998138427734
63483.56611661935,36.05799865722656
63483.63294990558,35.95399856567383
63483.699783191805,35.95399856567383
63483.766616478024,36.01599884033203
63483.83344976425,36.01599884033203
63483.90028305047,36.01599884033203
63483.967116336695,35.97100067138672
63484.03394962292,35.987998962402344
63484.10078290914,35.987998962402344
63484.167616195366,36.029998779296875
63484.234449481584,36.029998779296875
63484.30128276781,36.029998779296875
63484.36811605404,36.08399963378906
63484.434949340255,36.0359992980957
63484.50178262648,36.0359992980957
63484.5686159127,36.01599884033203
63484.635449198926,35.93600082397461
63484.70228248515,35.93600082397461
63484.76911577137,35.93600082397461
63484.8359490576,35.93600082397461
63484.902782343815,35.9370002746582
63484.96961563004,35.9370002746582
63485.03644891627,35.9370002746582
63485.103282202486,35.86600112915039
63485.17011548871,35.86600112915039
63485.23694877493,35.86600112915039
63485.30378206116,35.87099838256836
63485.37061534738,35.909000396728516
63485.4374486336,35.909000396728516
63485.50428191983,35.88999938964844
63485.57111520605,35.88999938964844
63485.63794849227,35.88999938964844
63485.7047817785,35.91699981689453
63485.77161506472,35.893001556396484
63485.83844835094,35.893001556396484
63485.90528163716,35.98899841308594
63485.97211492339,35.98899841308594
63486.038948209614,35.98899841308594
63486.10578149583,35.994998931884766
63486.17261478206,35.9630012512207
63486.23944806828,35.9630012512207
63486.306281354504,35.91299819946289
63486.37311464073,35.91299819946289
63486.43994792695,36.069000244140625
63486.506781213175,35.99399948120117
63486.57361449939,35.99399948120117
63486.64044778562,35.99399948120117
63486.707281071846,35.99399948120117
63486.774114358064,35.99800109863281
63486.84094764429,35.999000549316406
63486.90778093051,35.999000549316406
63486.974614216735,35.9640007019043
63487.04144750296,35.9640007019043
63487.10828078918,35.9640007019043
63487.175114075406,36.02000045776367
63487.241947361625,36.04399871826172
63487.30878064785,36.04399871826172
63487.37561393408,35.91299819946289
63487.442447220295,35.91299819946289
63487.50928050652,35.91299819946289
63487.57611379274,36.03300094604492
63487.642947078966,35.94300079345703
63487.70978036519,35.94300079345703
63487.77661365141,35.97600173950195
63487.84344693764,35.97600173950195
63487.910280223856,35.97600173950195
63487.97711351008,35.95399856567383
63488.04394679631,35.97999954223633
63488.11078008253,35.97999954223633
63488.17761336875,35.8849983215332
63488.24444665497,35.8849983215332
63488.3112799412,35.8849983215332
63488.37811322742,35.915000915527344
63488.44494651364,35.9630012512207
63488.51177979987,35.9630012512207
63488.57861308609,35.94900131225586
63488.64544637231,35.94200134277344
63488.71227965854,35.94200134277344
63488.77911294476,35.94200134277344
63488.845946230984,35.939998626708984
63488.91277951721,35.939998626708984
63488.97961280343,35.9739990234375
63489.046446089655,35.9739990234375
63489.11327937587,36.02399826049805
63489.1801126621,36.02399826049805
63489.246945948325,36.02399826049805
63489.313779234544,35.974998474121094
63489.38061252077,35.98899841308594
63489.44744580699,35.98899841308594
63489.514279093215,36.03099822998047
63489.58111237944,36.03099822998047
63489.64794566566,36.03099822998047
63489.714778951886,36.04899978637695
63489.781612238105,35.986000061035156
63489.84844552433,35.986000061035156
63489.91527881056,35.99399948120117
63489.982112096775,35.99399948120117
63490.048945383,35.99399948120117
63490.11577866922,35.92599868774414
63490.182611955446,35.96799850463867
63490.24944524167,35.96799850463867
63490.31627852789,36.02199935913086
63490.38311181412,36.02199935913086
63490.449945100336,36.02199935913086
63490.51677838656,36.04499816894531
63490.58361167279,36.05500030517578
63490.65044495901,36.05500030517578
63490.71727824523,35.987998962402344
63490.78411153145,36.172000885009766
63490.85094481768,36.172000885009766
63490.9177781039,36.172000885009766
63490.98461139012,35.96799850463867
63491.05144467635,35.96799850463867
63491.11827796257,35.95100021362305
63491.18511124879,35.95100021362305
63491.25194453502,36.12099838256836
63491.31877782124,36.12099838256836
63491.385611107464,36.12099838256836
63491.45244439368,36.016998291015625
63491.51927767991,36.016998291015625
63491.586110966135,36.042999267578125
63491.65294425235,36.0890007019043
63491.71977753858,36.0890007019043
63491.7866108248,36.03900146484375
63491.853444111024,36.03900146484375
63491.92027739725,36.03900146484375
63491.98711068347,36.051998138427734
63492.053943969695,35.95199966430664
63492.120777255914,35.95199966430664
63492.18761054214,35.90800094604492
63492.254443828366,35.90800094604492
63492.321277114585,35.90800094604492
63492.38811040081,35.92499923706055
63492.45494368703,35.96699905395508
63492.521776973255,35.96699905395508
63492.58861025948,35.915000915527344
63492.6554435457,35.915000915527344
63492.722276831926,35.915000915527344
63492.789110118145,35.928001403808594
63492.85594340437,36.07500076293945
63492.9227766906,36.07500076293945
63492.989609976816,36.138999938964844
63493.05644326304,36.060001373291016
63493.12327654926,36.060001373291016
63493.19010983549,36.060001373291016
63493.25694312171,35.91999816894531
63493.32377640793,35.91999816894531
63493.39060969416,36.0359992980957
63493.457442980376,36.0359992980957
63493.5242762666,36.15700149536133
63493.59110955283,36.15700149536133
63493.65794283905,36.15700149536133
63493.72477612527,36.06800079345703
63493.79160941149,36.02899932861328
63493.85844269772,36.02899932861328
63493.925275983944,36.08399963378906
63493.99210927016,36.08399963378906
63494.05894255639,36.08399963378906
63494.12577584261,36.000999450683594
63494.19260912883,35.92900085449219
63494.25944241506,35.92900085449219
63494.32627570128,36.040000915527344
63494.393108987504,36.040000915527344
63494.45994227372,36.040000915527344
63494.52677555995,36.016998291015625
63494.593608846175,36.11399841308594
63494.660442132394,36.11399841308594
63494.72727541862,36.013999938964844
63494.79410870484,36.013999938964844
63494.860941991064,36.013999938964844
63494.92777527729,35.97100067138672
63494.99460856351,35.98699951171875
63495.061441849735,35.98699951171875
63495.128275135954,36.029998779296875
63495.19510842218,36.04800033569336
63495.261941708406,36.04800033569336
63495.328774994625,36.04800033569336
63495.39560828085,36.020999908447266
63495.46244156707,36.020999908447266
63495.529274853296,36.04499816894531
63495.59610813952,36.04499816894531
63495.66294142574,36.01900100708008
63495.72977471197,36.01900100708008
63495.796607998185,36.01900100708008
63495.86344128441,36.007999420166016
63495.93027457064,36.03900146484375
63495.997107856856,36.03900146484375
63496.06394114308,36.051998138427734
63496.1307744293,36.051998138427734
63496.19760771553,36.051998138427734
63496.26444100175,36.16400146484375
63496.33127428797,36.0
63496.3981075742,36.0
63496.46494086042,36.0
63496.53177414664,36.0
63496.59860743287,36.0
63496.66544071909,36.0
63496.73227400531,36.0
63496.79910729153,36.0
63496.86594057776,36.0
63496.932773863984,36.0
63496.9996071502,36.03499984741211
63497.06644043643,36.05099868774414
63497.133273722655,36.05099868774414
63497.20010700887,36.05099868774414
63497.2669402951,36.02199935913086
63497.33377358132,36.02199935913086
63497.400606867544,36.04499816894531
63497.46744015377,36.04499816894531
63497.53427343999,36.05500030517578
63497.601106726215,36.05500030517578
63497.667940012434,36.05500030517578
63497.73477329866,36.058998107910156
63497.801606584886,35.9900016784668
63497.868439871105,35.9900016784668
63497.93527315733,36.03099822998047
63498.00210644355,36.03099822998047
63498.068939729776,36.03099822998047
63498.135773016,36.08399963378906
63498.20260630222,35.965999603271484
63498.26943958845,35.965999603271484
63498.336272874665,36.055999755859375
63498.40310616089,36.055999755859375
63498.46993944712,36.055999755859375
63498.536772733336,35.98899841308594
63498.60360601956,35.959999084472656
63498.67043930578,35.959999084472656
63498.73727259201,36.018001556396484
63498.80410587823,36.018001556396484
63498.87093916445,36.018001556396484
63498.93777245068,36.042999267578125
63499.004605736896,36.01900100708008
63499.07143902312,36.01900100708008
63499.13827230935,35.9370002746582
63499.20510559557,36.007999420166016
63499.27193888179,36.007999420166016
63499.33877216801,36.007999420166016
63499.40560545424,36.03900146484375
63499.472438740464,36.03900146484375
63499.53927202668,36.051998138427734
63499.60610531291,36.05799865722656
63499.67293859913,36.05799865722656
63499.73977188535,36.05799865722656
63499.80660517158,36.05799865722656
63499.8734384578,36.06100082397461
63499.940271744024,36.06100082397461
63500.00710503024,36.05699920654297
63500.07393831647,36.05699920654297
63500.140771602695,36.05699920654297
63500.207604888914,35.917999267578125
63500.27443817514,36.0
63500.34127146136,36.0
63500.408104747585,36.0
63500.47493803381,36.0
63500.54177132003,36.0
63500.608604606256,36.10599899291992
63500.675437892474,36.04600143432617
63500.7422711787,36.04600143432617
63500.809104464926,36.02000045776367
63500.875937751145,36.02000045776367
63500.94277103737,36.02000045776367
63501.00960432359,36.150001525878906
63501.076437609816,36.13600158691406
63501.14327089604,36.13600158691406
63501.21010418226,36.09400177001953
63501.27693746849,36.09400177001953
63501.343770754705,36.09400177001953
63501.41060404093,36.07600021362305
63501.47743732716,36.138999938964844
63501.544270613376,36.138999938964844
63501.6111038996,36.13100051879883
63501.67793718582,36.13100051879883
63501.74477047205,36.09199905395508
63501.81160375827,36.07500076293945
63501.87843704449,36.07500076293945
63501.94527033072,36.07500076293945
63502.01210361694,36.07500076293945
63502.07893690316,36.06800079345703
63502.14577018939,36.064998626708984
63502.21260347561,36.064998626708984
63502.27943676183,36.06399917602539
63502.34627004805,36.06399917602539
63502.41310333428,36.06399917602539
63502.479936620504,36.027000427246094
63502.54676990672,36.08300018310547
63502.61360319295,36.08300018310547
63502.68043647917,36.106998443603516
63502.747269765394,36.106998443603516
63502.81410305162,36.106998443603516
63502.88093633784,36.117000579833984
63502.947769624065,36.08599853515625
63503.01460291028,36.08599853515625
63503.08143619651,36.17900085449219
63503.148269482735,36.17900085449219
63503.215102768954,36.17900085449219
63503.28193605518,36.112998962402344
63503.3487693414,36.119998931884766
63503.415602627625,36.119998931884766
63503.48243591385,36.12300109863281
63503.54926920007,36.124000549316406
63503.616102486296,36.124000549316406
63503.682935772515,36.124000549316406
63503.74976905874,36.0890007019043
63503.81660234497,36.0890007019043
63503.883435631185,36.10900115966797
63503.95026891741,36.08300018310547
63504.01710220364,36.08300018310547
63504.083935489856,36.08300018310547
63504.15076877608,36.08300018310547
63504.2176020623,36.0359992980957
63504.28443534853,36.15700149536133
63504.35126863475,36.15700149536133
63504.41810192097,36.06800079345703
63504.4849352072,36.06800079345703
63504.55176849342,36.06800079345703
63504.61860177964,36.064998626708984
63504.68543506587,36.02799987792969
63504.75226835209,36.02799987792969
63504.81910163831,36.012001037597656
63504.88593492453,36.012001037597656
63504.95276821076,36.012001037597656
63505.019601496984,35.970001220703125
63505.0864347832,35.98699951171875
63505.15326806943,35.98699951171875
63505.22010135565,35.88800048828125
63505.286934641874,35.88800048828125
63505.3537679281,35.88800048828125
63505.42060121432,35.98699951171875
63505.487434500545,36.029998779296875
63505.55426778676,36.029998779296875
63505.62110107299,36.01300048828125
63505.687934359215,36.01300048828125
63505.754767645434,36.01300048828125
63505.82160093166,36.04100036621094
63505.88843421788,36.0890007019043
63505.955267504105,36.0890007019043
63506.02210079033,36.07400131225586
63506.08893407655,36.07400131225586
63506.155767362776,36.07400131225586
63506.222600648995,36.10300064086914
63506.28943393522,36.04499816894531
63506.35626722145,36.04499816894531
63506.423100507665,36.125999450683594
63506.48993379389,36.125999450683594
63506.55676708011,36.1609992980957
63506.623600366336,36.1609992980957
63506.69043365256,36.1609992980957
63506.75726693878,36.17599868774414
63506.82410022501,36.17599868774414
63506.890933511226,36.04100036621094
63506.95776679745,36.124000549316406
63507.02460008368,36.124000549316406
63507.0914333699,36.125
63507.15826665612,36.125
63507.22509994234,36.125
63507.29193322857,36.0890007019043
63507.35876651479,36.00299835205078
63507.42559980101,36.00299835205078
63507.49243308724,36.071998596191406
63507.55926637346,36.071998596191406
63507.62609965968,36.071998596191406
63507.69293294591,36.13800048828125
63507.75976623213,36.060001373291016
63507.826599518354,36.060001373291016
63507.89343280457,36.13199996948242
63507.9602660908,36.13199996948242
63508.027099377025,36.13199996948242
63508.09393266324,36.09299850463867
63508.16076594947,36.18199920654297
63508.22759923569,36.18199920654297
63508.294432521914,36.07899856567383
63508.36126580814,36.06999969482422
63508.42809909436,36.06999969482422
63508.494932380585,36.06999969482422
63508.561765666804,36.13600158691406
63508.62859895303,36.13600158691406
63508.695432239256,36.165000915527344
63508.762265525475,36.165000915527344
63508.8290988117,36.178001403808594
63508.89593209792,36.178001403808594
63508.962765384145,36.178001403808594
63509.02959867037,36.07699966430664
63509.09643195659,36.104000091552734
63509.163265242816,36.104000091552734
63509.230098529035,36.08100128173828
63509.29693181526,36.08100128173828
63509.36376510149,36.08100128173828
63509.430598387706,36.06999969482422
63509.49743167393,36.066001892089844
63509.56426496015,36.066001892089844
63509.63109824638,36.0989990234375
63509.6979315326,36.0989990234375
63509.76476481882,36.0989990234375
63509.83159810505,36.14899826049805
63509.898431391266,36.064998626708984
63509.96526467749,36.064998626708984
63510.03209796372,36.13399887084961
63510.09893124994,36.13399887084961
63510.16576453616,36.13399887084961
63510.23259782238,36.20000076293945
63510.29943110861,36.15700149536133
63510.366264394834,36.15700149536133
63510.43309768105,36.17399978637695
63510.49993096728,36.145999908447266
63510.5667642535,36.145999908447266
63510.63359753972,36.145999908447266
63510.70043082595,36.13399887084961
63510.76726411217,36.13399887084961
63510.834097398394,36.20000076293945
63510.90093068461,36.20000076293945
63510.96776397084,36.22800064086914
63511.034597257065,36.22800064086914
63511.101430543284,36.22800064086914
63511.16826382951,36.20500183105469
63511.23509711573,36.26599884033203
63511.301930401954,36.26599884033203
63511.36876368818,36.22100067138672
63511.4355969744,36.22100067138672
63511.502430260625,36.22100067138672
63511.569263546844,36.16699981689453
63511.63609683307,36.000999450683594
63511.702930119296,36.000999450683594
63511.769763405515,36.106998443603516
63511.83659669174,36.106998443603516
63511.90342997796,36.106998443603516
63511.970263264186,36.117000579833984
63512.03709655041,36.117000579833984
63512.10392983663,36.12200164794922
63512.17076312286,36.159000396728516
63512.23759640908,36.159000396728516
63512.3044296953,36.104000091552734
63512.37126298153,36.1510009765625
63512.438096267746,36.1510009765625
63512.50492955397,36.1510009765625
63512.5717628402,36.13600158691406
63512.63859612642,36.13600158691406
63512.70542941264,36.202999114990234
63512.77226269886,36.202999114990234
63512.83909598509,36.202999114990234
63512.905929271314,36.26499938964844
63512.97276255753,36.22100067138672
63513.03959584376,36.22100067138672
63513.10642912998,36.09600067138672
63513.1732624162,36.09600067138672
63513.24009570243,36.09600067138672
63513.30692898865,36.11199951171875
63513.373762274874,36.119998931884766
63513.44059556109,36.119998931884766
63513.50742884732,36.15800094604492
63513.574262133545,36.15800094604492
63513.64109541976,36.15800094604492
63513.70792870599,36.104000091552734
63513.77476199221,36.11600112915039
63513.841595278434,36.11600112915039
63513.90842856466,36.08599853515625
63513.97526185088,36.08599853515625
63514.042095137105,36.08599853515625
63514.108928423324,36.071998596191406
63514.17576170955,36.17300033569336
63514.242594995776,36.17300033569336
63514.309428281995,36.145999908447266
63514.37626156822,36.16899871826172
63514.44309485444,36.16899871826172
63514.509928140666,36.16899871826172
63514.57676142689,36.16899871826172
63514.64359471311,36.073001861572266
63514.71042799934,36.06700134277344
63514.777261285555,36.06700134277344
63514.84409457178,36.099998474121094
63514.91092785801,36.099998474121094
63514.977761144226,36.099998474121094
63515.04459443045,36.150001525878906
63515.11142771667,36.099998474121094
63515.1782610029,36.099998474121094
63515.24509428912,36.07899856567383
63515.31192757534,36.07899856567383
63515.37876086157,36.07899856567383
63515.445594147786,36.06999969482422
63515.51242743401,36.029998779296875
63515.57926072024,36.029998779296875
63515.64609400646,36.08399963378906
63515.71292729268,36.08399963378906
63515.7797605789,36.08399963378906
63515.84659386513,36.071998596191406
63515.913427151354,36.06700134277344
63515.98026043757,36.06700134277344
63516.0470937238,36.099998474121094
63516.11392701002,36.099998474121094
63516.18076029624,36.099998474121094
63516.24759358247,36.150001525878906
63516.31442686869,36.099998474121094
63516.381260154914,36.099998474121094
63516.44809344113,36.185001373291016
63516.51492672736,36.22200012207031
63516.581760013585,36.22200012207031
63516.648593299804,36.22200012207031
63516.71542658603,36.22200012207031
63516.78225987225,36.16699981689453
63516.849093158475,36.17900085449219
63516.9159264447,36.17900085449219
63516.98275973092,36.255001068115234
63517.049593017146,36.255001068115234
63517.116426303364,36.21699905395508
63517.18325958959,36.21699905395508
63517.250092875816,36.21699905395508
63517.316926162035,36.20000076293945
63517.38375944826,36.12200164794922
63517.45059273448,36.12200164794922
63517.517426020706,36.053001403808594
63517.58425930693,36.053001403808594
63517.65109259315,36.053001403808594
63517.71792587938,36.165000915527344
63517.784759165595,36.106998443603516
63517.85159245182,36.106998443603516
63517.91842573805,36.04600143432617
63517.985259024266,36.04600143432617
63518.05209231049,36.04600143432617
63518.11892559671,36.05500030517578
63518.18575888294,36.095001220703125
63518.25259216916,36.095001220703125
63518.31942545538,36.07699966430664
63518.38625874161,36.03300094604492
63518.45309202783,36.03300094604492
63518.51992531405,36.03300094604492
63518.58675860028,35.979000091552734
63518.6535918865,35.979000091552734
63518.72042517272,36.0260009765625
63518.78725845894,36.0260009765625
63518.85409174517,36.047000885009766
63518.920925031394,36.047000885009766
63518.98775831761,36.047000885009766
63519.05459160384,36.12699890136719
63519.121424890065,36.1609992980957
63519.188258176284,36.1609992980957
63519.25509146251,36.14099884033203
63519.32192474873,36.14099884033203
63519.388758034955,36.14099884033203
63519.45559132118,36.13199996948242
63519.5224246074,36.16299819946289
63519.589257893625,36.16299819946289
63519.656091179844,36.176998138427734
63519.72292446607,36.176998138427734
63519.789757752296,36.176998138427734
63519.856591038515,36.21799850463867
63519.92342432474,36.130001068115234
63519.99025761096,36.130001068115234
63520.057090897186,36.16299819946289
63520.12392418341,36.16299819946289
63520.19075746963,36.16299819946289
63520.25759075586,36.176998138427734
63520.324424042075,36.21799850463867
63520.3912573283,36.21799850463867
63520.45809061453,36.165000915527344
63520.524923900746,36.165000915527344
63520.59175718697,36.165000915527344
63520.65859047319,36.249000549316406
63520.72542375942,36.2140007019043
63520.79225704564,36.2140007019043
63520.85909033186,36.23400115966797
63520.92592361809,36.27899932861328
63520.99275690431,36.27899932861328
63521.05959019053,36.27899932861328
63521.12642347676,36.27899932861328
63521.19325676298,36.12099838256836
63521.2600900492,36.229000091552734
63521.32692333542,36.229000091552734
63521.39375662165,36.20600128173828
63521.460589907874,36.20600128173828
63521.52742319409,36.20600128173828
63521.59425648032,36.19499969482422
63521.66108976654,36.154998779296875
63521.727923052764,36.154998779296875
63521.79475633899,36.10300064086914
63521.86158962521,36.10300064086914
63521.928422911435,36.10300064086914
63521.99525619765,36.1510009765625
63522.06208948388,36.1510009765625
63522.128922770105,36.13600158691406
63522.195756056324,36.02299880981445
63522.26258934255,36.02299880981445
63522.32942262877,36.08100128173828
63522.396255914995,36.08100128173828
63522.46308920122,36.08100128173828
63522.52992248744,36.21200180053711
63522.596755773666,36.23400115966797
63522.663589059885,36.23400115966797
63522.73042234611,36.172000885009766
63522.79725563234,36.172000885009766
63522.864088918555,36.172000885009766
63522.93092220478,36.11000061035156
63522.997755491,36.18899917602539
63523.064588777226,36.18899917602539
63523.13142206345,36.1879997253418
63523.19825534967,36.1879997253418
63523.2650886359,36.117000579833984
63523.331921922116,36.117000579833984
63523.39875520834,36.117000579833984
63523.46558849457,36.12200164794922
63523.53242178079,36.159000396728516
63523.59925506701,36.159000396728516
63523.66608835323,36.21099853515625
63523.73292163946,36.21099853515625
63523.79975492568,36.21099853515625
63523.8665882119,36.196998596191406
63523.93342149813,36.084999084472656
63524.00025478435,36.084999084472656
63524.06708807057,36.17900085449219
63524.1339213568,36.17900085449219
63524.20075464302,36.17900085449219
63524.267587929244,36.290000915527344
63524.33442121546,36.1609992980957
63524.40125450169,36.1609992980957
63524.468087787915,36.14099884033203
63524.53492107413,36.14099884033203
63524.60175436036,36.14099884033203
63524.66858764658,36.16699981689453
63524.735420932804,36.143001556396484
63524.80225421903,36.143001556396484
63524.86908750525,36.132999420166016
63524.935920791475,36.132999420166016
63525.002754077694,36.132999420166016
63525.06958736392,36.12799835205078
63525.136420650146,36.196998596191406
63525.203253936364,36.196998596191406
63525.27008722259,36.15599822998047
63525.33692050881,36.06800079345703
63525.403753795035,36.06800079345703
63525.47058708126,36.06800079345703
63525.53742036748,36.06800079345703
63525.604253653706,36.064998626708984
63525.671086939925,36.13399887084961
63525.73792022615,36.13399887084961
63525.80475351238,36.20000076293945
63525.871586798596,36.20000076293945
63525.93842008482,36.20000076293945
63526.00525337104,36.15700149536133
63526.07208665727,36.138999938964844
63526.13891994349,36.138999938964844
63526.20575322971,36.09600067138672
63526.27258651594,36.09600067138672
63526.339419802156,36.09600067138672
63526.40625308838,36.14799880981445
63526.47308637461,36.0989990234375
63526.53991966083,36.0989990234375
63526.60675294705,36.077999114990234
63526.67358623327,36.077999114990234
63526.7404195195,36.077999114990234
63526.807252805724,36.10499954223633
63526.87408609194,36.152000427246094
63526.94091937817,36.152000427246094
63527.007752664395,36.172000885009766
63527.07458595061,36.172000885009766
63527.14141923684,36.172000885009766
63527.20825252306,36.215999603271484
63527.275085809284,36.215999603271484
63527.34191909551,36.215999603271484
63527.40875238173,36.19300079345703
63527.475585667955,36.19300079345703
63527.54241895417,36.189998626708984
63527.6092522404,36.11800003051758
63527.676085526626,36.11800003051758
63527.742918812844,36.11800003051758
63527.80975209907,36.11800003051758
63527.87658538529,36.19300079345703
63527.943418671515,36.224998474121094
63528.01025195774,36.224998474121094
63528.07708524396,36.167999267578125
63528.143918530186,36.167999267578125
63528.210751816405,36.167999267578125
63528.27758510263,36.14400100708008
63528.34441838886,36.0620002746582
63528.411251675076,36.0620002746582
63528.4780849613,36.097999572753906
63528.54491824752,36.097999572753906
63528.61175153375,36.097999572753906
63528.67858481997,36.112998962402344
63528.74541810619,36.154998779296875
63528.81225139242,36.154998779296875
63528.879084678636,36.06700134277344
63528.94591796486,36.06700134277344
63529.01275125109,36.06700134277344
63529.07958453731,36.1349983215332
63529.14641782353,36.165000915527344
63529.21325110975,36.165000915527344
63529.28008439598,36.178001403808594
63529.346917682204,36.11199951171875
63529.41375096842,36.11199951171875
63529.48058425465,36.11199951171875
63529.54741754087,36.189998626708984
63529.61425082709,36.189998626708984
63529.68108411332,36.18899917602539
63529.74791739954,36.18899917602539
63529.814750685764,36.1879997253418
63529.88158397198,36.1879997253418
63529.94841725821,36.1879997253418
63530.015250544435,36.152000427246094
63530.08208383065,36.24300003051758
63530.14891711688,36.24300003051758
63530.2157504031,36.17599868774414
63530.282583689324,36.17599868774414
63530.34941697555,36.17599868774414
63530.41625026177,36.21799850463867
63530.483083547995,36.130001068115234
63530.549916834214,36.130001068115234
63530.61675012044,36.16299819946289
63530.683583406666,36.16299819946289
63530.750416692885,36.16299819946289
63530.81724997911,36.21200180053711
63530.88408326533,36.198001861572266
63530.950916551556,36.198001861572266
63531.01774983778,36.12099838256836
63531.084583124,36.12099838256836
63531.15141641023,36.12099838256836
63531.218249696445,36.194000244140625
63531.28508298267,36.189998626708984
63531.3519162689,36.189998626708984
63531.418749555116,36.11800003051758
63531.48558284134,36.08599853515625
63531.55241612756,36.08599853515625
63531.61924941379,36.08599853515625
63531.68608270001,36.073001861572266
63531.75291598623,36.073001861572266
63531.81974927246,36.06700134277344
63531.886582558676,36.1349983215332
63531.9534158449,36.1349983215332
63532.02024913113,36.1349983215332
63532.08708241735,36.1349983215332
63532.15391570357,36.09400177001953
63532.22074898979,36.07600021362305
63532.28758227602,36.07600021362305
63532.354415562244,36.138999938964844
63532.42124884846,36.138999938964844
63532.48808213469,36.13100051879883
63532.55491542091,36.13100051879883
63532.62174870713,36.13100051879883
63532.68858199336,36.12799835205078
63532.75541527958,36.090999603271484
63532.822248565804,36.090999603271484
63532.88908185202,36.21699905395508
63532.95591513825,36.21699905395508
63533.022748424475,36.21699905395508
63533.089581710694,36.12900161743164
63533.15641499692,36.1619987487793
63533.22324828314,36.1619987487793
63533.290081569365,36.24700164794922
63533.35691485559,36.24700164794922
63533.42374814181,36.24700164794922
63533.490581428036,36.284000396728516
63533.557414714254,36.229000091552734
63533.62424800048,36.229000091552734
63533.691081286706,36.277000427246094
63533.757914572925,36.277000427246094
63533.82474785915,36.277000427246094
63533.89158114538,36.26100158691406
63533.958414431596,36.290000915527344
63534.02524771782,36.290000915527344
63534.09208100404,36.266998291015625
63534.15891429027,36.22200012207031
63534.22574757649,36.22200012207031
63534.29258086271,36.22200012207031
63534.35941414894,36.22200012207031
63534.426247435156,36.20199966430664
63534.49308072138,36.194000244140625
63534.55991400761,36.194000244140625
63534.62674729383,36.189998626708984
63534.69358058005,36.189998626708984
63534.76041386627,36.189998626708984
63534.8272471525,36.11800003051758
63534.894080438724,36.19300079345703
63534.96091372494,36.19300079345703
63535.02774701117,36.189998626708984
63535.09458029739,36.189998626708984
63535.16141358361,36.189998626708984
63535.22824686984,36.1879997253418
63535.29508015606,36.117000579833984
63535.361913442284,36.117000579833984
63535.4287467285,36.117000579833984
63535.49558001473,36.159000396728516
63535.562413300955,36.13999938964844
63535.629246587174,36.13999938964844
63535.6960798734,36.060001373291016
63535.76291315962,36.060001373291016
63535.829746445845,36.060001373291016
63535.89657973207,36.09700012207031
63535.96341301829,36.14799880981445
63536.030246304515,36.14799880981445
63536.097079590734,36.099998474121094
63536.16391287696,36.14899826049805
63536.230746163186,36.14899826049805
63536.297579449405,36.14899826049805
63536.36441273563,36.14899826049805
63536.43124602185,36.099998474121094
63536.498079308076,36.150001525878906
63536.5649125943,36.150001525878906
63536.63174588052,36.13600158691406
63536.69857916675,36.13600158691406
63536.765412452965,36.13600158691406
63536.83224573919,36.165000915527344
63536.89907902542,36.141998291015625
63536.965912311636,36.141998291015625
63537.03274559786,36.202999114990234
63537.09957888408,36.202999114990234
63537.16641217031,36.202999114990234
63537.23324545653,36.26499938964844
63537.30007874275,36.26499938964844
63537.36691202898,36.18600082397461
63537.4337453152,36.11600112915039
63537.50057860142,36.11600112915039
63537.56741188765,36.22700119018555
63537.63424517387,36.22700119018555
63537.70107846009,36.22700119018555
63537.76791174631,36.20500183105469
63537.83474503254,36.15999984741211
63537.901578318764,36.15999984741211
63537.96841160498,36.104000091552734
63538.03524489121,36.22200012207031
63538.10207817743,36.22200012207031
63538.168911463654,36.22200012207031
63538.23574474988,36.202999114990234
63538.3025780361,36.202999114990234
63538.369411322325,36.0880012512207
63538.43624460854,36.073001861572266
63538.50307789477,36.073001861572266
63538.569911180995,36.073001861572266
63538.636744467214,36.073001861572266
63538.70357775344,36.13800048828125
63538.77041103966,36.13100051879883
63538.837244325885,36.13100051879883
63538.90407761211,36.12699890136719
63538.97091089833,36.12699890136719
63539.037744184556,36.12699890136719
63539.104577470775,36.090999603271484
63539.171410757,36.180999755859375
63539.23824404323,36.180999755859375
63539.305077329445,36.14899826049805
63539.37191061567,36.14899826049805
63539.43874390189,36.14899826049805
63539.505577188116,36.099998474121094
63539.57241047434,36.07899856567383
63539.63924376056,36.07899856567383
63539.70607704679,36.21099853515625
63539.772910333006,36.21099853515625
63539.83974361923,36.21099853515625
63539.90657690546,36.12699890136719
63539.97341019168,36.09000015258789
63540.0402434779,36.09000015258789
63540.10707676412,36.07500076293945
63540.17391005035,36.07500076293945
63540.24074333657,36.07500076293945
63540.30757662279,36.17399978637695
63540.37440990902,36.21699905395508
63540.44124319524,36.21699905395508
63540.50807648146,36.165000915527344
63540.57490976769,36.106998443603516
63540.64174305391,36.106998443603516
63540.708576340134,36.106998443603516
63540.77540962635,36.1879997253418
63540.84224291258,36.1879997253418
63540.909076198805,36.222999572753906
63540.97590948502,36.09700012207031
63541.04274277125,36.09700012207031
63541.10957605747,36.09700012207031
63541.176409343694,36.09700012207031
63541.24324262992,36.112998962402344
63541.31007591614,36.154998779296875
63541.376909202365,36.154998779296875
63541.443742488584,36.17300033569336
63541.51057577481,36.17300033569336
63541.577409061036,36.17300033569336
63541.644242347254,36.07500076293945
63541.71107563348,36.138999938964844
63541.7779089197,36.138999938964844
63541.844742205925,36.20199966430664
63541.91157549215,36.20199966430664
63541.97840877837,36.20199966430664
63542.045242064596,36.15800094604492
63542.11207535082,36.17499923706055
63542.17890863704,36.17499923706055
63542.24574192327,36.111000061035156
63542.312575209486,36.111000061035156
63542.37940849571,36.111000061035156
63542.44624178194,36.15399932861328
63542.51307506816,36.15399932861328
63542.57990835438,36.17300033569336
63542.6467416406,36.145999908447266
63542.71357492683,36.145999908447266
63542.78040821305,36.16899871826172
63542.84724149927,36.10900115966797
63542.9140747855,36.10900115966797
63542.98090807172,36.10900115966797
63543.04774135794,36.10900115966797
63543.11457464417,36.18899917602539
63543.18140793039,36.1879997253418
63543.248241216614,36.1879997253418
63543.31507450283,36.222999572753906
63543.38190778906,36.222999572753906
63543.448741075284,36.222999572753906
63543.5155743615,36.16699981689453
63543.58240764773,36.143001556396484
63543.64924093395,36.143001556396484
63543.716074220174,36.167999267578125
63543.7829075064,36.167999267578125
63543.84974079262,36.167999267578125
63543.916574078845,36.073001861572266
63543.98340736506,36.03200149536133
63544.05024065129,36.03200149536133
63544.117073937516,36.154998779296875
63544.183907223734,36.154998779296875
63544.25074050996,36.154998779296875
63544.31757379618,36.06700134277344
63544.384407082405,36.099998474121094
63544.45124036863,36.099998474121094
63544.51807365485,36.11399841308594
63544.584906941076,36.11399841308594
63544.651740227295,36.11399841308594
63544.71857351352,36.15599822998047
63544.78540679975,36.13800048828125
63544.852240085966,36.13800048828125
63544.91907337219,36.060001373291016
63544.98590665841,36.167999267578125
63545.05273994464,36.167999267578125
63545.11957323086,36.167999267578125
63545.18640651708,36.17900085449219
63545.25323980331,36.17900085449219
63545.320073089526,36.255001068115234
63545.38690637575,36.255001068115234
63545.45373966198,36.180999755859375
63545.5205729482,36.180999755859375
63545.58740623442,36.180999755859375
63545.65423952064,36.220001220703125
63545.72107280687,36.27299880981445
63545.78790609309,36.27299880981445
63545.85473937931,36.2239990234375
63545.92157266554,36.2239990234375
63545.98840595176,36.2239990234375
63546.05523923798,36.202999114990234
63546.12207252421,36.12300109863281
63546.18890581043,36.12300109863281
63546.255739096654,36.19499969482422
63546.32257238287,36.19499969482422
63546.3894056691,36.19499969482422
63546.456238955325,36.191001892089844
63546.52307224154,36.08300018310547
63546.58990552777,36.08300018310547
63546.65673881399,36.141998291015625
63546.723572100214,36.141998291015625
63546.79040538644,36.141998291015625
63546.85723867266,36.23899841308594
63546.924071958885,36.17399978637695
63546.990905245104,36.17399978637695
63547.05773853133,36.18199920654297
63547.124571817556,36.11399841308594
63547.191405103775,36.11399841308594
63547.25823839,36.11399841308594
63547.32507167622,36.119998931884766
63547.391904962446,36.119998931884766
63547.45873824867,36.194000244140625
63547.52557153489,36.194000244140625
63547.592404821116,36.297000885009766
63547.659238107335,36.297000885009766
63547.72607139356,36.23500061035156
63547.79290467979,36.23500061035156
63547.859737966006,36.23500061035156
63547.92657125223,36.20800018310547
63547.99340453845,36.1609992980957
63548.06023782468,36.1609992980957
63548.1270711109,36.21099853515625
63548.19390439712,36.21099853515625
63548.26073768335,36.21099853515625
63548.327570969566,36.1619987487793
63548.39440425579,36.10599899291992
63548.46123754202,36.10599899291992
63548.52807082824,36.152000427246094
63548.59490411446,36.152000427246094
63548.66173740068,36.152000427246094
63548.72857068691,36.172000885009766
63548.795403973134,36.07500076293945
63548.86223725935,36.07500076293945
63548.92907054558,36.17399978637695
63548.995903831805,36.17399978637695
63549.06273711802,36.17399978637695
63549.12957040425,36.18199920654297
63549.19640369047,36.220001220703125
63549.263236976694,36.220001220703125
63549.33007026292,36.23699951171875
63549.39690354914,36.24399948120117
63549.463736835365,36.24399948120117
63549.530570121584,36.24399948120117
63549.59740340781,36.24399948120117
63549.664236694036,36.21200180053711
63549.731069980255,36.16299819946289
63549.79790326648,36.16299819946289
63549.8647365527,36.21200180053711
63549.931569838925,36.21200180053711
63549.99840312515,36.21200180053711
63550.06523641137,36.198001861572266
63550.132069697596,36.22800064086914
63550.198902983815,36.22800064086914
63550.26573627004,36.2400016784668
63550.33256955627,36.2400016784668
63550.399402842486,36.2400016784668
63550.46623612871,36.24599838256836
63550.53306941493,36.2130012512207
63550.59990270116,36.2130012512207
63550.66673598738,36.26900100708008
63550.7335692736,36.26900100708008
63550.80040255983,36.26900100708008
63550.867235846046,36.1870002746582
63550.93406913227,36.29399871826172
63551.0009024185,36.29399871826172
63551.06773570472,36.30400085449219
63551.13456899094,36.30400085449219
63551.20140227716,36.30400085449219
63551.26823556339,36.237998962402344
63551.335068849614,36.13800048828125
63551.40190213583,36.13800048828125
63551.46873542206,36.13100051879883
63551.53556870828,36.23400115966797
63551.6024019945,36.23400115966797
63551.66923528073,36.23400115966797
63551.73606856695,36.23400115966797
63551.802901853174,36.172000885009766
63551.86973513939,36.215999603271484
63551.93656842562,36.215999603271484
63552.003401711845,36.305999755859375
63552.070234998064,36.305999755859375
63552.13706828429,36.305999755859375
63552.20390157051,36.27399826049805
63552.270734856735,36.26100158691406
63552.33756814296,36.26100158691406
63552.40440142918,36.255001068115234
63552.471234715405,36.255001068115234
63552.538068001624,36.255001068115234
63552.60490128785,36.2869987487793
63552.671734574076,36.2869987487793
63552.738567860295,36.15999984741211
63552.80540114652,36.28200149536133
63552.87223443274,36.28200149536133
63552.939067718966,36.19300079345703
63553.00590100519,36.19300079345703
63553.07273429141,36.19300079345703
63553.13956757764,36.15399932861328
63553.206400863855,36.17300033569336
63553.27323415008,36.17300033569336
63553.34006743631,36.25199890136719
63553.406900722526,36.14500045776367
63553.47373400875,36.14500045776367
63553.54056729497,36.14500045776367
63553.6074005812,36.14500045776367
63553.67423386742,36.16899871826172
63553.74106715364,36.16899871826172
63553.80790043987,36.2400016784668
63553.87473372609,36.2400016784668
63553.94156701231,36.2400016784668
63554.00840029854,36.244998931884766
63554.07523358476,36.176998138427734
63554.14206687098,36.176998138427734
63554.2089001572,36.21799850463867
63554.27573344343,36.21799850463867
63554.342566729654,36.21799850463867
63554.40940001587,36.27199935913086
63554.4762333021,36.15299987792969
63554.54306658832,36.15299987792969
63554.609899874544,36.137001037597656
63554.67673316077,36.137001037597656
63554.74356644699,36.137001037597656
63554.810399733215,36.20100021362305
63554.87723301943,36.19300079345703
63554.94406630566,36.19300079345703
63555.010899591885,36.22600173950195
63555.077732878104,36.22600173950195
63555.14456616433,36.22600173950195
63555.21139945055,36.23899841308594
63555.278232736775,36.17399978637695
63555.345066023,36.17399978637695
63555.41189930922,36.21699905395508
63555.478732595446,36.20000076293945
63555.545565881665,36.20000076293945
63555.61239916789,36.20000076293945
63555.67923245412,36.15800094604492
63555.746065740335,36.15800094604492
63555.81289902656,36.209999084472656
63555.87973231278,36.209999084472656
63555.946565599006,36.30400085449219
63556.01339888523,36.30400085449219
63556.08023217145,36.30400085449219
63556.14706545768,36.237998962402344
63556.213898743896,36.244998931884766
63556.28073203012,36.244998931884766
63556.34756531635,36.24800109863281
63556.41439860257,36.24800109863281
63556.48123188879,36.24800109863281
63556.54806517501,36.284000396728516
63556.61489846124,36.159000396728516
63556.68173174746,36.159000396728516
63556.74856503368,36.24599838256836
63556.81539831991,36.24599838256836
63556.88223160613,36.24599838256836
63556.94906489235,36.284000396728516
63557.01589817858,36.26499938964844
63557.0827314648,36.26499938964844
63557.149564751024,36.29199981689453
63557.21639803725,36.29199981689453
63557.28323132347,36.29199981689453
63557.350064609695,36.30400085449219
63557.41689789591,36.27299880981445
63557.48373118214,36.27299880981445
63557.550564468365,36.2599983215332
63557.617397754584,36.25400161743164
63557.68423104081,36.25400161743164
63557.75106432703,36.145999908447266
63557.817897613255,36.145999908447266
63557.88473089948,36.145999908447266
63557.9515641857,36.145999908447266
63558.018397471926,36.2400016784668
63558.085230758144,36.24599838256836
63558.15206404437,36.24599838256836
63558.2188973306,36.141998291015625
63558.285730616815,36.141998291015625
63558.35256390304,36.141998291015625
63558.41939718926,36.13199996948242
63558.486230475486,36.09299850463867
63558.55306376171,36.09299850463867
63558.61989704793,36.21699905395508
63558.68673033416,36.21699905395508
63558.753563620376,36.21699905395508
63558.8203969066,36.130001068115234
63558.88723019283,36.12699890136719
63558.95406347905,36.12699890136719
63559.02089676527,36.09000015258789
63559.08773005149,36.09000015258789
63559.15456333772,36.09000015258789
63559.22139662394,36.14500045776367
63559.28822991016,36.097999572753906
63559.35506319639,36.097999572753906
63559.42189648261,36.183998107910156
63559.48872976883,36.183998107910156
63559.55556305506,36.183998107910156
63559.62239634128,36.18600082397461
63559.689229627504,36.22200012207031
63559.75606291372,36.22200012207031
63559.82289619995,36.34400177001953
63559.889729486174,36.32600021362305
63559.95656277239,36.32600021362305
63560.02339605862,36.32600021362305
63560.09022934484,36.28300094604492
63560.157062631064,36.28300094604492
63560.22389591729,36.37099838256836
63560.29072920351,36.37099838256836
63560.357562489735,36.3380012512207
63560.42439577595,36.3380012512207
63560.49122906218,36.3380012512207
63560.558062348406,36.35900115966797
63560.624895634624,36.40299987792969
63560.69172892085,36.40299987792969
63560.75856220707,36.35200119018555
63560.825395493295,36.35200119018555
63560.89222877952,36.35200119018555
63560.95906206574,36.25899887084961
63561.025895351966,36.25400161743164
63561.092728638185,36.25400161743164
63561.15956192441,36.14500045776367
63561.22639521064,36.14500045776367
63561.293228496856,36.14500045776367
63561.36006178308,36.2400016784668
63561.4268950693,36.28099822998047
63561.49372835553,36.28099822998047
63561.56056164175,36.26300048828125
63561.62739492797,36.26300048828125
63561.6942282142,36.26300048828125
63561.761061500416,36.220001220703125
63561.82789478664,36.20199966430664
63561.89472807287,36.20199966430664
63561.96156135909,36.229000091552734
63562.02839464531,36.229000091552734
63562.09522793153,36.229000091552734
63562.16206121776,36.1349983215332
63562.22889450398,36.165000915527344
63562.2957277902,36.165000915527344
63562.36256107643,36.249000549316406
63562.42939436265,36.35599899291992
63562.49622764887,36.35599899291992
63562.5630609351,36.35599899291992
63562.62989422132,36.29600143432617
63562.696727507544,36.29600143432617
63562.76356079376,36.340999603271484
63562.83039407999,36.340999603271484
63562.897227366215,36.28900146484375
63562.96406065243,36.28900146484375
63563.03089393866,36.3380012512207
63563.09772722488,36.3380012512207
63563.164560511104,36.3380012512207
63563.23139379733,36.28799819946289
63563.29822708355,36.301998138427734
63563.365060369775,36.301998138427734
63563.431893655994,36.30799865722656
63563.49872694222,36.30799865722656
63563.565560228446,36.30799865722656
63563.632393514665,36.38100051879883
63563.69922680089,36.236000061035156
63563.76606008711,36.236000061035156
63563.832893373336,36.20800018310547
63563.89972665956,36.20800018310547
63563.96655994578,36.292999267578125
63564.033393232006,36.292999267578125
63564.10022651823,36.26900100708008
63564.16705980445,36.26900100708008
63564.23389309068,36.26900100708008
63564.300726376896,36.32899856567383
63564.36755966312,36.35499954223633
63564.43439294935,36.35499954223633
63564.50122623557,36.2599983215332
63564.56805952179,36.18299865722656
63564.63489280801,36.18299865722656
63564.70172609424,36.18299865722656
63564.76855938046,36.18299865722656
63564.83539266668,36.1150016784668
63564.90222595291,36.22700119018555
63564.96905923913,36.22700119018555
63565.03589252535,36.275001525878906
63565.10272581158,36.275001525878906
63565.1695590978,36.275001525878906
63565.236392384024,36.22600173950195
63565.30322567024,36.132999420166016
63565.37005895647,36.132999420166016
63565.436892242695,36.19900131225586
63565.50372552891,36.19900131225586
63565.57055881514,36.19900131225586
63565.63739210136,36.19300079345703
63565.704225387584,36.11899948120117
63565.77105867381,36.11899948120117
63565.83789196003,36.19300079345703
63565.904725246255,36.19300079345703
63565.971558532474,36.19300079345703
63566.0383918187,36.224998474121094
63566.105225104926,36.310001373291016
63566.172058391145,36.310001373291016
63566.23889167737,36.3120002746582
63566.30572496359,36.3120002746582
63566.372558249815,36.3120002746582
63566.43939153604,36.277000427246094
63566.50622482226,36.154998779296875
63566.573058108486,36.154998779296875
63566.639891394705,36.279998779296875
63566.70672468093,36.33399963378906
63566.77355796716,36.33399963378906
63566.840391253376,36.33399963378906
63566.9072245396,36.21500015258789
63566.97405782582,36.21500015258789
63567.04089111205,36.27000045776367
63567.10772439827,36.4010009765625
63567.17455768449,36.4010009765625
63567.24139097072,36.4010009765625
63567.308224256936,36.4010009765625
63567.37505754316,36.20899963378906
63567.44189082939,36.196998596191406
63567.50872411561,36.196998596191406
63567.57555740183,36.22700119018555
63567.64239068805,36.22700119018555
63567.70922397428,36.22700119018555
63567.776057260504,36.2400016784668
63567.84289054672,36.2400016784668
63567.90972383295,36.31700134277344
63567.97655711917,36.24300003051758
63568.04339040539,36.24300003051758
63568.11022369162,36.14099884033203
63568.17705697784,36.14099884033203
63568.243890264064,36.14099884033203
63568.31072355028,36.09600067138672
63568.37755683651,36.112998962402344
63568.444390122735,36.112998962402344
63568.511223408954,36.154998779296875
63568.57805669518,36.154998779296875
63568.6448899814,36.154998779296875
63568.711723267625,36.17300033569336
63568.77855655385,36.25199890136719
63568.84538984007,36.25199890136719
63568.912223126295,36.2859992980957
63568.979056412514,36.26599884033203
63569.04588969874,36.26599884033203
63569.112722984966,36.26599884033203
63569.179556271185,36.18600082397461
63569.24638955741,36.18600082397461
63569.31322284363,36.32899856567383
63569.380056129856,36.284000396728516
63569.44688941608,36.284000396728516
63569.5137227023,36.284000396728516
63569.58055598853,36.284000396728516
63569.647389274745,36.15800094604492
63569.71422256097,36.209999084472656
63569.7810558472,36.209999084472656
63569.847889133416,36.30400085449219
63569.91472241964,36.30400085449219
63569.98155570586,36.30400085449219
63570.04838899209,36.27299880981445
63570.11522227831,36.224998474121094
63570.18205556453,36.224998474121094
63570.24888885076,36.310001373291016
63570.31572213698,36.310001373291016
63570.3825554232,36.310001373291016
63570.44938870943,36.34700012207031
63570.51622199565,36.25600051879883
63570.58305528187,36.25600051879883
63570.64988856809,36.28799819946289
63570.71672185432,36.28799819946289
63570.783555140544,36.28799819946289
63570.85038842676,36.37300109863281
63570.91722171299,36.3390007019043
63570.98405499921,36.3390007019043
63571.050888285434,36.32400131225586
63571.11772157166,36.32400131225586
63571.18455485788,36.32400131225586
63571.251388144105,36.21099853515625
63571.31822143032,36.198001861572266
63571.38505471655,36.198001861572266
63571.451888002775,36.19200134277344
63571.518721288994,36.18899917602539
63571.58555457522,36.18899917602539
63571.65238786144,36.18899917602539
63571.719221147665,36.18899917602539
63571.78605443389,36.15299987792969
63571.85288772011,36.137001037597656
63571.919721006336,36.137001037597656
63571.986554292555,36.20100021362305
63572.05338757878,36.20100021362305
63572.12022086501,36.20100021362305
63572.187054151225,36.19300079345703
63572.25388743745,36.22600173950195
63572.32072072368,36.22600173950195
63572.387554009896,36.23899841308594
63572.45438729612,36.23899841308594
63572.52122058234,36.23899841308594
63572.58805386857,36.244998931884766
63572.65488715479,36.319000244140625
63572.72172044101,36.319000244140625
63572.78855372724,36.314998626708984
63572.85538701346,36.314998626708984
63572.92222029968,36.314998626708984
63572.98905358591,36.24300003051758
63573.05588687213,36.24300003051758
63573.12272015835,36.31800079345703
63573.18955344457,36.314998626708984
63573.2563867308,36.314998626708984
63573.323220017024,36.3129997253418
63573.39005330324,36.242000579833984
63573.45688658947,36.242000579833984
63573.52371987569,36.242000579833984
63573.590553161914,36.21099853515625
63573.65738644814,36.21099853515625
63573.72421973436,36.198001861572266
63573.791053020585,36.22700119018555
63573.8578863068,36.22700119018555
63573.92471959303,36.22700119018555
63573.991552879255,36.22700119018555
63574.058386165474,36.34700012207031
63574.1252194517,36.29199981689453
63574.19205273792,36.29199981689453
63574.258886024145,36.30400085449219
63574.32571931037,36.30400085449219
63574.39255259659,36.30400085449219
63574.459385882816,36.237998962402344
63574.526219169034,36.20899963378906
63574.59305245526,36.20899963378906
63574.65988574149,36.196998596191406
63574.726719027705,36.196998596191406
63574.79355231393,36.196998596191406
63574.86038560015,36.19200134277344
63574.927218886376,36.15399932861328
63574.9940521726,36.15399932861328
63575.06088545882,36.24399948120117
63575.12771874505,36.24399948120117
63575.194552031266,36.24399948120117
63575.26138531749,36.24700164794922
63575.32821860372,36.284000396728516
63575.39505188994,36.284000396728516
63575.46188517616,36.26499938964844
63575.52871846238,36.29199981689453
63575.59555174861,36.29199981689453
63575.66238503483,36.29199981689453
63575.72921832105,36.196998596191406
63575.79605160728,36.196998596191406
63575.8628848935,36.26300048828125
63575.92971817972,36.29100036621094
63575.99655146595,36.29100036621094
63576.06338475217,36.29100036621094
63576.130218038394,36.29100036621094
63576.19705132461,36.196998596191406
63576.26388461084,36.22700119018555
63576.330717897064,36.22700119018555
63576.39755118328,36.275001525878906
63576.46438446951,36.275001525878906
63576.53121775573,36.275001525878906
63576.598051041954,36.26100158691406
63576.66488432818,36.255001068115234
63576.7317176144,36.255001068115234
63576.798550900625,36.25199890136719
63576.86538418684,36.25199890136719
63576.93221747307,36.25199890136719
63576.999050759296,36.321998596191406
63577.065884045514,36.31700134277344
63577.13271733174,36.31700134277344
63577.19955061796,36.24300003051758
63577.266383904185,36.24300003051758
63577.33321719041,36.24300003051758
63577.40005047663,36.24700164794922
63577.466883762856,36.31999969482422
63577.533717049075,36.31999969482422
63577.6005503353,36.279998779296875
63577.66738362153,36.279998779296875
63577.734216907746,36.279998779296875
63577.80105019397,36.29899978637695
63577.86788348019,36.270999908447266
63577.93471676642,36.270999908447266
63578.00155005264,36.4010009765625
63578.06838333886,36.4010009765625
63578.13521662509,36.38600158691406
63578.202049911306,36.38600158691406
63578.26888319753,36.27299880981445
63578.33571648376,36.27299880981445
63578.40254976998,36.27299880981445
63578.4693830562,36.18899917602539
63578.53621634242,36.25899887084961
63578.60304962865,36.25899887084961
63578.66988291487,36.28900146484375
63578.73671620109,36.28900146484375
63578.80354948732,36.28900146484375
63578.87038277354,36.3380012512207
63578.93721605976,36.25299835205078
63579.00404934599,36.25299835205078
63579.07088263221,36.215999603271484
63579.137715918434,36.215999603271484
63579.20454920466,36.215999603271484
63579.27138249088,36.305999755859375
63579.338215777105,36.27399826049805
63579.40504906332,36.27399826049805
63579.47188234955,36.33100128173828
63579.538715635776,36.33100128173828
63579.605548921994,36.33100128173828
63579.67238220822,36.32099914550781
63579.73921549444,36.316001892089844
63579.806048780665,36.316001892089844
63579.87288206689,36.24300003051758
63579.93971535311,36.24300003051758
63580.006548639336,36.24300003051758
63580.073381925555,36.24700164794922
63580.14021521178,36.284000396728516
63580.20704849801,36.284000396728516
63580.273881784226,36.33599853515625
63580.34071507045,36.33599853515625
63580.40754835667,36.2869987487793
63580.474381642896,36.2869987487793
63580.54121492912,36.2869987487793
63580.60804821534,36.23099899291992
63580.67488150157,36.277000427246094
63580.741714787786,36.277000427246094
63580.80854807401,36.33300018310547
63580.87538136024,36.33300018310547
63580.94221464646,36.33300018310547
63581.00904793268,36.25
63581.0758812189,36.25
63581.14271450513,36.25
63581.20954779135,36.17900085449219
63581.27638107757,36.17900085449219
63581.3432143638,36.17900085449219
63581.41004765002,36.255001068115234
63581.47688093624,36.180999755859375
63581.54371422247,36.180999755859375
63581.61054750869,36.180999755859375
63581.677380794914,36.20600128173828
63581.74421408113,36.301998138427734
63581.81104736736,36.301998138427734
63581.877880653585,36.27299880981445
63581.9447139398,36.29499816894531
63582.01154722603,36.29499816894531
63582.07838051225,36.29499816894531
63582.145213798474,36.34000015258789
63582.2120470847,36.34000015258789
63582.27888037092,36.395999908447266
63582.345713657145,36.347999572753906
63582.412546943364,36.347999572753906
63582.47938022959,36.347999572753906
63582.546213515816,36.347999572753906
63582.613046802035,36.22200012207031
63582.67988008826,36.380001068115234
63582.74671337448,36.380001068115234
63582.813546660705,36.448001861572266
63582.88037994693,36.448001861572266
63582.94721323315,36.448001861572266
63583.014046519376,36.26499938964844
63583.080879805595,36.26499938964844
63583.14771309182,36.362998962402344
63583.21454637805,36.33399963378906
63583.281379664266,36.33399963378906
63583.34821295049,36.356998443603516
63583.41504623671,36.356998443603516
63583.48187952294,36.356998443603516
63583.54871280916,36.367000579833984
63583.61554609538,36.33599853515625
63583.68237938161,36.33599853515625
63583.749212667826,36.2869987487793
63583.81604595405,36.2869987487793
63583.88287924028,36.2869987487793
63583.9497125265,36.33700180053711
63584.01654581272,36.28799819946289
63584.08337909894,36.28799819946289
63584.15021238517,36.26599884033203
63584.217045671394,36.292999267578125
63584.28387895761,36.292999267578125
63584.35071224384,36.292999267578125
63584.41754553006,36.30400085449219
63584.48437881628,36.30400085449219
63584.55121210251,36.237998962402344
63584.61804538873,36.237998962402344
63584.684878674954,36.244998931884766
63584.75171196117,36.244998931884766
63584.8185452474,36.244998931884766
63584.885378533625,36.21200180053711
63584.952211819844,36.30500030517578
63585.01904510607,36.30500030517578
63585.08587839229,36.27399826049805
63585.152711678515,36.27399826049805
63585.21954496474,36.27399826049805
63585.28637825096,36.224998474121094
63585.353211537185,36.310001373291016
63585.420044823404,36.310001373291016
63585.48687810963,36.31100082397461
63585.553711395856,36.31100082397461
63585.620544682075,36.31100082397461
63585.6873779683,36.277000427246094
63585.75421125452,36.297000885009766
63585.821044540746,36.297000885009766
63585.88787782697,36.27000045776367
63585.95471111319,36.27000045776367
63586.02154439942,36.27000045776367
63586.088377685635,36.3650016784668
63586.15521097186,36.29999923706055
63586.22204425809,36.29999923706055
63586.288877544306,36.27199935913086
63586.35571083053,36.27199935913086
63586.42254411675,36.27199935913086
63586.48937740298,36.29499816894531
63586.5562106892,36.30500030517578
63586.62304397542,36.30500030517578
63586.68987726165,36.345001220703125
63586.75671054787,36.36199951171875
63586.82354383409,36.36199951171875
63586.89037712032,36.36199951171875
63586.95721040654,36.29800033569336
63587.02404369276,36.29800033569336
63587.09087697899,36.34199905395508
63587.15771026521,36.34199905395508
63587.224543551434,36.32500076293945
63587.29137683765,36.32500076293945
63587.35821012388,36.32500076293945
63587.425043410105,36.31800079345703
63587.491876696324,36.38600158691406
63587.55870998255,36.38600158691406
63587.62554326877,36.380001068115234
63587.692376554995,36.380001068115234
63587.75920984122,36.380001068115234
63587.82604312744,36.305999755859375
63587.892876413665,36.310001373291016
63587.959709699884,36.310001373291016
63588.02654298611,36.31100082397461
63588.093376272336,36.31100082397461
63588.160209558555,36.31100082397461
63588.22704284478,36.3120002746582
63588.293876131,36.3120002746582
63588.360709417226,36.277000427246094
63588.42754270345,36.262001037597656
63588.49437598967,36.262001037597656
63588.5612092759,36.220001220703125
63588.628042562115,36.30799865722656
63588.69487584834,36.30799865722656
63588.76170913457,36.30799865722656
63588.828542420786,36.30799865722656
63588.89537570701,36.275001525878906
63588.96220899323,36.332000732421875
63589.02904227946,36.332000732421875
63589.09587556568,36.35599899291992
63589.1627088519,36.35599899291992
63589.22954213813,36.35599899291992
63589.29637542435,36.33100128173828
63589.36320871057,36.391998291015625
63589.4300419968,36.391998291015625
63589.49687528302,36.31100082397461
63589.56370856924,36.31100082397461
63589.63054185546,36.31100082397461
63589.69737514169,36.24100112915039
63589.764208427914,36.28200149536133
63589.83104171413,36.28200149536133
63589.89787500036,36.404998779296875
63589.96470828658,36.404998779296875
63590.031541572804,36.404998779296875
63590.09837485903,36.35300064086914
63590.16520814525,36.29399871826172
63590.232041431474,36.29399871826172
63590.29887471769,36.23400115966797
63590.36570800392,36.23400115966797
63590.432541290145,36.23400115966797
63590.499374576364,36.31399917602539
63590.56620786259,36.3489990234375
63590.63304114881,36.3489990234375
63590.699874435035,36.292999267578125
63590.76670772126,36.268001556396484
63590.83354100748,36.268001556396484
63590.900374293706,36.268001556396484
63590.967207579924,36.268001556396484
63591.03404086615,36.32899856567383
63591.10087415238,36.31999969482422
63591.167707438595,36.31999969482422
63591.23454072482,36.244998931884766
63591.30137401104,36.244998931884766
63591.368207297266,36.244998931884766
63591.43504058349,36.21200180053711
63591.50187386971,36.198001861572266
63591.56870715594,36.198001861572266
63591.635540442156,36.33399963378906
63591.70237372838,36.33399963378906
63591.76920701461,36.33399963378906
63591.83604030083,36.321998596191406
63591.90287358705,36.24599838256836
63591.96970687327,36.24599838256836
63592.0365401595,36.24800109863281
63592.10337344572,36.24800109863281
63592.17020673194,36.24800109863281
63592.23704001817,36.28499984741211
63592.30387330439,36.194000244140625
63592.37070659061,36.194000244140625
63592.43753987684,36.26100158691406
63592.50437316306,36.26100158691406
63592.57120644928,36.26100158691406
63592.6380397355,36.32600021362305
63592.70487302173,36.28300094604492
63592.771706307954,36.28300094604492
63592.83853959417,36.263999938964844
63592.9053728804,36.29199981689453
63592.97220616662,36.29199981689453
63593.039039452844,36.29199981689453
63593.10587273907,36.268001556396484
63593.17270602529,36.268001556396484
63593.239539311515,36.292999267578125
63593.30637259773,36.292999267578125
63593.37320588396,36.34000015258789
63593.440039170186,36.34000015258789
63593.506872456404,36.39500045776367
63593.57370574263,36.39500045776367
63593.64053902885,36.39500045776367
63593.707372315075,36.347999572753906
63593.7742056013,36.362998962402344
63593.84103888752,36.362998962402344
63593.907872173746,36.404998779296875
63593.97470545997,36.404998779296875
63594.04153874619,36.404998779296875
63594.10837203242,36.24599838256836
63594.175205318636,36.2130012512207
63594.24203860486,36.2130012512207
63594.30887189109,36.34000015258789
63594.37570517731,36.34000015258789
63594.44253846353,36.34000015258789
63594.50937174975,36.36000061035156
63594.57620503598,36.33300018310547
63594.6430383222,36.33300018310547
63594.70987160842,36.356998443603516
63594.77670489465,36.356998443603516
63594.84353818087,36.356998443603516
63594.91037146709,36.332000732421875
63594.97720475332,36.25
63595.04403803954,36.25
63595.11087132576,36.28499984741211
63595.17770461198,36.28499984741211
63595.24453789821,36.28499984741211
63595.311371184434,36.30099868774414
63595.37820447065,36.34299850463867
63595.44503775688,36.34299850463867
63595.5118710431,36.290000915527344
63595.578704329324,36.303001403808594
63595.64553761555,36.303001403808594
63595.71237090177,36.303001403808594
63595.779204187995,36.303001403808594
63595.84603747421,36.415000915527344
63595.91287076044,36.428001403808594
63595.979704046666,36.428001403808594
63596.046537332884,36.39799880981445
63596.11337061911,36.39799880981445
63596.18020390533,36.39799880981445
63596.247037191555,36.31399917602539
63596.31387047778,36.242000579833984
63596.380703764,36.242000579833984
63596.447537050226,36.38800048828125
63596.514370336445,36.38800048828125
63596.58120362267,36.38800048828125
63596.6480369089,36.345001220703125
63596.714870195116,36.36199951171875
63596.78170348134,36.36199951171875
63596.84853676756,36.36899948120117
63596.915370053786,36.36899948120117
63596.98220334001,36.36899948120117
63597.04903662623,36.444000244140625
63597.11586991246,36.439998626708984
63597.182703198676,36.439998626708984
63597.2495364849,36.36800003051758
63597.31636977113,36.44300079345703
63597.38320305735,36.44300079345703
63597.45003634357,36.44300079345703
63597.51686962979,36.439998626708984
63597.58370291602,36.439998626708984
63597.65053620224,36.40299987792969
63597.71736948846,36.244998931884766
63597.78420277469,36.244998931884766
63597.85103606091,36.244998931884766
63597.91786934713,36.244998931884766
63597.98470263336,36.28300094604492
63598.05153591958,36.37099838256836
63598.118369205804,36.37099838256836
63598.18520249202,36.301998138427734
63598.25203577825,36.301998138427734
63598.318869064475,36.301998138427734
63598.38570235069,36.30799865722656
63598.45253563692,36.30799865722656
63598.51936892314,36.31100082397461
63598.586202209364,36.34700012207031
63598.65303549559,36.34700012207031
63598.71986878181,36.32699966430664
63598.786702068035,36.32699966430664
63598.853535354254,36.32699966430664
63598.92036864048,36.319000244140625
63598.987201926706,36.24399948120117
63599.054035212925,36.24399948120117
63599.12086849915,36.354000091552734
63599.18770178537,36.354000091552734
63599.254535071595,36.354000091552734
63599.32136835782,36.33000183105469
63599.38820164404,36.249000549316406
63599.455034930266,36.249000549316406
63599.521868216485,36.28499984741211
63599.58870150271,36.28499984741211
63599.65553478894,36.28499984741211
63599.722368075156,36.40700149536133
63599.78920136138,36.388999938964844
63599.8560346476,36.388999938964844
63599.92286793383,36.34600067138672
63599.98970122005,36.39799880981445
63600.05653450627,36.39799880981445
63600.1233677925,36.39799880981445
63600.190201078716,36.39799880981445
63600.25703436494,36.3849983215332
63600.32386765117,36.486000061035156
63600.39070093739,36.486000061035156
63600.45753422361,36.387001037597656
63600.52436750983,36.387001037597656
63600.59120079606,36.393001556396484
63600.658034082284,36.393001556396484
63600.7248673685,36.34700012207031
63600.79170065473,36.34700012207031
63600.85853394095,36.34700012207031
63600.92536722717,36.362998962402344
63600.9922005134,36.33399963378906
63601.05903379962,36.33399963378906
63601.125867085844,36.356998443603516
63601.19270037206,36.356998443603516
63601.25953365829,36.356998443603516
63601.326366944515,36.26100158691406
63601.393200230734,36.255001068115234
63601.46003351696,36.255001068115234
63601.52686680318,36.28799819946289
63601.593700089405,36.33700180053711
63601.66053337563,36.33700180053711
63601.72736666185,36.33700180053711
63601.794199948075,36.28799819946289
63601.861033234294,36.28799819946289
63601.92786652052,36.37300109863281
63601.994699806746,36.374000549316406
63602.061533092965,36.374000549316406
63602.12836637919,36.374000549316406
63602.19519966542,36.374000549316406
63602.262032951636,36.3390007019043
63602.32886623786,36.32400131225586
63602.39569952408,36.32400131225586
63602.46253281031,36.28200149536133
63602.52936609653,36.28200149536133
63602.59619938275,36.28200149536133
63602.66303266898,36.40599822998047
63602.729865955196,36.35300064086914
63602.79669924142,36.35300064086914
63602.86353252765,36.3650016784668
63602.93036581387,36.3650016784668
63602.99719910009,36.3650016784668
63603.06403238631,36.40599822998047
63603.13086567254,36.35300064086914
63603.197698958764,36.35300064086914
63603.26453224498,36.4010009765625
63603.33136553121,36.4010009765625
63603.39819881743,36.4010009765625
63603.46503210365,36.38600158691406
63603.53186538988,36.38600158691406
63603.5986986761,36.27299880981445
63603.665531962324,36.367000579833984
63603.73236524854,36.367000579833984
63603.79919853477,36.33599853515625
63603.866031820995,36.33599853515625
63603.932865107214,36.33599853515625
63603.99969839344,36.2869987487793
63604.06653167966,36.37200164794922
63604.133364965885,36.37200164794922
63604.20019825211,36.374000549316406
63604.26703153833,36.375
63604.333864824555,36.375
63604.400698110774,36.375
63604.467531397,36.375
63604.534364683226,36.30400085449219
63604.601197969445,36.27299880981445
63604.66803125567,36.27299880981445
63604.73486454189,36.29600143432617
63604.801697828116,36.29600143432617
63604.86853111434,36.29600143432617
63604.93536440056,36.446998596191406
63605.00219768679,36.40599822998047
63605.069030973005,36.40599822998047
63605.13586425923,36.45899963378906
63605.20269754546,36.45899963378906
63605.269530831676,36.45899963378906
63605.3363641179,36.375999450683594
63605.40319740412,36.30500030517578
63605.47003069035,36.30500030517578
63605.53686397657,36.345001220703125
63605.60369726279,36.345001220703125
63605.67053054902,36.345001220703125
63605.73736383524,36.32600021362305
63605.80419712146,36.32600021362305
63605.87103040769,36.36600112915039
63605.93786369391,36.33599853515625
63606.00469698013,36.33599853515625
63606.07153026635,36.33599853515625
63606.13836355258,36.393001556396484
63606.205196838804,36.393001556396484
63606.27203012502,36.277000427246094
63606.33886341125,36.36800003051758
63606.40569669747,36.36800003051758
63606.472529983694,36.36800003051758
63606.53936326992,36.36800003051758
63606.60619655614,36.37200164794922
63606.673029842364,36.374000549316406
63606.73986312858,36.374000549316406
63606.80669641481,36.3390007019043
63606.873529701035,36.3390007019043
63606.940362987254,36.3390007019043
63607.00719627348,36.43000030517578
63607.0740295597,36.433998107910156
63607.140862845925,36.433998107910156
63607.20769613215,36.33000183105469
63607.27452941837,36.33000183105469
63607.341362704596,36.33000183105469
63607.408195990814,36.31999969482422
63607.47502927704,36.422000885009766
63607.54186256327,36.422000885009766
63607.608695849485,36.36000061035156
63607.67552913571,36.36000061035156
63607.74236242193,36.36000061035156
63607.809195708156,36.33300018310547
63607.87602899438,36.2859992980957
63607.9428622806,36.2859992980957
63608.00969556683,36.30099868774414
63608.076528853046,36.30099868774414
63608.14336213927,36.30099868774414
63608.2101954255,36.41400146484375
63608.27702871172,36.35599899291992
63608.34386199794,36.35599899291992
63608.41069528416,36.29600143432617
63608.47752857039,36.29600143432617
63608.54436185661,36.23400115966797
63608.61119514283,36.23400115966797
63608.67802842906,36.3849983215332
63608.74486171528,36.3849983215332
63608.8116950015,36.3849983215332
63608.87852828773,36.34400177001953
63608.94536157395,36.29100036621094
63609.01219486017,36.29100036621094
63609.0790281464,36.374000549316406
63609.14586143262,36.374000549316406
63609.212694718844,36.374000549316406
63609.27952800506,36.40999984741211
63609.34636129129,36.35499954223633
63609.413194577515,36.35499954223633
63609.480027863734,36.36600112915039
63609.54686114996,36.36600112915039
63609.61369443618,36.36600112915039
63609.680527722405,36.40700149536133
63609.74736100863,36.42399978637695
63609.81419429485,36.42399978637695
63609.881027581076,36.43199920654297
63609.947860867294,36.43199920654297
63610.01469415352,36.43199920654297
63610.08152743975,36.435001373291016
63610.148360725965,36.43600082397461
63610.21519401219,36.43600082397461
63610.28202729841,36.47200012207031
63610.348860584636,36.34600067138672
63610.41569387086,36.34600067138672
63610.48252715708,36.34600067138672
63610.54936044331,36.34600067138672
63610.616193729526,36.25600051879883
63610.68302701575,36.32400131225586
63610.74986030198,36.32400131225586
63610.816693588196,36.38800048828125
63610.88352687442,36.38800048828125
63610.95036016064,36.38800048828125
63611.01719344687,36.38100051879883
63611.08402673309,36.37699890136719
63611.15086001931,36.37699890136719
63611.21769330554,36.27000045776367
63611.28452659176,36.27000045776367
63611.35135987798,36.27000045776367
63611.41819316421,36.32899856567383
63611.48502645043,36.284000396728516
63611.55185973665,36.284000396728516
63611.61869302287,36.26499938964844
63611.6855263091,36.26499938964844
63611.752359595324,36.26499938964844
63611.81919288154,36.29199981689453
63611.88602616777,36.375
63611.95285945399,36.375
63612.019692740214,36.44599914550781
63612.08652602644,36.44599914550781
63612.15335931266,36.44599914550781
63612.220192598885,36.441001892089844
63612.2870258851,36.43899917602539
63612.35385917133,36.43899917602539
63612.420692457556,36.50899887084961
63612.487525743774,36.46799850463867
63612.55435903,36.46799850463867
63612.62119231622,36.46799850463867
63612.688025602445,36.345001220703125
63612.75485888867,36.345001220703125
63612.82169217489,36.36199951171875
63612.888525461116,36.36199951171875
63612.955358747335,36.404998779296875
63613.02219203356,36.404998779296875
63613.08902531979,36.404998779296875
63613.155858606005,36.38800048828125
63613.22269189223,36.38100051879883
63613.28952517845,36.38100051879883
63613.356358464676,36.34199905395508
63613.4231917509,36.34199905395508
63613.49002503712,36.34199905395508
63613.55685832335,36.361000061035156
63613.623691609566,36.361000061035156
63613.69052489579,36.36899948120117
63613.75735818202,36.40800094604492
63613.82419146824,36.40800094604492
63613.89102475446,36.42499923706055
63613.95785804068,36.42499923706055
63614.02469132691,36.42499923706055
63614.09152461313,36.43199920654297
63614.15835789935,36.435001373291016
63614.22519118558,36.435001373291016
63614.2920244718,36.4010009765625
63614.35885775802,36.4010009765625
63614.42569104425,36.4010009765625
63614.49252433047,36.422000885009766
63614.559357616694,36.430999755859375
63614.62619090291,36.430999755859375
63614.69302418914,36.435001373291016
63614.759857475365,36.435001373291016
63614.82669076158,36.435001373291016
63614.89352404781,36.3650016784668
63614.96035733403,36.334999084472656
63615.027190620254,36.334999084472656
63615.09402390648,36.42900085449219
63615.1608571927,36.39799880981445
63615.227690478925,36.39799880981445
63615.294523765144,36.39799880981445
63615.36135705137,36.3849983215332
63615.428190337596,36.3849983215332
63615.495023623815,36.30799865722656
63615.56185691004,36.30799865722656
63615.62869019626,36.34600067138672
63615.695523482485,36.34600067138672
63615.76235676871,36.34600067138672
63615.82919005493,36.39799880981445
63615.896023341156,36.41999816894531
63615.962856627375,36.41999816894531
63616.0296899136,36.43000030517578
63616.09652319983,36.43000030517578
63616.163356486046,36.43000030517578
63616.23018977227,36.470001220703125
63616.29702305849,36.45100021362305
63616.36385634472,36.45100021362305
63616.43068963094,36.444000244140625
63616.49752291716,36.444000244140625
63616.56435620339,36.444000244140625
63616.631189489606,36.404998779296875
63616.69802277583,36.42300033569336
63616.76485606206,36.42300033569336
63616.83168934828,36.395999908447266
63616.8985226345,36.395999908447266
63616.96535592072,36.395999908447266
63617.03218920695,36.41899871826172
63617.099022493174,36.43000030517578
63617.16585577939,36.43000030517578
63617.23268906562,36.362998962402344
63617.299522351845,36.404998779296875
63617.36635563806,36.404998779296875
63617.43318892429,36.404998779296875
63617.50002221051,36.38800048828125
63617.566855496734,36.38800048828125
63617.63368878296,36.38100051879883
63617.70052206918,36.30699920654297
63617.767355355405,36.30699920654297
63617.834188641624,36.30699920654297
63617.90102192785,36.30699920654297
63617.967855214076,36.38100051879883
63618.034688500295,36.30699920654297
63618.10152178652,36.30699920654297
63618.16835507274,36.345001220703125
63618.235188358965,36.345001220703125
63618.30202164519,36.345001220703125
63618.36885493141,36.32699966430664
63618.435688217636,36.38999938964844
63618.502521503855,36.38999938964844
63618.56935479008,36.41699981689453
63618.63618807631,36.41699981689453
63618.703021362526,36.41699981689453
63618.76985464875,36.42900085449219
63618.83668793497,36.42900085449219
63618.9035212212,36.29199981689453
63618.97035450742,36.3390007019043
63619.03718779364,36.3390007019043
63619.10402107987,36.39500045776367
63619.170854366086,36.38399887084961
63619.23768765231,36.38399887084961
63619.30452093854,36.38399887084961
63619.37135422476,36.27199935913086
63619.43818751098,36.27199935913086
63619.5050207972,36.402000427246094
63619.57185408343,36.38600158691406
63619.638687369654,36.38600158691406
63619.70552065587,36.38600158691406
63619.7723539421,36.38600158691406
63619.83918722832,36.345001220703125
63619.90602051454,36.36199951171875
63619.97285380077,36.36199951171875
63620.03968708699,36.36899948120117
63620.106520373214,36.36899948120117
63620.17335365943,36.36899948120117
63620.24018694566,36.37300109863281
63620.307020231885,36.409000396728516
63620.373853518104,36.409000396728516
63620.44068680433,36.354000091552734
63620.50752009055,36.354000091552734
63620.574353376775,36.354000091552734
63620.641186663,36.402000427246094
63620.70801994922,36.38600158691406
63620.774853235445,36.38600158691406
63620.841686521664,36.380001068115234
63620.90851980789,36.380001068115234
63620.975353094116,36.380001068115234
63621.042186380335,36.48400115966797
63621.10901966656,36.422000885009766
63621.17585295278,36.422000885009766
63621.242686239006,36.39500045776367
63621.30951952523,36.39500045776367
63621.37635281145,36.39500045776367
63621.44318609768,36.38399887084961
63621.510019383895,36.41400146484375
63621.57685267012,36.41400146484375
63621.64368595635,36.391998291015625
63621.710519242566,36.417999267578125
63621.77735252879,36.417999267578125
63621.84418581501,36.417999267578125
63621.91101910124,36.323001861572266
63621.97785238746,36.323001861572266
63622.04468567368,36.31700134277344
63622.11151895991,36.31700134277344
63622.17835224613,36.45600128173828
63622.24518553235,36.45600128173828
63622.31201881858,36.45600128173828
63622.3788521048,36.375
63622.44568539102,36.375
63622.51251867724,36.375
63622.57935196347,36.3390007019043
63622.646185249694,36.3390007019043
63622.71301853591,36.3390007019043
63622.77985182214,36.39500045776367
63622.84668510836,36.41899871826172
63622.913518394584,36.41899871826172
63622.98035168081,36.46500015258789
63623.04718496703,36.46500015258789
63623.114018253254,36.46500015258789
63623.18085153947,36.34299850463867
63623.2476848257,36.361000061035156
63623.314518111925,36.361000061035156
63623.381351398144,36.474998474121094
63623.44818468437,36.474998474121094
63623.51501797059,36.474998474121094
63623.581851256815,36.347999572753906
63623.64868454304,36.39899826049805
63623.71551782926,36.39899826049805
63623.782351115486,36.349998474121094
63623.849184401704,36.349998474121094
63623.91601768793,36.470001220703125
63623.98285097416,36.48699951171875
63624.049684260375,36.48699951171875
63624.1165175466,36.48699951171875
63624.18335083283,36.48699951171875
63624.250184119046,36.42399978637695
63624.31701740527,36.395999908447266
63624.38385069149,36.395999908447266
63624.45068397772,36.45500183105469
63624.51751726394,36.45500183105469
63624.58435055016,36.45500183105469
63624.65118383639,36.44499969482422
63624.71801712261,36.369998931884766
63624.78485040883,36.369998931884766
63624.85168369506,36.40800094604492
63624.91851698128,36.40800094604492
63624.9853502675,36.40800094604492
63625.05218355372,36.42499923706055
63625.11901683995,36.361000061035156
63625.185850126174,36.361000061035156
63625.25268341239,36.36899948120117
63625.31951669862,36.36899948120117
63625.38634998484,36.36899948120117
63625.45318327106,36.479000091552734
63625.52001655729,36.41999816894531
63625.58684984351,36.41999816894531
63625.653683129734,36.500999450683594
63625.72051641595,36.500999450683594
63625.78734970218,36.500999450683594
63625.854182988405,36.39400100708008
63625.921016274624,36.45399856567383
63625.98784956085,36.45399856567383
63626.05468284707,36.51599884033203
63626.121516133295,36.50699996948242
63626.18834941952,36.50699996948242
63626.25518270574,36.50699996948242
63626.322015991966,36.39699935913086
63626.388849278184,36.39699935913086
63626.45568256441,36.45500183105469
63626.52251585064,36.45500183105469
63626.589349136855,36.551998138427734
63626.65618242308,36.551998138427734
63626.7230157093,36.551998138427734
63626.789848995526,36.48699951171875
63626.85668228175,36.31700134277344
63626.92351556797,36.31700134277344
63626.9903488542,36.31399917602539
63627.057182140416,36.31399917602539
63627.12401542664,36.31399917602539
63627.19084871287,36.3129997253418
63627.257681999086,36.3129997253418
63627.32451528531,36.3129997253418
63627.39134857153,36.347999572753906
63627.45818185776,36.347999572753906
63627.52501514398,36.347999572753906
63627.5918484302,36.362998962402344
63627.65868171643,36.369998931884766
63627.72551500265,36.369998931884766
63627.79234828887,36.37300109863281
63627.8591815751,36.37300109863281
63627.92601486132,36.37300109863281
63627.99284814754,36.3390007019043
63628.05968143376,36.39500045776367
63628.12651471999,36.39500045776367
63628.193348006214,36.38399887084961
63628.26018129243,36.38399887084961
63628.32701457866,36.38399887084961
63628.39384786488,36.48500061035156
63628.460681151104,36.45800018310547
63628.52751443733,36.45800018310547
63628.59434772355,36.4109992980957
63628.661181009775,36.42599868774414
63628.72801429599,36.42599868774414
63628.79484758222,36.42599868774414
63628.861680868446,36.42599868774414
63628.928514154664,36.32600021362305
63628.99534744089,36.32600021362305
63629.06218072711,36.388999938964844
63629.129014013335,36.487998962402344
63629.19584729956,36.487998962402344
63629.26268058578,36.494998931884766
63629.329513872006,36.494998931884766
63629.396347158225,36.494998931884766
63629.46318044445,36.49800109863281
63629.53001373068,36.393001556396484
63629.596847016895,36.393001556396484
63629.66368030312,36.48899841308594
63629.73051358934,36.48899841308594
63629.797346875566,36.48899841308594
63629.86418016179,36.459999084472656
63629.93101344801,36.446998596191406
63629.99784673424,36.446998596191406
63630.064680020456,36.47700119018555
63630.13151330668,36.47700119018555
63630.19834659291,36.47700119018555
63630.26517987913,36.59600067138672
63630.33201316535,36.57699966430664
63630.39884645157,36.57699966430664
63630.4656797378,36.49800109863281
63630.53251302402,36.428001403808594
63630.59934631024,36.428001403808594
63630.66617959647,36.428001403808594
63630.73301288269,36.39799880981445
63630.79984616891,36.39799880981445
63630.86667945514,36.49100112915039
63630.93351274136,36.49100112915039
63631.000346027584,36.53200149536133
63631.0671793138,36.53200149536133
63631.13401260003,36.53200149536133
63631.200845886255,36.40700149536133
63631.26767917247,36.388999938964844
63631.3345124587,36.388999938964844
63631.40134574492,36.41699981689453
63631.468179031144,36.41699981689453
63631.53501231737,36.41699981689453
63631.60184560359,36.393001556396484
63631.668678889815,36.34700012207031
63631.735512176034,36.34700012207031
63631.80234546226,36.327999114990234
63631.869178748486,36.327999114990234
63631.936012034705,36.327999114990234
63632.00284532093,36.46099853515625
63632.06967860715,36.448001861572266
63632.136511893375,36.448001861572266
63632.2033451796,36.40599822998047
63632.27017846582,36.40599822998047
63632.337011752046,36.40599822998047
63632.40384503827,36.35300064086914
63632.47067832449,36.50699996948242
63632.53751161072,36.50699996948242
63632.604344896936,36.46799850463867
63632.67117818316,36.486000061035156
63632.73801146939,36.486000061035156
63632.80484475561,36.486000061035156
63632.87167804183,36.49399948120117
63632.93851132805,36.49399948120117
63633.00534461428,36.56800079345703
63633.0721779005,36.56800079345703
63633.13901118672,36.564998626708984
63633.20584447295,36.564998626708984
63633.27267775917,36.564998626708984
63633.33951104539,36.49300003051758
63633.40634433162,36.46099853515625
63633.47317761784,36.46099853515625
63633.540010904064,36.483001708984375
63633.60684419028,36.483001708984375
63633.67367747651,36.483001708984375
63633.740510762735,36.56399917602539
63633.80734404895,36.42100143432617
63633.87417733518,36.42100143432617
63633.9410106214,36.39500045776367
63634.007843907624,36.39500045776367
63634.07467719385,36.39500045776367
63634.14151048007,36.4900016784668
63634.208343766295,36.4900016784668
63634.275177052514,36.53099822998047
63634.34201033874,36.47800064086914
63634.408843624966,36.47800064086914
63634.475676911185,36.3489990234375
63634.54251019741,36.3489990234375
63634.60934348363,36.3489990234375
63634.676176769855,36.435001373291016
63634.74301005608,36.43600082397461
63634.8098433423,36.43600082397461
63634.876676628526,36.4370002746582
63634.943509914745,36.4370002746582
63635.01034320097,36.4370002746582
63635.0771764872,36.4370002746582
63635.144009773416,36.507999420166016
63635.21084305964,36.507999420166016
63635.27767634586,36.50400161743164
63635.34450963209,36.465999603271484
63635.41134291831,36.465999603271484
63635.47817620453,36.465999603271484
63635.54500949076,36.465999603271484
63635.611842776976,36.45000076293945
63635.6786760632,36.40700149536133
63635.74550934943,36.40700149536133
63635.81234263565,36.42399978637695
63635.87917592187,36.42399978637695
63635.94600920809,36.42399978637695
63636.01284249432,36.46699905395508
63636.079675780544,36.45000076293945
63636.14650906676,36.45000076293945
63636.21334235299,36.479000091552734
63636.28017563921,36.479000091552734
63636.34700892543,36.479000091552734
63636.41384221166,36.41999816894531
63636.48067549788,36.46500015258789
63636.547508784104,36.46500015258789
63636.61434207032,36.555999755859375
63636.68117535655,36.555999755859375
63636.748008642775,36.555999755859375
63636.814841928994,36.560001373291016
63636.88167521522,36.59700012207031
63636.94850850144,36.59700012207031
63637.015341787665,36.612998962402344
63637.08217507389,36.51300048828125
63637.14900836011,36.51300048828125
63637.215841646335,36.51300048828125
63637.282674932554,36.50600051879883
63637.34950821878,36.50600051879883
63637.416341505006,36.60900115966797
63637.483174791225,36.60900115966797
63637.55000807745,36.47600173950195
63637.61684136367,36.47600173950195
63637.683674649896,36.47600173950195
63637.75050793612,36.45399856567383
63637.81734122234,36.55099868774414
63637.88417450857,36.55099868774414
63637.951007794785,36.48699951171875
63638.01784108101,36.48699951171875
63638.08467436724,36.48699951171875
63638.151507653456,36.42300033569336
63638.21834093968,36.395999908447266
63638.2851742259,36.395999908447266
63638.35200751213,36.38399887084961
63638.41884079835,36.38399887084961
63638.48567408457,36.38399887084961
63638.5525073708,36.45000076293945
63638.61934065702,36.37200164794922
63638.68617394324,36.37200164794922
63638.75300722947,36.3380012512207
63638.81984051569,36.3380012512207
63638.88667380191,36.3380012512207
63638.95350708813,36.39500045776367
63639.02034037436,36.4900016784668
63639.087173660584,36.4900016784668
63639.1540069468,36.459999084472656
63639.22084023303,36.459999084472656
63639.287673519255,36.446998596191406
63639.354506805474,36.446998596191406
63639.4213400917,36.446998596191406
63639.48817337792,36.47700119018555
63639.555006664144,36.45500183105469
63639.62183995037,36.45500183105469
63639.68867323659,36.51599884033203
63639.755506522815,36.43600082397461
63639.822339809034,36.43600082397461
63639.88917309526,36.43600082397461
63639.956006381486,36.43600082397461
63640.022839667705,36.4370002746582
63640.08967295393,36.54399871826172
63640.15650624015,36.54399871826172
63640.223339526376,36.55400085449219
63640.2901728126,36.55400085449219
63640.35700609882,36.55400085449219
63640.42383938505,36.487998962402344
63640.490672671265,36.38800048828125
63640.55750595749,36.38800048828125
63640.62433924372,36.45199966430664
63640.691172529936,36.45199966430664
63640.75800581616,36.45199966430664
63640.82483910238,36.54999923706055
63640.89167238861,36.486000061035156
63640.95850567483,36.486000061035156
63641.02533896105,36.45899963378906
63641.09217224728,36.45899963378906
63641.1590055335,36.45899963378906
63641.22583881972,36.4109992980957
63641.29267210595,36.46200180053711
63641.35950539217,36.46200180053711
63641.42633867839,36.34199905395508
63641.49317196461,36.32500076293945
63641.56000525084,36.32500076293945
63641.626838537064,36.32500076293945
63641.69367182328,36.388999938964844
63641.76050510951,36.388999938964844
63641.82733839573,36.45199966430664
63641.89417168195,36.45199966430664
63641.96100496818,36.444000244140625
63642.0278382544,36.444000244140625
63642.094671540624,36.444000244140625
63642.16150482684,36.47600173950195
63642.22833811307,36.525001525878906
63642.295171399295,36.525001525878906
63642.362004685514,36.439998626708984
63642.42883797174,36.439998626708984
63642.49567125796,36.439998626708984
63642.562504544185,36.4739990234375
63642.62933783041,36.38199996948242
63642.69617111663,36.38199996948242
63642.763004402856,36.590999603271484
63642.829837689074,36.590999603271484
63642.8966709753,36.590999603271484
63642.96350426153,36.57500076293945
63643.030337547745,36.49700164794922
63643.09717083397,36.49700164794922
63643.16400412019,36.428001403808594
63643.230837406416,36.428001403808594
63643.29767069264,36.428001403808594
63643.36450397886,36.540000915527344
63643.43133726509,36.553001403808594
63643.498170551306,36.553001403808594
63643.56500383753,36.48699951171875
63643.63183712376,36.45899963378906
63643.698670409976,36.45899963378906
63643.7655036962,36.45899963378906
63643.83233698242,36.34000015258789
63643.89917026865,36.34000015258789
63643.96600355487,36.465999603271484
63644.03283684109,36.48500061035156
63644.09967012732,36.48500061035156
63644.16650341354,36.48500061035156
63644.23333669976,36.48500061035156
63644.30016998599,36.42300033569336
63644.36700327221,36.42300033569336
63644.43383655843,36.430999755859375
63644.50066984465,36.470001220703125
63644.56750313088,36.470001220703125
63644.634336417104,36.45199966430664
63644.70116970332,36.45199966430664
63644.76800298955,36.45199966430664
63644.83483627577,36.444000244140625
63644.901669561994,36.439998626708984
63644.96850284822,36.439998626708984
63645.03533613444,36.54499816894531
63645.102169420665,36.54499816894531
63645.16900270688,36.54499816894531
63645.23583599311,36.44900131225586
63645.302669279336,36.40700149536133
63645.369502565554,36.40700149536133
63645.43633585178,36.459999084472656
63645.503169138,36.518001556396484
63645.570002424225,36.518001556396484
63645.63683571045,36.518001556396484
63645.70366899667,36.4370002746582
63645.770502282896,36.4370002746582
63645.837335569115,36.472999572753906
63645.90416885534,36.472999572753906
63645.97100214157,36.41699981689453
63646.037835427785,36.41699981689453
63646.10466871401,36.41699981689453
63646.17150200023,36.42900085449219
63646.238335286456,36.505001068115234
63646.30516857268,36.505001068115234
63646.3720018589,36.50199890136719
63646.43883514513,36.50199890136719
63646.505668431346,36.50199890136719
63646.57250171757,36.43000030517578
63646.6393350038,36.470001220703125
63646.70616829002,36.470001220703125
63646.77300157624,36.48699951171875
63646.83983486246,36.48699951171875
63646.90666814869,36.48699951171875
63646.97350143491,36.49399948120117
63647.04033472113,36.56800079345703
63647.10716800736,36.56800079345703
63647.174001293584,36.564998626708984
63647.2408345798,36.52799987792969
63647.30766786603,36.52799987792969
63647.37450115225,36.52799987792969
63647.441334438474,36.512001037597656
63647.5081677247,36.512001037597656
63647.57500101092,36.470001220703125
63647.641834297145,36.470001220703125
63647.70866758336,36.38100051879883
63647.77550086959,36.38100051879883
63647.842334155815,36.38100051879883
63647.909167442034,36.48400115966797
63647.97600072826,36.52799987792969
63648.04283401448,36.52799987792969
63648.109667300705,36.40599822998047
63648.17650058693,36.40599822998047
63648.24333387315,36.40599822998047
63648.310167159376,36.529998779296875
63648.377000445595,36.47800064086914
63648.44383373182,36.47800064086914
63648.51066701805,36.45500183105469
63648.577500304265,36.45500183105469
63648.64433359049,36.45500183105469
63648.71116687671,36.40999984741211
63648.778000162936,36.38999938964844
63648.84483344916,36.38999938964844
63648.91166673538,36.52299880981445
63648.97850002161,36.52299880981445
63649.045333307826,36.52299880981445
63649.11216659405,36.5099983215332
63649.17899988028,36.46900177001953
63649.2458331665,36.46900177001953
63649.31266645272,36.48699951171875
63649.37949973894,36.564998626708984
63649.44633302517,36.564998626708984
63649.51316631139,36.52799987792969
63649.57999959761,36.52799987792969
63649.64683288384,36.52799987792969
63649.71366617006,36.512001037597656
63649.78049945628,36.512001037597656
63649.84733274251,36.57600021362305
63649.91416602873,36.638999938964844
63649.980999314954,36.638999938964844
63650.04783260117,36.638999938964844
63650.1146658874,36.638999938964844
63650.181499173625,36.63100051879883
63650.24833245984,36.55699920654297
63650.31516574607,36.55699920654297
63650.38199903229,36.595001220703125
63650.448832318514,36.595001220703125
63650.51566560474,36.595001220703125
63650.58249889096,36.54100036621094
63650.649332177185,36.5890007019043
63650.716165463404,36.5890007019043
63650.78299874963,36.50299835205078
63650.849832035856,36.50299835205078
63650.916665322075,36.50299835205078
63650.9834986083,36.500999450683594
63651.05033189452,36.46500015258789
63651.117165180745,36.46500015258789
63651.18399846697,36.41400146484375
63651.25083175319,36.41400146484375
63651.317665039416,36.41400146484375
63651.384498325635,36.391998291015625
63651.45133161186,36.452999114990234
63651.51816489809,36.452999114990234
63651.584998184306,36.58599853515625
63651.65183147053,36.58599853515625
63651.71866475675,36.58599853515625
63651.78549804298,36.465999603271484
63651.8523313292,36.48500061035156
63651.91916461542,36.48500061035156
63651.98599790165,36.52899932861328
63652.052831187866,36.47700119018555
63652.11966447409,36.47700119018555
63652.18649776032,36.47700119018555
63652.25333104654,36.41899871826172
63652.32016433276,36.41899871826172
63652.38699761898,36.5359992980957
63652.45383090521,36.5359992980957
63652.520664191434,36.47999954223633
63652.58749747765,36.47999954223633
63652.65433076388,36.47999954223633
63652.7211640501,36.5620002746582
63652.78799733632,36.527000427246094
63652.85483062255,36.527000427246094
63652.92166390877,36.547000885009766
63652.988497194994,36.547000885009766
63653.05533048121,36.547000885009766
63653.12216376744,36.555999755859375
63653.188997053665,36.52399826049805
63653.255830339884,36.52399826049805
63653.32266362611,36.5099983215332
63653.38949691233,36.5099983215332
63653.456330198554,36.5099983215332
63653.52316348478,36.57500076293945
63653.589996771,36.49700164794922
63653.656830057225,36.49700164794922
63653.723663343444,36.534000396728516
63653.79049662967,36.534000396728516
63653.857329915896,36.534000396728516
63653.924163202115,36.58599853515625
63653.99099648834,36.5369987487793
63654.05782977457,36.5369987487793
63654.124663060786,36.51599884033203
63654.19149634701,36.54199981689453
63654.25832963323,36.54199981689453
63654.32516291946,36.54199981689453
63654.39199620568,36.483001708984375
63654.4588294919,36.483001708984375
63654.52566277813,36.63399887084961
63654.592496064346,36.63399887084961
63654.65932935057,36.52299880981445
63654.7261626368,36.52299880981445
63654.79299592302,36.58100128173828
63654.85982920924,36.58100128173828
63654.92666249546,36.58100128173828
63654.99349578169,36.53499984741211
63655.060329067914,36.51499938964844
63655.12716235413,36.51499938964844
63655.19399564036,36.47100067138672
63655.26082892658,36.47100067138672
63655.3276622128,36.47100067138672
63655.39449549903,36.52299880981445
63655.46132878525,36.4739990234375
63655.528162071474,36.4739990234375
63655.59499535769,36.452999114990234
63655.66182864392,36.452999114990234
63655.728661930145,36.452999114990234
63655.79549521636,36.444000244140625
63655.86232850259,36.47600173950195
63655.92916178881,36.47600173950195
63655.995995075034,36.4900016784668
63656.06282836126,36.4900016784668
63656.12966164748,36.4900016784668
63656.196494933705,36.566001892089844
63656.263328219924,36.52899932861328
63656.33016150615,36.52899932861328
63656.396994792376,36.54800033569336
63656.463828078595,36.54800033569336
63656.53066136482,36.54800033569336
63656.59749465104,36.59199905395508
63656.664327937266,36.57500076293945
63656.73116122349,36.57500076293945
63656.79799450971,36.53200149536133
63656.86482779594,36.54999923706055
63656.931661082155,36.54999923706055
63656.99849436838,36.54999923706055
63657.06532765461,36.54999923706055
63657.132160940826,36.55699920654297
63657.19899422705,36.525001525878906
63657.26582751327,36.525001525878906
63657.3326607995,36.51100158691406
63657.39949408572,36.51100158691406
63657.46632737194,36.51100158691406
63657.53316065817,36.611000061035156
63657.59999394439,36.54800033569336
63657.66682723061,36.54800033569336
63657.73366051684,36.48500061035156
63657.80049380306,36.48500061035156
63657.86732708928,36.48500061035156
63657.9341603755,36.45800018310547
63658.00099366173,36.481998443603516
63658.067826947954,36.481998443603516
63658.13466023417,36.5629997253418
63658.2014935204,36.5629997253418
63658.26832680662,36.5629997253418
63658.33516009284,36.5629997253418
63658.40199337907,36.527000427246094
63658.46882666529,36.527000427246094
63658.535659951514,36.547000885009766
63658.60249323773,36.547000885009766
63658.66932652396,36.547000885009766
63658.736159810185,36.52000045776367
63658.802993096404,36.472999572753906
63658.86982638263,36.472999572753906
63658.93665966885,36.452999114990234
63659.003492955075,36.51499938964844
63659.0703262413,36.51499938964844
63659.13715952752,36.51499938964844
63659.203992813746,36.50699996948242
63659.270826099964,36.50699996948242
63659.33765938619,36.57400131225586
63659.40449267242,36.57400131225586
63659.471325958635,36.38999938964844
63659.53815924486,36.38999938964844
63659.60499253108,36.38999938964844
63659.671825817306,36.38199996948242
63659.73865910353,36.38199996948242
63659.80549238975,36.52000045776367
63659.87232567598,36.472999572753906
63659.939158962196,36.472999572753906
63660.00599224842,36.487998962402344
63660.07282553465,36.487998962402344
63660.139658820866,36.487998962402344
63660.20649210709,36.566001892089844
63660.27332539331,36.45800018310547
63660.34015867954,36.45800018310547
63660.40699196576,36.481998443603516
63660.47382525198,36.481998443603516
63660.54065853821,36.481998443603516
63660.60749182443,36.42100143432617
63660.67432511065,36.5369987487793
63660.74115839688,36.5369987487793
63660.8079916831,36.58700180053711
63660.87482496932,36.58700180053711
63660.94165825554,36.58700180053711
63661.00849154177,36.53799819946289
63661.075324827994,36.51599884033203
63661.14215811421,36.51599884033203
63661.20899140044,36.54199981689453
63661.27582468666,36.518001556396484
63661.342657972884,36.518001556396484
63661.40949125911,36.518001556396484
63661.47632454533,36.61399841308594
63661.543157831555,36.61399841308594
63661.60999111777,36.54899978637695
63661.676824404,36.55699920654297
63661.743657690226,36.55699920654297
63661.810490976444,36.55699920654297
63661.87732426267,36.55699920654297
63661.94415754889,36.63100051879883
63662.010990835115,36.55699920654297
63662.07782412134,36.55699920654297
63662.14465740756,36.48899841308594
63662.211490693786,36.48899841308594
63662.27832398001,36.48899841308594
63662.34515726623,36.42399978637695
63662.41199055246,36.43199920654297
63662.478823838675,36.43199920654297
63662.5456571249,36.400001525878906
63662.61249041113,36.400001525878906
63662.679323697346,36.400001525878906
63662.74615698357,36.527000427246094
63662.81299026979,36.512001037597656
63662.87982355602,36.512001037597656
63662.94665684224,36.61199951171875
63663.01349012846,36.61199951171875
63663.08032341469,36.61199951171875
63663.14715670091,36.61899948120117
63663.21398998713,36.551998138427734
63663.28082327336,36.551998138427734
63663.34765655958,36.55799865722656
63663.4144898458,36.55799865722656
63663.48132313202,36.55799865722656
63663.54815641825,36.70199966430664
63663.614989704474,36.65800094604492
63663.68182299069,36.65800094604492
63663.74865627692,36.67499923706055
63663.81548956314,36.57600021362305
63663.882322849364,36.57600021362305
63663.94915613559,36.57600021362305
63664.01598942181,36.638999938964844
63664.082822708035,36.638999938964844
63664.14965599425,36.59600067138672
63664.21648928048,36.59600067138672
63664.283322566705,36.54100036621094
63664.350155852924,36.54100036621094
63664.41698913915,36.54100036621094
63664.48382242537,36.518001556396484
63664.550655711595,36.57899856567383
63664.61748899782,36.57899856567383
63664.68432228404,36.534000396728516
63664.751155570266,36.534000396728516
63664.817988856485,36.534000396728516
63664.88482214271,36.51499938964844
63664.95165542894,36.51499938964844
63665.018488715155,36.435001373291016
63665.08532200138,36.47200012207031
63665.1521552876,36.47200012207031
63665.218988573826,36.45199966430664
63665.28582186005,36.45199966430664
63665.35265514627,36.45199966430664
63665.4194884325,36.51499938964844
63665.486321718716,36.50600051879883
63665.55315500494,36.50600051879883
63665.61998829117,36.57400131225586
63665.68682157739,36.53200149536133
63665.75365486361,36.53200149536133
63665.82048814983,36.53200149536133
63665.88732143606,36.619998931884766
63665.95415472228,36.619998931884766
63666.0209880085,36.516998291015625
63666.08782129473,36.516998291015625
63666.15465458095,36.577999114990234
63666.22148786717,36.577999114990234
63666.2883211534,36.577999114990234
63666.35515443962,36.49800109863281
63666.421987725844,36.499000549316406
63666.48882101206,36.499000549316406
63666.55565429829,36.57099914550781
63666.622487584515,36.57099914550781
63666.68932087073,36.57099914550781
63666.75615415696,36.60100173950195
63666.82298744318,36.54399871826172
63666.889820729404,36.54399871826172
63666.95665401563,36.51900100708008
63667.02348730185,36.51900100708008
63667.090320588075,36.51900100708008
63667.157153874294,36.472999572753906
63667.22398716052,36.595001220703125
63667.290820446746,36.595001220703125
63667.357653732965,36.61199951171875
63667.42448701919,36.61199951171875
63667.49132030541,36.61199951171875
63667.558153591635,36.44200134277344
63667.62498687786,36.617000579833984
63667.69182016408,36.617000579833984
63667.758653450306,36.62099838256836
63667.825486736525,36.62300109863281
63667.89232002275,36.62300109863281
63667.95915330898,36.62300109863281
63668.025986595196,36.518001556396484
63668.09281988142,36.518001556396484
63668.15965316764,36.47200012207031
63668.22648645387,36.47200012207031
63668.29331974009,36.59400177001953
63668.36015302631,36.59400177001953
63668.42698631254,36.59400177001953
63668.493819598756,36.61199951171875
63668.56065288498,36.40700149536133
63668.62748617121,36.40700149536133
63668.69431945743,36.494998931884766
63668.76115274365,36.494998931884766
63668.82798602987,36.494998931884766
63668.8948193161,36.49800109863281
63668.961652602324,36.53499984741211
63669.02848588854,36.53499984741211
63669.09531917477,36.444000244140625
63669.162152460995,36.444000244140625
63669.22898574721,36.444000244140625
63669.29581903344,36.404998779296875
63669.36265231966,36.49399948120117
63669.429485605884,36.49399948120117
63669.49631889211,36.46200180053711
63669.56315217833,36.46200180053711
63669.629985464555,36.46200180053711
63669.696818750774,36.51900100708008
63669.763652037,36.472999572753906
63669.830485323226,36.472999572753906
63669.897318609444,36.558998107910156
63669.96415189567,36.558998107910156
63670.03098518189,36.59700012207031
63670.097818468115,36.57699966430664
63670.16465175434,36.57699966430664
63670.23148504056,36.57699966430664
63670.298318326786,36.57699966430664
63670.365151613005,36.49800109863281
63670.43198489923,36.56999969482422
63670.49881818546,36.56999969482422
63670.565651471676,36.637001037597656
63670.6324847579,36.637001037597656
63670.69931804412,36.637001037597656
63670.76615133035,36.52399826049805
63670.83298461657,36.54600143432617
63670.89981790279,36.54600143432617
63670.96665118902,36.44900131225586
63671.033484475236,36.44900131225586
63671.10031776146,36.44900131225586
63671.16715104769,36.51300048828125
63671.23398433391,36.470001220703125
63671.30081762013,36.470001220703125
63671.36765090635,36.55799865722656
63671.43448419258,36.55799865722656
63671.501317478804,36.55799865722656
63671.56815076502,36.45399856567383
63671.63498405125,36.51599884033203
63671.70181733747,36.51599884033203
63671.76865062369,36.577999114990234
63671.83548390992,36.577999114990234
63671.90231719614,36.577999114990234
63671.969150482364,36.49800109863281
63672.03598376858,36.56999969482422
63672.10281705481,36.56999969482422
63672.169650341035,36.529998779296875
63672.23648362725,36.58399963378906
63672.30331691348,36.58399963378906
63672.3701501997,36.58399963378906
63672.436983485924,36.5359992980957
63672.50381677215,36.5359992980957
63672.57065005837,36.58700180053711
63672.637483344595,36.58700180053711
63672.704316630814,36.5369987487793
63672.77114991704,36.5369987487793
63672.837983203266,36.5369987487793
63672.904816489485,36.58700180053711
63672.97164977571,36.573001861572266
63673.03848306193,36.573001861572266
63673.105316348156,36.53200149536133
63673.17214963438,36.53200149536133
63673.2389829206,36.53200149536133
63673.30581620683,36.619998931884766
63673.372649493045,36.51599884033203
63673.43948277927,36.51599884033203
63673.5063160655,36.50699996948242
63673.573149351716,36.50699996948242
63673.63998263794,36.50699996948242
63673.70681592416,36.43199920654297
63673.77364921039,36.435001373291016
63673.84048249661,36.435001373291016
63673.90731578283,36.542999267578125
63673.97414906906,36.542999267578125
63674.040982355276,36.542999267578125
63674.1078156415,36.55400085449219
63674.17464892773,36.52299880981445
63674.24148221395,36.52299880981445
63674.30831550017,36.5099983215332
63674.37514878639,36.5099983215332
63674.44198207262,36.5099983215332
63674.508815358844,36.540000915527344
63674.57564864506,36.516998291015625
63674.64248193129,36.516998291015625
63674.70931521751,36.50699996948242
63674.77614850373,36.53900146484375
63674.84298178996,36.53900146484375
63674.90981507618,36.53900146484375
63674.976648362404,36.516998291015625
63675.04348164862,36.516998291015625
63675.11031493485,36.215999603271484
63675.177148221075,36.50699996948242
63675.243981507294,36.57400131225586
63675.31081479352,36.57400131225586
63675.37764807974,36.53200149536133
63675.444481365965,36.53200149536133
63675.51131465219,36.53200149536133
63675.57814793841,36.513999938964844
63675.644981224636,36.47100067138672
63675.711814510854,36.47100067138672
63675.77864779708,36.41600036621094
63675.84548108331,36.41600036621094
63675.912314369525,36.41600036621094
63675.97914765575,36.53499984741211
63676.04598094197,36.54999923706055
63676.112814228196,36.54999923706055
63676.17964751442,36.59299850463867
63676.24648080064,36.59299850463867
63676.31331408687,36.59299850463867
63676.380147373085,36.64699935913086
63676.44698065931,36.63399887084961
63676.51381394554,36.63399887084961
63676.580647231756,36.59400177001953
63676.64748051798,36.611000061035156
63676.7143138042,36.611000061035156
63676.78114709043,36.611000061035156
63676.84798037665,36.611000061035156
63676.91481366287,36.54800033569336
63676.9816469491,36.555999755859375
63677.04848023532,36.555999755859375
63677.11531352154,36.66600036621094
63677.18214680777,36.66600036621094
63677.24898009399,36.66600036621094
63677.31581338021,36.678001403808594
63677.38264666644,36.612998962402344
63677.44947995266,36.612998962402344
63677.516313238884,36.654998779296875
63677.5831465251,36.654998779296875
63677.64997981133,36.654998779296875
63677.716813097555,36.63800048828125
63677.783646383774,36.560001373291016
63677.85047967,36.560001373291016
63677.91731295622,36.5260009765625
63677.984146242445,36.5260009765625
63678.05097952867,36.5260009765625
63678.11781281489,36.51100158691406
63678.184646101116,36.540000915527344
63678.251479387334,36.540000915527344
63678.31831267356,36.553001403808594
63678.385145959786,36.553001403808594
63678.451979246005,36.553001403808594
63678.51881253223,36.48699951171875
63678.58564581845,36.564998626708984
63678.652479104676,36.564998626708984
63678.7193123909,36.49300003051758
63678.78614567712,36.56800079345703
63678.85297896335,36.56800079345703
63678.919812249565,36.56800079345703
63678.98664553579,36.564998626708984
63679.05347882202,36.564998626708984
63679.120312108236,36.63399887084961
63679.18714539446,36.63399887084961
63679.25397868068,36.59400177001953
63679.32081196691,36.59400177001953
63679.38764525313,36.59400177001953
63679.45447853935,36.54100036621094
63679.52131182558,36.624000549316406
63679.5881451118,36.624000549316406
63679.65497839802,36.625
63679.72181168425,36.625
63679.78864497047,36.625
63679.85547825669,36.69599914550781
63679.92231154291,36.54899978637695
63679.98914482914,36.54899978637695
63680.055978115364,36.59199905395508
63680.12281140158,36.59199905395508
63680.18964468781,36.59199905395508
63680.25647797403,36.611000061035156
63680.323311260254,36.611000061035156
63680.39014454648,36.512001037597656
63680.4569778327,36.57600021362305
63680.523811118925,36.57600021362305
63680.59064440514,36.49800109863281
63680.65747769137,36.49800109863281
63680.724310977595,36.49800109863281
63680.791144263814,36.534000396728516
63680.85797755004,36.62099838256836
63680.92481083626,36.62099838256836
63680.991644122485,36.62300109863281
63681.05847740871,36.62300109863281
63681.12531069493,36.62300109863281
63681.192143981156,36.624000549316406
63681.258977267375,36.5890007019043
63681.3258105536,36.5890007019043
63681.39264383983,36.68000030517578
63681.459477126045,36.68000030517578
63681.52631041227,36.64899826049805
63681.59314369849,36.64899826049805
63681.659976984716,36.64899826049805
63681.72681027094,36.56399917602539
63681.79364355716,36.5989990234375
63681.86047684339,36.5989990234375
63681.927310129606,36.64899826049805
63681.99414341583,36.64899826049805
63682.06097670206,36.64899826049805
63682.12780998828,36.599998474121094
63682.1946432745,36.542999267578125
63682.26147656072,36.542999267578125
63682.32830984695,36.59000015258789
63682.39514313317,36.59000015258789
63682.46197641939,36.59000015258789
63682.52880970562,36.61000061035156
63682.59564299184,36.61800003051758
63682.66247627806,36.61800003051758
63682.72930956429,36.62200164794922
63682.79614285051,36.62200164794922
63682.862976136734,36.62200164794922
63682.92980942295,36.624000549316406
63682.99664270918,36.624000549316406
63683.063475995405,36.624000549316406
63683.13030928162,36.625
63683.19714256785,36.625
63683.26397585407,36.625
63683.330809140294,36.51900100708008
63683.39764242652,36.57899856567383
63683.46447571274,36.57899856567383
63683.531308998965,36.67599868774414
63683.598142285184,36.54100036621094
63683.66497557141,36.54100036621094
63683.731808857636,36.54100036621094
63683.798642143855,36.54100036621094
63683.86547543008,36.553001403808594
63683.9323087163,36.70000076293945
63683.999142002525,36.70000076293945
63684.06597528875,36.69300079345703
63684.13280857497,36.69300079345703
63684.199641861196,36.69300079345703
63684.26647514742,36.65399932861328
63684.33330843364,36.63800048828125
63684.40014171987,36.63800048828125
63684.466975006086,36.595001220703125
63684.53380829231,36.595001220703125
63684.60064157854,36.595001220703125
63684.66747486476,36.57699966430664
63684.73430815098,36.53300094604492
63684.8011414372,36.53300094604492
63684.86797472343,36.584999084472656
63684.93480800965,36.584999084472656
63685.00164129587,36.584999084472656
63685.0684745821,36.608001708984375
63685.13530786832,36.6879997253418
63685.20214115454,36.6879997253418
63685.26897444077,36.617000579833984
63685.33580772699,36.617000579833984
63685.402641013214,36.62200164794922
63685.46947429943,36.62200164794922
63685.53630758566,36.62200164794922
63685.603140871885,36.624000549316406
63685.6699741581,36.624000549316406
63685.73680744433,36.624000549316406
63685.80364073055,36.65999984741211
63685.870474016774,36.67599868774414
63685.937307303,36.67599868774414
63686.00414058922,36.67599868774414
63686.070973875445,36.67599868774414
63686.137807161664,36.57600021362305
63686.20464044789,36.67499923706055
63686.271473734116,36.67499923706055
63686.338307020334,36.71699905395508
63686.40514030656,36.71699905395508
63686.47197359278,36.71699905395508
63686.538806879005,36.70000076293945
63686.60564016523,36.834999084472656
63686.67247345145,36.834999084472656
63686.739306737676,36.821998596191406
63686.806140023895,36.821998596191406
63686.87297331012,36.821998596191406
63686.93980659635,36.85200119018555
63687.006639882566,36.6879997253418
63687.07347316879,36.6879997253418
63687.14030645501,36.6879997253418
63687.20713974124,36.6879997253418
63687.27397302746,36.6879997253418
63687.34080631368,36.757999420166016
63687.40763959991,36.68299865722656
63687.474472886126,36.68299865722656
63687.54130617235,36.685001373291016
63687.60813945858,36.685001373291016
63687.6749727448,36.685001373291016
63687.74180603102,36.6510009765625
63687.80863931724,36.672000885009766
63687.87547260347,36.672000885009766
63687.942305889694,36.61000061035156
63688.00913917591,36.724998474121094
63688.07597246214,36.724998474121094
63688.14280574836,36.724998474121094
63688.20963903458,36.59700012207031
63688.27647232081,36.59700012207031
63688.34330560703,36.577999114990234
63688.410138893254,36.577999114990234
63688.47697217947,36.63999938964844
63688.5438054657,36.63999938964844
63688.610638751925,36.63999938964844
63688.67747203814,36.56100082397461
63688.74430532437,36.632999420166016
63688.81113861059,36.632999420166016
63688.877971896814,36.62799835205078
63688.94480518304,36.62799835205078
63689.01163846926,36.62799835205078
63689.078471755485,36.696998596191406
63689.145305041704,36.69200134277344
63689.21213832793,36.69200134277344
63689.278971614156,36.68899917602539
63689.345804900375,36.68899917602539
63689.4126381866,36.68899917602539
63689.47947147282,36.65299987792969
63689.546304759046,36.67300033569336
63689.61313804527,36.67300033569336
63689.67997133149,36.645999908447266
63689.74680461772,36.645999908447266
63689.813637903935,36.645999908447266
63689.88047119016,36.5629997253418
63689.94730447639,36.63399887084961
63690.014137762606,36.63399887084961
63690.08097104883,36.70000076293945
63690.14780433505,36.70000076293945
63690.21463762128,36.70000076293945
63690.2814709075,36.72800064086914
63690.34830419372,36.70500183105469
63690.41513747995,36.70500183105469
63690.481970766166,36.65999984741211
63690.54880405239,36.65999984741211
63690.61563733862,36.63999938964844
63690.68247062484,36.63999938964844
63690.74930391106,36.63100051879883
63690.81613719728,36.63100051879883
63690.88297048351,36.63100051879883
63690.949803769734,36.59199905395508
63691.01663705595,36.57500076293945
63691.08347034218,36.57500076293945
63691.1503036284,36.67399978637695
63691.21713691462,36.67399978637695
63691.28397020085,36.67399978637695
63691.35080348707,36.645999908447266
63691.417636773294,36.63399887084961
63691.48447005951,36.63399887084961
63691.55130334574,36.66400146484375
63691.618136631965,36.66400146484375
63691.684969918184,36.66400146484375
63691.75180320441,36.641998291015625
63691.81863649063,36.667999267578125
63691.885469776855,36.667999267578125
63691.95230306308,36.64400100708008
63692.0191363493,36.64400100708008
63692.085969635526,36.64400100708008
63692.152802921744,36.5620002746582
63692.21963620797,36.632999420166016
63692.286469494196,36.632999420166016
63692.353302780415,36.62900161743164
63692.42013606664,36.62699890136719
63692.48696935287,36.62699890136719
63692.553802639086,36.62699890136719
63692.62063592531,36.62699890136719
63692.68746921153,36.625999450683594
63692.75430249776,36.69599914550781
63692.82113578398,36.69599914550781
63692.8879690702,36.72700119018555
63692.95480235643,36.72700119018555
63693.021635642646,36.72700119018555
63693.08846892887,36.63399887084961
63693.1553022151,36.62900161743164
63693.22213550132,36.62900161743164
63693.28896878754,36.698001861572266
63693.35580207376,36.698001861572266
63693.42263535999,36.698001861572266
63693.489468646214,36.72700119018555
63693.55630193243,36.597999572753906
63693.62313521866,36.597999572753906
63693.68996850488,36.577999114990234
63693.7568017911,36.577999114990234
63693.82363507733,36.577999114990234
63693.89046836355,36.60499954223633
63693.957301649774,36.58100128173828
63694.02413493599,36.58100128173828
63694.09096822222,36.60599899291992
63694.157801508445,36.60599899291992
63694.224634794664,36.60599899291992
63694.29146808089,36.617000579833984
63694.35830136711,36.72800064086914
63694.425134653335,36.72800064086914
63694.49196793956,36.66899871826172
63694.55880122578,36.60900115966797
63694.625634512005,36.60900115966797
63694.692467798224,36.60900115966797
63694.75930108445,36.61800003051758
63694.826134370676,36.61800003051758
63694.892967656895,36.62200164794922
63694.95980094312,36.62200164794922
63695.02663422934,36.624000549316406
63695.093467515566,36.624000549316406
63695.16030080179,36.624000549316406
63695.22713408801,36.624000549316406
63695.29396737424,36.625
63695.360800660455,36.625
63695.42763394668,36.625
63695.49446723291,36.625
63695.561300519126,36.625
63695.62813380535,36.625
63695.69496709157,36.625
63695.7618003778,36.55400085449219
63695.82863366402,36.59400177001953
63695.89546695024,36.59400177001953
63695.96230023647,36.71799850463867
63696.02913352269,36.71799850463867
63696.09596680891,36.71799850463867
63696.16280009514,36.736000061035156
63696.22963338136,36.63800048828125
63696.29646666758,36.63800048828125
63696.3632999538,36.630001068115234
63696.43013324003,36.630001068115234
63696.496966526254,36.630001068115234
63696.56379981247,36.73400115966797
63696.6306330987,36.77799987792969
63696.69746638492,36.77799987792969
63696.764299671144,36.691001892089844
63696.83113295737,36.61800003051758
63696.89796624359,36.61800003051758
63696.964799529815,36.61800003051758
63697.03163281603,36.61800003051758
63697.09846610226,36.51599884033203
63697.165299388485,36.720001220703125
63697.232132674704,36.720001220703125
63697.29896596093,36.73699951171875
63697.36579924715,36.73699951171875
63697.432632533375,36.73699951171875
63697.4994658196,36.67300033569336
63697.56629910582,36.71699905395508
63697.633132392046,36.71699905395508
63697.699965678265,36.70000076293945
63697.76679896449,36.70000076293945
63697.83363225072,36.70000076293945
63697.900465536935,36.763999938964844
63697.96729882316,36.650001525878906
63698.03413210938,36.650001525878906
63698.100965395606,36.63600158691406
63698.16779868183,36.63600158691406
63698.23463196805,36.63600158691406
63698.30146525428,36.736000061035156
63698.368298540496,36.67300033569336
63698.43513182672,36.67300033569336
63698.50196511295,36.645999908447266
63698.56879839917,36.645999908447266
63698.63563168539,36.645999908447266
63698.70246497161,36.5629997253418
63698.76929825784,36.66899871826172
63698.83613154406,36.66899871826172
63698.90296483028,36.60900115966797
63698.96979811651,36.61800003051758
63699.03663140273,36.61800003051758
63699.10346468895,36.61800003051758
63699.17029797518,36.61800003051758
63699.2371312614,36.65700149536133
63699.303964547624,36.744998931884766
63699.37079783385,36.744998931884766
63699.43763112007,36.60599899291992
63699.504464406295,36.60599899291992
63699.57129769251,36.60599899291992
63699.63813097874,36.6879997253418
63699.704964264965,36.6879997253418
63699.771797551184,36.6879997253418
63699.83863083741,36.6879997253418
63699.90546412363,36.6879997253418
63699.972297409855,36.6879997253418
63700.03913069608,36.722999572753906
63700.1059639823,36.66699981689453
63700.172797268526,36.66699981689453
63700.239630554745,36.7140007019043
63700.30646384097,36.7140007019043
63700.3732971272,36.7140007019043
63700.440130413415,36.69900131225586
63700.50696369964,36.72800064086914
63700.57379698586,36.72800064086914
63700.640630272086,36.66999816894531
63700.70746355831,36.66999816894531
63700.77429684453,36.64400100708008
63700.84113013076,36.64400100708008
63700.907963416976,36.64400100708008
63700.9747967032,36.7400016784668
63701.04162998943,36.709999084472656
63701.10846327565,36.709999084472656
63701.17529656187,36.590999603271484
63701.24212984809,36.645999908447266
63701.30896313432,36.645999908447266
63701.37579642054,36.645999908447266
63701.44262970676,36.63399887084961
63701.50946299299,36.63399887084961
63701.57629627921,36.62900161743164
63701.64312956543,36.62900161743164
63701.70996285166,36.698001861572266
63701.77679613788,36.698001861572266
63701.843629424104,36.698001861572266
63701.91046271032,36.65599822998047
63701.97729599655,36.638999938964844
63702.044129282775,36.638999938964844
63702.11096256899,36.66600036621094
63702.17779585522,36.66600036621094
63702.24462914144,36.66600036621094
63702.311462427664,36.643001556396484
63702.37829571389,36.667999267578125
63702.44512900011,36.667999267578125
63702.511962286335,36.71500015258789
63702.578795572554,36.71500015258789
63702.64562885878,36.71500015258789
63702.712462145006,36.805999755859375
63702.779295431224,36.810001373291016
63702.84612871745,36.810001373291016
63702.91296200367,36.7400016784668
63702.979795289895,36.7400016784668
63703.04662857612,36.7400016784668
63703.11346186234,36.85200119018555
63703.180295148566,36.79399871826172
63703.247128434785,36.79399871826172
63703.31396172101,36.76900100708008
63703.38079500724,36.82899856567383
63703.447628293456,36.82899856567383
63703.51446157968,36.82899856567383
63703.5812948659,36.784000396728516
63703.64812815213,36.784000396728516
63703.71496143835,36.76499938964844
63703.78179472457,36.75600051879883
63703.8486280108,36.75600051879883
63703.915461297016,36.75600051879883
63703.98229458324,36.75600051879883
63704.04912786947,36.68199920654297
63704.11596115569,36.75600051879883
63704.18279444191,36.75600051879883
63704.24962772813,36.71699905395508
63704.31646101436,36.71699905395508
63704.383294300584,36.71699905395508
63704.4501275868,36.70000076293945
63704.51696087303,36.69300079345703
63704.58379415925,36.69300079345703
63704.65062744547,36.76100158691406
63704.7174607317,36.76100158691406
63704.78429401792,36.76100158691406
63704.851127304144,36.790000915527344
63704.91796059036,36.766998291015625
63704.98479387659,36.766998291015625
63705.051627162815,36.757999420166016
63705.11846044903,36.757999420166016
63705.18529373526,36.757999420166016
63705.25212702148,36.86000061035156
63705.318960307704,36.83300018310547
63705.38579359393,36.83300018310547
63705.45262688015,36.82099914550781
63705.519460166375,36.82099914550781
63705.586293452594,36.82099914550781
63705.65312673882,36.85200119018555
63705.719960025046,36.93600082397461
63705.786793311265,36.93600082397461
63705.85362659749,36.86600112915039
63705.92045988371,36.86600112915039
63705.987293169936,36.83599853515625
63706.05412645616,36.858001708984375
63706.12095974238,36.858001708984375
63706.18779302861,36.858001708984375
63706.254626314825,36.858001708984375
63706.32145960105,36.93899917602539
63706.38829288728,36.902000427246094
63706.455126173496,36.902000427246094
63706.52195945972,36.85100173950195
63706.58879274594,36.85100173950195
63706.65562603217,36.85100173950195
63706.72245931839,36.722999572753906
63706.78929260461,36.808998107910156
63706.85612589084,36.808998107910156
63706.922959177056,36.84700012207031
63706.98979246328,36.84700012207031
63707.05662574951,36.84700012207031
63707.12345903573,36.75600051879883
63707.19029232195,36.71699905395508
63707.25712560818,36.71699905395508
63707.3239588944,36.87799835205078
63707.390792180624,36.87799835205078
63707.45762546684,36.87799835205078
63707.52445875307,36.9119987487793
63707.591292039295,36.89099884033203
63707.65812532551,36.89099884033203
63707.72495861174,36.81100082397461
63707.79179189796,36.81100082397461
63707.858625184184,36.81100082397461
63707.92545847041,36.74100112915039
63707.99229175663,36.81700134277344
63708.059125042855,36.81700134277344
63708.125958329074,36.77899932861328
63708.1927916153,36.77899932861328
63708.259624901526,36.77899932861328
63708.326458187745,36.69200134277344
63708.39329147397,36.68899917602539
63708.46012476019,36.68899917602539
63708.526958046416,36.83000183105469
63708.59379133264,36.83000183105469
63708.66062461886,36.749000549316406
63708.727457905086,36.749000549316406
63708.794291191305,36.749000549316406
63708.86112447753,36.82099914550781
63708.92795776376,36.816001892089844
63708.994791049976,36.816001892089844
63709.0616243362,36.77899932861328
63709.12845762242,36.77899932861328
63709.19529090865,36.77899932861328
63709.26212419487,36.762001037597656
63709.32895748109,36.755001068115234
63709.39579076732,36.755001068115234
63709.462624053536,36.71699905395508
63709.52945733976,36.71699905395508
63709.59629062599,36.71699905395508
63709.66312391221,36.770999908447266
63709.72995719843,36.75899887084961
63709.79679048465,36.75899887084961
63709.86362377088,36.68299865722656
63709.930457057104,36.68299865722656
63709.99729034332,36.68299865722656
63710.06412362955,36.79199981689453
63710.13095691577,36.8390007019043
63710.19779020199,36.847999572753906
63710.26462348822,36.847999572753906
63710.33145677444,36.847999572753906
63710.398290060664,36.847999572753906
63710.46512334688,36.79199981689453
63710.53195663311,36.875
63710.598789919335,36.875
63710.665623205554,36.80400085449219
63710.73245649178,36.80400085449219
63710.799289778,36.80400085449219
63710.866123064225,36.84400177001953
63710.93295635045,36.84400177001953
63710.99978963667,36.86199951171875
63711.066622922895,36.86899948120117
63711.133456209114,36.86899948120117
63711.20028949534,36.801998138427734
63711.267122781566,36.801998138427734
63711.333956067785,36.801998138427734
63711.40078935401,36.84299850463867
63711.46762264023,36.82600021362305
63711.534455926456,36.82600021362305
63711.60128921268,36.888999938964844
63711.6681224989,36.888999938964844
63711.73495578513,36.888999938964844
63711.801789071345,36.88100051879883
63711.86862235757,36.80699920654297
63711.9354556438,36.80699920654297
63712.002288930016,36.775001525878906
63712.06912221624,36.775001525878906
63712.13595550246,36.775001525878906
63712.20278878869,36.76100158691406
63712.26962207491,36.82600021362305
63712.33645536113,36.82600021362305
63712.40328864736,36.888999938964844
63712.47012193358,36.88100051879883
63712.5369552198,36.88100051879883
63712.60378850603,36.88100051879883
63712.67062179225,36.84199905395508
63712.73745507847,36.84199905395508
63712.80428836469,36.82500076293945
63712.87112165092,36.82500076293945
63712.937954937144,36.81800079345703
63713.00478822336,36.81800079345703
63713.07162150959,36.81800079345703
63713.13845479581,36.77899932861328
63713.205288082034,36.86899948120117
63713.27212136826,36.86899948120117
63713.33895465448,36.801998138427734
63713.405787940705,36.801998138427734
63713.47262122692,36.801998138427734
63713.53945451315,36.80799865722656
63713.606287799375,36.7400016784668
63713.673121085594,36.7400016784668
63713.73995437182,36.887001037597656
63713.80678765804,36.887001037597656
63713.873620944265,36.887001037597656
63713.94045423049,36.91600036621094
63714.00728751671,36.893001556396484
63714.074120802936,36.893001556396484
63714.14095408916,36.8120002746582
63714.20778737538,36.8120002746582
63714.27462066161,36.8120002746582
63714.341453947825,36.98899841308594
63714.40828723405,36.92499923706055
63714.47512052028,36.92499923706055
63714.541953806496,36.895999908447266
63714.60878709272,36.8129997253418
63714.67562037894,36.8129997253418
63714.74245366517,36.8129997253418
63714.80928695139,36.777000427246094
63714.87612023761,36.777000427246094
63714.94295352384,36.90399932861328
63715.00978681006,36.90399932861328
63715.07662009628,36.887001037597656
63715.14345338251,36.887001037597656
63715.21028666873,36.887001037597656
63715.27711995495,36.845001220703125
63715.34395324117,36.89699935913086
63715.4107865274,36.89699935913086
63715.477619813624,36.91999816894531
63715.54445309984,36.91999816894531
63715.61128638607,36.91999816894531
63715.67811967229,36.89500045776367
63715.744952958514,36.8129997253418
63715.81178624474,36.8129997253418
63715.87861953096,36.91899871826172
63715.945452817185,36.91899871826172
63716.0122861034,36.92900085449219
63716.07911938963,36.92900085449219
63716.145952675855,36.92900085449219
63716.212785962074,36.862998962402344
63716.2796192483,36.97600173950195
63716.34645253452,36.97600173950195
63716.413285820745,36.847999572753906
63716.48011910697,36.89899826049805
63716.54695239319,36.89899826049805
63716.613785679416,36.89899826049805
63716.680618965634,36.849998474121094
63716.74745225186,36.849998474121094
63716.81428553809,36.900001525878906
63716.881118824305,36.900001525878906
63716.94795211053,36.92100143432617
63717.01478539675,36.92100143432617
63717.081618682976,36.92100143432617
63717.1484519692,36.93000030517578
63717.21528525542,36.827999114990234
63717.28211854165,36.827999114990234
63717.348951827866,36.819000244140625
63717.41578511409,36.819000244140625
63717.48261840032,36.819000244140625
63717.54945168654,36.85100173950195
63717.61628497276,36.82899856567383
63717.68311825898,36.82899856567383
63717.74995154521,36.81999969482422
63717.81678483143,36.81999969482422
63717.88361811765,36.81999969482422
63717.95045140388,36.744998931884766
63718.0172846901,36.819000244140625
63718.08411797632,36.819000244140625
63718.15095126255,36.85100173950195
63718.21778454877,36.85100173950195
63718.284617834994,36.85100173950195
63718.35145112121,36.82899856567383
63718.41828440744,36.784000396728516
63718.485117693665,36.784000396728516
63718.55195097988,36.83599853515625
63718.61878426611,36.893001556396484
63718.68561755233,36.893001556396484
63718.752450838554,36.893001556396484
63718.81928412478,36.917999267578125
63718.886117411,36.917999267578125
63718.952950697225,36.92900085449219
63719.01978398344,36.933998107910156
63719.08661726967,36.933998107910156
63719.153450555896,36.933998107910156
63719.220283842114,36.933998107910156
63719.28711712834,36.900001525878906
63719.35395041456,36.92100143432617
63719.420783700785,36.92100143432617
63719.48761698701,36.965999603271484
63719.55445027323,36.965999603271484
63719.621283559456,36.965999603271484
63719.688116845675,36.87900161743164
63719.7549501319,36.87699890136719
63719.82178341813,36.87699890136719
63719.888616704346,36.9109992980957
63719.95544999057,36.9109992980957
63720.02228327679,36.9109992980957
63720.08911656302,36.81999969482422
63720.15594984924,36.779998779296875
63720.22278313546,36.779998779296875
63720.28961642169,36.86899948120117
63720.356449707906,36.86899948120117
63720.42328299413,36.86899948120117
63720.49011628036,36.90800094604492
63720.55694956658,36.854000091552734
63720.6237828528,36.854000091552734
63720.69061613902,36.83000183105469
63720.75744942525,36.83000183105469
63720.824282711474,36.83000183105469
63720.89111599769,36.89099884033203
63720.95794928392,36.952999114990234
63721.02478257014,36.952999114990234
63721.09161585636,36.87300109863281
63721.15844914259,36.87300109863281
63721.22528242881,36.803001403808594
63721.292115715034,36.808998107910156
63721.35894900125,36.808998107910156
63721.42578228748,36.808998107910156
63721.492615573705,36.88199996948242
63721.55944885992,36.88199996948242
63721.62628214615,36.84199905395508
63721.69311543237,36.84199905395508
63721.759948718594,36.82500076293945
63721.82678200482,36.82500076293945
63721.89361529104,36.82500076293945
63721.960448577265,36.92399978637695
63722.027281863484,36.861000061035156
63722.09411514971,36.861000061035156
63722.160948435936,36.83300018310547
63722.227781722155,36.83300018310547
63722.29461500838,36.83300018310547
63722.36144829461,36.7859992980957
63722.428281580826,36.83700180053711
63722.49511486705,36.83700180053711
63722.56194815327,36.92900085449219
63722.6287814395,36.92900085449219
63722.69561472572,36.92900085449219
63722.76244801194,37.005001068115234
63722.82928129817,36.895999908447266
63722.896114584386,36.895999908447266
63722.96294787061,37.0260009765625
63723.02978115684,37.0260009765625
63723.09661444306,37.0260009765625
63723.16344772928,36.939998626708984
63723.2302810155,36.9739990234375
63723.29711430173,36.9739990234375
63723.36394758795,36.98899841308594
63723.43078087417,37.066001892089844
63723.4976141604,37.066001892089844
63723.56444744662,37.066001892089844
63723.63128073284,37.066001892089844
63723.69811401907,36.95800018310547
63723.76494730529,36.981998443603516
63723.831780591514,36.981998443603516
63723.89861387773,36.88600158691406
63723.96544716396,36.88600158691406
63724.032280450185,36.88600158691406
63724.0991137364,36.986000061035156
63724.16594702263,36.95800018310547
63724.23278030885,36.95800018310547
63724.299613595074,36.84000015258789
63724.3664468813,36.84000015258789
63724.43328016752,36.84000015258789
63724.500113453745,36.82400131225586
63724.566946739964,36.959999084472656
63724.63378002619,36.959999084472656
63724.700613312416,36.875999450683594
63724.767446598635,36.875999450683594
63724.83427988486,36.875999450683594
63724.90111317108,36.84000015258789
63724.967946457306,36.89500045776367
63725.03477974353,36.89500045776367
63725.10161302975,37.0260009765625
63725.168446315976,36.904998779296875
63725.235279602195,36.904998779296875
63725.30211288842,36.904998779296875
63725.36894617465,36.81700134277344
63725.435779460866,36.81700134277344
63725.50261274709,36.8849983215332
63725.56944603331,36.8849983215332
63725.63627931954,36.87900161743164
63725.70311260576,36.87900161743164
63725.76994589198,36.87900161743164
63725.83677917821,36.948001861572266
63725.903612464426,36.94200134277344
63725.97044575065,36.94200134277344
63726.03727903688,36.86899948120117
63726.1041123231,36.86899948120117
63726.17094560932,36.86899948120117
63726.23777889554,36.83700180053711
63726.30461218177,36.83700180053711
63726.371445467994,36.823001861572266
63726.43827875421,36.88800048828125
63726.50511204044,36.88800048828125
63726.57194532666,36.88100051879883
63726.63877861288,36.88100051879883
63726.70561189911,36.88100051879883
63726.77244518533,36.948001861572266
63726.839278471554,36.97800064086914
63726.90611175777,36.97800064086914
63726.972945044,37.09700012207031
63727.039778330225,37.09700012207031
63727.106611616444,37.09700012207031
63727.17344490267,37.00600051879883
63727.24027818889,36.93199920654297
63727.307111475115,36.93199920654297
63727.37394476134,36.935001373291016
63727.44077804756,36.9010009765625
63727.507611333785,36.9010009765625
63727.574444620004,36.9010009765625
63727.64127790623,36.9010009765625
63727.708111192456,36.814998626708984
63727.774944478675,36.8849983215332
63727.8417777649,36.8849983215332
63727.90861105112,36.87900161743164
63727.975444337346,36.87900161743164
63728.04227762357,36.87900161743164
63728.10911090979,36.805999755859375
63728.17594419602,36.702999114990234
63728.242777482235,36.702999114990234
63728.30961076846,36.80099868774414
63728.37644405469,36.80099868774414
63728.443277340906,36.80099868774414
63728.51011062713,36.94900131225586
63728.57694391335,36.90700149536133
63728.64377719958,36.90700149536133
63728.7106104858,36.85300064086914
63728.77744377202,36.85300064086914
63728.84427705825,36.85300064086914
63728.91111034447,36.9010009765625
63728.97794363069,36.922000885009766
63729.04477691692,36.922000885009766
63729.11161020314,36.86000061035156
63729.17844348936,36.86000061035156
63729.24527677559,36.86000061035156
63729.31211006181,36.90399932861328
63729.378943348034,36.99399948120117
63729.44577663425,36.99399948120117
63729.51260992048,37.06800079345703
63729.579443206705,36.92300033569336
63729.646276492924,36.92300033569336
63729.71310977915,36.92300033569336
63729.77994306537,36.92300033569336
63729.846776351595,36.895999908447266
63729.91360963782,36.77799987792969
63729.98044292404,36.77799987792969
63730.047276210265,37.0099983215332
63730.114109496484,37.0099983215332
63730.18094278271,37.0099983215332
63730.247776068936,37.040000915527344
63730.314609355155,36.9109992980957
63730.38144264138,36.9109992980957
63730.4482759276,36.89099884033203
63730.515109213826,36.89099884033203
63730.58194250005,36.89099884033203
63730.64877578627,36.952999114990234
63730.7156090725,36.8380012512207
63730.782442358715,36.8380012512207
63730.84927564494,36.78799819946289
63730.91610893117,36.78799819946289
63730.982942217386,36.78799819946289
63731.04977550361,36.801998138427734
63731.11660878983,36.84299850463867
63731.18344207606,36.84299850463867
63731.25027536228,37.00299835205078
63731.3171086485,37.00299835205078
63731.38394193473,36.965999603271484
63731.45077522095,36.87900161743164
63731.51760850717,36.87900161743164
63731.5844417934,36.87900161743164
63731.65127507962,36.87900161743164
63731.71810836584,36.9119987487793
63731.78494165206,36.926998138427734
63731.85177493829,36.926998138427734
63731.918608224514,36.86199951171875
63731.98544151073,36.86199951171875
63732.05227479696,36.86199951171875
63732.11910808318,36.86899948120117
63732.185941369404,36.90800094604492
63732.25277465563,36.90800094604492
63732.31960794185,36.959999084472656
63732.386441228075,36.959999084472656
63732.45327451429,36.959999084472656
63732.52010780052,36.946998596191406
63732.586941086745,36.90599822998047
63732.653774372964,36.90599822998047
63732.72060765919,36.994998931884766
63732.78744094541,36.994998931884766
63732.854274231635,36.994998931884766
63732.92110751786,36.99800109863281
63732.98794080408,36.999000549316406
63733.054774090306,36.999000549316406
63733.121607376524,36.9640007019043
63733.18844066275,36.9640007019043
63733.25527394898,36.9640007019043
63733.322107235195,36.94900131225586
63733.38894052142,37.01300048828125
63733.45577380764,37.01300048828125
63733.522607093866,36.86399841308594
63733.58944038009,36.869998931884766
63733.65627366631,36.869998931884766
63733.72310695254,36.869998931884766
63733.789940238756,36.869998931884766
63733.85677352498,36.801998138427734
63733.92360681121,36.87900161743164
63733.99044009743,36.87900161743164
63734.05727338365,36.87699890136719
63734.12410666987,36.87699890136719
63734.1909399561,36.87699890136719
63734.25777324232,36.9109992980957
63734.32460652854,36.784000396728516
63734.39143981477,36.784000396728516
63734.45827310099,36.83599853515625
63734.52510638721,36.83599853515625
63734.59193967344,36.83599853515625
63734.65877295966,36.893001556396484
63734.725606245884,36.882999420166016
63734.7924395321,36.882999420166016
63734.85927281833,36.84299850463867
63734.926106104554,36.84299850463867
63734.99293939077,36.84299850463867
63735.059772677,36.861000061035156
63735.12660596322,36.90399932861328
63735.193439249444,36.90399932861328
63735.26027253567,36.92300033569336
63735.32710582189,36.930999755859375
63735.393939108115,36.930999755859375
63735.46077239433,36.930999755859375
63735.52760568056,36.935001373291016
63735.594438966786,36.935001373291016
63735.661272253004,36.97200012207031
63735.72810553923,36.95199966430664
63735.79493882545,36.95199966430664
63735.861772111675,36.95199966430664
63735.9286053979,36.95199966430664
63735.99543868412,36.8380012512207
63736.062271970346,37.000999450683594
63736.129105256565,37.000999450683594
63736.19593854279,36.96500015258789
63736.26277182902,36.96500015258789
63736.329605115236,36.96500015258789
63736.39643840146,36.91400146484375
63736.46327168768,36.91400146484375
63736.53010497391,36.926998138427734
63736.59693826013,37.00400161743164
63736.66377154635,37.00400161743164
63736.73060483258,36.965999603271484
63736.797438118796,36.965999603271484
63736.86427140502,36.965999603271484
63736.93110469125,36.95000076293945
63736.99793797747,36.87200164794922
63737.06477126369,36.87200164794922
63737.13160454991,36.94499969482422
63737.19843783614,36.94499969482422
63737.26527112236,36.94499969482422
63737.33210440858,36.904998779296875
63737.39893769481,36.95899963378906
63737.465770981034,36.95899963378906
63737.53260426725,36.9109992980957
63737.59943755348,36.9109992980957
63737.6662708397,36.9109992980957
63737.733104125924,36.96200180053711
63737.79993741215,36.983001708984375
63737.86677069837,36.983001708984375
63737.933603984595,36.922000885009766
63738.00043727081,36.82400131225586
63738.06727055704,36.82400131225586
63738.134103843266,36.82400131225586
63738.200937129484,36.82400131225586
63738.26777041571,36.81800079345703
63738.33460370193,36.849998474121094
63738.401436988155,36.849998474121094
63738.46827027438,36.900001525878906
63738.5351035606,36.900001525878906
63738.601936846826,36.900001525878906
63738.668770133045,36.92100143432617
63738.73560341927,36.965999603271484
63738.8024367055,36.965999603271484
63738.869269991716,36.87900161743164
63738.93610327794,36.87900161743164
63739.00293656416,36.87900161743164
63739.06976985039,36.983001708984375
63739.13660313661,36.99300003051758
63739.20343642283,36.99300003051758
63739.27026970906,36.92599868774414
63739.337102995276,36.92599868774414
63739.4039362815,36.92599868774414
63739.47076956773,36.96799850463867
63739.53760285395,36.880001068115234
63739.60443614017,36.880001068115234
63739.67126942639,36.87699890136719
63739.73810271262,36.87699890136719
63739.80493599884,36.87699890136719
63739.87176928506,37.053001403808594
63739.93860257129,37.02299880981445
63740.00543585751,37.02299880981445
63740.07226914373,36.93899917602539
63740.13910242996,36.90299987792969
63740.20593571618,36.90299987792969
63740.272769002404,36.90299987792969
63740.33960228862,36.95800018310547
63740.40643557485,36.95800018310547
63740.473268861075,36.981998443603516
63740.54010214729,36.981998443603516
63740.60693543352,36.92100143432617
63740.67376871974,36.92100143432617
63740.740602005964,36.92100143432617
63740.80743529219,36.93000030517578
63740.87426857841,37.04100036621094
63740.941101864635,37.04100036621094
63741.007935150854,36.981998443603516
63741.07476843708,36.981998443603516
63741.141601723306,36.981998443603516
63741.208435009525,36.92100143432617
63741.27526829575,36.930999755859375
63741.34210158197,36.930999755859375
63741.408934868196,37.005001068115234
63741.47576815442,37.005001068115234
63741.54260144064,37.005001068115234
63741.609434726866,36.96699905395508
63741.676268013085,36.96699905395508
63741.74310129931,36.915000915527344
63741.80993458554,36.7859992980957
63741.876767871756,36.7859992980957
63741.94360115798,36.97800064086914
63742.0104344442,36.97800064086914
63742.07726773043,36.97800064086914
63742.14410101665,36.95500183105469
63742.21093430287,36.98099899291992
63742.2777675891,36.98099899291992
63742.344600875316,36.849998474121094
63742.41143416154,37.00600051879883
63742.47826744777,37.00600051879883
63742.54510073399,37.00600051879883
63742.61193402021,36.96699905395508
63742.67876730643,36.96699905395508
63742.74560059266,36.87900161743164
63742.812433878884,36.87900161743164
63742.8792671651,36.9119987487793
63742.94610045133,36.9119987487793
63743.01293373755,36.9119987487793
63743.07976702377,36.99800109863281
63743.14660031,37.06999969482422
63743.21343359622,37.06999969482422
63743.280266882444,37.029998779296875
63743.34710016866,37.029998779296875
63743.41393345489,37.029998779296875
63743.480766741115,36.97800064086914
63743.547600027334,36.91899871826172
63743.61443331356,36.91899871826172
63743.68126659978,36.89400100708008
63743.748099886005,36.89400100708008
63743.81493317223,36.89400100708008
63743.88176645845,37.025001525878906
63743.948599744675,36.974998474121094
63744.015433030894,36.974998474121094
63744.08226631712,36.847999572753906
63744.149099603346,36.847999572753906
63744.215932889565,36.847999572753906
63744.28276617579,36.933998107910156
63744.34959946202,36.8650016784668
63744.416432748236,36.8650016784668
63744.48326603446,36.763999938964844
63744.55009932068,36.763999938964844
63744.61693260691,36.763999938964844
63744.68376589313,36.862998962402344
63744.75059917935,36.904998779296875
63744.81743246558,36.904998779296875
63744.884265751796,36.85300064086914
63744.95109903802,36.93600082397461
63745.01793232425,36.93600082397461
63745.08476561047,36.93600082397461
63745.15159889669,36.93600082397461
63745.21843218291,36.9010009765625
63745.28526546914,37.02799987792969
63745.352098755364,37.02799987792969
63745.41893204158,37.012001037597656
63745.48576532781,37.012001037597656
63745.55259861403,37.012001037597656
63745.61943190025,37.005001068115234
63745.68626518648,37.00199890136719
63745.7530984727,37.00199890136719
63745.819931758924,36.965999603271484
63745.88676504514,36.965999603271484
63745.95359833137,36.965999603271484
63746.020431617595,36.87900161743164
63746.087264903814,36.840999603271484
63746.15409819004,36.840999603271484
63746.22093147626,36.78900146484375
63746.287764762485,36.78900146484375
63746.35459804871,36.78900146484375
63746.42143133493,36.944000244140625
63746.488264621155,36.97600173950195
63746.555097907374,36.97600173950195
63746.6219311936,36.95399856567383
63746.688764479826,36.95399856567383
63746.755597766045,37.01599884033203
63746.82243105227,37.00699996948242
63746.88926433849,37.00699996948242
63746.956097624716,37.00699996948242
63747.02293091094,36.861000061035156
63747.08976419716,36.861000061035156
63747.15659748339,36.939998626708984
63747.223430769605,36.939998626708984
63747.29026405583,36.86800003051758
63747.35709734206,36.86800003051758
63747.423930628276,36.86800003051758
63747.4907639145,36.90700149536133
63747.55759720072,36.92399978637695
63747.62443048695,36.92399978637695
63747.69126377317,36.895999908447266
63747.75809705939,36.895999908447266
63747.82493034562,36.895999908447266
63747.89176363184,36.8489990234375
63747.95859691806,36.935001373291016
63748.02543020429,36.935001373291016
63748.09226349051,36.93600082397461
63748.15909677673,36.93600082397461
63748.22593006295,36.93600082397461
63748.29276334918,37.007999420166016
63748.359596635404,36.93199920654297
63748.42642992162,36.93199920654297
63748.49326320785,36.935001373291016
63748.56009649407,36.935001373291016
63748.626929780294,36.935001373291016
63748.69376306652,36.86600112915039
63748.76059635274,36.87099838256836
63748.827429638965,36.87099838256836
63748.89426292518,36.909000396728516
63748.96109621141,36.909000396728516
63749.027929497635,36.909000396728516
63749.094762783854,36.959999084472656
63749.16159607008,37.018001556396484
63749.2284293563,37.018001556396484
63749.295262642525,36.97200012207031
63749.36209592875,36.987998962402344
63749.42892921497,36.987998962402344
63749.495762501196,36.987998962402344
63749.562595787414,36.95899963378906
63749.62942907364,36.95899963378906
63749.69626235987,37.124000549316406
63749.763095646085,37.124000549316406
63749.82992893231,36.946998596191406
63749.89676221853,36.946998596191406
63749.963595504756,37.09700012207031
63750.03042879098,37.09700012207031
63750.0972620772,37.04199981689453
63750.16409536343,37.04199981689453
63750.230928649646,37.04199981689453
63750.29776193587,36.946998596191406
63750.3645952221,36.834999084472656
63750.43142850832,36.834999084472656
63750.49826179454,36.92900085449219
63750.56509508076,36.92900085449219
63750.63192836699,36.92900085449219
63750.69876165321,37.005001068115234
63750.76559493943,36.895999908447266
63750.83242822566,36.895999908447266
63750.89926151188,36.91899871826172
63750.9660947981,36.91899871826172
63751.03292808433,36.91899871826172
63751.09976137055,36.823001861572266
63751.166594656774,36.92399978637695
63751.23342794299,36.92399978637695
63751.30026122922,36.96699905395508
63751.367094515444,36.96699905395508
63751.43392780166,36.96699905395508
63751.50076108789,36.95000076293945
63751.56759437411,36.97800064086914
63751.634427660334,36.97800064086914
63751.70126094656,36.215999603271484
63751.76809423278,36.91999816894531
63751.834927519005,36.93000030517578
63751.90176080522,36.93000030517578
63751.96859409145,36.933998107910156
63752.035427377676,36.933998107910156
63752.102260663894,36.933998107910156
63752.16909395012,36.93600082397461
63752.23592723634,36.97200012207031
63752.302760522565,36.97200012207031
63752.36959380879,36.952999114990234
63752.43642709501,36.952999114990234
63752.503260381236,36.952999114990234
63752.57009366746,36.944000244140625
63752.63692695368,36.86899948120117
63752.70376023991,36.86899948120117
63752.770593526126,36.90800094604492
63752.83742681235,36.90800094604492
63752.90426009858,36.90800094604492
63752.9710933848,36.959999084472656
63753.03792667102,36.946998596191406
63753.10475995724,36.946998596191406
63753.17159324347,36.94200134277344
63753.23842652969,36.94200134277344
63753.30525981591,36.94200134277344
63753.37209310214,36.974998474121094
63753.43892638836,37.025001525878906
63753.50575967458,37.025001525878906
63753.57259296081,36.83300018310547
63753.63942624703,36.821998596191406
63753.70625953325,36.821998596191406
63753.77309281947,36.821998596191406
63753.8399261057,36.821998596191406
63753.906759391924,36.816001892089844
63753.97359267814,36.92100143432617
63754.04042596437,36.92100143432617
63754.10725925059,37.000999450683594
63754.174092536814,37.000999450683594
63754.24092582304,37.000999450683594
63754.30775910926,36.89400100708008
63754.374592395485,36.91899871826172
63754.4414256817,36.91899871826172
63754.50825896793,37.07099914550781
63754.575092254156,37.07099914550781
63754.641925540374,37.07099914550781
63754.7087588266,36.959999084472656
63754.77559211282,36.9119987487793
63754.842425399045,36.9119987487793
63754.90925868527,36.92599868774414
63754.97609197149,36.92599868774414
63755.042925257716,36.92599868774414
63755.109758543935,36.89699935913086
63755.17659183016,36.8849983215332
63755.24342511639,36.8849983215332
63755.310258402606,36.87900161743164
63755.37709168883,36.87900161743164
63755.44392497505,36.87900161743164
63755.510758261276,36.9119987487793
63755.5775915475,36.89099884033203
63755.64442483372,36.89099884033203
63755.71125811995,36.952999114990234
63755.778091406166,36.8380012512207
63755.84492469239,36.8380012512207
63755.91175797862,36.8380012512207
63755.97859126484,36.8380012512207
63756.04542455106,36.89400100708008
63756.11225783728,36.9900016784668
63756.17909112351,36.9900016784668
63756.24592440973,36.92499923706055
63756.31275769595,36.92499923706055
63756.37959098218,36.92499923706055
63756.4464242684,36.96699905395508
63756.51325755462,36.95000076293945
63756.58009084085,36.95000076293945
63756.64692412707,36.94300079345703
63756.713757413294,36.94300079345703
63756.78059069951,36.94300079345703
63756.84742398574,36.939998626708984
63756.914257271965,36.939998626708984
63756.98109055818,36.797000885009766
63757.04792384441,36.87699890136719
63757.11475713063,36.87699890136719
63757.181590416854,36.946998596191406
63757.24842370308,36.946998596191406
63757.3152569893,36.946998596191406
63757.382090275525,37.012001037597656
63757.448923561744,36.970001220703125
63757.51575684797,36.970001220703125
63757.582590134196,36.95199966430664
63757.649423420415,36.95199966430664
63757.71625670664,36.95199966430664
63757.78308999286,36.979000091552734
63757.849923279085,37.0260009765625
63757.91675656531,37.0260009765625
63757.98358985153,37.047000885009766
63758.050423137756,36.91400146484375
63758.117256423975,36.91400146484375
63758.1840897102,36.91400146484375
63758.25092299643,36.891998291015625
63758.317756282646,36.891998291015625
63758.38458956887,36.88199996948242
63758.45142285509,36.88199996948242
63758.51825614132,36.94900131225586
63758.58508942754,36.94900131225586
63758.65192271376,36.94900131225586
63758.71875599999,36.97800064086914
63758.785589286206,36.95500183105469
63758.85242257243,36.95500183105469
63758.91925585866,36.90999984741211
63758.98608914488,36.90999984741211
63759.0529224311,36.90999984741211
63759.11975571732,36.88999938964844
63759.18658900355,36.95199966430664
63759.253422289774,36.95199966430664
63759.32025557599,37.08599853515625
63759.38708886222,37.08599853515625
63759.453922148445,37.08599853515625
63759.52075543466,37.073001861572266
63759.58758872089,36.99599838256836
63759.65442200711,36.99599838256836
63759.721255293334,37.034000396728516
63759.78808857956,37.034000396728516
63759.85492186578,37.034000396728516
63759.921755152005,37.01499938964844
63759.988588438224,37.00600051879883
63760.05542172445,37.00600051879883
63760.122255010676,37.03799819946289
63760.189088296895,37.051998138427734
63760.25592158312,37.051998138427734
63760.32275486934,37.051998138427734
63760.389588155565,37.051998138427734
63760.45642144179,36.98699951171875
63760.52325472801,36.99399948120117
63760.590088014236,36.99399948120117
63760.656921300455,36.96200180053711
63760.72375458668,36.96200180053711
63760.79058787291,36.96200180053711
63760.857421159126,36.98400115966797
63760.92425444535,36.887001037597656
63760.99108773157,36.887001037597656
63761.0579210178,36.880001068115234
63761.12475430402,36.880001068115234
63761.19158759024,36.880001068115234
63761.25842087647,36.91299819946289
63761.325254162686,36.89099884033203
63761.39208744891,36.89099884033203
63761.45892073514,36.88199996948242
63761.52575402136,36.88199996948242
63761.59258730758,36.88199996948242
63761.6594205938,36.87799835205078
63761.72625388003,36.840999603271484
63761.793087166254,36.840999603271484
63761.85992045247,36.930999755859375
63761.9267537387,36.930999755859375
63761.99358702492,36.970001220703125
63762.06042031114,36.98699951171875
63762.12725359737,36.98699951171875
63762.19408688359,36.98699951171875
63762.260920169814,36.92399978637695
63762.32775345603,36.92399978637695
63762.39458674226,37.03799819946289
63762.461420028485,37.03799819946289
63762.528253314704,36.98099899291992
63762.59508660093,36.98099899291992
63762.66191988715,36.98099899291992
63762.728753173375,36.95600128173828
63762.7955864596,36.94599914550781
63762.86241974582,36.94599914550781
63762.929253032045,36.941001892089844
63762.996086318264,36.941001892089844
63763.06291960449,36.941001892089844
63763.129752890716,36.9739990234375
63763.196586176935,36.952999114990234
63763.26341946316,36.952999114990234
63763.33025274938,36.97999954223633
63763.397086035606,36.97999954223633
63763.46391932183,36.97999954223633
63763.53075260805,37.0620002746582
63763.59758589428,36.99100112915039
63763.664419180495,36.99100112915039
63763.73125246672,36.99599838256836
63763.79808575295,36.99599838256836
63763.864919039166,36.99599838256836
63763.93175232539,37.034000396728516
63763.99858561161,36.979000091552734
63764.06541889784,36.979000091552734
63764.13225218406,36.99100112915039
63764.19908547028,36.99100112915039
63764.26591875651,36.99100112915039
63764.33275204273,36.99599838256836
63764.39958532895,36.99800109863281
63764.46641861518,36.99800109863281
63764.5332519014,36.9640007019043
63764.60008518762,36.98400115966797
63764.66691847384,36.98400115966797
63764.73375176007,36.98400115966797
63764.800585046294,36.98400115966797
63764.86741833251,36.95800018310547
63764.93425161874,36.94599914550781
63765.00108490496,36.94599914550781
63765.067918191184,36.941001892089844
63765.13475147741,36.941001892089844
63765.20158476363,36.941001892089844
63765.268418049855,36.974998474121094
63765.33525133607,36.95399856567383
63765.4020846223,36.95399856567383
63765.468917908525,36.874000549316406
63765.535751194744,36.874000549316406
63765.60258448097,36.874000549316406
63765.66941776719,36.94499969482422
63765.736251053415,36.941001892089844
63765.80308433964,36.941001892089844
63765.86991762586,36.93899917602539
63765.936750912086,36.93899917602539
63766.003584198304,36.93899917602539
63766.07041748453,36.90299987792969
63766.13725077076,36.887001037597656
63766.204084056975,36.887001037597656
63766.2709173432,37.09299850463867
63766.33775062942,37.09299850463867
63766.404583915646,37.09299850463867
63766.47141720187,37.111000061035156
63766.53825048809,37.08399963378906
63766.60508377432,37.08399963378906
63766.671917060536,37.106998443603516
63766.73875034676,37.082000732421875
63766.80558363299,37.082000732421875
63766.87241691921,37.082000732421875
63766.93925020543,36.9640007019043
63767.00608349165,36.9640007019043
63767.07291677788,36.215999603271484
63767.1397500641,36.98500061035156
63767.20658335032,36.95800018310547
63767.27341663655,36.95800018310547
63767.340249922774,37.016998291015625
63767.40708320899,37.016998291015625
63767.47391649522,37.016998291015625
63767.54074978144,36.97200012207031
63767.607583067664,36.81100082397461
63767.67441635389,36.81100082397461
63767.74124964011,36.7760009765625
63767.808082926334,36.7760009765625
63767.87491621255,36.7760009765625
63767.94174949878,36.93899917602539
63768.008582785005,36.972999572753906
63768.075416071224,36.972999572753906
63768.14224935745,36.81100082397461
63768.20908264367,36.81100082397461
63768.275915929895,36.81100082397461
63768.34274921612,36.882999420166016
63768.40958250234,36.98500061035156
63768.476415788566,36.98500061035156
63768.543249074784,36.95800018310547
63768.61008236101,36.981998443603516
63768.67691564724,36.981998443603516
63768.743748933455,36.981998443603516
63768.81058221968,36.92100143432617
63768.8774155059,36.92100143432617
63768.944248792126,37.000999450683594
63769.01108207835,37.000999450683594
63769.07791536457,36.96500015258789
63769.1447486508,36.96500015258789
63769.211581937016,36.96500015258789
63769.27841522324,36.98500061035156
63769.34524850947,36.99300003051758
63769.41208179569,36.99300003051758
63769.47891508191,37.06800079345703
63769.54574836813,37.06800079345703
63769.61258165436,37.06800079345703
63769.67941494058,37.064998626708984
63769.7462482268,36.957000732421875
63769.81308151303,36.957000732421875
63769.87991479925,37.051998138427734
63769.94674808547,37.051998138427734
63770.0135813717,37.051998138427734
63770.08041465792,37.05799865722656
63770.14724794414,37.06100082397461
63770.21408123036,37.06100082397461
63770.28091451659,36.99100112915039
63770.347747802814,36.99100112915039
63770.41458108903,36.99100112915039
63770.48141437526,37.03099822998047
63770.54824766148,37.04899978637695
63770.615080947704,37.04899978637695
63770.68191423393,37.020999908447266
63770.74874752015,37.00899887084961
63770.815580806375,37.00899887084961
63770.88241409259,37.00899887084961
63770.94924737882,37.00899887084961
63771.016080665046,36.96900177001953
63771.082913951264,36.915000915527344
63771.14974723749,36.915000915527344
63771.21658052371,36.9630012512207
63771.283413809935,36.9630012512207
63771.35024709616,36.9630012512207
63771.41708038238,36.94900131225586
63771.483913668606,36.87099838256836
63771.550746954825,36.87099838256836
63771.61758024105,36.944000244140625
63771.68441352728,36.944000244140625
63771.751246813496,36.944000244140625
63771.81808009972,36.939998626708984
63771.88491338594,36.90299987792969
63771.951746672166,36.90299987792969
63772.01857995839,36.85200119018555
63772.08541324461,36.85200119018555
63772.15224653084,36.85200119018555
63772.219079817056,36.900001525878906
63772.28591310328,36.900001525878906
63772.35274638951,36.957000732421875
63772.41957967573,36.94599914550781
63772.48641296195,36.94599914550781
63772.55324624817,36.90599822998047
63772.6200795344,36.90599822998047
63772.68691282062,36.90599822998047
63772.75374610684,36.92399978637695
63772.82057939307,36.93199920654297
63772.88741267929,36.93199920654297
63772.95424596551,36.89899826049805
63773.02107925174,36.957000732421875
63773.08791253796,36.957000732421875
63773.154745824184,36.957000732421875
63773.2215791104,36.957000732421875
63773.28841239663,36.94599914550781
63773.355245682855,37.012001037597656
63773.42207896907,37.012001037597656
63773.4889122553,36.970001220703125
63773.55574554152,36.970001220703125
63773.622578827744,36.970001220703125
63773.68941211397,37.02199935913086
63773.75624540019,36.90299987792969
63773.823078686415,36.90299987792969
63773.889911972634,36.92300033569336
63773.95674525886,36.92300033569336
63774.023578545086,36.92300033569336
63774.090411831305,36.930999755859375
63774.15724511753,36.86399841308594
63774.22407840376,36.86399841308594
63774.290911689975,36.834999084472656
63774.3577449762,36.834999084472656
63774.42457826242,36.834999084472656
63774.491411548646,36.928001403808594
63774.55824483487,36.89799880981445
63774.62507812109,36.89799880981445
63774.69191140732,36.77899932861328
63774.758744693536,36.77899932861328
63774.82557797976,36.77899932861328
63774.89241126599,36.83300018310547
63774.95924455221,37.06999969482422
63775.02607783843,37.06999969482422
63775.09291112465,37.029998779296875
63775.15974441088,36.90700149536133
63775.2265776971,36.90700149536133
63775.29341098332,36.90700149536133
63775.36024426955,36.85300064086914
63775.42707755577,36.85300064086914
63775.49391084199,36.9370002746582
63775.56074412822,36.9370002746582
63775.62757741444,37.007999420166016
63775.694410700664,37.007999420166016
63775.76124398688,37.007999420166016
63775.82807727311,36.96799850463867
63775.894910559335,36.915000915527344
63775.96174384555,36.915000915527344
63776.02857713178,36.999000549316406
63776.095410418,36.999000549316406
63776.162243704224,36.999000549316406
63776.22907699045,36.9640007019043
63776.29591027667,36.94900131225586
63776.362743562895,36.94900131225586
63776.429576849114,36.94200134277344
63776.49641013534,36.94200134277344
63776.563243421566,36.94200134277344
63776.630076707785,37.04600143432617
63776.69690999401,37.02000045776367
63776.76374328023,37.02000045776367
63776.830576566455,37.00899887084961
63776.89740985268,37.00899887084961
63776.9642431389,37.00899887084961
63777.031076425126,37.00400161743164
63777.097909711345,37.00199890136719
63777.16474299757,37.00199890136719
63777.2315762838,37.000999450683594
63777.298409570016,37.000999450683594
63777.36524285624,37.0359992980957
63777.43207614246,37.0359992980957
63777.49890942869,37.0359992980957
63777.56574271491,36.97999954223633
63777.63257600113,36.95600128173828
63777.69940928736,36.95600128173828
63777.766242573576,36.98099899291992
63777.8330758598,36.95600128173828
63777.89990914603,36.95600128173828
63777.96674243225,36.95600128173828
63778.03357571847,36.95600128173828
63778.10040900469,36.94599914550781
63778.16724229092,37.012001037597656
63778.234075577144,37.012001037597656
63778.30090886336,37.04100036621094
63778.36774214959,37.04100036621094
63778.43457543581,37.04100036621094
63778.50140872203,36.981998443603516
63778.56824200826,36.957000732421875
63778.63507529448,36.957000732421875
63778.701908580704,37.051998138427734
63778.76874186692,37.051998138427734
63778.83557515315,37.051998138427734
63778.902408439375,37.09400177001953
63778.969241725594,36.970001220703125
63779.03607501182,36.970001220703125
63779.10290829804,36.91600036621094
63779.169741584265,36.91600036621094
63779.23657487049,36.91600036621094
63779.30340815671,37.06999969482422
63779.370241442935,37.066001892089844
63779.437074729154,37.066001892089844
63779.50390801538,36.95800018310547
63779.570741301606,36.981998443603516
63779.637574587825,36.981998443603516
63779.70440787405,36.981998443603516
63779.77124116027,36.992000579833984
63779.838074446496,36.992000579833984
63779.90490773272,37.10300064086914
63779.97174101894,37.08000183105469
63780.03857430517,37.08000183105469
63780.105407591385,37.08000183105469
63780.17224087761,37.08000183105469
63780.23907416384,36.9640007019043
63780.305907450056,36.98400115966797
63780.37274073628,36.98400115966797
63780.4395740225,37.02899932861328
63780.50640730873,37.02899932861328
63780.57324059495,37.02899932861328
63780.64007388117,37.012001037597656
63780.7069071674,36.933998107910156
63780.77374045362,36.933998107910156
63780.84057373984,36.93600082397461
63780.90740702607,36.93600082397461
63780.97424031229,36.93600082397461
63781.04107359851,36.97200012207031
63781.10790688473,36.91699981689453
63781.17474017096,36.91699981689453
63781.241573457184,36.92900085449219
63781.3084067434,36.92900085449219
63781.37524002963,36.92900085449219
63781.44207331585,36.933998107910156
63781.508906602074,36.93600082397461
63781.5757398883,36.93600082397461
63781.64257317452,36.9370002746582
63781.709406460745,36.9370002746582
63781.77623974696,36.9370002746582
63781.84307303319,36.9370002746582
63781.909906319415,37.007999420166016
63781.976739605634,37.007999420166016
63782.04357289186,36.96799850463867
63782.11040617808,36.986000061035156
63782.177239464305,36.986000061035156
63782.24407275053,36.986000061035156
63782.31090603675,36.88800048828125
63782.377739322976,36.88800048828125
63782.4445726092,36.215999603271484
63782.51140589542,36.91600036621094
63782.57823918165,37.06999969482422
63782.645072467865,37.06999969482422
63782.71190575409,37.029998779296875
63782.77873904032,37.029998779296875
63782.845572326536,37.029998779296875
63782.91240561276,36.94200134277344
63782.97923889898,36.90399932861328
63783.04607218521,36.90399932861328
63783.11290547143,37.02899932861328
63783.17973875765,37.02899932861328
63783.24657204388,37.02899932861328
63783.3134053301,36.97700119018555
63783.38023861632,36.9900016784668
63783.44707190255,36.9900016784668
63783.51390518877,37.10200119018555
63783.58073847499,37.10200119018555
63783.64757176121,37.10200119018555
63783.71440504744,37.04399871826172
63783.781238333664,37.09000015258789
63783.84807161988,37.09000015258789
63783.91490490611,37.03900146484375
63783.98173819233,36.875
63784.048571478554,36.875
63784.11540476478,36.875
63784.182238051,36.90999984741211
63784.249071337224,36.90999984741211
63784.31590462344,36.92599868774414
63784.38273790967,36.86199951171875
63784.449571195895,36.86199951171875
63784.516404482114,36.86199951171875
63784.58323776834,36.86199951171875
63784.65007105456,36.939998626708984
63784.716904340785,36.93899917602539
63784.78373762701,36.93899917602539
63784.85057091323,36.90299987792969
63784.917404199456,36.90299987792969
63784.984237485674,36.90299987792969
63785.0510707719,36.922000885009766
63785.11790405813,36.930999755859375
63785.184737344345,36.930999755859375
63785.25157063057,36.935001373291016
63785.31840391679,36.935001373291016
63785.385237203016,36.935001373291016
63785.45207048924,36.97200012207031
63785.51890377546,36.88100051879883
63785.58573706169,36.88100051879883
63785.652570347906,36.87799835205078
63785.71940363413,36.87799835205078
63785.78623692036,36.87799835205078
63785.85307020658,36.946998596191406
63785.9199034928,36.94200134277344
63785.98673677902,36.94200134277344
63786.05357006525,36.93899917602539
63786.12040335147,36.93899917602539
63786.18723663769,36.93899917602539
63786.25406992392,36.867000579833984
63786.32090321014,37.013999938964844
63786.38773649636,37.013999938964844
63786.45456978259,36.935001373291016
63786.52140306881,37.00699996948242
63786.58823635503,37.00699996948242
63786.65506964125,37.00699996948242
63786.72190292748,36.93199920654297
63786.788736213704,36.93199920654297
63786.85556949992,37.04199981689453
63786.92240278615,37.04199981689453
63786.98923607237,36.946998596191406
63787.056069358594,36.946998596191406
63787.12290264482,36.946998596191406
63787.18973593104,36.94200134277344
63787.256569217265,37.04600143432617
63787.32340250348,37.04600143432617
63787.39023578971,37.090999603271484
63787.457069075936,37.090999603271484
63787.523902362154,37.090999603271484
63787.59073564838,37.11000061035156
63787.6575689346,37.11000061035156
63787.724402220825,36.97700119018555
63787.79123550705,36.95399856567383
63787.85806879327,36.95399856567383
63787.924902079496,37.01599884033203
63787.991735365715,37.01599884033203
63788.05856865194,37.01599884033203
63788.12540193817,37.00699996948242
63788.192235224386,36.89699935913086
63788.25906851061,36.89699935913086
63788.32590179683,36.95500183105469
63788.392735083056,36.95500183105469
63788.45956836928,36.95500183105469
63788.5264016555,36.90999984741211
63788.59323494173,37.06700134277344
63788.660068227946,37.06700134277344
63788.72690151417,37.02899932861328
63788.7937348004,37.04800033569336
63788.86056808662,37.04800033569336
63788.92740137284,37.04800033569336
63788.99423465906,37.04800033569336
63789.06106794529,36.98500061035156
63789.12790123151,36.99399948120117
63789.19473451773,36.99399948120117
63789.26156780396,36.96200180053711
63789.328401090184,36.96200180053711
63789.3952343764,36.96200180053711
63789.46206766263,36.983001708984375
63789.52890094885,36.957000732421875
63789.595734235074,36.957000732421875
63789.6625675213,37.051998138427734
63789.72940080752,37.051998138427734
63789.796234093745,37.051998138427734
63789.86306737996,37.02299880981445
63789.92990066619,36.93899917602539
63789.996733952416,36.93899917602539
63790.063567238634,37.04399871826172
63790.13040052486,37.04399871826172
63790.19723381108,37.04399871826172
63790.264067097305,37.01900100708008
63790.33090038353,36.972999572753906
63790.39773366975,36.972999572753906
63790.464566955976,36.987998962402344
63790.531400242195,36.987998962402344
63790.59823352842,36.987998962402344
63790.66506681465,36.994998931884766
63790.731900100865,36.99800109863281
63790.79873338709,36.99800109863281
63790.86556667331,37.06999969482422
63790.932399959536,36.994998931884766
63790.99923324576,36.994998931884766
63791.06606653198,36.994998931884766
63791.13289981821,36.994998931884766
63791.199733104426,36.926998138427734
63791.26656639065,37.07500076293945
63791.33339967688,37.07500076293945
63791.4002329631,36.96099853515625
63791.46706624932,36.96099853515625
63791.53389953554,36.96099853515625
63791.60073282177,36.87699890136719
63791.66756610799,37.018001556396484
63791.73439939421,37.018001556396484
63791.80123268044,37.007999420166016
63791.86806596666,37.007999420166016
63791.93489925288,37.007999420166016
63792.00173253911,36.93199920654297
63792.06856582533,36.97100067138672
63792.135399111554,36.97100067138672
63792.20223239777,36.95199966430664
63792.269065684,36.95199966430664
63792.335898970225,36.95199966430664
63792.40273225644,37.08599853515625
63792.46956554267,37.00199890136719
63792.53639882889,37.00199890136719
63792.603232115114,36.93000030517578
63792.67006540134,36.93000030517578
63792.73689868756,36.933998107910156
63792.803731973785,36.933998107910156
63792.870565260004,36.933998107910156
63792.93739854623,37.077999114990234
63793.004231832456,37.10499954223633
63793.071065118675,37.10499954223633
63793.1378984049,37.0099983215332
63793.20473169112,36.93299865722656
63793.271564977345,36.93299865722656
63793.33839826357,36.93299865722656
63793.40523154979,36.97100067138672
63793.472064836016,36.97100067138672
63793.538898122235,36.987998962402344
63793.60573140846,36.987998962402344
63793.67256469469,36.88800048828125
63793.739397980906,36.88800048828125
63793.80623126713,36.88800048828125
63793.87306455335,36.95199966430664
63793.93989783958,37.04999923706055
63794.0067311258,37.04999923706055
63794.07356441202,36.986000061035156
63794.14039769825,36.986000061035156
63794.207230984466,36.986000061035156
63794.27406427069,36.99399948120117
63794.34089755692,36.92599868774414
63794.40773084314,36.92599868774414
63794.47456412936,37.00400161743164
63794.54139741558,37.00400161743164
63794.60823070181,37.00400161743164
63794.675063988034,36.965999603271484
63794.74189727425,36.91400146484375
63794.80873056048,36.91400146484375
63794.8755638467,36.7859992980957
63794.94239713292,36.7859992980957
63795.00923041915,36.7859992980957
63795.07606370537,36.87200164794922
63795.142896991594,36.909000396728516
63795.20973027781,36.909000396728516
63795.27656356404,36.92499923706055
63795.343396850265,36.92499923706055
63795.410230136484,36.92499923706055
63795.47706342271,36.89699935913086
63795.54389670893,37.0620002746582
63795.610729995155,37.0620002746582
63795.67756328138,36.99100112915039
63795.7443965676,36.92499923706055
63795.811229853825,36.92499923706055
63795.878063140044,36.92499923706055
63795.94489642627,36.861000061035156
63796.011729712496,36.861000061035156
63796.078562998715,36.974998474121094
63796.14539628494,36.974998474121094
63796.21222957116,36.95399856567383
63796.279062857386,36.95399856567383
63796.34589614361,36.95399856567383
63796.41272942983,36.94499969482422
63796.47956271606,36.97600173950195
63796.546396002275,36.97600173950195
63796.6132292885,36.9900016784668
63796.68006257473,36.9900016784668
63796.746895860946,36.9900016784668
63796.81372914717,36.99599838256836
63796.88056243339,36.99800109863281
63796.94739571962,36.99800109863281
63797.01422900584,36.856998443603516
63797.08106229206,36.856998443603516
63797.14789557829,36.856998443603516
63797.21472886451,37.00899887084961
63797.28156215073,36.96900177001953
63797.34839543696,36.96900177001953
63797.41522872318,37.05699920654297
63797.4820620094,37.05699920654297
63797.54889529563,37.05699920654297
63797.61572858185,36.98899841308594
63797.682561868074,36.92399978637695
63797.74939515429,36.92399978637695
63797.81622844052,36.215999603271484
63797.883061726745,36.895999908447266
63797.949895012964,36.95500183105469
63798.01672829919,36.95500183105469
63798.08356158541,36.8390007019043
63798.150394871634,36.8390007019043
63798.21722815786,36.8390007019043
63798.28406144408,36.85900115966797
63798.350894730305,36.93899917602539
63798.417728016524,36.93899917602539
63798.48456130275,36.9379997253418
63798.551394588976,36.9379997253418
63798.618227875195,36.9379997253418
63798.68506116142,36.867000579833984
63798.75189444764,36.87099838256836
63798.818727733866,36.87099838256836
63798.88556102009,37.01499938964844
63798.95239430631,37.01499938964844
63799.01922759254,37.01499938964844
63799.086060878755,37.04199981689453
63799.15289416498,37.05400085449219
63799.21972745121,37.05400085449219
63799.286560737426,37.058998107910156
63799.35339402365,37.058998107910156
63799.42022730987,37.058998107910156
63799.4870605961,36.9900016784668
63799.55389388232,36.99599838256836
63799.62072716854,36.99599838256836
63799.68756045477,36.9630012512207
63799.75439374099,36.91299819946289
63799.82122702721,36.91299819946289
63799.88806031344,36.91299819946289
63799.95489359966,36.926998138427734
63800.02172688588,36.926998138427734
63800.0885601721,36.986000061035156
63800.15539345833,36.986000061035156
63800.222226744554,36.986000061035156
63800.28906003077,36.92300033569336
63800.355893317,37.073001861572266
63800.42272660322,37.073001861572266
63800.48955988944,37.06700134277344
63800.55639317567,37.06700134277344
63800.62322646189,37.06700134277344
63800.690059748114,37.02899932861328
63800.75689303433,36.94200134277344
63800.82372632056,36.94200134277344
63800.890559606785,36.93899917602539
63800.957392893004,36.93899917602539
63801.02422617923,36.93899917602539
63801.09105946545,37.00899887084961
63801.157892751675,36.96900177001953
63801.2247260379,36.96900177001953
63801.29155932412,36.986000061035156
63801.358392610346,36.986000061035156
63801.425225896564,36.986000061035156
63801.49205918279,37.064998626708984
63801.55889246902,36.99300003051758
63801.625725755235,36.99300003051758
63801.69255904146,36.88999938964844
63801.75939232768,36.88999938964844
63801.826225613906,36.88999938964844
63801.89305890013,36.952999114990234
63801.95989218635,36.979000091552734
63802.02672547258,36.979000091552734
63802.093558758796,36.95600128173828
63802.16039204502,36.94499969482422
63802.22722533125,36.94499969482422
63802.29405861747,36.94499969482422
63802.36089190369,36.94499969482422
63802.42772518991,36.869998931884766
63802.49455847614,36.979000091552734
63802.56139176236,36.979000091552734
63802.62822504858,36.95600128173828
63802.69505833481,36.95600128173828
63802.76189162103,36.95600128173828
63802.82872490725,36.94499969482422
63802.89555819348,36.94499969482422
63802.9623914797,36.941001892089844
63803.02922476592,36.93899917602539
63803.09605805214,36.93899917602539
63803.16289133837,36.867000579833984
63803.229724624594,36.867000579833984
63803.29655791081,36.867000579833984
63803.36339119704,36.97800064086914
63803.43022448326,37.0260009765625
63803.497057769484,37.0260009765625
63803.56389105571,36.939998626708984
63803.63072434193,37.04499816894531
63803.697557628155,37.04499816894531
63803.76439091437,37.04499816894531
63803.8312242006,37.02000045776367
63803.898057486826,37.02000045776367
63803.964890773044,36.972999572753906
63804.03172405927,36.972999572753906
63804.09855734549,37.095001220703125
63804.165390631715,37.095001220703125
63804.23222391794,37.095001220703125
63804.29905720416,36.935001373291016
63804.365890490386,36.97200012207031
63804.43272377661,36.97200012207031
63804.49955706283,36.987998962402344
63804.56639034906,36.987998962402344
63804.633223635275,36.987998962402344
63804.7000569215,36.994998931884766
63804.76689020773,36.926998138427734
63804.833723493946,36.926998138427734
63804.90055678017,37.00400161743164
63804.96739006639,37.00400161743164
63805.03422335262,37.00400161743164
63805.10105663884,36.930999755859375
63805.16788992506,37.005001068115234
63805.23472321129,37.005001068115234
63805.30155649751,37.00199890136719
63805.36838978373,37.00199890136719
63805.43522306996,37.00199890136719
63805.50205635618,37.000999450683594
63805.5688896424,36.96500015258789
63805.63572292862,36.96500015258789
63805.70255621485,37.02000045776367
63805.769389501074,37.00899887084961
63805.83622278729,37.00899887084961
63805.90305607352,37.00899887084961
63805.96988935974,36.96799850463867
63806.036722645964,36.96799850463867
63806.10355593219,36.95100021362305
63806.17038921841,36.979000091552734
63806.237222504635,36.979000091552734
63806.30405579085,36.979000091552734
63806.37088907708,36.979000091552734
63806.437722363306,37.0260009765625
63806.504555649524,37.047000885009766
63806.57138893575,37.047000885009766
63806.63822222197,36.94900131225586
63806.705055508195,36.94900131225586
63806.77188879442,36.97800064086914
63806.83872208064,36.95500183105469
63806.905555366866,36.95500183105469
63806.972388653085,36.94499969482422
63807.03922193931,36.94499969482422
63807.10605522554,36.94499969482422
63807.172888511755,36.97600173950195
63807.23972179798,36.95399856567383
63807.3065550842,36.95399856567383
63807.373388370426,37.05099868774414
63807.44022165665,37.05099868774414
63807.50705494287,37.05099868774414
63807.5738882291,37.02199935913086
63807.640721515316,36.90299987792969
63807.70755480154,36.90299987792969
63807.77438808777,36.99399948120117
63807.84122137399,36.99399948120117
63807.90805466021,36.96200180053711
63807.97488794643,36.96200180053711
63808.04172123266,36.96200180053711
63808.10855451888,36.983001708984375
63808.1753878051,36.957000732421875
63808.24222109133,36.957000732421875
63808.30905437755,36.94599914550781
63808.37588766377,37.012001037597656
63808.44272095,37.012001037597656
63808.50955423622,37.012001037597656
63808.576387522444,37.005001068115234
63808.64322080866,37.005001068115234
63808.71005409489,36.96699905395508
63808.776887381115,36.96699905395508
63808.84372066733,36.87900161743164
63808.91055395356,36.87900161743164
63808.97738723978,36.87900161743164
63809.044220526004,36.9119987487793
63809.11105381223,37.03300094604492
63809.17788709845,37.03300094604492
63809.244720384675,37.013999938964844
63809.311553670894,37.013999938964844
63809.37838695712,36.96699905395508
63809.445220243346,36.96699905395508
63809.512053529565,37.020999908447266
63809.57888681579,37.020999908447266
63809.64572010201,37.020999908447266
63809.712553388235,36.90299987792969
63809.77938667446,36.95800018310547
63809.84621996068,36.95800018310547
63809.913053246906,37.016998291015625
63809.979886533125,37.016998291015625
63810.04671981935,37.016998291015625
63810.11355310558,37.00699996948242
63810.180386391796,37.07400131225586
63810.24721967802,37.07400131225586
63810.31405296424,36.99700164794922
63810.38088625047,37.069000244140625
63810.44771953669,37.069000244140625
63810.51455282291,37.069000244140625
63810.58138610914,36.994998931884766
63810.648219395356,36.994998931884766
63810.71505268158,37.069000244140625
63810.78188596781,37.069000244140625
63810.84871925403,37.029998779296875
63810.91555254025,37.029998779296875
63810.98238582647,37.029998779296875
63811.0492191127,37.04800033569336
63811.116052398924,37.020999908447266
63811.18288568514,37.020999908447266
63811.24971897137,36.9379997253418
63811.31655225759,36.9379997253418
63811.38338554381,36.9379997253418
63811.45021883004,36.9379997253418
63811.51705211626,37.00899887084961
63811.583885402484,37.00899887084961
63811.6507186887,36.96799850463867
63811.71755197493,36.96799850463867
63811.784385261155,36.96799850463867
63811.851218547374,36.915000915527344
63811.9180518336,36.856998443603516
63811.98488511982,36.856998443603516
63812.051718406045,36.9379997253418
63812.11855169227,36.9379997253418
63812.18538497849,36.9379997253418
63812.252218264715,36.9379997253418
63812.319051550934,36.972999572753906
63812.38588483716,36.972999572753906
63812.452718123386,36.987998962402344
63812.519551409605,36.95899963378906
63812.58638469583,36.95899963378906
63812.65321798206,36.95899963378906
63812.720051268276,36.9119987487793
63812.7868845545,36.9119987487793
63812.85371784072,36.99700164794922
63812.92055112695,36.99700164794922
63812.98738441317,36.999000549316406
63813.05421769939,36.999000549316406
63813.12105098562,37.06999969482422
63813.187884271836,37.06999969482422
63813.25471755806,37.06999969482422
63813.32155084429,36.994998931884766
63813.38838413051,36.99800109863281
63813.45521741673,36.99800109863281
63813.52205070295,36.9640007019043
63813.58888398918,36.9640007019043
63813.655717275404,36.9640007019043
63813.72255056162,37.02000045776367
63813.78938384785,36.9379997253418
63813.85621713407,36.9379997253418
63813.92305042029,36.9379997253418
63813.98988370652,36.9379997253418
63814.05671699274,36.9379997253418
63814.123550278964,37.007999420166016
63814.19038356518,37.03900146484375
63814.25721685141,37.03900146484375
63814.324050137635,37.016998291015625
63814.390883423854,37.016998291015625
63814.45771671008,37.016998291015625
63814.5245499963,37.00699996948242
63814.591383282524,36.93199920654297
63814.65821656875,36.93199920654297
63814.72504985497,37.07699966430664
63814.791883141195,37.07699966430664
63814.858716427414,37.07699966430664
63814.92554971364,37.03300094604492
63814.992382999866,36.979000091552734
63815.059216286085,36.979000091552734
63815.12604957231,37.0620002746582
63815.19288285853,37.0620002746582
63815.259716144756,37.0620002746582
63815.32654943098,37.0620002746582
63815.3933827172,37.0620002746582
63815.46021600343,37.027000427246094
63815.527049289645,37.047000885009766
63815.59388257587,37.047000885009766
63815.6607158621,36.94900131225586
63815.727549148316,36.94900131225586
63815.79438243454,36.94900131225586
63815.86121572076,37.04899978637695
63815.92804900699,37.09199905395508
63815.99488229321,37.09199905395508
63816.06171557943,37.00400161743164
63816.12854886566,37.00400161743164
63816.19538215188,37.00400161743164
63816.2622154381,37.0369987487793
63816.32904872433,36.98099899291992
63816.39588201055,36.98099899291992
63816.46271529677,36.95600128173828
63816.52954858299,36.95600128173828
63816.59638186922,36.95600128173828
63816.663215155444,37.016998291015625
63816.73004844166,36.97200012207031
63816.79688172789,36.97200012207031
63816.86371501411,36.95199966430664
63816.93054830033,36.95199966430664
63816.99738158656,36.95199966430664
63817.06421487278,37.04999923706055
63817.131048159004,37.05699920654297
63817.19788144522,37.05699920654297
63817.26471473145,36.98899841308594
63817.331548017675,36.994998931884766
63817.398381303894,36.994998931884766
63817.46521459012,36.994998931884766
63817.53204787634,36.994998931884766
63817.598881162565,36.99800109863281
63817.66571444879,36.928001403808594
63817.73254773501,36.928001403808594
63817.799381021236,36.89799880981445
63817.866214307454,36.89799880981445
63817.93304759368,36.89799880981445
63817.99988087991,36.91999816894531
63818.066714166125,36.91999816894531
63818.13354745235,37.000999450683594
63818.20038073857,36.93000030517578
63818.267214024796,36.93000030517578
63818.33404731102,36.933998107910156
63818.40088059724,36.933998107910156
63818.46771388347,36.933998107910156
63818.534547169686,36.93600082397461
63818.60138045591,36.9370002746582
63818.66821374214,36.9370002746582
63818.735047028356,36.972999572753906
63818.80188031458,36.972999572753906
63818.8687136008,36.972999572753906
63818.93554688703,37.02399826049805
63819.00238017325,36.974998474121094
63819.06921345947,36.974998474121094
63819.1360467457,37.060001373291016
63819.20288003192,37.09700012207031
63819.26971331814,37.09700012207031
63819.33654660437,37.09700012207031
63819.40337989059,37.00600051879883
63819.47021317681,37.00600051879883
63819.53704646304,37.00299835205078
63819.60387974926,37.00299835205078
63819.670713035484,37.0369987487793
63819.7375463217,37.0369987487793
63819.80437960793,37.0369987487793
63819.871212894155,36.94499969482422
63819.938046180374,37.012001037597656
63820.0048794666,37.012001037597656
63820.07171275282,37.07600021362305
63820.138546039045,37.07600021362305
63820.20537932527,37.07600021362305
63820.27221261149,37.17499923706055
63820.339045897716,37.040000915527344
63820.405879183934,37.040000915527344
63820.47271247016,36.9109992980957
63820.539545756386,36.9109992980957
63820.606379042605,36.9109992980957
63820.67321232883,36.96099853515625
63820.74004561505,36.9119987487793
63820.806878901276,36.9119987487793
63820.8737121875,36.926998138427734
63820.94054547372,36.926998138427734
63821.00737875995,36.926998138427734
63821.074212046165,36.96799850463867
63821.14104533239,36.84400177001953
63821.20787861862,36.84400177001953
63821.274711904836,36.89699935913086
63821.34154519106,36.89699935913086
63821.40837847728,36.89699935913086
63821.47521176351,37.0260009765625
63821.54204504973,36.97600173950195
63821.60887833595,36.97600173950195
63821.67571162218,36.91899871826172
63821.7425449084,36.96500015258789
63821.80937819462,36.96500015258789
63821.87621148085,36.96500015258789
63821.94304476707,36.98500061035156
63822.00987805329,36.98500061035156
63822.07671133951,37.099998474121094
63822.14354462574,37.099998474121094
63822.210377911964,37.11399841308594
63822.27721119818,37.11399841308594
63822.34404448441,37.11399841308594
63822.41087777063,37.119998931884766
63822.477711056854,37.08700180053711
63822.54454434308,37.08700180053711
63822.6113776293,36.930999755859375
63822.678210915525,36.930999755859375
63822.74504420174,36.930999755859375
63822.81187748797,36.935001373291016
63822.878710774195,36.97200012207031
63822.945544060414,36.97200012207031
63823.01237734664,37.058998107910156
63823.07921063286,37.058998107910156
63823.146043919085,37.06100082397461
63823.21287720531,37.06100082397461
63823.27971049153,37.06100082397461
63823.346543777756,37.0260009765625
63823.413377063975,37.01100158691406
63823.4802103502,37.01100158691406
63823.54704363643,37.14699935913086
63823.613876922645,37.02799987792969
63823.68071020887,37.02799987792969
63823.74754349509,37.02799987792969
63823.814376781316,37.02799987792969
63823.88121006754,37.012001037597656
63823.94804335376,37.07600021362305
63824.01487663999,37.07600021362305
63824.081709926206,36.96200180053711
63824.14854321243,36.96200180053711
63824.21537649866,36.96200180053711
63824.28220978488,36.98400115966797
63824.3490430711,36.922000885009766
63824.41587635732,36.922000885009766
63824.48270964355,37.0369987487793
63824.54954292977,37.0369987487793
63824.61637621599,37.0369987487793
63824.68320950222,36.98099899291992
63824.75004278844,36.92100143432617
63824.81687607466,36.92100143432617
63824.88370936089,36.965999603271484
63824.95054264711,36.965999603271484
63825.017375933334,36.965999603271484
63825.08420921955,36.87900161743164
63825.15104250578,37.018001556396484
63825.217875792005,37.018001556396484
63825.28470907822,37.042999267578125
63825.35154236445,37.042999267578125
63825.41837565067,37.042999267578125
63825.485208936894,37.05400085449219
63825.55204222312,37.058998107910156
63825.61887550934,37.058998107910156
63825.685708795565,37.06100082397461
63825.752542081784,37.0620002746582
63825.81937536801,37.0620002746582
63825.886208654236,37.0620002746582
63825.953041940455,36.91999816894531
63826.01987522668,36.91999816894531
63826.0867085129,36.93000030517578
63826.153541799125,37.005001068115234
63826.22037508535,37.005001068115234
63826.28720837157,37.005001068115234
63826.354041657796,37.005001068115234
63826.420874944015,36.930999755859375
63826.48770823024,36.970001220703125
63826.55454151647,36.970001220703125
63826.621374802686,37.02299880981445
63826.68820808891,37.02299880981445
63826.75504137513,37.02299880981445
63826.82187466136,36.9739990234375
63826.88870794758,36.952999114990234
63826.9555412338,36.952999114990234
63827.02237452003,36.97999954223633
63827.089207806246,36.97999954223633
63827.15604109247,36.97999954223633
63827.2228743787,36.95600128173828
63827.28970766492,36.90999984741211
63827.35654095114,36.90999984741211
63827.42337423737,36.96099853515625
63827.49020752359,36.96099853515625
63827.557040809814,36.96099853515625
63827.62387409603,37.01900100708008
63827.69070738226,36.972999572753906
63827.757540668485,36.972999572753906
63827.8243739547,36.952999114990234
63827.89120724093,36.952999114990234
63827.95804052715,36.952999114990234
63828.024873813374,36.944000244140625
63828.0917070996,37.047000885009766
63828.15854038582,37.047000885009766
63828.225373672045,36.91400146484375
63828.292206958264,36.91400146484375
63828.35904024449,37.034000396728516
63828.425873530716,36.979000091552734
63828.492706816935,36.979000091552734
63828.55954010316,36.979000091552734
63828.62637338938,37.0260009765625
63828.693206675605,37.0260009765625
63828.76003996183,37.082000732421875
63828.82687324805,37.082000732421875
63828.893706534276,37.07099914550781
63828.960539820495,37.07099914550781
63829.02737310672,37.07099914550781
63829.09420639295,37.066001892089844
63829.161039679166,37.06399917602539
63829.22787296539,37.06399917602539
63829.29470625161,37.0989990234375
63829.36153953784,37.0989990234375
63829.42837282406,37.0989990234375
63829.49520611028,36.97200012207031
63829.56203939651,36.88100051879883
63829.628872682726,36.88100051879883
63829.69570596895,36.98400115966797
63829.76253925518,36.98400115966797
63829.8293725414,36.98400115966797
63829.89620582762,36.95800018310547
63829.96303911384,37.016998291015625
63830.02987240007,37.016998291015625
63830.096705686294,37.042999267578125
63830.16353897251,37.042999267578125
63830.23037225874,37.042999267578125
63830.29720554496,36.948001861572266
63830.36403883118,37.04800033569336
63830.43087211741,37.04800033569336
63830.49770540363,37.020999908447266
63830.564538689854,36.9739990234375
63830.63137197607,36.9739990234375
63830.6982052623,36.9739990234375
63830.765038548525,36.952999114990234
63830.831871834744,36.952999114990234
63830.89870512097,36.87300109863281
63830.96553840719,36.87300109863281
63831.032371693414,36.94499969482422
63831.09920497964,36.94499969482422
63831.16603826586,36.94499969482422
63831.232871552085,36.941001892089844
63831.299704838304,36.93899917602539
63831.36653812453,36.93899917602539
63831.433371410756,36.9379997253418
63831.500204696975,36.9379997253418
63831.5670379832,36.9379997253418
63831.63387126942,37.04399871826172
63831.700704555646,37.05500030517578
63831.76753784187,37.05500030517578
63831.83437112809,36.987998962402344
63831.90120441432,36.987998962402344
63831.968037700535,36.987998962402344
63832.03487098676,37.029998779296875
63832.10170427299,37.154998779296875
63832.168537559206,37.154998779296875
63832.23537084543,37.13800048828125
63832.30220413165,37.13800048828125
63832.36903741788,37.13800048828125
63832.4358707041,37.095001220703125
63832.50270399032,37.00600051879883
63832.56953727655,37.00600051879883
63832.63637056277,37.073001861572266
63832.70320384899,37.073001861572266
63832.77003713522,37.073001861572266
63832.83687042144,37.10300064086914
63832.90370370766,37.08000183105469
63832.97053699388,37.08000183105469
63833.03737028011,37.03499984741211
63833.104203566334,37.04999923706055
63833.17103685255,37.04999923706055
63833.23787013878,37.09299850463867
63833.304703425,37.09299850463867
63833.37153671122,37.005001068115234
63833.43836999745,36.96699905395508
63833.50520328367,36.96699905395508
63833.572036569894,37.020999908447266
63833.63886985611,37.020999908447266
63833.70570314234,37.020999908447266
63833.772536428565,37.00899887084961
63833.839369714784,36.93299865722656
63833.90620300101,36.93299865722656
63833.97303628723,36.93600082397461
63834.039869573455,36.93600082397461
63834.10670285968,36.93600082397461
63834.1735361459,36.97200012207031
63834.240369432126,36.91699981689453
63834.30720271835,36.91699981689453
63834.37403600457,36.92900085449219
63834.4408692908,36.92900085449219
63834.507702577015,36.92900085449219
63834.57453586324,36.96900177001953
63834.64136914947,36.91600036621094
63834.708202435686,36.91600036621094
63834.77503572191,36.928001403808594
63834.84186900813,36.928001403808594
63834.90870229436,36.928001403808594
63834.97553558058,36.93299865722656
63835.0423688668,37.00699996948242
63835.10920215303,37.00699996948242
63835.176035439246,37.03799819946289
63835.24286872547,37.016998291015625
63835.3097020117,37.016998291015625
63835.37653529792,37.016998291015625
63835.44336858414,36.97200012207031
63835.51020187036,36.97200012207031
63835.57703515659,36.987998962402344
63835.643868442814,36.987998962402344
63835.71070172903,36.994998931884766
63835.77753501526,36.994998931884766
63835.84436830148,36.994998931884766
63835.9112015877,36.99800109863281
63835.97803487393,37.06999969482422
63836.04486816015,37.06999969482422
63836.111701446374,37.029998779296875
63836.17853473259,37.029998779296875
63836.24536801882,37.029998779296875
63836.312201305045,37.01300048828125
63836.379034591264,37.00600051879883
63836.44586787749,37.00600051879883
63836.51270116371,37.03799819946289
63836.579534449935,37.03799819946289
63836.64636773616,37.03799819946289
63836.71320102238,36.98099899291992
63836.780034308606,36.95600128173828
63836.846867594824,36.95600128173828
63836.91370088105,36.98099899291992
63836.980534167276,36.98099899291992
63837.047367453495,36.98099899291992
63837.11420073972,37.0629997253418
63837.18103402594,36.992000579833984
63837.247867312166,36.992000579833984
63837.31470059839,36.96099853515625
63837.38153388461,36.96099853515625
63837.44836717084,36.96099853515625
63837.515200457055,36.983001708984375
63837.58203374328,37.06399917602539
63837.64886702951,37.06399917602539
63837.715700315726,37.02799987792969
63837.78253360195,37.012001037597656
63837.84936688817,37.012001037597656
63837.9162001744,37.012001037597656
63837.98303346062,37.04100036621094
63838.04986674684,37.04100036621094
63838.11670003307,37.0880012512207
63838.18353331929,37.0880012512207
63838.25036660551,37.03799819946289
63838.31719989174,37.03799819946289
63838.38403317796,37.016998291015625
63838.45086646418,37.016998291015625
63838.5176997504,37.016998291015625
63838.58453303663,37.11399841308594
63838.651366322854,36.94300079345703
63838.71819960907,36.94300079345703
63838.7850328953,36.974998474121094
63838.85186618152,36.974998474121094
63838.918699467744,36.974998474121094
63838.98553275397,36.95399856567383
63839.05236604019,36.94499969482422
63839.119199326415,36.94499969482422
63839.18603261263,36.941001892089844
63839.25286589886,36.941001892089844
63839.319699185085,36.941001892089844
63839.386532471304,36.93899917602539
63839.45336575753,37.00899887084961
63839.52019904375,37.00899887084961
63839.587032329975,37.00400161743164
63839.6538656162,36.965999603271484
63839.72069890242,36.965999603271484
63839.787532188646,36.965999603271484
63839.854365474865,36.98500061035156
63839.92119876109,36.98500061035156
63839.98803204732,37.02899932861328
63840.054865333535,37.02899932861328
63840.12169861976,37.08399963378906
63840.18853190598,37.08399963378906
63840.255365192206,37.08399963378906
63840.32219847843,37.106998443603516
63840.38903176465,37.082000732421875
63840.45586505088,37.082000732421875
63840.522698337096,37.07099914550781
63840.58953162332,37.07099914550781
63840.65636490955,37.07099914550781
63840.72319819577,37.066001892089844
63840.79003148199,36.99300003051758
63840.85686476821,36.99300003051758
63840.92369805444,37.06800079345703
63840.99053134066,37.06800079345703
63841.05736462688,37.06800079345703
63841.12419791311,37.064998626708984
63841.19103119933,36.99300003051758
63841.25786448555,36.99300003051758
63841.32469777178,36.99700164794922
63841.391531058,36.99700164794922
63841.458364344224,36.99700164794922
63841.52519763044,37.034000396728516
63841.59203091667,36.979000091552734
63841.658864202895,36.979000091552734
63841.72569748911,37.0260009765625
63841.79253077534,36.97600173950195
63841.85936406156,36.97600173950195
63841.926197347784,36.97600173950195
63841.99303063401,36.91899871826172
63842.05986392023,36.91899871826172
63842.126697206455,36.96500015258789
63842.193530492674,36.96500015258789
63842.2603637789,37.055999755859375
63842.327197065126,37.055999755859375
63842.394030351345,37.055999755859375
63842.46086363757,37.060001373291016
63842.5276969238,37.0260009765625
63842.594530210015,37.0260009765625
63842.66136349624,37.082000732421875
63842.72819678246,37.082000732421875
63842.795030068686,37.082000732421875
63842.86186335491,37.07099914550781
63842.92869664113,36.994998931884766
63842.99552992736,36.994998931884766
63843.062363213576,36.99800109863281
63843.1291964998,36.99800109863281
63843.19602978603,36.99800109863281
63843.26286307225,36.999000549316406
63843.32969635847,36.9640007019043
63843.39652964469,36.9640007019043
63843.46336293092,37.090999603271484
63843.53019621714,37.090999603271484
63843.59702950336,37.11000061035156
63843.66386278959,37.11000061035156
63843.73069607581,37.11000061035156
63843.79752936203,37.08300018310547
63843.86436264826,37.07099914550781
63843.93119593448,37.07099914550781
63843.998029220704,36.994998931884766
63844.06486250692,36.9630012512207
63844.13169579315,36.9630012512207
63844.198529079375,36.9630012512207
63844.26536236559,36.9630012512207
63844.33219565182,36.98400115966797
63844.39902893804,37.0989990234375
63844.465862224264,37.0989990234375
63844.53269551049,37.185001373291016
63844.59952879671,37.185001373291016
63844.666362082935,37.185001373291016
63844.733195369154,37.04499816894531
63844.80002865538,36.98400115966797
63844.866861941606,36.98400115966797
63844.933695227825,36.95800018310547
63845.00052851405,36.95800018310547
63845.06736180027,36.95800018310547
63845.134195086495,37.016998291015625
63845.20102837272,36.93600082397461
63845.26786165894,36.93600082397461
63845.334694945166,36.972999572753906
63845.401528231385,36.972999572753906
63845.46836151761,36.972999572753906
63845.53519480384,36.952999114990234
63845.602028090056,37.04999923706055
63845.66886137628,37.04999923706055
63845.7356946625,37.05699920654297
63845.80252794873,37.05699920654297
63845.86936123495,37.05699920654297
63845.93619452117,36.95399856567383
63846.0030278074,36.94499969482422
63846.069861093616,36.94499969482422
63846.13669437984,37.01100158691406
63846.20352766607,37.07600021362305
63846.27036095229,37.07600021362305
63846.33719423851,37.07600021362305
63846.40402752473,37.07600021362305
63846.47086081096,37.03300094604492
63846.537694097184,36.979000091552734
63846.6045273834,36.979000091552734
63846.67136066963,36.99100112915039
63846.73819395585,36.99100112915039
63846.80502724207,36.99100112915039
63846.8718605283,37.06700134277344
63846.93869381452,37.06399917602539
63847.005527100744,37.06399917602539
63847.07236038696,36.992000579833984
63847.13919367319,36.992000579833984
63847.206026959415,36.992000579833984
63847.27286024563,36.99700164794922
63847.33969353186,36.9630012512207
63847.40652681808,36.9630012512207
63847.473360104304,37.09000015258789
63847.54019339053,37.09000015258789
63847.60702667675,37.09000015258789
63847.673859962975,37.03900146484375
63847.740693249194,37.051998138427734
63847.80752653542,37.051998138427734
63847.874359821646,36.98699951171875
63847.941193107865,36.98699951171875
63848.00802639409,36.98699951171875
63848.07485968031,36.92399978637695
63848.141692966536,36.96699905395508
63848.20852625276,36.96699905395508
63848.27535953898,36.986000061035156
63848.34219282521,36.99399948120117
63848.409026111425,36.99399948120117
63848.47585939765,36.99399948120117
63848.54269268388,36.99399948120117
63848.609525970096,36.96200180053711
63848.67635925632,36.96200180053711
63848.74319254254,37.05400085449219
63848.81002582877,37.09400177001953
63848.87685911499,37.09400177001953
63848.94369240121,37.07600021362305
63849.01052568744,37.07600021362305
63849.07735897366,37.07600021362305
63849.14419225988,37.06800079345703
63849.21102554611,37.029998779296875
63849.27785883233,37.029998779296875
63849.34469211855,37.01300048828125
63849.41152540478,37.01300048828125
63849.478358691,37.01300048828125
63849.545191977224,37.07600021362305
63849.61202526344,36.99800109863281
63849.67885854967,36.99800109863281
63849.745691835895,37.06999969482422
63849.81252512211,37.06999969482422
63849.87935840834,37.06999969482422
63849.94619169456,37.10100173950195
63850.013024980784,37.1150016784668
63850.07985826701,37.1150016784668
63850.14669155323,37.084999084472656
63850.213524839455,36.89500045776367
63850.280358125674,36.89500045776367
63850.3471914119,36.89500045776367
63850.414024698126,36.847999572753906
63850.480857984345,36.847999572753906
63850.54769127057,36.933998107910156
63850.61452455679,36.933998107910156
63850.681357843016,36.93600082397461
63850.74819112924,36.93600082397461
63850.81502441546,36.93600082397461
63850.88185770169,36.9370002746582
63850.948690987905,37.07899856567383
63851.01552427413,37.07899856567383
63851.08235756036,36.999000549316406
63851.149190846576,36.999000549316406
63851.2160241328,36.999000549316406
63851.28285741902,36.9640007019043
63851.34969070525,36.91400146484375
63851.41652399147,36.91400146484375
63851.48335727769,37.03300094604492
63851.55019056392,37.03300094604492
63851.617023850136,37.03300094604492
63851.68385713636,37.04999923706055
63851.75069042259,36.986000061035156
63851.81752370881,36.986000061035156
63851.88435699503,36.99399948120117
63851.95119028125,36.99399948120117
63852.01802356748,36.99399948120117
63852.084856853704,36.92599868774414
63852.15169013992,37.00400161743164
63852.21852342615,37.00400161743164
63852.28535671237,37.00199890136719
63852.35218999859,37.000999450683594
63852.41902328482,37.000999450683594
63852.48585657104,37.000999450683594
63852.552689857264,36.96500015258789
63852.61952314348,36.96500015258789
63852.68635642971,36.98500061035156
63852.753189715935,36.95800018310547
63852.820023002154,36.95800018310547
63852.88685628838,36.95800018310547
63852.9536895746,36.95800018310547
63853.020522860825,36.875
63853.08735614705,36.94599914550781
63853.15418943327,36.94599914550781
63853.221022719496,37.04800033569336
63853.287856005714,37.04800033569336
63853.35468929194,37.04800033569336
63853.421522578166,36.95000076293945
63853.488355864385,37.013999938964844
63853.55518915061,37.013999938964844
63853.62202243683,37.00600051879883
63853.688855723056,37.00600051879883
63853.75568900928,37.03799819946289
63853.8225222955,37.03799819946289
63853.88935558173,37.03799819946289
63853.956188867945,37.01599884033203
63854.02302215417,36.97200012207031
63854.0898554404,36.97200012207031
63854.156688726616,36.88100051879883
63854.22352201284,36.88100051879883
63854.29035529906,36.88100051879883
63854.35718858529,37.05500030517578
63854.42402187151,37.02399826049805
63854.49085515773,37.02399826049805
63854.55768844396,36.93899917602539
63854.62452173018,36.93899917602539
63854.6913550164,36.93899917602539
63854.75818830263,36.9739990234375
63854.82502158885,36.98899841308594
63854.89185487507,36.98899841308594
63854.95868816129,37.066001892089844
63855.02552144752,37.066001892089844
63855.092354733744,37.066001892089844
63855.15918801996,36.99300003051758
63855.22602130619,36.99700164794922
63855.29285459241,36.99700164794922
63855.359687878634,37.034000396728516
63855.42652116486,37.034000396728516
63855.49335445108,37.08599853515625
63855.560187737305,37.08599853515625
63855.62702102352,37.08599853515625
63855.69385430975,37.00199890136719
63855.760687595975,36.96500015258789
63855.827520882194,36.96500015258789
63855.89435416842,37.055999755859375
63855.96118745464,37.055999755859375
63856.028020740865,37.055999755859375
63856.09485402709,37.02399826049805
63856.16168731331,37.04600143432617
63856.228520599536,37.04600143432617
63856.295353885755,36.98400115966797
63856.36218717198,36.98400115966797
63856.42902045821,36.98400115966797
63856.495853744425,37.099998474121094
63856.56268703065,37.07899856567383
63856.62952031687,37.07899856567383
63856.696353603096,36.9630012512207
63856.76318688932,36.9630012512207
63856.83002017554,36.9630012512207
63856.89685346177,36.94900131225586
63856.963686747986,37.08399963378906
63857.03052003421,37.08399963378906
63857.09735332044,36.93000030517578
63857.16418660666,36.970001220703125
63857.23101989288,36.970001220703125
63857.2978531791,36.970001220703125
63857.36468646533,36.98699951171875
63857.43151975155,36.98699951171875
63857.49835303777,37.029998779296875
63857.565186324,37.01300048828125
63857.632019610224,37.01300048828125
63857.69885289644,37.01300048828125
63857.76568618267,37.01300048828125
63857.83251946889,36.970001220703125
63857.899352755114,36.95199966430664
63857.96618604134,36.95199966430664
63858.03301932756,37.01499938964844
63858.099852613785,37.01499938964844
63858.1666859,37.01499938964844
63858.23351918623,37.112998962402344
63858.300352472455,37.01300048828125
63858.367185758674,37.01300048828125
63858.4340190449,36.970001220703125
63858.50085233112,36.970001220703125
63858.567685617345,36.970001220703125
63858.63451890357,36.98699951171875
63858.70135218979,36.95899963378906
63858.768185476016,36.95899963378906
63858.835018762235,36.981998443603516
63858.90185204846,36.981998443603516
63858.96868533469,37.02799987792969
63859.035518620905,37.02799987792969
63859.10235190713,37.02799987792969
63859.16918519335,37.047000885009766
63859.236018479576,37.020999908447266
63859.3028517658,37.020999908447266
63859.36968505202,37.00899887084961
63859.43651833825,37.00400161743164
63859.503351624466,37.00400161743164
63859.57018491069,37.00400161743164
63859.63701819692,37.00199890136719
63859.70385148314,37.00199890136719
63859.77068476936,37.106998443603516
63859.83751805558,37.106998443603516
63859.90435134181,37.117000579833984
63859.97118462803,37.117000579833984
63860.03801791425,37.117000579833984
63860.10485120048,37.08599853515625
63860.1716844867,37.17900085449219
63860.23851777292,37.17900085449219
63860.30535105915,37.077999114990234
63860.37218434537,37.077999114990234
63860.439017631594,37.077999114990234
63860.50585091781,37.104000091552734
63860.57268420404,36.9739990234375
63860.639517490265,36.9739990234375
63860.70635077648,37.02399826049805
63860.77318406271,37.02399826049805
63860.84001734893,37.02399826049805
63860.906850635154,37.01100158691406
63860.97368392138,37.005001068115234
63861.0405172076,37.005001068115234
63861.107350493825,36.96699905395508
63861.174183780044,36.96699905395508
63861.24101706627,36.96699905395508
63861.307850352496,36.95000076293945
63861.374683638714,37.084999084472656
63861.44151692494,37.084999084472656
63861.50835021116,37.0369987487793
63861.575183497385,36.97999954223633
63861.64201678361,36.97999954223633
63861.70885006983,36.97999954223633
63861.775683356056,36.992000579833984
63861.842516642275,36.992000579833984
63861.9093499285,37.03200149536133
63861.97618321473,36.90700149536133
63862.043016500946,36.90700149536133
63862.10984978717,36.90700149536133
63862.17668307339,36.90700149536133
63862.24351635962,37.03099822998047
63862.31034964584,37.04899978637695
63862.37718293206,37.04899978637695
63862.44401621829,37.12699890136719
63862.510849504506,37.12699890136719
63862.57768279073,37.12699890136719
63862.64451607696,37.05500030517578
63862.71134936318,36.987998962402344
63862.7781826494,36.987998962402344
63862.84501593562,37.029998779296875
63862.91184922185,37.029998779296875
63862.978682508074,37.029998779296875
63863.04551579429,37.08399963378906
63863.11234908052,36.96500015258789
63863.17918236674,36.96500015258789
63863.24601565296,36.98500061035156
63863.31284893919,36.98500061035156
63863.37968222541,36.98500061035156
63863.446515511634,36.99399948120117
63863.51334879785,37.03300094604492
63863.58018208408,37.03300094604492
63863.647015370305,37.013999938964844
63863.71384865652,37.013999938964844
63863.78068194275,37.013999938964844
63863.84751522897,37.04199981689453
63863.914348515194,37.04199981689453
63863.98118180142,37.053001403808594
63864.04801508764,36.987998962402344
63864.114848373865,36.987998962402344
63864.181681660084,37.029998779296875
63864.24851494631,37.029998779296875
63864.315348232536,37.01300048828125
63864.382181518755,37.01300048828125
63864.44901480498,37.01300048828125
63864.51584809121,36.970001220703125
63864.582681377426,36.98699951171875
63864.64951466365,36.98699951171875
63864.71634794987,37.064998626708984
63864.7831812361,37.064998626708984
63864.85001452232,37.064998626708984
63864.91684780854,37.06399917602539
63864.98368109477,36.992000579833984
63865.050514380986,36.992000579833984
63865.11734766721,37.06800079345703
63865.18418095344,37.06800079345703
63865.25101423966,37.06800079345703
63865.31784752588,37.064998626708984
63865.3846808121,37.0629997253418
63865.45151409833,37.0629997253418
63865.51834738455,36.992000579833984
63865.58518067077,36.992000579833984
63865.652013957,36.992000579833984
63865.71884724322,37.03200149536133
63865.78568052944,37.119998931884766
63865.85251381567,37.119998931884766
63865.91934710189,37.08700180053711
63865.986180388114,37.10900115966797
63866.05301367433,37.10900115966797
63866.11984696056,37.10900115966797
63866.186680246785,37.012001037597656
63866.253513533,37.012001037597656
63866.32034681923,37.07600021362305
63866.38718010545,37.07600021362305
63866.454013391674,37.03300094604492
63866.5208466779,37.03300094604492
63866.58767996412,37.03300094604492
63866.654513250345,37.013999938964844
63866.721346536564,37.14799880981445
63866.78817982279,37.14799880981445
63866.855013109016,37.16999816894531
63866.921846395235,37.16999816894531
63866.98867968146,37.16999816894531
63867.05551296768,37.07400131225586
63867.122346253906,36.96099853515625
63867.18917954013,36.96099853515625
63867.25601282635,37.01900100708008
63867.32284611258,37.01900100708008
63867.389679398795,37.01900100708008
63867.45651268502,37.042999267578125
63867.52334597125,37.01900100708008
63867.590179257466,37.01900100708008
63867.65701254369,36.972999572753906
63867.72384582991,36.972999572753906
63867.79067911614,36.972999572753906
63867.85751240236,36.952999114990234
63867.92434568858,36.944000244140625
63867.99117897481,36.944000244140625
63868.058012261026,36.97600173950195
63868.12484554725,36.97600173950195
63868.19167883348,36.97600173950195
63868.2585121197,36.95399856567383
63868.32534540592,36.94499969482422
63868.39217869214,36.94499969482422
63868.45901197837,36.97600173950195
63868.525845264594,36.9900016784668
63868.59267855081,36.9900016784668
63868.65951183704,36.9900016784668
63868.72634512326,36.959999084472656
63868.79317840948,36.959999084472656
63868.86001169571,37.05400085449219
63868.92684498193,37.05400085449219
63868.993678268154,37.09400177001953
63869.06051155437,37.09400177001953
63869.1273448406,37.04100036621094
63869.194178126825,37.04100036621094
63869.261011413044,37.04100036621094
63869.32784469927,37.053001403808594
63869.39467798549,36.987998962402344
63869.461511271715,36.987998962402344
63869.52834455794,37.10100173950195
63869.59517784416,37.10100173950195
63869.662011130386,37.10100173950195
63869.728844416604,37.1150016784668
63869.79567770283,37.119998931884766
63869.862510989056,37.119998931884766
63869.929344275275,37.26499938964844
63869.9961775615,37.26499938964844
63870.06301084772,37.26499938964844
63870.129844133946,37.150001525878906
63870.19667742017,37.099998474121094
63870.26351070639,37.099998474121094
63870.33034399262,37.11399841308594
63870.397177278835,37.013999938964844
63870.46401056506,37.013999938964844
63870.53084385129,37.013999938964844
63870.597677137506,36.97100067138672
63870.66451042373,36.97100067138672
63870.73134370995,36.98699951171875
63870.79817699618,36.99399948120117
63870.8650102824,36.99399948120117
63870.93184356862,36.99399948120117
63870.99867685485,36.99399948120117
63871.06551014107,36.926998138427734
63871.13234342729,37.07500076293945
63871.19917671352,37.07500076293945
63871.26600999974,36.99700164794922
63871.33284328596,36.99700164794922
63871.39967657218,36.99700164794922
63871.46650985841,36.999000549316406
63871.533343144634,37.03499984741211
63871.60017643085,37.03499984741211
63871.66700971708,37.05099868774414
63871.7338430033,37.05099868774414
63871.800676289524,37.05099868774414
63871.86750957575,36.986000061035156
63871.93434286197,37.029998779296875
63872.001176148195,37.029998779296875
63872.06800943441,37.01300048828125
63872.13484272064,37.01300048828125
63872.201676006865,37.01300048828125
63872.268509293084,37.11199951171875
63872.33534257931,37.08399963378906
63872.40217586553,37.08399963378906
63872.469009151755,37.0359992980957
63872.53584243798,37.0359992980957
63872.6026757242,37.0359992980957
63872.669509010426,37.12200164794922
63872.73634229665,37.159000396728516
63872.80317558287,37.159000396728516
63872.8700088691,37.17499923706055
63872.936842155315,37.040000915527344
63873.00367544154,37.040000915527344
63873.07050872777,37.040000915527344
63873.137342013986,37.016998291015625
63873.20417530021,37.016998291015625
63873.27100858643,37.14899826049805
63873.33784187266,37.14899826049805
63873.40467515888,37.13600158691406
63873.4715084451,37.13600158691406
63873.53834173133,37.13600158691406
63873.60517501755,37.058998107910156
63873.67200830377,37.13199996948242
63873.73884159,37.13199996948242
63873.80567487622,37.19900131225586
63873.87250816244,37.19900131225586
63873.93934144866,37.19900131225586
63874.00617473489,37.15700149536133
63874.073008021114,37.06800079345703
63874.13984130733,37.06800079345703
63874.20667459356,37.02899932861328
63874.27350787978,37.02899932861328
63874.340341166004,37.01300048828125
63874.40717445223,37.01300048828125
63874.47400773845,37.01300048828125
63874.540841024675,37.00600051879883
63874.60767431089,36.930999755859375
63874.67450759712,36.930999755859375
63874.741340883345,36.970001220703125
63874.808174169564,36.970001220703125
63874.87500745579,36.970001220703125
63874.94184074201,37.02299880981445
63875.008674028235,37.0099983215332
63875.07550731446,37.0099983215332
63875.14234060068,37.07500076293945
63875.209173886906,36.92599868774414
63875.276007173125,36.92599868774414
63875.34284045935,36.92599868774414
63875.40967374558,37.00400161743164
63875.476507031795,37.00400161743164
63875.54334031802,36.965999603271484
63875.61017360424,36.98500061035156
63875.677006890466,36.98500061035156
63875.74384017669,36.98500061035156
63875.81067346291,36.98500061035156
63875.87750674914,36.95800018310547
63875.944340035356,36.94599914550781
63876.01117332158,36.94599914550781
63876.07800660781,37.012001037597656
63876.14483989403,37.012001037597656
63876.21167318025,37.012001037597656
63876.27850646647,37.005001068115234
63876.3453397527,37.00199890136719
63876.41217303892,37.00199890136719
63876.47900632514,37.000999450683594
63876.54583961137,37.000999450683594
63876.61267289759,37.000999450683594
63876.67950618381,37.141998291015625
63876.74633947004,37.0620002746582
63876.81317275626,37.0620002746582
63876.880006042484,37.0620002746582
63876.9468393287,37.0620002746582
63877.01367261493,37.0620002746582
63877.080505901155,36.99100112915039
63877.14733918737,37.13800048828125
63877.2141724736,37.13800048828125
63877.28100575982,37.02399826049805
63877.347839046044,36.974998474121094
63877.41467233227,36.974998474121094
63877.48150561849,36.974998474121094
63877.548338904715,36.917999267578125
63877.615172190934,36.917999267578125
63877.68200547716,37.0359992980957
63877.748838763386,37.0359992980957
63877.815672049604,36.944000244140625
63877.88250533583,36.944000244140625
63877.94933862205,36.944000244140625
63878.016171908275,37.01100158691406
63878.0830051945,37.111000061035156
63878.14983848072,37.111000061035156
63878.216671766946,37.11899948120117
63878.283505053165,37.11899948120117
63878.35033833939,37.11899948120117
63878.41717162562,37.051998138427734
63878.484004911836,36.95100021362305
63878.55083819806,36.95100021362305
63878.61767148428,36.944000244140625
63878.68450477051,36.944000244140625
63878.75133805673,36.944000244140625
63878.81817134295,37.082000732421875
63878.88500462918,37.07099914550781
63878.951837915396,37.07099914550781
63879.01867120162,37.10200119018555
63879.08550448785,37.10200119018555
63879.15233777407,37.10200119018555
63879.21917106029,37.04399871826172
63879.28600434652,37.04399871826172
63879.35283763274,37.09000015258789
63879.419670918964,37.03900146484375
63879.48650420518,37.03900146484375
63879.55333749141,37.016998291015625
63879.620170777634,37.016998291015625
63879.68700406385,37.016998291015625
63879.75383735008,36.93600082397461
63879.8206706363,37.07899856567383
63879.887503922524,37.07899856567383
63879.95433720875,37.034000396728516
63880.02117049497,37.01499938964844
63880.088003781195,37.01499938964844
63880.15483706741,37.01499938964844
63880.22167035364,37.01499938964844
63880.288503639866,36.97100067138672
63880.355336926084,37.09400177001953
63880.42217021231,37.09400177001953
63880.48900349853,37.07600021362305
63880.555836784755,37.07600021362305
63880.62267007098,37.07600021362305
63880.6895033572,37.03300094604492
63880.756336643426,37.084999084472656
63880.823169929645,37.084999084472656
63880.89000321587,37.108001708984375
63880.9568365021,37.108001708984375
63881.023669788316,37.108001708984375
63881.09050307454,37.11800003051758
63881.15733636076,36.97999954223633
63881.22416964699,36.97999954223633
63881.29100293321,36.99100112915039
63881.35783621943,36.99100112915039
63881.42466950566,36.99100112915039
63881.491502791876,37.10300064086914
63881.5583360781,37.08000183105469
63881.62516936433,37.08000183105469
63881.69200265055,37.03499984741211
63881.75883593677,37.03499984741211
63881.82566922299,37.03499984741211
63881.89250250922,37.08599853515625
63881.95933579544,37.073001861572266
63882.02616908166,37.073001861572266
63882.09300236789,37.10200119018555
63882.15983565411,37.04399871826172
63882.22666894033,37.04399871826172
63882.29350222656,37.04399871826172
63882.36033551278,36.948001861572266
63882.427168799004,36.948001861572266
63882.49400208522,37.08399963378906
63882.56083537145,37.08399963378906
63882.627668657675,37.143001556396484
63882.69450194389,37.143001556396484
63882.76133523012,37.143001556396484
63882.82816851634,37.09700012207031
63882.895001802564,37.112998962402344
63882.96183508879,37.112998962402344
63883.02866837501,37.191001892089844
63883.095501661235,37.191001892089844
63883.162334947454,37.191001892089844
63883.22916823368,37.11800003051758
63883.296001519906,37.05099868774414
63883.362834806125,37.05099868774414
63883.42966809235,36.98699951171875
63883.49650137857,36.98699951171875
63883.563334664796,36.98699951171875
63883.63016795102,37.029998779296875
63883.69700123724,37.08399963378906
63883.763834523466,37.08399963378906
63883.830667809685,36.93000030517578
63883.89750109591,36.93000030517578
63883.96433438214,36.93000030517578
63884.031167668356,36.970001220703125
63884.09800095458,37.05799865722656
63884.1648342408,37.05799865722656
63884.23166752703,37.025001525878906
63884.29850081325,36.974998474121094
63884.36533409947,36.974998474121094
63884.4321673857,36.98899841308594
63884.499000671916,36.98899841308594
63884.56583395814,36.98899841308594
63884.63266724437,36.959999084472656
63884.69950053059,36.959999084472656
63884.76633381681,37.018001556396484
63884.83316710303,37.018001556396484
63884.90000038926,37.042999267578125
63884.966833675484,37.042999267578125
63885.0336669617,37.042999267578125
63885.10050024793,36.983001708984375
63885.16733353415,37.0989990234375
63885.23416682037,37.0989990234375
63885.3010001066,37.077999114990234
63885.36783339282,37.077999114990234
63885.434666679044,37.077999114990234
63885.50149996526,37.034000396728516
63885.56833325149,36.90800094604492
63885.635166537715,36.90800094604492
63885.701999823934,36.959999084472656
63885.76883311016,36.959999084472656
63885.83566639638,36.959999084472656
63885.902499682605,37.05400085449219
63885.96933296883,37.02299880981445
63886.03616625505,37.02299880981445
63886.102999541275,37.11600112915039
63886.169832827494,37.11600112915039
63886.23666611372,37.11600112915039
63886.303499399946,37.04999923706055
63886.370332686165,37.09299850463867
63886.43716597239,37.09299850463867
63886.50399925861,37.145999908447266
63886.570832544836,37.13399887084961
63886.63766583106,37.13399887084961
63886.70449911728,37.13399887084961
63886.77133240351,37.02299880981445
63886.838165689725,37.02299880981445
63886.90499897595,37.1870002746582
63886.97183226218,37.1870002746582
63887.038665548396,37.11600112915039
63887.10549883462,37.11600112915039
63887.17233212084,37.11600112915039
63887.23916540707,37.04999923706055
63887.30599869329,37.05699920654297
63887.37283197951,37.05699920654297
63887.43966526574,37.060001373291016
63887.50649855196,37.060001373291016
63887.57333183818,37.060001373291016
63887.64016512441,36.99100112915039
63887.70699841063,36.959999084472656
63887.77383169685,36.959999084472656
63887.84066498308,36.946998596191406
63887.9074982693,36.946998596191406
63887.974331555524,36.946998596191406
63888.04116484174,36.97700119018555
63888.10799812797,36.88399887084961
63888.174831414195,36.88399887084961
63888.241664700414,36.91400146484375
63888.30849798664,36.91400146484375
63888.37533127286,36.91400146484375
63888.442164559085,36.926998138427734
63888.50899784531,37.07500076293945
63888.57583113153,37.07500076293945
63888.642664417755,37.03200149536133
63888.709497703974,37.03200149536133
63888.7763309902,37.03200149536133
63888.843164276426,36.979000091552734
63888.909997562645,36.99100112915039
63888.97683084887,36.99100112915039
63889.04366413509,37.10200119018555
63889.110497421316,37.1150016784668
63889.17733070754,37.1150016784668
63889.24416399376,37.1150016784668
63889.31099727999,37.1150016784668
63889.377830566205,37.013999938964844
63889.44466385243,37.00600051879883
63889.51149713866,37.00600051879883
63889.578330424876,37.07400131225586
63889.6451637111,37.07400131225586
63889.71199699732,37.13800048828125
63889.77883028355,37.13800048828125
63889.84566356977,37.13800048828125
63889.91249685599,37.095001220703125
63889.97933014222,37.14799880981445
63890.04616342844,37.14799880981445
63890.11299671466,37.1349983215332
63890.17983000089,37.1349983215332
63890.24666328711,37.1349983215332
63890.31349657333,37.12900161743164
63890.38032985955,37.12699890136719
63890.44716314578,37.12699890136719
63890.513996432004,37.05500030517578
63890.58082971822,37.05500030517578
63890.64766300445,37.05500030517578
63890.71449629067,37.095001220703125
63890.781329576894,37.14699935913086
63890.84816286312,37.14699935913086
63890.91499614934,37.06399917602539
63890.981829435565,37.06399917602539
63891.04866272178,37.06399917602539
63891.11549600801,37.0629997253418
63891.182329294235,37.13399887084961
63891.249162580454,37.13399887084961
63891.31599586668,37.16400146484375
63891.3828291529,37.16400146484375
63891.449662439125,37.2130012512207
63891.51649572535,37.2130012512207
63891.58332901157,37.2130012512207
63891.650162297796,37.09199905395508
63891.716995584015,37.111000061035156
63891.78382887024,37.111000061035156
63891.85066215647,37.189998626708984
63891.917495442685,37.189998626708984
63891.98432872891,37.189998626708984
63892.05116201513,37.047000885009766
63892.117995301356,37.02000045776367
63892.18482858758,37.02000045776367
63892.2516618738,37.1150016784668
63892.31849516003,37.1150016784668
63892.385328446246,37.1150016784668
63892.45216173247,37.15599822998047
63892.5189950187,37.03200149536133
63892.58582830492,37.03200149536133
63892.65266159114,36.97800064086914
63892.71949487736,36.97800064086914
63892.78632816359,36.97800064086914
63892.85316144981,37.0260009765625
63892.91999473603,37.15299987792969
63892.98682802226,37.15299987792969
63893.05366130848,37.10200119018555
63893.1204945947,37.150001525878906
63893.18732788093,37.150001525878906
63893.25416116715,37.150001525878906
63893.320994453374,37.064998626708984
63893.38782773959,37.064998626708984
63893.45466102582,37.1349983215332
63893.521494312045,37.1349983215332
63893.58832759826,37.12900161743164
63893.65516088449,37.12900161743164
63893.72199417071,37.12900161743164
63893.788827456934,37.055999755859375
63893.85566074316,37.060001373291016
63893.92249402938,37.060001373291016
63893.989327315605,37.06100082397461
63894.05616060183,37.06100082397461
63894.12299388805,37.06100082397461
63894.189827174276,37.0620002746582
63894.256660460494,36.99100112915039
63894.32349374672,36.99100112915039
63894.39032703295,36.96099853515625
63894.457160319165,36.96099853515625
63894.52399360539,36.96099853515625
63894.59082689161,37.05400085449219
63894.657660177836,37.05400085449219
63894.72449346406,36.987998962402344
63894.79132675028,37.066001892089844
63894.85816003651,37.066001892089844
63894.924993322726,37.1349983215332
63894.99182660895,37.1349983215332
63895.05865989518,37.1349983215332
63895.1254931814,36.98699951171875
63895.19232646762,36.994998931884766
63895.25915975384,36.994998931884766
63895.32599304007,36.99800109863281
63895.39282632629,37.034000396728516
63895.45965961251,37.034000396728516
63895.52649289874,37.034000396728516
63895.59332618496,37.034000396728516
63895.66015947118,37.04999923706055
63895.72699275741,37.12799835205078
63895.79382604363,37.12799835205078
63895.860659329854,37.1619987487793
63895.92749261607,37.1619987487793
63895.9943259023,37.1619987487793
63896.061159188524,37.06999969482422
63896.12799247474,37.137001037597656
63896.19482576097,37.137001037597656
63896.26165904719,37.16600036621094
63896.328492333414,37.16600036621094
63896.39532561964,37.16600036621094
63896.46215890586,37.143001556396484
63896.528992192085,37.0260009765625
63896.5958254783,37.0260009765625
63896.66265876453,37.047000885009766
63896.729492050756,37.047000885009766
63896.796325336974,37.047000885009766
63896.8631586232,37.02000045776367
63896.92999190942,37.00899887084961
63896.996825195645,37.00899887084961
63897.06365848187,37.11000061035156
63897.13049176809,37.11000061035156
63897.197325054316,37.11000061035156
63897.264158340535,37.11899948120117
63897.33099162676,37.15800094604492
63897.39782491299,37.15800094604492
63897.464658199206,37.06800079345703
63897.53149148543,36.99399948120117
63897.59832477165,36.99399948120117
63897.66515805788,36.99399948120117
63897.7319913441,36.99399948120117
63897.79882463032,37.03300094604492
63897.86565791655,37.12099838256836
63897.932491202766,37.12099838256836
63897.99932448899,37.016998291015625
63898.06615777522,37.016998291015625
63898.13299106144,37.016998291015625
63898.19982434766,37.00699996948242
63898.26665763388,37.18000030517578
63898.33349092011,37.18000030517578
63898.40032420633,37.14899826049805
63898.46715749255,37.14899826049805
63898.53399077878,37.14899826049805
63898.600824065,37.06399917602539
63898.66765735122,36.992000579833984
63898.73449063745,36.992000579833984
63898.80132392367,37.06800079345703
63898.868157209894,37.06800079345703
63898.93499049611,37.06800079345703
63899.00182378234,37.13600158691406
63899.068657068565,37.058998107910156
63899.13549035478,37.058998107910156
63899.20232364101,37.09600067138672
63899.26915692723,37.09600067138672
63899.335990213454,37.09600067138672
63899.40282349968,37.112998962402344
63899.4696567859,37.119998931884766
63899.536490072125,37.119998931884766
63899.603323358344,37.12300109863281
63899.67015664457,37.124000549316406
63899.736989930796,37.124000549316406
63899.803823217015,37.05400085449219
63899.87065650324,37.05400085449219
63899.93748978946,37.05400085449219
63900.004323075686,37.130001068115234
63900.07115636191,37.130001068115234
63900.13798964813,37.12699890136719
63900.204822934356,37.125999450683594
63900.271656220575,37.125999450683594
63900.3384895068,37.125999450683594
63900.40532279303,37.125999450683594
63900.472156079246,37.1609992980957
63900.53898936547,37.06999969482422
63900.60582265169,37.06999969482422
63900.67265593792,37.029998779296875
63900.73948922414,37.029998779296875
63900.80632251036,37.029998779296875
63900.87315579659,37.01300048828125
63900.939989082806,36.970001220703125
63901.00682236903,36.970001220703125
63901.07365565526,36.98699951171875
63901.14048894148,36.98699951171875
63901.2073222277,36.98699951171875
63901.27415551392,36.95899963378906
63901.34098880015,36.95899963378906
63901.407822086374,36.992000579833984
63901.47465537259,36.992000579833984
63901.54148865882,36.992000579833984
63901.60832194504,37.03200149536133
63901.67515523126,37.013999938964844
63901.74198851749,37.013999938964844
63901.80882180371,36.97100067138672
63901.875655089934,36.95199966430664
63901.94248837615,36.95199966430664
63902.00932166238,36.95199966430664
63902.076154948605,36.95199966430664
63902.142988234824,37.08599853515625
63902.20982152105,37.0369987487793
63902.27665480727,37.0369987487793
63902.343488093495,36.98099899291992
63902.41032137972,36.98099899291992
63902.47715466594,36.98099899291992
63902.543987952165,37.097999572753906
63902.610821238384,37.077999114990234
63902.67765452461,37.077999114990234
63902.744487810836,37.10499954223633
63902.811321097055,37.10499954223633
63902.87815438328,37.10499954223633
63902.94498766951,37.152000427246094
63903.011820955726,37.10100173950195
63903.07865424195,37.10100173950195
63903.14548752817,37.18600082397461
63903.2123208144,37.18600082397461
63903.27915410062,37.18600082397461
63903.34598738684,37.1870002746582
63903.41282067307,37.152000427246094
63903.479653959286,37.152000427246094
63903.54648724551,37.137001037597656
63903.61332053174,37.130001068115234
63903.68015381796,37.130001068115234
63903.74698710418,37.130001068115234
63903.8138203904,37.09199905395508
63903.88065367663,37.09199905395508
63903.947486962854,37.07500076293945
63904.01432024907,37.10300064086914
63904.0811535353,37.10300064086914
63904.14798682152,37.10300064086914
63904.21482010774,37.10300064086914
63904.28165339397,37.04499816894531
63904.34848668019,37.01900100708008
63904.415319966414,37.01900100708008
63904.48215325263,37.07899856567383
63904.54898653886,37.07899856567383
63904.615819825085,36.9630012512207
63904.682653111304,37.125999450683594
63904.74948639753,37.125999450683594
63904.81631968375,37.09000015258789
63904.883152969975,37.09000015258789
63904.9499862562,37.14500045776367
63905.01681954242,37.14500045776367
63905.083652828645,37.14500045776367
63905.150486114864,37.0629997253418
63905.21731940109,36.992000579833984
63905.284152687316,36.992000579833984
63905.350985973535,37.13800048828125
63905.41781925976,37.13800048828125
63905.48465254598,37.13800048828125
63905.551485832206,37.095001220703125
63905.61831911843,37.07699966430664
63905.68515240465,37.07699966430664
63905.75198569088,37.17499923706055
63905.818818977095,37.17499923706055
63905.88565226332,37.17499923706055
63905.95248554955,37.111000061035156
63906.019318835766,37.11899948120117
63906.08615212199,37.11899948120117
63906.15298540821,37.15800094604492
63906.21981869444,37.17499923706055
63906.28665198066,37.17499923706055
63906.35348526688,37.17499923706055
63906.42031855311,37.21699905395508
63906.48715183933,37.21699905395508
63906.55398512555,37.20000076293945
63906.62081841178,37.05099868774414
63906.687651698,37.05099868774414
63906.75448498422,37.05099868774414
63906.82131827044,37.05099868774414
63906.88815155667,37.12900161743164
63906.954984842894,37.268001556396484
63907.02181812911,37.268001556396484
63907.08865141534,37.22200012207031
63907.15548470156,37.22200012207031
63907.222317987784,37.22200012207031
63907.28915127401,37.13199996948242
63907.35598456023,37.05699920654297
63907.422817846455,37.05699920654297
63907.48965113267,37.060001373291016
63907.5564844189,37.060001373291016
63907.623317705125,37.060001373291016
63907.690150991344,37.13199996948242
63907.75698427757,37.02199935913086
63907.82381756379,37.02199935913086
63907.890650850015,37.08000183105469
63907.95748413624,37.08000183105469
63908.02431742246,37.08000183105469
63908.091150708686,36.999000549316406
63908.157983994904,36.92900085449219
63908.22481728113,36.92900085449219
63908.29165056736,36.933998107910156
63908.358483853575,37.077999114990234
63908.4253171398,37.077999114990234
63908.49215042602,37.077999114990234
63908.558983712246,37.034000396728516
63908.62581699847,37.034000396728516
63908.69265028469,37.084999084472656
63908.75948357092,37.084999084472656
63908.826316857136,37.00199890136719
63908.89315014336,37.00199890136719
63908.95998342959,37.00199890136719
63909.02681671581,37.106998443603516
63909.09365000203,37.2239990234375
63909.16048328826,37.2239990234375
63909.22731657448,37.13199996948242
63909.2941498607,37.13199996948242
63909.36098314692,37.13199996948242
63909.42781643315,37.16400146484375
63909.494649719374,37.07099914550781
63909.56148300559,37.07099914550781
63909.62831629182,37.10200119018555
63909.69514957804,37.10200119018555
63909.761982864264,37.10200119018555
63909.82881615049,37.150001525878906
63909.89564943671,37.150001525878906
63909.962482722935,37.099998474121094
63910.02931600915,37.042999267578125
63910.09614929538,37.042999267578125
63910.162982581605,37.125
63910.229815867824,37.125
63910.29664915405,37.125
63910.36348244027,37.01900100708008
63910.430315726495,37.11399841308594
63910.49714901272,37.11399841308594
63910.56398229894,37.119998931884766
63910.630815585166,37.12300109863281
63910.697648871384,37.12300109863281
63910.76448215761,37.12300109863281
63910.83131544384,37.125
63910.898148730055,37.125
63910.96498201628,37.0890007019043
63911.0318153025,37.0890007019043
63911.098648588726,37.0890007019043
63911.16548187495,37.00299835205078
63911.23231516117,37.000999450683594
63911.2991484474,37.000999450683594
63911.365981733616,37.000999450683594
63911.43281501984,37.000999450683594
63911.49964830607,37.000999450683594
63911.56648159229,37.0359992980957
63911.63331487851,37.12200164794922
63911.70014816473,37.12200164794922
63911.76698145096,37.124000549316406
63911.83381473718,37.124000549316406
63911.9006480234,37.124000549316406
63911.96748130963,37.053001403808594
63912.03431459585,37.02299880981445
63912.10114788207,37.02299880981445
63912.1679811683,37.08100128173828
63912.23481445452,37.08100128173828
63912.301647740744,37.08100128173828
63912.36848102696,37.03499984741211
63912.43531431319,37.05099868774414
63912.502147599414,37.05099868774414
63912.56898088563,37.09299850463867
63912.63581417186,37.14699935913086
63912.70264745808,37.14699935913086
63912.769480744304,37.14699935913086
63912.83631403053,37.0629997253418
63912.90314731675,37.0629997253418
63912.969980602975,37.13399887084961
63913.03681388919,37.12900161743164
63913.10364717542,37.12900161743164
63913.170480461646,37.12900161743164
63913.237313747864,37.12900161743164
63913.30414703409,37.02000045776367
63913.37098032031,37.04399871826172
63913.437813606535,37.04399871826172
63913.50464689276,37.05500030517578
63913.57148017898,37.05500030517578
63913.638313465206,37.05500030517578
63913.705146751425,37.095001220703125
63913.77198003765,37.18299865722656
63913.83881332388,37.18299865722656
63913.905646610096,37.04399871826172
63913.97247989632,37.04399871826172
63914.03931318254,37.04399871826172
63914.10614646877,37.01900100708008
63914.17297975499,36.9370002746582
63914.23981304121,36.9370002746582
63914.30664632744,37.04399871826172
63914.373479613656,37.04399871826172
63914.44031289988,37.04399871826172
63914.50714618611,36.983001708984375
63914.57397947233,37.06399917602539
63914.64081275855,37.06399917602539
63914.70764604477,37.0989990234375
63914.774479331,37.0989990234375
63914.84131261722,37.0989990234375
63914.90814590344,37.14899826049805
63914.97497918967,37.14899826049805
63915.04181247589,37.14899826049805
63915.10864576211,37.07400131225586
63915.17547904834,37.07400131225586
63915.24231233456,37.13800048828125
63915.309145620784,37.13100051879883
63915.375978907,37.13100051879883
63915.44281219323,37.13100051879883
63915.509645479455,37.13100051879883
63915.57647876567,37.12699890136719
63915.6433120519,37.1619987487793
63915.71014533812,37.1619987487793
63915.776978624344,37.10499954223633
63915.84381191057,37.10499954223633
63915.91064519679,37.10499954223633
63915.977478483015,37.08100128173828
63916.044311769234,37.14099884033203
63916.11114505546,37.14099884033203
63916.177978341686,37.13199996948242
63916.244811627905,37.13199996948242
63916.31164491413,37.13199996948242
63916.37847820035,37.02199935913086
63916.445311486576,37.00899887084961
63916.5121447728,37.00899887084961
63916.57897805902,37.00400161743164
63916.645811345246,37.00400161743164
63916.712644631465,37.00400161743164
63916.77947791769,37.00199890136719
63916.84631120392,37.143001556396484
63916.913144490136,37.143001556396484
63916.97997777636,37.167999267578125
63917.04681106258,37.167999267578125
63917.11364434881,37.167999267578125
63917.18047763503,37.14400100708008
63917.24731092125,37.16899871826172
63917.31414420748,37.16899871826172
63917.380977493696,37.00199890136719
63917.44781077992,37.071998596191406
63917.51464406615,37.071998596191406
63917.58147735237,37.071998596191406
63917.64831063859,36.959999084472656
63917.71514392481,36.959999084472656
63917.78197721104,37.05400085449219
63917.848810497264,37.05400085449219
63917.91564378348,37.130001068115234
63917.98247706971,37.130001068115234
63918.049310355935,37.130001068115234
63918.11614364215,37.020999908447266
63918.18297692838,37.00899887084961
63918.2498102146,37.00899887084961
63918.316643500824,37.00400161743164
63918.38347678705,37.00400161743164
63918.45031007327,37.00400161743164
63918.517143359495,37.0369987487793
63918.583976645714,37.01599884033203
63918.65080993194,37.01599884033203
63918.717643218166,37.14899826049805
63918.784476504385,37.14899826049805
63918.85130979061,37.14899826049805
63918.91814307683,37.099998474121094
63918.984976363055,37.007999420166016
63919.05180964928,37.007999420166016
63919.1186429355,37.03900146484375
63919.185476221726,37.03900146484375
63919.252309507945,37.03900146484375
63919.31914279417,37.194000244140625
63919.3859760804,37.08399963378906
63919.452809366616,37.08399963378906
63919.51964265284,37.106998443603516
63919.58647593906,37.1879997253418
63919.65330922529,37.1879997253418
63919.72014251151,37.1879997253418
63919.78697579773,37.152000427246094
63919.85380908396,37.152000427246094
63919.920642370176,37.137001037597656
63919.9874756564,37.137001037597656
63920.05430894263,37.130001068115234
63920.12114222885,37.130001068115234
63920.18797551507,37.09199905395508
63920.25480880129,37.09199905395508
63920.32164208752,37.09199905395508
63920.388475373744,37.145999908447266
63920.45530865996,37.0989990234375
63920.52214194619,37.0989990234375
63920.58897523241,37.042999267578125
63920.65580851863,37.042999267578125
63920.72264180486,37.042999267578125
63920.78947509108,37.018001556396484
63920.856308377304,37.042999267578125
63920.92314166352,37.042999267578125
63920.98997494975,37.01900100708008
63921.056808235975,37.01900100708008
63921.123641522194,37.01900100708008
63921.19047480842,37.007999420166016
63921.25730809464,36.89699935913086
63921.324141380865,36.89699935913086
63921.39097466709,36.99100112915039
63921.45780795331,37.06700134277344
63921.524641239535,37.06700134277344
63921.591474525754,37.06700134277344
63921.65830781198,36.99399948120117
63921.725141098206,36.99399948120117
63921.791974384425,37.03300094604492
63921.85880767065,37.12099838256836
63921.92564095687,37.12099838256836
63921.992474243096,37.12099838256836
63922.05930752932,37.12099838256836
63922.12614081554,37.0880012512207
63922.19297410177,37.10900115966797
63922.259807387985,37.10900115966797
63922.32664067421,37.11800003051758
63922.39347396044,37.11800003051758
63922.460307246656,37.11800003051758
63922.52714053288,37.15700149536133
63922.5939738191,37.104000091552734
63922.66080710533,37.104000091552734
63922.72764039155,37.11600112915039
63922.79447367777,37.11600112915039
63922.861306964,37.11600112915039
63922.92814025022,37.12099838256836
63922.99497353644,37.159000396728516
63923.06180682267,37.159000396728516
63923.12864010889,37.17499923706055
63923.19547339511,37.17499923706055
63923.26230668133,37.17499923706055
63923.32913996756,37.18199920654297
63923.395973253784,37.150001525878906
63923.46280654,37.150001525878906
63923.52963982623,37.13600158691406
63923.59647311245,37.20100021362305
63923.663306398674,37.20100021362305
63923.7301396849,37.20100021362305
63923.79697297112,37.05099868774414
63923.863806257345,37.05099868774414
63923.93063954356,37.09299850463867
63923.99747282979,37.09299850463867
63924.064306116015,37.111000061035156
63924.131139402234,37.111000061035156
63924.19797268846,37.111000061035156
63924.264805974686,37.11899948120117
63924.331639260905,37.12200164794922
63924.39847254713,37.12200164794922
63924.46530583335,37.018001556396484
63924.532139119576,37.018001556396484
63924.5989724058,37.018001556396484
63924.66580569202,37.11399841308594
63924.73263897825,37.04899978637695
63924.799472264465,37.04899978637695
63924.86630555069,37.12799835205078
63924.93313883692,37.12799835205078
63924.999972123136,37.12799835205078
63925.06680540936,37.090999603271484
63925.13363869558,37.090999603271484
63925.20047198181,37.11000061035156
63925.26730526803,37.15399932861328
63925.33413855425,37.15399932861328
63925.40097184048,37.10200119018555
63925.4678051267,37.10200119018555
63925.53463841292,37.10200119018555
63925.60147169915,37.1150016784668
63925.66830498537,37.15599822998047
63925.73513827159,37.15599822998047
63925.80197155781,37.17399978637695
63925.86880484404,37.111000061035156
63925.935638130264,37.111000061035156
63926.00247141648,37.111000061035156
63926.06930470271,37.111000061035156
63926.13613798893,37.11899948120117
63926.202971275154,37.229000091552734
63926.26980456138,37.229000091552734
63926.3366378476,37.16999816894531
63926.403471133824,37.16999816894531
63926.47030442004,37.16999816894531
63926.53713770627,37.18000030517578
63926.603970992495,37.077999114990234
63926.670804278714,37.077999114990234
63926.73763756494,37.17599868774414
63926.80447085116,37.17599868774414
63926.871304137385,37.17599868774414
63926.93813742361,37.14699935913086
63927.00497070983,37.13399887084961
63927.071803996056,37.13399887084961
63927.138637282274,37.09400177001953
63927.2054705685,37.09400177001953
63927.27230385473,37.09400177001953
63927.339137140945,37.005001068115234
63927.40597042717,37.073001861572266
63927.47280371339,37.073001861572266
63927.539636999616,37.03200149536133
63927.60647028584,37.03200149536133
63927.67330357206,37.03200149536133
63927.74013685829,36.97800064086914
63927.806970144506,37.0260009765625
63927.87380343073,37.0260009765625
63927.94063671696,37.11800003051758
63928.00747000318,37.12200164794922
63928.0743032894,37.12200164794922
63928.14113657562,37.12200164794922
63928.20796986185,37.053001403808594
63928.27480314807,37.053001403808594
63928.34163643429,36.95199966430664
63928.40846972052,36.95199966430664
63928.47530300674,37.08599853515625
63928.54213629296,37.08599853515625
63928.60896957919,37.08599853515625
63928.67580286541,37.108001708984375
63928.74263615163,37.047000885009766
63928.80946943785,37.047000885009766
63928.87630272408,37.055999755859375
63928.943136010304,37.055999755859375
63929.00996929652,37.055999755859375
63929.07680258275,37.16600036621094
63929.14363586897,37.071998596191406
63929.210469155194,37.071998596191406
63929.27730244142,37.03099822998047
63929.34413572764,37.03099822998047
63929.410969013865,37.03099822998047
63929.47780230008,37.119998931884766
63929.54463558631,37.12300109863281
63929.611468872536,37.12300109863281
63929.678302158754,37.159000396728516
63929.74513544498,37.159000396728516
63929.8119687312,37.159000396728516
63929.878802017425,37.17499923706055
63929.94563530365,37.14699935913086
63930.01246858987,37.14699935913086
63930.079301876096,37.16999816894531
63930.146135162315,37.18000030517578
63930.21296844854,37.18000030517578
63930.27980173477,37.112998962402344
63930.346635020986,37.112998962402344
63930.41346830721,37.112998962402344
63930.48030159343,37.191001892089844
63930.54713487966,37.191001892089844
63930.61396816588,37.15299987792969
63930.6808014521,37.15299987792969
63930.74763473833,36.994998931884766
63930.814468024546,36.994998931884766
63930.88130131077,36.994998931884766
63930.948134597,37.104000091552734
63931.01496788322,37.11600112915039
63931.08180116944,37.11600112915039
63931.14863445566,37.08599853515625
63931.21546774189,37.08599853515625
63931.28230102811,37.08599853515625
63931.34913431433,37.108001708984375
63931.41596760056,37.082000732421875
63931.48280088678,37.082000732421875
63931.549634173,37.07099914550781
63931.61646745923,37.07099914550781
63931.68330074545,37.07099914550781
63931.750134031674,37.10200119018555
63931.81696731789,37.1150016784668
63931.88380060412,37.1150016784668
63931.950633890345,37.084999084472656
63932.01746717656,37.084999084472656
63932.08430046279,37.084999084472656
63932.15113374901,37.108001708984375
63932.217967035234,37.11800003051758
63932.28480032146,37.11800003051758
63932.35163360768,37.15700149536133
63932.418466893905,37.15700149536133
63932.485300180124,37.15700149536133
63932.55213346635,37.138999938964844
63932.618966752576,37.16600036621094
63932.685800038795,37.16600036621094
63932.75263332502,37.143001556396484
63932.81946661125,37.143001556396484
63932.886299897466,37.167999267578125
63932.95313318369,37.167999267578125
63933.01996646991,37.167999267578125
63933.086799756136,37.17900085449219
63933.15363304236,37.21900177001953
63933.22046632858,37.21900177001953
63933.28729961481,37.20100021362305
63933.354132901026,37.20100021362305
63933.42096618725,37.20100021362305
63933.48779947348,37.263999938964844
63933.5546327597,37.11399841308594
63933.62146604592,37.11399841308594
63933.68829933214,37.119998931884766
63933.75513261837,37.119998931884766
63933.82196590459,37.119998931884766
63933.88879919081,37.194000244140625
63933.95563247704,37.154998779296875
63934.02246576326,37.154998779296875
63934.08929904948,37.13800048828125
63934.15613233571,37.13800048828125
63934.22296562193,37.13800048828125
63934.289798908154,37.095001220703125
63934.35663219437,37.11199951171875
63934.4234654806,37.11199951171875
63934.490298766825,37.08399963378906
63934.55713205304,37.106998443603516
63934.62396533927,37.106998443603516
63934.69079862549,37.106998443603516
63934.757631911714,37.082000732421875
63934.82446519794,37.082000732421875
63934.89129848416,37.10599899291992
63934.958131770385,37.10599899291992
63935.024965056604,37.152000427246094
63935.09179834283,37.152000427246094
63935.158631629056,37.152000427246094
63935.225464915275,37.066001892089844
63935.2922982015,37.02899932861328
63935.35913148772,37.02899932861328
63935.425964773945,37.012001037597656
63935.49279806017,37.012001037597656
63935.55963134639,37.21799850463867
63935.626464632616,37.21799850463867
63935.693297918835,37.21799850463867
63935.76013120506,37.20100021362305
63935.82696449129,37.20100021362305
63935.893797777506,37.05799865722656
63935.96063106373,37.05799865722656
63936.02746434995,37.05799865722656
63936.09429763618,37.13100051879883
63936.1611309224,37.12799835205078
63936.22796420862,37.12799835205078
63936.29479749485,37.1619987487793
63936.361630781066,37.1619987487793
63936.42846406729,37.1619987487793
63936.49529735352,37.17599868774414
63936.56213063974,37.18299865722656
63936.62896392596,37.18299865722656
63936.69579721218,37.11399841308594
63936.76263049841,37.11399841308594
63936.829463784634,37.04999923706055
63936.89629707085,37.04999923706055
63936.96313035708,37.18199920654297
63937.0299636433,37.18199920654297
63937.09679692952,37.042999267578125
63937.16363021575,37.042999267578125
63937.23046350197,37.042999267578125
63937.297296788194,37.05400085449219
63937.36413007441,36.987998962402344
63937.43096336064,36.987998962402344
63937.497796646865,37.066001892089844
63937.564629933084,37.066001892089844
63937.63146321931,37.066001892089844
63937.69829650553,37.02799987792969
63937.765129791755,37.02799987792969
63937.83196307798,37.08700180053711
63937.8987963642,37.08700180053711
63937.965629650425,37.08700180053711
63938.032462936644,37.17900085449219
63938.09929622287,37.112998962402344
63938.166129509096,37.112998962402344
63938.232962795315,37.119998931884766
63938.29979608154,37.119998931884766
63938.36662936776,37.119998931884766
63938.433462653986,37.051998138427734
63938.50029594021,37.12900161743164
63938.56712922643,37.12900161743164
63938.63396251266,37.1619987487793
63938.700795798875,37.10599899291992
63938.7676290851,37.10599899291992
63938.83446237133,37.10599899291992
63938.901295657546,37.0099983215332
63938.96812894377,37.0099983215332
63939.03496222999,37.07500076293945
63939.10179551622,37.07500076293945
63939.16862880244,37.104000091552734
63939.23546208866,37.104000091552734
63939.30229537489,37.104000091552734
63939.369128661114,37.1510009765625
63939.43596194733,37.064998626708984
63939.50279523356,37.064998626708984
63939.56962851978,37.0989990234375
63939.636461806,37.0989990234375
63939.70329509223,37.0989990234375
63939.77012837845,37.077999114990234
63939.836961664674,37.21099853515625
63939.90379495089,37.21099853515625
63939.97062823712,37.090999603271484
63940.037461523345,37.090999603271484
63940.104294809564,37.090999603271484
63940.17112809579,37.180999755859375
63940.23796138201,37.180999755859375
63940.304794668235,37.14899826049805
63940.37162795446,37.099998474121094
63940.43846124068,37.099998474121094
63940.505294526905,37.007999420166016
63940.572127813124,37.007999420166016
63940.63896109935,37.007999420166016
63940.705794385576,37.11000061035156
63940.772627671795,37.08300018310547
63940.83946095802,37.08300018310547
63940.90629424424,37.141998291015625
63940.973127530466,37.09700012207031
63941.03996081669,37.09700012207031
63941.10679410291,37.09700012207031
63941.17362738914,37.07699966430664
63941.240460675355,37.07699966430664
63941.30729396158,37.069000244140625
63941.37412724781,37.069000244140625
63941.440960534026,36.99399948120117
63941.50779382025,36.99399948120117
63941.57462710647,36.99399948120117
63941.6414603927,37.03300094604492
63941.70829367892,37.04999923706055
63941.77512696514,37.04999923706055
63941.84196025137,37.12799835205078
63941.90879353759,37.12799835205078
63941.97562682381,37.12799835205078
63942.04246011004,37.090999603271484
63942.10929339626,37.03900146484375
63942.17612668248,37.03900146484375
63942.2429599687,37.051998138427734
63942.30979325493,37.051998138427734
63942.376626541154,37.051998138427734
63942.44345982737,37.165000915527344
63942.5102931136,37.141998291015625
63942.57712639982,37.141998291015625
63942.643959686044,37.09700012207031
63942.71079297227,37.09700012207031
63942.77762625849,37.09700012207031
63942.844459544714,37.183998107910156
63942.91129283093,37.1150016784668
63942.97812611716,37.1150016784668
63943.044959403385,37.04999923706055
63943.111792689604,37.12799835205078
63943.17862597583,37.12799835205078
63943.24545926205,37.12799835205078
63943.312292548275,37.090999603271484
63943.3791258345,37.090999603271484
63943.44595912072,37.180999755859375
63943.512792406946,37.14899826049805
63943.579625693164,37.14899826049805
63943.64645897939,37.14899826049805
63943.71329226562,37.14899826049805
63943.780125551835,37.13600158691406
63943.84695883806,37.165000915527344
63943.91379212428,37.165000915527344
63943.980625410506,37.249000549316406
63944.04745869673,37.249000549316406
63944.11429198295,37.249000549316406
63944.18112526918,37.2140007019043
63944.247958555396,37.09299850463867
63944.31479184162,37.09299850463867
63944.38162512785,37.145999908447266
63944.44845841407,37.145999908447266
63944.51529170029,37.145999908447266
63944.58212498651,37.20500183105469
63944.64895827274,37.124000549316406
63944.71579155896,37.124000549316406
63944.78262484518,37.05400085449219
63944.84945813141,37.05400085449219
63944.91629141763,37.05400085449219
63944.98312470385,37.02299880981445
63945.04995799008,37.08100128173828
63945.1167912763,37.08100128173828
63945.18362456252,37.10599899291992
63945.25045784874,37.10599899291992
63945.31729113497,37.10599899291992
63945.384124421194,37.152000427246094
63945.45095770741,37.152000427246094
63945.51779099364,37.152000427246094
63945.58462427986,37.16600036621094
63945.651457566084,37.16600036621094
63945.71829085231,37.178001403808594
63945.78512413853,37.178001403808594
63945.851957424755,37.14799880981445
63945.91879071097,37.14799880981445
63945.9856239972,37.14799880981445
63946.052457283426,37.1349983215332
63946.119290569644,37.236000061035156
63946.18612385587,37.236000061035156
