time,temp
63478.97062395347,35.34700012207031
63479.0370187197,35.433998107910156
63479.103413485915,35.433998107910156
63479.16980825214,35.433998107910156
63479.23620301836,35.400001525878906
63479.30259778458,35.457000732421875
63479.36899255081,35.457000732421875
63479.435387317026,35.40999984741211
63479.50178208325,35.35499954223633
63479.56817684947,35.35499954223633
63479.634571615694,35.35499954223633
63479.70096638191,35.4370002746582
63479.76736114814,35.4370002746582
63479.83375591436,35.4370002746582
63479.90015068058,35.4370002746582
63479.966545446805,35.367000579833984
63480.03294021302,35.367000579833984
63480.09933497925,35.367000579833984
63480.165729745466,35.44200134277344
63480.23212451169,35.474998474121094
63480.29851927791,35.474998474121094
63480.364914044134,35.48899841308594
63480.43130881036,35.48899841308594
63480.49770357658,35.48899841308594
63480.5640983428,35.459999084472656
63480.63049310902,35.518001556396484
63480.696887875245,35.518001556396484
63480.76328264146,35.4370002746582
63480.82967740769,35.4370002746582
63480.89607217391,35.4370002746582
63480.96246694013,35.472999572753906
63481.028861706356,35.38199996948242
63481.095256472574,35.38199996948242
63481.1616512388,35.41299819946289
63481.22804600502,35.41299819946289
63481.29444077124,35.41299819946289
63481.36083553746,35.4630012512207
63481.427230303685,35.37699890136719
63481.49362506991,35.37699890136719
63481.56001983613,35.4119987487793
63481.62641460235,35.42599868774414
63481.69280936857,35.42599868774414
63481.759204134796,35.42599868774414
63481.825598901014,35.42599868774414
63481.89199366724,35.39699935913086
63481.958388433464,35.39699935913086
63482.02478319968,35.5620002746582
63482.09117796591,35.527000427246094
63482.157572732125,35.527000427246094
63482.22396749835,35.404998779296875
63482.29036226457,35.404998779296875
63482.35675703079,35.404998779296875
63482.42315179702,35.42399978637695
63482.489546563236,35.573001861572266
63482.55594132946,35.573001861572266
63482.62233609568,35.60300064086914
63482.688730861904,35.60300064086914
63482.75512562812,35.60300064086914
63482.82152039435,35.472999572753906
63482.887915160565,35.38199996948242
63482.95430992679,35.38199996948242
63483.020704693015,35.48400115966797
63483.08709945923,35.48400115966797
63483.15349422546,35.48400115966797
63483.219888991676,35.422000885009766
63483.2862837579,35.50199890136719
63483.35267852412,35.50199890136719
63483.419073290344,35.500999450683594
63483.48546805656,35.42900085449219
63483.55186282279,35.42900085449219
63483.61825758901,35.42900085449219
63483.68465235523,35.433998107910156
63483.751047121455,35.433998107910156
63483.81744188767,35.4010009765625
63483.8838366539,35.422000885009766
63483.950231420116,35.422000885009766
63484.01662618634,35.422000885009766
63484.08302095257,35.422000885009766
63484.149415718784,35.430999755859375
63484.21581048501,35.327999114990234
63484.28220525123,35.327999114990234
63484.34860001745,35.35499954223633
63484.41499478367,35.35499954223633
63484.481389549896,35.35499954223633
63484.54778431612,35.4370002746582
63484.61417908234,35.472999572753906
63484.680573848564,35.472999572753906
63484.74696861478,35.41699981689453
63484.81336338101,35.41699981689453
63484.879758147224,35.41699981689453
63484.94615291345,35.4640007019043
63485.01254767967,35.48500061035156
63485.07894244589,35.48500061035156
63485.14533721212,35.422000885009766
63485.211731978336,35.422000885009766
63485.27812674456,35.422000885009766
63485.34452151078,35.50199890136719
63485.410916277004,35.46500015258789
63485.47731104322,35.46500015258789
63485.54370580945,35.45000076293945
63485.61010057567,35.45000076293945
63485.67649534189,35.45000076293945
63485.742890108115,35.513999938964844
63485.80928487433,35.54100036621094
63485.87567964056,35.54100036621094
63485.942074406776,35.518001556396484
63486.008469173,35.47200012207031
63486.07486393922,35.47200012207031
63486.141258705444,35.47200012207031
63486.20765347167,35.41699981689453
63486.27404823789,35.41699981689453
63486.34044300411,35.5
63486.40683777033,35.5
63486.473232536555,35.4640007019043
63486.53962730277,35.4640007019043
63486.606022069,35.4640007019043
63486.67241683522,35.44900131225586
63486.73881160144,35.40700149536133
63486.805206367666,35.40700149536133
63486.871601133884,35.388999938964844
63486.93799590011,35.388999938964844
63487.00439066633,35.41600036621094
63487.07078543255,35.41600036621094
63487.13718019877,35.41600036621094
63487.203574964995,35.393001556396484
63487.26996973122,35.34700012207031
63487.33636449744,35.34700012207031
63487.40275926366,35.39799880981445
63487.46915402988,35.39799880981445
63487.535548796106,35.39799880981445
63487.601943562324,35.3849983215332
63487.66833832855,35.37900161743164
63487.734733094774,35.37900161743164
63487.80112786099,35.483001708984375
63487.86752262722,35.483001708984375
63487.933917393435,35.483001708984375
63488.00031215966,35.457000732421875
63488.06670692588,35.34000015258789
63488.1331016921,35.34000015258789
63488.19949645832,35.50199890136719
63488.265891224546,35.50199890136719
63488.33228599077,35.50199890136719
63488.39868075699,35.5359992980957
63488.465075523214,35.47999954223633
63488.53147028943,35.47999954223633
63488.59786505566,35.45600128173828
63488.664259821875,35.45600128173828
63488.7306545881,35.51599884033203
63488.797049354325,35.51599884033203
63488.86344412054,35.51599884033203
63488.92983888677,35.542999267578125
63488.996233652986,35.518001556396484
63489.06262841921,35.518001556396484
63489.12902318543,35.4370002746582
63489.195417951654,35.4370002746582
63489.26181271787,35.4370002746582
63489.3282074841,35.472999572753906
63489.39460225032,35.38199996948242
63489.46099701654,35.38199996948242
63489.527391782765,35.37799835205078
63489.59378654898,35.37799835205078
63489.66018131521,35.37799835205078
63489.726576081426,35.30500030517578
63489.79297084765,35.45100021362305
63489.85936561388,35.45100021362305
63489.925760380094,35.44300079345703
63489.99215514632,35.44300079345703
63490.05854991254,35.44300079345703
63490.12494467876,35.36899948120117
63490.19133944498,35.479000091552734
63490.257734211205,35.479000091552734
63490.32412897743,35.49100112915039
63490.39052374365,35.354000091552734
63490.45691850987,35.354000091552734
63490.52331327609,35.354000091552734
63490.58970804232,35.36600112915039
63490.656102808534,35.36600112915039
63490.72249757476,35.47700119018555
63490.78889234098,35.47700119018555
63490.8552871072,35.45500183105469
63490.92168187343,35.45500183105469
63490.988076639645,35.45500183105469
63491.05447140587,35.47999954223633
63491.12086617209,35.527000427246094
63491.18726093831,35.527000427246094
63491.25365570453,35.547000885009766
63491.32005047076,35.547000885009766
63491.386445236974,35.547000885009766
63491.4528400032,35.52000045776367
63491.519234769425,35.472999572753906
63491.58562953564,35.472999572753906
63491.65202430187,35.52399826049805
63491.718419068085,35.52399826049805
63491.78481383431,35.52399826049805
63491.85120860053,35.5099983215332
63491.91760336675,35.39799880981445
63491.98399813298,35.39799880981445
63492.0503928992,35.49100112915039
63492.11678766542,35.49100112915039
63492.18318243164,35.53200149536133
63492.249577197865,35.53200149536133
63492.31597196408,35.53200149536133
63492.38236673031,35.44300079345703
63492.44876149653,35.439998626708984
63492.51515626275,35.439998626708984
63492.581551028976,35.54499816894531
63492.647945795194,35.54499816894531
63492.71434056142,35.54499816894531
63492.78073532764,35.48400115966797
63492.84713009386,35.49300003051758
63492.91352486008,35.49300003051758
63492.979919626305,35.39099884033203
63493.04631439253,35.41699981689453
63493.11270915875,35.41699981689453
63493.17910392497,35.41699981689453
63493.24549869119,35.393001556396484
63493.311893457416,35.393001556396484
63493.378288223634,35.417999267578125
63493.44468298986,35.417999267578125
63493.511077756084,35.39400100708008
63493.5774725223,35.39400100708008
63493.64386728853,35.39400100708008
63493.710262054745,35.382999420166016
63493.77665682097,35.48500061035156
63493.84305158719,35.48500061035156
63493.90944635341,35.42300033569336
63493.97584111963,35.42300033569336
63494.042235885856,35.42300033569336
63494.10863065208,35.50199890136719
63494.1750254183,35.43000030517578
63494.241420184524,35.43000030517578
63494.30781495074,35.433998107910156
63494.37420971697,35.433998107910156
63494.440604483185,35.433998107910156
63494.50699924941,35.43600082397461
63494.573394015635,35.4010009765625
63494.63978878185,35.4010009765625
63494.70618354808,35.49300003051758
63494.772578314296,35.49300003051758
63494.83897308052,35.49300003051758
63494.90536784674,35.46099853515625
63494.971762612964,35.59000015258789
63495.03815737918,35.59000015258789
63495.10455214541,35.50299835205078
63495.17094691163,35.50299835205078
63495.23734167785,35.50299835205078
63495.303736444075,35.39500045776367
63495.37013121029,35.5260009765625
63495.43652597652,35.5260009765625
63495.502920742736,35.54600143432617
63495.56931550896,35.44900131225586
63495.635710275186,35.44900131225586
63495.702105041404,35.44900131225586
63495.76849980763,35.40700149536133
63495.83489457385,35.40700149536133
63495.90128934007,35.388999938964844
63495.96768410629,35.388999938964844
63496.034078872515,35.48699951171875
63496.10047363873,35.48699951171875
63496.16686840496,35.48699951171875
63496.23326317118,35.42399978637695
63496.2996579374,35.50199890136719
63496.366052703626,35.50199890136719
63496.432447469844,35.500999450683594
63496.49884223607,35.500999450683594
63496.56523700229,35.500999450683594
63496.63163176851,35.43000030517578
63496.69802653474,35.362998962402344
63496.764421300955,35.362998962402344
63496.83081606718,35.369998931884766
63496.8972108334,35.369998931884766
63496.96360559962,35.369998931884766
63497.03000036584,35.444000244140625
63497.09639513207,35.444000244140625
63497.162789898284,35.36899948120117
63497.22918466451,35.40800094604492
63497.295579430735,35.40800094604492
63497.36197419695,35.49599838256836
63497.42836896318,35.426998138427734
63497.494763729395,35.426998138427734
63497.56115849562,35.426998138427734
63497.62755326184,35.43299865722656
63497.69394802806,35.43299865722656
63497.76034279429,35.400001525878906
63497.82673756051,35.400001525878906
63497.89313232673,35.492000579833984
63497.95952709295,35.492000579833984
63498.025921859175,35.492000579833984
63498.09231662539,35.53200149536133
63498.15871139162,35.513999938964844
63498.22510615784,35.513999938964844
63498.29150092406,35.50600051879883
63498.357895690286,35.50600051879883
63498.4242904565,35.50600051879883
63498.49068522273,35.50299835205078
63498.55707998895,35.500999450683594
63498.62347475517,35.500999450683594
63498.68986952139,35.57099914550781
63498.756264287615,35.57099914550781
63498.82265905384,35.57099914550781
63498.88905382006,35.60200119018555
63498.95544858628,35.402000427246094
63499.0218433525,35.402000427246094
63499.088238118726,35.45800018310547
63499.15463288494,35.45800018310547
63499.22102765117,35.45800018310547
63499.287422417394,35.44599914550781
63499.35381718361,35.58300018310547
63499.42021194984,35.58300018310547
63499.486606716055,35.500999450683594
63499.55300148228,35.5359992980957
63499.6193962485,35.5359992980957
63499.68579101472,35.5359992980957
63499.75218578094,35.55099868774414
63499.818580547166,35.55099868774414
63499.88497531339,35.48699951171875
63499.95137007961,35.38800048828125
63500.017764845834,35.38800048828125
63500.08415961205,35.38800048828125
63500.15055437828,35.38800048828125
63500.216949144495,35.38100051879883
63500.28334391072,35.48400115966797
63500.349738676945,35.48400115966797
63500.41613344316,35.45800018310547
63500.48252820939,35.45800018310547
63500.548922975606,35.45800018310547
63500.61531774183,35.44599914550781
63500.68171250805,35.369998931884766
63500.748107274274,35.369998931884766
63500.81450204049,35.479000091552734
63500.88089680672,35.479000091552734
63500.94729157294,35.479000091552734
63501.01368633916,35.45600128173828
63501.080081105385,35.374000549316406
63501.1464758716,35.374000549316406
63501.21287063783,35.48099899291992
63501.279265404046,35.48099899291992
63501.34566017027,35.48099899291992
63501.412054936496,35.45600128173828
63501.478449702714,35.516998291015625
63501.54484446894,35.516998291015625
63501.61123923516,35.577999114990234
63501.67763400138,35.577999114990234
63501.7440287676,35.577999114990234
63501.810423533825,35.569000244140625
63501.87681830004,35.60100173950195
63501.94321306627,35.60100173950195
63502.00960783249,35.57899856567383
63502.07600259871,35.56999969482422
63502.142397364936,35.56999969482422
63502.208792131154,34.367000579833984
63502.27518689738,35.494998931884766
63502.3415816636,35.494998931884766
63502.40797642982,35.494998931884766
63502.47437119605,35.569000244140625
63502.540765962265,35.35200119018555
63502.60716072849,35.35200119018555
63502.67355549471,35.4010009765625
63502.73995026093,35.4010009765625
63502.80634502715,35.4010009765625
63502.872739793376,35.52799987792969
63502.939134559594,35.47700119018555
63503.00552932582,35.47700119018555
63503.071924092044,35.4900016784668
63503.13831885826,35.4900016784668
63503.20471362449,35.4900016784668
63503.271108390705,35.459999084472656
63503.33750315693,35.4119987487793
63503.40389792315,35.4119987487793
63503.47029268937,35.42599868774414
63503.5366874556,35.46799850463867
63503.603082221816,35.46799850463867
63503.66947698804,35.46799850463867
63503.73587175426,35.45100021362305
63503.802266520484,35.45100021362305
63503.8686612867,35.513999938964844
63503.93505605293,35.47100067138672
63504.001450819145,35.47100067138672
63504.06784558537,35.47100067138672
63504.134240351596,35.47100067138672
63504.20063511781,35.48699951171875
63504.26702988404,35.529998779296875
63504.333424650256,35.529998779296875
63504.39981941648,35.44200134277344
63504.4662141827,35.44200134277344
63504.532608948924,35.44200134277344
63504.59900371515,35.5099983215332
63504.66539848137,35.540000915527344
63504.73179324759,35.540000915527344
63504.79818801381,35.516998291015625
63504.864582780036,35.516998291015625
63504.93097754625,35.516998291015625
63504.99737231248,35.577999114990234
63505.0637670787,35.60499954223633
63505.13016184492,35.60499954223633
63505.19655661115,35.58100128173828
63505.262951377365,35.58100128173828
63505.32934614359,35.58100128173828
63505.39574090981,35.5
63505.46213567603,35.60599899291992
63505.52853044225,35.60599899291992
63505.594925208476,35.5099983215332
63505.6613199747,35.5099983215332
63505.72771474092,35.5099983215332
63505.794109507144,35.540000915527344
63505.86050427336,35.624000549316406
63505.92689903959,35.624000549316406
63505.993293805805,35.446998596191406
63506.05968857203,35.51300048828125
63506.126083338255,35.51300048828125
63506.19247810447,35.51300048828125
63506.2588728707,35.435001373291016
63506.325267636916,35.435001373291016
63506.39166240314,35.50699996948242
63506.45805716936,35.50699996948242
63506.524451935584,35.53900146484375
63506.5908467018,35.53900146484375
63506.65724146803,35.53900146484375
63506.72363623425,35.551998138427734
63506.79003100047,35.41600036621094
63506.856425766695,35.41600036621094
63506.92282053291,35.4640007019043
63506.98921529914,35.4640007019043
63507.055610065356,35.4640007019043
63507.12200483158,35.55500030517578
63507.188399597806,35.558998107910156
63507.254794364024,35.558998107910156
63507.32118913025,35.5260009765625
63507.38758389647,35.5260009765625
63507.45397866269,35.51100158691406
63507.52037342891,35.51100158691406
63507.586768195135,35.51100158691406
63507.65316296135,35.611000061035156
63507.71955772758,35.54800033569336
63507.7859524938,35.54800033569336
63507.85234726002,35.59199905395508
63507.918742026246,35.611000061035156
63507.985136792464,35.611000061035156
63508.05153155869,35.611000061035156
63508.11792632491,35.611000061035156
63508.18432109113,35.512001037597656
63508.25071585736,35.54100036621094
63508.317110623575,35.54100036621094
63508.3835053898,35.553001403808594
63508.44990015602,35.553001403808594
63508.51629492224,35.553001403808594
63508.58268968846,35.55799865722656
63508.649084454686,35.525001525878906
63508.715479220904,35.525001525878906
63508.78187398713,35.54600143432617
63508.848268753354,35.54600143432617
63508.91466351957,35.54600143432617
63508.9810582858,35.44900131225586
63509.047453052015,35.37200164794922
63509.11384781824,35.37200164794922
63509.18024258446,35.47999954223633
63509.24663735068,35.47999954223633
63509.31303211691,35.47999954223633
63509.379426883126,35.45600128173828
63509.44582164935,35.48099899291992
63509.51221641557,35.48099899291992
63509.578611181794,35.492000579833984
63509.64500594801,35.492000579833984
63509.71140071424,35.492000579833984
63509.777795480455,35.38999938964844
63509.84419024668,35.558998107910156
63509.910585012905,35.558998107910156
63509.97697977912,35.4900016784668
63510.04337454535,35.459999084472656
63510.109769311566,35.459999084472656
63510.17616407779,35.459999084472656
63510.24255884401,35.518001556396484
63510.308953610234,35.518001556396484
63510.37534837646,35.542999267578125
63510.44174314268,35.542999267578125
63510.5081379089,35.55400085449219
63510.57453267512,35.55400085449219
63510.640927441345,35.55400085449219
63510.70732220756,35.558998107910156
63510.77371697379,35.4900016784668
63510.840111740006,35.4900016784668
63510.90650650623,35.49599838256836
63510.97290127246,35.49599838256836
63511.039296038674,35.49599838256836
63511.1056908049,35.4630012512207
63511.17208557112,35.41299819946289
63511.23848033734,35.41299819946289
63511.30487510356,35.569000244140625
63511.371269869785,35.569000244140625
63511.43766463601,35.569000244140625
63511.50405940223,35.529998779296875
63511.57045416845,35.44200134277344
63511.63684893467,35.44200134277344
63511.7032437009,35.5099983215332
63511.769638467114,35.5099983215332
63511.83603323334,35.5099983215332
63511.90242799956,35.540000915527344
63511.96882276578,35.553001403808594
63512.03521753201,35.553001403808594
63512.101612298226,35.55799865722656
63512.16800706445,35.45399856567383
63512.23440183067,35.45399856567383
63512.30079659689,35.45399856567383
63512.36719136311,35.45399856567383
63512.43358612934,35.409000396728516
63512.49998089556,35.409000396728516
63512.56637566178,35.49599838256836
63512.632770428005,35.426998138427734
63512.69916519422,35.426998138427734
63512.76555996045,35.540000915527344
63512.831954726666,35.540000915527344
63512.89834949289,35.540000915527344
63512.96474425911,35.516998291015625
63513.031139025334,35.542999267578125
63513.09753379156,35.542999267578125
63513.16392855778,35.483001708984375
63513.230323324,35.483001708984375
63513.29671809022,35.483001708984375
63513.363112856445,35.49300003051758
63513.42950762266,35.56800079345703
63513.49590238889,35.56800079345703
63513.56229715511,35.52899932861328
63513.62869192133,35.52899932861328
63513.695086687556,35.52899932861328
63513.761481453774,35.44200134277344
63513.82787622,35.5099983215332
63513.89427098622,35.5099983215332
63513.96066575244,35.50400161743164
63514.02706051867,35.50400161743164
63514.093455284885,35.50400161743164
63514.15985005111,35.430999755859375
63514.22624481733,35.470001220703125
63514.29263958355,35.470001220703125
63514.35903434977,35.45199966430664
63514.425429115996,35.444000244140625
63514.491823882214,35.444000244140625
63514.55821864844,35.444000244140625
63514.624613414664,35.444000244140625
63514.69100818088,35.47600173950195
63514.75740294711,35.48899841308594
63514.823797713325,35.48899841308594
63514.89019247955,35.53099822998047
63514.95658724577,35.53099822998047
63515.02298201199,35.53099822998047
63515.08937677822,35.47800064086914
63515.155771544436,35.5260009765625
63515.22216631066,35.5260009765625
63515.28856107688,35.547000885009766
63515.354955843104,35.547000885009766
63515.42135060932,35.547000885009766
63515.48774537555,35.555999755859375
63515.554140141765,35.452999114990234
63515.62053490799,35.452999114990234
63515.686929674215,35.51499938964844
63515.75332444043,35.51499938964844
63515.81971920666,35.51499938964844
63515.886113972876,35.54199981689453
63515.9525087391,35.55400085449219
63516.01890350532,35.55400085449219
63516.085298271544,35.558998107910156
63516.15169303777,35.558998107910156
63516.21808780399,35.558998107910156
63516.28448257021,35.63199996948242
63516.35087733643,35.55699920654297
63516.417272102655,35.55699920654297
63516.48366686887,35.45399856567383
63516.5500616351,35.55099868774414
63516.616456401316,35.55099868774414
63516.68285116754,35.55099868774414
63516.749245933766,35.52199935913086
63516.815640699984,35.52199935913086
63516.88203546621,35.54499816894531
63516.94843023243,35.54499816894531
63517.01482499865,35.54499816894531
63517.08121976487,35.54499816894531
63517.147614531095,35.48400115966797
63517.21400929732,35.48400115966797
63517.28040406354,35.48400115966797
63517.34679882976,35.66999816894531
63517.41319359598,35.50299835205078
63517.47958836221,35.50299835205078
63517.545983128424,35.465999603271484
63517.61237789465,35.465999603271484
63517.67877266087,35.520999908447266
63517.74516742709,35.520999908447266
63517.81156219332,35.520999908447266
63517.877956959535,35.54399871826172
63517.94435172576,35.448001861572266
63518.01074649198,35.448001861572266
63518.0771412582,35.47800064086914
63518.14353602442,35.47800064086914
63518.20993079065,35.47800064086914
63518.27632555687,35.56100082397461
63518.34272032309,35.45600128173828
63518.409115089315,35.45600128173828
63518.47550985553,35.40999984741211
63518.54190462176,35.40999984741211
63518.608299387975,35.40999984741211
63518.6746941542,35.56700134277344
63518.74108892042,35.52899932861328
63518.80748368664,35.52899932861328
63518.87387845287,35.54800033569336
63518.94027321909,35.520999908447266
63519.00666798531,35.520999908447266
63519.07306275153,35.520999908447266
63519.139457517755,35.50899887084961
63519.20585228397,35.50899887084961
63519.2722470502,35.53900146484375
63519.33864181642,35.53900146484375
63519.40503658264,35.516998291015625
63519.471431348866,35.516998291015625
63519.53782611508,35.516998291015625
63519.60422088131,35.47200012207031
63519.67061564753,35.630001068115234
63519.73701041375,35.630001068115234
63519.80340517998,35.59199905395508
63519.869799946195,35.59199905395508
63519.93619471242,35.59199905395508
63520.00258947864,35.43299865722656
63520.06898424486,35.50699996948242
63520.13537901108,35.50699996948242
63520.201773777306,35.60900115966797
63520.268168543524,35.60900115966797
63520.33456330975,35.60900115966797
63520.400958075974,35.47600173950195
63520.46735284219,35.525001525878906
63520.53374760842,35.525001525878906
63520.600142374635,35.617000579833984
63520.66653714086,35.617000579833984
63520.73293190708,35.617000579833984
63520.7993266733,35.65700149536133
63520.86572143952,35.49700164794922
63520.932116205746,35.49700164794922
63520.99851097197,35.56999969482422
63521.06490573819,35.56999969482422
63521.131300504414,35.56999969482422
63521.19769527063,35.494998931884766
63521.26409003686,35.604000091552734
63521.330484803075,35.604000091552734
63521.3968795693,35.5099983215332
63521.463274335525,35.611000061035156
63521.52966910174,35.611000061035156
63521.59606386797,35.611000061035156
63521.662458634186,35.611000061035156
63521.72885340041,35.54800033569336
63521.79524816663,35.555999755859375
63521.861642932854,35.555999755859375
63521.92803769908,35.63100051879883
63521.9944324653,35.63100051879883
63522.06082723152,35.63100051879883
63522.12722199774,35.55699920654297
63522.193616763965,35.560001373291016
63522.26001153018,35.560001373291016
63522.32640629641,35.56100082397461
63522.392801062626,35.56100082397461
63522.45919582885,35.56100082397461
63522.525590595076,35.5620002746582
63522.591985361294,35.5620002746582
63522.65838012752,35.5620002746582
63522.72477489374,35.5620002746582
63522.79116965996,35.5620002746582
63522.85756442618,35.492000579833984
63522.923959192405,35.492000579833984
63522.99035395863,35.492000579833984
63523.05674872485,35.46099853515625
63523.12314349107,35.448001861572266
63523.18953825729,35.448001861572266
63523.255933023516,35.51300048828125
63523.322327789734,35.470001220703125
63523.38872255596,35.470001220703125
63523.45511732218,35.470001220703125
63523.5215120884,35.45199966430664
63523.58790685463,35.45199966430664
63523.654301620845,35.51499938964844
63523.72069638707,35.51499938964844
63523.78709115329,35.612998962402344
63523.85348591951,35.612998962402344
63523.91988068573,35.612998962402344
63523.986275451956,35.619998931884766
63524.05267021818,35.51599884033203
63524.1190649844,35.51599884033203
63524.185459750624,35.50699996948242
63524.25185451684,35.50699996948242
63524.31824928307,35.50699996948242
63524.384644049285,35.53900146484375
63524.45103881551,35.5880012512207
63524.51743358173,35.5880012512207
63524.58382834795,35.50199890136719
63524.65022311418,35.50199890136719
63524.7166178804,35.50199890136719
63524.78301264662,35.5369987487793
63524.84940741284,35.47999954223633
63524.915802179064,35.47999954223633
63524.98219694528,35.49100112915039
63525.04859171151,35.49100112915039
63525.11498647773,35.49100112915039
63525.18138124395,35.49599838256836
63525.247776010176,35.534000396728516
63525.31417077639,35.534000396728516
63525.38056554262,35.54999923706055
63525.44696030884,35.55699920654297
63525.51335507506,35.55699920654297
63525.57974984128,35.55699920654297
63525.646144607505,35.525001525878906
63525.71253937373,35.525001525878906
63525.77893413995,35.54600143432617
63525.84532890617,35.625999450683594
63525.91172367239,35.625999450683594
63525.978118438616,35.625999450683594
63526.04451320483,35.625999450683594
63526.11090797106,35.59000015258789
63526.177302737284,35.680999755859375
63526.2436975035,35.680999755859375
63526.31009226973,35.685001373291016
63526.376487035945,35.685001373291016
63526.44288180217,35.685001373291016
63526.50927656839,35.54399871826172
63526.57567133461,35.51900100708008
63526.64206610083,35.51900100708008
63526.708460867056,35.54399871826172
63526.77485563328,35.54399871826172
63526.8412503995,35.54399871826172
63526.907645165724,35.483001708984375
63526.97403993194,35.49300003051758
63527.04043469817,35.49300003051758
63527.106829464385,35.46099853515625
63527.17322423061,35.46099853515625
63527.239618996835,35.46099853515625
63527.30601376305,35.51900100708008
63527.37240852928,35.54399871826172
63527.438803295496,35.54399871826172
63527.50519806172,35.625
63527.57159282794,35.55400085449219
63527.637987594164,35.55400085449219
63527.70438236039,35.55400085449219
63527.77077712661,35.55400085449219
63527.83717189283,35.558998107910156
63527.90356665905,35.558998107910156
63527.969961425275,35.4900016784668
63528.03635619149,35.49599838256836
63528.10275095772,35.49599838256836
63528.169145723936,35.569000244140625
63528.23554049016,35.569000244140625
63528.301935256386,35.569000244140625
63528.368330022604,35.60100173950195
63528.43472478883,35.472999572753906
63528.50111955505,35.472999572753906
63528.56751432127,35.52399826049805
63528.63390908749,35.52399826049805
63528.700303853715,35.52399826049805
63528.76669861993,35.54600143432617
63528.83309338616,35.55500030517578
63528.89948815238,35.55500030517578
63528.9658829186,35.452999114990234
63529.032277684826,35.452999114990234
63529.098672451044,35.452999114990234
63529.16506721727,35.55099868774414
63529.23146198349,35.59299850463867
63529.29785674971,35.59299850463867
63529.36425151594,35.57600021362305
63529.430646282155,35.46200180053711
63529.49704104838,35.46200180053711
63529.5634358146,35.46200180053711
63529.62983058082,35.51900100708008
63529.69622534704,35.51900100708008
63529.762620113266,35.54399871826172
63529.82901487949,35.51900100708008
63529.89540964571,35.51900100708008
63529.961804411934,35.51900100708008
63530.02819917815,35.51900100708008
63530.09459394438,35.507999420166016
63530.160988710595,35.53900146484375
63530.22738347682,35.53900146484375
63530.29377824304,35.516998291015625
63530.36017300926,35.516998291015625
63530.42656777549,35.516998291015625
63530.492962541706,35.43600082397461
63530.55935730793,35.542999267578125
63530.62575207415,35.542999267578125
63530.692146840374,35.51900100708008
63530.75854160659,35.51900100708008
63530.82493637282,35.51900100708008
63530.89133113904,35.57899856567383
63530.95772590526,35.534000396728516
63531.024120671485,35.534000396728516
63531.0905154377,35.51499938964844
63531.15691020393,35.51499938964844
63531.223304970146,35.51499938964844
63531.28969973637,35.57699966430664
63531.35609450259,35.569000244140625
63531.422489268814,35.569000244140625
63531.48888403504,35.564998626708984
63531.55527880126,35.564998626708984
63531.62167356748,35.564998626708984
63531.6880683337,35.5989990234375
63531.754463099925,35.64899826049805
63531.82085786614,35.64899826049805
63531.88725263237,35.52899932861328
63531.95364739859,35.65399932861328
63532.02004216481,35.65399932861328
63532.08643693104,35.65399932861328
63532.152831697254,35.56700134277344
63532.21922646348,35.56700134277344
63532.2856212297,35.6349983215332
63532.35201599592,35.665000915527344
63532.41841076214,35.665000915527344
63532.484805528366,35.665000915527344
63532.55120029459,35.665000915527344
63532.61759506081,35.641998291015625
63532.683989827034,35.63199996948242
63532.75038459325,35.63199996948242
63532.81677935948,35.52199935913086
63532.883174125694,35.52199935913086
63532.94956889192,35.50899887084961
63533.015963658145,35.50899887084961
63533.08235842436,35.50899887084961
63533.14875319059,35.57500076293945
63533.215147956806,35.56800079345703
63533.28154272303,35.56800079345703
63533.34793748925,35.599998474121094
63533.414332255474,35.599998474121094
63533.48072702169,35.599998474121094
63533.54712178792,35.542999267578125
63533.61351655414,35.55400085449219
63533.67991132036,35.55400085449219
63533.746306086585,35.52299880981445
63533.8127008528,35.58100128173828
63533.87909561903,35.58100128173828
63533.945490385246,35.58100128173828
63534.01188515147,35.57099914550781
63534.078279917696,35.57099914550781
63534.144674683914,35.459999084472656
63534.21106945014,35.459999084472656
63534.27746421636,35.518001556396484
63534.34385898258,35.518001556396484
63534.4102537488,35.518001556396484
63534.476648515025,35.61399841308594
63534.54304328124,35.584999084472656
63534.60943804747,35.584999084472656
63534.67583281369,35.643001556396484
63534.74222757991,35.643001556396484
63534.808622346136,35.643001556396484
63534.875017112354,35.632999420166016
63534.94141187858,35.66400146484375
63535.0078066448,35.66400146484375
63535.07420141102,35.57099914550781
63535.14059617725,35.57099914550781
63535.206990943465,35.57099914550781
63535.27338570969,35.637001037597656
63535.33978047591,35.630001068115234
63535.40617524213,35.630001068115234
63535.47257000835,35.59199905395508
63535.538964774576,35.59199905395508
63535.6053595408,35.59199905395508
63535.67175430702,35.57500076293945
63535.738149073244,35.60300064086914
63535.80454383946,35.60300064086914
63535.87093860569,35.6510009765625
63535.937333371905,35.60100173950195
63536.00372813813,35.60100173950195
63536.07012290435,35.60100173950195
63536.13651767057,35.54399871826172
63536.2029124368,35.54399871826172
63536.269307203016,35.625
63536.33570196924,35.625
63536.40209673546,35.6609992980957
63536.468491501684,35.6609992980957
63536.5348862679,35.6609992980957
63536.60128103413,35.534000396728516
63536.66767580035,35.54999923706055
63536.73407056657,35.54999923706055
63536.800465332795,35.52199935913086
63536.86686009901,35.52199935913086
63536.93325486524,35.52199935913086
63536.999649631456,35.58000183105469
63537.06604439768,35.53499984741211
63537.1324391639,35.53499984741211
63537.198833930124,35.409000396728516
63537.26522869635,35.409000396728516
63537.33162346257,35.409000396728516
63537.39801822879,35.49599838256836
63537.46441299501,35.534000396728516
63537.530807761235,35.534000396728516
63537.59720252745,35.54999923706055
63537.66359729368,35.54999923706055
63537.7299920599,35.54999923706055
63537.79638682612,35.59299850463867
63537.86278159235,35.540000915527344
63537.929176358564,35.540000915527344
63537.99557112479,35.553001403808594
63538.06196589101,35.553001403808594
63538.12836065723,35.55799865722656
63538.19475542345,35.55799865722656
63538.261150189675,35.55799865722656
63538.3275449559,35.56100082397461
63538.39393972212,35.5620002746582
63538.46033448834,35.5620002746582
63538.52672925456,35.597999572753906
63538.59312402079,35.64899826049805
63538.659518787004,35.64899826049805
63538.72591355323,35.64899826049805
63538.792308319455,35.64899826049805
63538.85870308567,35.67100143432617
63538.9250978519,35.60900115966797
63538.991492618115,35.60900115966797
63539.05788738434,35.65399932861328
63539.12428215056,35.65399932861328
63539.19067691678,35.65399932861328
63539.257071683,35.67300033569336
63539.32346644923,35.645999908447266
63539.38986121545,35.645999908447266
63539.45625598167,35.5989990234375
63539.522650747895,35.5989990234375
63539.58904551411,35.5989990234375
63539.65544028034,35.61399841308594
63539.721835046555,35.584999084472656
63539.78822981278,35.584999084472656
63539.854624579006,35.571998596191406
63539.92101934522,35.571998596191406
63539.98741411145,35.571998596191406
63540.05380887767,35.459999084472656
63540.12020364389,35.55400085449219
63540.18659841011,35.55400085449219
63540.252993176335,35.558998107910156
63540.31938794255,35.558998107910156
63540.38578270878,35.558998107910156
63540.452177475,35.525001525878906
63540.51857224122,35.54600143432617
63540.584967007446,35.54600143432617
63540.651361773664,35.590999603271484
63540.71775653989,35.53900146484375
63540.78415130611,35.53900146484375
63540.85054607233,35.53900146484375
63540.91694083856,35.53900146484375
63540.983335604775,35.516998291015625
63541.049730371,35.542999267578125
63541.11612513722,35.542999267578125
63541.18251990344,35.51900100708008
63541.24891466966,35.51900100708008
63541.315309435886,35.51900100708008
63541.381704202104,35.507999420166016
63541.44809896833,35.53900146484375
63541.514493734554,35.53900146484375
63541.58088850077,35.5880012512207
63541.647283267,35.5880012512207
63541.713678033215,35.5880012512207
63541.78007279944,35.60900115966797
63541.84646756566,35.547000885009766
63541.91286233188,35.547000885009766
63541.97925709811,35.555999755859375
63542.045651864326,35.555999755859375
63542.11204663055,35.555999755859375
63542.17844139677,35.66600036621094
63542.244836162994,35.571998596191406
63542.31123092921,35.571998596191406
63542.37762569544,35.56700134277344
63542.444020461655,35.56700134277344
63542.51041522788,35.56700134277344
63542.576809994105,35.6349983215332
63542.64320476032,35.62900161743164
63542.70959952655,35.62900161743164
63542.775994292766,35.590999603271484
63542.84238905899,35.57500076293945
63542.90878382521,35.57500076293945
63542.975178591434,35.57500076293945
63543.04157335766,35.57500076293945
63543.10796812388,35.60300064086914
63543.1743628901,35.60300064086914
63543.24075765632,35.58000183105469
63543.307152422545,35.56999969482422
63543.37354718876,35.56999969482422
63543.43994195499,35.566001892089844
63543.50633672121,35.566001892089844
63543.57273148743,35.566001892089844
63543.639126253656,35.6349983215332
63543.705521019874,35.59400177001953
63543.7719157861,35.59400177001953
63543.83831055232,35.54100036621094
63543.90470531854,35.54100036621094
63543.97110008476,35.54100036621094
63544.037494850985,35.553001403808594
63544.10388961721,35.55799865722656
63544.17028438343,35.55799865722656
63544.23667914965,35.4900016784668
63544.30307391587,35.4900016784668
63544.369468682096,35.4900016784668
63544.435863448314,35.53099822998047
63544.50225821454,35.51300048828125
63544.568652980764,35.51300048828125
63544.63504774698,35.57699966430664
63544.70144251321,35.57699966430664
63544.767837279425,35.57699966430664
63544.83423204565,35.63999938964844
63544.90062681187,35.63100051879883
63544.96702157809,35.63100051879883
63545.03341634431,35.66299819946289
63545.09981111054,35.641998291015625
63545.16620587676,35.641998291015625
63545.23260064298,35.641998291015625
63545.298995409205,35.5260009765625
63545.36539017542,35.5260009765625
63545.43178494165,35.61800003051758
63545.498179707865,35.61800003051758
63545.56457447409,35.65700149536133
63545.630969240316,35.65700149536133
63545.69736400653,35.65700149536133
63545.76375877276,35.638999938964844
63545.83015353898,35.66600036621094
63545.8965483052,35.66600036621094
63545.96294307142,35.571998596191406
63546.029337837645,35.571998596191406
63546.09573260386,35.571998596191406
63546.16212737009,35.56700134277344
63546.22852213631,35.52899932861328
63546.29491690253,35.52899932861328
63546.361311668756,35.54800033569336
63546.42770643497,35.54800033569336
63546.4941012012,35.54800033569336
63546.56049596742,35.555999755859375
63546.62689073364,35.52399826049805
63546.69328549987,35.52399826049805
63546.759680266085,35.474998474121094
63546.82607503231,35.474998474121094
63546.89246979853,35.474998474121094
63546.95886456475,35.59600067138672
63547.02525933097,35.50600051879883
63547.091654097196,35.50600051879883
63547.15804886341,35.50299835205078
63547.22444362964,35.50299835205078
63547.290838395864,35.50299835205078
63547.35723316208,35.5369987487793
63547.42362792831,35.65800094604492
63547.490022694525,35.65800094604492
63547.55641746075,35.604000091552734
63547.62281222697,35.604000091552734
63547.68920699319,35.50899887084961
63547.75560175942,35.50899887084961
63547.821996525636,35.50899887084961
63547.88839129186,35.57500076293945
63547.95478605808,35.60300064086914
63548.021180824304,35.60300064086914
63548.08757559052,35.58000183105469
63548.15397035675,35.58000183105469
63548.220365122965,35.56999969482422
63548.28675988919,35.56999969482422
63548.353154655415,35.56999969482422
63548.41954942163,35.566001892089844
63548.48594418786,35.5989990234375
63548.552338954076,35.5989990234375
63548.6187337203,35.685001373291016
63548.68512848652,35.685001373291016
63548.751523252744,35.685001373291016
63548.81791801897,35.6510009765625
63548.88431278519,35.707000732421875
63548.95070755141,35.707000732421875
63549.01710231763,35.625
63549.083497083855,35.625
63549.14989185007,35.625
63549.2162866163,35.59000015258789
63549.282681382516,35.61000061035156
63549.34907614874,35.61000061035156
63549.415470914966,35.65399932861328
63549.481865681184,35.65399932861328
63549.54826044741,35.60200119018555
63549.61465521363,35.60200119018555
63549.68104997985,35.60200119018555
63549.74744474607,35.472999572753906
63549.813839512295,35.630001068115234
63549.88023427852,35.630001068115234
63549.94662904474,35.555999755859375
63550.01302381096,35.555999755859375
63550.07941857718,35.555999755859375
63550.145813343406,35.560001373291016
63550.212208109624,35.59700012207031
63550.27860287585,35.59700012207031
63550.34499764207,35.54199981689453
63550.41139240829,35.54199981689453
63550.47778717452,35.54199981689453
63550.544181940735,35.483001708984375
63550.61057670696,35.5629997253418
63550.67697147318,35.5629997253418
63550.7433662394,35.597999572753906
63550.80976100562,35.597999572753906
63550.876155771846,35.597999572753906
63550.94255053807,35.577999114990234
63551.00894530429,35.60499954223633
63551.075340070514,35.60499954223633
63551.14173483673,35.6870002746582
63551.20812960296,35.757999420166016
63551.274524369175,35.757999420166016
63551.3409191354,35.757999420166016
63551.407313901625,35.61199951171875
63551.47370866784,35.61199951171875
63551.54010343407,35.51300048828125
63551.606498200286,35.57600021362305
63551.67289296651,35.57600021362305
63551.73928773273,35.57600021362305
63551.805682498954,35.57600021362305
63551.87207726517,35.569000244140625
63551.9384720314,35.564998626708984
63552.00486679762,35.564998626708984
63552.07126156384,35.6349983215332
63552.137656330066,35.6349983215332
63552.20405109628,35.6349983215332
63552.27044586251,35.62900161743164
63552.336840628726,35.6619987487793
63552.40323539495,35.6619987487793
63552.46963016118,35.60599899291992
63552.536024927394,35.60599899291992
63552.60241969362,35.60599899291992
63552.66881445984,35.58100128173828
63552.73520922606,35.60599899291992
63552.80160399228,35.60599899291992
63552.867998758506,35.54600143432617
63552.93439352472,35.54600143432617
63553.00078829095,35.54600143432617
63553.067183057174,35.52000045776367
63553.13357782339,35.54399871826172
63553.19997258962,35.54399871826172
63553.266367355835,35.59000015258789
63553.33276212206,35.59000015258789
63553.39915688828,35.61000061035156
63553.4655516545,35.65399932861328
63553.53194642073,35.65399932861328
63553.598341186946,35.65399932861328
63553.66473595317,35.65399932861328
63553.73113071939,35.63800048828125
63553.797525485614,35.558998107910156
63553.86392025183,35.558998107910156
63553.93031501806,35.4900016784668
63553.996709784275,35.4900016784668
63554.0631045505,35.4900016784668
63554.129499316725,35.53099822998047
63554.19589408294,35.619998931884766
63554.26228884917,35.619998931884766
63554.328683615386,35.51599884033203
63554.39507838161,35.51599884033203
63554.46147314783,35.51599884033203
63554.527867914054,35.577999114990234
63554.59426268028,35.534000396728516
63554.6606574465,35.534000396728516
63554.72705221272,35.54999923706055
63554.79344697894,35.54999923706055
63554.859841745165,35.54999923706055
63554.92623651138,35.59299850463867
63554.99263127761,35.57600021362305
63555.059026043826,35.57600021362305
63555.12542081005,35.78099822998047
63555.191815576276,35.65700149536133
63555.258210342494,35.65700149536133
63555.32460510872,35.65700149536133
63555.39099987494,35.60300064086914
63555.45739464116,35.60300064086914
63555.52378940738,35.54499816894531
63555.590184173605,35.625999450683594
63555.65657893983,35.625999450683594
63555.72297370605,35.625999450683594
63555.78936847227,35.625999450683594
63555.85576323849,35.69599914550781
63555.922158004716,35.65599822998047
63555.988552770934,35.65599822998047
63556.05494753716,35.60300064086914
63556.12134230338,35.60300064086914
63556.1877370696,35.60300064086914
63556.25413183583,35.58000183105469
63556.320526602045,35.4640007019043
63556.38692136827,35.4640007019043
63556.45331613449,35.4640007019043
63556.51971090071,35.52000045776367
63556.58610566693,35.52000045776367
63556.652500433156,35.52000045776367
63556.71889519938,35.54399871826172
63556.7852899656,35.59000015258789
63556.851684731824,35.59000015258789
63556.91807949804,35.57400131225586
63556.98447426427,35.57400131225586
63557.050869030485,35.57400131225586
63557.11726379671,35.638999938964844
63557.183658562935,35.595001220703125
63557.25005332915,35.595001220703125
63557.31644809538,35.64799880981445
63557.382842861596,35.64799880981445
63557.44923762782,35.64799880981445
63557.51563239404,35.5989990234375
63557.582027160264,35.61399841308594
63557.64842192648,35.61399841308594
63557.71481669271,35.47800064086914
63557.78121145893,35.49100112915039
63557.84760622515,35.49100112915039
63557.914000991375,35.49100112915039
63557.98039575759,35.60200119018555
63558.04679052382,35.60200119018555
63558.113185290036,35.50899887084961
63558.17958005626,35.50899887084961
63558.24597482248,35.53900146484375
63558.312369588704,35.53900146484375
63558.37876435493,35.53900146484375
63558.44515912115,35.551998138427734
63558.51155388737,35.551998138427734
63558.57794865359,35.55799865722656
63558.644343419815,35.56100082397461
63558.71073818603,35.56100082397461
63558.77713295226,35.5620002746582
63558.84352771848,35.5620002746582
63558.9099224847,35.5620002746582
63558.97631725093,35.597999572753906
63559.042712017144,35.683998107910156
63559.10910678337,35.683998107910156
63559.17550154959,35.6150016784668
63559.24189631581,35.6150016784668
63559.30829108204,35.6150016784668
63559.374685848255,35.513999938964844
63559.44108061448,35.54199981689453
63559.5074753807,35.54199981689453
63559.57387014692,35.553001403808594
63559.64026491314,35.553001403808594
63559.70665967937,35.553001403808594
63559.773054445584,35.630001068115234
63559.83944921181,35.6619987487793
63559.905843978035,35.6619987487793
63559.97223874425,35.64099884033203
63560.03863351048,35.64099884033203
63560.105028276696,35.59700012207031
63560.17142304292,35.59700012207031
63560.23781780914,35.59700012207031
63560.30421257536,35.57699966430664
63560.37060734159,35.63999938964844
63560.43700210781,35.63999938964844
63560.50339687403,35.59600067138672
63560.56979164025,35.59600067138672
63560.636186406475,35.59600067138672
63560.70258117269,35.64799880981445
63560.76897593892,35.56399917602539
63560.835370705136,35.56399917602539
63560.90176547136,35.5989990234375
63560.968160237586,35.5989990234375
63561.034555003804,35.5989990234375
63561.10094977003,35.577999114990234
63561.16734453625,35.60499954223633
63561.23373930247,35.60499954223633
63561.30013406869,35.652000427246094
63561.366528834915,35.652000427246094
63561.43292360114,35.652000427246094
63561.49931836736,35.672000885009766
63561.56571313358,35.61000061035156
63561.6321078998,35.61000061035156
63561.698502666026,35.65399932861328
63561.764897432244,35.65399932861328
63561.83129219847,35.65399932861328
63561.89768696469,35.70800018310547
63561.96408173091,35.6609992980957
63562.03047649714,35.6609992980957
63562.096871263355,35.60499954223633
63562.16326602958,35.5099983215332
63562.2296607958,35.5099983215332
63562.29605556202,35.5099983215332
63562.36245032824,35.5099983215332
63562.428845094466,35.540000915527344
63562.49523986069,35.5880012512207
63562.56163462691,35.5880012512207
63562.628029393134,35.60900115966797
63562.69442415935,35.60900115966797
63562.76081892558,35.60900115966797
63562.827213691795,35.58300018310547
63562.89360845802,35.7130012512207
63562.96000322424,35.7130012512207
63563.02639799046,35.62799835205078
63563.09279275669,35.62799835205078
63563.159187522906,35.62799835205078
63563.22558228913,35.6619987487793
63563.29197705535,35.64099884033203
63563.358371821574,35.64099884033203
63563.42476658779,35.63199996948242
63563.49116135402,35.63199996948242
63563.55755612024,35.59299850463867
63563.62395088646,35.59299850463867
63563.690345652685,35.59299850463867
63563.7567404189,35.57500076293945
63563.82313518513,35.604000091552734
63563.889529951346,35.604000091552734
63563.95592471757,35.58000183105469
63564.02231948379,35.60599899291992
63564.088714250014,35.60599899291992
63564.15510901624,35.60599899291992
63564.22150378246,35.54600143432617
63564.28789854868,35.54600143432617
63564.3542933149,35.625999450683594
63564.420688081125,35.6609992980957
63564.48708284734,35.6609992980957
63564.55347761357,35.6609992980957
63564.61987237979,35.6609992980957
63564.68626714601,35.67599868774414
63564.75266191224,35.64699935913086
63564.819056678454,35.64699935913086
63564.88545144468,35.66999816894531
63564.9518462109,35.66999816894531
63565.01824097712,35.66999816894531
63565.08463574335,35.60900115966797
63565.151030509565,35.68899917602539
63565.21742527579,35.68899917602539
63565.28382004201,35.6879997253418
63565.35021480823,35.6879997253418
63565.41660957445,35.6879997253418
63565.48300434068,35.6879997253418
63565.549399106894,35.617000579833984
63565.61579387312,35.617000579833984
63565.682188639345,35.62099838256836
63565.74858340556,35.62099838256836
63565.81497817179,35.62099838256836
63565.881372938005,35.5880012512207
63565.94776770423,35.53799819946289
63566.01416247045,35.53799819946289
63566.08055723667,35.58700180053711
63566.14695200289,35.58700180053711
63566.21334676912,35.58700180053711
63566.27974153534,35.573001861572266
63566.34613630156,35.63800048828125
63566.412531067785,35.63800048828125
63566.478925834,35.595001220703125
63566.54532060023,35.57699966430664
63566.611715366445,35.57699966430664
63566.67811013267,35.57699966430664
63566.744504898896,35.569000244140625
63566.81089966511,35.569000244140625
63566.87729443134,35.60100173950195
63566.94368919756,35.60100173950195
63567.01008396378,35.57899856567383
63567.07647873,35.57899856567383
63567.142873496225,35.57899856567383
63567.20926826245,35.60499954223633
63567.27566302867,35.54499816894531
63567.34205779489,35.54499816894531
63567.40845256111,35.55500030517578
63567.474847327336,35.55500030517578
63567.54124209355,35.55500030517578
63567.60763685978,35.52399826049805
63567.674031626,35.58100128173828
63567.74042639222,35.58100128173828
63567.80682115845,35.60599899291992
63567.873215924665,35.60599899291992
63567.93961069089,35.60599899291992
63568.00600545711,35.652000427246094
63568.07240022333,35.672000885009766
63568.13879498955,35.672000885009766
63568.205189755776,35.680999755859375
63568.271584522,35.680999755859375
63568.33797928822,35.680999755859375
63568.404374054444,35.61399841308594
63568.47076882066,35.584999084472656
63568.53716358689,35.584999084472656
63568.603558353105,35.678001403808594
63568.66995311933,35.678001403808594
63568.73634788555,35.64799880981445
63568.80274265177,35.599998474121094
63568.869137418,35.599998474121094
63568.935532184216,35.599998474121094
63569.00192695044,35.64899826049805
63569.06832171666,35.64899826049805
63569.134716482884,35.67100143432617
63569.2011112491,35.67100143432617
63569.26750601533,35.715999603271484
63569.33390078155,35.715999603271484
63569.40029554777,35.715999603271484
63569.466690313995,35.52199935913086
63569.53308508021,35.61600112915039
63569.59947984644,35.61600112915039
63569.665874612656,35.69200134277344
63569.73226937888,35.69200134277344
63569.7986641451,35.69200134277344
63569.865058911324,35.724998474121094
63569.93145367755,35.59700012207031
63569.99784844377,35.59700012207031
63570.06424320999,35.577999114990234
63570.13063797621,35.577999114990234
63570.197032742435,35.577999114990234
63570.26342750865,35.49800109863281
63570.32982227488,35.56999969482422
63570.3962170411,35.56999969482422
63570.46261180732,35.56999969482422
63570.529006573546,35.60100173950195
63570.595401339764,35.60100173950195
63570.66179610599,35.60100173950195
63570.72819087221,35.57899856567383
63570.79458563843,35.60499954223633
63570.86098040465,35.60499954223633
63570.927375170875,35.54600143432617
63570.9937699371,35.625999450683594
63571.06016470332,35.625999450683594
63571.12655946954,35.625999450683594
63571.19295423576,35.6609992980957
63571.259349001986,35.6609992980957
63571.325743768204,35.67599868774414
63571.39213853443,35.64699935913086
63571.458533300654,35.64699935913086
63571.52492806687,35.64699935913086
63571.5913228331,35.64699935913086
63571.657717599315,35.66999816894531
63571.72411236554,35.71500015258789
63571.79050713176,35.71500015258789
63571.85690189798,35.62900161743164
63571.9232966642,35.62900161743164
63571.989691430426,35.62900161743164
63572.05608619665,35.733001708984375
63572.12248096287,35.63600158691406
63572.188875729094,35.63600158691406
63572.25527049531,35.558998107910156
63572.32166526154,35.558998107910156
63572.388060027755,35.558998107910156
63572.45445479398,35.63199996948242
63572.520849560206,35.59299850463867
63572.58724432642,35.59299850463867
63572.65363909265,35.611000061035156
63572.72003385887,35.611000061035156
63572.78642862509,35.611000061035156
63572.85282339131,35.54800033569336
63572.919218157534,35.66299819946289
63572.98561292376,35.66299819946289
63573.05200768998,35.60599899291992
63573.1184024562,35.58100128173828
63573.18479722242,35.58100128173828
63573.251191988646,35.58100128173828
63573.31758675486,35.58100128173828
63573.38398152109,35.53499984741211
63573.45037628731,35.53499984741211
63573.51677105353,35.53499984741211
63573.58316581976,35.58599853515625
63573.649560585975,35.58599853515625
63573.7159553522,35.67900085449219
63573.78235011842,35.67900085449219
63573.84874488464,35.67900085449219
63573.91513965086,35.683998107910156
63573.981534417086,35.683998107910156
63574.04792918331,35.68600082397461
63574.11432394953,35.61600112915039
63574.180718715754,35.61600112915039
63574.24711348197,35.54999923706055
63574.3135082482,35.54999923706055
63574.379903014415,35.54999923706055
63574.44629778064,35.59299850463867
63574.51269254686,35.611000061035156
63574.57908731308,35.611000061035156
63574.64548207931,35.65399932861328
63574.711876845526,35.65399932861328
63574.77827161175,35.65399932861328
63574.84466637797,35.70899963378906
63574.911061144194,35.625999450683594
63574.97745591041,35.625999450683594
63575.04385067664,35.69599914550781
63575.11024544286,35.69599914550781
63575.17664020908,35.69599914550781
63575.243034975305,35.691001892089844
63575.30942974152,35.61800003051758
63575.37582450775,35.61800003051758
63575.442219273966,35.65800094604492
63575.50861404019,35.65800094604492
63575.57500880641,35.65800094604492
63575.641403572634,35.709999084472656
63575.70779833886,35.6619987487793
63575.77419310508,35.6619987487793
63575.8405878713,35.67599868774414
63575.90698263752,35.64699935913086
63575.973377403745,35.64699935913086
63576.03977216996,35.64699935913086
63576.10616693619,35.64699935913086
63576.17256170241,35.56399917602539
63576.23895646863,35.66899871826172
63576.305351234856,35.66899871826172
63576.371746001074,35.573001861572266
63576.4381407673,35.573001861572266
63576.50453553352,35.573001861572266
63576.57093029974,35.70899963378906
63576.63732506596,35.731998443603516
63576.703719832185,35.731998443603516
63576.77011459841,35.67100143432617
63576.83650936463,35.67100143432617
63576.90290413085,35.67100143432617
63576.96929889707,35.680999755859375
63577.035693663296,35.61399841308594
63577.102088429514,35.61399841308594
63577.16848319574,35.65599822998047
63577.234877961964,35.65599822998047
63577.30127272818,35.65599822998047
63577.36766749441,35.60300064086914
63577.434062260625,35.68600082397461
63577.50045702685,35.68600082397461
63577.56685179307,35.61600112915039
63577.63324655929,35.61600112915039
63577.69964132551,35.61600112915039
63577.766036091736,35.72800064086914
63577.83243085796,35.70500183105469
63577.89882562418,35.70500183105469
63577.965220390404,35.69499969482422
63578.03161515662,35.619998931884766
63578.09800992285,35.619998931884766
63578.164404689065,35.619998931884766
63578.23079945529,35.58700180053711
63578.297194221515,35.58700180053711
63578.36358898773,35.68000030517578
63578.42998375396,35.68000030517578
63578.496378520176,35.683998107910156
63578.5627732864,35.683998107910156
63578.62916805262,35.683998107910156
63578.695562818844,35.6510009765625
63578.76195758506,35.672000885009766
63578.82835235129,35.672000885009766
63578.89474711751,35.57400131225586
63578.96114188373,35.57400131225586
63579.027536649955,35.53200149536133
63579.09393141617,35.53200149536133
63579.1603261824,35.53200149536133
63579.226720948616,35.54899978637695
63579.29311571484,35.62799835205078
63579.35951048107,35.62799835205078
63579.425905247284,35.590999603271484
63579.49230001351,35.590999603271484
63579.55869477973,35.590999603271484
63579.62508954595,35.57500076293945
63579.69148431217,35.638999938964844
63579.757879078395,35.638999938964844
63579.82427384461,35.63100051879883
63579.89066861084,35.59199905395508
63579.95706337706,35.59199905395508
63580.02345814328,35.59199905395508
63580.08985290951,35.57500076293945
63580.156247675724,35.57500076293945
63580.22264244195,35.638999938964844
63580.28903720817,35.638999938964844
63580.35543197439,35.66600036621094
63580.42182674062,35.66600036621094
63580.488221506836,35.66600036621094
63580.55461627306,35.678001403808594
63580.62101103928,35.64799880981445
63580.687405805504,35.64799880981445
63580.75380057172,35.66999816894531
63580.82019533795,35.66999816894531
63580.88659010417,35.66999816894531
63580.95298487039,35.68000030517578
63581.019379636615,35.577999114990234
63581.08577440283,35.577999114990234
63581.15216916906,35.60499954223633
63581.218563935276,35.60499954223633
63581.2849587015,35.60499954223633
63581.35135346772,35.652000427246094
63581.417748233944,35.707000732421875
63581.48414300017,35.707000732421875
63581.55053776639,35.69599914550781
63581.61693253261,35.69599914550781
63581.68332729883,35.69599914550781
63581.749722065055,35.691001892089844
63581.81611683127,35.724998474121094
63581.8825115975,35.724998474121094
63581.94890636372,35.73899841308594
63582.01530112994,35.78099822998047
63582.081695896166,35.78099822998047
63582.148090662384,35.78099822998047
63582.21448542861,35.76300048828125
63582.28088019483,35.76300048828125
63582.34727496105,35.685001373291016
63582.41366972727,35.685001373291016
63582.480064493495,35.54499816894531
63582.54645925972,35.54499816894531
63582.61285402594,35.54499816894531
63582.67924879216,35.625999450683594
63582.74564355838,35.69599914550781
63582.812038324606,35.69599914550781
63582.878433090824,35.584999084472656
63582.94482785705,35.584999084472656
63583.011222623274,35.584999084472656
63583.07761738949,35.643001556396484
63583.14401215572,35.667999267578125
63583.210406921935,35.667999267578125
63583.27680168816,35.67900085449219
63583.34319645438,35.67900085449219
63583.4095912206,35.67900085449219
63583.47598598682,35.612998962402344
63583.542380753046,35.654998779296875
63583.60877551927,35.654998779296875
63583.67517028549,35.74399948120117
63583.741565051714,35.74399948120117
63583.80795981793,35.74399948120117
63583.87435458416,35.676998138427734
63583.940749350375,35.68299865722656
63584.0071441166,35.68299865722656
63584.073538882825,35.685001373291016
63584.13993364904,35.685001373291016
63584.20632841527,35.6870002746582
63584.272723181486,35.6870002746582
63584.33911794771,35.6870002746582
63584.40551271393,35.722999572753906
63584.471907480154,35.66699981689453
63584.53830224637,35.66699981689453
63584.6046970126,35.7140007019043
63584.67109177882,35.62799835205078
63584.73748654504,35.62799835205078
63584.803881311265,35.62799835205078
63584.87027607748,35.696998596191406
63584.93667084371,35.696998596191406
63585.003065609926,35.69200134277344
63585.06946037615,35.69200134277344
63585.13585514238,35.68899917602539
63585.202249908594,35.68899917602539
63585.26864467482,35.68899917602539
63585.33503944104,35.65299987792969
63585.40143420726,35.77899932861328
63585.46782897348,35.77899932861328
63585.534223739705,35.79800033569336
63585.60061850592,35.79800033569336
63585.66701327215,35.79800033569336
63585.73340803837,35.70000076293945
63585.79980280459,35.69300079345703
63585.86619757082,35.69300079345703
63585.932592337034,35.724998474121094
63585.99898710326,35.724998474121094
63586.06538186948,35.724998474121094
63586.1317766357,35.667999267578125
63586.19817140193,35.67900085449219
63586.264566168145,35.67900085449219
63586.33096093437,35.612998962402344
63586.39735570059,35.612998962402344
63586.46375046681,35.612998962402344
63586.53014523303,35.619998931884766
63586.59653999926,35.729000091552734
63586.662934765474,35.729000091552734
63586.7293295317,35.70600128173828
63586.795724297925,35.70600128173828
63586.86211906414,35.70600128173828
63586.92851383037,35.5890007019043
63586.994908596585,35.68000030517578
63587.06130336281,35.68000030517578
63587.12769812903,35.612998962402344
63587.19409289525,35.619998931884766
63587.26048766148,35.619998931884766
63587.3268824277,35.619998931884766
63587.39327719392,35.619998931884766
63587.45967196014,35.551998138427734
63587.526066726365,35.66400146484375
63587.59246149258,35.66400146484375
63587.65885625881,35.676998138427734
63587.725251025025,35.676998138427734
63587.79164579125,35.676998138427734
63587.858040557476,35.64799880981445
63587.92443532369,35.70600128173828
63587.99083008992,35.70600128173828
63588.05722485614,35.69499969482422
63588.12361962236,35.69499969482422
63588.19001438858,35.69499969482422
63588.256409154805,35.619998931884766
63588.32280392103,35.62300109863281
63588.38919868725,35.62300109863281
63588.45559345347,35.65999984741211
63588.52198821969,35.65999984741211
63588.588382985916,35.65999984741211
63588.654777752134,35.67499923706055
63588.72117251836,35.68199920654297
63588.787567284584,35.68199920654297
63588.8539620508,35.685001373291016
63588.92035681703,35.6870002746582
63588.986751583245,35.6870002746582
63589.05314634947,35.6870002746582
63589.11954111569,35.6870002746582
63589.18593588191,35.61600112915039
63589.25233064813,35.61600112915039
63589.318725414356,35.72800064086914
63589.38512018058,35.84700012207031
63589.4515149468,35.84700012207031
63589.517909713024,35.72100067138672
63589.58430447924,35.72100067138672
63589.65069924547,35.72100067138672
63589.717094011685,35.70199966430664
63589.78348877791,35.551998138427734
63589.849883544135,35.551998138427734
63589.91627831035,35.62900161743164
63589.98267307658,35.62900161743164
63590.049067842796,35.62900161743164
63590.11546260902,35.733001708984375
63590.18185737524,35.60100173950195
63590.248252141464,35.60100173950195
63590.31464690768,35.650001525878906
63590.38104167391,35.650001525878906
63590.44743644013,35.650001525878906
63590.51383120635,35.599998474121094
63590.580225972575,35.542999267578125
63590.64662073879,35.542999267578125
63590.71301550502,35.51900100708008
63590.779410271236,35.51900100708008
63590.84580503746,35.51900100708008
63590.912199803686,35.685001373291016
63590.978594569904,35.61600112915039
63591.04498933613,35.61600112915039
63591.11138410235,35.51499938964844
63591.17777886857,35.612998962402344
63591.24417363479,35.612998962402344
63591.310568401015,35.612998962402344
63591.37696316723,35.612998962402344
63591.44335793346,35.691001892089844
63591.50975269968,35.68899917602539
63591.5761474659,35.68899917602539
63591.642542232126,35.65299987792969
63591.708936998344,35.65299987792969
63591.77533176457,35.65299987792969
63591.84172653079,35.672000885009766
63591.90812129701,35.680999755859375
63591.97451606324,35.680999755859375
63592.040910829455,35.720001220703125
63592.10730559568,35.720001220703125
63592.1737003619,35.720001220703125
63592.24009512812,35.73699951171875
63592.30648989434,35.63800048828125
63592.372884660566,35.63800048828125
63592.439279426784,35.595001220703125
63592.50567419301,35.595001220703125
63592.572068959234,35.595001220703125
63592.63846372545,35.61199951171875
63592.70485849168,35.72600173950195
63592.771253257895,35.72600173950195
63592.83764802412,35.7400016784668
63592.90404279034,35.709999084472656
63592.97043755656,35.709999084472656
63593.03683232279,35.709999084472656
63593.10322708901,35.625999450683594
63593.16962185523,35.625999450683594
63593.23601662145,35.625999450683594
63593.302411387675,35.59000015258789
63593.36880615389,35.59000015258789
63593.43520092012,35.59000015258789
63593.501595686335,35.59000015258789
63593.56799045256,35.57400131225586
63593.634385218786,35.56800079345703
63593.700779985,35.56800079345703
63593.76717475123,35.599998474121094
63593.83356951745,35.599998474121094
63593.89996428367,35.599998474121094
63593.96635904989,35.650001525878906
63594.032753816115,35.599998474121094
63594.09914858234,35.599998474121094
63594.16554334856,35.650001525878906
63594.23193811478,35.650001525878906
63594.298332881,35.63600158691406
63594.364727647226,35.63600158691406
63594.43112241344,35.63600158691406
63594.49751717967,35.736000061035156
63594.563911945894,35.74399948120117
63594.63030671211,35.74399948120117
63594.69670147834,35.67599868774414
63594.763096244555,35.67599868774414
63594.82949101078,35.67599868774414
63594.895885777,35.61199951171875
63594.96228054322,35.61899948120117
63595.02867530944,35.61899948120117
63595.095070075666,35.65800094604492
63595.16146484189,35.65800094604492
63595.22785960811,35.65800094604492
63595.294254374334,35.638999938964844
63595.36064914055,35.66699981689453
63595.42704390678,35.66699981689453
63595.493438672995,35.608001708984375
63595.55983343922,35.65299987792969
63595.62622820544,35.65299987792969
63595.69262297166,35.65299987792969
63595.75901773789,35.637001037597656
63595.825412504106,35.637001037597656
63595.89180727033,35.595001220703125
63595.95820203655,35.595001220703125
63596.024596802774,35.64699935913086
63596.09099156899,35.64699935913086
63596.15738633522,35.64699935913086
63596.22378110144,35.66999816894531
63596.29017586766,35.68000030517578
63596.356570633885,35.68000030517578
63596.4229654001,35.683998107910156
63596.48936016633,35.683998107910156
63596.555754932546,35.683998107910156
63596.62214969877,35.75699996948242
63596.688544464996,35.68199920654297
63596.754939231214,35.68199920654297
63596.82133399744,35.685001373291016
63596.88772876366,35.685001373291016
63596.95412352988,35.685001373291016
63597.0205182961,35.68600082397461
63597.086913062325,35.58100128173828
63597.15330782854,35.58100128173828
63597.21970259477,35.60599899291992
63597.28609736099,35.60599899291992
63597.35249212721,35.60599899291992
63597.418886893436,35.58100128173828
63597.485281659654,35.60599899291992
63597.55167642588,35.60599899291992
63597.6180711921,35.6879997253418
63597.68446595832,35.6879997253418
63597.75086072455,35.6879997253418
63597.817255490765,35.6879997253418
63597.88365025699,35.617000579833984
63597.95004502321,35.617000579833984
63598.01643978943,35.65700149536133
63598.08283455565,35.67399978637695
63598.149229321876,35.67399978637695
63598.215624088094,35.67399978637695
63598.28201885432,35.645999908447266
63598.348413620544,35.645999908447266
63598.41480838676,35.63399887084961
63598.48120315299,35.63399887084961
63598.547597919205,35.70000076293945
63598.61399268543,35.70000076293945
63598.68038745165,35.70000076293945
63598.74678221787,35.62200164794922
63598.8131769841,35.659000396728516
63598.879571750316,35.659000396728516
63598.94596651654,35.67499923706055
63599.01236128276,35.67499923706055
63599.078756048984,35.67499923706055
63599.1451508152,35.64699935913086
63599.21154558143,35.74100112915039
63599.277940347645,35.74100112915039
63599.34433511387,35.63999938964844
63599.410729880095,35.63999938964844
63599.47712464631,35.59600067138672
63599.54351941254,35.59600067138672
63599.609914178756,35.59600067138672
63599.67630894498,35.54100036621094
63599.7427037112,35.65999984741211
63599.809098477424,35.65999984741211
63599.87549324365,35.67599868774414
63599.94188800987,35.611000061035156
63600.00828277609,35.611000061035156
63600.07467754231,35.611000061035156
63600.141072308536,35.58399963378906
63600.20746707475,35.58399963378906
63600.27386184098,35.606998443603516
63600.340256607196,35.606998443603516
63600.40665137342,35.65299987792969
63600.47304613965,35.65299987792969
63600.539440905864,35.65299987792969
63600.60583567209,35.637001037597656
63600.67223043831,35.595001220703125
63600.73862520453,35.595001220703125
63600.80501997075,35.64699935913086
63600.871414736976,35.64699935913086
63600.9378095032,35.64699935913086
63601.00420426942,35.66999816894531
63601.070599035644,35.60900115966797
63601.13699380186,35.60900115966797
63601.20338856809,35.547000885009766
63601.269783334305,35.547000885009766
63601.33617810053,35.547000885009766
63601.40257286675,35.62699890136719
63601.46896763297,35.625999450683594
63601.5353623992,35.625999450683594
63601.601757165416,35.69599914550781
63601.66815193164,35.69599914550781
63601.73454669786,35.69599914550781
63601.800941464084,35.619998931884766
63601.8673362303,35.65800094604492
63601.93373099653,35.65800094604492
63602.00012576275,35.604000091552734
63602.06652052897,35.604000091552734
63602.132915295195,35.604000091552734
63602.19931006141,35.61600112915039
63602.26570482764,35.69200134277344
63602.332099593856,35.69200134277344
63602.39849436008,35.68899917602539
63602.464889126306,35.6879997253418
63602.531283892524,35.6879997253418
63602.59767865875,35.6879997253418
63602.66407342497,35.617000579833984
63602.73046819119,35.617000579833984
63602.79686295741,35.62200164794922
63602.863257723635,35.62200164794922
63602.92965248985,35.659000396728516
63602.99604725608,35.659000396728516
63603.0624420223,35.659000396728516
63603.12883678852,35.604000091552734
63603.195231554746,35.6510009765625
63603.261626320964,35.6510009765625
63603.32802108719,35.63600158691406
63603.39441585341,35.63600158691406
63603.46081061963,35.63600158691406
63603.52720538585,35.665000915527344
63603.593600152075,35.641998291015625
63603.6599949183,35.641998291015625
63603.72638968452,35.667999267578125
63603.79278445074,35.667999267578125
63603.85917921696,35.667999267578125
63603.925573983186,35.67900085449219
63603.991968749404,35.64799880981445
63604.05836351563,35.64799880981445
63604.124758281854,35.6349983215332
63604.19115304807,35.6349983215332
63604.2575478143,35.6349983215332
63604.323942580515,35.665000915527344
63604.39033734674,35.665000915527344
63604.45673211296,35.678001403808594
63604.52312687918,35.678001403808594
63604.58952164541,35.71900177001953
63604.655916411626,35.66600036621094
63604.72231117785,35.66600036621094
63604.78870594407,35.678001403808594
63604.855100710294,35.678001403808594
63604.92149547651,35.678001403808594
63604.98789024274,35.68299865722656
63605.054285008955,35.68600082397461
63605.12067977518,35.68600082397461
63605.187074541405,35.72200012207031
63605.25346930762,35.72200012207031
63605.31986407385,35.72200012207031
63605.386258840066,35.72200012207031
63605.45265360629,35.702999114990234
63605.51904837251,35.659000396728516
63605.585443138734,35.659000396728516
63605.65183790496,35.604000091552734
63605.71823267118,35.604000091552734
63605.7846274374,35.604000091552734
63605.85102220362,35.6870002746582
63605.917416969845,35.61600112915039
63605.98381173606,35.61600112915039
63606.05020650229,35.62099838256836
63606.116601268506,35.62099838256836
63606.18299603473,35.62099838256836
63606.24939080096,35.694000244140625
63606.315785567174,35.689998626708984
63606.3821803334,35.689998626708984
63606.44857509962,35.582000732421875
63606.51496986584,35.582000732421875
63606.58136463206,35.582000732421875
63606.647759398285,35.57099914550781
63606.71415416451,35.57099914550781
63606.78054893073,35.57099914550781
63606.84694369695,35.60200119018555
63606.91333846317,35.60200119018555
63606.9797332294,35.650001525878906
63607.046127995614,35.650001525878906
63607.11252276184,35.529998779296875
63607.17891752806,35.529998779296875
63607.24531229428,35.529998779296875
63607.31170706051,35.54800033569336
63607.378101826725,35.555999755859375
63607.44449659295,35.555999755859375
63607.51089135917,35.66600036621094
63607.57728612539,35.66600036621094
63607.64368089161,35.66600036621094
63607.71007565784,35.643001556396484
63607.77647042406,35.667999267578125
63607.84286519028,35.667999267578125
63607.909259956505,35.608001708984375
63607.97565472272,35.608001708984375
63608.04204948895,35.608001708984375
63608.108444255166,35.65299987792969
63608.17483902139,35.67300033569336
63608.24123378761,35.67300033569336
63608.30762855383,35.71699905395508
63608.37402332006,35.71699905395508
63608.44041808628,35.71699905395508
63608.5068128525,35.665000915527344
63608.57320761872,35.7130012512207
63608.639602384945,35.7130012512207
63608.70599715116,35.69900131225586
63608.77239191739,35.76300048828125
63608.83878668361,35.76300048828125
63608.90518144983,35.76300048828125
63608.971576216056,35.64899826049805
63609.037970982274,35.64899826049805
63609.1043657485,35.52899932861328
63609.17076051472,35.689998626708984
63609.23715528094,35.689998626708984
63609.30355004716,35.689998626708984
63609.369944813385,35.689998626708984
63609.43633957961,35.65299987792969
63609.50273434583,35.70800018310547
63609.56912911205,35.70800018310547
63609.63552387827,35.59000015258789
63609.701918644496,35.59000015258789
63609.768313410714,35.680999755859375
63609.83470817694,35.680999755859375
63609.901102943164,35.680999755859375
63609.96749770938,35.685001373291016
63610.03389247561,35.58000183105469
63610.100287241825,35.58000183105469
63610.16668200805,35.56999969482422
63610.23307677427,35.56999969482422
63610.29947154049,35.56999969482422
63610.36586630672,35.637001037597656
63610.432261072936,35.630001068115234
63610.49865583916,35.630001068115234
63610.56505060538,35.66299819946289
63610.631445371604,35.66299819946289
63610.69784013782,35.66299819946289
63610.76423490405,35.676998138427734
63610.830629670265,35.68299865722656
63610.89702443649,35.68299865722656
63610.963419202715,35.685001373291016
63611.02981396893,35.685001373291016
63611.09620873516,35.685001373291016
63611.162603501376,35.72200012207031
63611.2289982676,35.66699981689453
63611.29539303382,35.66699981689453
63611.361787800044,35.67900085449219
63611.42818256627,35.67900085449219
63611.49457733249,35.612998962402344
63611.56097209871,35.612998962402344
63611.62736686493,35.612998962402344
63611.693761631155,35.654998779296875
63611.76015639737,35.63800048828125
63611.8265511636,35.63800048828125
63611.892945929816,35.66600036621094
63611.95934069604,35.66600036621094
63612.025735462266,35.66600036621094
63612.092130228484,35.7140007019043
63612.15852499471,35.69900131225586
63612.22491976093,35.69900131225586
63612.29131452715,35.72800064086914
63612.35770929337,35.72800064086914
63612.424104059595,35.72800064086914
63612.49049882582,35.63399887084961
63612.55689359204,35.70000076293945
63612.62328835826,35.70000076293945
63612.68968312448,35.51599884033203
63612.75607789071,35.51599884033203
63612.822472656924,35.51599884033203
63612.88886742315,35.612998962402344
63612.95526218937,35.691001892089844
63613.02165695559,35.691001892089844
63613.08805172182,35.58300018310547
63613.154446488035,35.57099914550781
63613.22084125426,35.57099914550781
63613.28723602048,35.57099914550781
63613.3536307867,35.53099822998047
63613.42002555292,35.53099822998047
63613.48642031915,35.51300048828125
63613.55281508537,35.51300048828125
63613.61920985159,35.54100036621094
63613.685604617815,35.54100036621094
63613.75199938403,35.54100036621094
63613.81839415026,35.624000549316406
63613.884788916475,35.65999984741211
63613.9511836827,35.65999984741211
63614.01757844892,35.67599868774414
63614.08397321514,35.67599868774414
63614.15036798137,35.67599868774414
63614.21676274759,35.64699935913086
63614.28315751381,35.5989990234375
63614.34955228003,35.5989990234375
63614.415947046255,35.542999267578125
63614.48234181247,35.542999267578125
63614.5487365787,35.542999267578125
63614.61513134492,35.55400085449219
63614.68152611114,35.665000915527344
63614.747920877366,35.665000915527344
63614.81431564358,35.641998291015625
63614.88071040981,35.641998291015625
63614.94710517603,35.73899841308594
63615.01349994225,35.73899841308594
63615.07989470847,35.73899841308594
63615.146289474695,35.638999938964844
63615.21268424092,35.66600036621094
63615.27907900714,35.66600036621094
63615.34547377336,35.678001403808594
63615.41186853958,35.683998107910156
63615.478263305806,35.683998107910156
63615.54465807202,35.683998107910156
63615.61105283825,35.650001525878906
63615.677447604474,35.650001525878906
63615.74384237069,35.707000732421875
63615.81023713692,35.707000732421875
63615.876631903135,35.69599914550781
63615.94302666936,35.69599914550781
63616.00942143558,35.69599914550781
63616.0758162018,35.762001037597656
63616.14221096802,35.755001068115234
63616.208605734246,35.755001068115234
63616.27500050047,35.680999755859375
63616.34139526669,35.680999755859375
63616.407790032914,35.680999755859375
63616.47418479913,35.82699966430664
63616.54057956536,35.676998138427734
63616.606974331575,35.676998138427734
63616.6733690978,35.57600021362305
63616.739763864025,35.57600021362305
63616.80615863024,35.57600021362305
63616.87255339647,35.604000091552734
63616.938948162686,35.61600112915039
63617.00534292891,35.61600112915039
63617.07173769513,35.65700149536133
63617.138132461354,35.65700149536133
63617.20452722757,35.65700149536133
63617.2709219938,35.67399978637695
63617.33731676002,35.68199920654297
63617.40371152624,35.68199920654297
63617.470106292465,35.650001525878906
63617.53650105868,35.599998474121094
63617.60289582491,35.599998474121094
63617.669290591126,35.599998474121094
63617.73568535735,35.61399841308594
63617.802080123576,35.61399841308594
63617.868474889794,35.65599822998047
63617.93486965602,35.65599822998047
63618.00126442224,35.70899963378906
63618.06765918846,35.70899963378906
63618.13405395468,35.70899963378906
63618.200448720905,35.590999603271484
63618.26684348713,35.57500076293945
63618.33323825335,35.57500076293945
63618.39963301957,35.638999938964844
63618.46602778579,35.638999938964844
63618.532422552016,35.638999938964844
63618.598817318234,35.73699951171875
63618.66521208446,35.70899963378906
63618.73160685068,35.70899963378906
63618.7980016169,35.768001556396484
63618.86439638313,35.768001556396484
63618.930791149345,35.768001556396484
63618.99718591557,35.757999420166016
63619.06358068179,35.611000061035156
63619.12997544801,35.611000061035156
63619.19637021423,35.654998779296875
63619.262764980456,35.654998779296875
63619.32915974668,35.654998779296875
63619.3955545129,35.67300033569336
63619.461949279124,35.67300033569336
63619.52834404534,35.67300033569336
63619.59473881157,35.78799819946289
63619.661133577785,35.78799819946289
63619.72752834401,35.65999984741211
63619.79392311023,35.63999938964844
63619.86031787645,35.63999938964844
63619.92671264268,35.63999938964844
63619.993107408896,35.63999938964844
63620.05950217512,35.66699981689453
63620.12589694134,35.643001556396484
63620.192291707564,35.643001556396484
63620.25868647378,35.59700012207031
63620.32508124001,35.59700012207031
63620.39147600623,35.64899826049805
63620.45787077245,35.64899826049805
63620.524265538676,35.64899826049805
63620.59066030489,35.67100143432617
63620.65705507112,35.68000030517578
63620.72344983734,35.68000030517578
63620.78984460356,35.612998962402344
63620.85623936978,35.612998962402344
63620.922634136004,35.612998962402344
63620.98902890223,35.619998931884766
63621.05542366845,35.65800094604492
63621.12181843467,35.65800094604492
63621.18821320089,35.709999084472656
63621.254607967116,35.709999084472656
63621.32100273333,35.709999084472656
63621.38739749956,35.733001708984375
63621.453792265784,35.63600158691406
63621.520187032,35.63600158691406
63621.58658179823,35.736000061035156
63621.652976564445,35.736000061035156
63621.71937133067,35.736000061035156
63621.78576609689,35.74399948120117
63621.85216086311,35.676998138427734
63621.91855562933,35.676998138427734
63621.984950395556,35.68299865722656
63622.05134516178,35.68299865722656
63622.117739928,35.68299865722656
63622.184134694224,35.72100067138672
63622.25052946044,35.70199966430664
63622.31692422667,35.70199966430664
63622.383318992885,35.729000091552734
63622.44971375911,35.729000091552734
63622.516108525335,35.6349983215332
63622.58250329155,35.6349983215332
63622.64889805778,35.6349983215332
63622.715292823996,35.70000076293945
63622.78168759022,35.79899978637695
63622.84808235644,35.79899978637695
63622.914477122664,35.70000076293945
63622.98087188888,35.70000076293945
63623.04726665511,35.70000076293945
63623.11366142133,35.729000091552734
63623.18005618755,35.5989990234375
63623.246450953775,35.5989990234375
63623.31284571999,35.64899826049805
63623.37924048622,35.64899826049805
63623.445635252436,35.64899826049805
63623.51203001866,35.599998474121094
63623.578424784886,35.57899856567383
63623.644819551104,35.57899856567383
63623.71121431733,35.67599868774414
63623.77760908355,35.67599868774414
63623.84400384977,35.67599868774414
63623.91039861599,35.68199920654297
63623.976793382215,35.685001373291016
63624.04318814843,35.685001373291016
63624.10958291466,35.58000183105469
63624.17597768088,35.676998138427734
63624.2423724471,35.676998138427734
63624.308767213326,35.676998138427734
63624.375161979544,35.68299865722656
63624.44155674577,35.68299865722656
63624.50795151199,35.685001373291016
63624.57434627821,35.685001373291016
63624.64074104444,35.61600112915039
63624.707135810655,35.61600112915039
63624.77353057688,35.61600112915039
63624.8399253431,35.62099838256836
63624.90632010932,35.659000396728516
63624.97271487554,35.659000396728516
63625.039109641766,35.67499923706055
63625.105504407984,35.67499923706055
63625.17189917421,35.68199920654297
63625.238293940434,35.68199920654297
63625.30468870665,35.68199920654297
63625.37108347288,35.650001525878906
63625.437478239095,35.599998474121094
63625.50387300532,35.599998474121094
63625.57026777154,35.685001373291016
63625.63666253776,35.685001373291016
63625.70305730399,35.685001373291016
63625.769452070206,35.75699996948242
63625.83584683643,35.611000061035156
63625.90224160265,35.611000061035156
63625.968636368874,35.61899948120117
63626.03503113509,35.61899948120117
63626.10142590132,35.61899948120117
63626.16782066754,35.69300079345703
63626.23421543376,35.689998626708984
63626.300610199985,35.689998626708984
63626.3670049662,35.7239990234375
63626.43339973243,35.7239990234375
63626.499794498646,35.7239990234375
63626.56618926487,35.59700012207031
63626.63258403109,35.71900177001953
63626.698978797314,35.71900177001953
63626.76537356354,35.70100021362305
63626.83176832976,35.65800094604492
63626.89816309598,35.65800094604492
63626.9645578622,35.65800094604492
63627.030952628425,35.65800094604492
63627.09734739464,35.67499923706055
63627.16374216087,35.68199920654297
63627.23013692709,35.68199920654297
63627.29653169331,35.650001525878906
63627.36292645954,35.650001525878906
63627.429321225754,35.650001525878906
63627.49571599198,35.67100143432617
63627.5621107582,35.64500045776367
63627.62850552442,35.64500045776367
63627.69490029064,35.66899871826172
63627.761295056865,35.66899871826172
63627.82768982309,35.66899871826172
63627.89408458931,35.71500015258789
63627.96047935553,35.73500061035156
63628.02687412175,35.73500061035156
63628.09326888798,35.74300003051758
63628.159663654194,35.74300003051758
63628.22605842042,35.74300003051758
63628.292453186645,35.71200180053711
63628.35884795286,35.698001861572266
63628.42524271909,35.698001861572266
63628.491637485306,35.72700119018555
63628.55803225153,35.72700119018555
63628.62442701775,35.72700119018555
63628.690821783974,35.84700012207031
63628.75721655019,35.75600051879883
63628.82361131642,35.75600051879883
63628.89000608264,35.71699905395508
63628.95640084886,35.70000076293945
63629.022795615085,35.70000076293945
63629.0891903813,35.70000076293945
63629.15558514753,35.62200164794922
63629.221979913746,35.62200164794922
63629.28837467997,35.659000396728516
63629.354769446196,35.71099853515625
63629.421164212414,35.71099853515625
63629.48755897864,35.71099853515625
63629.55395374486,35.71099853515625
63629.62034851108,35.698001861572266
63629.6867432773,35.72700119018555
63629.753138043525,35.72700119018555
63629.81953280974,35.70500183105469
63629.88592757597,35.70500183105469
63629.95232234219,35.70500183105469
63630.01871710841,35.659000396728516
63630.085111874636,35.63999938964844
63630.151506640854,35.63999938964844
63630.21790140708,35.66699981689453
63630.2842961733,35.66699981689453
63630.35069093952,35.7140007019043
63630.41708570575,35.7140007019043
63630.483480471965,35.7140007019043
63630.54987523819,35.66400146484375
63630.61627000441,35.60599899291992
63630.68266477063,35.60599899291992
63630.74905953685,35.722999572753906
63630.815454303076,35.722999572753906
63630.881849069294,35.722999572753906
63630.94824383552,35.702999114990234
63631.014638601744,35.76499938964844
63631.08103336796,35.76499938964844
63631.14742813419,35.68600082397461
63631.213822900405,35.61600112915039
63631.28021766663,35.61600112915039
63631.34661243285,35.61600112915039
63631.41300719907,35.65599822998047
63631.4794019653,35.65599822998047
63631.545796731516,35.638999938964844
63631.61219149774,35.638999938964844
63631.67858626396,35.70199966430664
63631.744981030184,35.70199966430664
63631.8113757964,35.70199966430664
63631.87777056263,35.70199966430664
63631.94416532885,35.62300109863281
63632.01056009507,35.72999954223633
63632.076954861295,35.72999954223633
63632.14334962751,35.70600128173828
63632.20974439374,35.70600128173828
63632.276139159956,35.70600128173828
63632.34253392618,35.801998138427734
63632.4089286924,35.66600036621094
63632.475323458624,35.66600036621094
63632.54171822485,35.678001403808594
63632.60811299107,35.678001403808594
63632.67450775729,35.678001403808594
63632.74090252351,35.75400161743164
63632.807297289735,35.645999908447266
63632.87369205595,35.645999908447266
63632.94008682218,35.63399887084961
63633.006481588396,35.63399887084961
63633.07287635462,35.63399887084961
63633.13927112085,35.70000076293945
63633.205665887064,35.62200164794922
63633.27206065329,35.62200164794922
63633.33845541951,35.659000396728516
63633.40485018573,35.67499923706055
63633.47124495195,35.67499923706055
63633.537639718175,35.67499923706055
63633.6040344844,35.611000061035156
63633.67042925062,35.611000061035156
63633.73682401684,35.54800033569336
63633.80321878306,35.54800033569336
63633.86961354929,35.698001861572266
63633.936008315504,35.698001861572266
63634.00240308173,35.698001861572266
63634.068797847955,35.79800033569336
63634.13519261417,35.70000076293945
63634.2015873804,35.70000076293945
63634.267982146615,35.65700149536133
63634.33437691284,35.65700149536133
63634.40077167906,35.65700149536133
63634.46716644528,35.744998931884766
63634.5335612115,35.744998931884766
63634.59995597773,35.744998931884766
63634.66635074395,35.676998138427734
63634.73274551017,35.676998138427734
63634.799140276395,35.61199951171875
63634.86553504261,35.61199951171875
63634.93192980884,35.61199951171875
63634.998324575055,35.654998779296875
63635.06471934128,35.67300033569336
63635.131114107506,35.67300033569336
63635.19750887372,35.645999908447266
63635.26390363995,35.645999908447266
63635.33029840617,35.645999908447266
63635.39669317239,35.66999816894531
63635.46308793861,35.66999816894531
63635.529482704835,35.7859992980957
63635.59587747105,35.76599884033203
63635.66227223728,35.76599884033203
63635.7286670035,35.650001525878906
63635.79506176972,35.67100143432617
63635.861456535946,35.67100143432617
63635.92785130216,35.67100143432617
63635.99424606839,35.67100143432617
63636.06064083461,35.64500045776367
63636.12703560083,35.70500183105469
63636.19343036706,35.70500183105469
63636.259825133275,35.69499969482422
63636.3262198995,35.69499969482422
63636.39261466572,35.69499969482422
63636.45900943194,35.619998931884766
63636.52540419816,35.694000244140625
63636.591798964386,35.694000244140625
63636.658193730604,35.689998626708984
63636.72458849683,35.689998626708984
63636.790983263054,35.689998626708984
63636.85737802927,35.582000732421875
63636.9237727955,35.641998291015625
63636.990167561715,35.641998291015625
63637.05656232794,35.667999267578125
63637.12295709416,35.667999267578125
63637.18935186038,35.667999267578125
63637.25574662661,35.67900085449219
63637.322141392826,35.64799880981445
63637.38853615905,35.64799880981445
63637.45493092527,35.67100143432617
63637.521325691494,35.715999603271484
63637.58772045771,35.715999603271484
63637.65411522394,35.715999603271484
63637.720509990155,35.70000076293945
63637.78690475638,35.70000076293945
63637.853299522605,35.62200164794922
63637.91969428882,35.62200164794922
63637.98608905505,35.69499969482422
63638.052483821266,35.69499969482422
63638.11887858749,35.69499969482422
63638.18527335371,35.691001892089844
63638.251668119934,35.68899917602539
63638.31806288616,35.68899917602539
63638.38445765238,35.79399871826172
63638.4508524186,35.79399871826172
63638.51724718482,35.79399871826172
63638.583641951045,35.698001861572266
63638.65003671726,35.65700149536133
63638.71643148349,35.65700149536133
63638.782826249706,35.709999084472656
63638.84922101593,35.709999084472656
63638.915615782156,35.709999084472656
63638.982010548374,35.733001708984375
63639.0484053146,35.63600158691406
63639.11480008082,35.63600158691406
63639.18119484704,35.70100021362305
63639.24758961326,35.70100021362305
63639.313984379485,35.70100021362305
63639.38037914571,35.729000091552734
63639.44677391193,35.74100112915039
63639.51316867815,35.74100112915039
63639.57956344437,35.67499923706055
63639.645958210596,35.68199920654297
63639.712352976814,35.68199920654297
63639.77874774304,35.68199920654297
63639.845142509264,35.72100067138672
63639.91153727548,35.72100067138672
63639.97793204171,35.73699951171875
63640.044326807925,35.73699951171875
63640.11072157415,35.63800048828125
63640.17711634037,35.63800048828125
63640.24351110659,35.63800048828125
63640.30990587281,35.595001220703125
63640.376300639036,35.61199951171875
63640.44269540526,35.61199951171875
63640.50909017148,35.654998779296875
63640.575484937704,35.654998779296875
63640.64187970392,35.67300033569336
63640.70827447015,35.67300033569336
63640.774669236365,35.67300033569336
63640.84106400259,35.680999755859375
63640.90745876881,35.685001373291016
63640.97385353503,35.685001373291016
63641.04024830126,35.68600082397461
63641.10664306748,35.68600082397461
63641.1730378337,35.68600082397461
63641.23943259992,35.652000427246094
63641.305827366145,35.74300003051758
63641.37222213236,35.74300003051758
63641.43861689859,35.71099853515625
63641.50501166481,35.6619987487793
63641.57140643103,35.6619987487793
63641.637801197256,35.6619987487793
63641.70419596347,35.71200180053711
63641.7705907297,35.71200180053711
63641.83698549592,35.698001861572266
63641.90338026214,35.698001861572266
63641.96977502837,35.69200134277344
63642.036169794585,35.69200134277344
63642.10256456081,35.69200134277344
63642.16895932703,35.61899948120117
63642.23535409325,35.69300079345703
63642.30174885947,35.69300079345703
63642.368143625696,35.689998626708984
63642.43453839191,35.689998626708984
63642.50093315814,35.689998626708984
63642.567327924364,35.7239990234375
63642.63372269058,35.667999267578125
63642.70011745681,35.667999267578125
63642.766512223025,35.7140007019043
63642.83290698925,35.7140007019043
63642.89930175547,35.7140007019043
63642.96569652169,35.77000045776367
63643.03209128792,35.6879997253418
63643.098486054136,35.6879997253418
63643.16488082036,35.6879997253418
63643.23127558658,35.6879997253418
63643.297670352804,35.6879997253418
63643.36406511902,35.79399871826172
63643.43045988525,35.66299819946289
63643.496854651465,35.66299819946289
63643.56324941769,35.53499984741211
63643.629644183915,35.62099838256836
63643.69603895013,35.62099838256836
63643.76243371636,35.62099838256836
63643.828828482576,35.553001403808594
63643.8952232488,35.553001403808594
63643.96161801502,35.62900161743164
63644.028012781244,35.62900161743164
63644.09440754747,35.698001861572266
63644.16080231369,35.698001861572266
63644.22719707991,35.698001861572266
63644.29359184613,35.65599822998047
63644.359986612355,35.60300064086914
63644.42638137857,35.60300064086914
63644.4927761448,35.61600112915039
63644.559170911016,35.61600112915039
63644.62556567724,35.61600112915039
63644.691960443466,35.69200134277344
63644.758355209684,35.68899917602539
63644.82474997591,35.68899917602539
63644.89114474213,35.65299987792969
63644.95753950835,35.65299987792969
63645.02393427457,35.65299987792969
63645.090329040795,35.60200119018555
63645.15672380702,35.6150016784668
63645.22311857324,35.6150016784668
63645.28951333946,35.65599822998047
63645.35590810568,35.65599822998047
63645.422302871906,35.65599822998047
63645.488697638124,35.67399978637695
63645.55509240435,35.57500076293945
63645.62148717057,35.57500076293945
63645.68788193679,35.67399978637695
63645.75427670302,35.67399978637695
63645.820671469235,35.611000061035156
63645.88706623546,35.54800033569336
63645.95346100168,35.54800033569336
63646.0198557679,35.54800033569336
63646.08625053412,35.698001861572266
63646.152645300346,35.698001861572266
63646.21904006657,35.69200134277344
63646.28543483279,35.69200134277344
63646.351829599014,35.68899917602539
63646.41822436523,35.68899917602539
63646.48461913146,35.68899917602539
63646.551013897675,35.75899887084961
63646.6174086639,35.68299865722656
63646.68380343012,35.68299865722656
63646.75019819634,35.68600082397461
63646.81659296257,35.68600082397461
63646.882987728786,35.68600082397461
63646.94938249501,35.58000183105469
63647.01577726123,35.676998138427734
63647.082172027454,35.676998138427734
63647.14856679367,35.71799850463867
63647.2149615599,35.71799850463867
63647.28135632612,35.71799850463867
63647.34775109234,35.70100021362305
63647.414145858565,35.62200164794922
63647.48054062478,35.62200164794922
63647.54693539101,35.72999954223633
63647.613330157226,35.72999954223633
63647.67972492345,35.72999954223633
63647.74611968968,35.70600128173828
63647.812514455894,35.69499969482422
63647.87890922212,35.69499969482422
63647.94530398834,35.619998931884766
63648.01169875456,35.694000244140625
63648.07809352078,35.694000244140625
63648.144488287006,35.694000244140625
63648.21088305322,35.694000244140625
63648.27727781945,35.654998779296875
63648.34367258567,35.67300033569336
63648.41006735189,35.67300033569336
63648.47646211812,35.71699905395508
63648.542856884334,35.71699905395508
63648.60925165056,35.71699905395508
63648.67564641678,35.736000061035156
63648.742041183,35.67300033569336
63648.80843594923,35.67300033569336
63648.874830715446,35.71699905395508
63648.94122548167,35.71699905395508
63649.00762024789,35.71699905395508
63649.074015014114,35.665000915527344
63649.14040978033,35.641998291015625
63649.20680454656,35.641998291015625
63649.273199312775,35.667999267578125
63649.339594079,35.667999267578125
63649.405988845225,35.667999267578125
63649.47238361144,35.608001708984375
63649.53877837767,35.61800003051758
63649.605173143886,35.61800003051758
63649.67156791011,35.62200164794922
63649.73796267633,35.62200164794922
63649.804357442554,35.62200164794922
63649.87075220878,35.69499969482422
63649.937146975,35.797000885009766
63650.00354174122,35.797000885009766
63650.06993650744,35.73500061035156
63650.136331273665,35.67300033569336
63650.20272603988,35.67300033569336
63650.26912080611,35.67300033569336
63650.335515572326,35.61000061035156
63650.40191033855,35.61000061035156
63650.468305104776,35.65399932861328
63650.534699870994,35.65399932861328
63650.60109463722,35.60200119018555
63650.66748940344,35.60200119018555
63650.73388416966,35.60200119018555
63650.80027893588,35.6510009765625
63650.866673702105,35.6510009765625
63650.93306846833,35.672000885009766
63650.99946323455,35.680999755859375
63651.06585800077,35.680999755859375
63651.13225276699,35.685001373291016
63651.198647533216,35.685001373291016
63651.265042299434,35.685001373291016
63651.33143706566,35.685001373291016
63651.39783183188,35.75699996948242
63651.4642265981,35.68199920654297
63651.53062136433,35.68199920654297
63651.597016130545,35.72100067138672
63651.66341089677,35.72100067138672
63651.72980566299,35.72100067138672
63651.79620042921,35.70199966430664
63651.86259519543,35.729000091552734
63651.928989961656,35.729000091552734
63651.99538472788,35.8120002746582
63652.0617794941,35.8120002746582
63652.128174260324,35.8120002746582
63652.19456902654,35.74100112915039
63652.26096379277,35.63999938964844
63652.327358558985,35.63999938964844
63652.39375332521,35.70199966430664
63652.46014809143,35.729000091552734
63652.52654285765,35.729000091552734
63652.59293762388,35.729000091552734
63652.659332390096,35.6349983215332
63652.72572715632,35.6349983215332
63652.79212192254,35.62900161743164
63652.858516688764,35.698001861572266
63652.92491145498,35.698001861572266
63652.99130622121,35.698001861572266
63653.05770098743,35.698001861572266
63653.12409575365,35.69200134277344
63653.190490519875,35.7599983215332
63653.25688528609,35.7599983215332
63653.32328005232,35.71900177001953
63653.389674818536,35.71900177001953
63653.45606958476,35.71900177001953
63653.52246435098,35.73699951171875
63653.588859117204,35.60200119018555
63653.65525388343,35.60200119018555
63653.72164864965,35.6510009765625
63653.78804341587,35.6510009765625
63653.85443818209,35.6510009765625
63653.920832948315,35.672000885009766
63653.98722771453,35.680999755859375
63654.05362248076,35.680999755859375
63654.12001724698,35.685001373291016
63654.1864120132,35.685001373291016
63654.25280677943,35.685001373291016
63654.319201545644,35.72200012207031
63654.38559631187,35.737998962402344
63654.45199107809,35.737998962402344
63654.51838584431,35.744998931884766
63654.58478061053,35.744998931884766
63654.651175376755,35.744998931884766
63654.71757014298,35.74800109863281
63654.7839649092,35.749000549316406
63654.85035967542,35.749000549316406
63654.91675444164,35.7140007019043
63654.98314920787,35.66400146484375
63655.049543974084,35.66400146484375
63655.11593874031,35.66400146484375
63655.182333506535,35.57099914550781
63655.24872827275,35.57099914550781
63655.31512303898,35.672000885009766
63655.381517805195,35.672000885009766
63655.44791257142,35.645999908447266
63655.51430733764,35.645999908447266
63655.58070210386,35.645999908447266
63655.64709687009,35.70500183105469
63655.71349163631,35.72999954223633
63655.77988640253,35.72999954223633
63655.84628116875,35.70600128173828
63655.912675934975,35.70600128173828
63655.97907070119,35.65999984741211
63656.04546546742,35.65999984741211
63656.111860233636,35.65999984741211
63656.17825499986,35.534000396728516
63656.244649766086,35.58599853515625
63656.311044532304,35.58599853515625
63656.37743929853,35.643001556396484
63656.44383406475,35.643001556396484
63656.51022883097,35.643001556396484
63656.57662359719,35.632999420166016
63656.643018363415,35.62799835205078
63656.70941312964,35.62799835205078
63656.77580789586,35.590999603271484
63656.84220266208,35.680999755859375
63656.9085974283,35.680999755859375
63656.974992194526,35.680999755859375
63657.041386960744,35.64899826049805
63657.10778172697,35.64899826049805
63657.17417649319,35.70600128173828
63657.24057125941,35.70600128173828
63657.30696602564,35.73099899291992
63657.373360791855,35.73099899291992
63657.43975555808,35.73099899291992
63657.5061503243,35.70600128173828
63657.57254509052,35.625
63657.63893985674,35.625
63657.705334622966,35.69599914550781
63657.77172938919,35.69599914550781
63657.83812415541,35.69599914550781
63657.904518921634,35.65599822998047
63657.97091368785,35.67399978637695
63658.03730845408,35.67399978637695
63658.103703220295,35.57500076293945
63658.17009798652,35.57500076293945
63658.23649275274,35.57500076293945
63658.30288751896,35.56800079345703
63658.36928228519,35.63600158691406
63658.435677051406,35.63600158691406
63658.50207181763,35.630001068115234
63658.56846658385,35.630001068115234
63658.634861350074,35.630001068115234
63658.70125611629,35.698001861572266
63658.76765088252,35.72700119018555
63658.83404564874,35.72700119018555
63658.90044041496,35.70500183105469
63658.966835181185,35.65999984741211
63659.0332299474,35.65999984741211
63659.09962471363,35.65999984741211
63659.166019479846,35.74599838256836
63659.23241424607,35.74599838256836
63659.29880901229,35.784000396728516
63659.365203778514,35.784000396728516
63659.43159854474,35.694000244140625
63659.49799331096,35.694000244140625
63659.56438807718,35.694000244140625
63659.6307828434,35.689998626708984
63659.697177609625,35.7599983215332
63659.76357237584,35.7599983215332
63659.82996714207,35.71900177001953
63659.89636190829,35.71900177001953
63659.96275667451,35.71900177001953
63660.029151440736,35.66600036621094
63660.095546206954,35.643001556396484
63660.16194097318,35.643001556396484
63660.2283357394,35.667999267578125
63660.29473050562,35.667999267578125
63660.36112527184,35.667999267578125
63660.427520038065,35.71500015258789
63660.49391480429,35.69900131225586
63660.56030957051,35.69900131225586
63660.62670433673,35.76300048828125
63660.69309910295,35.76300048828125
63660.75949386918,35.76300048828125
63660.825888635394,35.685001373291016
63660.89228340162,35.68600082397461
63660.958678167844,35.68600082397461
63661.02507293406,35.652000427246094
63661.09146770029,35.652000427246094
63661.157862466505,35.707000732421875
63661.22425723273,35.731998443603516
63661.29065199895,35.731998443603516
63661.35704676517,35.731998443603516
63661.42344153139,35.707000732421875
63661.48983629762,35.707000732421875
63661.55623106384,35.801998138427734
63661.62262583006,35.801998138427734
63661.689020596285,35.77299880981445
63661.7554153625,35.77299880981445
63661.82181012873,35.77299880981445
63661.888204894945,35.7599983215332
63661.95459966117,35.75400161743164
63662.020994427396,35.75400161743164
63662.08738919361,35.7869987487793
63662.15378395984,35.7869987487793
63662.22017872606,35.7869987487793
63662.28657349228,35.69499969482422
63662.3529682585,35.619998931884766
63662.419363024725,35.619998931884766
63662.48575779094,35.65800094604492
63662.55215255717,35.65800094604492
63662.61854732339,35.65800094604492
63662.68494208961,35.604000091552734
63662.751336855836,35.61600112915039
63662.81773162205,35.61600112915039
63662.88412638828,35.65700149536133
63662.9505211545,35.65700149536133
63663.01691592072,35.65700149536133
63663.08331068695,35.638999938964844
63663.149705453165,35.63100051879883
63663.21610021939,35.63100051879883
63663.28249498561,35.698001861572266
63663.34888975183,35.698001861572266
63663.41528451805,35.698001861572266
63663.481679284276,35.62099838256836
63663.5480740505,35.694000244140625
63663.61446881672,35.694000244140625
63663.680863582944,35.619998931884766
63663.74725834916,35.62300109863281
63663.81365311539,35.62300109863281
63663.880047881605,35.62300109863281
63663.94644264783,35.659000396728516
63664.01283741405,35.659000396728516
63664.07923218027,35.78200149536133
63664.1456269465,35.78200149536133
63664.212021712716,35.69300079345703
63664.27841647894,35.69300079345703
63664.34481124516,35.69300079345703
63664.411206011384,35.689998626708984
63664.4776007776,35.7239990234375
63664.54399554383,35.7239990234375
63664.61039031005,35.77399826049805
63664.67678507627,35.77399826049805
63664.743179842495,35.77399826049805
63664.80957460871,35.689998626708984
63664.87596937494,35.582000732421875
63664.942364141156,35.582000732421875
63665.00875890738,35.676998138427734
63665.0751536736,35.676998138427734
63665.141548439824,35.676998138427734
63665.20794320605,35.71900177001953
63665.27433797227,35.70100021362305
63665.34073273849,35.70100021362305
63665.40712750471,35.69300079345703
63665.473522270935,35.69300079345703
63665.53991703715,35.69300079345703
63665.60631180338,35.76100158691406
63665.6727065696,35.71900177001953
63665.73910133582,35.71900177001953
63665.805496102046,35.77199935913086
63665.871890868264,35.7599983215332
63665.93828563449,35.7599983215332
63666.00468040071,35.7599983215332
63666.07107516693,35.7599983215332
63666.13746993315,35.64799880981445
63666.203864699375,35.64799880981445
63666.2702594656,35.70600128173828
63666.33665423182,35.624000549316406
63666.40304899804,35.624000549316406
63666.46944376426,35.766998291015625
63666.535838530486,35.766998291015625
63666.602233296704,35.766998291015625
63666.66862806293,35.72200012207031
63666.735022829154,35.59600067138672
63666.80141759537,35.59600067138672
63666.8678123616,35.71900177001953
63666.934207127815,35.71900177001953
63667.00060189404,35.71900177001953
63667.06699666026,35.80699920654297
63667.13339142648,35.73899841308594
63667.1997861927,35.73899841308594
63667.266180958926,35.638999938964844
63667.33257572515,35.638999938964844
63667.39897049137,35.638999938964844
63667.465365257594,35.70199966430664
63667.53176002381,35.694000244140625
63667.59815479004,35.694000244140625
63667.664549556255,35.689998626708984
63667.73094432248,35.65299987792969
63667.797339088705,35.65299987792969
63667.86373385492,35.65299987792969
63667.93012862115,35.637001037597656
63667.996523387366,35.637001037597656
63668.06291815359,35.66600036621094
63668.12931291981,35.66600036621094
63668.195707686034,35.678001403808594
63668.26210245225,35.678001403808594
63668.32849721848,35.678001403808594
63668.3948919847,35.64799880981445
63668.46128675092,35.74100112915039
63668.527681517146,35.74100112915039
63668.59407628336,35.74599838256836
63668.66047104959,35.74599838256836
63668.72686581581,35.74599838256836
63668.79326058203,35.74800109863281
63668.85965534826,35.7140007019043
63668.926050114474,35.7140007019043
63668.9924448807,35.73400115966797
63669.05883964692,35.73400115966797
63669.12523441314,35.73400115966797
63669.19162917936,35.81399917602539
63669.258023945586,35.707000732421875
63669.32441871181,35.707000732421875
63669.39081347803,35.65999984741211
63669.457208244254,35.65999984741211
63669.52360301047,35.65999984741211
63669.5899977767,35.71099853515625
63669.656392542915,35.733001708984375
63669.72278730914,35.733001708984375
63669.78918207536,35.74300003051758
63669.85557684158,35.74300003051758
63669.92197160781,35.74300003051758
63669.988366374026,35.71099853515625
63670.05476114025,35.733001708984375
63670.12115590647,35.733001708984375
63670.187550672694,35.63600158691406
63670.25394543891,35.665000915527344
63670.32034020514,35.665000915527344
63670.386734971355,35.665000915527344
63670.45312973758,35.7130012512207
63670.519524503805,35.7130012512207
63670.58591927002,35.66299819946289
63670.65231403625,35.66299819946289
63670.718708802466,35.819000244140625
63670.78510356869,35.819000244140625
63670.85149833491,35.819000244140625
63670.917893101134,35.779998779296875
63670.98428786736,35.62099838256836
63671.05068263358,35.62099838256836
63671.1170773998,35.5880012512207
63671.18347216602,35.5880012512207
63671.249866932245,35.68000030517578
63671.31626169846,35.68000030517578
63671.38265646469,35.68000030517578
63671.44905123091,35.64899826049805
63671.51544599713,35.6349983215332
63671.581840763356,35.6349983215332
63671.648235529574,35.70000076293945
63671.7146302958,35.70000076293945
63671.78102506202,35.70000076293945
63671.84741982824,35.729000091552734
63671.91381459446,35.8120002746582
63671.980209360685,35.8120002746582
63672.04660412691,35.777000427246094
63672.11299889313,35.777000427246094
63672.17939365935,35.777000427246094
63672.24578842557,35.797000885009766
63672.312183191796,35.805999755859375
63672.378577958014,35.805999755859375
63672.44497272424,35.702999114990234
63672.511367490464,35.702999114990234
63672.57776225668,35.702999114990234
63672.64415702291,35.62300109863281
63672.710551789125,35.62300109863281
63672.77694655535,35.62300109863281
63672.84334132157,35.5890007019043
63672.90973608779,35.5890007019043
63672.97613085401,35.57400131225586
63673.042525620236,35.57400131225586
63673.10892038646,35.63800048828125
63673.17531515268,35.63800048828125
63673.241709918904,35.63800048828125
63673.30810468512,35.66600036621094
63673.37449945135,35.749000549316406
63673.440894217565,35.749000549316406
63673.50728898379,35.67900085449219
63673.573683750015,35.67900085449219
63673.64007851623,35.67900085449219
63673.70647328246,35.683998107910156
63673.772868048676,35.68600082397461
63673.8392628149,35.68600082397461
63673.90565758112,35.72200012207031
63673.972052347344,35.72200012207031
63674.03844711356,35.72200012207031
63674.10484187979,35.66699981689453
63674.17123664601,35.643001556396484
63674.23763141223,35.643001556396484
63674.304026178455,35.667999267578125
63674.37042094467,35.667999267578125
63674.4368157109,35.667999267578125
63674.503210477116,35.67900085449219
63674.56960524334,35.577999114990234
63674.63600000957,35.577999114990234
63674.702394775784,35.67499923706055
63674.76878954201,35.71799850463867
63674.83518430823,35.71799850463867
63674.90157907445,35.71799850463867
63674.96797384067,35.665000915527344
63675.034368606895,35.665000915527344
63675.10076337311,35.749000549316406
63675.16715813934,35.749000549316406
63675.23355290556,35.7140007019043
63675.29994767178,35.7140007019043
63675.36634243801,35.7140007019043
63675.432737204224,35.69900131225586
63675.49913197045,35.62200164794922
63675.56552673667,35.62200164794922
63675.63192150289,35.659000396728516
63675.69831626912,35.659000396728516
63675.764711035335,35.659000396728516
63675.83110580156,35.74599838256836
63675.89750056778,35.74800109863281
63675.963895334,35.74800109863281
63676.03029010022,35.749000549316406
63676.09668486645,35.749000549316406
63676.163079632664,35.749000549316406
63676.22947439889,35.82099914550781
63676.295869165115,35.816001892089844
63676.36226393133,35.816001892089844
63676.42865869756,35.74300003051758
63676.495053463776,35.74300003051758
63676.56144823,35.67599868774414
63676.62784299622,35.67599868774414
63676.694237762444,35.67599868774414
63676.76063252867,35.68299865722656
63676.82702729489,35.68299865722656
63676.89342206111,35.68299865722656
63676.95981682733,35.72100067138672
63677.026211593555,35.72100067138672
63677.09260635977,35.70199966430664
63677.159001126,35.694000244140625
63677.22539589222,35.694000244140625
63677.29179065844,35.694000244140625
63677.358185424666,35.694000244140625
63677.424580190884,35.72600173950195
63677.49097495711,35.73899841308594
63677.55736972333,35.73899841308594
63677.62376448955,35.638999938964844
63677.69015925577,35.638999938964844
63677.756554021995,35.638999938964844
63677.82294878822,35.77299880981445
63677.88934355444,35.68899917602539
63677.95573832066,35.68899917602539
63678.02213308688,35.617000579833984
63678.088527853106,35.617000579833984
63678.154922619324,35.617000579833984
63678.22131738555,35.62200164794922
63678.28771215177,35.694000244140625
63678.35410691799,35.694000244140625
63678.42050168422,35.72600173950195
63678.486896450435,35.72600173950195
63678.55329121666,35.72600173950195
63678.61968598288,35.70399856567383
63678.6860807491,35.69499969482422
63678.75247551532,35.69499969482422
63678.818870281546,35.72600173950195
63678.88526504777,35.72600173950195
63678.95165981399,35.72600173950195
63679.018054580214,35.7400016784668
63679.08444934643,35.74599838256836
63679.15084411266,35.74599838256836
63679.217238878875,35.676998138427734
63679.2836336451,35.71799850463867
63679.350028411325,35.71799850463867
63679.41642317754,35.71799850463867
63679.48281794377,35.558998107910156
63679.549212709986,35.558998107910156
63679.61560747621,35.702999114990234
63679.68200224243,35.702999114990234
63679.748397008654,35.694000244140625
63679.81479177487,35.694000244140625
63679.8811865411,35.694000244140625
63679.94758130732,35.58399963378906
63680.01397607354,35.643001556396484
63680.080370839765,35.643001556396484
63680.14676560598,35.667999267578125
63680.21316037221,35.667999267578125
63680.279555138426,35.667999267578125
63680.34594990465,35.75
63680.412344670876,35.71500015258789
63680.478739437094,35.71500015258789
63680.54513420332,35.66400146484375
63680.61152896954,35.66400146484375
63680.67792373576,35.66400146484375
63680.74431850198,35.676998138427734
63680.810713268205,35.71900177001953
63680.87710803442,35.71900177001953
63680.94350280065,35.630001068115234
63681.00989756687,35.630001068115234
63681.07629233309,35.630001068115234
63681.14268709932,35.62699890136719
63681.209081865534,35.6609992980957
63681.27547663176,35.6609992980957
63681.34187139798,35.67599868774414
63681.4082661642,35.67599868774414
63681.47466093043,35.67599868774414
63681.541055696645,35.64699935913086
63681.60745046287,35.64699935913086
63681.67384522909,35.64699935913086
63681.74023999531,35.64699935913086
63681.80663476153,35.70600128173828
63681.87302952776,35.70600128173828
63681.939424293974,35.83700180053711
63682.0058190602,35.680999755859375
63682.072213826425,35.680999755859375
63682.13860859264,35.64899826049805
63682.20500335887,35.64899826049805
63682.271398125085,35.64899826049805
63682.33779289131,35.70600128173828
63682.40418765753,35.73099899291992
63682.47058242375,35.73099899291992
63682.53697718998,35.6349983215332
63682.6033719562,35.6349983215332
63682.66976672242,35.6349983215332
63682.73616148864,35.70000076293945
63682.802556254865,35.65800094604492
63682.86895102108,35.65800094604492
63682.93534578731,35.638999938964844
63683.001740553525,35.638999938964844
63683.06813531975,35.638999938964844
63683.134530085976,35.80799865722656
63683.20092485219,35.84600067138672
63683.26731961842,35.84600067138672
63683.33371438464,35.72100067138672
63683.40010915086,35.72100067138672
63683.46650391708,35.72100067138672
63683.532898683305,35.70199966430664
63683.59929344953,35.694000244140625
63683.66568821575,35.694000244140625
63683.73208298197,35.689998626708984
63683.79847774819,35.68899917602539
63683.864872514416,35.68899917602539
63683.93126728063,35.68899917602539
63683.99766204686,35.68899917602539
63684.06405681308,35.65299987792969
63684.1304515793,35.672000885009766
63684.19684634553,35.672000885009766
63684.263241111745,35.75199890136719
63684.32963587797,35.75199890136719
63684.39603064419,35.75199890136719
63684.46242541041,35.7859992980957
63684.52882017663,35.80099868774414
63684.595214942856,35.80099868774414
63684.66160970908,35.77199935913086
63684.7280044753,35.77199935913086
63684.794399241524,35.77199935913086
63684.86079400774,35.7239990234375
63684.92718877397,35.667999267578125
63684.993583540185,35.667999267578125
63685.05997830641,35.75
63685.126373072635,35.75
63685.19276783885,35.75
63685.25916260508,35.85599899291992
63685.325557371296,35.76100158691406
63685.39195213752,35.76100158691406
63685.45834690374,35.755001068115234
63685.524741669964,35.755001068115234
63685.59113643618,35.755001068115234
63685.65753120241,35.7869987487793
63685.72392596863,35.69499969482422
63685.79032073485,35.69499969482422
63685.856715501075,35.654998779296875
63685.92311026729,35.779998779296875
63685.98950503352,35.779998779296875
63686.055899799736,35.779998779296875
63686.12229456596,35.72800064086914
63686.188689332186,35.72800064086914
63686.255084098404,35.70500183105469
63686.32147886463,35.70500183105469
63686.38787363085,35.69499969482422
63686.45426839707,35.69499969482422
63686.52066316329,35.69499969482422
63686.587057929515,35.654998779296875
63686.65345269573,35.70899963378906
63686.71984746196,35.70899963378906
63686.78624222818,35.731998443603516
63686.8526369944,35.731998443603516
63686.919031760626,35.707000732421875
63686.985426526844,35.707000732421875
63687.05182129307,35.707000732421875
63687.11821605929,35.766998291015625
63687.18461082551,35.75699996948242
63687.25100559174,35.75699996948242
63687.317400357955,35.71799850463867
63687.38379512418,35.71799850463867
63687.4501898904,35.71799850463867
63687.51658465662,35.70100021362305
63687.58297942284,35.729000091552734
63687.649374189066,35.729000091552734
63687.715768955284,35.70500183105469
63687.78216372151,35.70500183105469
63687.848558487734,35.70500183105469
63687.91495325395,35.69499969482422
63687.98134802018,35.691001892089844
63688.047742786395,35.691001892089844
63688.11413755262,35.7599983215332
63688.18053231884,35.68299865722656
63688.24692708506,35.68299865722656
63688.31332185129,35.68299865722656
63688.379716617506,35.75699996948242
63688.44611138373,35.75699996948242
63688.51250614995,35.75299835205078
63688.578900916174,35.75299835205078
63688.64529568239,35.715999603271484
63688.71169044862,35.715999603271484
63688.778085214835,35.715999603271484
63688.84447998106,35.70000076293945
63688.910874747286,35.834999084472656
63688.9772695135,35.834999084472656
63689.04366427973,35.858001708984375
63689.11005904595,35.858001708984375
63689.17645381217,35.858001708984375
63689.24284857839,35.797000885009766
63689.309243344615,35.73500061035156
63689.37563811084,35.73500061035156
63689.44203287706,35.81399917602539
63689.50842764328,35.81399917602539
63689.5748224095,35.81399917602539
63689.641217175726,35.67100143432617
63689.70761194194,35.680999755859375
63689.77400670817,35.680999755859375
63689.84040147439,35.755001068115234
63689.90679624061,35.755001068115234
63689.97319100684,35.755001068115234
63690.039585773055,35.78799819946289
63690.10598053928,35.69499969482422
63690.1723753055,35.69499969482422
63690.23877007172,35.72600173950195
63690.30516483794,35.72600173950195
63690.371559604166,35.72600173950195
63690.43795437039,35.70399856567383
63690.50434913661,35.72999954223633
63690.570743902834,35.72999954223633
63690.63713866905,35.67100143432617
63690.70353343528,35.64500045776367
63690.769928201495,35.64500045776367
63690.83632296772,35.64500045776367
63690.90271773394,35.70399856567383
63690.96911250016,35.70399856567383
63691.03550726639,35.659000396728516
63691.101902032606,35.659000396728516
63691.16829679883,35.67499923706055
63691.23469156505,35.67499923706055
63691.301086331274,35.67499923706055
63691.36748109749,35.611000061035156
63691.43387586372,35.724998474121094
63691.50027062994,35.724998474121094
63691.56666539616,35.73899841308594
63691.633060162385,35.73899841308594
63691.6994549286,35.73899841308594
63691.76584969483,35.604000091552734
63691.832244461046,35.6510009765625
63691.89863922727,35.6510009765625
63691.96503399349,35.74300003051758
63692.031428759714,35.74300003051758
63692.09782352594,35.78200149536133
63692.16421829216,35.78200149536133
63692.23061305838,35.78200149536133
63692.2970078246,35.69300079345703
63692.363402590825,35.76100158691406
63692.42979735704,35.76100158691406
63692.49619212327,35.755001068115234
63692.56258688949,35.75199890136719
63692.62898165571,35.75199890136719
63692.695376421936,35.75199890136719
63692.761771188154,35.71500015258789
63692.82816595438,35.71500015258789
63692.8945607206,35.77000045776367
63692.96095548682,35.77000045776367
63693.02735025305,35.722999572753906
63693.093745019265,35.722999572753906
63693.16013978549,35.722999572753906
63693.22653455171,35.808998107910156
63693.29292931793,35.7760009765625
63693.35932408415,35.7760009765625
63693.425718850376,35.72600173950195
63693.492113616594,35.72600173950195
63693.55850838282,35.72600173950195
63693.624903149044,35.70399856567383
63693.69129791526,35.659000396728516
63693.75769268149,35.659000396728516
63693.824087447705,35.71099853515625
63693.89048221393,35.71099853515625
63693.95687698015,35.71099853515625
63694.02327174637,35.698001861572266
63694.0896665126,35.65599822998047
63694.156061278816,35.65599822998047
63694.22245604504,35.56800079345703
63694.28885081126,35.56800079345703
63694.355245577484,35.56800079345703
63694.4216403437,35.707000732421875
63694.48803510993,35.69599914550781
63694.554429876145,35.69599914550781
63694.62082464237,35.691001892089844
63694.687219408595,35.691001892089844
63694.75361417481,35.691001892089844
63694.82000894104,35.724998474121094
63694.886403707256,35.70399856567383
63694.95279847348,35.70399856567383
63695.0191932397,35.76499938964844
63695.085588005924,35.72100067138672
63695.15198277215,35.72100067138672
63695.21837753837,35.72100067138672
63695.28477230459,35.72100067138672
63695.35116707081,35.77299880981445
63695.417561837035,35.7599983215332
63695.48395660325,35.7599983215332
63695.55035136948,35.75400161743164
63695.616746135696,35.75400161743164
63695.68314090192,35.75400161743164
63695.74953566815,35.715999603271484
63695.815930434364,35.770999908447266
63695.88232520059,35.770999908447266
63695.94871996681,35.75899887084961
63696.01511473303,35.75899887084961
63696.08150949925,35.75899887084961
63696.147904265476,35.78900146484375
63696.2142990317,35.8380012512207
63696.28069379792,35.8380012512207
63696.34708856414,35.75299835205078
63696.41348333036,35.75299835205078
63696.47987809659,35.75299835205078
63696.546272862804,35.64500045776367
63696.61266762903,35.66899871826172
63696.67906239525,35.66899871826172
63696.74545716147,35.75
63696.8118519277,35.71500015258789
63696.878246693916,35.71500015258789
63696.94464146014,35.71500015258789
63697.01103622636,35.71500015258789
63697.077430992584,35.69900131225586
63697.1438257588,35.69900131225586
63697.21022052503,35.72800064086914
63697.27661529125,35.74100112915039
63697.34301005747,35.74100112915039
63697.409404823695,35.67499923706055
63697.47579958991,35.67499923706055
63697.54219435614,35.67499923706055
63697.608589122356,35.68199920654297
63697.67498388858,35.72100067138672
63697.7413786548,35.72100067138672
63697.807773421024,35.73699951171875
63697.87416818725,35.73699951171875
63697.94056295347,35.73699951171875
63698.00695771969,35.70899963378906
63698.07335248591,35.696998596191406
63698.139747252135,35.696998596191406
63698.20614201835,35.72700119018555
63698.27253678458,35.72700119018555
63698.3389315508,35.72700119018555
63698.40532631702,35.70500183105469
63698.471721083246,35.72999954223633
63698.538115849464,35.72999954223633
63698.60451061569,35.70600128173828
63698.67090538191,35.70600128173828
63698.73730014813,35.70600128173828
63698.80369491435,35.65999984741211
63698.870089680575,35.71099853515625
63698.9364844468,35.71099853515625
63699.00287921302,35.76900100708008
63699.06927397924,35.82899856567383
63699.13566874546,35.82899856567383
63699.202063511686,35.82899856567383
63699.268458277904,35.82899856567383
63699.33485304413,35.749000549316406
63699.401247810354,35.81999969482422
63699.46764257657,35.81999969482422
63699.5340373428,35.709999084472656
63699.600432109015,35.709999084472656
63699.66682687524,35.709999084472656
63699.73322164146,35.8390007019043
63699.79961640768,35.68199920654297
63699.8660111739,35.68199920654297
63699.932405940126,35.72100067138672
63699.99880070635,35.72100067138672
63700.06519547257,35.72100067138672
63700.131590238794,35.77299880981445
63700.19798500501,35.65299987792969
63700.26437977124,35.65299987792969
63700.330774537455,35.637001037597656
63700.39716930368,35.637001037597656
63700.463564069905,35.637001037597656
63700.52995883612,35.630001068115234
63700.59635360235,35.62699890136719
63700.662748368566,35.62699890136719
63700.72914313479,35.696998596191406
63700.79553790101,35.696998596191406
63700.861932667234,35.696998596191406
63700.92832743346,35.72700119018555
63700.99472219968,35.7760009765625
63701.0611169659,35.7760009765625
63701.12751173212,35.832000732421875
63701.193906498345,35.832000732421875
63701.26030126456,35.832000732421875
63701.32669603079,35.75
63701.393090797006,35.78499984741211
63701.45948556323,35.78499984741211
63701.52588032946,35.76499938964844
63701.592275095674,35.72100067138672
63701.6586698619,35.72100067138672
63701.72506462812,35.72100067138672
63701.79145939434,35.72100067138672
63701.85785416056,35.66699981689453
63701.924248926785,35.678001403808594
63701.99064369301,35.678001403808594
63702.05703845923,35.683998107910156
63702.12343322545,35.683998107910156
63702.18982799167,35.68600082397461
63702.2562227579,35.68600082397461
63702.322617524114,35.68600082397461
63702.38901229034,35.6510009765625
63702.45540705656,35.672000885009766
63702.52180182278,35.672000885009766
63702.58819658901,35.715999603271484
63702.654591355225,35.715999603271484
63702.72098612145,35.715999603271484
63702.78738088767,35.770999908447266
63702.85377565389,35.65299987792969
63702.92017042011,35.65299987792969
63702.98656518634,35.74300003051758
63703.05295995256,35.74300003051758
63703.11935471878,35.74300003051758
63703.185749485005,35.74700164794922
63703.25214425122,35.678001403808594
63703.31853901745,35.678001403808594
63703.384933783665,35.71900177001953
63703.45132854989,35.71900177001953
63703.51772331611,35.71900177001953
63703.58411808233,35.736000061035156
63703.65051284856,35.779998779296875
63703.71690761478,35.779998779296875
63703.783302381,35.76300048828125
63703.84969714722,35.720001220703125
63703.916091913445,35.720001220703125
63703.98248667966,35.720001220703125
63704.04888144589,35.720001220703125
63704.11527621211,35.595001220703125
63704.18167097833,35.50600051879883
63704.248065744556,35.50600051879883
63704.314460510774,35.60900115966797
63704.380855277,35.60900115966797
63704.44725004322,35.60900115966797
63704.51364480944,35.68899917602539
63704.58003957566,35.617000579833984
63704.646434341885,35.617000579833984
63704.71282910811,35.65700149536133
63704.77922387433,35.65700149536133
63704.84561864055,35.65700149536133
63704.91201340677,35.709999084472656
63704.978408172996,35.6619987487793
63705.044802939214,35.6619987487793
63705.11119770544,35.71200180053711
63705.177592471664,35.71200180053711
63705.24398723788,35.71200180053711
63705.31038200411,35.698001861572266
63705.376776770325,35.76300048828125
63705.44317153655,35.76300048828125
63705.50956630277,35.75600051879883
63705.57596106899,35.75600051879883
63705.64235583521,35.75600051879883
63705.708750601436,35.78799819946289
63705.77514536766,35.801998138427734
63705.84154013388,35.801998138427734
63705.907934900104,35.87900161743164
63705.97432966632,35.87900161743164
63706.04072443255,35.87900161743164
63706.107119198765,35.77000045776367
63706.17351396499,35.652000427246094
63706.239908731215,35.652000427246094
63706.30630349743,35.77899932861328
63706.37269826366,35.79800033569336
63706.439093029876,35.79800033569336
63706.5054877961,35.79800033569336
63706.57188256232,35.79800033569336
63706.638277328544,35.73500061035156
63706.70467209477,35.74399948120117
63706.77106686099,35.74399948120117
63706.83746162721,35.67599868774414
63706.90385639343,35.67599868774414
63706.970251159655,35.67599868774414
63707.03664592587,35.64699935913086
63707.1030406921,35.5989990234375
63707.169435458316,35.5989990234375
63707.23583022454,35.720001220703125
63707.302224990766,35.720001220703125
63707.368619756984,35.73699951171875
63707.43501452321,35.73699951171875
63707.50140928943,35.73699951171875
63707.56780405565,35.779998779296875
63707.63419882187,35.79800033569336
63707.700593588095,35.79800033569336
63707.76698835431,35.770999908447266
63707.83338312054,35.770999908447266
63707.89977788676,35.770999908447266
63707.96617265298,35.6879997253418
63708.032567419206,35.6879997253418
63708.098962185424,35.6879997253418
63708.16535695165,35.652000427246094
63708.23175171787,35.652000427246094
63708.29814648409,35.652000427246094
63708.36454125032,35.70800018310547
63708.430936016535,35.6609992980957
63708.49733078276,35.6609992980957
63708.56372554898,35.71099853515625
63708.6301203152,35.76900100708008
63708.69651508142,35.76900100708008
63708.76290984765,35.76900100708008
63708.82930461387,35.76900100708008
63708.89569938009,35.722999572753906
63708.962094146314,35.737998962402344
63709.02848891253,35.737998962402344
63709.09488367876,35.70899963378906
63709.161278444975,35.70899963378906
63709.2276732112,35.70899963378906
63709.29406797742,35.768001556396484
63709.36046274364,35.72200012207031
63709.42685750987,35.72200012207031
63709.49325227609,35.702999114990234
63709.55964704231,35.702999114990234
63709.62604180853,35.702999114990234
63709.692436574755,35.729000091552734
63709.75883134097,35.70600128173828
63709.8252261072,35.70600128173828
63709.89162087342,35.65999984741211
63709.95801563964,35.65999984741211
63710.024410405866,35.65999984741211
63710.09080517208,35.67599868774414
63710.15719993831,35.71799850463867
63710.22359470453,35.71799850463867
63710.28998947075,35.736000061035156
63710.35638423697,35.736000061035156
63710.422779003195,35.736000061035156
63710.48917376942,35.67300033569336
63710.55556853564,35.680999755859375
63710.62196330186,35.680999755859375
63710.68835806808,35.720001220703125
63710.754752834306,35.66600036621094
63710.82114760052,35.66600036621094
63710.88754236675,35.66600036621094
63710.953937132974,35.643001556396484
63711.02033189919,35.643001556396484
63711.08672666542,35.70399856567383
63711.153121431635,35.70399856567383
63711.21951619786,35.76499938964844
63711.28591096408,35.76499938964844
63711.3523057303,35.76499938964844
63711.41870049652,35.75699996948242
63711.485095262746,35.71699905395508
63711.55149002897,35.71699905395508
63711.61788479519,35.70000076293945
63711.684279561414,35.70000076293945
63711.75067432763,35.70000076293945
63711.81706909386,35.69300079345703
63711.883463860075,35.65399932861328
63711.9498586263,35.65399932861328
63712.016253392525,35.70899963378906
63712.08264815874,35.70899963378906
63712.14904292497,35.70899963378906
63712.215437691186,35.803001403808594
63712.28183245741,35.803001403808594
63712.34822722363,35.80799865722656
63712.414621989854,35.81100082397461
63712.48101675607,35.81100082397461
63712.5474115223,35.7760009765625
63712.61380628852,35.7760009765625
63712.68020105474,35.7760009765625
63712.746595820965,35.797000885009766
63712.81299058718,35.840999603271484
63712.87938535341,35.840999603271484
63712.945780119626,35.82500076293945
63713.01217488585,35.81800079345703
63713.078569652076,35.81800079345703
63713.144964418294,35.81800079345703
63713.21135918452,35.70800018310547
63713.27775395074,35.70800018310547
63713.34414871696,35.766998291015625
63713.41054348318,35.766998291015625
63713.476938249405,35.6510009765625
63713.54333301562,35.6510009765625
63713.60972778185,35.6510009765625
63713.67612254807,35.707000732421875
63713.74251731429,35.766998291015625
63713.808912080516,35.766998291015625
63713.875306846734,35.68600082397461
63713.94170161296,35.68600082397461
63714.00809637918,35.68600082397461
63714.0744911454,35.72200012207031
63714.14088591163,35.737998962402344
63714.207280677845,35.737998962402344
63714.27367544407,35.67399978637695
63714.34007021029,35.67399978637695
63714.40646497651,35.67399978637695
63714.47285974273,35.68199920654297
63714.539254508956,35.720001220703125
63714.60564927518,35.720001220703125
63714.6720440414,35.70199966430664
63714.738438807624,35.70199966430664
63714.80483357384,35.70199966430664
63714.87122834007,35.729000091552734
63714.937623106285,35.7760009765625
63715.00401787251,35.7760009765625
63715.07041263873,35.86800003051758
63715.13680740495,35.76599884033203
63715.20320217118,35.76599884033203
63715.269596937396,35.76599884033203
63715.33599170362,35.75699996948242
63715.40238646984,35.75699996948242
63715.468781236064,35.85900115966797
63715.53517600228,35.85900115966797
63715.60157076851,35.83300018310547
63715.667965534725,35.83300018310547
63715.73436030095,35.83300018310547
63715.800755067175,35.82099914550781
63715.86714983339,35.816001892089844
63715.93354459962,35.816001892089844
63715.999939365836,35.81399917602539
63716.06633413206,35.81399917602539
63716.13272889828,35.81399917602539
63716.199123664504,35.742000579833984
63716.26551843073,35.67599868774414
63716.33191319695,35.67599868774414
63716.39830796317,35.68199920654297
63716.46470272939,35.68199920654297
63716.531097495616,35.68199920654297
63716.59749226183,35.685001373291016
63716.66388702806,35.75699996948242
63716.730281794284,35.75699996948242
63716.7966765605,35.75299835205078
63716.86307132673,35.75299835205078
63716.929466092944,35.75299835205078
63716.99586085917,35.68000030517578
63717.06225562539,35.755001068115234
63717.12865039161,35.755001068115234
63717.19504515783,35.71699905395508
63717.261439924056,35.71699905395508
63717.32783469028,35.71699905395508
63717.3942294565,35.59400177001953
63717.460624222724,35.59400177001953
63717.52701898894,35.59400177001953
63717.59341375517,35.59400177001953
63717.659808521385,35.665000915527344
63717.72620328761,35.7130012512207
63717.792598053835,35.7130012512207
63717.85899282005,35.77000045776367
63717.92538758628,35.77000045776367
63717.991782352496,35.77000045776367
63718.05817711872,35.79399871826172
63718.12457188494,35.76900100708008
63718.190966651164,35.76900100708008
63718.25736141738,35.757999420166016
63718.32375618361,35.757999420166016
63718.39015094983,35.757999420166016
63718.45654571605,35.89500045776367
63718.522940482275,35.777000427246094
63718.58933524849,35.777000427246094
63718.65573001472,35.797000885009766
63718.722124780936,35.797000885009766
63718.78851954716,35.797000885009766
63718.854914313386,35.77000045776367
63718.921309079604,35.8650016784668
63718.98770384583,35.8650016784668
63719.05409861205,35.834999084472656
63719.12049337827,35.834999084472656
63719.18688814449,35.834999084472656
63719.253282910715,35.821998596191406
63719.31967767693,35.821998596191406
63719.38607244316,35.821998596191406
63719.45246720938,35.85200119018555
63719.5188619756,35.85200119018555
63719.585256741826,35.8650016784668
63719.651651508044,35.763999938964844
63719.71804627427,35.763999938964844
63719.78444104049,35.763999938964844
63719.85083580671,35.763999938964844
63719.91723057294,35.650001525878906
63719.983625339155,35.77799987792969
63720.05002010538,35.77799987792969
63720.1164148716,35.797000885009766
63720.18280963782,35.797000885009766
63720.24920440404,35.797000885009766
63720.315599170266,35.73500061035156
63720.381993936484,35.77899932861328
63720.44838870271,35.77899932861328
63720.514783468934,35.79800033569336
63720.58117823515,35.79800033569336
63720.64757300138,35.79800033569336
63720.713967767595,35.70000076293945
63720.78036253382,35.69300079345703
63720.84675730004,35.69300079345703
63720.91315206626,35.76100158691406
63720.97954683249,35.76100158691406
63721.045941598706,35.76100158691406
63721.11233636493,35.683998107910156
63721.17873113115,35.68600082397461
63721.245125897374,35.68600082397461
63721.31152066359,35.6510009765625
63721.37791542982,35.6510009765625
63721.444310196035,35.6510009765625
63721.51070496226,35.672000885009766
63721.577099728485,35.680999755859375
63721.6434944947,35.680999755859375
63721.70988926093,35.685001373291016
63721.776284027146,35.68600082397461
63721.84267879337,35.68600082397461
63721.90907355959,35.68600082397461
63721.975468325814,35.6510009765625
63722.04186309204,35.6510009765625
63722.10825785826,35.6510009765625
63722.17465262448,35.74300003051758
63722.2410473907,35.74300003051758
63722.307442156925,35.71099853515625
63722.37383692314,35.71099853515625
63722.44023168937,35.71099853515625
63722.50662645559,35.80400085449219
63722.57302122181,35.808998107910156
63722.63941598804,35.808998107910156
63722.705810754254,35.84600067138672
63722.77220552048,35.84600067138672
63722.8386002867,35.79199981689453
63722.90499505292,35.79199981689453
63722.97138981914,35.79199981689453
63723.037784585365,35.768001556396484
63723.10417935159,35.757999420166016
63723.17057411781,35.757999420166016
63723.23696888403,35.75299835205078
63723.30336365025,35.75299835205078
63723.36975841648,35.75299835205078
63723.436153182694,35.821998596191406
63723.50254794892,35.78099822998047
63723.568942715145,35.78099822998047
63723.63533748136,35.65700149536133
63723.70173224759,35.60300064086914
63723.768127013805,35.60300064086914
63723.83452178003,35.60300064086914
63723.90091654625,35.60300064086914
63723.96731131247,35.6510009765625
63724.03370607869,35.63600158691406
63724.10010084492,35.63600158691406
63724.16649561114,35.630001068115234
63724.23289037736,35.630001068115234
63724.299285143585,35.630001068115234
63724.3656799098,35.733001708984375
63724.43207467603,35.81399917602539
63724.498469442246,35.81399917602539
63724.56486420847,35.8129997253418
63724.631258974696,35.8129997253418
63724.697653740914,35.8129997253418
63724.76404850714,35.67100143432617
63724.83044327336,35.68000030517578
63724.89683803958,35.68000030517578
63724.9632328058,35.755001068115234
63725.029627572025,35.755001068115234
63725.09602233824,35.755001068115234
63725.16241710447,35.823001861572266
63725.22881187069,35.74599838256836
63725.29520663691,35.74599838256836
63725.361601403136,35.85499954223633
63725.427996169354,35.79499816894531
63725.49439093558,35.79499816894531
63725.5607857018,35.79499816894531
63725.62718046802,35.77000045776367
63725.69357523425,35.77000045776367
63725.759970000465,35.757999420166016
63725.82636476669,35.86000061035156
63725.89275953291,35.86000061035156
63725.95915429913,35.86000061035156
63726.02554906535,35.86000061035156
63726.091943831576,35.762001037597656
63726.158338597794,35.79100036621094
63726.22473336402,35.79100036621094
63726.291128130244,35.696998596191406
63726.35752289646,35.696998596191406
63726.42391766269,35.696998596191406
63726.490312428905,35.72700119018555
63726.55670719513,35.70500183105469
63726.62310196135,35.70500183105469
63726.68949672757,35.69499969482422
63726.7558914938,35.69499969482422
63726.822286260016,35.69499969482422
63726.88868102624,35.797000885009766
63726.95507579246,35.77000045776367
63727.021470558684,35.77000045776367
63727.0878653249,35.617000579833984
63727.15426009113,35.617000579833984
63727.220654857345,35.617000579833984
63727.28704962357,35.69200134277344
63727.353444389795,35.724998474121094
63727.41983915601,35.724998474121094
63727.48623392224,35.70399856567383
63727.552628688456,35.70399856567383
63727.61902345468,35.70399856567383
63727.6854182209,35.76499938964844
63727.751812987124,35.76499938964844
63727.81820775335,35.72100067138672
63727.88460251957,35.737998962402344
63727.95099728579,35.737998962402344
63728.01739205201,35.70899963378906
63728.083786818235,35.70899963378906
63728.15018158445,35.696998596191406
63728.21657635068,35.696998596191406
63728.282971116896,35.696998596191406
63728.34936588312,35.72700119018555
63728.415760649346,35.7400016784668
63728.482155415564,35.7400016784668
63728.54855018179,35.709999084472656
63728.61494494801,35.709999084472656
63728.68133971423,35.709999084472656
63728.74773448045,35.8390007019043
63728.814129246675,35.71799850463867
63728.8805240129,35.71799850463867
63728.94691877912,35.70100021362305
63729.01331354534,35.70100021362305
63729.07970831156,35.70100021362305
63729.14610307779,35.79999923706055
63729.212497844004,35.80699920654297
63729.27889261023,35.80699920654297
63729.34528737645,35.70399856567383
63729.41168214267,35.70399856567383
63729.4780769089,35.70399856567383
63729.544471675115,35.659000396728516
63729.61086644134,35.71099853515625
63729.67726120756,35.71099853515625
63729.74365597378,35.8390007019043
63729.81005074,35.75299835205078
63729.87644550623,35.75299835205078
63729.94284027245,35.75299835205078
63730.00923503867,35.64500045776367
63730.075629804895,35.64500045776367
63730.14202457111,35.70500183105469
63730.20841933734,35.70500183105469
63730.274814103555,35.69499969482422
63730.34120886978,35.69499969482422
63730.407603636006,35.69499969482422
63730.47399840222,35.72600173950195
63730.54039316845,35.84600067138672
63730.60678793467,35.84600067138672
63730.67318270089,35.86199951171875
63730.73957746711,35.86199951171875
63730.805972233335,35.86199951171875
63730.87236699955,35.76300048828125
63730.93876176578,35.685001373291016
63731.005156532,35.685001373291016
63731.07155129822,35.75699996948242
63731.137946064446,35.75699996948242
63731.20434083066,35.75699996948242
63731.27073559689,35.71799850463867
63731.33713036311,35.770999908447266
63731.40352512933,35.770999908447266
63731.46991989556,35.7239990234375
63731.536314661775,35.7239990234375
63731.602709428,35.7239990234375
63731.66910419422,35.73899841308594
63731.73549896044,35.638999938964844
63731.80189372666,35.638999938964844
63731.868288492886,35.70199966430664
63731.9346832591,35.76499938964844
63732.00107802533,35.76499938964844
63732.067472791554,35.76499938964844
63732.13386755777,35.82699966430664
63732.200262324,35.82699966430664
63732.266657090215,35.74800109863281
63732.33305185644,35.74800109863281
63732.39944662266,35.749000549316406
63732.46584138888,35.749000549316406
63732.53223615511,35.749000549316406
63732.598630921326,35.75
63732.66502568755,35.78499984741211
63732.73142045377,35.78499984741211
63732.797815219994,35.94300079345703
63732.86420998621,35.94300079345703
63732.93060475244,35.79800033569336
63732.996999518655,35.79800033569336
63733.06339428488,35.79800033569336
63733.129789051105,35.770999908447266
63733.19618381732,35.79399871826172
63733.26257858355,35.79399871826172
63733.328973349766,35.73400115966797
63733.39536811599,35.73400115966797
63733.46176288221,35.73400115966797
63733.528157648434,35.70800018310547
63733.59455241466,35.69599914550781
63733.66094718088,35.69599914550781
63733.7273419471,35.691001892089844
63733.79373671332,35.691001892089844
63733.860131479545,35.691001892089844
63733.92652624576,35.724998474121094
63733.99292101199,35.88100051879883
63734.059315778206,35.88100051879883
63734.12571054443,35.70000076293945
63734.192105310656,35.62200164794922
63734.258500076874,35.62200164794922
63734.3248948431,35.62200164794922
63734.39128960932,35.62200164794922
63734.45768437554,35.69499969482422
63734.52407914176,35.72600173950195
63734.590473907985,35.72600173950195
63734.65686867421,35.7400016784668
63734.72326344043,35.7400016784668
63734.78965820665,35.7400016784668
63734.85605297287,35.709999084472656
63734.922447739096,35.696998596191406
63734.988842505314,35.696998596191406
63735.05523727154,35.72700119018555
63735.12163203776,35.72700119018555
63735.18802680398,35.72700119018555
63735.25442157021,35.63399887084961
63735.320816336425,35.66400146484375
63735.38721110265,35.66400146484375
63735.45360586887,35.74800109863281
63735.52000063509,35.74800109863281
63735.58639540131,35.74800109863281
63735.652790167536,35.749000549316406
63735.71918493376,35.7140007019043
63735.78557969998,35.7140007019043
63735.851974466204,35.840999603271484
63735.91836923242,35.840999603271484
63735.98476399865,35.840999603271484
63736.051158764865,35.82500076293945
63736.11755353109,35.74700164794922
63736.18394829731,35.74700164794922
63736.25034306353,35.81999969482422
63736.31673782976,35.779998779296875
63736.383132595976,35.779998779296875
63736.4495273622,35.779998779296875
63736.51592212842,35.86899948120117
63736.582316894644,35.86899948120117
63736.64871166086,35.76599884033203
63736.71510642709,35.76599884033203
63736.78150119331,35.6510009765625
63736.84789595953,35.6510009765625
63736.914290725756,35.6510009765625
63736.98068549197,35.77799987792969
63737.0470802582,35.79800033569336
63737.11347502442,35.79800033569336
63737.17986979064,35.66400146484375
63737.24626455686,35.66400146484375
63737.312659323085,35.66400146484375
63737.37905408931,35.74800109863281
63737.44544885553,35.7140007019043
63737.51184362175,35.7140007019043
63737.57823838797,35.73400115966797
63737.644633154196,35.73400115966797
63737.71102792041,35.73400115966797
63737.77742268664,35.70800018310547
63737.843817452864,35.8380012512207
63737.91021221908,35.8380012512207
63737.97660698531,35.78799819946289
63738.043001751525,35.78799819946289
63738.10939651775,35.76599884033203
63738.17579128397,35.792999267578125
63738.24218605019,35.792999267578125
63738.30858081642,35.792999267578125
63738.374975582636,35.733001708984375
63738.44137034886,35.733001708984375
63738.50776511508,35.672000885009766
63738.574159881304,35.715999603271484
63738.64055464752,35.715999603271484
63738.70694941375,35.715999603271484
63738.773344179965,35.715999603271484
63738.83973894619,35.805999755859375
63738.906133712415,35.845001220703125
63738.97252847863,35.845001220703125
63739.03892324486,35.79100036621094
63739.105318011076,35.79100036621094
63739.1717127773,35.79100036621094
63739.23810754352,35.731998443603516
63739.304502309744,35.742000579833984
63739.37089707597,35.742000579833984
63739.43729184219,35.74700164794922
63739.50368660841,35.74700164794922
63739.57008137463,35.74700164794922
63739.636476140855,35.749000549316406
63739.70287090707,35.749000549316406
63739.7692656733,35.749000549316406
63739.835660439516,35.85599899291992
63739.90205520574,35.85599899291992
63739.968449971966,35.85599899291992
63740.034844738184,35.7599983215332
63740.10123950441,35.71900177001953
63740.16763427063,35.71900177001953
63740.23402903685,35.77199935913086
63740.30042380307,35.77199935913086
63740.366818569295,35.77199935913086
63740.43321333552,35.7239990234375
63740.49960810174,35.702999114990234
63740.56600286796,35.702999114990234
63740.63239763418,35.694000244140625
63740.698792400406,35.654998779296875
63740.765187166624,35.654998779296875
63740.83158193285,35.654998779296875
63740.89797669907,35.654998779296875
63740.96437146529,35.63800048828125
63741.03076623152,35.63100051879883
63741.097160997735,35.63100051879883
63741.16355576396,35.698001861572266
63741.22995053018,35.698001861572266
63741.2963452964,35.698001861572266
63741.36274006262,35.62099838256836
63741.429134828846,35.5880012512207
63741.49552959507,35.5880012512207
63741.56192436129,35.64400100708008
63741.628319127514,35.64400100708008
63741.69471389373,35.64400100708008
63741.76110865996,35.7400016784668
63741.827503426175,35.709999084472656
63741.8938981924,35.709999084472656
63741.96029295862,35.696998596191406
63742.02668772484,35.696998596191406
63742.09308249107,35.696998596191406
63742.159477257286,35.83399963378906
63742.22587202351,35.821998596191406
63742.29226678973,35.821998596191406
63742.358661555954,35.85200119018555
63742.42505632217,35.85200119018555
63742.4914510884,35.85200119018555
63742.55784585462,35.75899887084961
63742.62424062084,35.82500076293945
63742.690635387065,35.82500076293945
63742.75703015328,35.888999938964844
63742.82342491951,35.775001525878906
63742.889819685726,35.775001525878906
63742.95621445195,35.775001525878906
63743.02260921817,35.775001525878906
63743.089003984394,35.724998474121094
63743.15539875062,35.724998474121094
63743.22179351684,35.810001373291016
63743.28818828306,35.7760009765625
63743.35458304928,35.7760009765625
63743.420977815505,35.76100158691406
63743.48737258172,35.76100158691406
63743.55376734795,35.76100158691406
63743.62016211417,35.755001068115234
63743.68655688039,35.823001861572266
63743.75295164662,35.823001861572266
63743.819346412834,35.74599838256836
63743.88574117906,35.74599838256836
63743.95213594528,35.74599838256836
63744.0185307115,35.641998291015625
63744.08492547773,35.73899841308594
63744.151320243946,35.73899841308594
63744.21771501017,35.709999084472656
63744.28410977639,35.709999084472656
63744.35050454261,35.709999084472656
63744.41689930883,35.696998596191406
63744.48329407506,35.69200134277344
63744.549688841274,35.69200134277344
63744.6160836075,35.724998474121094
63744.682478373725,35.724998474121094
63744.74887313994,35.724998474121094
63744.81526790617,35.70399856567383
63744.881662672386,35.694000244140625
63744.94805743861,35.694000244140625
63745.01445220483,35.72600173950195
63745.080846971054,35.775001525878906
63745.14724173727,35.775001525878906
63745.2136365035,35.775001525878906
63745.28003126972,35.76100158691406
63745.34642603594,35.76100158691406
63745.412820802165,35.755001068115234
63745.47921556838,35.7869987487793
63745.54561033461,35.7869987487793
63745.612005100826,35.7869987487793
63745.67839986705,35.7869987487793
63745.744794633276,35.76599884033203
63745.811189399494,35.6510009765625
63745.87758416572,35.6510009765625
63745.94397893194,35.77799987792969
63746.01037369816,35.77799987792969
63746.07676846438,35.77799987792969
63746.143163230605,35.762001037597656
63746.20955799683,35.64899826049805
63746.27595276305,35.64899826049805
63746.34234752927,35.742000579833984
63746.40874229549,35.742000579833984
63746.475137061716,35.742000579833984
63746.541531827934,35.74599838256836
63746.60792659416,35.7130012512207
63746.67432136038,35.7130012512207
63746.7407161266,35.76900100708008
63746.80711089283,35.76900100708008
63746.873505659045,35.76900100708008
63746.93990042527,35.722999572753906
63747.00629519149,35.702999114990234
63747.07268995771,35.702999114990234
63747.13908472393,35.659000396728516
63747.205479490156,35.659000396728516
63747.27187425638,35.659000396728516
63747.3382690226,35.709999084472656
63747.404663788824,35.80400085449219
63747.47105855504,35.80400085449219
63747.53745332127,35.737998962402344
63747.603848087485,35.744998931884766
63747.67024285371,35.744998931884766
63747.73663761993,35.744998931884766
63747.80303238615,35.676998138427734
63747.86942715238,35.676998138427734
63747.935821918596,35.75400161743164
63748.00221668482,35.75400161743164
63748.06861145104,35.75199890136719
63748.135006217264,35.75199890136719
63748.20140098348,35.821998596191406
63748.26779574971,35.821998596191406
63748.33419051593,35.821998596191406
63748.40058528215,35.816001892089844
63748.466980048375,35.74300003051758
63748.53337481459,35.74300003051758
63748.59976958082,35.81800079345703
63748.666164347036,35.81800079345703
63748.73255911326,35.81800079345703
63748.79895387948,35.77899932861328
63748.865348645704,35.83399963378906
63748.93174341193,35.83399963378906
63748.99813817815,35.821998596191406
63749.06453294437,35.821998596191406
63749.13092771059,35.821998596191406
63749.197322476815,35.816001892089844
63749.26371724303,35.92100143432617
63749.33011200926,35.92100143432617
63749.39650677548,35.89500045776367
63749.4629015417,35.742000579833984
63749.52929630793,35.742000579833984
63749.595691074144,35.742000579833984
63749.66208584037,35.63999938964844
63749.72848060659,35.63999938964844
63749.79487537281,35.70199966430664
63749.86127013903,35.729000091552734
63749.927664905255,35.729000091552734
63749.99405967148,35.729000091552734
63750.0604544377,35.729000091552734
63750.12684920392,35.777000427246094
63750.19324397014,35.691001892089844
63750.25963873637,35.691001892089844
63750.326033502584,35.61800003051758
63750.39242826881,35.61800003051758
63750.458823035035,35.61800003051758
63750.52521780125,35.65700149536133
63750.59161256748,35.744998931884766
63750.658007333695,35.744998931884766
63750.72440209992,35.676998138427734
63750.79079686614,35.676998138427734
63750.85719163236,35.676998138427734
63750.92358639858,35.78900146484375
63750.98998116481,35.801998138427734
63751.05637593103,35.801998138427734
63751.12277069725,35.80799865722656
63751.189165463475,35.80799865722656
63751.25556022969,35.80799865722656
63751.32195499592,35.81100082397461
63751.388349762135,35.74100112915039
63751.45474452836,35.74100112915039
63751.521139294586,35.63999938964844
63751.5875340608,35.63999938964844
63751.65392882703,35.63999938964844
63751.72032359325,35.63100051879883
63751.78671835947,35.73400115966797
63751.85311312569,35.73400115966797
63751.919507891915,35.77899932861328
63751.98590265814,35.762001037597656
63752.05229742436,35.762001037597656
63752.11869219058,35.762001037597656
63752.1850869568,35.720001220703125
63752.251481723026,35.720001220703125
63752.317876489244,35.77199935913086
63752.38427125547,35.79499816894531
63752.45066602169,35.79499816894531
63752.51706078791,35.79499816894531
63752.58345555414,35.79499816894531
63752.649850320355,35.77000045776367
63752.71624508658,35.757999420166016
63752.7826398528,35.757999420166016
63752.84903461902,35.68299865722656
63752.91542938524,35.68299865722656
63752.981824151466,35.68299865722656
63753.048218917684,35.72100067138672
63753.11461368391,35.73699951171875
63753.181008450134,35.73699951171875
63753.24740321635,35.744998931884766
63753.31379798258,35.744998931884766
63753.380192748795,35.676998138427734
63753.44658751502,35.676998138427734
63753.51298228124,35.676998138427734
63753.57937704746,35.68299865722656
63753.64577181369,35.72100067138672
63753.712166579906,35.72100067138672
63753.77856134613,35.73699951171875
63753.84495611235,35.73699951171875
63753.911350878574,35.73699951171875
63753.97774564479,35.814998626708984
63754.04414041102,35.74300003051758
63754.11053517724,35.74300003051758
63754.17692994346,35.78200149536133
63754.243324709685,35.763999938964844
63754.3097194759,35.763999938964844
63754.37611424213,35.763999938964844
63754.442509008346,35.75600051879883
63754.50890377457,35.75600051879883
63754.57529854079,35.71699905395508
63754.641693307014,35.770999908447266
63754.70808807324,35.770999908447266
63754.77448283946,35.770999908447266
63754.84087760568,35.770999908447266
63754.9072723719,35.7239990234375
63754.973667138125,35.73899841308594
63755.04006190434,35.73899841308594
63755.10645667057,35.744998931884766
63755.17285143679,35.744998931884766
63755.23924620301,35.744998931884766
63755.305640969236,35.71200180053711
63755.372035735454,35.66299819946289
63755.43843050168,35.66299819946289
63755.5048252679,35.74800109863281
63755.57122003412,35.74800109863281
63755.63761480034,35.74800109863281
63755.704009566565,35.7140007019043
63755.77040433279,35.69900131225586
63755.83679909901,35.69900131225586
63755.90319386523,35.76300048828125
63755.96958863145,35.76300048828125
63756.035983397676,35.76300048828125
63756.102378163894,35.75600051879883
63756.16877293012,35.75199890136719
63756.235167696344,35.75199890136719
63756.30156246256,35.7869987487793
63756.36795722879,35.7869987487793
63756.434351995005,35.7869987487793
63756.50074676123,35.72999954223633
63756.56714152745,35.74100112915039
63756.63353629367,35.74100112915039
63756.69993105989,35.74599838256836
63756.76632582612,35.74800109863281
63756.83272059234,35.74800109863281
63756.89911535856,35.74800109863281
63756.965510124784,35.74800109863281
63757.031904891,35.643001556396484
63757.09829965723,35.70399856567383
63757.164694423445,35.70399856567383
63757.23108918967,35.659000396728516
63757.297483955896,35.659000396728516
63757.36387872211,35.659000396728516
63757.43027348834,35.63999938964844
63757.49666825456,35.737998962402344
63757.56306302078,35.737998962402344
63757.629457787,35.744998931884766
63757.695852553225,35.744998931884766
63757.76224731944,35.744998931884766
63757.82864208567,35.71200180053711
63757.89503685189,35.698001861572266
63757.96143161811,35.698001861572266
63758.027826384336,35.72800064086914
63758.09422115055,35.72800064086914
63758.16061591678,35.72800064086914
63758.227010683,35.66899871826172
63758.29340544922,35.66899871826172
63758.35980021545,35.68000030517578
63758.426194981665,35.720001220703125
63758.49258974789,35.720001220703125
63758.55898451411,35.80799865722656
63758.62537928033,35.80799865722656
63758.69177404655,35.810001373291016
63758.758168812776,35.810001373291016
63758.82456357899,35.810001373291016
63758.89095834522,35.8120002746582
63758.957353111444,35.847999572753906
63759.02374787766,35.847999572753906
63759.09014264389,35.827999114990234
63759.156537410105,35.827999114990234
63759.22293217633,35.827999114990234
63759.28932694255,35.784000396728516
63759.35572170877,35.694000244140625
63759.422116475,35.694000244140625
63759.488511241216,35.76100158691406
63759.55490600744,35.76100158691406
63759.62130077366,35.76100158691406
63759.687695539884,35.71900177001953
63759.7540903061,35.66600036621094
63759.82048507233,35.66600036621094
63759.88687983855,35.784000396728516
63759.95327460477,35.784000396728516
63760.019669370995,35.784000396728516
63760.08606413721,35.76499938964844
63760.15245890344,35.75600051879883
63760.218853669656,35.75600051879883
63760.28524843588,35.71699905395508
63760.3516432021,35.71699905395508
63760.418037968324,35.71699905395508
63760.48443273455,35.736000061035156
63760.55082750077,35.849998474121094
63760.61722226699,35.849998474121094
63760.68361703321,35.72200012207031
63760.750011799435,35.63199996948242
63760.81640656565,35.63199996948242
63760.88280133188,35.63199996948242
63760.9491960981,35.66299819946289
63761.01559086432,35.66299819946289
63761.081985630546,35.676998138427734
63761.148380396764,35.676998138427734
63761.21477516299,35.71799850463867
63761.28116992921,35.71799850463867
63761.34756469543,35.71799850463867
63761.41395946165,35.84299850463867
63761.480354227875,35.755001068115234
63761.5467489941,35.755001068115234
63761.61314376032,35.71699905395508
63761.67953852654,35.71699905395508
63761.74593329276,35.71699905395508
63761.812328058986,35.70000076293945
63761.878722825204,35.79899978637695
63761.94511759143,35.79899978637695
63762.011512357654,35.736000061035156
63762.07790712387,35.736000061035156
63762.1443018901,35.736000061035156
63762.210696656315,35.77899932861328
63762.27709142254,35.76300048828125
63762.34348618876,35.76300048828125
63762.40988095498,35.79100036621094
63762.4762757212,35.79100036621094
63762.542670487426,35.79100036621094
63762.60906525365,35.768001556396484
63762.67546001987,35.792999267578125
63762.741854786094,35.792999267578125
63762.80824955231,35.6619987487793
63762.87464431854,35.71200180053711
63762.941039084755,35.71200180053711
63763.00743385098,35.71200180053711
63763.073828617205,35.71200180053711
63763.14022338342,35.62699890136719
63763.20661814965,35.696998596191406
63763.273012915866,35.696998596191406
63763.33940768209,35.79800033569336
63763.40580244831,35.79800033569336
63763.472197214534,35.770999908447266
63763.53859198075,35.770999908447266
63763.60498674698,35.770999908447266
63763.6713815132,35.6879997253418
63763.73777627942,35.722999572753906
63763.804171045645,35.722999572753906
63763.87056581186,35.77399826049805
63763.93696057809,35.77399826049805
63764.003355344306,35.77399826049805
63764.06975011053,35.83100128173828
63764.13614487676,35.75
63764.202539642974,35.75
63764.2689344092,35.75
63764.33532917542,35.75
63764.40172394164,35.75
63764.46811870786,35.7140007019043
63764.534513474086,35.69900131225586
63764.6009082403,35.69900131225586
63764.66730300653,35.76300048828125
63764.733697772754,35.75600051879883
63764.80009253897,35.75600051879883
63764.8664873052,35.75600051879883
63764.932882071414,35.645999908447266
63764.99927683764,35.645999908447266
63765.06567160386,35.74100112915039
63765.13206637008,35.74100112915039
63765.19846113631,35.78099822998047
63765.264855902526,35.78099822998047
63765.33125066875,35.78099822998047
63765.39764543497,35.763999938964844
63765.464040201194,35.79100036621094
63765.53043496741,35.79100036621094
63765.59682973364,35.874000549316406
63765.663224499855,35.874000549316406
63765.72961926608,35.874000549316406
63765.796014032305,35.90999984741211
63765.86240879852,35.74800109863281
63765.92880356475,35.74800109863281
63765.995198330966,35.749000549316406
63766.06159309719,35.749000549316406
63766.12798786341,35.749000549316406
63766.194382629634,35.82099914550781
63766.26077739586,35.78099822998047
63766.32717216208,35.78099822998047
63766.3935669283,35.83399963378906
63766.45996169452,35.83399963378906
63766.526356460745,35.83399963378906
63766.59275122696,35.7859992980957
63766.65914599319,35.76599884033203
63766.725540759406,35.76599884033203
63766.79193552563,35.72100067138672
63766.858330291856,35.72100067138672
63766.924725058074,35.72100067138672
63766.9911198243,35.70199966430664
63767.05751459052,35.694000244140625
63767.12390935674,35.694000244140625
63767.19030412296,35.72600173950195
63767.256698889185,35.775001525878906
63767.32309365541,35.775001525878906
63767.38948842163,35.775001525878906
63767.45588318785,35.775001525878906
63767.52227795407,35.724998474121094
63767.588672720296,35.810001373291016
63767.655067486514,35.810001373291016
63767.72146225274,35.8120002746582
63767.787857018964,35.8120002746582
63767.85425178518,35.8120002746582
63767.92064655141,35.777000427246094
63767.987041317625,35.654998779296875
63768.05343608385,35.654998779296875
63768.11983085007,35.67399978637695
63768.18622561629,35.67399978637695
63768.25262038251,35.67399978637695
63768.319015148736,35.71699905395508
63768.38540991496,35.70000076293945
63768.45180468118,35.70000076293945
63768.518199447404,35.69300079345703
63768.58459421362,35.69300079345703
63768.65098897985,35.76100158691406
63768.717383746065,35.76100158691406
63768.78377851229,35.76100158691406
63768.850173278515,35.71900177001953
63768.91656804473,35.70100021362305
63768.98296281096,35.70100021362305
63769.049357577176,35.834999084472656
63769.1157523434,35.834999084472656
63769.18214710962,35.834999084472656
63769.248541875844,35.715999603271484
63769.31493664206,35.70000076293945
63769.38133140829,35.70000076293945
63769.44772617451,35.58599853515625
63769.51412094073,35.71500015258789
63769.580515706955,35.71500015258789
63769.64691047317,35.71500015258789
63769.7133052394,35.77000045776367
63769.779700005616,35.77000045776367
63769.84609477184,35.722999572753906
63769.91248953807,35.702999114990234
63769.978884304284,35.702999114990234
63770.04527907051,35.702999114990234
63770.11167383673,35.702999114990234
63770.17806860295,35.659000396728516
63770.24446336917,35.71099853515625
63770.310858135395,35.71099853515625
63770.37725290161,35.696998596191406
63770.44364766784,35.696998596191406
63770.51004243406,35.696998596191406
63770.57643720028,35.83399963378906
63770.64283196651,35.71500015258789
63770.709226732724,35.71500015258789
63770.77562149895,35.70000076293945
63770.84201626517,35.70000076293945
63770.90841103139,35.70000076293945
63770.97480579762,35.72800064086914
63771.041200563835,35.74100112915039
63771.10759533006,35.74100112915039
63771.17399009628,35.709999084472656
63771.2403848625,35.709999084472656
63771.30677962872,35.709999084472656
63771.37317439495,35.6619987487793
63771.439569161164,35.67599868774414
63771.50596392739,35.67599868774414
63771.572358693615,35.75400161743164
63771.63875345983,35.75400161743164
63771.70514822606,35.75400161743164
63771.771542992275,35.715999603271484
63771.8379377585,35.70000076293945
63771.90433252472,35.70000076293945
63771.97072729094,35.69300079345703
63772.03712205717,35.689998626708984
63772.10351682339,35.689998626708984
63772.16991158961,35.689998626708984
63772.23630635583,35.7239990234375
63772.302701122055,35.7239990234375
63772.36909588827,35.845001220703125
63772.4354906545,35.845001220703125
63772.501885420716,35.82699966430664
63772.56828018694,35.82699966430664
63772.634674953166,35.82699966430664
63772.701069719384,35.78300094604492
63772.76746448561,35.79999923706055
63772.83385925183,35.79999923706055
63772.90025401805,35.77199935913086
63772.96664878427,35.77199935913086
63773.033043550495,35.77199935913086
63773.09943831672,35.6879997253418
63773.16583308294,35.75899887084961
63773.23222784916,35.75899887084961
63773.29862261538,35.78900146484375
63773.365017381606,35.78900146484375
63773.431412147824,35.78900146484375
63773.49780691405,35.766998291015625
63773.56420168027,35.766998291015625
63773.63059644649,35.72200012207031
63773.69699121272,35.70199966430664
63773.763385978935,35.70199966430664
63773.82978074516,35.694000244140625
63773.89617551138,35.72600173950195
63773.9625702776,35.72600173950195
63774.02896504382,35.72600173950195
63774.095359810046,35.72600173950195
63774.16175457627,35.7400016784668
63774.22814934249,35.709999084472656
63774.294544108714,35.709999084472656
63774.36093887493,35.768001556396484
63774.42733364116,35.768001556396484
63774.493728407375,35.768001556396484
63774.5601231736,35.6510009765625
63774.62651793982,35.707000732421875
63774.69291270604,35.707000732421875
63774.75930747227,35.766998291015625
63774.825702238486,35.766998291015625
63774.89209700471,35.766998291015625
63774.95849177093,35.827999114990234
63775.024886537154,35.74800109863281
63775.09128130337,35.74800109863281
63775.1576760696,35.749000549316406
63775.22407083582,35.749000549316406
63775.29046560204,35.749000549316406
63775.356860368265,35.75
63775.42325513448,35.67900085449219
63775.48964990071,35.67900085449219
63775.556044666926,35.755001068115234
63775.62243943315,35.755001068115234
63775.688834199376,35.755001068115234
63775.755228965594,35.75199890136719
63775.82162373182,35.71500015258789
63775.88801849804,35.71500015258789
63775.95441326426,35.70000076293945
63776.02080803048,35.70000076293945
63776.087202796705,35.70000076293945
63776.15359756292,35.69300079345703
63776.21999232915,35.832000732421875
63776.28638709537,35.832000732421875
63776.35278186159,35.891998291015625
63776.419176627816,35.70500183105469
63776.485571394034,35.70500183105469
63776.55196616026,35.70500183105469
63776.61836092648,35.70500183105469
63776.6847556927,35.80099868774414
63776.75115045893,35.77199935913086
63776.817545225145,35.77199935913086
63776.88393999137,35.79499816894531
63776.95033475759,35.79499816894531
63777.01672952381,35.79499816894531
63777.08312429003,35.73400115966797
63777.14951905626,35.672000885009766
63777.215913822474,35.672000885009766
63777.2823085887,35.75199890136719
63777.348703354925,35.75199890136719
63777.41509812114,35.75199890136719
63777.48149288737,35.71500015258789
63777.547887653585,35.77000045776367
63777.61428241981,35.77000045776367
63777.68067718603,35.722999572753906
63777.74707195225,35.722999572753906
63777.81346671848,35.722999572753906
63777.8798614847,35.77399826049805
63777.94625625092,35.724998474121094
63778.01265101714,35.724998474121094
63778.079045783365,35.73899841308594
63778.14544054958,35.73899841308594
63778.21183531581,35.73899841308594
63778.278230082025,35.78099822998047
63778.34462484825,35.83399963378906
63778.411019614476,35.83399963378906
63778.47741438069,35.821998596191406
63778.54380914692,35.81700134277344
63778.61020391314,35.81700134277344
63778.67659867936,35.59400177001953
63778.74299344558,35.81399917602539
63778.809388211805,35.81399917602539
63778.87578297803,35.81399917602539
63778.94217774425,35.67100143432617
63779.00857251047,35.64500045776367
63779.07496727669,35.64500045776367
63779.141362042916,35.7760009765625
63779.20775680913,35.7760009765625
63779.27415157536,35.7760009765625
63779.34054634158,35.797000885009766
63779.4069411078,35.73500061035156
63779.47333587403,35.73500061035156
63779.539730640245,35.70800018310547
63779.60612540647,35.70800018310547
63779.67252017269,35.70800018310547
63779.73891493891,35.803001403808594
63779.80530970513,35.73699951171875
63779.871704471356,35.73699951171875
63779.93809923758,35.67399978637695
63780.0044940038,35.67399978637695
63780.070888770024,35.67399978637695
63780.13728353624,35.680999755859375
63780.20367830247,35.79100036621094
63780.270073068685,35.79100036621094
63780.33646783491,35.731998443603516
63780.40286260113,35.77799987792969
63780.46925736735,35.77799987792969
63780.53565213358,35.77799987792969
63780.602046899796,35.79800033569336
63780.66844166602,35.79800033569336
63780.73483643224,35.70000076293945
63780.801231198464,35.70000076293945
63780.86762596468,35.763999938964844
63780.93402073091,35.763999938964844
63781.00041549713,35.763999938964844
63781.06681026335,35.720001220703125
63781.133205029575,35.73699951171875
63781.19959979579,35.73699951171875
63781.26599456202,35.779998779296875
63781.332389328236,35.779998779296875
63781.39878409446,35.779998779296875
63781.465178860686,35.72700119018555
63781.531573626904,35.70500183105469
63781.59796839313,35.70500183105469
63781.66436315935,35.76599884033203
63781.73075792557,35.76599884033203
63781.79715269179,35.76599884033203
63781.863547458015,35.79199981689453
63781.92994222423,35.80400085449219
63781.99633699046,35.80400085449219
63782.06273175668,35.808998107910156
63782.1291265229,35.808998107910156
63782.195521289126,35.808998107910156
63782.261916055344,35.7400016784668
63782.32831082157,35.81700134277344
63782.39470558779,35.81700134277344
63782.46110035401,35.74300003051758
63782.52749512023,35.85300064086914
63782.593889886455,35.85300064086914
63782.66028465268,35.85300064086914
63782.7266794189,35.79499816894531
63782.79307418512,35.79499816894531
63782.85946895134,35.80500030517578
63782.925863717566,35.808998107910156
63782.992258483784,35.808998107910156
63783.05865325001,35.808998107910156
63783.125048016234,35.808998107910156
63783.19144278245,35.952999114990234
63783.25783754868,35.909000396728516
63783.324232314895,35.909000396728516
63783.39062708112,35.78300094604492
63783.45702184734,35.78300094604492
63783.52341661356,35.78300094604492
63783.58981137979,35.763999938964844
63783.656206146006,35.72100067138672
63783.72260091223,35.72100067138672
63783.78899567845,35.73699951171875
63783.855390444674,35.73699951171875
63783.92178521089,35.744998931884766
63783.98817997712,35.744998931884766
63784.054574743335,35.744998931884766
63784.12096950956,35.71200180053711
63784.187364275786,35.73400115966797
63784.253759042,35.73400115966797
63784.32015380823,35.74300003051758
63784.386548574446,35.74300003051758
63784.45294334067,35.74300003051758
63784.51933810689,35.78200149536133
63784.585732873114,35.763999938964844
63784.65212763934,35.763999938964844
63784.71852240556,35.75600051879883
63784.78491717178,35.71699905395508
63784.851311938,35.71699905395508
63784.917706704226,35.71699905395508
63784.98410147044,35.80699920654297
63785.05049623667,35.80699920654297
63785.11689100289,35.73899841308594
63785.18328576911,35.78099822998047
63785.24968053534,35.78099822998047
63785.316075301555,35.78099822998047
63785.38247006778,35.78099822998047
63785.448864834,35.79899978637695
63785.51525960022,35.80699920654297
63785.58165436644,35.80699920654297
63785.648049132666,35.77399826049805
63785.71444389889,35.77399826049805
63785.78083866511,35.77399826049805
63785.847233431334,35.76100158691406
63785.91362819755,35.71900177001953
63785.98002296378,35.71900177001953
63786.046417729995,35.84299850463867
63786.11281249622,35.84299850463867
63786.17920726244,35.84299850463867
63786.24560202866,35.82600021362305
63786.31199679489,35.74700164794922
63786.378391561106,35.74700164794922
63786.44478632733,35.784000396728516
63786.51118109355,35.784000396728516
63786.577575859774,35.784000396728516
63786.64397062599,35.729000091552734
63786.71036539222,35.729000091552734
63786.77676015844,35.729000091552734
63786.84315492466,35.70600128173828
63786.909549690885,35.70600128173828
63786.9759444571,35.65999984741211
63787.04233922333,35.65999984741211
63787.108733989546,35.65999984741211
63787.17512875577,35.63999938964844
63787.24152352199,35.737998962402344
63787.307918288214,35.737998962402344
63787.37431305444,35.744998931884766
63787.44070782066,35.74800109863281
63787.50710258688,35.74800109863281
63787.5734973531,35.74800109863281
63787.639892119325,35.74800109863281
63787.70628688554,35.7140007019043
63787.77268165177,35.62799835205078
63787.83907641799,35.62799835205078
63787.90547118421,35.6619987487793
63787.971865950436,35.6619987487793
63788.038260716654,35.6619987487793
63788.10465548288,35.71200180053711
63788.1710502491,35.59199905395508
63788.23744501532,35.59199905395508
63788.30383978154,35.645999908447266
63788.370234547765,35.645999908447266
63788.43662931399,35.645999908447266
63788.50302408021,35.7400016784668
63788.56941884643,35.63999938964844
63788.63581361265,35.63999938964844
63788.702208378876,35.70199966430664
63788.768603145094,35.70199966430664
63788.83499791132,35.70199966430664
63788.901392677544,35.729000091552734
63788.96778744376,35.729000091552734
63789.03418220999,35.74100112915039
63789.100576976205,35.78200149536133
63789.16697174243,35.78200149536133
63789.23336650865,35.72800064086914
63789.29976127487,35.72800064086914
63789.3661560411,35.72800064086914
63789.432550807316,35.74100112915039
63789.49894557354,35.78099822998047
63789.56534033976,35.78099822998047
63789.631735105984,35.763999938964844
63789.6981298722,35.79100036621094
63789.76452463843,35.79100036621094
63789.830919404645,35.79100036621094
63789.89731417087,35.79100036621094
63789.963708937095,35.731998443603516
63790.03010370331,35.8489990234375
63790.09649846954,35.8489990234375
63790.162893235756,35.75699996948242
63790.22928800198,35.75699996948242
63790.2956827682,35.75699996948242
63790.362077534424,35.71799850463867
63790.42847230064,35.665000915527344
63790.49486706687,35.665000915527344
63790.56126183309,35.678001403808594
63790.62765659931,35.678001403808594
63790.694051365535,35.678001403808594
63790.76044613175,35.64799880981445
63790.82684089798,35.66999816894531
63790.893235664196,35.66999816894531
63790.95963043042,35.750999450683594
63791.02602519665,35.750999450683594
63791.092419962864,35.750999450683594
63791.15881472909,35.75
63791.22520949531,35.71500015258789
63791.29160426153,35.71500015258789
63791.35799902775,35.805999755859375
63791.424393793975,35.805999755859375
63791.4907885602,35.805999755859375
63791.55718332642,35.702999114990234
63791.62357809264,35.72999954223633
63791.68997285886,35.72999954223633
63791.75636762509,35.777000427246094
63791.822762391304,35.86800003051758
63791.88915715753,35.86800003051758
63791.95555192375,35.86800003051758
63792.02194668997,35.86800003051758
63792.0883414562,35.659000396728516
63792.154736222416,35.67499923706055
63792.22113098864,35.67499923706055
63792.28752575486,35.78900146484375
63792.35392052108,35.78900146484375
63792.4203152873,35.78900146484375
63792.48671005353,35.801998138427734
63792.55310481975,35.87900161743164
63792.61949958597,35.87900161743164
63792.685894352195,35.9119987487793
63792.75228911841,35.9119987487793
63792.81868388464,35.9119987487793
63792.885078650856,35.78499984741211
63792.95147341708,35.76499938964844
63793.0178681833,35.76499938964844
63793.084262949524,35.72100067138672
63793.15065771575,35.72100067138672
63793.21705248197,35.72100067138672
63793.28344724819,35.70199966430664
63793.34984201441,35.729000091552734
63793.416236780635,35.729000091552734
63793.48263154685,35.70600128173828
63793.54902631308,35.70600128173828
63793.6154210793,35.70600128173828
63793.68181584552,35.73099899291992
63793.748210611746,35.777000427246094
63793.814605377964,35.777000427246094
63793.88100014419,35.654998779296875
63793.94739491041,35.70899963378906
63794.01378967663,35.70899963378906
63794.08018444285,35.696998596191406
63794.146579209075,35.696998596191406
63794.2129739753,35.696998596191406
63794.27936874152,35.696998596191406
63794.34576350774,35.762001037597656
63794.41215827396,35.79100036621094
63794.478553040186,35.79100036621094
63794.544947806404,35.696998596191406
63794.61134257263,35.696998596191406
63794.677737338854,35.696998596191406
63794.74413210507,35.69200134277344
63794.8105268713,35.7599983215332
63794.876921637515,35.7599983215332
63794.94331640374,35.71900177001953
63795.00971116996,35.71900177001953
63795.07610593618,35.71900177001953
63795.1425007024,35.73699951171875
63795.208895468626,35.70899963378906
63795.27529023485,35.70899963378906
63795.34168500107,35.803001403808594
63795.408079767294,35.803001403808594
63795.47447453351,35.803001403808594
63795.54086929974,35.77299880981445
63795.607264065955,35.7599983215332
63795.67365883218,35.7599983215332
63795.740053598405,35.71900177001953
63795.80644836462,35.71900177001953
63795.87284313085,35.71900177001953
63795.939237897066,35.73699951171875
63796.00563266329,35.779998779296875
63796.07202742951,35.779998779296875
63796.138422195734,35.65599822998047
63796.20481696195,35.816001892089844
63796.27121172818,35.816001892089844
63796.3376064944,35.816001892089844
63796.40400126062,35.74300003051758
63796.470396026845,35.74300003051758
63796.53679079306,35.64099884033203
63796.60318555929,35.64099884033203
63796.669580325506,35.737998962402344
63796.73597509173,35.737998962402344
63796.80236985796,35.737998962402344
63796.868764624174,35.67399978637695
63796.9351593904,35.75299835205078
63797.00155415662,35.75299835205078
63797.06794892284,35.68000030517578
63797.13434368906,35.68000030517578
63797.200738455285,35.68000030517578
63797.26713322151,35.720001220703125
63797.33352798773,35.73699951171875
63797.39992275395,35.73699951171875
63797.46631752017,35.74399948120117
63797.5327122864,35.74399948120117
63797.599107052614,35.74399948120117
63797.66550181884,35.78300094604492
63797.73189658506,35.763999938964844
63797.79829135128,35.763999938964844
63797.86468611751,35.72100067138672
63797.931080883725,35.72100067138672
63797.99747564995,35.72100067138672
63798.06387041617,35.77299880981445
63798.13026518239,35.7599983215332
63798.19665994861,35.7599983215332
63798.26305471484,35.64799880981445
63798.32944948106,35.64799880981445
63798.39584424728,35.64799880981445
63798.462239013505,35.74100112915039
63798.52863377972,35.85300064086914
63798.59502854595,35.85300064086914
63798.661423312165,35.79399871826172
63798.72781807839,35.76900100708008
63798.79421284461,35.76900100708008
63798.86060761083,35.76900100708008
63798.92700237706,35.76900100708008
63798.99339714328,35.722999572753906
63799.0597919095,35.880001068115234
63799.12618667572,35.880001068115234
63799.192581441945,35.87699890136719
63799.25897620816,35.87699890136719
63799.32537097439,35.77000045776367
63799.39176574061,35.77000045776367
63799.45816050683,35.77000045776367
63799.524555273056,35.722999572753906
63799.59095003927,35.702999114990234
63799.6573448055,35.702999114990234
63799.72373957172,35.80099868774414
63799.79013433794,35.80099868774414
63799.85652910416,35.80099868774414
63799.922923870385,35.77199935913086
63799.98931863661,35.7239990234375
63800.05571340283,35.7239990234375
63800.12210816905,35.667999267578125
63800.18850293527,35.667999267578125
63800.254897701496,35.667999267578125
63800.321292467714,35.75
63800.38768723394,35.71500015258789
63800.454082000164,35.71500015258789
63800.52047676638,35.69900131225586
63800.58687153261,35.65700149536133
63800.653266298825,35.65700149536133
63800.71966106505,35.65700149536133
63800.78605583127,35.67399978637695
63800.85245059749,35.67399978637695
63800.91884536371,35.82400131225586
63800.985240129936,35.85300064086914
63801.05163489616,35.85300064086914
63801.11802966238,35.85300064086914
63801.184424428604,35.85300064086914
63801.25081919482,35.79399871826172
63801.31721396105,35.76900100708008
63801.383608727265,35.76900100708008
63801.45000349349,35.757999420166016
63801.516398259715,35.757999420166016
63801.58279302593,35.757999420166016
63801.64918779216,35.75400161743164
63801.715582558376,35.7869987487793
63801.7819773246,35.7869987487793
63801.84837209082,35.73099899291992
63801.914766857044,35.73099899291992
63801.98116162326,35.73099899291992
63802.04755638949,35.8129997253418
63802.11395115571,35.742000579833984
63802.18034592193,35.742000579833984
63802.246740688155,35.74599838256836
63802.31313545437,35.74599838256836
63802.3795302206,35.74599838256836
63802.445924986816,35.784000396728516
63802.51231975304,35.79999923706055
63802.578714519266,35.79999923706055
63802.645109285484,35.77199935913086
63802.71150405171,35.77199935913086
63802.77789881793,35.77199935913086
63802.84429358415,35.79499816894531
63802.91068835037,35.80500030517578
63802.977083116595,35.80500030517578
63803.04347788281,35.77399826049805
63803.10987264904,35.58300018310547
63803.17626741526,35.58300018310547
63803.24266218148,35.58300018310547
63803.309056947706,35.641998291015625
63803.375451713924,35.641998291015625
63803.44184648015,35.702999114990234
63803.50824124637,35.702999114990234
63803.57463601259,35.694000244140625
63803.64103077882,35.694000244140625
63803.707425545035,35.694000244140625
63803.77382031126,35.689998626708984
63803.84021507748,35.65299987792969
63803.9066098437,35.65299987792969
63803.97300460992,35.67300033569336
63804.039399376146,35.67300033569336
63804.105794142364,35.67300033569336
63804.17218890859,35.680999755859375
63804.238583674814,35.680999755859375
63804.30497844103,35.685001373291016
63804.37137320726,35.792999267578125
63804.437767973475,35.792999267578125
63804.5041627397,35.8390007019043
63804.57055750592,35.8390007019043
63804.63695227214,35.8390007019043
63804.70334703837,35.78900146484375
63804.76974180459,35.73099899291992
63804.83613657081,35.73099899291992
63804.90253133703,35.742000579833984
63804.968926103254,35.74599838256836
63805.03532086947,35.74599838256836
63805.1017156357,35.74599838256836
63805.16811040192,35.74599838256836
63805.23450516814,35.678001403808594
63805.300899934366,35.790000915527344
63805.36729470058,35.790000915527344
63805.43368946681,35.731998443603516
63805.50008423303,35.731998443603516
63805.56647899925,35.731998443603516
63805.63287376547,35.8129997253418
63805.699268531695,35.742000579833984
63805.76566329792,35.742000579833984
63805.83205806414,35.71099853515625
63805.89845283036,35.71099853515625
63805.96484759658,35.71099853515625
63806.031242362806,35.76900100708008
63806.09763712902,35.6870002746582
63806.16403189525,35.6870002746582
63806.230426661474,35.722999572753906
63806.29682142769,35.722999572753906
63806.36321619392,35.722999572753906
63806.429610960135,35.702999114990234
63806.49600572636,35.76499938964844
63806.56240049258,35.76499938964844
63806.6287952588,35.79199981689453
63806.69519002502,35.79199981689453
63806.761584791246,35.79199981689453
63806.82797955747,35.80400085449219
63806.89437432369,35.808998107910156
63806.960769089914,35.808998107910156
63807.02716385613,35.70399856567383
63807.09355862236,35.69499969482422
63807.159953388575,35.69499969482422
63807.2263481548,35.69499969482422
63807.292742921025,35.72600173950195
63807.35913768724,35.72600173950195
63807.42553245347,35.7400016784668
63807.491927219686,35.7400016784668
63807.55832198591,35.74599838256836
63807.62471675213,35.74599838256836
63807.691111518354,35.74599838256836
63807.75750628457,35.7130012512207
63807.8239010508,35.698001861572266
63807.89029581702,35.698001861572266
63807.95669058324,35.76300048828125
63808.023085349465,35.76300048828125
63808.08948011568,35.76300048828125
63808.15587488191,35.82699966430664
63808.222269648126,35.71200180053711
63808.28866441435,35.71200180053711
63808.355059180576,35.80500030517578
63808.421453946794,35.80500030517578
63808.48784871302,35.80500030517578
63808.55424347924,35.77399826049805
63808.62063824546,35.7599983215332
63808.68703301168,35.7599983215332
63808.753427777905,35.71900177001953
63808.81982254412,35.71900177001953
63808.88621731035,35.71900177001953
63808.95261207657,35.73699951171875
63809.01900684279,35.779998779296875
63809.085401609016,35.779998779296875
63809.151796375234,35.79800033569336
63809.21819114146,35.770999908447266
63809.28458590768,35.770999908447266
63809.3509806739,35.6879997253418
63809.41737544013,35.6879997253418
63809.483770206345,35.6879997253418
63809.55016497257,35.75899887084961
63809.61655973879,35.75899887084961
63809.68295450501,35.75400161743164
63809.74934927123,35.75199890136719
63809.815744037456,35.75199890136719
63809.882138803674,35.75199890136719
63809.9485335699,35.75199890136719
63810.014928336124,35.7859992980957
63810.08132310234,35.80099868774414
63810.14771786857,35.80099868774414
63810.214112634785,35.73699951171875
63810.28050740101,35.73699951171875
63810.34690216723,35.73699951171875
63810.41329693345,35.74399948120117
63810.47969169968,35.78300094604492
63810.546086465896,35.78300094604492
63810.61248123212,35.69300079345703
63810.67887599834,35.69300079345703
63810.745270764564,35.69300079345703
63810.81166553078,35.689998626708984
63810.87806029701,35.68899917602539
63810.944455063225,35.68899917602539
63811.01084982945,35.75899887084961
63811.077244595675,35.75899887084961
63811.14363936189,35.75899887084961
63811.21003412812,35.78900146484375
63811.276428894336,35.801998138427734
63811.34282366056,35.801998138427734
63811.40921842678,35.73699951171875
63811.475613193004,35.73699951171875
63811.54200795923,35.73699951171875
63811.60840272545,35.779998779296875
63811.67479749167,35.79800033569336
63811.74119225789,35.79800033569336
63811.807587024115,35.770999908447266
63811.87398179033,35.75899887084961
63811.94037655656,35.75899887084961
63812.006771322776,35.75899887084961
63812.073166089,35.75899887084961
63812.13956085523,35.71799850463867
63812.205955621444,35.736000061035156
63812.27235038767,35.736000061035156
63812.33874515389,35.779998779296875
63812.40513992011,35.779998779296875
63812.47153468633,35.779998779296875
63812.537929452556,35.79800033569336
63812.60432421878,35.770999908447266
63812.670718985,35.770999908447266
63812.737113751224,35.6879997253418
63812.80350851744,35.6879997253418
63812.86990328367,35.6879997253418
63812.936298049884,35.722999572753906
63813.00269281611,35.66699981689453
63813.069087582335,35.66699981689453
63813.13548234855,35.67900085449219
63813.20187711478,35.67900085449219
63813.268271880996,35.67900085449219
63813.33466664722,35.790000915527344
63813.40106141344,35.69599914550781
63813.467456179664,35.69599914550781
63813.53385094588,35.691001892089844
63813.60024571211,35.691001892089844
63813.66664047833,35.691001892089844
63813.73303524455,35.68899917602539
63813.799430010775,35.75899887084961
63813.86582477699,35.75899887084961
63813.93221954322,35.71799850463867
63813.998614309436,35.736000061035156
63814.06500907566,35.736000061035156
63814.131403841886,35.736000061035156
63814.197798608104,35.70899963378906
63814.26419337433,35.70899963378906
63814.33058814055,35.803001403808594
63814.39698290677,35.803001403808594
63814.46337767299,35.77299880981445
63814.529772439215,35.77299880981445
63814.59616720543,35.79499816894531
63814.66256197166,35.79499816894531
63814.72895673788,35.79499816894531
63814.7953515041,35.77000045776367
63814.861746270326,35.79399871826172
63814.928141036544,35.79399871826172
63814.99453580277,35.84000015258789
63815.06093056899,35.84000015258789
63815.12732533521,35.84000015258789
63815.19372010144,35.78900146484375
63815.260114867655,35.766998291015625
63815.32650963388,35.766998291015625
63815.3929044001,35.827999114990234
63815.45929916632,35.827999114990234
63815.52569393254,35.827999114990234
63815.592088698766,35.85499954223633
63815.658483464984,35.79499816894531
63815.72487823121,35.79499816894531
63815.791272997434,35.73400115966797
63815.85766776365,35.73400115966797
63815.92406252988,35.73400115966797
63815.990457296095,35.74300003051758
63816.05685206232,35.71200180053711
63816.12324682854,35.71200180053711
63816.18964159476,35.84000015258789
63816.25603636099,35.84000015258789
63816.322431127206,35.89500045776367
63816.38882589343,35.89500045776367
63816.45522065965,35.89500045776367
63816.521615425874,35.8129997253418
63816.58801019209,35.777000427246094
63816.65440495832,35.777000427246094
63816.720799724535,35.691001892089844
63816.78719449076,35.691001892089844
63816.853589256985,35.691001892089844
63816.9199840232,35.68899917602539
63816.98637878943,35.6879997253418
63817.052773555646,35.6879997253418
63817.11916832187,35.6879997253418
63817.18556308809,35.6879997253418
63817.251957854314,35.6879997253418
63817.31835262054,35.75899887084961
63817.38474738676,35.78900146484375
63817.45114215298,35.78900146484375
63817.5175369192,35.73099899291992
63817.583931685425,35.73099899291992
63817.65032645164,35.73099899291992
63817.71672121787,35.63600158691406
63817.783115984086,35.770999908447266
63817.84951075031,35.770999908447266
63817.91590551654,35.7239990234375
63817.982300282754,35.7239990234375
63818.04869504898,35.7239990234375
63818.1150898152,35.77399826049805
63818.18148458142,35.79600143432617
63818.24787934764,35.79600143432617
63818.314274113865,35.77000045776367
63818.38066888009,35.722999572753906
63818.44706364631,35.722999572753906
63818.51345841253,35.722999572753906
63818.57985317875,35.722999572753906
63818.64624794498,35.59700012207031
63818.712642711194,35.790000915527344
63818.77903747742,35.790000915527344
63818.845432243645,35.766998291015625
63818.91182700986,35.766998291015625
63818.97822177609,35.766998291015625
63819.044616542305,35.75699996948242
63819.11101130853,35.75299835205078
63819.17740607475,35.75299835205078
63819.24380084097,35.7869987487793
63819.31019560719,35.7869987487793
63819.37659037342,35.7869987487793
63819.44298513964,35.76599884033203
63819.50937990586,35.76599884033203
63819.575774672085,35.68600082397461
63819.6421694383,35.6870002746582
63819.70856420453,35.6870002746582
63819.774958970746,35.652000427246094
63819.84135373697,35.652000427246094
63819.90774850319,35.652000427246094
63819.97414326941,35.637001037597656
63820.04053803564,35.736000061035156
63820.10693280186,35.736000061035156
63820.17332756808,35.814998626708984
63820.2397223343,35.81399917602539
63820.306117100525,35.81399917602539
63820.37251186674,35.81399917602539
63820.43890663297,35.77799987792969
63820.50530139919,35.77799987792969
63820.57169616541,35.65599822998047
63820.638090931636,35.70899963378906
63820.704485697854,35.70899963378906
63820.77088046408,35.70899963378906
63820.8372752303,35.70899963378906
63820.90366999652,35.731998443603516
63820.97006476275,35.707000732421875
63821.036459528965,35.707000732421875
63821.10285429519,35.65999984741211
63821.16924906141,35.65999984741211
63821.23564382763,35.65999984741211
63821.30203859385,35.60499954223633
63821.368433360076,35.652000427246094
63821.434828126294,35.652000427246094
63821.50122289252,35.60100173950195
63821.567617658744,35.60100173950195
63821.63401242496,35.60100173950195
63821.70040719119,35.57899856567383
63821.766801957405,35.71200180053711
63821.83319672363,35.71200180053711
63821.89959148985,35.76900100708008
63821.96598625607,35.76900100708008
63822.0323810223,35.76900100708008
63822.098775788516,35.79399871826172
63822.16517055474,35.76900100708008
63822.23156532096,35.76900100708008
63822.297960087184,35.722999572753906
63822.3643548534,35.722999572753906
63822.43074961963,35.722999572753906
63822.497144385845,35.808998107910156
63822.56353915207,35.84600067138672
63822.629933918295,35.84600067138672
63822.69632868451,35.79199981689453
63822.76272345074,35.768001556396484
63822.829118216956,35.768001556396484
63822.89551298318,35.768001556396484
63822.9619077494,35.6510009765625
63823.028302515624,35.6510009765625
63823.09469728185,35.672000885009766
63823.16109204807,35.672000885009766
63823.22748681429,35.715999603271484
63823.29388158051,35.715999603271484
63823.360276346735,35.715999603271484
63823.42667111295,35.770999908447266
63823.49306587918,35.79399871826172
63823.559460645396,35.79399871826172
63823.62585541162,35.76900100708008
63823.692250177846,35.76900100708008
63823.758644944064,35.76900100708008
63823.82503971029,35.722999572753906
63823.89143447651,35.702999114990234
63823.95782924273,35.702999114990234
63824.02422400895,35.79999923706055
63824.090618775175,35.79999923706055
63824.1570135414,35.79999923706055
63824.22340830762,35.80699920654297
63824.28980307384,35.775001525878906
63824.35619784006,35.775001525878906
63824.422592606286,35.76100158691406
63824.488987372504,35.76100158691406
63824.55538213873,35.76100158691406
63824.62177690495,35.71900177001953
63824.68817167117,35.71900177001953
63824.7545664374,35.71900177001953
63824.820961203615,35.74399948120117
63824.88735596984,35.74399948120117
63824.95375073606,35.74800109863281
63825.02014550228,35.749000549316406
63825.0865402685,35.749000549316406
63825.15293503473,35.749000549316406
63825.21932980095,35.749000549316406
63825.28572456717,35.75
63825.352119333395,35.82099914550781
63825.41851409961,35.82099914550781
63825.48490886584,35.816001892089844
63825.551303632055,35.816001892089844
63825.61769839828,35.816001892089844
63825.6840931645,35.81399917602539
63825.75048793072,35.707000732421875
63825.81688269695,35.707000732421875
63825.88327746317,35.69599914550781
63825.94967222939,35.69599914550781
63826.01606699561,35.69599914550781
63826.082461761835,35.65599822998047
63826.14885652805,35.63800048828125
63826.21525129428,35.63800048828125
63826.2816460605,35.66600036621094
63826.34804082672,35.66600036621094
63826.414435592946,35.66600036621094
63826.48083035916,35.606998443603516
63826.54722512539,35.6879997253418
63826.61361989161,35.6879997253418
63826.68001465783,35.75899887084961
63826.74640942406,35.75899887084961
63826.812804190275,35.75899887084961
63826.8791989565,35.71799850463867
63826.94559372272,35.736000061035156
63827.01198848894,35.736000061035156
63827.07838325516,35.67300033569336
63827.144778021386,35.71699905395508
63827.2111727876,35.71699905395508
63827.27756755383,35.71699905395508
63827.343962320054,35.665000915527344
63827.41035708627,35.665000915527344
63827.4767518525,35.7130012512207
63827.543146618715,35.7130012512207
63827.60954138494,35.73400115966797
63827.67593615116,35.73400115966797
63827.74233091738,35.73400115966797
63827.8087256836,35.70800018310547
63827.875120449826,35.766998291015625
63827.94151521605,35.766998291015625
63828.00790998227,35.72200012207031
63828.074304748494,35.72200012207031
63828.14069951471,35.72200012207031
63828.20709428094,35.808998107910156
63828.273489047155,35.775001525878906
63828.33988381338,35.775001525878906
63828.406278579605,35.76100158691406
63828.47267334582,35.76100158691406
63828.53906811205,35.76100158691406
63828.605462878266,35.71900177001953
63828.67185764449,35.73699951171875
63828.73825241071,35.73699951171875
63828.804647176934,35.814998626708984
63828.87104194316,35.814998626708984
63828.93743670938,35.814998626708984
63829.0038314756,35.81399917602539
63829.07022624182,35.8129997253418
63829.136621008045,35.8129997253418
63829.20301577426,35.742000579833984
63829.26941054049,35.742000579833984
63829.335805306706,35.742000579833984
63829.40220007293,35.74599838256836
63829.468594839156,35.784000396728516
63829.534989605374,35.784000396728516
63829.6013843716,35.79999923706055
63829.66777913782,35.79999923706055
63829.73417390404,35.736000061035156
63829.80056867026,35.736000061035156
63829.866963436485,35.77899932861328
63829.93335820271,35.77899932861328
63829.99975296893,35.77899932861328
63830.06614773515,35.79800033569336
63830.13254250137,35.73500061035156
63830.198937267596,35.73500061035156
63830.265332033814,35.74399948120117
63830.33172680004,35.74399948120117
63830.39812156626,35.74399948120117
63830.46451633248,35.74700164794922
63830.53091109871,35.749000549316406
63830.597305864925,35.749000549316406
63830.66370063115,35.749000549316406
63830.73009539737,35.749000549316406
63830.79649016359,35.749000549316406
63830.86288492981,35.78499984741211
63830.929279696036,35.80099868774414
63830.99567446226,35.80099868774414
63831.06206922848,35.736000061035156
63831.128463994704,35.736000061035156
63831.19485876092,35.736000061035156
63831.26125352715,35.70899963378906
63831.327648293365,35.803001403808594
63831.39404305959,35.803001403808594
63831.46043782581,35.77299880981445
63831.52683259203,35.65399932861328
63831.59322735826,35.65399932861328
63831.659622124476,35.65399932861328
63831.7260168907,35.67300033569336
63831.79241165692,35.67300033569336
63831.858806423144,35.75199890136719
63831.92520118936,35.75199890136719
63831.99159595559,35.750999450683594
63832.05799072181,35.750999450683594
63832.12438548803,35.750999450683594
63832.190780254256,35.75
63832.25717502047,35.71500015258789
63832.3235697867,35.71500015258789
63832.389964552916,35.77000045776367
63832.45635931914,35.77000045776367
63832.52275408536,35.77000045776367
63832.589148851584,35.77000045776367
63832.65554361781,35.75899887084961
63832.72193838403,35.71799850463867
63832.78833315025,35.71799850463867
63832.85472791647,35.736000061035156
63832.921122682696,35.736000061035156
63832.98751744891,35.736000061035156
63833.05391221514,35.74399948120117
63833.120306981364,35.71200180053711
63833.18670174758,35.71200180053711
63833.25309651381,35.80400085449219
63833.319491280025,35.80400085449219
63833.38588604625,35.80400085449219
63833.45228081247,35.77399826049805
63833.51867557869,35.724998474121094
63833.58507034491,35.724998474121094
63833.651465111136,35.70399856567383
63833.71785987736,35.76499938964844
63833.78425464358,35.76499938964844
63833.850649409804,35.76499938964844
63833.91704417602,35.68600082397461
63833.98343894225,35.68600082397461
63834.049833708465,35.72200012207031
63834.11622847469,35.72200012207031
63834.182623240915,35.737998962402344
63834.24901800713,35.737998962402344
63834.31541277336,35.737998962402344
63834.381807539576,35.816001892089844
63834.4482023058,35.74300003051758
63834.51459707202,35.74300003051758
63834.580991838244,35.71200180053711
63834.64738660447,35.71200180053711
63834.71378137069,35.71200180053711
63834.78017613691,35.733001708984375
63834.84657090313,35.733001708984375
63834.912965669355,35.707000732421875
63834.97936043557,35.731998443603516
63835.0457552018,35.731998443603516
63835.112149968016,35.707000732421875
63835.17854473424,35.707000732421875
63835.244939500466,35.707000732421875
63835.311334266684,35.73099899291992
63835.37772903291,35.742000579833984
63835.44412379913,35.742000579833984
63835.51051856535,35.74599838256836
63835.57691333157,35.74599838256836
63835.643308097795,35.74599838256836
63835.70970286402,35.678001403808594
63835.77609763024,35.790000915527344
63835.84249239646,35.790000915527344
63835.90888716268,35.766998291015625
63835.975281928906,35.68600082397461
63836.041676695124,35.68600082397461
63836.10807146135,35.68600082397461
63836.17446622757,35.68600082397461
63836.24086099379,35.6870002746582
63836.30725576002,35.722999572753906
63836.373650526235,35.722999572753906
63836.44004529246,35.702999114990234
63836.50644005868,35.702999114990234
63836.5728348249,35.702999114990234
63836.63922959112,35.72999954223633
63836.705624357346,35.74100112915039
63836.77201912357,35.74100112915039
63836.83841388979,35.74599838256836
63836.904808656014,35.74599838256836
63836.97120342223,35.74599838256836
63837.03759818846,35.784000396728516
63837.103992954675,35.79999923706055
63837.1703877209,35.79999923706055
63837.23678248712,35.70100021362305
63837.30317725334,35.70100021362305
63837.36957201957,35.70100021362305
63837.435966785786,35.729000091552734
63837.50236155201,35.70500183105469
63837.56875631823,35.70500183105469
63837.635151084454,35.801998138427734
63837.70154585067,35.77199935913086
63837.7679406169,35.77199935913086
63837.83433538312,35.77199935913086
63837.90073014934,35.7599983215332
63837.967124915565,35.7599983215332
63838.03351968178,35.790000915527344
63838.09991444801,35.731998443603516
63838.166309214226,35.731998443603516
63838.23270398045,35.731998443603516
63838.29909874667,35.731998443603516
63838.365493512894,35.8129997253418
63838.43188827912,35.8129997253418
63838.49828304534,35.8129997253418
63838.56467781156,35.742000579833984
63838.63107257778,35.742000579833984
63838.697467344005,35.742000579833984
63838.76386211022,35.74599838256836
63838.83025687645,35.74800109863281
63838.89665164267,35.74800109863281
63838.96304640889,35.749000549316406
63839.02944117512,35.749000549316406
63839.095835941334,35.749000549316406
63839.16223070756,35.75
63839.22862547378,35.78499984741211
63839.29502024,35.78499984741211
63839.36141500622,35.694000244140625
63839.427809772445,35.694000244140625
63839.49420453867,35.694000244140625
63839.56059930489,35.797000885009766
63839.62699407111,35.77000045776367
63839.69338883733,35.77000045776367
63839.75978360356,35.75899887084961
63839.826178369774,35.75400161743164
63839.892573136,35.75400161743164
63839.958967902225,35.75199890136719
63840.02536266844,35.75199890136719
63840.09175743467,35.75199890136719
63840.158152200886,35.75199890136719
63840.22454696711,35.60900115966797
63840.29094173333,35.65299987792969
63840.357336499554,35.65299987792969
63840.42373126577,35.60200119018555
63840.490126032,35.60200119018555
63840.55652079822,35.60200119018555
63840.62291556444,35.650001525878906
63840.689310330665,35.707000732421875
63840.75570509688,35.707000732421875
63840.82209986311,35.73099899291992
63840.888494629326,35.73099899291992
63840.95488939555,35.73099899291992
63841.021284161776,35.742000579833984
63841.087678927994,35.67599868774414
63841.15407369422,35.67599868774414
63841.22046846044,35.75299835205078
63841.28686322666,35.75299835205078
63841.35325799288,35.75299835205078
63841.419652759105,35.7869987487793
63841.48604752532,35.76599884033203
63841.55244229155,35.76599884033203
63841.61883705777,35.75699996948242
63841.68523182399,35.75699996948242
63841.751626590216,35.75699996948242
63841.818021356434,35.75299835205078
63841.88441612266,35.7869987487793
63841.95081088888,35.7869987487793
63842.0172056551,35.72999954223633
63842.08360042133,35.70600128173828
63842.149995187545,35.70600128173828
63842.21638995377,35.70600128173828
63842.28278471999,35.73099899291992
63842.34917948621,35.73099899291992
63842.41557425243,35.777000427246094
63842.481969018656,35.777000427246094
63842.54836378488,35.83300018310547
63842.6147585511,35.83300018310547
63842.681153317324,35.83300018310547
63842.74754808354,35.71500015258789
63842.81394284977,35.840999603271484
63842.880337615985,35.840999603271484
63842.94673238221,35.78900146484375
63843.01312714843,35.78900146484375
63843.07952191465,35.78900146484375
63843.14591668088,35.803001403808594
63843.212311447096,35.77299880981445
63843.27870621332,35.77299880981445
63843.34510097954,35.7599983215332
63843.411495745764,35.7599983215332
63843.47789051198,35.7599983215332
63843.54428527821,35.75400161743164
63843.61068004443,35.715999603271484
63843.67707481065,35.715999603271484
63843.743469576875,35.805999755859375
63843.80986434309,35.805999755859375
63843.87625910932,35.805999755859375
63843.942653875536,35.810001373291016
63844.00904864176,35.7400016784668
63844.07544340798,35.7400016784668
63844.141838174204,35.709999084472656
63844.20823294043,35.733001708984375
63844.27462770665,35.733001708984375
63844.34102247287,35.733001708984375
63844.40741723909,35.77799987792969
63844.473812005315,35.77799987792969
63844.54020677153,35.72700119018555
63844.60660153776,35.72700119018555
63844.67299630398,35.70399856567383
63844.7393910702,35.70399856567383
63844.80578583643,35.70399856567383
63844.872180602644,35.80099868774414
63844.93857536887,35.77199935913086
63845.00497013509,35.77199935913086
63845.07136490131,35.83100128173828
63845.13775966753,35.83100128173828
63845.204154433755,35.89099884033203
63845.27054919998,35.89099884033203
63845.3369439662,35.89099884033203
63845.40333873242,35.91699981689453
63845.46973349864,35.858001708984375
63845.53612826487,35.858001708984375
63845.602523031084,35.86800003051758
63845.66891779731,35.86800003051758
63845.735312563535,35.86800003051758
63845.80170732975,35.94300079345703
63845.86810209598,35.90399932861328
63845.934496862195,35.90399932861328
63846.00089162842,35.85200119018555
63846.06728639464,35.83000183105469
63846.13368116086,35.83000183105469
63846.20007592708,35.83000183105469
63846.26647069331,35.83000183105469
63846.33286545953,35.89099884033203
63846.39926022575,35.775001525878906
63846.465654991975,35.775001525878906
63846.53204975819,35.76100158691406
63846.59844452442,35.76100158691406
63846.664839290635,35.76100158691406
63846.73123405686,35.64799880981445
63846.797628823086,35.777000427246094
63846.8640235893,35.777000427246094
63846.93041835553,35.72600173950195
63846.99681312175,35.72600173950195
63847.06320788797,35.72600173950195
63847.12960265419,35.70399856567383
63847.195997420415,35.72999954223633
63847.26239218663,35.72999954223633
63847.32878695286,35.70600128173828
63847.39518171908,35.70600128173828
63847.4615764853,35.70600128173828
63847.527971251526,35.801998138427734
63847.59436601774,35.77199935913086
63847.66076078397,35.77199935913086
63847.72715555019,35.7239990234375
63847.79355031641,35.7239990234375
63847.85994508264,35.7239990234375
63847.926339848855,35.77399826049805
63847.99273461508,35.76100158691406
63848.0591293813,35.76100158691406
63848.12552414752,35.755001068115234
63848.19191891374,35.71699905395508
63848.258313679966,35.71699905395508
63848.324708446184,35.71699905395508
63848.39110321241,35.736000061035156
63848.457497978634,35.736000061035156
63848.52389274485,35.77899932861328
63848.59028751108,35.72700119018555
63848.656682277295,35.72700119018555
63848.72307704352,35.72700119018555
63848.78947180974,35.72700119018555
63848.85586657596,35.7400016784668
63848.92226134219,35.709999084472656
63848.988656108406,35.709999084472656
63849.05505087463,35.733001708984375
63849.12144564085,35.733001708984375
63849.187840407074,35.733001708984375
63849.25423517329,35.74300003051758
63849.32062993952,35.71099853515625
63849.387024705735,35.71099853515625
63849.45341947196,35.80400085449219
63849.519814238185,35.80400085449219
63849.5862090044,35.80400085449219
63849.65260377063,35.808998107910156
63849.718998536846,35.775001525878906
63849.78539330307,35.775001525878906
63849.85178806929,35.72600173950195
63849.918182835514,35.72600173950195
63849.98457760174,35.72600173950195
63850.05097236796,35.775001525878906
63850.11736713418,35.775001525878906
63850.1837619004,35.90299987792969
63850.250156666625,35.78099822998047
63850.31655143284,35.78099822998047
63850.38294619907,35.76300048828125
63850.44934096529,35.76300048828125
63850.51573573151,35.76300048828125
63850.582130497736,35.720001220703125
63850.648525263954,35.73699951171875
63850.71492003018,35.73699951171875
63850.7813147964,35.779998779296875
63850.84770956262,35.72700119018555
63850.91410432884,35.72700119018555
63850.980499095065,35.72700119018555
63851.04689386129,35.72700119018555
63851.11328862751,35.7760009765625
63851.17968339373,35.832000732421875
63851.24607815995,35.832000732421875
63851.312472926176,35.82099914550781
63851.378867692394,35.82099914550781
63851.44526245862,35.82099914550781
63851.511657224844,35.816001892089844
63851.57805199106,35.81399917602539
63851.64444675729,35.81399917602539
63851.710841523505,35.88399887084961
63851.77723628973,35.88399887084961
63851.84363105595,35.88399887084961
63851.91002582217,35.87900161743164
63851.97642058839,35.77000045776367
63852.042815354616,35.77000045776367
63852.10921012084,35.8650016784668
63852.17560488706,35.8650016784668
63852.241999653284,35.8650016784668
63852.3083944195,35.90599822998047
63852.37478918573,35.85300064086914
63852.441183951945,35.85300064086914
63852.50757871817,35.9010009765625
63852.573973484396,35.9010009765625
63852.64036825061,35.9010009765625
63852.70676301684,35.85100173950195
63852.77315778306,35.79399871826172
63852.83955254928,35.79399871826172
63852.9059473155,35.76900100708008
63852.972342081724,35.722999572753906
63853.03873684794,35.722999572753906
63853.10513161417,35.722999572753906
63853.17152638039,35.722999572753906
63853.23792114661,35.702999114990234
63853.304315912836,35.694000244140625
63853.37071067905,35.694000244140625
63853.43710544528,35.72600173950195
63853.5035002115,35.72600173950195
63853.56989497772,35.72600173950195
63853.63628974395,35.7400016784668
63853.702684510165,35.709999084472656
63853.76907927639,35.709999084472656
63853.83547404261,35.696998596191406
63853.90186880883,35.696998596191406
63853.96826357505,35.696998596191406
63854.034658341276,35.76300048828125
63854.10105310749,35.64899826049805
63854.16744787372,35.64899826049805
63854.233842639944,35.67100143432617
63854.30023740616,35.67100143432617
63854.36663217239,35.67100143432617
63854.433026938605,35.64500045776367
63854.49942170483,35.81100082397461
63854.56581647105,35.81100082397461
63854.63221123727,35.7760009765625
63854.6986060035,35.7760009765625
63854.765000769716,35.7760009765625
63854.83139553594,35.832000732421875
63854.89779030216,35.926998138427734
63854.964185068384,35.926998138427734
63855.0305798346,35.82699966430664
63855.09697460083,35.78300094604492
63855.163369367045,35.78300094604492
63855.22976413327,35.71900177001953
63855.296158899495,35.729000091552734
63855.36255366571,35.729000091552734
63855.42894843194,35.729000091552734
63855.495343198156,35.70500183105469
63855.56173796438,35.76599884033203
63855.6281327306,35.76599884033203
63855.694527496824,35.75699996948242
63855.76092226305,35.75699996948242
63855.82731702927,35.75699996948242
63855.89371179549,35.68199920654297
63855.96010656171,35.685001373291016
63856.026501327935,35.685001373291016
63856.09289609415,35.75699996948242
63856.15929086038,35.75699996948242
63856.2256856266,35.75699996948242
63856.29208039282,35.78900146484375
63856.358475159046,35.766998291015625
63856.424869925264,35.766998291015625
63856.49126469149,35.792999267578125
63856.55765945771,35.792999267578125
63856.62405422393,35.792999267578125
63856.69044899015,35.698001861572266
63856.756843756375,35.76300048828125
63856.8232385226,35.76300048828125
63856.88963328882,35.79100036621094
63856.95602805504,35.731998443603516
63857.02242282126,35.731998443603516
63857.088817587486,35.731998443603516
63857.155212353704,35.742000579833984
63857.22160711993,35.742000579833984
63857.28800188615,35.78200149536133
63857.35439665237,35.79899978637695
63857.4207914186,35.79899978637695
63857.487186184815,35.79899978637695
63857.55358095104,35.79899978637695
63857.61997571726,35.736000061035156
63857.68637048348,35.77899932861328
63857.7527652497,35.77899932861328
63857.819160015926,35.76300048828125
63857.88555478215,35.76300048828125
63857.95194954837,35.76300048828125
63858.018344314594,35.79100036621094
63858.08473908081,35.768001556396484
63858.15113384704,35.768001556396484
63858.217528613255,35.757999420166016
63858.28392337948,35.757999420166016
63858.350318145705,35.757999420166016
63858.41671291192,35.75299835205078
63858.48310767815,35.750999450683594
63858.549502444366,35.750999450683594
63858.61589721059,35.71500015258789
63858.68229197681,35.71500015258789
63858.748686743034,35.71500015258789
63858.81508150925,35.840999603271484
63858.88147627548,35.82500076293945
63858.9478710417,35.82500076293945
63859.01426580792,35.78200149536133
63859.080660574145,35.78200149536133
63859.14705534036,35.78200149536133
63859.21345010659,35.79899978637695
63859.279844872806,35.84199905395508
63859.34623963903,35.84199905395508
63859.41263440526,35.790000915527344
63859.479029171474,35.766998291015625
63859.5454239377,35.766998291015625
63859.61181870392,35.766998291015625
63859.67821347014,35.766998291015625
63859.74460823636,35.75699996948242
63859.811003002585,35.78900146484375
63859.8773977688,35.78900146484375
63859.94379253503,35.73099899291992
63860.01018730125,35.73099899291992
63860.07658206747,35.73099899291992
63860.1429768337,35.70600128173828
63860.209371599914,35.73099899291992
63860.27576636614,35.73099899291992
63860.34216113236,35.742000579833984
63860.40855589858,35.742000579833984
63860.47495066481,35.71099853515625
63860.541345431026,35.71099853515625
63860.60774019725,35.71099853515625
63860.67413496347,35.733001708984375
63860.740529729694,35.77799987792969
63860.80692449591,35.77799987792969
63860.87331926214,35.762001037597656
63860.939714028355,35.762001037597656
63861.00610879458,35.762001037597656
63861.072503560805,35.755001068115234
63861.13889832702,35.75199890136719
63861.20529309325,35.75199890136719
63861.271687859466,35.7859992980957
63861.33808262569,35.80099868774414
63861.40447739191,35.80099868774414
63861.470872158134,35.80099868774414
63861.53726692436,35.80099868774414
63861.60366169058,35.73699951171875
63861.6700564568,35.74399948120117
63861.73645122302,35.74399948120117
63861.802845989245,35.74800109863281
63861.86924075546,35.74800109863281
63861.93563552169,35.74800109863281
63862.002030287906,35.784000396728516
63862.06842505413,35.87099838256836
63862.134819820356,35.87099838256836
63862.201214586574,35.8380012512207
63862.2676093528,35.8380012512207
63862.33400411902,35.8380012512207
63862.40039888524,35.823001861572266
63862.46679365146,35.74599838256836
63862.533188417685,35.74599838256836
63862.59958318391,35.784000396728516
63862.66597795013,35.784000396728516
63862.73237271635,35.784000396728516
63862.79876748257,35.83599853515625
63862.865162248796,35.7869987487793
63862.931557015014,35.7869987487793
63862.99795178124,35.65999984741211
63863.06434654746,35.65999984741211
63863.13074131368,35.65999984741211
63863.19713607991,35.78200149536133
63863.263530846125,35.79899978637695
63863.32992561235,35.79899978637695
63863.39632037857,35.770999908447266
63863.46271514479,35.7239990234375
63863.52910991101,35.7239990234375
63863.595504677236,35.7239990234375
63863.66189944346,35.7239990234375
63863.72829420968,35.73899841308594
63863.794688975904,35.709999084472656
63863.86108374212,35.709999084472656
63863.92747850835,35.6619987487793
63863.993873274565,35.6619987487793
63864.06026804079,35.6619987487793
63864.126662807015,35.67599868774414
63864.19305757323,35.71799850463867
63864.25945233946,35.71799850463867
63864.325847105676,35.70100021362305
63864.3922418719,35.70100021362305
63864.45863663812,35.70100021362305
63864.525031404344,35.69300079345703
63864.59142617056,35.724998474121094
63864.65782093679,35.724998474121094
63864.72421570301,35.70399856567383
63864.79061046923,35.70399856567383
63864.857005235455,35.70399856567383
63864.92340000167,35.69499969482422
63864.9897947679,35.797000885009766
63865.056189534116,35.797000885009766
63865.12258430034,35.840999603271484
63865.18897906656,35.840999603271484
63865.255373832784,35.840999603271484
63865.32176859901,35.895999908447266
63865.38816336523,35.895999908447266
63865.45455813145,35.91899871826172
63865.52095289767,35.89400100708008
63865.587347663895,35.89400100708008
63865.65374243011,35.882999420166016
63865.72013719634,35.882999420166016
63865.78653196256,35.80799865722656
63865.85292672878,35.80799865722656
63865.91932149501,35.80799865722656
63865.985716261224,35.66899871826172
63866.05211102745,35.856998443603516
63866.11850579367,35.856998443603516
63866.18490055989,35.76100158691406
63866.25129532612,35.76100158691406
63866.317690092335,35.76100158691406
63866.38408485856,35.790000915527344
63866.45047962478,35.8380012512207
63866.516874391,35.8380012512207
63866.58326915722,35.85900115966797
63866.64966392345,35.85900115966797
63866.716058689664,35.85900115966797
63866.78245345589,35.72600173950195
63866.848848222115,35.70399856567383
63866.91524298833,35.70399856567383
63866.98163775456,35.80099868774414
63867.048032520775,35.80099868774414
63867.114427287,35.80099868774414
63867.18082205322,35.77199935913086
63867.24721681944,35.7599983215332
63867.31361158567,35.7599983215332
63867.38000635189,35.71900177001953
63867.44640111811,35.71900177001953
63867.51279588433,35.71900177001953
63867.579190650555,35.77199935913086
63867.64558541677,35.79499816894531
63867.711980183,35.79499816894531
63867.778374949216,35.76900100708008
63867.84476971544,35.8650016784668
63867.911164481666,35.8650016784668
63867.97755924788,35.8650016784668
63868.04395401411,35.8650016784668
63868.11034878033,35.79999923706055
63868.17674354655,35.80699920654297
63868.24313831277,35.80699920654297
63868.309533078995,35.810001373291016
63868.37592784522,35.810001373291016
63868.44232261144,35.810001373291016
63868.50871737766,35.81100082397461
63868.57511214388,35.8120002746582
63868.641506910106,35.8120002746582
63868.707901676324,35.882999420166016
63868.77429644255,35.882999420166016
63868.84069120877,35.882999420166016
63868.90708597499,35.87900161743164
63868.97348074122,35.87699890136719
63869.039875507435,35.87699890136719
63869.10627027366,35.80500030517578
63869.17266503988,35.80500030517578
63869.2390598061,35.80500030517578
63869.30545457232,35.808998107910156
63869.371849338546,35.81100082397461
63869.43824410477,35.81100082397461
63869.50463887099,35.74100112915039
63869.571033637214,35.74100112915039
63869.63742840343,35.74100112915039
63869.70382316966,35.71099853515625
63869.770217935875,35.768001556396484
63869.8366127021,35.768001556396484
63869.90300746832,35.757999420166016
63869.96940223454,35.68299865722656
63870.03579700077,35.68299865722656
63870.102191766986,35.68299865722656
63870.16858653321,35.68299865722656
63870.23498129943,35.72100067138672
63870.301376065654,35.77299880981445
63870.36777083187,35.77299880981445
63870.4341655981,35.83100128173828
63870.50056036432,35.83100128173828
63870.56695513054,35.81999969482422
63870.633349896765,35.81999969482422
63870.69974466298,35.81999969482422
63870.76613942921,35.744998931884766
63870.832534195426,35.78300094604492
63870.89892896165,35.78300094604492
63870.96532372787,35.729000091552734
63871.031718494094,35.729000091552734
63871.09811326032,35.729000091552734
63871.16450802654,35.74100112915039
63871.23090279276,35.81700134277344
63871.29729755898,35.81700134277344
63871.363692325205,35.67300033569336
63871.43008709142,35.67300033569336
63871.49648185765,35.67300033569336
63871.56287662387,35.823001861572266
63871.62927139009,35.81700134277344
63871.695666156316,35.81700134277344
63871.762060922534,35.92100143432617
63871.82845568876,35.89500045776367
63871.89485045498,35.89500045776367
63871.9612452212,35.89500045776367
63872.02763998743,35.91899871826172
63872.094034753645,35.91899871826172
63872.16042951987,35.85900115966797
63872.22682428609,35.832000732421875
63872.29321905231,35.832000732421875
63872.35961381853,35.832000732421875
63872.426008584756,35.832000732421875
63872.492403350974,35.71500015258789
63872.5587981172,35.805999755859375
63872.625192883424,35.805999755859375
63872.69158764964,35.810001373291016
63872.75798241587,35.810001373291016
63872.824377182085,35.810001373291016
63872.89077194831,35.84700012207031
63872.95716671453,35.75600051879883
63873.02356148075,35.75600051879883
63873.08995624697,35.75299835205078
63873.1563510132,35.75299835205078
63873.22274577942,35.75299835205078
63873.28914054564,35.750999450683594
63873.355535311865,35.750999450683594
63873.42193007808,35.750999450683594
63873.48832484431,35.71500015258789
63873.554719610525,35.71500015258789
63873.62111437675,35.71500015258789
63873.687509142976,35.73500061035156
63873.75390390919,35.77899932861328
63873.82029867542,35.77899932861328
63873.88669344164,35.762001037597656
63873.95308820786,35.762001037597656
63874.01948297408,35.762001037597656
63874.085877740305,35.755001068115234
63874.15227250653,35.75199890136719
63874.21866727275,35.75199890136719
63874.28506203897,35.7859992980957
63874.35145680519,35.72999954223633
63874.417851571416,35.72999954223633
63874.48424633763,35.72999954223633
63874.55064110386,35.67100143432617
63874.61703587008,35.67100143432617
63874.6834306363,35.750999450683594
63874.74982540253,35.750999450683594
63874.816220168745,35.7859992980957
63874.88261493497,35.7859992980957
63874.94900970119,35.7859992980957
63875.01540446741,35.83599853515625
63875.08179923363,35.858001708984375
63875.148193999856,35.858001708984375
63875.21458876608,35.90299987792969
63875.2809835323,35.90299987792969
63875.347378298524,35.90299987792969
63875.41377306474,35.887001037597656
63875.48016783097,35.808998107910156
63875.546562597185,35.808998107910156
63875.61295736341,35.84700012207031
63875.67935212963,35.84700012207031
63875.74574689585,35.82699966430664
63875.81214166208,35.82699966430664
63875.878536428296,35.82699966430664
63875.94493119452,35.78300094604492
63876.01132596074,35.79999923706055
63876.077720726964,35.79999923706055
63876.14411549318,35.87799835205078
63876.21051025941,35.87799835205078
63876.27690502563,35.87799835205078
63876.34329979185,35.875999450683594
63876.409694558075,35.80500030517578
63876.47608932429,35.80500030517578
63876.54248409052,35.737998962402344
63876.608878856736,35.779998779296875
63876.67527362296,35.779998779296875
63876.74166838918,35.779998779296875
63876.808063155404,35.779998779296875
63876.87445792163,35.79899978637695
63876.94085268785,35.736000061035156
63877.00724745407,35.736000061035156
63877.07364222029,35.74399948120117
63877.140036986515,35.74399948120117
63877.20643175273,35.74399948120117
63877.27282651896,35.74700164794922
63877.33922128518,35.784000396728516
63877.4056160514,35.784000396728516
63877.472010817626,35.79999923706055
63877.538405583844,35.79999923706055
63877.60480035007,35.79999923706055
63877.67119511629,35.80699920654297
63877.73758988251,35.775001525878906
63877.80398464874,35.775001525878906
63877.870379414955,35.79600143432617
63877.93677418118,35.79600143432617
63878.0031689474,35.79600143432617
63878.06956371362,35.77000045776367
63878.13595847984,35.83000183105469
63878.202353246066,35.83000183105469
63878.268748012284,35.784000396728516
63878.33514277851,35.784000396728516
63878.401537544734,35.784000396728516
63878.46793231095,35.79999923706055
63878.53432707718,35.87799835205078
63878.600721843395,35.87799835205078
63878.66711660962,35.840999603271484
63878.73351137584,35.895999908447266
63878.79990614206,35.895999908447266
63878.86630090828,35.895999908447266
63878.932695674506,35.895999908447266
63878.99909044073,35.77799987792969
63879.06548520695,35.86800003051758
63879.131879973174,35.86800003051758
63879.19827473939,35.72999954223633
63879.26466950562,35.72999954223633
63879.331064271835,35.72999954223633
63879.39745903806,35.847999572753906
63879.463853804285,35.827999114990234
63879.5302485705,35.827999114990234
63879.59664333673,35.74800109863281
63879.663038102946,35.74800109863281
63879.72943286917,35.74800109863281
63879.79582763539,35.749000549316406
63879.862222401614,35.643001556396484
63879.92861716784,35.643001556396484
63879.99501193406,35.667999267578125
63880.06140670028,35.667999267578125
63880.1278014665,35.667999267578125
63880.194196232726,35.67900085449219
63880.26059099894,35.71900177001953
63880.32698576517,35.71900177001953
63880.393380531386,35.80799865722656
63880.45977529761,35.80799865722656
63880.52617006384,35.80799865722656
63880.592564830054,35.84600067138672
63880.65895959628,35.84600067138672
63880.7253543625,35.86199951171875
63880.79174912872,35.86199951171875
63880.85814389494,35.869998931884766
63880.924538661166,35.87300109863281
63880.99093342738,35.87300109863281
63881.05732819361,35.8390007019043
63881.123722959834,35.8390007019043
63881.19011772605,35.8390007019043
63881.25651249228,35.85900115966797
63881.322907258495,35.83300018310547
63881.38930202472,35.83300018310547
63881.45569679094,35.82099914550781
63881.52209155716,35.82099914550781
63881.58848632339,35.82099914550781
63881.654881089606,35.85200119018555
63881.72127585583,35.75899887084961
63881.78767062205,35.75899887084961
63881.854065388274,35.86000061035156
63881.92046015449,35.86000061035156
63881.98685492072,35.86000061035156
63882.05324968694,35.83300018310547
63882.11964445316,35.856998443603516
63882.186039219385,35.856998443603516
63882.2524339856,35.867000579833984
63882.31882875183,35.87200164794922
63882.385223518046,35.87200164794922
63882.45161828427,35.87200164794922
63882.51801305049,35.731998443603516
63882.584407816714,35.731998443603516
63882.65080258294,35.847999572753906
63882.71719734916,35.847999572753906
63882.78359211538,35.827999114990234
63882.8499868816,35.827999114990234
63882.916381647825,35.827999114990234
63882.98277641404,35.819000244140625
63883.04917118027,35.85100173950195
63883.11556594649,35.85100173950195
63883.18196071271,35.8650016784668
63883.248355478936,35.8650016784668
63883.314750245154,35.8650016784668
63883.38114501138,35.834999084472656
63883.4475397776,35.68000030517578
63883.51393454382,35.68000030517578
63883.58032931004,35.683998107910156
63883.646724076265,35.683998107910156
63883.71311884249,35.683998107910156
63883.77951360871,35.72200012207031
63883.84590837493,35.737998962402344
63883.91230314115,35.737998962402344
63883.978697907376,35.67399978637695
63884.045092673594,35.67399978637695
63884.11148743982,35.67399978637695
63884.177882206044,35.68199920654297
63884.24427697226,35.720001220703125
63884.31067173849,35.720001220703125
63884.377066504705,35.77299880981445
63884.44346127093,35.79499816894531
63884.50985603715,35.79499816894531
63884.57625080337,35.79499816894531
63884.64264556959,35.80500030517578
63884.709040335816,35.80500030517578
63884.77543510204,35.880001068115234
63884.84182986826,35.84199905395508
63884.908224634484,35.84199905395508
63884.9746194007,35.84199905395508
63885.04101416693,35.84199905395508
63885.107408933145,35.75400161743164
63885.17380369937,35.858001708984375
63885.240198465595,35.858001708984375
63885.30659323181,35.90299987792969
63885.37298799804,35.90299987792969
63885.439382764256,35.90299987792969
63885.50577753048,35.92300033569336
63885.5721722967,35.895999908447266
63885.638567062924,35.895999908447266
63885.70496182915,35.91899871826172
63885.77135659537,35.91899871826172
63885.83775136159,35.823001861572266
63885.90414612781,35.823001861572266
63885.970540894035,35.823001861572266
63886.03693566025,35.78200149536133
63886.10333042648,35.72800064086914
63886.169725192696,35.72800064086914
63886.23611995892,35.84700012207031
63886.30251472515,35.84700012207031
63886.368909491364,35.84700012207031
63886.43530425759,35.862998962402344
63886.50169902381,35.83399963378906
63886.56809379003,35.83399963378906
63886.63448855625,35.821998596191406
63886.700883322475,35.81700134277344
63886.76727808869,35.81700134277344
63886.83367285492,35.81700134277344
63886.90006762114,35.70800018310547
63886.96646238736,35.70800018310547
63887.03285715359,35.69599914550781
63887.099251919804,35.79800033569336
63887.16564668603,35.79800033569336
63887.23204145225,35.79800033569336
63887.29843621847,35.79800033569336
63887.3648309847,35.73500061035156
63887.431225750915,35.81399917602539
63887.49762051714,35.81399917602539
63887.56401528336,35.742000579833984
63887.63041004958,35.742000579833984
63887.6968048158,35.742000579833984
63887.76319958203,35.888999938964844
63887.82959434825,35.810001373291016
63887.89598911447,35.810001373291016
63887.962383880695,35.7400016784668
63888.02877864691,35.7400016784668
63888.09517341314,35.7400016784668
63888.161568179356,35.78099822998047
63888.22796294558,35.763999938964844
63888.2943577118,35.763999938964844
63888.360752478024,35.79100036621094
63888.42714724425,35.79100036621094
63888.49354201047,35.79100036621094
63888.55993677669,35.768001556396484
63888.62633154291,35.86399841308594
63888.692726309135,35.86399841308594
63888.75912107535,35.90599822998047
63888.82551584158,35.90599822998047
63888.8919106078,35.90599822998047
63888.95830537402,35.88800048828125
63889.024700140246,35.91600036621094
63889.091094906464,35.91600036621094
63889.15748967269,35.928001403808594
63889.22388443891,35.89799880981445
63889.29027920513,35.89799880981445
63889.35667397135,35.89799880981445
63889.423068737575,35.89799880981445
63889.4894635038,35.95600128173828
63889.55585827002,35.94499969482422
63889.62225303624,35.94499969482422
63889.68864780246,35.834999084472656
63889.755042568686,35.834999084472656
63889.821437334904,35.834999084472656
63889.88783210113,35.821998596191406
63889.954226867354,35.604000091552734
63890.02062163357,35.604000091552734
63890.0870163998,35.72200012207031
63890.153411166015,35.72200012207031
63890.21980593224,35.72200012207031
63890.28620069846,35.808998107910156
63890.35259546468,35.7400016784668
63890.4189902309,35.7400016784668
63890.485384997126,35.81700134277344
63890.55177976335,35.81700134277344
63890.61817452957,35.81700134277344
63890.684569295794,35.81399917602539
63890.75096406201,35.8129997253418
63890.81735882824,35.8129997253418
63890.883753594455,35.742000579833984
63890.95014836068,35.742000579833984
63891.016543126905,35.74700164794922
63891.08293789312,35.784000396728516
63891.14933265935,35.784000396728516
63891.215727425566,35.784000396728516
63891.28212219179,35.76499938964844
63891.34851695801,35.76499938964844
63891.414911724234,35.79199981689453
63891.48130649045,35.874000549316406
63891.54770125668,35.874000549316406
63891.6140960229,35.874000549316406
63891.68049078912,35.874000549316406
63891.746885555345,35.8390007019043
63891.81328032156,35.78900146484375
63891.87967508779,35.78900146484375
63891.946069854006,35.78900146484375
63892.01246462023,35.944000244140625
63892.078859386456,35.944000244140625
63892.145254152674,35.944000244140625
63892.2116489189,35.79800033569336
63892.27804368512,35.665000915527344
63892.34443845134,35.665000915527344
63892.41083321756,35.749000549316406
63892.477227983785,35.749000549316406
63892.54362275,35.749000549316406
63892.61001751623,35.643001556396484
63892.67641228245,35.667999267578125
63892.74280704867,35.667999267578125
63892.8092018149,35.7859992980957
63892.875596581114,35.7859992980957
63892.94199134734,35.7859992980957
63893.00838611356,35.72999954223633
63893.07478087978,35.8120002746582
63893.14117564601,35.8120002746582
63893.207570412225,35.777000427246094
63893.27396517845,35.777000427246094
63893.34035994467,35.777000427246094
63893.40675471089,35.762001037597656
63893.47314947711,35.790000915527344
63893.53954424334,35.790000915527344
63893.60593900956,35.803001403808594
63893.67233377578,35.87900161743164
63893.738728542005,35.87900161743164
63893.80512330822,35.87900161743164
63893.87151807445,35.9119987487793
63893.937912840665,35.9119987487793
63894.00430760689,35.85599899291992
63894.07070237311,35.7599983215332
63894.13709713933,35.7599983215332
63894.20349190556,35.7599983215332
63894.26988667178,35.7599983215332
63894.336281438,35.790000915527344
63894.40267620422,35.766998291015625
63894.469070970445,35.766998291015625
63894.53546573666,35.75699996948242
63894.60186050289,35.75699996948242
63894.668255269105,35.75699996948242
63894.73465003533,35.78900146484375
63894.801044801556,35.69599914550781
63894.86743956777,35.69599914550781
63894.933834334,35.797000885009766
63895.00022910022,35.797000885009766
63895.06662386644,35.797000885009766
63895.13301863266,35.73500061035156
63895.199413398885,35.74399948120117
63895.26580816511,35.74399948120117
63895.33220293133,35.81800079345703
63895.39859769755,35.81800079345703
63895.46499246377,35.81800079345703
63895.531387229996,35.88600158691406
63895.59778199621,35.808998107910156
63895.66417676244,35.808998107910156
63895.730571528664,35.7400016784668
63895.79696629488,35.7400016784668
63895.86336106111,35.7400016784668
63895.929755827325,35.81700134277344
63895.99615059355,35.81700134277344
63896.06254535977,35.849998474121094
63896.12894012599,35.849998474121094
63896.19533489221,35.82899856567383
63896.261729658436,35.749000549316406
63896.32812442466,35.749000549316406
63896.39451919088,35.749000549316406
63896.460913957104,35.749000549316406
63896.52730872332,35.749000549316406
63896.59370348955,35.82099914550781
63896.660098255765,35.744998931884766
63896.72649302199,35.744998931884766
63896.792887788215,35.74800109863281
63896.85928255443,35.74800109863281
63896.92567732066,35.74800109863281
63896.992072086876,35.78499984741211
63897.0584668531,35.76499938964844
63897.12486161932,35.76499938964844
63897.191256385544,35.75600051879883
63897.25765115176,35.75600051879883
63897.32404591799,35.75600051879883
63897.39044068421,35.75299835205078
63897.45683545043,35.715999603271484
63897.523230216655,35.715999603271484
63897.58962498287,35.770999908447266
63897.6560197491,35.770999908447266
63897.722414515316,35.770999908447266
63897.78880928154,35.79399871826172
63897.855204047766,35.84000015258789
63897.921598813984,35.84000015258789
63897.98799358021,35.86000061035156
63898.05438834643,35.762001037597656
63898.12078311265,35.762001037597656
63898.18717787887,35.762001037597656
63898.253572645095,35.79100036621094
63898.31996741131,35.79100036621094
63898.38636217754,35.909000396728516
63898.45275694376,35.909000396728516
63898.51915170998,35.854000091552734
63898.585546476206,35.854000091552734
63898.651941242424,35.854000091552734
63898.71833600865,35.7599983215332
63898.78473077487,35.861000061035156
63898.85112554109,35.861000061035156
63898.91752030732,35.79800033569336
63898.983915073535,35.79800033569336
63899.05030983976,35.79800033569336
63899.11670460598,35.87699890136719
63899.1830993722,35.875999450683594
63899.24949413842,35.875999450683594
63899.315888904646,35.875
63899.382283670864,35.875
63899.44867843709,35.875
63899.515073203314,35.84000015258789
63899.58146796953,35.78900146484375
63899.64786273576,35.78900146484375
63899.714257501975,35.801998138427734
63899.7806522682,35.801998138427734
63899.84704703442,35.801998138427734
63899.91344180064,35.80799865722656
63899.97983656687,35.775001525878906
63900.046231333086,35.775001525878906
63900.11262609931,35.689998626708984
63900.17902086553,35.75899887084961
63900.245415631754,35.75899887084961
63900.31181039797,35.75899887084961
63900.3782051642,35.71900177001953
63900.444599930415,35.71900177001953
63900.51099469664,35.736000061035156
63900.577389462866,35.736000061035156
63900.64378422908,35.88600158691406
63900.71017899531,35.88600158691406
63900.77657376153,35.88600158691406
63900.84296852775,35.84400177001953
63900.90936329397,35.79100036621094
63900.975758060194,35.79100036621094
63901.04215282642,35.768001556396484
63901.10854759264,35.768001556396484
63901.17494235886,35.792999267578125
63901.24133712508,35.792999267578125
63901.307731891306,35.792999267578125
63901.37412665752,35.733001708984375
63901.44052142375,35.707000732421875
63901.506916189974,35.707000732421875
63901.57331095619,35.766998291015625
63901.63970572242,35.766998291015625
63901.706100488635,35.766998291015625
63901.77249525486,35.827999114990234
63901.83889002108,35.784000396728516
63901.9052847873,35.784000396728516
63901.97167955352,35.76499938964844
63902.038074319746,35.76499938964844
63902.10446908597,35.76499938964844
63902.17086385219,35.75600051879883
63902.237258618414,35.85900115966797
63902.30365338463,35.85900115966797
63902.37004815086,35.86800003051758
63902.436442917075,35.86800003051758
63902.5028376833,35.86800003051758
63902.56923244952,35.76599884033203
63902.63562721574,35.827999114990234
63902.70202198197,35.827999114990234
63902.768416748186,35.85499954223633
63902.83481151441,35.7599983215332
63902.90120628063,35.7599983215332
63902.967601046854,35.7599983215332
63903.03399581307,35.7599983215332
63903.1003905793,35.790000915527344
63903.16678534552,35.874000549316406
63903.23318011174,35.874000549316406
63903.299574877965,35.90999984741211
63903.36596964418,35.90999984741211
63903.43236441041,35.90999984741211
63903.498759176626,35.85499954223633
63903.56515394285,35.902000427246094
63903.631548709076,35.902000427246094
63903.697943475294,35.816001892089844
63903.76433824152,35.816001892089844
63903.83073300774,35.816001892089844
63903.89712777396,35.8489990234375
63903.96352254018,35.827999114990234
63904.029917306405,35.827999114990234
63904.09631207262,35.784000396728516
63904.16270683885,35.784000396728516
63904.22910160507,35.784000396728516
63904.29549637129,35.79999923706055
63904.361891137516,35.77199935913086
63904.428285903734,35.77199935913086
63904.49468066996,35.83000183105469
63904.56107543618,35.83000183105469
63904.6274702024,35.83000183105469
63904.69386496863,35.85599899291992
63904.760259734845,35.79600143432617
63904.82665450107,35.79600143432617
63904.89304926729,35.77000045776367
63904.95944403351,35.79399871826172
63905.02583879973,35.79399871826172
63905.092233565956,35.79399871826172
63905.158628332174,35.698001861572266
63905.2250230984,35.698001861572266
63905.291417864624,35.69200134277344
63905.35781263084,35.69200134277344
63905.42420739707,35.83100128173828
63905.490602163285,35.83100128173828
63905.55699692951,35.83100128173828
63905.62339169573,35.82099914550781
63905.68978646195,35.744998931884766
63905.75618122818,35.744998931884766
63905.822575994396,35.74800109863281
63905.88897076062,35.74800109863281
63905.95536552684,35.74800109863281
63906.021760293064,35.81999969482422
63906.08815505928,35.887001037597656
63906.15454982551,35.887001037597656
63906.220944591725,35.808998107910156
63906.28733935795,35.808998107910156
63906.353734124175,35.81100082397461
63906.42012889039,35.81100082397461
63906.48652365662,35.81100082397461
63906.552918422836,35.7760009765625
63906.61931318906,35.76100158691406
63906.68570795528,35.76100158691406
63906.752102721504,35.755001068115234
63906.81849748773,35.755001068115234
63906.88489225395,35.755001068115234
63906.95128702017,35.78799819946289
63907.01768178639,35.801998138427734
63907.084076552615,35.801998138427734
63907.15047131883,35.84299850463867
63907.21686608506,35.82600021362305
63907.28326085128,35.82600021362305
63907.3496556175,35.82600021362305
63907.41605038373,35.74700164794922
63907.482445149944,35.74700164794922
63907.54883991617,35.7130012512207
63907.61523468239,35.7130012512207
63907.68162944861,35.73400115966797
63907.74802421483,35.73400115966797
63907.814418981055,35.73400115966797
63907.88081374728,35.81399917602539
63907.9472085135,35.88399887084961
63908.01360327972,35.88399887084961
63908.07999804594,35.84299850463867
63908.14639281217,35.84299850463867
63908.212787578384,35.84299850463867
63908.27918234461,35.82600021362305
63908.34557711083,35.78300094604492
63908.41197187705,35.78300094604492
63908.47836664328,35.834999084472656
63908.544761409496,35.834999084472656
63908.61115617572,35.834999084472656
63908.67755094194,35.7869987487793
63908.743945708164,35.76599884033203
63908.81034047438,35.76599884033203
63908.87673524061,35.79199981689453
63908.94313000683,35.79199981689453
63909.00952477305,35.79199981689453
63909.075919539275,35.80400085449219
63909.14231430549,35.737998962402344
63909.20870907172,35.737998962402344
63909.275103837936,35.816001892089844
63909.34149860416,35.816001892089844
63909.407893370386,35.816001892089844
63909.474288136604,35.81399917602539
63909.54068290283,35.91899871826172
63909.60707766905,35.91899871826172
63909.67347243527,35.75199890136719
63909.73986720149,35.821998596191406
63909.806261967715,35.821998596191406
63909.87265673393,35.821998596191406
63909.93905150016,35.821998596191406
63910.00544626638,35.74599838256836
63910.0718410326,35.74800109863281
63910.138235798826,35.74800109863281
63910.204630565044,35.749000549316406
63910.27102533127,35.749000549316406
63910.33742009749,35.749000549316406
63910.40381486371,35.85599899291992
63910.47020962993,35.7599983215332
63910.536604396155,35.7599983215332
63910.60299916238,35.861000061035156
63910.6693939286,35.861000061035156
63910.73578869482,35.861000061035156
63910.80218346104,35.79800033569336
63910.868578227266,35.805999755859375
63910.934972993484,35.805999755859375
63911.00136775971,35.88100051879883
63911.067762525934,35.88100051879883
63911.13415729215,35.88100051879883
63911.20055205838,35.770999908447266
63911.266946824595,35.770999908447266
63911.33334159082,35.75899887084961
63911.39973635704,35.82500076293945
63911.46613112326,35.82500076293945
63911.53252588949,35.78200149536133
63911.598920655706,35.78200149536133
63911.66531542193,35.78200149536133
63911.73171018815,35.79899978637695
63911.798104954374,35.87799835205078
63911.86449972059,35.87799835205078
63911.93089448682,35.9119987487793
63911.997289253035,35.89099884033203
63912.06368401926,35.89099884033203
63912.130078785485,35.89099884033203
63912.1964735517,35.91699981689453
63912.26286831793,35.91699981689453
63912.329263084146,35.92900085449219
63912.39565785037,35.92900085449219
63912.46205261659,35.82699966430664
63912.528447382814,35.82699966430664
63912.59484214904,35.82699966430664
63912.66123691526,35.854000091552734
63912.72763168148,35.902000427246094
63912.7940264477,35.902000427246094
63912.860421213925,35.85100173950195
63912.92681598014,35.85100173950195
63912.99321074637,35.85100173950195
63913.059605512586,35.6870002746582
63913.12600027881,35.757999420166016
63913.19239504504,35.757999420166016
63913.258789811254,35.86000061035156
63913.32518457748,35.86000061035156
63913.3915793437,35.86000061035156
63913.45797410992,35.90399932861328
63913.52436887614,35.81700134277344
63913.590763642365,35.81700134277344
63913.65715840859,35.81399917602539
63913.72355317481,35.81399917602539
63913.78994794103,35.81399917602539
63913.85634270725,35.77799987792969
63913.92273747348,35.797000885009766
63913.989132239694,35.797000885009766
63914.05552700592,35.805999755859375
63914.12192177214,35.845001220703125
63914.18831653836,35.845001220703125
63914.25471130459,35.845001220703125
63914.321106070805,35.79100036621094
63914.38750083703,35.79100036621094
63914.45389560325,35.768001556396484
63914.52029036947,35.768001556396484
63914.58668513569,35.86399841308594
63914.65307990192,35.86399841308594
63914.71947466814,35.86399841308594
63914.78586943436,35.90599822998047
63914.852264200585,35.85300064086914
63914.9186589668,35.85300064086914
63914.98505373303,35.8650016784668
63915.051448499245,35.8650016784668
63915.11784326547,35.8650016784668
63915.184238031696,35.87099838256836
63915.25063279791,35.87300109863281
63915.31702756414,35.87300109863281
63915.38342233036,35.874000549316406
63915.44981709658,35.874000549316406
63915.5162118628,35.874000549316406
63915.582606629025,35.8390007019043
63915.64900139524,35.82400131225586
63915.71539616147,35.82400131225586
63915.78179092769,35.81700134277344
63915.84818569391,35.81700134277344
63915.914580460136,35.81700134277344
63915.98097522635,35.814998626708984
63916.04736999258,35.88399887084961
63916.1137647588,35.88399887084961
63916.18015952502,35.84400177001953
63916.24655429124,35.84400177001953
63916.312949057465,35.84400177001953
63916.37934382369,35.71900177001953
63916.44573858991,35.861000061035156
63916.51213335613,35.861000061035156
63916.57852812235,35.861000061035156
63916.644922888576,35.79100036621094
63916.711317654794,35.874000549316406
63916.77771242102,35.874000549316406
63916.844107187244,35.733001708984375
63916.91050195346,35.733001708984375
63916.97689671969,35.733001708984375
63917.043291485905,35.707000732421875
63917.10968625213,35.801998138427734
63917.17608101835,35.801998138427734
63917.24247578457,35.70199966430664
63917.3088705508,35.70199966430664
63917.375265317016,35.70199966430664
63917.44166008324,35.694000244140625
63917.50805484946,35.72600173950195
63917.574449615684,35.72600173950195
63917.6408443819,35.775001525878906
63917.70723914813,35.775001525878906
63917.773633914345,35.775001525878906
63917.84002868057,35.76100158691406
63917.906423446795,35.790000915527344
63917.97281821301,35.790000915527344
63918.03921297924,35.874000549316406
63918.105607745456,35.8390007019043
63918.17200251168,35.8390007019043
63918.2383972779,35.8390007019043
63918.304792044124,35.75299835205078
63918.37118681034,35.75299835205078
63918.43758157657,35.893001556396484
63918.50397634279,35.893001556396484
63918.57037110901,35.8120002746582
63918.636765875235,35.8120002746582
63918.70316064145,35.8120002746582
63918.76955540768,35.777000427246094
63918.835950173896,35.797000885009766
63918.90234494012,35.797000885009766
63918.968739706346,35.87699890136719
63919.035134472564,35.87699890136719
63919.10152923879,35.87699890136719
63919.16792400501,35.76900100708008
63919.23431877123,35.900001525878906
63919.30071353745,35.900001525878906
63919.367108303675,35.814998626708984
63919.4335030699,35.814998626708984
63919.49989783612,35.814998626708984
63919.56629260234,35.81399917602539
63919.63268736856,35.847999572753906
63919.699082134786,35.847999572753906
63919.765476901004,35.792999267578125
63919.83187166723,35.792999267578125
63919.89826643345,35.792999267578125
63919.96466119967,35.768001556396484
63920.0310559659,35.86399841308594
63920.097450732115,35.86399841308594
63920.16384549834,35.869998931884766
63920.23024026456,35.8380012512207
63920.29663503078,35.8380012512207
63920.363029797,35.8380012512207
63920.429424563226,35.8380012512207
63920.49581932945,35.89400100708008
63920.56221409567,35.8120002746582
63920.628608861894,35.8120002746582
63920.69500362811,35.742000579833984
63920.76139839434,35.742000579833984
63920.827793160555,35.742000579833984
63920.89418792678,35.85300064086914
63920.960582693,35.75899887084961
63921.02697745922,35.75899887084961
63921.09337222545,35.82500076293945
63921.15976699167,35.82500076293945
63921.22616175789,35.82500076293945
63921.29255652411,35.74700164794922
63921.358951290335,35.749000549316406
63921.42534605655,35.749000549316406
63921.49174082278,35.749000549316406
63921.558135589,35.749000549316406
63921.62453035522,35.926998138427734
63921.690925121446,35.926998138427734
63921.75731988766,35.926998138427734
63921.82371465389,35.79100036621094
63921.89010942011,35.8390007019043
63921.95650418633,35.8390007019043
63922.02289895255,35.85900115966797
63922.089293718775,35.85900115966797
63922.155688485,35.85900115966797
63922.22208325122,35.90399932861328
63922.28847801744,35.816001892089844
63922.35487278366,35.816001892089844
63922.421267549886,35.81399917602539
63922.4876623161,35.81399917602539
63922.55405708233,35.81399917602539
63922.620451848554,35.81399917602539
63922.68684661477,35.81399917602539
63922.753241381,35.8489990234375
63922.819636147215,35.89899826049805
63922.88603091344,35.89899826049805
63922.95242567966,35.92100143432617
63923.01882044588,35.85900115966797
63923.08521521211,35.85900115966797
63923.151609978326,35.85900115966797
63923.21800474455,35.85900115966797
63923.28439951077,35.762001037597656
63923.350794276994,35.82600021362305
63923.41718904321,35.82600021362305
63923.48358380944,35.888999938964844
63923.549978575655,35.888999938964844
63923.61637334188,35.888999938964844
63923.682768108105,35.84600067138672
63923.74916287432,35.79100036621094
63923.81555764055,35.79100036621094
63923.881952406766,35.803001403808594
63923.94834717299,35.803001403808594
63924.01474193921,35.803001403808594
63924.081136705434,35.84400177001953
63924.14753147165,35.79100036621094
63924.21392623788,35.79100036621094
63924.2803210041,35.768001556396484
63924.34671577032,35.768001556396484
63924.413110536545,35.768001556396484
63924.47950530276,35.86399841308594
63924.54590006899,35.79899978637695
63924.612294835206,35.79899978637695
63924.67868960143,35.80699920654297
63924.745084367656,35.80699920654297
63924.811479133874,35.80699920654297
63924.8778739001,35.775001525878906
63924.94426866632,35.79600143432617
63925.01066343254,35.79600143432617
63925.07705819876,35.73400115966797
63925.143452964985,35.81399917602539
63925.20984773121,35.81399917602539
63925.27624249743,35.81399917602539
63925.34263726365,35.81399917602539
63925.40903202987,35.742000579833984
63925.475426796096,35.742000579833984
63925.541821562314,35.81800079345703
63925.60821632854,35.81800079345703
63925.67461109476,35.88600158691406
63925.74100586098,35.88600158691406
63925.80740062721,35.88600158691406
63925.873795393425,35.808998107910156
63925.94019015965,35.84600067138672
63926.00658492587,35.84600067138672
63926.07297969209,35.862998962402344
63926.13937445831,35.862998962402344
63926.205769224536,35.862998962402344
63926.27216399076,35.79899978637695
63926.33855875698,35.770999908447266
63926.404953523204,35.770999908447266
63926.47134828942,35.75899887084961
63926.53774305565,35.75899887084961
63926.604137821865,35.75899887084961
63926.67053258809,35.75400161743164
63926.73692735431,35.75400161743164
63926.80332212053,35.75199890136719
63926.86971688676,35.856998443603516
63926.936111652976,35.856998443603516
63927.0025064192,35.867000579833984
63927.06890118542,35.867000579833984
63927.135295951644,35.867000579833984
63927.20169071786,35.80099868774414
63927.26808548409,35.87799835205078
63927.33448025031,35.87799835205078
63927.40087501653,35.875999450683594
63927.467269782755,35.80500030517578
63927.53366454897,35.80500030517578
63927.6000593152,35.80500030517578
63927.666454081416,35.80500030517578
63927.73284884764,35.737998962402344
63927.79924361386,35.779998779296875
63927.865638380084,35.779998779296875
63927.93203314631,35.83399963378906
63927.99842791253,35.83399963378906
63928.06482267875,35.83399963378906
63928.13121744497,35.856998443603516
63928.197612211196,35.79600143432617
63928.26400697741,35.79600143432617
63928.33040174364,35.805999755859375
63928.39679650986,35.805999755859375
63928.46319127608,35.805999755859375
63928.52958604231,35.77399826049805
63928.595980808524,35.7599983215332
63928.66237557475,35.7599983215332
63928.72877034097,35.861000061035156
63928.79516510719,35.861000061035156
63928.86155987341,35.861000061035156
63928.927954639636,35.83300018310547
63928.99434940586,35.856998443603516
63929.06074417208,35.856998443603516
63929.127138938304,35.79600143432617
63929.19353370452,35.79600143432617
63929.25992847075,35.79600143432617
63929.326323236965,35.80500030517578
63929.39271800319,35.808998107910156
63929.459112769415,35.808998107910156
63929.52550753563,35.81100082397461
63929.59190230186,35.84700012207031
63929.658297068076,35.84700012207031
63929.7246918343,35.84700012207031
63929.79108660052,35.862998962402344
63929.857481366744,35.862998962402344
63929.92387613296,35.904998779296875
63929.99027089919,35.81700134277344
63930.05666566541,35.81700134277344
63930.12306043163,35.81700134277344
63930.189455197855,35.81700134277344
63930.25584996407,35.74399948120117
63930.3222447303,35.74700164794922
63930.388639496516,35.74700164794922
63930.45503426274,35.81999969482422
63930.521429028966,35.81999969482422
63930.587823795184,35.81999969482422
63930.65421856141,35.779998779296875
63930.72061332763,35.79899978637695
63930.78700809385,35.79899978637695
63930.85340286007,35.805999755859375
63930.919797626295,35.805999755859375
63930.98619239252,35.805999755859375
63931.05258715874,35.810001373291016
63931.11898192496,35.88199996948242
63931.18537669118,35.88199996948242
63931.251771457406,35.91400146484375
63931.318166223624,35.91400146484375
63931.38456098985,35.91400146484375
63931.45095575607,35.85599899291992
63931.51735052229,35.867000579833984
63931.58374528852,35.867000579833984
63931.650140054735,35.90700149536133
63931.71653482096,35.90700149536133
63931.78292958718,35.90700149536133
63931.8493243534,35.861000061035156
63931.91571911962,35.85300064086914
63931.982113885846,35.85300064086914
63932.048508652064,35.85300064086914
63932.11490341829,35.7140007019043
63932.181298184514,35.80500030517578
63932.24769295073,35.80500030517578
63932.31408771696,35.737998962402344
63932.380482483175,35.737998962402344
63932.4468772494,35.737998962402344
63932.51327201562,35.779998779296875
63932.57966678184,35.76300048828125
63932.64606154807,35.76300048828125
63932.712456314286,35.89799880981445
63932.77885108051,35.89799880981445
63932.84524584673,35.89799880981445
63932.911640612954,35.8489990234375
63932.97803537917,35.827999114990234
63933.0444301454,35.827999114990234
63933.11082491162,35.92599868774414
63933.17721967784,35.92599868774414
63933.243614444065,35.92599868774414
63933.31000921028,35.82600021362305
63933.37640397651,35.81800079345703
63933.442798742726,35.81800079345703
63933.50919350895,35.88600158691406
63933.57558827517,35.880001068115234
63933.641983041394,35.880001068115234
63933.70837780762,35.880001068115234
63933.77477257384,35.805999755859375
63933.84116734006,35.805999755859375
63933.90756210628,35.88100051879883
63933.973956872505,35.91299819946289
63934.04035163872,35.91299819946289
63934.10674640495,35.91299819946289
63934.17314117117,35.91299819946289
63934.23953593739,35.85599899291992
63934.30593070362,35.7599983215332
63934.372325469834,35.7599983215332
63934.43872023606,35.71900177001953
63934.50511500228,35.71900177001953
63934.5715097685,35.71900177001953
63934.63790453472,35.77199935913086
63934.704299300945,35.7599983215332
63934.77069406717,35.7599983215332
63934.83708883339,35.75400161743164
63934.90348359961,35.75400161743164
63934.96987836583,35.75400161743164
63935.03627313206,35.858001708984375
63935.102667898274,35.86800003051758
63935.1690626645,35.86800003051758
63935.235457430725,35.87200164794922
63935.30185219694,35.87200164794922
63935.36824696317,35.87200164794922
63935.434641729385,35.874000549316406
63935.50103649561,35.8390007019043
63935.56743126183,35.8390007019043
63935.63382602805,35.82400131225586
63935.70022079427,35.82400131225586
63935.7666155605,35.82400131225586
63935.83301032672,35.71099853515625
63935.89940509294,35.76900100708008
63935.965799859165,35.76900100708008
63936.03219462538,35.900001525878906
63936.09858939161,35.814998626708984
63936.164984157826,35.814998626708984
63936.23137892405,35.814998626708984
63936.297773690276,35.814998626708984
63936.364168456494,35.81399917602539
63936.43056322272,35.91899871826172
63936.49695798894,35.91899871826172
63936.56335275516,35.89400100708008
63936.62974752138,35.89400100708008
63936.696142287605,35.89400100708008
63936.76253705382,35.8120002746582
63936.82893182005,35.67100143432617
63936.89532658627,35.67100143432617
63936.96172135249,35.68000030517578
63937.028116118716,35.68000030517578
63937.094510884934,35.79100036621094
63937.16090565116,35.79100036621094
63937.22730041738,35.79100036621094
63937.2936951836,35.909000396728516
63937.36008994983,35.854000091552734
63937.426484716045,35.854000091552734
63937.49287948227,35.79499816894531
63937.55927424849,35.79499816894531
63937.62566901471,35.79499816894531
63937.69206378093,35.77000045776367
63937.758458547156,35.79399871826172
63937.824853313374,35.79399871826172
63937.8912480796,35.875
63937.957642845824,35.84000015258789
63938.02403761204,35.84000015258789
63938.09043237827,35.84000015258789
63938.156827144485,35.78900146484375
63938.22322191071,35.78900146484375
63938.28961667693,35.8380012512207
63938.35601144315,35.8380012512207
63938.42240620938,35.78799819946289
63938.488800975596,35.78799819946289
63938.55519574182,35.78799819946289
63938.62159050804,35.801998138427734
63938.687985274264,35.84299850463867
63938.75438004048,35.84299850463867
63938.82077480671,35.93199920654297
63938.88716957293,35.93199920654297
63938.95356433915,35.93199920654297
63939.019959105375,35.935001373291016
63939.08635387159,35.83000183105469
63939.15274863782,35.83000183105469
63939.219143404036,35.749000549316406
63939.28553817026,35.749000549316406
63939.35193293648,35.749000549316406
63939.418327702704,35.89099884033203
63939.48472246893,35.88199996948242
63939.55111723515,35.88199996948242
63939.61751200137,35.80699920654297
63939.68390676759,35.80699920654297
63939.750301533815,35.80699920654297
63939.81669630003,35.810001373291016
63939.88309106626,35.84700012207031
63939.949485832476,35.84700012207031
63940.0158805987,35.75600051879883
63940.082275364926,35.75600051879883
63940.148670131144,35.75600051879883
63940.21506489737,35.82400131225586
63940.28145966359,35.85300064086914
63940.34785442981,35.85300064086914
63940.41424919603,35.79399871826172
63940.480643962255,35.76900100708008
63940.54703872848,35.76900100708008
63940.6134334947,35.76900100708008
63940.67982826092,35.79399871826172
63940.74622302714,35.79399871826172
63940.81261779337,35.84000015258789
63940.879012559584,35.84000015258789
63940.94540732581,35.78900146484375
63941.011802092034,35.78900146484375
63941.07819685825,35.78900146484375
63941.14459162448,35.766998291015625
63941.210986390695,35.86399841308594
63941.27738115692,35.86399841308594
63941.34377592314,35.869998931884766
63941.41017068936,35.869998931884766
63941.47656545558,35.869998931884766
63941.54296022181,35.801998138427734
63941.60935498803,35.73699951171875
63941.67574975425,35.73699951171875
63941.742144520475,35.74399948120117
63941.80853928669,35.74399948120117
63941.87493405292,35.74399948120117
63941.941328819135,35.854000091552734
63942.00772358536,35.854000091552734
63942.074118351586,35.83000183105469
63942.1405131178,35.81999969482422
63942.20690788403,35.81999969482422
63942.27330265025,35.922000885009766
63942.33969741647,35.965999603271484
63942.40609218269,35.965999603271484
63942.472486948915,35.965999603271484
63942.53888171513,35.80799865722656
63942.60527648136,35.80799865722656
63942.67167124758,35.81100082397461
63942.7380660138,35.81100082397461
63942.804460780026,35.882999420166016
63942.87085554624,35.882999420166016
63942.93725031247,35.882999420166016
63943.00364507869,35.91400146484375
63943.07003984491,35.82099914550781
63943.13643461114,35.82099914550781
63943.202829377355,35.744998931884766
63943.26922414358,35.744998931884766
63943.3356189098,35.744998931884766
63943.40201367602,35.78300094604492
63943.46840844224,35.834999084472656
63943.534803208466,35.834999084472656
63943.60119797468,35.7869987487793
63943.66759274091,35.7869987487793
63943.733987507134,35.7869987487793
63943.80038227335,35.90800094604492
63943.86677703958,35.81800079345703
63943.933171805795,35.81800079345703
63943.99956657202,35.70899963378906
63944.06596133824,35.70899963378906
63944.13235610446,35.70899963378906
63944.19875087069,35.768001556396484
63944.265145636906,35.792999267578125
63944.33154040313,35.792999267578125
63944.39793516935,35.84000015258789
63944.464329935574,35.84000015258789
63944.53072470179,35.84000015258789
63944.59711946802,35.86000061035156
63944.66351423424,35.83300018310547
63944.72990900046,35.83300018310547
63944.796303766685,35.856998443603516
63944.8626985329,35.90299987792969
63944.92909329913,35.90299987792969
63944.995488065346,35.90299987792969
63945.06188283157,35.90299987792969
63945.12827759779,35.85100173950195
63945.194672364014,35.79399871826172
63945.26106713024,35.79399871826172
63945.32746189646,35.76900100708008
63945.39385666268,35.76900100708008
63945.4602514289,35.76900100708008
63945.526646195125,35.900001525878906
63945.59304096134,35.88600158691406
63945.65943572757,35.88600158691406
63945.725830493786,35.915000915527344
63945.79222526001,35.915000915527344
63945.858620026236,35.915000915527344
63945.925014792454,35.7859992980957
63945.99140955868,35.83599853515625
63946.0578043249,35.83599853515625
63946.12419909112,35.858001708984375
63946.19059385734,35.858001708984375
