time,eda
63011.684208958315,1.4971649646759033
63011.750603724664,1.4968429803848267
63011.81699849102,1.4971649646759033
63011.883393257376,1.4965180158615112
63011.949788023725,1.4968429803848267
63012.01618279008,1.4978129863739014
63012.08257755643,1.4961960315704346
63012.148972322786,1.4965180158615112
63012.215367089135,1.4968429803848267
63012.28176185549,1.4965180158615112
63012.34815662185,1.4961960315704346
63012.414551388196,1.4961960315704346
63012.48094615455,1.4961960315704346
63012.5473409209,1.4968429803848267
63012.61373568726,1.4974910020828247
63012.680130453606,1.4978129863739014
63012.74652521996,1.4974910020828247
63012.81291998632,1.4978129863739014
63012.87931475267,1.4978129863739014
63012.94570951902,1.4978129863739014
63013.01210428537,1.4978129863739014
63013.07849905173,1.4978129863739014
63013.144893818084,1.4978129863739014
63013.21128858443,1.4978129863739014
63013.27768335079,1.4974910020828247
63013.34407811714,1.4978129863739014
63013.410472883494,1.4974910020828247
63013.47686764984,1.4978129863739014
63013.5432624162,1.4978129863739014
63013.609657182555,1.4978129863739014
63013.6760519489,1.4978129863739014
63013.74244671526,1.4978129863739014
63013.80884148161,1.4978129863739014
63013.875236247964,1.4978129863739014
63013.94163101431,1.4978129863739014
63014.00802578067,1.498136043548584
63014.074420547026,1.4978129863739014
63014.140815313374,1.4978129863739014
63014.20721007973,1.498136043548584
63014.27360484608,1.4978129863739014
63014.339999612435,1.498136043548584
63014.40639437879,1.4984619617462158
63014.47278914514,1.498136043548584
63014.5391839115,1.4984619617462158
63014.605578677845,1.498136043548584
63014.6719734442,1.498136043548584
63014.73836821055,1.4987850189208984
63014.804762976906,1.4984619617462158
63014.87115774326,1.4991110563278198
63014.93755250961,1.499433994293213
63015.00394727597,1.499433994293213
63015.070342042316,1.499433994293213
63015.13673680867,1.499433994293213
63015.20313157502,1.499433994293213
63015.26952634138,1.499433994293213
63015.33592110773,1.499433994293213
63015.40231587408,1.499433994293213
63015.46871064044,1.499433994293213
63015.53510540679,1.499433994293213
63015.60150017314,1.499433994293213
63015.6678949395,1.499433994293213
63015.73428970585,1.499758005142212
63015.800684472204,1.5004080533981323
63015.86707923855,1.5007350444793701
63015.93347400491,1.5004080533981323
63015.99986877126,1.5007350444793701
63016.066263537614,1.5010590553283691
63016.13265830397,1.5010590553283691
63016.19905307032,1.5010590553283691
63016.265447836675,1.5004080533981323
63016.331842603024,1.5007350444793701
63016.39823736938,1.5010590553283691
63016.46463213573,1.5010590553283691
63016.531026902085,1.5010590553283691
63016.59742166844,1.5010590553283691
63016.66381643479,1.5010590553283691
63016.730211201146,1.5010590553283691
63016.796605967495,1.5010590553283691
63016.86300073385,1.5013829469680786
63016.92939550021,1.5013829469680786
63016.995790266556,1.5010590553283691
63017.06218503291,1.501710057258606
63017.12857979926,1.501710057258606
63017.19497456562,1.5013829469680786
63017.261369331965,1.5013829469680786
63017.32776409832,1.5013829469680786
63017.39415886468,1.501710057258606
63017.46055363103,1.501710057258606
63017.52694839738,1.501710057258606
63017.59334316373,1.501710057258606
63017.65973793009,1.5023620128631592
63017.726132696436,1.5010590553283691
63017.79252746279,1.5026869773864746
63017.85892222915,1.501710057258606
63017.9253169955,1.5023620128631592
63017.99171176185,1.501710057258606
63018.0581065282,1.5026869773864746
63018.12450129456,1.5013829469680786
63018.190896060914,1.501710057258606
63018.25729082726,1.5020350217819214
63018.32368559362,1.5013829469680786
63018.39008035997,1.5010590553283691
63018.456475126324,1.5010590553283691
63018.52286989267,1.5010590553283691
63018.58926465903,1.5010590553283691
63018.655659425385,1.5010590553283691
63018.722054191734,1.5007350444793701
63018.78844895809,1.5010590553283691
63018.85484372444,1.5010590553283691
63018.921238490795,1.5007350444793701
63018.987633257144,1.5007350444793701
63019.0540280235,1.5010590553283691
63019.120422789856,1.5007350444793701
63019.186817556205,1.5007350444793701
63019.25321232256,1.5010590553283691
63019.31960708891,1.5010590553283691
63019.386001855266,1.5010590553283691
63019.45239662162,1.5010590553283691
63019.51879138797,1.5010590553283691
63019.58518615433,1.5010590553283691
63019.651580920676,1.5010590553283691
63019.71797568703,1.5010590553283691
63019.78437045338,1.5010590553283691
63019.85076521974,1.5010590553283691
63019.91715998609,1.5013829469680786
63019.98355475244,1.5020350217819214
63020.0499495188,1.5010590553283691
63020.11634428515,1.5010590553283691
63020.1827390515,1.5013829469680786
63020.24913381786,1.5020350217819214
63020.31552858421,1.5020350217819214
63020.381923350564,1.5020350217819214
63020.44831811691,1.5023620128631592
63020.51471288327,1.5026869773864746
63020.58110764962,1.5023620128631592
63020.64750241597,1.5026869773864746
63020.71389718233,1.5026869773864746
63020.78029194868,1.5026869773864746
63020.846686715035,1.5026869773864746
63020.91308148138,1.5026869773864746
63020.97947624774,1.5023620128631592
63021.04587101409,1.5026869773864746
63021.112265780444,1.5026869773864746
63021.1786605468,1.5023620128631592
63021.24505531315,1.5023620128631592
63021.311450079505,1.5020350217819214
63021.377844845854,1.5026869773864746
63021.44423961221,1.5026869773864746
63021.51063437857,1.5023620128631592
63021.577029144915,1.5020350217819214
63021.64342391127,1.5023620128631592
63021.70981867762,1.501710057258606
63021.776213443976,1.5013829469680786
63021.842608210325,1.501710057258606
63021.90900297668,1.5013829469680786
63021.97539774304,1.501710057258606
63022.041792509386,1.5010590553283691
63022.10818727574,1.5010590553283691
63022.17458204209,1.5010590553283691
63022.24097680845,1.5010590553283691
63022.307371574796,1.5010590553283691
63022.37376634115,1.5010590553283691
63022.44016110751,1.5010590553283691
63022.50655587386,1.5013829469680786
63022.57295064021,1.5020350217819214
63022.63934540656,1.5026869773864746
63022.70574017292,1.5033400058746338
63022.772134939274,1.5043189525604248
63022.83852970562,1.50497305393219
63022.90492447198,1.505627989768982
63022.97131923833,1.5052980184555054
63023.037714004684,1.5059540271759033
63023.10410877103,1.5059540271759033
63023.17050353739,1.5059540271759033
63023.236898303745,1.5059540271759033
63023.303293070094,1.505627989768982
63023.36968783645,1.5046440362930298
63023.4360826028,1.5043189525604248
63023.502477369155,1.5043189525604248
63023.5688721355,1.5043189525604248
63023.63526690186,1.5059540271759033
63023.701661668216,1.505627989768982
63023.768056434565,1.506935954093933
63023.83445120092,1.507591962814331
63023.90084596727,1.5089069604873657
63023.967240733626,1.5108799934387207
63024.03363549998,1.5108799934387207
63024.10003026633,1.5108799934387207
63024.16642503269,1.5108799934387207
63024.232819799035,1.512529969215393
63024.29921456539,1.5131909847259521
63024.36560933174,1.5148459672927856
63024.4320040981,1.5175000429153442
63024.49839886445,1.5201630592346191
63024.5647936308,1.5218329429626465
63024.63118839716,1.5225019454956055
63024.697583163506,1.5268640518188477
63024.76397792986,1.5312509536743164
63024.83037269621,1.5339659452438354
63024.89676746257,1.536005973815918
63024.96316222892,1.5394190549850464
63025.02955699527,1.5421600341796875
63025.09595176163,1.5435359477996826
63025.16234652798,1.5435359477996826
63025.22874129433,1.5445669889450073
63025.29513606069,1.5466350317001343
63025.36153082704,1.5494049787521362
63025.427925593394,1.550096035003662
63025.49432035974,1.550096035003662
63025.5607151261,1.5507910251617432
63025.62710989245,1.5535720586776733
63025.693504658804,1.556015968322754
63025.75989942516,1.557765007019043
63025.82629419151,1.5612759590148926
63025.892688957865,1.5633920431137085
63025.959083724214,1.565863013267517
63026.02547849057,1.569409966468811
63026.09187325692,1.5736889839172363
63026.158268023275,1.5761970281600952
63026.22466278963,1.578711986541748
63026.29105755598,1.5794320106506348
63026.357452322336,1.5808720588684082
63026.423847088685,1.5837630033493042
63026.49024185504,1.585574984550476
63026.5566366214,1.5866669416427612
63026.623031387746,1.587028980255127
63026.6894261541,1.587391972541809
63026.75582092045,1.5884859561920166
63026.82221568681,1.58775794506073
63026.888610453156,1.5884859561920166
63026.95500521951,1.5899430513381958
63027.02139998587,1.5917689800262451
63027.08779475222,1.5925019979476929
63027.15418951857,1.5939689874649048
63027.22058428492,1.5943340063095093
63027.28697905128,1.5943340063095093
63027.353373817634,1.5936000347137451
63027.41976858398,1.5928670167922974
63027.48616335034,1.5925019979476929
63027.55255811669,1.5936000347137451
63027.618952883044,1.5939689874649048
63027.68534764939,1.5925019979476929
63027.75174241575,1.5925019979476929
63027.818137182105,1.5932350158691406
63027.88453194845,1.5899430513381958
63027.95092671481,1.5866669416427612
63028.01732148116,1.5852140188217163
63028.083716247515,1.5841269493103027
63028.15011101386,1.5834020376205444
63028.21650578022,1.581954002380371
63028.282900546576,1.5801500082015991
63028.349295312924,1.5794320106506348
63028.41569007928,1.5779919624328613
63028.48208484563,1.5776339769363403
63028.548479611985,1.579069972038269
63028.61487437834,1.582677960395813
63028.68126914469,1.5852140188217163
63028.74766391105,1.58775794506073
63028.814058677395,1.5892119407653809
63028.88045344375,1.5892119407653809
63028.9468482101,1.5892119407653809
63029.013242976456,1.5888489484786987
63029.07963774281,1.5888489484786987
63029.14603250916,1.5888489484786987
63029.21242727552,1.58775794506073
63029.278822041866,1.5866669416427612
63029.34521680822,1.5852140188217163
63029.41161157457,1.5841269493103027
63029.47800634093,1.5834020376205444
63029.54440110728,1.5834020376205444
63029.61079587363,1.5834020376205444
63029.67719063999,1.583042025566101
63029.74358540634,1.5837630033493042
63029.80998017269,1.584488034248352
63029.87637493905,1.585574984550476
63029.9427697054,1.585574984550476
63030.009164471754,1.5863020420074463
63030.0755592381,1.587028980255127
63030.14195400446,1.5884859561920166
63030.20834877081,1.5917689800262451
63030.274743537164,1.5946999788284302
63030.34113830352,1.5965379476547241
63030.40753306987,1.5987499952316284
63030.473927836225,1.599856972694397
63030.540322602574,1.600965976715088
63030.60671736893,1.6028180122375488
63030.67311213528,1.6050479412078857
63030.739506901635,1.6091480255126953
63030.80590166799,1.6125210523605347
63030.87229643434,1.6159039735794067
63030.938691200696,1.6200629472732544
63031.005085967045,1.6242389678955078
63031.0714807334,1.6246190071105957
63031.13787549976,1.6246190071105957
63031.204270266106,1.6250020265579224
63031.27066503246,1.6253819465637207
63031.33705979881,1.6253819465637207
63031.40345456517,1.6261459589004517
63031.469849331515,1.6261459589004517
63031.53624409787,1.6261459589004517
63031.60263886423,1.6280570030212402
63031.66903363058,1.6280570030212402
63031.73542839693,1.6280570030212402
63031.80182316328,1.627290964126587
63031.86821792964,1.6280570030212402
63031.934612695986,1.6295900344848633
63032.00100746234,1.6318919658660889
63032.0674022287,1.6318919658660889
63032.13379699505,1.6318919658660889
63032.2001917614,1.6315089464187622
63032.26658652775,1.629971981048584
63032.33298129411,1.6288230419158936
63032.399376060464,1.627290964126587
63032.46577082681,1.6250020265579224
63032.53216559317,1.6230989694595337
63032.59856035952,1.620818018913269
63032.664955125874,1.6189240217208862
63032.73134989222,1.6159039735794067
63032.79774465858,1.6102700233459473
63032.864139424935,1.600965976715088
63032.930534191284,1.5954350233078003
63032.99692895764,1.5932350158691406
63033.06332372399,1.5936000347137451
63033.129718490345,1.5943340063095093
63033.196113256694,1.5954350233078003
63033.26250802305,1.5943340063095093
63033.328902789406,1.5921369791030884
63033.395297555755,1.5954350233078003
63033.46169232211,1.5980119705200195
63033.52808708846,1.6002260446548462
63033.594481854816,1.6017069816589355
63033.66087662117,1.6017069816589355
63033.72727138752,1.6020760536193848
63033.79366615388,1.6024490594863892
63033.860060920226,1.6020760536193848
63033.92645568658,1.6013380289077759
63033.99285045293,1.5994889736175537
63034.05924521929,1.5980119705200195
63034.12563998564,1.5969079732894897
63034.19203475199,1.5961710214614868
63034.25842951835,1.5961710214614868
63034.3248242847,1.5954350233078003
63034.39121905105,1.5961710214614868
63034.4576138174,1.5961710214614868
63034.52400858376,1.5976450443267822
63034.590403350114,1.5980119705200195
63034.65679811646,1.5976450443267822
63034.72319288282,1.6002260446548462
63034.78958764917,1.6020760536193848
63034.85598241552,1.6035610437393188
63034.92237718188,1.606909990310669
63034.98877194823,1.6091480255126953
63035.055166714585,1.6110190153121948
63035.12156148093,1.6125210523605347
63035.18795624729,1.6151490211486816
63035.25435101364,1.620818018913269
63035.320745779994,1.6250020265579224
63035.38714054635,1.629971981048584
63035.4535353127,1.6341999769210815
63035.519930079055,1.6376789808273315
63035.586324845404,1.6403939723968506
63035.65271961176,1.642727017402649
63035.71911437811,1.6446759700775146
63035.785509144465,1.6470249891281128
63035.85190391082,1.6493760347366333
63035.91829867717,1.6505550146102905
63035.984693443526,1.6517339944839478
63036.051088209875,1.6529200077056885
63036.11748297623,1.6548939943313599
63036.18387774259,1.6556819677352905
63036.250272508936,1.6564749479293823
63036.31666727529,1.6572680473327637
63036.38306204164,1.6572680473327637
63036.449456808,1.6572680473327637
63036.515851574346,1.6572680473327637
63036.5822463407,1.6572680473327637
63036.64864110706,1.6572680473327637
63036.71503587341,1.6572680473327637
63036.78143063976,1.6552879810333252
63036.84782540611,1.6548939943313599
63036.91422017247,1.6525230407714844
63036.980614938824,1.6513420343399048
63037.04700970517,1.6493760347366333
63037.11340447153,1.6493760347366333
63037.17979923788,1.6470249891281128
63037.246194004234,1.6450690031051636
63037.31258877058,1.6435070037841797
63037.37898353694,1.6435070037841797
63037.445378303295,1.642727017402649
63037.511773069644,1.640781044960022
63037.578167836,1.6392300128936768
63037.64456260235,1.6388399600982666
63037.710957368705,1.6376789808273315
63037.777352135054,1.6357450485229492
63037.84374690141,1.6353609561920166
63037.910141667766,1.6345880031585693
63037.976536434115,1.6357450485229492
63038.04293120047,1.6357450485229492
63038.10932596682,1.6353609561920166
63038.175720733176,1.6353609561920166
63038.24211549953,1.636904001235962
63038.30851026588,1.6376789808273315
63038.37490503224,1.6392300128936768
63038.441299798586,1.6411720514297485
63038.50769456494,1.6438950300216675
63038.57408933129,1.6454590559005737
63038.64048409765,1.6513420343399048
63038.706878864,1.6572680473327637
63038.77327363035,1.6612420082092285
63038.83966839671,1.665634036064148
63038.90606316306,1.6700539588928223
63038.97245792941,1.674090027809143
63039.03885269576,1.6793650388717651
63039.10524746212,1.6863149404525757
63039.17164222847,1.692078948020935
63039.23803699482,1.6953949928283691
63039.30443176118,1.6970540285110474
63039.37082652753,1.6978869438171387
63039.43722129388,1.6995550394058228
63039.50361606024,1.7012219429016113
63039.57001082659,1.702057957649231
63039.636405592944,1.702057957649231
63039.70280035929,1.7016420364379883
63039.76919512565,1.7008060216903687
63039.835589892,1.699970006942749
63039.901984658354,1.6991349458694458
63039.96837942471,1.6974719762802124
63040.03477419106,1.6949779987335205
63040.101168957415,1.693323016166687
63040.167563723764,1.6908409595489502
63040.23395849012,1.6887799501419067
63040.30035325647,1.6867239475250244
63040.366748022825,1.6850850582122803
63040.43314278918,1.6830379962921143
63040.49953755553,1.6818089485168457
63040.565932321886,1.6801799535751343
63040.632327088235,1.6785500049591064
63040.69872185459,1.6761150360107422
63040.76511662095,1.6736830472946167
63040.831511387296,1.6708600521087646
63040.89790615365,1.668442964553833
63040.96430092,1.665634036064148
63041.03069568636,1.665235996246338
63041.097090452706,1.6640360355377197
63041.16348521906,1.6628390550613403
63041.22987998542,1.6616389751434326
63041.29627475177,1.6600489616394043
63041.36266951812,1.658856987953186
63041.42906428447,1.6572680473327637
63041.49545905083,1.6552879810333252
63041.56185381718,1.6556819677352905
63041.62824858353,1.6544970273971558
63041.69464334989,1.6525230407714844
63041.76103811624,1.6517339944839478
63041.827432882594,1.6509499549865723
63041.89382764894,1.6497679948806763
63041.9602224153,1.6493760347366333
63042.026617181655,1.6489850282669067
63042.093011948,1.6482000350952148
63042.15940671436,1.647415041923523
63042.22580148071,1.6478049755096436
63042.292196247065,1.6482000350952148
63042.35859101341,1.6493760347366333
63042.42498577977,1.6501630544662476
63042.491380546126,1.6509499549865723
63042.557775312474,1.6513420343399048
63042.62417007883,1.6517339944839478
63042.69056484518,1.6525230407714844
63042.756959611535,1.6533130407333374
63042.823354377884,1.6533130407333374
63042.88974914424,1.6544970273971558
63042.9561439106,1.6564749479293823
63043.022538676945,1.6592530012130737
63043.0889334433,1.6612420082092285
63043.15532820965,1.6624369621276855
63043.221722976006,1.6640360355377197
63043.28811774236,1.665235996246338
63043.35451250871,1.665235996246338
63043.42090727507,1.665634036064148
63043.487302041416,1.6676390171051025
63043.55369680777,1.6692479848861694
63043.62009157412,1.6696490049362183
63043.68648634048,1.6708600521087646
63043.75288110683,1.6708600521087646
63043.81927587318,1.6712620258331299
63043.88567063954,1.6712620258331299
63043.95206540589,1.6712620258331299
63044.01846017224,1.6712620258331299
63044.0848549386,1.6716630458831787
63044.15124970495,1.672471046447754
63044.217644471304,1.6728780269622803
63044.28403923765,1.672471046447754
63044.35043400401,1.6720689535140991
63044.41682877036,1.6716630458831787
63044.483223536714,1.6712620258331299
63044.54961830307,1.6712620258331299
63044.61601306942,1.6720689535140991
63044.682407835775,1.672471046447754
63044.748802602124,1.6732800006866455
63044.81519736848,1.6749000549316406
63044.88159213483,1.6753029823303223
63044.947986901185,1.6744929552078247
63045.01438166754,1.6728780269622803
63045.08077643389,1.6716630458831787
63045.147171200246,1.6708600521087646
63045.213565966595,1.6692479848861694
63045.27996073295,1.6676390171051025
63045.34635549931,1.6660369634628296
63045.412750265656,1.665235996246338
63045.47914503201,1.6640360355377197
63045.54553979836,1.663633942604065
63045.61193456472,1.6632360219955444
63045.678329331065,1.6628390550613403
63045.74472409742,1.6616389751434326
63045.81111886378,1.6612420082092285
63045.87751363013,1.6612420082092285
63045.94390839648,1.6620399951934814
63046.01030316283,1.6628390550613403
63046.07669792919,1.6612420082092285
63046.143092695536,1.6612420082092285
63046.20948746189,1.6612420082092285
63046.27588222825,1.6624369621276855
63046.3422769946,1.6628390550613403
63046.40867176095,1.6632360219955444
63046.4750665273,1.6640360355377197
63046.54146129366,1.6660369634628296
63046.607856060014,1.6672389507293701
63046.67425082636,1.6688480377197266
63046.74064559272,1.6692479848861694
63046.80704035907,1.670454978942871
63046.873435125424,1.6716630458831787
63046.93982989177,1.6736830472946167
63047.00622465813,1.6757069826126099
63047.072619424485,1.6781450510025024
63047.139014190834,1.6818089485168457
63047.20540895719,1.6842650175094604
63047.27180372354,1.6867239475250244
63047.338198489895,1.6904300451278687
63047.404593256244,1.6929069757461548
63047.4709880226,1.695809006690979
63047.537382788956,1.6991349458694458
63047.603777555305,1.702057957649231
63047.67017232166,1.7075120210647583
63047.73656708801,1.7130000591278076
63047.802961854366,1.720661997795105
63047.86935662072,1.7283879518508911
63047.93575138707,1.7361849546432495
63048.00214615343,1.7440520524978638
63048.068540919776,1.7537659406661987
63048.13493568613,1.7644890546798706
63048.20133045248,1.7726149559020996
63048.26772521884,1.7803599834442139
63048.33411998519,1.7863270044326782
63048.40051475154,1.792335033416748
63048.4669095179,1.7965199947357178
63048.53330428425,1.7988530397415161
63048.5996990506,1.800719976425171
63048.66609381695,1.8025959730148315
63048.73248858331,1.80588698387146
63048.798883349664,1.8063559532165527
63048.86527811601,1.8049449920654297
63048.93167288237,1.803536057472229
63048.99806764872,1.800719976425171
63049.064462415074,1.7988530397415161
63049.13085718143,1.7955880165100098
63049.19725194778,1.7918729782104492
63049.263646714135,1.7877089977264404
63049.33004148048,1.7840269804000854
63049.39643624684,1.7808159589767456
63049.46283101319,1.777161955833435
63049.529225779545,1.773522973060608
63049.5956205459,1.7708009481430054
63049.66201531225,1.766739010810852
63049.728410078606,1.7635890245437622
63049.794804844954,1.7595560550689697
63049.86119961131,1.7568809986114502
63049.92759437766,1.7537659406661987
63049.993989144015,1.7497780323028564
63050.06038391037,1.7458109855651855
63050.12677867672,1.7427359819412231
63050.19317344308,1.7383630275726318
63050.259568209425,1.734881043434143
63050.32596297578,1.7318439483642578
63050.39235774214,1.7288180589675903
63050.458752508486,1.7253739833831787
63050.52514727484,1.721943974494934
63050.59154204119,1.7202320098876953
63050.65793680755,1.7180989980697632
63050.724331573896,1.7163989543914795
63050.79072634025,1.7151199579238892
63050.85712110661,1.715548038482666
63050.92351587296,1.714697003364563
63050.98991063931,1.714697003364563
63051.05630540566,1.7130000591278076
63051.12270017202,1.712156057357788
63051.18909493837,1.7108839750289917
63051.25548970472,1.7104640007019043
63051.32188447108,1.709197998046875
63051.38827923743,1.7096190452575684
63051.454674003784,1.709197998046875
63051.52106877013,1.7087739706039429
63051.58746353649,1.7083549499511719
63051.653858302845,1.7083549499511719
63051.720253069194,1.7062510251998901
63051.78664783555,1.7062510251998901
63051.8530426019,1.7049920558929443
63051.919437368255,1.70415198802948
63051.985832134604,1.70415198802948
63052.05222690096,1.7037349939346313
63052.118621667316,1.7024749517440796
63052.185016433665,1.702057957649231
63052.25141120002,1.702057957649231
63052.31780596637,1.7003860473632812
63052.384200732726,1.699970006942749
63052.450595499075,1.7003860473632812
63052.51699026543,1.7003860473632812
63052.58338503179,1.7016420364379883
63052.649779798136,1.702057957649231
63052.71617456449,1.702057957649231
63052.78256933084,1.702057957649231
63052.8489640972,1.7016420364379883
63052.91535886355,1.7008060216903687
63052.9817536299,1.7016420364379883
63053.04814839626,1.7016420364379883
63053.11454316261,1.702057957649231
63053.18093792896,1.7037349939346313
63053.24733269531,1.70415198802948
63053.31372746167,1.70415198802948
63053.38012222802,1.70415198802948
63053.44651699437,1.70415198802948
63053.51291176073,1.7045700550079346
63053.57930652708,1.7054100036621094
63053.64570129343,1.7066689729690552
63053.71209605979,1.7066689729690552
63053.77849082614,1.7062510251998901
63053.844885592494,1.7062510251998901
63053.91128035884,1.7062510251998901
63053.9776751252,1.7062510251998901
63054.04406989155,1.7062510251998901
63054.110464657904,1.7062510251998901
63054.17685942426,1.7054100036621094
63054.24325419061,1.7058320045471191
63054.309648956965,1.7062510251998901
63054.376043723314,1.7062510251998901
63054.44243848967,1.7062510251998901
63054.50883325602,1.7070930004119873
63054.575228022375,1.7075120210647583
63054.64162278873,1.7087739706039429
63054.70801755508,1.7104640007019043
63054.774412321436,1.7108839750289917
63054.840807087785,1.71173095703125
63054.90720185414,1.712156057357788
63054.9735966205,1.7125780582427979
63055.039991386846,1.7125780582427979
63055.1063861532,1.7130000591278076
63055.17278091955,1.7125780582427979
63055.23917568591,1.7125780582427979
63055.305570452256,1.7125780582427979
63055.37196521861,1.7125780582427979
63055.43835998497,1.7138479948043823
63055.50475475132,1.714697003364563
63055.57114951767,1.714697003364563
63055.63754428402,1.714697003364563
63055.70393905038,1.715548038482666
63055.77033381673,1.7168220281600952
63055.83672858308,1.7168220281600952
63055.90312334944,1.7168220281600952
63055.96951811579,1.7176740169525146
63056.035912882144,1.718951940536499
63056.10230764849,1.7198070287704468
63056.16870241485,1.721943974494934
63056.235097181205,1.7232279777526855
63056.30149194755,1.7240869998931885
63056.36788671391,1.7253739833831787
63056.43428148026,1.7270970344543457
63056.500676246615,1.727524995803833
63056.56707101296,1.7296819686889648
63056.63346577932,1.7322759628295898
63056.699860545676,1.7340120077133179
63056.766255312024,1.737056016921997
63056.83265007838,1.7387980222702026
63056.89904484473,1.7405469417572021
63056.965439611085,1.7427359819412231
63057.031834377434,1.7440520524978638
63057.09822914379,1.7453689575195312
63057.16462391015,1.7471319437026978
63057.231018676495,1.7488969564437866
63057.29741344285,1.7493369579315186
63057.3638082092,1.7493369579315186
63057.430202975556,1.7493369579315186
63057.49659774191,1.7497780323028564
63057.56299250826,1.7493369579315186
63057.62938727462,1.7493369579315186
63057.695782040966,1.7493369579315186
63057.76217680732,1.7497780323028564
63057.82857157367,1.7502219676971436
63057.89496634003,1.7515490055084229
63057.96136110638,1.7515490055084229
63058.02775587273,1.7515490055084229
63058.09415063909,1.7511080503463745
63058.16054540544,1.7515490055084229
63058.22694017179,1.7515490055084229
63058.29333493814,1.7515490055084229
63058.3597297045,1.7515490055084229
63058.426124470854,1.7515490055084229
63058.4925192372,1.7506630420684814
63058.55891400356,1.7502219676971436
63058.62530876991,1.7493369579315186
63058.691703536264,1.7484530210494995
63058.75809830262,1.7471319437026978
63058.82449306897,1.7458109855651855
63058.890887835325,1.7449309825897217
63058.957282601674,1.7449309825897217
63059.02367736803,1.7449309825897217
63059.09007213438,1.7449309825897217
63059.156466900735,1.7427359819412231
63059.22286166709,1.7431730031967163
63059.28925643344,1.741858959197998
63059.355651199796,1.7405469417572021
63059.422045966145,1.7405469417572021
63059.4884407325,1.7392369508743286
63059.55483549885,1.7387980222702026
63059.621230265206,1.7392369508743286
63059.68762503156,1.7383630275726318
63059.75401979791,1.7383630275726318
63059.82041456427,1.7383630275726318
63059.886809330616,1.7383630275726318
63059.95320409697,1.7383630275726318
63060.01959886333,1.7383630275726318
63060.08599362968,1.7387980222702026
63060.15238839603,1.740110993385315
63060.21878316238,1.7396719455718994
63060.28517792874,1.740110993385315
63060.351572695086,1.7405469417572021
63060.41796746144,1.7392369508743286
63060.4843622278,1.7396719455718994
63060.55075699415,1.7405469417572021
63060.6171517605,1.740983009338379
63060.68354652685,1.7436139583587646
63060.74994129321,1.746250033378601
63060.816336059564,1.7511080503463745
63060.88273082591,1.7555450201034546
63060.94912559227,1.7595560550689697
63061.01552035862,1.7653839588165283
63061.081915124974,1.7721589803695679
63061.14830989132,1.7789850234985352
63061.21470465768,1.785863995552063
63061.281099424035,1.7927969694137573
63061.347494190384,1.7965199947357178
63061.41388895674,1.800253987312317
63061.48028372309,1.803063988685608
63061.546678489445,1.805413007736206
63061.613073255794,1.8096599578857422
63061.67946802215,1.8124990463256836
63061.745862788506,1.814399003982544
63061.812257554855,1.8158249855041504
63061.87865232121,1.8167790174484253
63061.94504708756,1.8182079792022705
63062.011441853916,1.8182079792022705
63062.07783662027,1.8182079792022705
63062.14423138662,1.8191640377044678
63062.21062615298,1.8182079792022705
63062.277020919326,1.8191640377044678
63062.34341568568,1.8205970525741577
63062.40981045203,1.8201210498809814
63062.47620521839,1.819640040397644
63062.54259998474,1.8182079792022705
63062.60899475109,1.8167790174484253
63062.67538951745,1.8153510093688965
63062.7417842838,1.8134490251541138
63062.80817905015,1.8124990463256836
63062.8745738165,1.8096599578857422
63062.94096858286,1.808243989944458
63063.007363349214,1.807299017906189
63063.07375811556,1.8063559532165527
63063.14015288192,1.8044719696044922
63063.20654764827,1.803536057472229
63063.272942414624,1.8021249771118164
63063.33933718098,1.7983829975128174
63063.40573194733,1.7955880165100098
63063.472126713685,1.7927969694137573
63063.53852148003,1.7900190353393555
63063.60491624639,1.788169026374817
63063.67131101274,1.7863270044326782
63063.737705779095,1.7844849824905396
63063.80410054545,1.782189965248108
63063.8704953118,1.7808159589767456
63063.936890078156,1.7785300016403198
63064.003284844504,1.776703953742981
63064.06967961086,1.7757970094680786
63064.13607437721,1.7748860120773315
63064.202469143565,1.7744280099868774
63064.26886390992,1.7739759683609009
63064.33525867627,1.7739759683609009
63064.40165344263,1.7730669975280762
63064.468048208975,1.7717070579528809
63064.53444297533,1.7721589803695679
63064.60083774169,1.7717070579528809
63064.667232508036,1.7726149559020996
63064.73362727439,1.7717070579528809
63064.80002204074,1.7717070579528809
63064.8664168071,1.7717070579528809
63064.932811573446,1.7698949575424194
63064.9992063398,1.7698949575424194
63065.06560110616,1.7703499794006348
63065.13199587251,1.7694439888000488
63065.19839063886,1.7698949575424194
63065.26478540521,1.7698949575424194
63065.33118017157,1.7703499794006348
63065.39757493792,1.7703499794006348
63065.46396970427,1.7703499794006348
63065.53036447063,1.7698949575424194
63065.59675923698,1.7698949575424194
63065.663154003334,1.7703499794006348
63065.72954876968,1.7694439888000488
63065.79594353604,1.7694439888000488
63065.862338302395,1.7694439888000488
63065.928733068744,1.7712559700012207
63065.9951278351,1.7721589803695679
63066.06152260145,1.7726149559020996
63066.127917367805,1.7717070579528809
63066.194312134154,1.7717070579528809
63066.26070690051,1.7717070579528809
63066.327101666866,1.7717070579528809
63066.393496433215,1.7717070579528809
63066.45989119957,1.7717070579528809
63066.52628596592,1.7717070579528809
63066.592680732276,1.7712559700012207
63066.659075498625,1.7708009481430054
63066.72547026498,1.7703499794006348
63066.79186503134,1.7708009481430054
63066.858259797686,1.7717070579528809
63066.92465456404,1.7717070579528809
63066.99104933039,1.7717070579528809
63067.05744409675,1.7717070579528809
63067.1238388631,1.7717070579528809
63067.19023362945,1.7717070579528809
63067.25662839581,1.7721589803695679
63067.32302316216,1.773522973060608
63067.38941792851,1.7739759683609009
63067.45581269486,1.7739759683609009
63067.52220746122,1.7739759683609009
63067.58860222757,1.7717070579528809
63067.65499699392,1.773522973060608
63067.72139176028,1.7744280099868774
63067.78778652663,1.7744280099868774
63067.85418129298,1.7744280099868774
63067.92057605933,1.7744280099868774
63067.98697082569,1.7739759683609009
63068.053365592044,1.7739759683609009
63068.11976035839,1.7762500047683716
63068.18615512475,1.7762500047683716
63068.2525498911,1.7780749797821045
63068.318944657454,1.7780749797821045
63068.38533942381,1.7785300016403198
63068.45173419016,1.7785300016403198
63068.518128956515,1.7785300016403198
63068.584523722864,1.7785300016403198
63068.65091848922,1.777161955833435
63068.71731325557,1.777161955833435
63068.783708021925,1.776703953742981
63068.85010278828,1.7785300016403198
63068.91649755463,1.7794450521469116
63068.982892320986,1.7789850234985352
63069.049287087335,1.7794450521469116
63069.11568185369,1.7794450521469116
63069.18207662004,1.7789850234985352
63069.248471386396,1.7785300016403198
63069.31486615275,1.7785300016403198
63069.3812609191,1.7785300016403198
63069.44765568546,1.7785300016403198
63069.514050451806,1.7785300016403198
63069.58044521816,1.7785300016403198
63069.64683998452,1.7785300016403198
63069.71323475087,1.7798999547958374
63069.77962951722,1.781272053718567
63069.84602428357,1.7817330360412598
63069.91241904993,1.7831079959869385
63069.97881381628,1.7831079959869385
63070.04520858263,1.7835650444030762
63070.11160334899,1.7831079959869385
63070.17799811534,1.7831079959869385
63070.244392881694,1.7831079959869385
63070.31078764804,1.7835650444030762
63070.3771824144,1.7831079959869385
63070.443577180755,1.7840269804000854
63070.5099719471,1.7849479913711548
63070.57636671346,1.785863995552063
63070.64276147981,1.78725004196167
63070.709156246165,1.7877089977264404
63070.77555101251,1.788633942604065
63070.84194577887,1.7900190353393555
63070.908340545226,1.7900190353393555
63070.974735311574,1.7900190353393555
63071.04113007793,1.7918729782104492
63071.10752484428,1.7937259674072266
63071.173919610635,1.7946569919586182
63071.240314376984,1.7946569919586182
63071.30670914334,1.7955880165100098
63071.3731039097,1.7960519790649414
63071.439498676045,1.7965199947357178
63071.5058934424,1.7969839572906494
63071.57228820875,1.7969839572906494
63071.638682975106,1.797448992729187
63071.70507774146,1.7993179559707642
63071.77147250781,1.7988530397415161
63071.83786727417,1.7993179559707642
63071.904262040516,1.7988530397415161
63071.97065680687,1.7988530397415161
63072.03705157322,1.7993179559707642
63072.10344633958,1.7988530397415161
63072.16984110593,1.7993179559707642
63072.23623587228,1.7993179559707642
63072.30263063864,1.800253987312317
63072.36902540499,1.801658034324646
63072.43542017134,1.801658034324646
63072.50181493769,1.801658034324646
63072.56820970405,1.801658034324646
63072.634604470404,1.801658034324646
63072.70099923675,1.801658034324646
63072.76739400311,1.801658034324646
63072.83378876946,1.801658034324646
63072.900183535814,1.801190972328186
63072.96657830217,1.801658034324646
63073.03297306852,1.801658034324646
63073.099367834875,1.800719976425171
63073.165762601224,1.801658034324646
63073.23215736758,1.801658034324646
63073.29855213393,1.801658034324646
63073.364946900285,1.801658034324646
63073.43134166664,1.800253987312317
63073.49773643299,1.801658034324646
63073.564131199346,1.801658034324646
63073.630525965695,1.801658034324646
63073.69692073205,1.801658034324646
63073.7633154984,1.801658034324646
63073.829710264756,1.801658034324646
63073.89610503111,1.8025959730148315
63073.96249979746,1.803063988685608
63074.02889456382,1.8040039539337158
63074.095289330166,1.8040039539337158
63074.16168409652,1.8040039539337158
63074.22807886288,1.8040039539337158
63074.29447362923,1.8044719696044922
63074.36086839558,1.8044719696044922
63074.42726316193,1.8049449920654297
63074.49365792829,1.805413007736206
63074.56005269464,1.805413007736206
63074.62644746099,1.8063559532165527
63074.69284222735,1.8063559532165527
63074.7592369937,1.8063559532165527
63074.82563176005,1.8063559532165527
63074.8920265264,1.8063559532165527
63074.95842129276,1.8077689409255981
63075.02481605911,1.807299017906189
63075.09121082546,1.808243989944458
63075.15760559182,1.8077689409255981
63075.22400035817,1.8087140321731567
63075.290395124524,1.8087140321731567
63075.35678989087,1.8087140321731567
63075.42318465723,1.8087140321731567
63075.489579423585,1.809183955192566
63075.555974189934,1.8110779523849487
63075.62236895629,1.8110779523849487
63075.68876372264,1.8110779523849487
63075.755158488995,1.8110779523849487
63075.821553255344,1.8120269775390625
63075.8879480217,1.8134490251541138
63075.954342788056,1.8134490251541138
63076.020737554405,1.8148729801177979
63076.08713232076,1.8153510093688965
63076.15352708711,1.8153510093688965
63076.219921853466,1.8158249855041504
63076.286316619815,1.8158249855041504
63076.35271138617,1.8158249855041504
63076.41910615253,1.8158249855041504
63076.485500918876,1.8158249855041504
63076.55189568523,1.8162989616394043
63076.61829045158,1.8158249855041504
63076.68468521794,1.8172529935836792
63076.75107998429,1.8177330493927002
63076.81747475064,1.8182079792022705
63076.883869517,1.8182079792022705
63076.95026428335,1.8182079792022705
63077.0166590497,1.8182079792022705
63077.08305381605,1.8182079792022705
63077.14944858241,1.8186839818954468
63077.215843348764,1.8205970525741577
63077.28223811511,1.8220330476760864
63077.34863288147,1.8229930400848389
63077.41502764782,1.823470950126648
63077.481422414174,1.823470950126648
63077.54781718053,1.8244320154190063
63077.61421194688,1.823470950126648
63077.680606713235,1.8253949880599976
63077.74700147958,1.8253949880599976
63077.81339624594,1.8253949880599976
63077.87979101229,1.8258739709854126
63077.946185778645,1.8253949880599976
63078.012580545,1.8253949880599976
63078.07897531135,1.8253949880599976
63078.145370077706,1.8253949880599976
63078.211764844054,1.8253949880599976
63078.27815961041,1.8253949880599976
63078.34455437676,1.8268380165100098
63078.410949143115,1.8278030157089233
63078.47734390947,1.8302170038223267
63078.54373867582,1.8302170038223267
63078.61013344218,1.8302170038223267
63078.676528208525,1.8302170038223267
63078.74292297488,1.8302170038223267
63078.80931774124,1.8302170038223267
63078.875712507586,1.8302170038223267
63078.94210727394,1.8306989669799805
63079.00850204029,1.831186056137085
63079.07489680665,1.8331209421157837
63079.141291572996,1.8340929746627808
63079.20768633935,1.8345810174942017
63079.27408110571,1.8350659608840942
63079.34047587206,1.8350659608840942
63079.40687063841,1.8350659608840942
63079.47326540476,1.8350659608840942
63079.53966017112,1.8350659608840942
63079.60605493747,1.8350659608840942
63079.67244970382,1.8350659608840942
63079.73884447018,1.8350659608840942
63079.80523923653,1.8350659608840942
63079.871634002884,1.8355499505996704
63079.93802876923,1.8374990224838257
63080.00442353559,1.8374990224838257
63080.070818301945,1.8384759426116943
63080.137213068294,1.8394529819488525
63080.20360783465,1.839938998222351
63080.270002601,1.839938998222351
63080.336397367355,1.839938998222351
63080.402792133704,1.840427041053772
63080.46918690006,1.841897964477539
63080.535581666416,1.84238600730896
63080.601976432765,1.84238600730896
63080.66837119912,1.84238600730896
63080.73476596547,1.84238600730896
63080.801160731826,1.8448400497436523
63080.867555498175,1.844349980354309
63080.93395026453,1.8448400497436523
63081.00034503089,1.8453290462493896
63081.066739797236,1.8463139533996582
63081.13313456359,1.8472989797592163
63081.19952932994,1.8472989797592163
63081.2659240963,1.8482860326766968
63081.33231886265,1.8497660160064697
63081.398713629,1.8497660160064697
63081.46510839536,1.8497660160064697
63081.53150316171,1.851248025894165
63081.59789792806,1.8517450094223022
63081.66429269441,1.8517450094223022
63081.73068746077,1.8522380590438843
63081.79708222712,1.8537240028381348
63081.86347699347,1.8527319431304932
63081.92987175983,1.8542230129241943
63081.99626652618,1.8537240028381348
63082.06266129253,1.8547179698944092
63082.12905605888,1.8547179698944092
63082.19545082524,1.8547179698944092
63082.261845591594,1.8547179698944092
63082.32824035794,1.8547179698944092
63082.3946351243,1.8547179698944092
63082.46102989065,1.8547179698944092
63082.527424657004,1.8547179698944092
63082.59381942336,1.8547179698944092
63082.66021418971,1.8547179698944092
63082.726608956065,1.8552130460739136
63082.793003722414,1.8547179698944092
63082.85939848877,1.8572039604187012
63082.92579325512,1.857699990272522
63082.992188021475,1.8572039604187012
63083.05858278783,1.8572039604187012
63083.12497755418,1.857699990272522
63083.191372320536,1.8592000007629395
63083.257767086885,1.8592000007629395
63083.32416185324,1.8596969842910767
63083.39055661959,1.8596969842910767
63083.456951385946,1.8601950407028198
63083.5233461523,1.8621970415115356
63083.58974091865,1.8621970415115356
63083.65613568501,1.8626949787139893
63083.722530451356,1.86319899559021
63083.78892521771,1.863698959350586
63083.85531998407,1.863698959350586
63083.92171475042,1.8647030591964722
63083.98810951677,1.8642029762268066
63084.05450428312,1.8647030591964722
63084.12089904948,1.8647030591964722
63084.18729381583,1.8647030591964722
63084.25368858218,1.8662090301513672
63084.32008334854,1.8672159910202026
63084.38647811489,1.8672159910202026
63084.452872881244,1.8692330121994019
63084.51926764759,1.870239019393921
63084.58566241395,1.8722620010375977
63084.6520571803,1.8747960329055786
63084.718451946654,1.8747960329055786
63084.78484671301,1.8747960329055786
63084.85124147936,1.8753010034561157
63084.917636245715,1.87581205368042
63084.98403101206,1.876829981803894
63085.05042577842,1.8778430223464966
63085.116820544776,1.8783550262451172
63085.183215311125,1.879883050918579
63085.24961007748,1.879883050918579
63085.31600484383,1.879883050918579
63085.382399610186,1.880905032157898
63085.448794376534,1.880905032157898
63085.51518914289,1.8814140558242798
63085.58158390925,1.8819279670715332
63085.647978675595,1.8824379444122314
63085.71437344195,1.8824379444122314
63085.7807682083,1.8824379444122314
63085.84716297466,1.8824379444122314
63085.913557741005,1.8824379444122314
63085.97995250736,1.8824379444122314
63086.04634727372,1.8834619522094727
63086.112742040066,1.8839730024337769
63086.17913680642,1.8844879865646362
63086.24553157277,1.8860260248184204
63086.31192633913,1.8870550394058228
63086.37832110548,1.8875670433044434
63086.44471587183,1.888597011566162
63086.51111063819,1.8901419639587402
63086.57750540454,1.8901419639587402
63086.64390017089,1.8901419639587402
63086.71029493724,1.8901419639587402
63086.7766897036,1.8916889429092407
63086.843084469954,1.8927240371704102
63086.9094792363,1.8927240371704102
63086.97587400266,1.8937599658966064
63087.04226876901,1.8942760229110718
63087.108663535364,1.8942760229110718
63087.17505830172,1.895313024520874
63087.24145306807,1.895313024520874
63087.307847834425,1.895313024520874
63087.374242600774,1.8958300352096558
63087.44063736713,1.8973920345306396
63087.50703213348,1.8973920345306396
63087.573426899835,1.8973920345306396
63087.63982166619,1.8979099988937378
63087.70621643254,1.8979099988937378
63087.772611198896,1.8979099988937378
63087.839005965245,1.9005130529403687
63087.9054007316,1.9005130529403687
63087.97179549795,1.9005130529403687
63088.038190264306,1.9015569686889648
63088.10458503066,1.9031239748001099
63088.17097979701,1.9031239748001099
63088.23737456337,1.9031239748001099
63088.303769329716,1.9031239748001099
63088.37016409607,1.9031239748001099
63088.43655886243,1.9036439657211304
63088.50295362878,1.9031239748001099
63088.56934839513,1.9041709899902344
63088.63574316148,1.9046920537948608
63088.70213792784,1.9057409763336182
63088.76853269419,1.9067909717559814
63088.83492746054,1.9073139429092407
63088.9013222269,1.9083659648895264
63088.96771699325,1.9083659648895264
63089.0341117596,1.9094189405441284
63089.10050652595,1.9099440574645996
63089.16690129231,1.910997986793518
63089.23329605866,1.9115240573883057
63089.29969082501,1.9120539426803589
63089.36608559137,1.9131109714508057
63089.43248035772,1.9131109714508057
63089.498875124074,1.9136379957199097
63089.56526989042,1.9136379957199097
63089.63166465678,1.9136379957199097
63089.698059423135,1.9136379957199097
63089.764454189484,1.9152239561080933
63089.83084895584,1.9162850379943848
63089.89724372219,1.9162850379943848
63089.963638488545,1.917875051498413
63090.030033254894,1.9189389944076538
63090.09642802125,1.9189389944076538
63090.162822787606,1.9189389944076538
63090.229217553955,1.9194680452346802
63090.29561232031,1.9200040102005005
63090.36200708666,1.9210699796676636
63090.428401853016,1.9215999841690063
63090.494796619365,1.9215999841690063
63090.56119138572,1.9215999841690063
63090.62758615208,1.9221309423446655
63090.693980918426,1.9237370491027832
63090.76037568478,1.9242689609527588
63090.82677045113,1.9248019456863403
63090.89316521749,1.9253400564193726
63090.95955998384,1.9269449710845947
63091.02595475019,1.9269449710845947
63091.09234951655,1.9269449710845947
63091.1587442829,1.9280190467834473
63091.22513904925,1.9290939569473267
63091.2915338156,1.9296289682388306
63091.35792858196,1.9296289682388306
63091.424323348314,1.9296289682388306
63091.49071811466,1.9312419891357422
63091.55711288102,1.9317840337753296
63091.62350764737,1.93231999874115
63091.689902413724,1.93231999874115
63091.75629718007,1.9328570365905762
63091.82269194643,1.9344810247421265
63091.889086712785,1.9355579614639282
63091.95548147913,1.9355579614639282
63092.02187624549,1.9350190162658691
63092.08827101184,1.9377249479293823
63092.154665778195,1.9350190162658691
63092.22106054455,1.936102032661438
63092.2874553109,1.936640977859497
63092.353850077256,1.9377249479293823
63092.420244843604,1.9377249479293823
63092.48663960996,1.9382649660110474
63092.55303437631,1.939352035522461
63092.619429142665,1.940438985824585
63092.68582390902,1.940438985824585
63092.75221867537,1.940438985824585
63092.81861344173,1.9420700073242188
63092.885008208075,1.9426180124282837
63092.95140297443,1.9431610107421875
63093.01779774078,1.945889949798584
63093.084192507136,1.945889949798584
63093.15058727349,1.9453459978103638
63093.21698203984,1.945889949798584
63093.2833768062,1.945889949798584
63093.349771572546,1.945889949798584
63093.4161663389,1.9475300312042236
63093.48256110526,1.94862699508667
63093.54895587161,1.9491729736328125
63093.61535063796,1.9502710103988647
63093.68174540431,1.9513709545135498
63093.74814017067,1.9513709545135498
63093.81453493702,1.9513709545135498
63093.88092970337,1.9530199766159058
63093.94732446973,1.9530199766159058
63094.01371923608,1.9535750150680542
63094.080114002434,1.9541230201721191
63094.14650876878,1.9541230201721191
63094.21290353514,1.9546730518341064
63094.279298301495,1.9568840265274048
63094.345693067844,1.956333041191101
63094.4120878342,1.9568840265274048
63094.47848260055,1.9579910039901733
63094.544877366905,1.9579910039901733
63094.611272133254,1.959650993347168
63094.67766689961,1.959650993347168
63094.744061665966,1.960204005241394
63094.810456432315,1.9613150358200073
63094.87685119867,1.962427020072937
63094.94324596502,1.962427020072937
63095.009640731376,1.9629809856414795
63095.076035497725,1.9652099609375
63095.14243026408,1.9646550416946411
63095.20882503044,1.9652099609375
63095.275219796786,1.9646550416946411
63095.34161456314,1.9652099609375
63095.40800932949,1.9652099609375
63095.47440409585,1.9652099609375
63095.5407988622,1.9663269519805908
63095.60719362855,1.9674450159072876
63095.67358839491,1.9680019617080688
63095.73998316126,1.9680019617080688
63095.80637792761,1.969122052192688
63095.87277269396,1.9696799516677856
63095.93916746032,1.970242977142334
63096.005562226674,1.9708009958267212
63096.07195699302,1.9708009958267212
63096.13835175938,1.9708009958267212
63096.20474652573,1.9708009958267212
63096.27114129208,1.9708009958267212
63096.33753605843,1.9713599681854248
63096.40393082479,1.9719239473342896
63096.470325591145,1.9730490446090698
63096.53672035749,1.9736089706420898
63096.60311512385,1.9736089706420898
63096.6695098902,1.9747350215911865
63096.735904656554,1.9752960205078125
63096.80229942291,1.975862979888916
63096.86869418926,1.976423978805542
63096.935088955615,1.976986050605774
63097.001483721964,1.976986050605774
63097.06787848832,1.9786839485168457
63097.13427325467,1.979248046875
63097.200668021025,1.9798109531402588
63097.26706278738,1.9803800582885742
63097.33345755373,1.980944037437439
63097.399852320086,1.982079029083252
63097.466247086435,1.982079029083252
63097.53264185279,1.982643961906433
63097.59903661914,1.9837809801101685
63097.665431385496,1.9849189519882202
63097.73182615185,1.9849189519882202
63097.7982209182,1.9849189519882202
63097.86461568456,1.9849189519882202
63097.931010450906,1.9849189519882202
63097.99740521726,1.986057996749878
63098.06379998362,1.986057996749878
63098.13019474997,1.9877660274505615
63098.19658951632,1.9877660274505615
63098.26298428267,1.9877660274505615
63098.32937904903,1.9889090061187744
63098.39577381538,1.9889090061187744
63098.46216858173,1.9900530576705933
63098.52856334809,1.9894779920578003
63098.59495811444,1.9906220436096191
63098.661352880794,1.9906220436096191
63098.72774764714,1.9906220436096191
63098.7941424135,1.9911919832229614
63098.86053717985,1.992339015007019
63098.926931946204,1.993487000465393
63098.99332671256,1.9952080249786377
63099.05972147891,1.9957859516143799
63099.126116245265,1.9963589906692505
63099.19251101161,1.996932029724121
63099.25890577797,1.9992400407791138
63099.325300544326,1.9992400407791138
63099.391695310675,1.9998149871826172
63099.45809007703,2.0015530586242676
63099.52448484338,2.002129077911377
63099.590879609736,2.0032880306243896
63099.657274376084,2.0027050971984863
63099.72366914244,2.00502610206604
63099.7900639088,2.0061891078948975
63099.856458675145,2.0061891078948975
63099.9228534415,2.00793194770813
63099.98924820785,2.0096778869628906
63100.05564297421,2.0096778869628906
63100.122037740555,2.010845899581909
63100.18843250691,2.010845899581909
63100.25482727327,2.010845899581909
63100.321222039616,2.010845899581909
63100.38761680597,2.0120151042938232
63100.45401157232,2.0143520832061768
63100.52040633868,2.015526056289673
63100.58680110503,2.0161149501800537
63100.65319587138,2.016700029373169
63100.71959063774,2.016700029373169
63100.78598540409,2.017285108566284
63100.85238017044,2.0190529823303223
63100.91877493679,2.0196399688720703
63100.98516970315,2.0196399688720703
63101.051564469504,2.021406888961792
63101.11795923585,2.022588014602661
63101.18435400221,2.023771047592163
63101.25074876856,2.024955987930298
63101.317143534914,2.026134967803955
63101.38353830126,2.027919054031372
63101.44993306762,2.0285110473632812
63101.516327833975,2.027919054031372
63101.582722600324,2.027919054031372
63101.64911736668,2.0273220539093018
63101.71551213303,2.0285110473632812
63101.781906899385,2.0285110473632812
63101.84830166574,2.0291030406951904
63101.91469643209,2.0302929878234863
63101.981091198446,2.029700994491577
63102.047485964795,2.0291030406951904
63102.11388073115,2.0285110473632812
63102.1802754975,2.0285110473632812
63102.246670263856,2.0285110473632812
63102.31306503021,2.0285110473632812
63102.37945979656,2.0273220539093018
63102.44585456292,2.0255448818206787
63102.512249329266,2.0255448818206787
63102.57864409562,2.0255448818206787
63102.64503886197,2.0255448818206787
63102.71143362833,2.0255448818206787
63102.77782839468,2.0255448818206787
63102.84422316103,2.026134967803955
63102.91061792739,2.027919054031372
63102.97701269374,2.027919054031372
63103.04340746009,2.027919054031372
63103.10980222645,2.026731014251709
63103.1761969928,2.027919054031372
63103.24259175915,2.026731014251709
63103.3089865255,2.026731014251709
63103.37538129186,2.0255448818206787
63103.44177605821,2.0255448818206787
63103.50817082456,2.0255448818206787
63103.57456559092,2.0255448818206787
63103.64096035727,2.023176908493042
63103.707355123624,2.022588014602661
63103.77374988997,2.023176908493042
63103.84014465633,2.022588014602661
63103.906539422685,2.022588014602661
63103.972934189034,2.022588014602661
63104.03932895539,2.022588014602661
63104.10572372174,2.023176908493042
63104.172118488095,2.022588014602661
63104.238513254444,2.024359941482544
63104.3049080208,2.022588014602661
63104.371302787156,2.022588014602661
63104.437697553505,2.023176908493042
63104.50409231986,2.023771047592163
63104.57048708621,2.023176908493042
63104.636881852566,2.024955987930298
63104.703276618915,2.0255448818206787
63104.76967138527,2.0273220539093018
63104.83606615163,2.0285110473632812
63104.902460917976,2.0285110473632812
63104.96885568433,2.031485080718994
63105.03525045068,2.031485080718994
63105.10164521704,2.031485080718994
63105.16803998339,2.032078981399536
63105.23443474974,2.0326778888702393
63105.3008295161,2.0338730812072754
63105.36722428245,2.034467935562134
63105.4336190488,2.034467935562134
63105.50001381515,2.034467935562134
63105.56640858151,2.034467935562134
63105.632803347864,2.0350639820098877
63105.69919811421,2.0362610816955566
63105.76559288057,2.0362610816955566
63105.83198764692,2.0374600887298584
63105.898382413274,2.036863088607788
63105.96477717962,2.0392580032348633
63106.03117194598,2.0386600494384766
63106.097566712335,2.0398619174957275
63106.16396147868,2.0404610633850098
63106.23035624504,2.0404610633850098
63106.29675101139,2.0404610633850098
63106.363145777745,2.0410590171813965
63106.4295405441,2.0404610633850098
63106.49593531045,2.0404610633850098
63106.562330076806,2.0404610633850098
63106.628724843154,2.0404610633850098
63106.69511960951,2.0404610633850098
63106.76151437586,2.0404610633850098
63106.827909142216,2.0404610633850098
63106.89430390857,2.042870044708252
63106.96069867492,2.0416650772094727
63107.02709344128,2.0434699058532715
63107.093488207625,2.042263984680176
63107.15988297398,2.042870044708252
63107.22627774033,2.0416650772094727
63107.292672506686,2.042870044708252
63107.35906727304,2.042263984680176
63107.42546203939,2.0434699058532715
63107.49185680575,2.0434699058532715
63107.558251572096,2.0434699058532715
63107.62464633845,2.0434699058532715
63107.69104110481,2.0434699058532715
63107.75743587116,2.0434699058532715
63107.82383063751,2.0434699058532715
63107.89022540386,2.0434699058532715
63107.95662017022,2.0440709590911865
63108.02301493657,2.0434699058532715
63108.08940970292,2.0440709590911865
63108.15580446928,2.0446770191192627
63108.22219923563,2.0446770191192627
63108.288594001984,2.0440709590911865
63108.35498876833,2.0434699058532715
63108.42138353469,2.0434699058532715
63108.48777830104,2.0434699058532715
63108.554173067394,2.042870044708252
63108.62056783375,2.0434699058532715
63108.6869626001,2.0434699058532715
63108.753357366455,2.0434699058532715
63108.819752132804,2.0440709590911865
63108.88614689916,2.0434699058532715
63108.952541665516,2.0434699058532715
63109.018936431865,2.045279026031494
63109.08533119822,2.045279026031494
63109.15172596457,2.0464890003204346
63109.218120730926,2.0464890003204346
63109.284515497275,2.0464890003204346
63109.35091026363,2.0464890003204346
63109.41730502999,2.0464890003204346
63109.483699796336,2.045886993408203
63109.55009456269,2.0464890003204346
63109.61648932904,2.0464890003204346
63109.6828840954,2.047091007232666
63109.749278861746,2.0483028888702393
63109.8156736281,2.049515962600708
63109.88206839446,2.0501201152801514
63109.94846316081,2.050729990005493
63110.01485792716,2.0525519847869873
63110.08125269351,2.0525519847869873
63110.14764745987,2.051335096359253
63110.214042226224,2.051945924758911
63110.28043699257,2.051335096359253
63110.34683175893,2.049515962600708
63110.41322652528,2.049515962600708
63110.47962129163,2.049515962600708
63110.54601605798,2.049515962600708
63110.61241082434,2.049515962600708
63110.678805590695,2.049515962600708
63110.74520035704,2.0501201152801514
63110.8115951234,2.0501201152801514
63110.87798988975,2.050729990005493
63110.944384656104,2.049515962600708
63111.01077942246,2.049515962600708
63111.07717418881,2.049515962600708
63111.143568955165,2.049515962600708
63111.209963721514,2.049515962600708
63111.27635848787,2.049515962600708
63111.34275325422,2.049515962600708
63111.409148020575,2.049515962600708
63111.47554278693,2.049515962600708
63111.54193755328,2.0501201152801514
63111.608332319636,2.051335096359253
63111.674727085985,2.0525519847869873
63111.74112185234,2.050729990005493
63111.80751661869,2.049515962600708
63111.873911385046,2.049515962600708
63111.9403061514,2.0489120483398438
63112.00670091775,2.049515962600708
63112.07309568411,2.049515962600708
63112.139490450456,2.049515962600708
63112.20588521681,2.0489120483398438
63112.27227998317,2.049515962600708
63112.33867474952,2.049515962600708
63112.40506951587,2.0489120483398438
63112.47146428222,2.049515962600708
63112.53785904858,2.0489120483398438
63112.60425381493,2.0483028888702393
63112.67064858128,2.0483028888702393
63112.73704334764,2.0483028888702393
63112.80343811399,2.0483028888702393
63112.869832880344,2.0483028888702393
63112.93622764669,2.0483028888702393
63113.00262241305,2.0483028888702393
63113.0690171794,2.049515962600708
63113.135411945754,2.049515962600708
63113.20180671211,2.0489120483398438
63113.26820147846,2.049515962600708
63113.334596244815,2.049515962600708
63113.40099101116,2.049515962600708
63113.46738577752,2.049515962600708
63113.533780543876,2.049515962600708
63113.600175310225,2.049515962600708
63113.66657007658,2.0489120483398438
63113.73296484293,2.049515962600708
63113.799359609286,2.0489120483398438
63113.865754375634,2.0489120483398438
63113.93214914199,2.049515962600708
63113.99854390835,2.049515962600708
63114.064938674695,2.049515962600708
63114.13133344105,2.049515962600708
63114.1977282074,2.049515962600708
63114.26412297376,2.049515962600708
63114.330517740105,2.049515962600708
63114.39691250646,2.049515962600708
63114.46330727282,2.049515962600708
63114.529702039166,2.049515962600708
63114.59609680552,2.0489120483398438
63114.66249157187,2.047698974609375
63114.72888633823,2.0464890003204346
63114.79528110458,2.0464890003204346
63114.86167587093,2.047091007232666
63114.92807063729,2.047091007232666
63114.99446540364,2.047698974609375
63115.06086016999,2.0464890003204346
63115.12725493634,2.0464890003204346
63115.1936497027,2.0464890003204346
63115.260044469054,2.0464890003204346
63115.3264392354,2.0464890003204346
63115.39283400176,2.0464890003204346
63115.45922876811,2.045886993408203
63115.525623534464,2.0464890003204346
63115.59201830081,2.045886993408203
63115.65841306717,2.0464890003204346
63115.724807833525,2.045886993408203
63115.791202599874,2.0464890003204346
63115.85759736623,2.045279026031494
63115.92399213258,2.0446770191192627
63115.990386898935,2.0446770191192627
63116.05678166529,2.0440709590911865
63116.12317643164,2.045279026031494
63116.189571197996,2.0464890003204346
63116.255965964345,2.0464890003204346
63116.3223607307,2.0464890003204346
63116.38875549705,2.045886993408203
63116.455150263406,2.0464890003204346
63116.52154502976,2.045886993408203
63116.58793979611,2.045279026031494
63116.65433456247,2.0440709590911865
63116.720729328816,2.0440709590911865
63116.78712409517,2.0434699058532715
63116.85351886152,2.0446770191192627
63116.91991362788,2.045886993408203
63116.98630839423,2.0464890003204346
63117.05270316058,2.0464890003204346
63117.11909792694,2.0464890003204346
63117.18549269329,2.0464890003204346
63117.25188745964,2.0464890003204346
63117.318282226,2.0440709590911865
63117.38467699235,2.0440709590911865
63117.4510717587,2.0464890003204346
63117.51746652505,2.045279026031494
63117.58386129141,2.0464890003204346
63117.65025605776,2.0464890003204346
63117.71665082411,2.045279026031494
63117.78304559047,2.045886993408203
63117.84944035682,2.0446770191192627
63117.915835123174,2.045279026031494
63117.98222988952,2.0464890003204346
63118.04862465588,2.0464890003204346
63118.11501942223,2.045886993408203
63118.181414188584,2.0446770191192627
63118.24780895494,2.0434699058532715
63118.31420372129,2.0440709590911865
63118.380598487645,2.0440709590911865
63118.446993253994,2.0440709590911865
63118.51338802035,2.0440709590911865
63118.579782786706,2.0434699058532715
63118.646177553055,2.0446770191192627
63118.71257231941,2.045279026031494
63118.77896708576,2.045886993408203
63118.845361852116,2.045886993408203
63118.911756618465,2.045279026031494
63118.97815138482,2.045886993408203
63119.04454615118,2.0464890003204346
63119.110940917526,2.0464890003204346
63119.17733568388,2.0446770191192627
63119.24373045023,2.0464890003204346
63119.31012521659,2.045886993408203
63119.376519982936,2.0440709590911865
63119.44291474929,2.0446770191192627
63119.50930951565,2.045279026031494
63119.575704282,2.0446770191192627
63119.64209904835,2.0440709590911865
63119.7084938147,2.045279026031494
63119.77488858106,2.045279026031494
63119.841283347414,2.045886993408203
63119.90767811376,2.0464890003204346
63119.97407288012,2.0464890003204346
63120.04046764647,2.0464890003204346
63120.106862412824,2.049515962600708
63120.17325717917,2.049515962600708
63120.23965194553,2.049515962600708
63120.306046711885,2.049515962600708
63120.372441478234,2.049515962600708
63120.43883624459,2.049515962600708
63120.50523101094,2.0501201152801514
63120.571625777295,2.049515962600708
63120.63802054365,2.049515962600708
63120.70441531,2.049515962600708
63120.770810076356,2.049515962600708
63120.837204842705,2.049515962600708
63120.90359960906,2.049515962600708
63120.96999437541,2.049515962600708
63121.036389141766,2.049515962600708
63121.10278390812,2.049515962600708
63121.16917867447,2.049515962600708
63121.23557344083,2.049515962600708
63121.301968207175,2.0501201152801514
63121.36836297353,2.051335096359253
63121.43475773988,2.051945924758911
63121.50115250624,2.050729990005493
63121.56754727259,2.0501201152801514
63121.63394203894,2.049515962600708
63121.7003368053,2.050729990005493
63121.766731571646,2.0525519847869873
63121.833126338,2.051945924758911
63121.89952110436,2.051335096359253
63121.96591587071,2.0525519847869873
63122.03231063706,2.0525519847869873
63122.09870540341,2.0525519847869873
63122.16510016977,2.05499005317688
63122.23149493612,2.0525519847869873
63122.29788970247,2.0531580448150635
63122.36428446883,2.05499005317688
63122.43067923518,2.05499005317688
63122.497074001534,2.0555970668792725
63122.56346876788,2.0555970668792725
63122.62986353424,2.0555970668792725
63122.69625830059,2.0555970668792725
63122.762653066944,2.0562050342559814
63122.8290478333,2.0562050342559814
63122.89544259965,2.0574278831481934
63122.961837366005,2.056818962097168
63123.028232132354,2.058651924133301
63123.09462689871,2.0580430030822754
63123.161021665066,2.0580430030822754
63123.227416431415,2.0562050342559814
63123.29381119777,2.056818962097168
63123.36020596412,2.056818962097168
63123.426600730476,2.058651924133301
63123.492995496825,2.058651924133301
63123.55939026318,2.058651924133301
63123.62578502954,2.058651924133301
63123.692179795886,2.058651924133301
63123.75857456224,2.058651924133301
63123.82496932859,2.0592610836029053
63123.89136409495,2.0592610836029053
63123.957758861296,2.0598769187927246
63124.02415362765,2.060487985610962
63124.09054839401,2.0617148876190186
63124.15694316036,2.0617148876190186
63124.22333792671,2.0617148876190186
63124.28973269306,2.0611040592193604
63124.35612745942,2.0617148876190186
63124.422522225774,2.0617148876190186
63124.48891699212,2.0617148876190186
63124.55531175848,2.0617148876190186
63124.62170652483,2.0617148876190186
63124.68810129118,2.062325954437256
63124.75449605753,2.062943935394287
63124.82089082389,2.063555955886841
63124.887285590245,2.0617148876190186
63124.95368035659,2.062325954437256
63125.02007512295,2.062325954437256
63125.0864698893,2.063555955886841
63125.152864655654,2.062325954437256
63125.219259422,2.063555955886841
63125.28565418836,2.0617148876190186
63125.352048954715,2.062943935394287
63125.418443721064,2.063555955886841
63125.48483848742,2.062943935394287
63125.55123325377,2.063555955886841
63125.617628020125,2.062943935394287
63125.68402278648,2.0641748905181885
63125.75041755283,2.0647881031036377
63125.816812319186,2.0647881031036377
63125.883207085535,2.0647881031036377
63125.94960185189,2.0660200119018555
63126.01599661824,2.065401077270508
63126.082391384596,2.0647881031036377
63126.14878615095,2.0647881031036377
63126.2151809173,2.066633939743042
63126.28157568366,2.066633939743042
63126.347970450006,2.067868947982788
63126.41436521636,2.0672550201416016
63126.48075998271,2.0672550201416016
63126.54715474907,2.0672550201416016
63126.61354951542,2.067868947982788
63126.67994428177,2.067868947982788
63126.74633904813,2.067868947982788
63126.81273381448,2.067868947982788
63126.87912858083,2.067868947982788
63126.94552334719,2.067868947982788
63127.01191811354,2.06848406791687
63127.078312879894,2.067868947982788
63127.14470764624,2.069106101989746
63127.2111024126,2.067868947982788
63127.27749717895,2.06848406791687
63127.343891945304,2.069106101989746
63127.41028671166,2.067868947982788
63127.47668147801,2.067868947982788
63127.543076244365,2.069106101989746
63127.60947101071,2.067868947982788
63127.67586577707,2.06848406791687
63127.742260543426,2.067868947982788
63127.808655309775,2.067868947982788
63127.87505007613,2.067868947982788
63127.94144484248,2.069106101989746
63128.007839608836,2.0697219371795654
63128.074234375184,2.06848406791687
63128.14062914154,2.067868947982788
63128.2070239079,2.067868947982788
63128.273418674245,2.067868947982788
63128.3398134406,2.067868947982788
63128.40620820695,2.069106101989746
63128.47260297331,2.06848406791687
63128.538997739655,2.067868947982788
63128.60539250601,2.067868947982788
63128.67178727237,2.067868947982788
63128.738182038716,2.06848406791687
63128.80457680507,2.067868947982788
63128.87097157142,2.069106101989746
63128.93736633778,2.06848406791687
63129.00376110413,2.069106101989746
63129.07015587048,2.0697219371795654
63129.13655063684,2.06848406791687
63129.20294540319,2.0697219371795654
63129.26934016954,2.06848406791687
63129.33573493589,2.069106101989746
63129.40212970225,2.0697219371795654
63129.468524468604,2.0703439712524414
63129.53491923495,2.0697219371795654
63129.60131400131,2.0697219371795654
63129.66770876766,2.069106101989746
63129.734103534014,2.067868947982788
63129.80049830036,2.06848406791687
63129.86689306672,2.069106101989746
63129.933287833075,2.067868947982788
63129.999682599424,2.067868947982788
63130.06607736578,2.067868947982788
63130.13247213213,2.067868947982788
63130.198866898485,2.067868947982788
63130.26526166484,2.067868947982788
63130.33165643119,2.067868947982788
63130.398051197546,2.067868947982788
63130.464445963895,2.067868947982788
63130.53084073025,2.06848406791687
63130.5972354966,2.067868947982788
63130.663630262956,2.069106101989746
63130.73002502931,2.0703439712524414
63130.79641979566,2.0709609985351562
63130.86281456202,2.0703439712524414
63130.929209328366,2.0709609985351562
63130.99560409472,2.0709609985351562
63131.06199886107,2.0709609985351562
63131.12839362743,2.0709609985351562
63131.19478839378,2.0709609985351562
63131.26118316013,2.0709609985351562
63131.32757792649,2.0709609985351562
63131.39397269284,2.0709609985351562
63131.46036745919,2.0709609985351562
63131.52676222555,2.0715770721435547
63131.5931569919,2.0709609985351562
63131.659551758254,2.0709609985351562
63131.7259465246,2.0728180408477783
63131.79234129096,2.0715770721435547
63131.85873605731,2.0709609985351562
63131.92513082366,2.0709609985351562
63131.99152559002,2.0715770721435547
63132.05792035637,2.0715770721435547
63132.124315122725,2.0722010135650635
63132.19070988907,2.0728180408477783
63132.25710465543,2.0740599632263184
63132.32349942178,2.0740599632263184
63132.389894188134,2.0740599632263184
63132.45628895449,2.0740599632263184
63132.52268372084,2.0740599632263184
63132.589078487195,2.0740599632263184
63132.655473253544,2.0740599632263184
63132.7218680199,2.0740599632263184
63132.78826278626,2.0740599632263184
63132.854657552605,2.0740599632263184
63132.92105231896,2.0740599632263184
63132.98744708531,2.0740599632263184
63133.053841851666,2.0740599632263184
63133.120236618015,2.0740599632263184
63133.18663138437,2.0740599632263184
63133.25302615073,2.074678897857666
63133.319420917076,2.074678897857666
63133.38581568343,2.0753049850463867
63133.45221044978,2.077169895172119
63133.51860521614,2.077169895172119
63133.584999982486,2.077169895172119
63133.65139474884,2.077169895172119
63133.7177895152,2.077169895172119
63133.78418428155,2.077169895172119
63133.8505790479,2.077169895172119
63133.91697381425,2.077169895172119
63133.98336858061,2.0777909755706787
63134.049763346964,2.0777909755706787
63134.11615811331,2.078418016433716
63134.18255287967,2.0777909755706787
63134.24894764602,2.078418016433716
63134.315342412374,2.0790390968322754
63134.38173717872,2.080288887023926
63134.44813194508,2.079667091369629
63134.514526711435,2.080288887023926
63134.580921477784,2.079667091369629
63134.64731624414,2.080288887023926
63134.71371101049,2.080288887023926
63134.780105776845,2.079667091369629
63134.84650054319,2.078418016433716
63134.91289530955,2.0777909755706787
63134.979290075906,2.077169895172119
63135.045684842255,2.0777909755706787
63135.11207960861,2.077169895172119
63135.17847437496,2.077169895172119
63135.244869141316,2.0777909755706787
63135.31126390767,2.078418016433716
63135.37765867402,2.077169895172119
63135.44405344038,2.078418016433716
63135.510448206725,2.0790390968322754
63135.57684297308,2.0777909755706787
63135.64323773943,2.077169895172119
63135.70963250579,2.077169895172119
63135.77602727214,2.077169895172119
63135.84242203849,2.077169895172119
63135.90881680485,2.077169895172119
63135.975211571196,2.077169895172119
63136.04160633755,2.077169895172119
63136.1080011039,2.0777909755706787
63136.17439587026,2.077169895172119
63136.24079063661,2.077169895172119
63136.30718540296,2.077169895172119
63136.37358016932,2.077169895172119
63136.43997493567,2.077169895172119
63136.50636970202,2.077169895172119
63136.57276446838,2.077169895172119
63136.63915923473,2.077169895172119
63136.705554001084,2.077169895172119
63136.77194876743,2.077169895172119
63136.83834353379,2.077169895172119
63136.90473830014,2.077169895172119
63136.971133066494,2.076550006866455
63137.03752783285,2.0753049850463867
63137.1039225992,2.076550006866455
63137.170317365555,2.077169895172119
63137.236712131904,2.076550006866455
63137.30310689826,2.077169895172119
63137.369501664616,2.076550006866455
63137.435896430965,2.077169895172119
63137.50229119732,2.077169895172119
63137.56868596367,2.077169895172119
63137.635080730026,2.077169895172119
63137.701475496375,2.077169895172119
63137.76787026273,2.077169895172119
63137.83426502909,2.077169895172119
63137.900659795436,2.079667091369629
63137.96705456179,2.079667091369629
63138.03344932814,2.0790390968322754
63138.0998440945,2.079667091369629
63138.166238860846,2.079667091369629
63138.2326336272,2.080288887023926
63138.29902839356,2.080288887023926
63138.36542315991,2.080288887023926
63138.43181792626,2.080288887023926
63138.49821269261,2.080288887023926
63138.56460745897,2.080288887023926
63138.631002225324,2.080288887023926
63138.69739699167,2.080288887023926
63138.76379175803,2.080288887023926
63138.83018652438,2.080288887023926
63138.89658129073,2.080288887023926
63138.96297605708,2.080288887023926
63139.02937082344,2.080288887023926
63139.095765589795,2.080288887023926
63139.16216035614,2.080288887023926
63139.2285551225,2.080288887023926
63139.29494988885,2.080288887023926
63139.361344655204,2.080288887023926
63139.42773942155,2.0809109210968018
63139.49413418791,2.080288887023926
63139.560528954265,2.080288887023926
63139.626923720614,2.080288887023926
63139.69331848697,2.080288887023926
63139.75971325332,2.080288887023926
63139.826108019675,2.080288887023926
63139.89250278603,2.080288887023926
63139.95889755238,2.080288887023926
63140.025292318736,2.080288887023926
63140.091687085085,2.080288887023926
63140.15808185144,2.080288887023926
63140.22447661779,2.080288887023926
63140.290871384146,2.080288887023926
63140.3572661505,2.080288887023926
63140.42366091685,2.080288887023926
63140.49005568321,2.080288887023926
63140.556450449556,2.080288887023926
63140.62284521591,2.080288887023926
63140.68923998226,2.080288887023926
63140.75563474862,2.080288887023926
63140.82202951497,2.080288887023926
63140.88842428132,2.080288887023926
63140.95481904768,2.080288887023926
63141.02121381403,2.080288887023926
63141.08760858038,2.080288887023926
63141.15400334674,2.080288887023926
63141.22039811309,2.080288887023926
63141.286792879444,2.080288887023926
63141.35318764579,2.079667091369629
63141.41958241215,2.080288887023926
63141.4859771785,2.079667091369629
63141.552371944854,2.079667091369629
63141.61876671121,2.079667091369629
63141.68516147756,2.0777909755706787
63141.751556243915,2.0777909755706787
63141.817951010264,2.077169895172119
63141.88434577662,2.0790390968322754
63141.95074054297,2.078418016433716
63142.017135309325,2.0790390968322754
63142.08353007568,2.0790390968322754
63142.14992484203,2.077169895172119
63142.216319608386,2.0777909755706787
63142.282714374734,2.077169895172119
63142.34910914109,2.077169895172119
63142.41550390745,2.078418016433716
63142.481898673796,2.077169895172119
63142.54829344015,2.078418016433716
63142.6146882065,2.079667091369629
63142.68108297286,2.0777909755706787
63142.747477739205,2.079667091369629
63142.81387250556,2.080288887023926
63142.88026727192,2.080288887023926
63142.94666203827,2.080288887023926
63143.01305680462,2.080288887023926
63143.07945157097,2.0821640491485596
63143.14584633733,2.080288887023926
63143.212241103676,2.0809109210968018
63143.27863587003,2.0821640491485596
63143.34503063639,2.0827929973602295
63143.41142540274,2.0827929973602295
63143.47782016909,2.081540107727051
63143.54421493544,2.0809109210968018
63143.6106097018,2.0809109210968018
63143.677004468154,2.0821640491485596
63143.7433992345,2.0809109210968018
63143.80979400086,2.081540107727051
63143.87618876721,2.081540107727051
63143.942583533564,2.0834169387817383
63144.00897829991,2.0821640491485596
63144.07537306627,2.0834169387817383
63144.141767832625,2.0821640491485596
63144.208162598974,2.0834169387817383
63144.27455736533,2.0827929973602295
63144.34095213168,2.0834169387817383
63144.407346898035,2.0827929973602295
63144.47374166439,2.0834169387817383
63144.54013643074,2.0827929973602295
63144.606531197096,2.0834169387817383
63144.672925963445,2.0834169387817383
63144.7393207298,2.0834169387817383
63144.80571549615,2.0834169387817383
63144.872110262506,2.0834169387817383
63144.93850502886,2.0834169387817383
63145.00489979521,2.0834169387817383
63145.07129456157,2.0834169387817383
63145.137689327916,2.0834169387817383
63145.20408409427,2.0834169387817383
63145.27047886062,2.0834169387817383
63145.33687362698,2.0834169387817383
63145.40326839333,2.0827929973602295
63145.46966315968,2.0834169387817383
63145.53605792604,2.0834169387817383
63145.60245269239,2.0834169387817383
63145.66884745874,2.0834169387817383
63145.7352422251,2.0834169387817383
63145.80163699145,2.0834169387817383
63145.868031757804,2.0834169387817383
63145.93442652415,2.0834169387817383
63146.00082129051,2.0834169387817383
63146.06721605686,2.0834169387817383
63146.13361082321,2.0834169387817383
63146.20000558957,2.0834169387817383
63146.26640035592,2.0834169387817383
63146.332795122275,2.0827929973602295
63146.39918988862,2.0834169387817383
63146.46558465498,2.0834169387817383
63146.53197942133,2.0834169387817383
63146.598374187684,2.0834169387817383
63146.66476895404,2.0834169387817383
63146.73116372039,2.0834169387817383
63146.797558486745,2.0834169387817383
63146.863953253094,2.084041118621826
63146.93034801945,2.0834169387817383
63146.99674278581,2.0834169387817383
63147.063137552155,2.0834169387817383
63147.12953231851,2.0859289169311523
63147.19592708486,2.086555004119873
63147.262321851216,2.086555004119873
63147.328716617565,2.086555004119873
63147.39511138392,2.086555004119873
63147.46150615028,2.086555004119873
63147.527900916626,2.086555004119873
63147.59429568298,2.086555004119873
63147.66069044933,2.086555004119873
63147.72708521569,2.086555004119873
63147.793479982036,2.086555004119873
63147.85987474839,2.086555004119873
63147.92626951475,2.086555004119873
63147.9926642811,2.086555004119873
63148.05905904745,2.0871810913085938
63148.1254538138,2.0878140926361084
63148.19184858016,2.089073896408081
63148.258243346514,2.0871810913085938
63148.32463811286,2.086555004119873
63148.39103287922,2.0871810913085938
63148.45742764557,2.0878140926361084
63148.523822411924,2.0897018909454346
63148.59021717827,2.0878140926361084
63148.65661194463,2.0871810913085938
63148.723006710985,2.0878140926361084
63148.789401477334,2.086555004119873
63148.85579624369,2.0878140926361084
63148.92219101004,2.086555004119873
63148.988585776395,2.086555004119873
63149.05498054274,2.086555004119873
63149.1213753091,2.086555004119873
63149.187770075456,2.0871810913085938
63149.254164841805,2.086555004119873
63149.32055960816,2.086555004119873
63149.38695437451,2.086555004119873
63149.453349140866,2.086555004119873
63149.51974390722,2.086555004119873
63149.58613867357,2.0859289169311523
63149.65253343993,2.0859289169311523
63149.718928206275,2.086555004119873
63149.78532297263,2.085297107696533
63149.85171773898,2.085297107696533
63149.91811250534,2.084041118621826
63149.98450727169,2.0859289169311523
63150.05090203804,2.0834169387817383
63150.1172968044,2.084041118621826
63150.183691570746,2.0834169387817383
63150.2500863371,2.0834169387817383
63150.31648110345,2.0827929973602295
63150.38287586981,2.0821640491485596
63150.44927063616,2.081540107727051
63150.51566540251,2.0809109210968018
63150.58206016887,2.0809109210968018
63150.64845493522,2.080288887023926
63150.71484970157,2.080288887023926
63150.78124446793,2.080288887023926
63150.84763923428,2.080288887023926
63150.914034000634,2.0821640491485596
63150.98042876698,2.0834169387817383
63151.04682353334,2.0827929973602295
63151.11321829969,2.0821640491485596
63151.179613066044,2.081540107727051
63151.2460078324,2.0809109210968018
63151.31240259875,2.0809109210968018
63151.378797365105,2.080288887023926
63151.445192131454,2.080288887023926
63151.51158689781,2.080288887023926
63151.57798166416,2.079667091369629
63151.644376430515,2.080288887023926
63151.71077119687,2.080288887023926
63151.77716596322,2.080288887023926
63151.843560729576,2.080288887023926
63151.909955495925,2.0790390968322754
63151.97635026228,2.078418016433716
63152.04274502864,2.077169895172119
63152.109139794986,2.078418016433716
63152.17553456134,2.077169895172119
63152.24192932769,2.077169895172119
63152.30832409405,2.077169895172119
63152.374718860396,2.077169895172119
63152.44111362675,2.077169895172119
63152.50750839311,2.077169895172119
63152.57390315946,2.077169895172119
63152.64029792581,2.0753049850463867
63152.70669269216,2.076550006866455
63152.77308745852,2.0753049850463867
63152.83948222487,2.0740599632263184
63152.90587699122,2.0740599632263184
63152.97227175758,2.0740599632263184
63153.03866652393,2.073441982269287
63153.10506129028,2.0728180408477783
63153.17145605663,2.0709609985351562
63153.23785082299,2.0709609985351562
63153.304245589345,2.0703439712524414
63153.37064035569,2.0703439712524414
63153.43703512205,2.0709609985351562
63153.5034298884,2.0722010135650635
63153.569824654754,2.073441982269287
63153.6362194211,2.073441982269287
63153.70261418746,2.0715770721435547
63153.769008953816,2.0722010135650635
63153.835403720164,2.0728180408477783
63153.90179848652,2.0709609985351562
63153.96819325287,2.0709609985351562
63154.034588019225,2.0709609985351562
63154.10098278558,2.0709609985351562
63154.16737755193,2.0709609985351562
63154.233772318286,2.0709609985351562
63154.300167084635,2.0709609985351562
63154.36656185099,2.0709609985351562
63154.43295661734,2.0709609985351562
63154.499351383696,2.0709609985351562
63154.56574615005,2.0709609985351562
63154.6321409164,2.0709609985351562
63154.69853568276,2.0709609985351562
63154.764930449106,2.0709609985351562
63154.83132521546,2.0709609985351562
63154.89771998181,2.0703439712524414
63154.96411474817,2.0709609985351562
63155.03050951452,2.0703439712524414
63155.09690428087,2.0697219371795654
63155.16329904723,2.0697219371795654
63155.22969381358,2.069106101989746
63155.29608857993,2.06848406791687
63155.36248334629,2.0703439712524414
63155.42887811264,2.0697219371795654
63155.495272878994,2.0709609985351562
63155.56166764534,2.0697219371795654
63155.6280624117,2.069106101989746
63155.69445717805,2.0697219371795654
63155.760851944404,2.06848406791687
63155.82724671076,2.06848406791687
63155.89364147711,2.067868947982788
63155.960036243465,2.069106101989746
63156.026431009814,2.067868947982788
63156.09282577617,2.067868947982788
63156.15922054252,2.06848406791687
63156.225615308875,2.06848406791687
63156.29201007523,2.067868947982788
63156.35840484158,2.069106101989746
63156.424799607936,2.069106101989746
63156.491194374285,2.06848406791687
63156.55758914064,2.06848406791687
63156.623983907,2.069106101989746
63156.690378673346,2.069106101989746
63156.7567734397,2.067868947982788
63156.82316820605,2.06848406791687
63156.88956297241,2.06848406791687
63156.955957738755,2.067868947982788
63157.02235250511,2.067868947982788
63157.08874727147,2.067868947982788
63157.15514203782,2.067868947982788
63157.22153680417,2.06848406791687
63157.28793157052,2.069106101989746
63157.35432633688,2.06848406791687
63157.420721103226,2.0697219371795654
63157.48711586958,2.06848406791687
63157.55351063594,2.069106101989746
63157.61990540229,2.0703439712524414
63157.68630016864,2.067868947982788
63157.75269493499,2.0703439712524414
63157.81908970135,2.067868947982788
63157.885484467704,2.067868947982788
63157.95187923405,2.067868947982788
63158.01827400041,2.067868947982788
63158.08466876676,2.067868947982788
63158.151063533114,2.067868947982788
63158.21745829946,2.067868947982788
63158.28385306582,2.067868947982788
63158.350247832175,2.067868947982788
63158.416642598524,2.067868947982788
63158.48303736488,2.067868947982788
63158.54943213123,2.067868947982788
63158.615826897585,2.067868947982788
63158.682221663934,2.067868947982788
63158.74861643029,2.067868947982788
63158.815011196646,2.0672550201416016
63158.881405962995,2.0660200119018555
63158.94780072935,2.0660200119018555
63159.0141954957,2.0672550201416016
63159.080590262056,2.0660200119018555
63159.14698502841,2.065401077270508
63159.21337979476,2.065401077270508
63159.27977456112,2.0647881031036377
63159.346169327466,2.065401077270508
63159.41256409382,2.0660200119018555
63159.47895886017,2.0647881031036377
63159.54535362653,2.0647881031036377
63159.61174839288,2.0660200119018555
63159.67814315923,2.065401077270508
63159.74453792559,2.0647881031036377
63159.81093269194,2.0647881031036377
63159.87732745829,2.065401077270508
63159.94372222464,2.0647881031036377
63160.010116991,2.0647881031036377
63160.076511757354,2.0647881031036377
63160.1429065237,2.0647881031036377
63160.20930129006,2.0647881031036377
63160.27569605641,2.0647881031036377
63160.34209082276,2.0647881031036377
63160.40848558912,2.0647881031036377
63160.47488035547,2.0647881031036377
63160.541275121825,2.0647881031036377
63160.60766988817,2.0647881031036377
63160.67406465453,2.0647881031036377
63160.74045942088,2.0647881031036377
63160.806854187234,2.0647881031036377
63160.87324895359,2.0647881031036377
63160.93964371994,2.0647881031036377
63161.006038486295,2.0647881031036377
63161.072433252644,2.0647881031036377
63161.138828019,2.065401077270508
63161.20522278536,2.066633939743042
63161.271617551705,2.0672550201416016
63161.33801231806,2.067868947982788
63161.40440708441,2.067868947982788
63161.470801850766,2.067868947982788
63161.537196617115,2.067868947982788
63161.60359138347,2.067868947982788
63161.66998614983,2.067868947982788
63161.736380916176,2.06848406791687
63161.80277568253,2.067868947982788
63161.86917044888,2.06848406791687
63161.93556521524,2.067868947982788
63162.001959981586,2.067868947982788
63162.06835474794,2.067868947982788
63162.1347495143,2.067868947982788
63162.20114428065,2.067868947982788
63162.267539047,2.06848406791687
63162.33393381335,2.067868947982788
63162.40032857971,2.067868947982788
63162.466723346064,2.06848406791687
63162.53311811241,2.067868947982788
63162.59951287877,2.067868947982788
63162.66590764512,2.067868947982788
63162.732302411474,2.06848406791687
63162.79869717782,2.067868947982788
63162.86509194418,2.067868947982788
63162.931486710535,2.0703439712524414
63162.997881476884,2.069106101989746
63163.06427624324,2.0697219371795654
63163.13067100959,2.069106101989746
63163.197065775945,2.0709609985351562
63163.26346054229,2.0697219371795654
63163.32985530865,2.06848406791687
63163.396250075006,2.067868947982788
63163.462644841355,2.067868947982788
63163.52903960771,2.067868947982788
63163.59543437406,2.067868947982788
63163.661829140416,2.067868947982788
63163.72822390677,2.067868947982788
63163.79461867312,2.0672550201416016
63163.86101343948,2.067868947982788
63163.927408205825,2.066633939743042
63163.99380297218,2.0672550201416016
63164.06019773853,2.0672550201416016
63164.12659250489,2.0672550201416016
63164.19298727124,2.0660200119018555
63164.25938203759,2.065401077270508
63164.32577680395,2.065401077270508
63164.392171570296,2.0647881031036377
63164.45856633665,2.0660200119018555
63164.524961103,2.0660200119018555
63164.59135586936,2.065401077270508
63164.65775063571,2.0647881031036377
63164.72414540206,2.065401077270508
63164.79054016842,2.0647881031036377
63164.85693493477,2.0660200119018555
63164.92332970112,2.0660200119018555
63164.98972446748,2.065401077270508
63165.05611923383,2.065401077270508
63165.122514000184,2.0647881031036377
63165.18890876653,2.0660200119018555
63165.25530353289,2.065401077270508
63165.32169829924,2.0647881031036377
63165.388093065594,2.0647881031036377
63165.45448783195,2.0647881031036377
63165.5208825983,2.0647881031036377
63165.587277364655,2.0647881031036377
63165.653672131004,2.0647881031036377
63165.72006689736,2.0647881031036377
63165.78646166371,2.0647881031036377
63165.852856430065,2.0647881031036377
63165.91925119642,2.0647881031036377
63165.98564596277,2.065401077270508
63166.052040729126,2.0672550201416016
63166.118435495475,2.0672550201416016
63166.18483026183,2.0647881031036377
63166.25122502819,2.0660200119018555
63166.317619794536,2.0672550201416016
63166.38401456089,2.0660200119018555
63166.45040932724,2.065401077270508
63166.5168040936,2.0660200119018555
63166.583198859946,2.067868947982788
63166.6495936263,2.067868947982788
63166.71598839266,2.06848406791687
63166.78238315901,2.069106101989746
63166.84877792536,2.067868947982788
63166.91517269171,2.067868947982788
63166.98156745807,2.06848406791687
63167.04796222442,2.06848406791687
63167.11435699077,2.067868947982788
63167.18075175713,2.067868947982788
63167.24714652348,2.0672550201416016
63167.313541289834,2.0660200119018555
63167.37993605618,2.0647881031036377
63167.44633082254,2.0647881031036377
63167.512725588895,2.0647881031036377
63167.57912035524,2.0647881031036377
63167.6455151216,2.0647881031036377
63167.71190988795,2.0647881031036377
63167.778304654305,2.063555955886841
63167.84469942065,2.0641748905181885
63167.91109418701,2.062943935394287
63167.977488953366,2.062943935394287
63168.043883719714,2.062943935394287
63168.11027848607,2.0617148876190186
63168.17667325242,2.062325954437256
63168.243068018775,2.0617148876190186
63168.309462785124,2.0617148876190186
63168.37585755148,2.0617148876190186
63168.44225231784,2.0611040592193604
63168.508647084185,2.060487985610962
63168.57504185054,2.0598769187927246
63168.64143661689,2.058651924133301
63168.707831383246,2.0598769187927246
63168.7742261496,2.058651924133301
63168.84062091595,2.0592610836029053
63168.90701568231,2.0598769187927246
63168.973410448656,2.0611040592193604
63169.03980521501,2.0611040592193604
63169.10619998136,2.0617148876190186
63169.17259474772,2.0598769187927246
63169.23898951407,2.0598769187927246
63169.30538428042,2.058651924133301
63169.37177904678,2.058651924133301
63169.43817381313,2.058651924133301
63169.50456857948,2.058651924133301
63169.57096334583,2.0592610836029053
63169.63735811219,2.0598769187927246
63169.703752878544,2.0592610836029053
63169.77014764489,2.0598769187927246
63169.83654241125,2.0598769187927246
63169.9029371776,2.0598769187927246
63169.969331943954,2.058651924133301
63170.03572671031,2.058651924133301
63170.10212147666,2.0598769187927246
63170.168516243015,2.0598769187927246
63170.234911009364,2.0598769187927246
63170.30130577572,2.0598769187927246
63170.36770054207,2.0617148876190186
63170.434095308425,2.0611040592193604
63170.50049007478,2.0611040592193604
63170.56688484113,2.0617148876190186
63170.633279607486,2.0617148876190186
63170.699674373835,2.060487985610962
63170.76606914019,2.060487985610962
63170.83246390655,2.0617148876190186
63170.898858672896,2.0598769187927246
63170.96525343925,2.0592610836029053
63171.0316482056,2.058651924133301
63171.09804297196,2.0598769187927246
63171.164437738305,2.0598769187927246
63171.23083250466,2.058651924133301
63171.29722727102,2.058651924133301
63171.36362203737,2.058651924133301
63171.43001680372,2.058651924133301
63171.49641157007,2.058651924133301
63171.56280633643,2.058651924133301
63171.629201102776,2.058651924133301
63171.69559586913,2.058651924133301
63171.76199063549,2.0580430030822754
63171.82838540184,2.0580430030822754
63171.89478016819,2.0574278831481934
63171.96117493454,2.0574278831481934
63172.0275697009,2.0574278831481934
63172.093964467254,2.0555970668792725
63172.1603592336,2.0562050342559814
63172.22675399996,2.0562050342559814
63172.29314876631,2.0555970668792725
63172.359543532664,2.0562050342559814
63172.42593829901,2.0555970668792725
63172.49233306537,2.0562050342559814
63172.558727831725,2.0562050342559814
63172.625122598074,2.056818962097168
63172.69151736443,2.056818962097168
63172.75791213078,2.0562050342559814
63172.824306897135,2.0555970668792725
63172.890701663484,2.056818962097168
63172.95709642984,2.0574278831481934
63173.023491196196,2.056818962097168
63173.089885962545,2.056818962097168
63173.1562807289,2.0574278831481934
63173.22267549525,2.0562050342559814
63173.289070261606,2.056818962097168
63173.35546502796,2.056818962097168
63173.42185979431,2.0574278831481934
63173.48825456067,2.0580430030822754
63173.554649327016,2.0580430030822754
63173.62104409337,2.058651924133301
63173.68743885972,2.058651924133301
63173.75383362608,2.058651924133301
63173.82022839243,2.058651924133301
63173.88662315878,2.058651924133301
63173.95301792514,2.058651924133301
63174.01941269149,2.0592610836029053
63174.08580745784,2.058651924133301
63174.15220222419,2.0592610836029053
63174.21859699055,2.058651924133301
63174.284991756904,2.058651924133301
63174.35138652325,2.058651924133301
63174.41778128961,2.058651924133301
63174.48417605596,2.0598769187927246
63174.55057082231,2.0592610836029053
63174.61696558867,2.0617148876190186
63174.68336035502,2.0611040592193604
63174.749755121375,2.058651924133301
63174.81614988772,2.0611040592193604
63174.88254465408,2.0598769187927246
63174.94893942043,2.0592610836029053
63175.015334186784,2.058651924133301
63175.08172895314,2.058651924133301
63175.14812371949,2.058651924133301
63175.214518485845,2.058651924133301
63175.280913252194,2.058651924133301
63175.34730801855,2.058651924133301
63175.4137027849,2.058651924133301
63175.480097551255,2.058651924133301
63175.54649231761,2.0580430030822754
63175.61288708396,2.0580430030822754
63175.679281850316,2.0574278831481934
63175.745676616665,2.0574278831481934
63175.81207138302,2.0562050342559814
63175.87846614938,2.0555970668792725
63175.944860915726,2.0555970668792725
63176.01125568208,2.0555970668792725
63176.07765044843,2.0555970668792725
63176.14404521479,2.0555970668792725
63176.210439981136,2.05499005317688
63176.27683474749,2.0543770790100098
63176.34322951385,2.05499005317688
63176.4096242802,2.053770065307617
63176.47601904655,2.0531580448150635
63176.5424138129,2.0525519847869873
63176.60880857926,2.053770065307617
63176.67520334561,2.0525519847869873
63176.74159811196,2.0525519847869873
63176.80799287832,2.0525519847869873
63176.87438764467,2.0525519847869873
63176.940782411024,2.0525519847869873
63177.00717717737,2.0525519847869873
63177.07357194373,2.0525519847869873
63177.139966710085,2.0525519847869873
63177.206361476434,2.051945924758911
63177.27275624279,2.0525519847869873
63177.33915100914,2.0525519847869873
63177.405545775495,2.0525519847869873
63177.471940541844,2.0525519847869873
63177.5383353082,2.0525519847869873
63177.604730074556,2.0525519847869873
63177.671124840905,2.0525519847869873
63177.73751960726,2.0525519847869873
63177.80391437361,2.0525519847869873
63177.870309139966,2.0525519847869873
63177.93670390632,2.0525519847869873
63178.00309867267,2.0525519847869873
63178.06949343903,2.0525519847869873
63178.135888205376,2.0531580448150635
63178.20228297173,2.0525519847869873
63178.26867773808,2.0525519847869873
63178.33507250444,2.051945924758911
63178.40146727079,2.051335096359253
63178.46786203714,2.050729990005493
63178.5342568035,2.051335096359253
63178.60065156985,2.049515962600708
63178.6670463362,2.051335096359253
63178.73344110255,2.050729990005493
63178.79983586891,2.049515962600708
63178.86623063526,2.051945924758911
63178.93262540161,2.0525519847869873
63178.99902016797,2.051335096359253
63179.06541493432,2.0525519847869873
63179.13180970067,2.0525519847869873
63179.19820446703,2.0525519847869873
63179.26459923338,2.0525519847869873
63179.330993999734,2.051945924758911
63179.39738876608,2.0525519847869873
63179.46378353244,2.051335096359253
63179.53017829879,2.051945924758911
63179.596573065144,2.051335096359253
63179.6629678315,2.049515962600708
63179.72936259785,2.049515962600708
63179.795757364205,2.049515962600708
63179.862152130554,2.0489120483398438
63179.92854689691,2.047698974609375
63179.99494166326,2.0464890003204346
63180.061336429615,2.045886993408203
63180.12773119597,2.0440709590911865
63180.19412596232,2.0434699058532715
63180.260520728676,2.0434699058532715
63180.326915495025,2.042263984680176
63180.39331026138,2.0434699058532715
63180.45970502774,2.0416650772094727
63180.526099794086,2.0416650772094727
63180.59249456044,2.0410590171813965
63180.65888932679,2.0404610633850098
63180.72528409315,2.0398619174957275
63180.791678859496,2.0398619174957275
63180.85807362585,2.0386600494384766
63180.92446839221,2.0374600887298584
63180.99086315856,2.0374600887298584
63181.05725792491,2.0374600887298584
63181.12365269126,2.0374600887298584
63181.19004745762,2.036863088607788
63181.25644222397,2.0362610816955566
63181.32283699032,2.0374600887298584
63181.38923175668,2.0374600887298584
63181.45562652303,2.0374600887298584
63181.522021289384,2.0374600887298584
63181.58841605573,2.0350639820098877
63181.65481082209,2.034467935562134
63181.721205588445,2.034467935562134
63181.78760035479,2.034467935562134
63181.85399512115,2.034467935562134
63181.9203898875,2.0338730812072754
63181.986784653855,2.0338730812072754
63182.0531794202,2.034467935562134
63182.11957418656,2.034467935562134
63182.185968952916,2.034467935562134
63182.252363719264,2.0350639820098877
63182.31875848562,2.034467935562134
63182.38515325197,2.0356650352478027
63182.451548018325,2.036863088607788
63182.517942784674,2.034467935562134
63182.58433755103,2.0350639820098877
63182.65073231739,2.036863088607788
63182.717127083735,2.036863088607788
63182.78352185009,2.0362610816955566
63182.84991661644,2.036863088607788
63182.916311382796,2.0356650352478027
63182.98270614915,2.0362610816955566
63183.0491009155,2.0350639820098877
63183.11549568186,2.0350639820098877
63183.181890448206,2.034467935562134
63183.24828521456,2.0350639820098877
63183.31467998091,2.0356650352478027
63183.38107474727,2.0350639820098877
63183.44746951362,2.0356650352478027
63183.51386427997,2.0350639820098877
63183.58025904633,2.034467935562134
63183.64665381268,2.034467935562134
63183.71304857903,2.034467935562134
63183.77944334538,2.0350639820098877
63183.84583811174,2.034467935562134
63183.912232878094,2.034467935562134
63183.97862764444,2.034467935562134
63184.0450224108,2.034467935562134
63184.11141717715,2.034467935562134
63184.177811943504,2.034467935562134
63184.24420670986,2.034467935562134
63184.31060147621,2.0338730812072754
63184.376996242565,2.034467935562134
63184.443391008914,2.0338730812072754
63184.50978577527,2.0338730812072754
63184.57618054162,2.0332729816436768
63184.642575307975,2.032078981399536
63184.70897007433,2.031485080718994
63184.77536484068,2.031485080718994
63184.841759607036,2.031485080718994
63184.908154373385,2.031485080718994
63184.97454913974,2.031485080718994
63185.04094390609,2.031485080718994
63185.107338672446,2.031485080718994
63185.1737334388,2.031485080718994
63185.24012820515,2.0308918952941895
63185.30652297151,2.031485080718994
63185.372917737855,2.0308918952941895
63185.43931250421,2.0302929878234863
63185.50570727057,2.0285110473632812
63185.57210203692,2.0285110473632812
63185.63849680327,2.0285110473632812
63185.70489156962,2.0285110473632812
63185.77128633598,2.027919054031372
63185.837681102326,2.0285110473632812
63185.90407586868,2.0285110473632812
63185.97047063504,2.0273220539093018
63186.03686540139,2.027919054031372
63186.10326016774,2.026134967803955
63186.16965493409,2.0255448818206787
63186.23604970045,2.0255448818206787
63186.3024444668,2.0255448818206787
63186.36883923315,2.024955987930298
63186.43523399951,2.024359941482544
63186.50162876586,2.022588014602661
63186.568023532214,2.022588014602661
63186.63441829856,2.023176908493042
63186.70081306492,2.022588014602661
63186.767207831275,2.022588014602661
63186.833602597624,2.022588014602661
63186.89999736398,2.022588014602661
63186.96639213033,2.022588014602661
63187.032786896685,2.022588014602661
63187.099181663034,2.0220000743865967
63187.16557642939,2.0220000743865967
63187.231971195746,2.0208189487457275
63187.298365962095,2.0220000743865967
63187.36476072845,2.021406888961792
63187.4311554948,2.022588014602661
63187.497550261156,2.022588014602661
63187.56394502751,2.022588014602661
63187.63033979386,2.0220000743865967
63187.69673456022,2.0220000743865967
63187.763129326566,2.0220000743865967
63187.82952409292,2.0220000743865967
63187.89591885927,2.0196399688720703
63187.96231362563,2.0196399688720703
63188.02870839198,2.0196399688720703
63188.09510315833,2.0196399688720703
63188.16149792469,2.0196399688720703
63188.22789269104,2.0196399688720703
63188.29428745739,2.0196399688720703
63188.36068222374,2.0196399688720703
63188.4270769901,2.0196399688720703
63188.493471756454,2.0196399688720703
63188.5598665228,2.0190529823303223
63188.62626128916,2.0196399688720703
63188.69265605551,2.0184619426727295
63188.759050821864,2.0184619426727295
63188.82544558822,2.0190529823303223
63188.89184035457,2.017875909805298
63188.958235120925,2.017875909805298
63189.02462988727,2.017875909805298
63189.09102465363,2.016700029373169
63189.15741941998,2.016700029373169
63189.223814186334,2.016700029373169
63189.29020895269,2.016700029373169
63189.35660371904,2.016700029373169
63189.422998485396,2.016700029373169
63189.489393251744,2.016700029373169
63189.5557880181,2.016700029373169
63189.62218278445,2.0184619426727295
63189.688577550805,2.0184619426727295
63189.75497231716,2.017875909805298
63189.82136708351,2.016700029373169
63189.88776184987,2.016700029373169
63189.954156616215,2.0190529823303223
63190.02055138257,2.017875909805298
63190.08694614893,2.0190529823303223
63190.153340915276,2.0196399688720703
63190.21973568163,2.0190529823303223
63190.28613044798,2.0190529823303223
63190.35252521434,2.0190529823303223
63190.418919980686,2.0184619426727295
63190.48531474704,2.0184619426727295
63190.5517095134,2.017875909805298
63190.61810427975,2.016700029373169
63190.6844990461,2.017285108566284
63190.75089381245,2.017285108566284
63190.81728857881,2.017285108566284
63190.88368334516,2.016700029373169
63190.95007811151,2.016700029373169
63191.01647287787,2.016700029373169
63191.08286764422,2.016700029373169
63191.149262410574,2.017875909805298
63191.21565717692,2.016700029373169
63191.28205194328,2.016700029373169
63191.348446709635,2.016700029373169
63191.414841475984,2.0190529823303223
63191.48123624234,2.017285108566284
63191.54763100869,2.017875909805298
63191.614025775045,2.0184619426727295
63191.680420541394,2.0196399688720703
63191.74681530775,2.0184619426727295
63191.813210074106,2.0190529823303223
63191.879604840455,2.017285108566284
63191.94599960681,2.017875909805298
63192.01239437316,2.017875909805298
63192.078789139516,2.017875909805298
63192.145183905865,2.017875909805298
63192.21157867222,2.017875909805298
63192.27797343858,2.0190529823303223
63192.344368204926,2.0196399688720703
63192.41076297128,2.0196399688720703
63192.47715773763,2.0196399688720703
63192.54355250399,2.0196399688720703
63192.60994727034,2.0196399688720703
63192.67634203669,2.0184619426727295
63192.74273680305,2.0190529823303223
63192.8091315694,2.0196399688720703
63192.87552633575,2.0190529823303223
63192.9419211021,2.017285108566284
63193.00831586846,2.0184619426727295
63193.07471063481,2.017285108566284
63193.14110540116,2.017285108566284
63193.20750016752,2.017285108566284
63193.27389493387,2.016700029373169
63193.34028970022,2.016700029373169
63193.40668446657,2.016700029373169
63193.47307923293,2.016700029373169
63193.539473999284,2.017285108566284
63193.60586876563,2.016700029373169
63193.67226353199,2.016700029373169
63193.73865829834,2.016700029373169
63193.805053064694,2.016700029373169
63193.87144783105,2.0161149501800537
63193.9378425974,2.016700029373169
63194.004237363755,2.016700029373169
63194.070632130104,2.016700029373169
63194.13702689646,2.0149409770965576
63194.20342166281,2.0149409770965576
63194.269816429165,2.015526056289673
63194.33621119552,2.0143520832061768
63194.40260596187,2.0143520832061768
63194.469000728226,2.0137689113616943
63194.535395494575,2.0137689113616943
63194.60179026093,2.0137689113616943
63194.66818502729,2.0137689113616943
63194.734579793636,2.0137689113616943
63194.80097455999,2.0120151042938232
63194.86736932634,2.0137689113616943
63194.9337640927,2.0125980377197266
63195.000158859046,2.0137689113616943
63195.0665536254,2.0120151042938232
63195.13294839176,2.010845899581909
63195.19934315811,2.011428117752075
63195.26573792446,2.011428117752075
63195.33213269081,2.011428117752075
63195.39852745717,2.011428117752075
63195.46492222352,2.010845899581909
63195.53131698987,2.010845899581909
63195.59771175623,2.010845899581909
63195.66410652258,2.010845899581909
63195.730501288934,2.010845899581909
63195.79689605528,2.010845899581909
63195.86329082164,2.010845899581909
63195.929685587995,2.0102651119232178
63195.99608035434,2.010845899581909
63196.0624751207,2.0102651119232178
63196.12886988705,2.0096778869628906
63196.195264653405,2.010845899581909
63196.26165941975,2.0090980529785156
63196.32805418611,2.008512020111084
63196.394448952466,2.008512020111084
63196.460843718814,2.0096778869628906
63196.52723848517,2.008512020111084
63196.59363325152,2.00793194770813
63196.660028017875,2.00793194770813
63196.726422784224,2.00793194770813
63196.79281755058,2.00793194770813
63196.85921231694,2.00793194770813
63196.925607083285,2.00793194770813
63196.99200184964,2.00793194770813
63197.05839661599,2.00793194770813
63197.124791382346,2.00793194770813
63197.1911861487,2.00793194770813
63197.25758091505,2.007352113723755
63197.32397568141,2.00793194770813
63197.390370447756,2.00793194770813
63197.45676521411,2.00793194770813
63197.52315998046,2.00793194770813
63197.58955474682,2.0061891078948975
63197.65594951317,2.007352113723755
63197.72234427952,2.007352113723755
63197.78873904588,2.00502610206604
63197.85513381223,2.00502610206604
63197.92152857858,2.0056049823760986
63197.98792334493,2.0056049823760986
63198.05431811129,2.00502610206604
63198.120712877644,2.0061891078948975
63198.18710764399,2.0056049823760986
63198.25350241035,2.0061891078948975
63198.3198971767,2.00502610206604
63198.386291943054,2.00502610206604
63198.45268670941,2.00502610206604
63198.51908147576,2.00502610206604
63198.585476242115,2.00502610206604
63198.651871008464,2.00502610206604
63198.71826577482,2.00502610206604
63198.78466054117,2.00502610206604
63198.851055307525,2.00502610206604
63198.91745007388,2.00502610206604
63198.98384484023,2.0044479370117188
63199.050239606586,2.0044479370117188
63199.116634372935,2.0044479370117188
63199.18302913929,2.0038650035858154
63199.24942390564,2.0038650035858154
63199.315818671996,2.0038650035858154
63199.38221343835,2.0038650035858154
63199.4486082047,2.0044479370117188
63199.51500297106,2.0038650035858154
63199.581397737405,2.0027050971984863
63199.64779250376,2.0027050971984863
63199.71418727012,2.002129077911377
63199.78058203647,2.002129077911377
63199.84697680282,2.002129077911377
63199.91337156917,2.002129077911377
63199.97976633553,2.0027050971984863
63200.046161101876,2.002129077911377
63200.11255586823,2.002129077911377
63200.17895063459,2.002129077911377
63200.24534540094,2.002129077911377
63200.31174016729,2.002129077911377
63200.37813493364,2.0027050971984863
63200.4445297,2.002129077911377
63200.51092446635,2.0027050971984863
63200.5773192327,2.002129077911377
63200.64371399906,2.0027050971984863
63200.71010876541,2.002129077911377
63200.776503531764,2.002129077911377
63200.84289829811,2.002129077911377
63200.90929306447,2.0015530586242676
63200.975687830825,2.0015530586242676
63201.042082597174,2.002129077911377
63201.10847736353,2.002129077911377
63201.17487212988,2.0015530586242676
63201.241266896235,2.002129077911377
63201.307661662584,2.002129077911377
63201.37405642894,2.0015530586242676
63201.440451195296,2.002129077911377
63201.506845961645,2.002129077911377
63201.573240728,2.002129077911377
63201.63963549435,2.002129077911377
63201.706030260706,2.002129077911377
63201.772425027055,2.002129077911377
63201.83881979341,2.002129077911377
63201.90521455977,2.002129077911377
63201.971609326116,2.002129077911377
63202.03800409247,2.002129077911377
63202.10439885882,2.002129077911377
63202.17079362518,2.002129077911377
63202.23718839153,2.002129077911377
63202.30358315788,2.002129077911377
63202.36997792424,2.0027050971984863
63202.43637269059,2.0032880306243896
63202.50276745694,2.0032880306243896
63202.56916222329,2.00502610206604
63202.63555698965,2.0044479370117188
63202.701951756004,2.0044479370117188
63202.76834652235,2.00502610206604
63202.83474128871,2.00502610206604
63202.90113605506,2.00502610206604
63202.967530821414,2.00502610206604
63203.03392558776,2.00502610206604
63203.10032035412,2.00502610206604
63203.166715120475,2.00502610206604
63203.23310988682,2.00502610206604
63203.29950465318,2.0044479370117188
63203.36589941953,2.0044479370117188
63203.432294185885,2.0044479370117188
63203.49868895224,2.0038650035858154
63203.56508371859,2.0032880306243896
63203.631478484946,2.0032880306243896
63203.697873251294,2.0038650035858154
63203.76426801765,2.0032880306243896
63203.830662784,2.0038650035858154
63203.897057550355,2.0038650035858154
63203.96345231671,2.0027050971984863
63204.02984708306,2.0038650035858154
63204.09624184942,2.0027050971984863
63204.162636615765,2.0032880306243896
63204.22903138212,2.002129077911377
63204.29542614848,2.002129077911377
63204.361820914826,2.0027050971984863
63204.42821568118,2.002129077911377
63204.49461044753,2.002129077911377
63204.56100521389,2.002129077911377
63204.627399980236,2.002129077911377
63204.69379474659,2.002129077911377
63204.76018951295,2.002129077911377
63204.8265842793,2.0027050971984863
63204.89297904565,2.0027050971984863
63204.959373812,2.002129077911377
63205.02576857836,2.002129077911377
63205.09216334471,2.0027050971984863
63205.15855811106,2.0038650035858154
63205.22495287742,2.0032880306243896
63205.29134764377,2.0038650035858154
63205.357742410124,2.0032880306243896
63205.42413717647,2.0027050971984863
63205.49053194283,2.002129077911377
63205.556926709185,2.002129077911377
63205.623321475534,2.002129077911377
63205.68971624189,2.0009710788726807
63205.75611100824,2.0003960132598877
63205.822505774595,2.0003960132598877
63205.888900540944,2.002129077911377
63205.9552953073,2.002129077911377
63206.021690073656,2.002129077911377
63206.088084840005,2.0015530586242676
63206.15447960636,2.0015530586242676
63206.22087437271,2.0015530586242676
63206.287269139066,1.9998149871826172
63206.353663905415,1.9998149871826172
63206.42005867177,2.0009710788726807
63206.48645343813,1.9998149871826172
63206.552848204476,1.9992400407791138
63206.61924297083,1.9992400407791138
63206.68563773718,1.9998149871826172
63206.75203250354,1.9998149871826172
63206.81842726989,1.9992400407791138
63206.88482203624,1.9992400407791138
63206.9512168026,2.0015530586242676
63207.01761156895,2.0009710788726807
63207.0840063353,2.0009710788726807
63207.15040110165,2.0015530586242676
63207.21679586801,1.9998149871826172
63207.28319063436,1.9992400407791138
63207.34958540071,1.9992400407791138
63207.41598016707,1.9992400407791138
63207.48237493342,1.9992400407791138
63207.54876969977,1.9992400407791138
63207.61516446612,1.9992400407791138
63207.68155923248,1.9998149871826172
63207.747953998834,1.9992400407791138
63207.81434876518,1.9998149871826172
63207.88074353154,1.9998149871826172
63207.94713829789,2.0009710788726807
63208.013533064244,2.0003960132598877
63208.0799278306,2.0015530586242676
63208.14632259695,2.0015530586242676
63208.212717363305,2.0009710788726807
63208.279112129654,1.9998149871826172
63208.34550689601,1.9992400407791138
63208.41190166236,1.9992400407791138
63208.478296428715,1.9998149871826172
63208.54469119507,1.9998149871826172
63208.61108596142,2.0009710788726807
63208.677480727776,2.002129077911377
63208.743875494125,2.002129077911377
63208.81027026048,2.002129077911377
63208.87666502683,2.002129077911377
63208.943059793186,2.002129077911377
63209.00945455954,2.002129077911377
63209.07584932589,2.0038650035858154
63209.14224409225,2.0038650035858154
63209.208638858596,2.0032880306243896
63209.27503362495,2.00502610206604
63209.34142839131,2.00502610206604
63209.40782315766,2.00502610206604
63209.47421792401,2.00502610206604
63209.54061269036,2.00502610206604
63209.60700745672,2.00502610206604
63209.67340222307,2.006767988204956
63209.73979698942,2.006767988204956
63209.80619175578,2.007352113723755
63209.87258652213,2.007352113723755
63209.938981288484,2.00793194770813
63210.00537605483,2.00793194770813
63210.07177082119,2.00793194770813
63210.13816558754,2.00793194770813
63210.20456035389,2.00793194770813
63210.27095512025,2.00793194770813
63210.3373498866,2.00793194770813
63210.403744652955,2.00793194770813
63210.4701394193,2.008512020111084
63210.53653418566,2.00793194770813
63210.602928952016,2.0090980529785156
63210.669323718364,2.0096778869628906
63210.73571848472,2.008512020111084
63210.80211325107,2.00793194770813
63210.868508017425,2.008512020111084
63210.934902783774,2.00793194770813
63211.00129755013,2.00793194770813
63211.06769231649,2.00793194770813
63211.134087082835,2.00793194770813
63211.20048184919,2.00793194770813
63211.26687661554,2.00793194770813
63211.333271381896,2.00793194770813
63211.39966614825,2.007352113723755
63211.4660609146,2.00502610206604
63211.53245568096,2.0056049823760986
63211.598850447306,2.0061891078948975
63211.66524521366,2.00502610206604
63211.73163998001,2.00502610206604
63211.79803474637,2.00502610206604
63211.86442951272,2.00502610206604
63211.93082427907,2.00502610206604
63211.99721904543,2.00502610206604
63212.06361381178,2.00502610206604
63212.13000857813,2.00502610206604
63212.19640334448,2.00502610206604
63212.26279811084,2.00502610206604
63212.329192877194,2.00502610206604
63212.39558764354,2.0044479370117188
63212.4619824099,2.00502610206604
63212.52837717625,2.0032880306243896
63212.594771942604,2.0027050971984863
63212.66116670896,2.0032880306243896
63212.72756147531,2.0027050971984863
63212.793956241665,2.0027050971984863
63212.860351008014,2.002129077911377
63212.92674577437,2.002129077911377
63212.99314054072,2.002129077911377
63213.059535307075,2.002129077911377
63213.12593007343,2.002129077911377
63213.19232483978,2.002129077911377
63213.258719606136,2.002129077911377
63213.325114372485,2.002129077911377
63213.39150913884,2.002129077911377
63213.45790390519,2.002129077911377
63213.524298671546,2.002129077911377
63213.5906934379,2.002129077911377
63213.65708820425,2.0015530586242676
63213.72348297061,2.0009710788726807
63213.789877736956,2.002129077911377
63213.85627250331,2.002129077911377
63213.92266726967,2.002129077911377
63213.98906203602,2.002129077911377
63214.05545680237,2.002129077911377
63214.12185156872,2.002129077911377
63214.18824633508,2.002129077911377
63214.25464110143,2.002129077911377
63214.32103586778,2.002129077911377
63214.38743063414,2.002129077911377
63214.45382540049,2.002129077911377
63214.52022016684,2.002129077911377
63214.58661493319,2.0027050971984863
63214.65300969955,2.0038650035858154
63214.7194044659,2.0038650035858154
63214.78579923225,2.0038650035858154
63214.85219399861,2.0027050971984863
63214.91858876496,2.0032880306243896
63214.984983531314,2.0038650035858154
63215.05137829766,2.0038650035858154
63215.11777306402,2.0032880306243896
63215.184167830375,2.0038650035858154
63215.250562596724,2.0032880306243896
63215.31695736308,2.0044479370117188
63215.38335212943,2.00502610206604
63215.449746895785,2.00502610206604
63215.516141662134,2.0038650035858154
63215.58253642849,2.0038650035858154
63215.648931194846,2.0044479370117188
63215.715325961195,2.00502610206604
63215.78172072755,2.00502610206604
63215.8481154939,2.0038650035858154
63215.914510260256,2.0032880306243896
63215.980905026605,2.0032880306243896
63216.04729979296,2.002129077911377
63216.11369455932,2.002129077911377
63216.180089325666,2.002129077911377
63216.24648409202,2.0015530586242676
63216.31287885837,2.002129077911377
63216.37927362473,2.002129077911377
63216.44566839108,2.002129077911377
63216.51206315743,2.002129077911377
63216.57845792379,2.002129077911377
63216.64485269014,2.0015530586242676
63216.71124745649,1.9998149871826172
63216.77764222284,2.0009710788726807
63216.8440369892,2.0009710788726807
63216.910431755554,2.0009710788726807
63216.9768265219,2.0003960132598877
63217.04322128826,2.0003960132598877
63217.10961605461,1.9992400407791138
63217.176010820964,1.9992400407791138
63217.24240558731,1.9998149871826172
63217.30880035367,2.0009710788726807
63217.375195120025,1.9992400407791138
63217.44158988637,1.9992400407791138
63217.50798465273,1.9992400407791138
63217.57437941908,1.9992400407791138
63217.640774185435,1.9992400407791138
63217.70716895179,1.9992400407791138
63217.77356371814,1.9992400407791138
63217.839958484496,1.9992400407791138
63217.906353250844,1.9992400407791138
63217.9727480172,1.9992400407791138
63218.03914278355,1.9992400407791138
63218.105537549905,1.9992400407791138
63218.17193231626,1.9992400407791138
63218.23832708261,1.9992400407791138
63218.30472184897,1.9992400407791138
63218.371116615315,1.9992400407791138
63218.43751138167,1.9992400407791138
63218.50390614802,1.9992400407791138
63218.570300914376,1.9992400407791138
63218.63669568073,1.9992400407791138
63218.70309044708,1.9986649751663208
63218.76948521344,1.9992400407791138
63218.835879979786,1.9992400407791138
63218.90227474614,1.9992400407791138
63218.9686695125,1.9992400407791138
63219.03506427885,1.9992400407791138
63219.1014590452,1.9986649751663208
63219.16785381155,1.9975110292434692
63219.23424857791,1.9980850219726562
63219.30064334426,1.9980850219726562
63219.36703811061,1.9975110292434692
63219.43343287697,1.9980850219726562
63219.49982764332,1.9986649751663208
63219.566222409674,1.996932029724121
63219.63261717602,1.996932029724121
63219.69901194238,1.9963589906692505
63219.76540670873,1.9963589906692505
63219.831801475084,1.9963589906692505
63219.89819624144,1.9963589906692505
63219.96459100779,1.9963589906692505
63220.030985774145,1.9963589906692505
63220.097380540494,1.9963589906692505
63220.16377530685,1.9963589906692505
63220.230170073206,1.9963589906692505
63220.296564839555,1.9963589906692505
63220.36295960591,1.9963589906692505
63220.42935437226,1.9963589906692505
63220.495749138616,1.9963589906692505
63220.562143904965,1.9963589906692505
63220.62853867132,1.9963589906692505
63220.69493343768,1.9963589906692505
63220.761328204026,1.9963589906692505
63220.82772297038,1.9957859516143799
63220.89411773673,1.9963589906692505
63220.96051250309,1.9963589906692505
63221.02690726944,1.9957859516143799
63221.09330203579,1.9963589906692505
63221.15969680215,1.9963589906692505
63221.2260915685,1.9963589906692505
63221.29248633485,1.9963589906692505
63221.3588811012,1.9963589906692505
63221.42527586756,1.9963589906692505
63221.49167063391,1.9963589906692505
63221.55806540026,1.9963589906692505
63221.62446016662,1.9963589906692505
63221.69085493297,1.9963589906692505
63221.75724969932,1.9963589906692505
63221.82364446567,1.9963589906692505
63221.89003923203,1.9963589906692505
63221.956433998384,1.9963589906692505
63222.02282876473,1.9963589906692505
63222.08922353109,1.9963589906692505
63222.15561829744,1.9963589906692505
63222.222013063794,1.9963589906692505
63222.28840783015,1.9963589906692505
63222.3548025965,1.996932029724121
63222.421197362855,1.996932029724121
63222.487592129204,1.9963589906692505
63222.55398689556,1.9963589906692505
63222.62038166191,1.9963589906692505
63222.686776428265,1.9963589906692505
63222.75317119462,1.9963589906692505
63222.81956596097,1.9963589906692505
63222.885960727326,1.9963589906692505
63222.952355493675,1.9963589906692505
63223.01875026003,1.9963589906692505
63223.08514502638,1.9963589906692505
63223.151539792736,1.9963589906692505
63223.21793455909,1.9963589906692505
63223.28432932544,1.9963589906692505
63223.3507240918,1.9957859516143799
63223.417118858146,1.9963589906692505
63223.4835136245,1.9963589906692505
63223.54990839086,1.9957859516143799
63223.61630315721,1.9952080249786377
63223.68269792356,1.9963589906692505
63223.74909268991,1.9952080249786377
63223.81548745627,1.9963589906692505
63223.88188222262,1.9963589906692505
63223.94827698897,1.9963589906692505
63224.01467175533,1.9963589906692505
63224.08106652168,1.9963589906692505
63224.147461288034,1.996932029724121
63224.21385605438,1.9992400407791138
63224.28025082074,1.9992400407791138
63224.34664558709,1.9992400407791138
63224.413040353444,1.9992400407791138
63224.4794351198,2.002129077911377
63224.54582988615,2.0032880306243896
63224.612224652505,2.0027050971984863
63224.67861941885,2.00502610206604
63224.74501418521,2.0061891078948975
63224.811408951566,2.007352113723755
63224.877803717915,2.00793194770813
63224.94419848427,2.00793194770813
63225.01059325062,2.00793194770813
63225.076988016976,2.00793194770813
63225.143382783324,2.00793194770813
63225.20977754968,2.00793194770813
63225.27617231604,2.00793194770813
63225.342567082385,2.00793194770813
63225.40896184874,2.00793194770813
63225.47535661509,2.00793194770813
63225.54175138145,2.00793194770813
63225.608146147795,2.00793194770813
63225.67454091415,2.00793194770813
63225.74093568051,2.00793194770813
63225.807330446856,2.00793194770813
63225.87372521321,2.00793194770813
63225.94011997956,2.00793194770813
63226.00651474592,2.00793194770813
63226.07290951227,2.007352113723755
63226.13930427862,2.0061891078948975
63226.20569904498,2.0056049823760986
63226.27209381133,2.00502610206604
63226.33848857768,2.00502610206604
63226.40488334403,2.00502610206604
63226.47127811039,2.00502610206604
63226.537672876744,2.00502610206604
63226.60406764309,2.0044479370117188
63226.67046240945,2.0038650035858154
63226.7368571758,2.0038650035858154
63226.803251942154,2.0027050971984863
63226.8696467085,2.002129077911377
63226.93604147486,2.0032880306243896
63227.002436241215,2.002129077911377
63227.068831007564,2.002129077911377
63227.13522577392,2.002129077911377
63227.20162054027,2.002129077911377
63227.268015306625,2.0015530586242676
63227.33441007298,2.0003960132598877
63227.40080483933,2.0003960132598877
63227.467199605686,1.9998149871826172
63227.533594372035,1.9998149871826172
63227.59998913839,2.0015530586242676
63227.66638390474,2.0015530586242676
63227.732778671096,2.0003960132598877
63227.79917343745,2.0003960132598877
63227.8655682038,1.9998149871826172
63227.93196297016,1.9992400407791138
63227.998357736506,1.9992400407791138
63228.06475250286,1.9998149871826172
63228.13114726922,1.9992400407791138
63228.19754203557,1.9992400407791138
63228.26393680192,1.9992400407791138
63228.33033156827,1.9992400407791138
63228.39672633463,1.9992400407791138
63228.46312110098,1.9992400407791138
63228.52951586733,1.9992400407791138
63228.59591063369,1.9992400407791138
63228.66230540004,1.9992400407791138
63228.72870016639,1.9992400407791138
63228.79509493274,1.9992400407791138
63228.8614896991,1.9992400407791138
63228.92788446545,1.9992400407791138
63228.9942792318,1.9992400407791138
63229.06067399816,1.9992400407791138
63229.12706876451,1.9992400407791138
63229.193463530864,1.9992400407791138
63229.25985829721,2.0009710788726807
63229.32625306357,2.002129077911377
63229.392647829925,2.0027050971984863
63229.459042596274,2.00502610206604
63229.52543736263,2.007352113723755
63229.59183212898,2.008512020111084
63229.658226895335,2.010845899581909
63229.724621661684,2.010845899581909
63229.79101642804,2.010845899581909
63229.857411194396,2.010845899581909
63229.923805960745,2.010845899581909
63229.9902007271,2.010845899581909
63230.05659549345,2.010845899581909
63230.122990259806,2.0102651119232178
63230.189385026155,2.008512020111084
63230.25577979251,2.008512020111084
63230.32217455887,2.00793194770813
63230.388569325216,2.00793194770813
63230.45496409157,2.008512020111084
63230.52135885792,2.00793194770813
63230.58775362428,2.00793194770813
63230.65414839063,2.0056049823760986
63230.72054315698,2.00502610206604
63230.78693792334,2.00502610206604
63230.85333268969,2.0044479370117188
63230.91972745604,2.00502610206604
63230.98612222239,2.0027050971984863
63231.05251698875,2.002129077911377
63231.118911755104,2.002129077911377
63231.18530652145,2.0003960132598877
63231.25170128781,1.9992400407791138
63231.31809605416,1.9975110292434692
63231.384490820514,1.9980850219726562
63231.45088558686,1.9980850219726562
63231.51728035322,1.9986649751663208
63231.583675119575,1.9963589906692505
63231.65006988592,1.9963589906692505
63231.71646465228,1.9963589906692505
63231.78285941863,1.9957859516143799
63231.849254184985,1.993487000465393
63231.91564895134,1.993487000465393
63231.98204371769,1.9929150342941284
63232.048438484046,1.9911919832229614
63232.114833250394,1.9906220436096191
63232.18122801675,1.9894779920578003
63232.2476227831,1.9877660274505615
63232.314017549455,1.986057996749878
63232.38041231581,1.9843519926071167
63232.44680708216,1.9843519926071167
63232.51320184852,1.982079029083252
63232.579596614865,1.982079029083252
63232.64599138122,1.982079029083252
63232.71238614757,1.982643961906433
63232.778780913926,1.982079029083252
63232.84517568028,1.9815139770507812
63232.91157044663,1.979248046875
63232.97796521299,1.976986050605774
63233.044359979336,1.976423978805542
63233.11075474569,1.976423978805542
63233.17714951205,1.9752960205078125
63233.2435442784,1.9736089706420898
63233.30993904475,1.9736089706420898
63233.3763338111,1.9719239473342896
63233.44272857746,1.9708009958267212
63233.50912334381,1.970242977142334
63233.57551811016,1.970242977142334
63233.64191287652,1.9680019617080688
63233.70830764287,1.9674450159072876
63233.774702409224,1.9663269519805908
63233.84109717557,1.9652099609375
63233.90749194193,1.9652099609375
63233.97388670828,1.9652099609375
63234.040281474634,1.9646550416946411
63234.10667624099,1.962427020072937
63234.17307100734,1.962427020072937
63234.239465773695,1.962427020072937
63234.305860540044,1.9613150358200073
63234.3722553064,1.959650993347168
63234.438650072756,1.959650993347168
63234.505044839105,1.959650993347168
63234.57143960546,1.9590990543365479
63234.63783437181,1.9579910039901733
63234.704229138166,1.9568840265274048
63234.770623904515,1.9579910039901733
63234.83701867087,1.9568840265274048
63234.90341343723,1.9568840265274048
63234.969808203576,1.956333041191101
63235.03620296993,1.9557770490646362
63235.10259773628,1.956333041191101
63235.16899250264,1.9541230201721191
63235.235387268986,1.9546730518341064
63235.30178203534,1.9541230201721191
63235.3681768017,1.9541230201721191
63235.43457156805,1.9541230201721191
63235.5009663344,1.9541230201721191
63235.56736110075,1.9541230201721191
63235.63375586711,1.9541230201721191
63235.70015063346,1.9541230201721191
63235.76654539981,1.9541230201721191
63235.83294016617,1.9541230201721191
63235.89933493252,1.9541230201721191
63235.96572969887,1.9535750150680542
63236.03212446522,1.9535750150680542
63236.09851923158,1.9519189596176147
63236.164913997934,1.9513709545135498
63236.23130876428,1.9513709545135498
63236.29770353064,1.9519189596176147
63236.36409829699,1.9513709545135498
63236.430493063344,1.9513709545135498
63236.49688782969,1.9513709545135498
63236.56328259605,1.9508240222930908
63236.629677362405,1.9513709545135498
63236.696072128754,1.9513709545135498
63236.76246689511,1.9508240222930908
63236.82886166146,1.9502710103988647
63236.895256427815,1.9497250318527222
63236.96165119417,1.9491729736328125
63237.02804596052,1.9491729736328125
63237.094440726876,1.94862699508667
63237.160835493225,1.94862699508667
63237.22723025958,1.9491729736328125
63237.29362502593,1.94862699508667
63237.360019792286,1.94862699508667
63237.42641455864,1.94862699508667
63237.49280932499,1.94862699508667
63237.55920409135,1.94862699508667
63237.625598857696,1.9480810165405273
63237.69199362405,1.9475300312042236
63237.75838839041,1.9464340209960938
63237.82478315676,1.945889949798584
63237.89117792311,1.9464340209960938
63237.95757268946,1.945889949798584
63238.02396745582,1.945889949798584
63238.09036222217,1.945889949798584
63238.15675698852,1.945889949798584
63238.22315175488,1.945889949798584
63238.28954652123,1.945889949798584
63238.355941287584,1.945889949798584
63238.42233605393,1.945889949798584
63238.48873082029,1.9453459978103638
63238.55512558664,1.945889949798584
63238.621520352994,1.9437040090560913
63238.68791511935,1.9453459978103638
63238.7543098857,1.9437040090560913
63238.820704652055,1.9431610107421875
63238.8870994184,1.9431610107421875
63238.95349418476,1.9431610107421875
63239.019888951116,1.9431610107421875
63239.086283717465,1.9431610107421875
63239.15267848382,1.9431610107421875
63239.21907325017,1.9426180124282837
63239.285468016526,1.9420700073242188
63239.351862782874,1.9415279626846313
63239.41825754923,1.940438985824585
63239.48465231559,1.9409810304641724
63239.551047081935,1.940438985824585
63239.61744184829,1.940438985824585
63239.68383661464,1.940438985824585
63239.750231381,1.940438985824585
63239.816626147345,1.940438985824585
63239.8830209137,1.939352035522461
63239.94941568006,1.939352035522461
63240.015810446406,1.9382649660110474
63240.08220521276,1.93881094455719
63240.14859997911,1.9398980140686035
63240.21499474547,1.939352035522461
63240.28138951182,1.939352035522461
63240.34778427817,1.9398980140686035
63240.41417904453,1.939352035522461
63240.48057381088,1.940438985824585
63240.54696857723,1.9398980140686035
63240.61336334358,1.9382649660110474
63240.67975810994,1.940438985824585
63240.746152876294,1.940438985824585
63240.81254764264,1.939352035522461
63240.878942409,1.939352035522461
63240.94533717535,1.9398980140686035
63241.011731941704,1.939352035522461
63241.07812670805,1.9398980140686035
63241.14452147441,1.940438985824585
63241.210916240765,1.940438985824585
63241.277311007114,1.940438985824585
63241.34370577347,1.940438985824585
63241.41010053982,1.940438985824585
63241.476495306175,1.940438985824585
63241.54289007253,1.940438985824585
63241.60928483888,1.940438985824585
63241.675679605236,1.940438985824585
63241.742074371585,1.940438985824585
63241.80846913794,1.940438985824585
63241.87486390429,1.940438985824585
63241.941258670646,1.940438985824585
63242.007653437,1.940438985824585
63242.07404820335,1.940438985824585
63242.14044296971,1.940438985824585
63242.206837736056,1.940438985824585
63242.27323250241,1.940438985824585
63242.33962726876,1.940438985824585
63242.40602203512,1.940438985824585
63242.47241680147,1.939352035522461
63242.53881156782,1.9398980140686035
63242.60520633418,1.9398980140686035
63242.67160110053,1.939352035522461
63242.73799586688,1.939352035522461
63242.80439063324,1.940438985824585
63242.87078539959,1.939352035522461
63242.93718016594,1.9377249479293823
63243.00357493229,1.9382649660110474
63243.06996969865,1.9377249479293823
63243.136364465,1.9377249479293823
63243.20275923135,1.9377249479293823
63243.26915399771,1.9377249479293823
63243.33554876406,1.936640977859497
63243.401943530414,1.9371860027313232
63243.46833829676,1.9371860027313232
63243.53473306312,1.9355579614639282
63243.60112782947,1.936102032661438
63243.667522595824,1.9350190162658691
63243.73391736218,1.9350190162658691
63243.80031212853,1.9350190162658691
63243.866706894885,1.9350190162658691
63243.933101661234,1.9350190162658691
63243.99949642759,1.9350190162658691
63244.065891193946,1.9350190162658691
63244.132285960295,1.9355579614639282
63244.19868072665,1.9350190162658691
63244.265075493,1.9350190162658691
63244.331470259356,1.9350190162658691
63244.397865025705,1.9350190162658691
63244.46425979206,1.9350190162658691
63244.53065455842,1.9350190162658691
63244.597049324766,1.9350190162658691
63244.66344409112,1.9350190162658691
63244.72983885747,1.9350190162658691
63244.79623362383,1.9344810247421265
63244.86262839018,1.9350190162658691
63244.92902315653,1.9350190162658691
63244.99541792289,1.9350190162658691
63245.06181268924,1.9350190162658691
63245.12820745559,1.9350190162658691
63245.19460222194,1.9350190162658691
63245.2609969883,1.9350190162658691
63245.327391754654,1.9350190162658691
63245.393786521,1.9350190162658691
63245.46018128736,1.9350190162658691
63245.52657605371,1.9350190162658691
63245.592970820064,1.9355579614639282
63245.65936558641,1.936102032661438
63245.72576035277,1.9377249479293823
63245.792155119125,1.9371860027313232
63245.85854988547,1.9377249479293823
63245.92494465183,1.9377249479293823
63245.99133941818,1.9371860027313232
63246.057734184535,1.9377249479293823
63246.12412895089,1.9377249479293823
63246.19052371724,1.9377249479293823
63246.256918483596,1.9377249479293823
63246.323313249944,1.9371860027313232
63246.3897080163,1.9377249479293823
63246.45610278265,1.9371860027313232
63246.522497549005,1.9371860027313232
63246.58889231536,1.9371860027313232
63246.65528708171,1.9377249479293823
63246.72168184807,1.9377249479293823
63246.788076614415,1.9377249479293823
63246.85447138077,1.9377249479293823
63246.92086614712,1.9377249479293823
63246.987260913476,1.9377249479293823
63247.05365567983,1.9371860027313232
63247.12005044618,1.9377249479293823
63247.18644521254,1.9377249479293823
63247.252839978886,1.9377249479293823
63247.31923474524,1.9377249479293823
63247.3856295116,1.9371860027313232
63247.45202427795,1.9377249479293823
63247.5184190443,1.9371860027313232
63247.58481381065,1.9377249479293823
63247.65120857701,1.9377249479293823
63247.71760334336,1.9371860027313232
63247.78399810971,1.9371860027313232
63247.85039287607,1.9377249479293823
63247.91678764242,1.9377249479293823
63247.983182408774,1.9377249479293823
63248.04957717512,1.9377249479293823
63248.11597194148,1.9377249479293823
63248.18236670783,1.9377249479293823
63248.248761474184,1.9377249479293823
63248.31515624054,1.9377249479293823
63248.38155100689,1.9377249479293823
63248.447945773245,1.9377249479293823
63248.514340539594,1.9377249479293823
63248.58073530595,1.9377249479293823
63248.647130072306,1.9377249479293823
63248.713524838655,1.9382649660110474
63248.77991960501,1.9398980140686035
63248.84631437136,1.93881094455719
63248.912709137716,1.93881094455719
63248.979103904065,1.9398980140686035
63249.04549867042,1.9398980140686035
63249.11189343678,1.940438985824585
63249.178288203126,1.940438985824585
63249.24468296948,1.940438985824585
63249.31107773583,1.940438985824585
63249.37747250219,1.9398980140686035
63249.443867268536,1.9398980140686035
63249.51026203489,1.940438985824585
63249.57665680125,1.940438985824585
63249.6430515676,1.940438985824585
63249.70944633395,1.940438985824585
63249.7758411003,1.940438985824585
63249.84223586666,1.940438985824585
63249.908630633014,1.940438985824585
63249.97502539936,1.940438985824585
63250.04142016572,1.9409810304641724
63250.10781493207,1.9409810304641724
63250.17420969842,1.9426180124282837
63250.24060446477,1.9409810304641724
63250.30699923113,1.940438985824585
63250.373393997485,1.9426180124282837
63250.43978876383,1.9415279626846313
63250.50618353019,1.9415279626846313
63250.57257829654,1.9409810304641724
63250.638973062894,1.9409810304641724
63250.70536782924,1.9409810304641724
63250.7717625956,1.9409810304641724
63250.838157361955,1.9415279626846313
63250.904552128304,1.9409810304641724
63250.97094689466,1.9415279626846313
63251.03734166101,1.9420700073242188
63251.103736427365,1.9415279626846313
63251.17013119372,1.9415279626846313
63251.23652596007,1.9431610107421875
63251.302920726426,1.9431610107421875
63251.369315492775,1.9426180124282837
63251.43571025913,1.9426180124282837
63251.50210502548,1.9420700073242188
63251.568499791836,1.9415279626846313
63251.63489455819,1.9409810304641724
63251.70128932454,1.9420700073242188
63251.7676840909,1.9409810304641724
63251.834078857246,1.9431610107421875
63251.9004736236,1.9420700073242188
63251.96686838995,1.9426180124282837
63252.03326315631,1.9426180124282837
63252.09965792266,1.9426180124282837
63252.16605268901,1.9431610107421875
63252.23244745537,1.9431610107421875
63252.29884222172,1.9420700073242188
63252.36523698807,1.9431610107421875
63252.43163175443,1.9415279626846313
63252.49802652078,1.9431610107421875
63252.564421287134,1.9409810304641724
63252.63081605348,1.9420700073242188
63252.69721081984,1.9426180124282837
63252.76360558619,1.9431610107421875
63252.830000352544,1.9420700073242188
63252.8963951189,1.9426180124282837
63252.96278988525,1.9426180124282837
63253.029184651605,1.9431610107421875
63253.09557941795,1.9426180124282837
63253.16197418431,1.9431610107421875
63253.22836895066,1.9431610107421875
63253.294763717015,1.9431610107421875
63253.36115848337,1.9437040090560913
63253.42755324972,1.9437040090560913
63253.493948016076,1.9453459978103638
63253.560342782424,1.945889949798584
63253.62673754878,1.9453459978103638
63253.69313231514,1.9453459978103638
63253.759527081485,1.9453459978103638
63253.82592184784,1.945889949798584
63253.89231661419,1.9453459978103638
63253.95871138055,1.945889949798584
63254.025106146895,1.945889949798584
63254.09150091325,1.945889949798584
63254.15789567961,1.945889949798584
63254.224290445956,1.945889949798584
63254.29068521231,1.9464340209960938
63254.35707997866,1.945889949798584
63254.42347474502,1.945889949798584
63254.48986951137,1.945889949798584
63254.55626427772,1.945889949798584
63254.62265904408,1.945889949798584
63254.68905381043,1.9447959661483765
63254.75544857678,1.9447959661483765
63254.82184334313,1.9442529678344727
63254.88823810949,1.9447959661483765
63254.954632875844,1.9442529678344727
63255.02102764219,1.9437040090560913
63255.08742240855,1.9431610107421875
63255.1538171749,1.9442529678344727
63255.220211941254,1.9437040090560913
63255.2866067076,1.9431610107421875
63255.35300147396,1.9453459978103638
63255.419396240315,1.9453459978103638
63255.485791006664,1.9442529678344727
63255.55218577302,1.9453459978103638
63255.61858053937,1.9453459978103638
63255.684975305725,1.9453459978103638
63255.75137007208,1.9447959661483765
63255.81776483843,1.9447959661483765
63255.884159604786,1.9453459978103638
63255.950554371135,1.9442529678344727
63256.01694913749,1.945889949798584
63256.08334390384,1.9431610107421875
63256.149738670196,1.9442529678344727
63256.21613343655,1.9453459978103638
63256.2825282029,1.9447959661483765
63256.34892296926,1.9437040090560913
63256.415317735606,1.9447959661483765
63256.48171250196,1.9442529678344727
63256.54810726831,1.9447959661483765
63256.61450203467,1.9453459978103638
63256.68089680102,1.945889949798584
63256.74729156737,1.9453459978103638
63256.81368633373,1.945889949798584
63256.88008110008,1.9453459978103638
63256.94647586643,1.9453459978103638
63257.01287063279,1.945889949798584
63257.07926539914,1.945889949798584
63257.14566016549,1.945889949798584
63257.21205493184,1.9453459978103638
63257.2784496982,1.945889949798584
63257.34484446455,1.945889949798584
63257.4112392309,1.945889949798584
63257.47763399726,1.945889949798584
63257.54402876361,1.945889949798584
63257.610423529964,1.9469850063323975
63257.67681829631,1.9469850063323975
63257.74321306267,1.9464340209960938
63257.80960782902,1.945889949798584
63257.876002595374,1.9464340209960938
63257.94239736173,1.9464340209960938
63258.00879212808,1.945889949798584
63258.075186894435,1.9464340209960938
63258.141581660784,1.9469850063323975
63258.20797642714,1.9475300312042236
63258.274371193496,1.94862699508667
63258.340765959845,1.94862699508667
63258.4071607262,1.94862699508667
63258.47355549255,1.94862699508667
63258.539950258906,1.94862699508667
63258.606345025255,1.9480810165405273
63258.67273979161,1.94862699508667
63258.73913455797,1.9480810165405273
63258.805529324316,1.94862699508667
63258.87192409067,1.94862699508667
63258.93831885702,1.9480810165405273
63259.00471362338,1.94862699508667
63259.071108389726,1.94862699508667
63259.13750315608,1.9480810165405273
63259.20389792244,1.9475300312042236
63259.27029268879,1.9475300312042236
63259.33668745514,1.9480810165405273
63259.40308222149,1.94862699508667
63259.46947698785,1.9480810165405273
63259.535871754204,1.94862699508667
63259.60226652055,1.9480810165405273
63259.66866128691,1.94862699508667
63259.73505605326,1.94862699508667
63259.801450819614,1.94862699508667
63259.86784558596,1.94862699508667
63259.93424035232,1.9475300312042236
63260.000635118675,1.9475300312042236
63260.067029885024,1.94862699508667
63260.13342465138,1.94862699508667
63260.19981941773,1.94862699508667
63260.266214184085,1.94862699508667
63260.33260895043,1.9491729736328125
63260.39900371679,1.9497250318527222
63260.465398483146,1.9497250318527222
63260.531793249495,1.9502710103988647
63260.59818801585,1.9497250318527222
63260.6645827822,1.9502710103988647
63260.730977548556,1.9502710103988647
63260.79737231491,1.9508240222930908
63260.86376708126,1.94862699508667
63260.93016184762,1.94862699508667
63260.996556613965,1.94862699508667
63261.06295138032,1.9497250318527222
63261.12934614667,1.9497250318527222
63261.19574091303,1.9502710103988647
63261.26213567938,1.9502710103988647
63261.32853044573,1.94862699508667
63261.39492521209,1.9508240222930908
63261.461319978436,1.9513709545135498
63261.52771474479,1.9513709545135498
63261.59410951115,1.9513709545135498
63261.6605042775,1.9513709545135498
63261.72689904385,1.9513709545135498
63261.7932938102,1.9513709545135498
63261.85968857656,1.9513709545135498
63261.92608334291,1.9513709545135498
63261.99247810926,1.9513709545135498
63262.05887287562,1.9513709545135498
63262.12526764197,1.9513709545135498
63262.191662408324,1.9513709545135498
63262.25805717467,1.9513709545135498
63262.32445194103,1.9513709545135498
63262.39084670738,1.9513709545135498
63262.457241473734,1.9513709545135498
63262.52363624009,1.9513709545135498
63262.59003100644,1.9513709545135498
63262.656425772795,1.9513709545135498
63262.722820539144,1.9513709545135498
63262.7892153055,1.9513709545135498
63262.855610071856,1.9513709545135498
63262.922004838205,1.9513709545135498
63262.98839960456,1.9513709545135498
63263.05479437091,1.9513709545135498
63263.121189137266,1.9519189596176147
63263.187583903615,1.9513709545135498
63263.25397866997,1.9519189596176147
63263.32037343633,1.9513709545135498
63263.386768202676,1.9513709545135498
63263.45316296903,1.9530199766159058
63263.51955773538,1.9524719715118408
63263.58595250174,1.9535750150680542
63263.652347268086,1.9530199766159058
63263.71874203444,1.9524719715118408
63263.7851368008,1.9541230201721191
63263.85153156715,1.9535750150680542
63263.9179263335,1.9535750150680542
63263.98432109985,1.9524719715118408
63264.05071586621,1.9541230201721191
63264.117110632564,1.9541230201721191
63264.18350539891,1.9541230201721191
63264.24990016527,1.9541230201721191
63264.31629493162,1.9541230201721191
63264.38268969797,1.9541230201721191
63264.44908446432,1.9541230201721191
63264.51547923068,1.9541230201721191
63264.581873997035,1.9546730518341064
63264.64826876338,1.9541230201721191
63264.71466352974,1.9541230201721191
63264.78105829609,1.9541230201721191
63264.847453062444,1.9541230201721191
63264.91384782879,1.9541230201721191
63264.98024259515,1.956333041191101
63265.046637361505,1.9557770490646362
63265.113032127854,1.9568840265274048
63265.17942689421,1.956333041191101
63265.24582166056,1.9568840265274048
63265.312216426915,1.956333041191101
63265.37861119327,1.9568840265274048
63265.44500595962,1.9568840265274048
63265.511400725976,1.9568840265274048
63265.577795492325,1.9568840265274048
63265.64419025868,1.9568840265274048
63265.71058502503,1.9568840265274048
63265.776979791386,1.9568840265274048
63265.84337455774,1.9568840265274048
63265.90976932409,1.9568840265274048
63265.97616409045,1.9568840265274048
63266.042558856796,1.9568840265274048
63266.10895362315,1.9568840265274048
63266.1753483895,1.9568840265274048
63266.24174315586,1.957434058189392
63266.30813792221,1.9579910039901733
63266.37453268856,1.958541989326477
63266.44092745492,1.9579910039901733
63266.50732222127,1.9579910039901733
63266.57371698762,1.9579910039901733
63266.64011175398,1.958541989326477
63266.70650652033,1.9590990543365479
63266.772901286684,1.9579910039901733
63266.83929605303,1.9590990543365479
63266.90569081939,1.959650993347168
63266.97208558574,1.959650993347168
63267.038480352094,1.959650993347168
63267.10487511845,1.9590990543365479
63267.1712698848,1.959650993347168
63267.237664651155,1.959650993347168
63267.3040594175,1.958541989326477
63267.37045418386,1.9590990543365479
63267.43684895021,1.959650993347168
63267.503243716565,1.9590990543365479
63267.56963848292,1.959650993347168
63267.63603324927,1.959650993347168
63267.702428015626,1.959650993347168
63267.768822781974,1.959650993347168
63267.83521754833,1.959650993347168
63267.90161231469,1.959650993347168
63267.968007081035,1.959650993347168
63268.03440184739,1.959650993347168
63268.10079661374,1.959650993347168
63268.1671913801,1.959650993347168
63268.233586146445,1.958541989326477
63268.2999809128,1.958541989326477
63268.36637567916,1.9590990543365479
63268.432770445506,1.959650993347168
63268.49916521186,1.958541989326477
63268.56555997821,1.958541989326477
63268.63195474457,1.957434058189392
63268.698349510916,1.957434058189392
63268.76474427727,1.9568840265274048
63268.83113904363,1.957434058189392
63268.89753380998,1.9568840265274048
63268.96392857633,1.9568840265274048
63269.03032334268,1.9568840265274048
63269.09671810904,1.956333041191101
63269.163112875394,1.956333041191101
63269.22950764174,1.956333041191101
63269.2959024081,1.9568840265274048
63269.36229717445,1.956333041191101
63269.428691940804,1.9546730518341064
63269.49508670715,1.956333041191101
63269.56148147351,1.9552279710769653
63269.627876239865,1.9557770490646362
63269.694271006214,1.956333041191101
63269.76066577257,1.9568840265274048
63269.82706053892,1.9568840265274048
63269.893455305275,1.9546730518341064
63269.959850071624,1.9557770490646362
63270.02624483798,1.9552279710769653
63270.092639604336,1.9557770490646362
63270.159034370685,1.9552279710769653
63270.22542913704,1.9552279710769653
63270.29182390339,1.9552279710769653
63270.358218669746,1.9541230201721191
63270.4246134361,1.9546730518341064
63270.49100820245,1.9546730518341064
63270.55740296881,1.9546730518341064
63270.623797735156,1.9546730518341064
63270.69019250151,1.9541230201721191
63270.75658726786,1.9541230201721191
63270.82298203422,1.9541230201721191
63270.88937680057,1.9541230201721191
63270.95577156692,1.9541230201721191
63271.02216633328,1.9541230201721191
63271.08856109963,1.9541230201721191
63271.15495586598,1.9541230201721191
63271.22135063234,1.9541230201721191
63271.28774539869,1.9541230201721191
63271.354140165044,1.9541230201721191
63271.42053493139,1.9541230201721191
63271.48692969775,1.9541230201721191
63271.5533244641,1.9541230201721191
63271.61971923045,1.9541230201721191
63271.68611399681,1.9541230201721191
63271.75250876316,1.9541230201721191
63271.818903529515,1.9541230201721191
63271.88529829586,1.9535750150680542
63271.95169306222,1.9541230201721191
63272.01808782857,1.9535750150680542
63272.084482594924,1.9541230201721191
63272.15087736128,1.9524719715118408
63272.21727212763,1.9535750150680542
63272.283666893985,1.9530199766159058
63272.350061660334,1.9524719715118408
63272.41645642669,1.9513709545135498
63272.48285119305,1.9524719715118408
63272.549245959395,1.9513709545135498
63272.61564072575,1.9513709545135498
63272.6820354921,1.9508240222930908
63272.748430258456,1.9513709545135498
63272.814825024805,1.9513709545135498
63272.88121979116,1.9508240222930908
63272.94761455752,1.9508240222930908
63273.014009323866,1.9508240222930908
63273.08040409022,1.9513709545135498
63273.14679885657,1.9513709545135498
63273.21319362293,1.9497250318527222
63273.279588389276,1.9502710103988647
63273.34598315563,1.9502710103988647
63273.41237792199,1.9491729736328125
63273.47877268834,1.94862699508667
63273.54516745469,1.9497250318527222
63273.61156222104,1.9502710103988647
63273.6779569874,1.9508240222930908
63273.744351753754,1.9508240222930908
63273.8107465201,1.9508240222930908
63273.87714128646,1.9513709545135498
63273.94353605281,1.9502710103988647
63274.009930819164,1.9513709545135498
63274.07632558551,1.9508240222930908
63274.14272035187,1.9513709545135498
63274.209115118225,1.9508240222930908
63274.275509884574,1.9513709545135498
63274.34190465093,1.9513709545135498
63274.40829941728,1.9513709545135498
63274.474694183635,1.9513709545135498
63274.54108894998,1.9508240222930908
63274.60748371634,1.9513709545135498
63274.673878482696,1.9513709545135498
63274.740273249045,1.9513709545135498
63274.8066680154,1.9513709545135498
63274.87306278175,1.9513709545135498
63274.939457548106,1.9513709545135498
63275.00585231446,1.9513709545135498
63275.07224708081,1.9513709545135498
63275.13864184717,1.9519189596176147
63275.205036613515,1.9519189596176147
63275.27143137987,1.9519189596176147
63275.33782614622,1.9513709545135498
63275.40422091258,1.9530199766159058
63275.47061567893,1.9530199766159058
63275.53701044528,1.9524719715118408
63275.60340521164,1.9541230201721191
63275.669799977986,1.9524719715118408
63275.73619474434,1.9541230201721191
63275.80258951069,1.9541230201721191
63275.86898427705,1.9541230201721191
63275.9353790434,1.9541230201721191
63276.00177380975,1.9541230201721191
63276.06816857611,1.9541230201721191
63276.13456334246,1.9541230201721191
63276.20095810881,1.9541230201721191
63276.26735287517,1.9541230201721191
63276.33374764152,1.9541230201721191
63276.400142407874,1.9541230201721191
63276.46653717422,1.9568840265274048
63276.53293194058,1.956333041191101
63276.59932670693,1.956333041191101
63276.665721473284,1.956333041191101
63276.73211623964,1.9557770490646362
63276.79851100599,1.9546730518341064
63276.864905772345,1.9546730518341064
63276.931300538694,1.9546730518341064
63276.99769530505,1.9541230201721191
63277.0640900714,1.9541230201721191
63277.130484837755,1.9541230201721191
63277.19687960411,1.9546730518341064
63277.26327437046,1.9541230201721191
63277.329669136816,1.9541230201721191
63277.396063903165,1.9546730518341064
63277.46245866952,1.9546730518341064
63277.52885343588,1.9541230201721191
63277.595248202226,1.9552279710769653
63277.66164296858,1.9552279710769653
63277.72803773493,1.9557770490646362
63277.79443250129,1.9552279710769653
63277.860827267636,1.9541230201721191
63277.92722203399,1.9546730518341064
63277.99361680035,1.9541230201721191
63278.0600115667,1.9541230201721191
63278.12640633305,1.9557770490646362
63278.1928010994,1.9546730518341064
63278.25919586576,1.9541230201721191
63278.325590632114,1.9546730518341064
63278.39198539846,1.956333041191101
63278.45838016482,1.9557770490646362
63278.52477493117,1.956333041191101
63278.59116969752,1.9552279710769653
63278.65756446387,1.9557770490646362
63278.72395923023,1.9552279710769653
63278.790353996585,1.9557770490646362
63278.85674876293,1.956333041191101
63278.92314352929,1.9568840265274048
63278.98953829564,1.9568840265274048
63279.055933061994,1.9552279710769653
63279.12232782834,1.9546730518341064
63279.1887225947,1.9552279710769653
63279.255117361055,1.9568840265274048
63279.321512127404,1.9557770490646362
63279.38790689376,1.956333041191101
63279.45430166011,1.9568840265274048
63279.520696426465,1.9568840265274048
63279.58709119282,1.9568840265274048
63279.65348595917,1.9568840265274048
63279.719880725526,1.9568840265274048
63279.786275491875,1.9568840265274048
63279.85267025823,1.9568840265274048
63279.91906502458,1.9568840265274048
63279.985459790936,1.9579910039901733
63280.05185455729,1.957434058189392
63280.11824932364,1.957434058189392
63280.18464409,1.957434058189392
63280.251038856346,1.958541989326477
63280.3174336227,1.959650993347168
63280.38382838905,1.957434058189392
63280.45022315541,1.9579910039901733
63280.51661792176,1.9590990543365479
63280.58301268811,1.959650993347168
63280.64940745447,1.959650993347168
63280.71580222082,1.9590990543365479
63280.78219698717,1.9590990543365479
63280.84859175353,1.959650993347168
63280.91498651988,1.959650993347168
63280.981381286234,1.9590990543365479
63281.04777605258,1.959650993347168
63281.11417081894,1.959650993347168
63281.18056558529,1.959650993347168
63281.246960351644,1.9607620239257812
63281.313355118,1.959650993347168
63281.37974988435,1.959650993347168
63281.446144650705,1.959650993347168
63281.51253941705,1.959650993347168
63281.57893418341,1.960204005241394
63281.64532894976,1.962427020072937
63281.711723716115,1.962427020072937
63281.77811848247,1.9613150358200073
63281.84451324882,1.9607620239257812
63281.910908015176,1.9613150358200073
63281.977302781524,1.9613150358200073
63282.04369754788,1.9607620239257812
63282.11009231424,1.9607620239257812
63282.176487080586,1.9613150358200073
63282.24288184694,1.9607620239257812
63282.30927661329,1.9613150358200073
63282.37567137965,1.9607620239257812
63282.442066145995,1.960204005241394
63282.50846091235,1.9607620239257812
63282.57485567871,1.960204005241394
63282.641250445056,1.9607620239257812
63282.70764521141,1.960204005241394
63282.77403997776,1.9613150358200073
63282.84043474412,1.9607620239257812
63282.906829510466,1.962427020072937
63282.97322427682,1.962427020072937
63283.03961904318,1.962427020072937
63283.10601380953,1.9618730545043945
63283.17240857588,1.9613150358200073
63283.23880334223,1.962427020072937
63283.30519810859,1.962427020072937
63283.371592874944,1.962427020072937
63283.43798764129,1.962427020072937
63283.50438240765,1.962427020072937
63283.570777174,1.962427020072937
63283.637171940354,1.962427020072937
63283.7035667067,1.962427020072937
63283.76996147306,1.962427020072937
63283.836356239415,1.9629809856414795
63283.902751005764,1.962427020072937
63283.96914577212,1.962427020072937
63284.03554053847,1.962427020072937
63284.101935304825,1.962427020072937
63284.168330071174,1.962427020072937
63284.23472483753,1.962427020072937
63284.301119603886,1.962427020072937
63284.367514370235,1.962427020072937
63284.43390913659,1.962427020072937
63284.50030390294,1.962427020072937
63284.566698669296,1.962427020072937
63284.63309343565,1.9646550416946411
63284.699488202,1.9629809856414795
63284.76588296836,1.963539958000183
63284.832277734706,1.962427020072937
63284.89867250106,1.9646550416946411
63284.96506726741,1.9640949964523315
63285.03146203377,1.9652099609375
63285.09785680012,1.9652099609375
63285.16425156647,1.9640949964523315
63285.23064633283,1.963539958000183
63285.29704109918,1.9629809856414795
63285.36343586553,1.9629809856414795
63285.42983063188,1.962427020072937
63285.49622539824,1.9629809856414795
63285.562620164594,1.962427020072937
63285.62901493094,1.962427020072937
63285.6954096973,1.962427020072937
63285.76180446365,1.962427020072937
63285.82819923,1.962427020072937
63285.89459399636,1.962427020072937
63285.96098876271,1.9618730545043945
63286.027383529065,1.9613150358200073
63286.09377829541,1.9613150358200073
63286.16017306177,1.960204005241394
63286.22656782812,1.959650993347168
63286.292962594474,1.959650993347168
63286.35935736083,1.959650993347168
63286.42575212718,1.959650993347168
63286.492146893535,1.959650993347168
63286.558541659884,1.959650993347168
63286.62493642624,1.959650993347168
63286.69133119259,1.959650993347168
63286.757725958945,1.959650993347168
63286.8241207253,1.9590990543365479
63286.89051549165,1.958541989326477
63286.956910258006,1.957434058189392
63287.023305024355,1.9568840265274048
63287.08969979071,1.9568840265274048
63287.15609455707,1.957434058189392
63287.222489323416,1.9568840265274048
63287.28888408977,1.957434058189392
63287.35527885612,1.9568840265274048
63287.42167362248,1.9568840265274048
63287.488068388826,1.9568840265274048
63287.55446315518,1.9568840265274048
63287.62085792154,1.956333041191101
63287.68725268789,1.9568840265274048
63287.75364745424,1.9557770490646362
63287.82004222059,1.9552279710769653
63287.88643698695,1.9546730518341064
63287.952831753304,1.9541230201721191
63288.01922651965,1.9541230201721191
63288.08562128601,1.9541230201721191
63288.15201605236,1.9541230201721191
63288.218410818714,1.9541230201721191
63288.28480558506,1.9541230201721191
63288.35120035142,1.9541230201721191
63288.417595117775,1.9535750150680542
63288.483989884124,1.9541230201721191
63288.55038465048,1.9535750150680542
63288.61677941683,1.9535750150680542
63288.683174183185,1.9535750150680542
63288.74956894953,1.9535750150680542
63288.81596371589,1.9541230201721191
63288.882358482246,1.9541230201721191
63288.948753248595,1.9535750150680542
63289.01514801495,1.9535750150680542
63289.0815427813,1.9541230201721191
63289.147937547656,1.9530199766159058
63289.21433231401,1.9524719715118408
63289.28072708036,1.9524719715118408
63289.34712184672,1.9530199766159058
63289.413516613065,1.9524719715118408
63289.47991137942,1.9524719715118408
63289.54630614577,1.9524719715118408
63289.61270091213,1.9530199766159058
63289.67909567848,1.9524719715118408
63289.74549044483,1.9519189596176147
63289.81188521119,1.9524719715118408
63289.878279977536,1.9530199766159058
63289.94467474389,1.9524719715118408
63290.01106951024,1.9513709545135498
63290.0774642766,1.9535750150680542
63290.14385904295,1.9535750150680542
63290.2102538093,1.9535750150680542
63290.27664857566,1.9524719715118408
63290.34304334201,1.9530199766159058
63290.40943810836,1.9524719715118408
63290.47583287472,1.9519189596176147
63290.54222764107,1.9524719715118408
63290.608622407424,1.9519189596176147
63290.67501717377,1.9530199766159058
63290.74141194013,1.9530199766159058
63290.80780670648,1.9524719715118408
63290.874201472834,1.9535750150680542
63290.94059623919,1.9541230201721191
63291.00699100554,1.9541230201721191
63291.073385771895,1.9541230201721191
63291.139780538244,1.9541230201721191
63291.2061753046,1.9541230201721191
63291.27257007095,1.9541230201721191
63291.338964837305,1.9546730518341064
63291.40535960366,1.9541230201721191
63291.47175437001,1.9546730518341064
63291.538149136366,1.9552279710769653
63291.604543902715,1.9541230201721191
63291.67093866907,1.956333041191101
63291.73733343543,1.9557770490646362
63291.803728201776,1.9546730518341064
63291.87012296813,1.9557770490646362
63291.93651773448,1.9557770490646362
63292.00291250084,1.956333041191101
63292.069307267186,1.9568840265274048
63292.13570203354,1.957434058189392
63292.2020967999,1.9568840265274048
63292.26849156625,1.9568840265274048
63292.3348863326,1.9568840265274048
63292.40128109895,1.9568840265274048
63292.46767586531,1.9568840265274048
63292.53407063166,1.9568840265274048
63292.60046539801,1.9568840265274048
63292.66686016437,1.9568840265274048
63292.73325493072,1.9568840265274048
63292.79964969707,1.9568840265274048
63292.86604446342,1.9568840265274048
63292.93243922978,1.9568840265274048
63292.998833996135,1.9590990543365479
63293.06522876248,1.958541989326477
63293.13162352884,1.959650993347168
63293.19801829519,1.9590990543365479
63293.264413061544,1.959650993347168
63293.33080782789,1.959650993347168
63293.39720259425,1.959650993347168
63293.463597360605,1.9590990543365479
63293.529992126954,1.959650993347168
63293.59638689331,1.959650993347168
63293.66278165966,1.9590990543365479
63293.729176426015,1.9590990543365479
63293.795571192364,1.9590990543365479
63293.86196595872,1.959650993347168
63293.928360725076,1.959650993347168
63293.994755491425,1.959650993347168
63294.06115025778,1.959650993347168
63294.12754502413,1.959650993347168
63294.193939790486,1.959650993347168
63294.26033455684,1.9590990543365479
63294.32672932319,1.959650993347168
63294.39312408955,1.959650993347168
63294.459518855896,1.9590990543365479
63294.52591362225,1.9590990543365479
63294.5923083886,1.957434058189392
63294.65870315496,1.9579910039901733
63294.72509792131,1.958541989326477
63294.79149268766,1.9579910039901733
63294.85788745402,1.958541989326477
63294.92428222037,1.9579910039901733
63294.99067698672,1.957434058189392
63295.05707175308,1.957434058189392
63295.12346651943,1.9568840265274048
63295.189861285784,1.9568840265274048
63295.25625605213,1.9568840265274048
63295.32265081849,1.9568840265274048
63295.38904558484,1.957434058189392
63295.455440351194,1.9568840265274048
63295.52183511755,1.9579910039901733
63295.5882298839,1.9579910039901733
63295.654624650255,1.957434058189392
63295.721019416604,1.9579910039901733
63295.78741418296,1.957434058189392
63295.85380894931,1.9568840265274048
63295.920203715665,1.9568840265274048
63295.98659848202,1.9568840265274048
63296.05299324837,1.956333041191101
63296.119388014726,1.956333041191101
63296.185782781075,1.956333041191101
63296.25217754743,1.956333041191101
63296.31857231379,1.9568840265274048
63296.384967080136,1.9568840265274048
63296.45136184649,1.9546730518341064
63296.51775661284,1.956333041191101
63296.5841513792,1.9552279710769653
63296.650546145545,1.9541230201721191
63296.7169409119,1.9557770490646362
63296.78333567826,1.9541230201721191
63296.84973044461,1.9541230201721191
63296.91612521096,1.9546730518341064
63296.98251997731,1.9541230201721191
63297.04891474367,1.9541230201721191
63297.115309510016,1.9541230201721191
63297.18170427637,1.9541230201721191
63297.24809904273,1.9541230201721191
63297.31449380908,1.9541230201721191
63297.38088857543,1.9535750150680542
63297.44728334178,1.9541230201721191
63297.51367810814,1.9541230201721191
63297.580072874494,1.9535750150680542
63297.64646764084,1.9519189596176147
63297.7128624072,1.9524719715118408
63297.77925717355,1.9524719715118408
63297.845651939904,1.9524719715118408
63297.91204670625,1.9530199766159058
63297.97844147261,1.9530199766159058
63298.044836238965,1.9530199766159058
63298.111231005314,1.9513709545135498
63298.17762577167,1.9524719715118408
63298.24402053802,1.9513709545135498
63298.310415304375,1.9530199766159058
63298.376810070724,1.9530199766159058
63298.44320483708,1.9519189596176147
63298.509599603436,1.9535750150680542
63298.575994369785,1.9535750150680542
63298.64238913614,1.9535750150680542
63298.70878390249,1.9541230201721191
63298.775178668846,1.9541230201721191
63298.8415734352,1.9541230201721191
63298.90796820155,1.9546730518341064
63298.97436296791,1.9541230201721191
63299.040757734256,1.9541230201721191
63299.10715250061,1.9541230201721191
63299.17354726696,1.9541230201721191
63299.23994203332,1.9541230201721191
63299.30633679967,1.9541230201721191
63299.37273156602,1.9541230201721191
63299.43912633238,1.9541230201721191
63299.50552109873,1.9541230201721191
63299.57191586508,1.9552279710769653
63299.63831063143,1.9557770490646362
63299.70470539779,1.9541230201721191
63299.771100164144,1.9546730518341064
63299.83749493049,1.9541230201721191
63299.90388969685,1.9541230201721191
63299.9702844632,1.9546730518341064
63300.03667922955,1.9546730518341064
63300.10307399591,1.9541230201721191
63300.16946876226,1.9541230201721191
63300.235863528615,1.9541230201721191
63300.30225829496,1.9546730518341064
63300.36865306132,1.9552279710769653
63300.43504782767,1.9552279710769653
63300.501442594024,1.9557770490646362
63300.56783736038,1.9568840265274048
63300.63423212673,1.9568840265274048
63300.700626893085,1.9557770490646362
63300.767021659434,1.956333041191101
63300.83341642579,1.9557770490646362
63300.89981119214,1.956333041191101
63300.966205958495,1.9568840265274048
63301.03260072485,1.9568840265274048
63301.0989954912,1.9568840265274048
63301.165390257556,1.9568840265274048
63301.231785023905,1.9568840265274048
63301.29817979026,1.9568840265274048
63301.36457455662,1.9568840265274048
63301.430969322966,1.956333041191101
63301.49736408932,1.9557770490646362
63301.56375885567,1.956333041191101
63301.63015362203,1.9552279710769653
63301.696548388376,1.9552279710769653
63301.76294315473,1.9541230201721191
63301.82933792109,1.9541230201721191
63301.89573268744,1.9541230201721191
63301.96212745379,1.9541230201721191
63302.02852222014,1.9541230201721191
63302.0949169865,1.9530199766159058
63302.16131175285,1.9541230201721191
63302.2277065192,1.9541230201721191
63302.29410128556,1.9535750150680542
63302.36049605191,1.9519189596176147
63302.426890818264,1.9524719715118408
63302.49328558461,1.9524719715118408
63302.55968035097,1.9519189596176147
63302.626075117325,1.9519189596176147
63302.692469883674,1.9519189596176147
63302.75886465003,1.9519189596176147
63302.82525941638,1.9513709545135498
63302.891654182735,1.9513709545135498
63302.95804894908,1.9513709545135498
63303.02444371544,1.9513709545135498
63303.090838481796,1.9508240222930908
63303.157233248145,1.9508240222930908
63303.2236280145,1.9508240222930908
63303.29002278085,1.9497250318527222
63303.356417547206,1.9497250318527222
63303.422812313554,1.94862699508667
63303.48920707991,1.94862699508667
63303.55560184627,1.94862699508667
63303.621996612615,1.94862699508667
63303.68839137897,1.94862699508667
63303.75478614532,1.94862699508667
63303.82118091168,1.94862699508667
63303.88757567803,1.94862699508667
63303.95397044438,1.94862699508667
63304.02036521074,1.94862699508667
63304.086759977086,1.9480810165405273
63304.15315474344,1.9480810165405273
63304.21954950979,1.9480810165405273
63304.28594427615,1.9480810165405273
63304.3523390425,1.9464340209960938
63304.41873380885,1.945889949798584
63304.48512857521,1.9475300312042236
63304.55152334156,1.9480810165405273
63304.61791810791,1.9475300312042236
63304.68431287427,1.9475300312042236
63304.75070764062,1.9464340209960938
63304.817102406974,1.945889949798584
63304.88349717332,1.945889949798584
63304.94989193968,1.945889949798584
63305.01628670603,1.945889949798584
63305.082681472384,1.945889949798584
63305.14907623874,1.945889949798584
63305.21547100509,1.945889949798584
63305.281865771445,1.9453459978103638
63305.348260537794,1.945889949798584
63305.41465530415,1.945889949798584
63305.4810500705,1.945889949798584
63305.547444836855,1.945889949798584
63305.61383960321,1.9453459978103638
63305.68023436956,1.945889949798584
63305.746629135916,1.9453459978103638
63305.813023902265,1.945889949798584
63305.87941866862,1.945889949798584
63305.94581343498,1.945889949798584
63306.012208201326,1.945889949798584
63306.07860296768,1.9447959661483765
63306.14499773403,1.9453459978103638
63306.21139250039,1.9453459978103638
63306.277787266736,1.945889949798584
63306.34418203309,1.945889949798584
63306.41057679945,1.945889949798584
63306.4769715658,1.945889949798584
63306.54336633215,1.9453459978103638
63306.6097610985,1.9453459978103638
63306.67615586486,1.945889949798584
63306.74255063121,1.9447959661483765
63306.80894539756,1.9447959661483765
63306.87534016392,1.945889949798584
63306.94173493027,1.9453459978103638
63307.008129696624,1.9453459978103638
63307.07452446297,1.9447959661483765
63307.14091922933,1.9442529678344727
63307.207313995685,1.9442529678344727
63307.27370876203,1.9447959661483765
63307.34010352839,1.945889949798584
63307.40649829474,1.9453459978103638
63307.472893061095,1.9447959661483765
63307.53928782744,1.9437040090560913
63307.6056825938,1.9453459978103638
63307.672077360156,1.9453459978103638
63307.738472126504,1.9431610107421875
63307.80486689286,1.9437040090560913
63307.87126165921,1.9431610107421875
63307.937656425565,1.9431610107421875
63308.004051191914,1.9442529678344727
63308.07044595827,1.9431610107421875
63308.13684072463,1.9431610107421875
63308.203235490975,1.9431610107421875
63308.26963025733,1.9431610107421875
63308.33602502368,1.9437040090560913
63308.402419790036,1.9431610107421875
63308.46881455639,1.9431610107421875
63308.53520932274,1.9437040090560913
63308.6016040891,1.9437040090560913
63308.667998855446,1.9431610107421875
63308.7343936218,1.9431610107421875
63308.80078838815,1.9431610107421875
63308.86718315451,1.9431610107421875
63308.93357792086,1.9431610107421875
63308.99997268721,1.9431610107421875
63309.06636745357,1.9431610107421875
63309.13276221992,1.9431610107421875
63309.19915698627,1.9431610107421875
63309.26555175262,1.9431610107421875
63309.33194651898,1.9431610107421875
63309.398341285334,1.9431610107421875
63309.46473605168,1.9431610107421875
63309.53113081804,1.9431610107421875
63309.59752558439,1.9431610107421875
63309.663920350744,1.9431610107421875
63309.7303151171,1.9431610107421875
63309.79670988345,1.9431610107421875
63309.863104649805,1.9431610107421875
63309.929499416154,1.9426180124282837
63309.99589418251,1.9420700073242188
63310.06228894886,1.9415279626846313
63310.128683715215,1.9420700073242188
63310.19507848157,1.9426180124282837
63310.26147324792,1.9431610107421875
63310.327868014276,1.9420700073242188
63310.394262780625,1.9431610107421875
63310.46065754698,1.940438985824585
63310.52705231333,1.940438985824585
63310.593447079686,1.9420700073242188
63310.65984184604,1.9415279626846313
63310.72623661239,1.940438985824585
63310.79263137875,1.9409810304641724
63310.859026145095,1.940438985824585
63310.92542091145,1.9409810304641724
63310.99181567781,1.940438985824585
63311.05821044416,1.940438985824585
63311.12460521051,1.940438985824585
63311.19099997686,1.9415279626846313
63311.25739474322,1.9415279626846313
63311.323789509566,1.940438985824585
63311.39018427592,1.9420700073242188
63311.45657904228,1.9415279626846313
63311.52297380863,1.9409810304641724
63311.58936857498,1.9409810304641724
63311.65576334133,1.940438985824585
63311.72215810769,1.940438985824585
63311.788552874044,1.940438985824585
63311.85494764039,1.940438985824585
63311.92134240675,1.940438985824585
63311.9877371731,1.9415279626846313
63312.054131939454,1.9415279626846313
63312.1205267058,1.940438985824585
63312.18692147216,1.9415279626846313
63312.253316238515,1.940438985824585
63312.319711004864,1.9409810304641724
63312.38610577122,1.9409810304641724
63312.45250053757,1.9409810304641724
63312.518895303925,1.9426180124282837
63312.585290070274,1.9420700073242188
63312.65168483663,1.9415279626846313
63312.718079602986,1.9420700073242188
63312.784474369335,1.9420700073242188
63312.85086913569,1.940438985824585
63312.91726390204,1.940438985824585
63312.983658668396,1.9409810304641724
63313.05005343475,1.9409810304641724
63313.1164482011,1.940438985824585
63313.18284296746,1.9409810304641724
63313.249237733806,1.940438985824585
63313.31563250016,1.940438985824585
63313.38202726651,1.9409810304641724
63313.44842203287,1.940438985824585
63313.51481679922,1.9409810304641724
63313.58121156557,1.9409810304641724
63313.64760633193,1.940438985824585
63313.71400109828,1.940438985824585
63313.78039586463,1.940438985824585
63313.84679063098,1.9409810304641724
63313.91318539734,1.940438985824585
63313.979580163694,1.9415279626846313
63314.04597493004,1.9426180124282837
63314.1123696964,1.9426180124282837
63314.17876446275,1.9426180124282837
63314.2451592291,1.9426180124282837
63314.31155399546,1.9426180124282837
63314.37794876181,1.9426180124282837
63314.444343528165,1.9426180124282837
63314.51073829451,1.9431610107421875
63314.57713306087,1.9431610107421875
63314.64352782722,1.9431610107421875
63314.709922593574,1.9431610107421875
63314.77631735993,1.9431610107421875
63314.84271212628,1.9431610107421875
63314.909106892635,1.9431610107421875
63314.975501658984,1.9431610107421875
63315.04189642534,1.9431610107421875
63315.10829119169,1.9437040090560913
63315.174685958045,1.9437040090560913
63315.2410807244,1.9431610107421875
63315.30747549075,1.9431610107421875
63315.373870257106,1.9431610107421875
63315.440265023455,1.9431610107421875
63315.50665978981,1.9431610107421875
63315.57305455617,1.9431610107421875
63315.639449322516,1.9431610107421875
63315.70584408887,1.9431610107421875
63315.77223885522,1.9431610107421875
63315.83863362158,1.9431610107421875
63315.905028387926,1.9431610107421875
63315.97142315428,1.9431610107421875
63316.03781792064,1.9431610107421875
63316.10421268699,1.9431610107421875
63316.17060745334,1.9431610107421875
63316.23700221969,1.9426180124282837
63316.30339698605,1.9426180124282837
63316.3697917524,1.9420700073242188
63316.43618651875,1.9426180124282837
63316.50258128511,1.9426180124282837
63316.56897605146,1.9409810304641724
63316.635370817814,1.9409810304641724
63316.70176558416,1.940438985824585
63316.76816035052,1.9409810304641724
63316.834555116875,1.940438985824585
63316.900949883224,1.9409810304641724
63316.96734464958,1.9409810304641724
63317.03373941593,1.940438985824585
63317.100134182285,1.940438985824585
63317.166528948634,1.940438985824585
63317.23292371499,1.940438985824585
63317.299318481346,1.940438985824585
63317.365713247695,1.940438985824585
63317.43210801405,1.940438985824585
63317.4985027804,1.940438985824585
63317.564897546756,1.940438985824585
63317.631292313104,1.9398980140686035
63317.69768707946,1.940438985824585
63317.76408184582,1.9398980140686035
63317.830476612166,1.9382649660110474
63317.89687137852,1.93881094455719
63317.96326614487,1.93881094455719
63318.02966091123,1.9377249479293823
63318.09605567758,1.93881094455719
63318.16245044393,1.93881094455719
63318.22884521029,1.9382649660110474
63318.29523997664,1.9377249479293823
63318.36163474299,1.9377249479293823
63318.42802950934,1.9377249479293823
63318.4944242757,1.9377249479293823
63318.56081904205,1.9377249479293823
63318.6272138084,1.9377249479293823
63318.69360857476,1.9377249479293823
63318.76000334111,1.9377249479293823
63318.82639810746,1.9377249479293823
63318.89279287381,1.9377249479293823
63318.95918764017,1.9377249479293823
63319.025582406524,1.9377249479293823
63319.09197717287,1.9377249479293823
63319.15837193923,1.9377249479293823
63319.22476670558,1.9377249479293823
63319.291161471934,1.9377249479293823
63319.35755623829,1.9382649660110474
63319.42395100464,1.9377249479293823
63319.490345770995,1.9377249479293823
63319.556740537344,1.9377249479293823
63319.6231353037,1.9377249479293823
63319.68953007005,1.9371860027313232
63319.755924836405,1.9371860027313232
63319.82231960276,1.9371860027313232
63319.88871436911,1.936102032661438
63319.955109135466,1.9377249479293823
63320.021503901815,1.9377249479293823
63320.08789866817,1.9377249479293823
63320.15429343452,1.9377249479293823
63320.220688200876,1.9377249479293823
63320.28708296723,1.93881094455719
63320.35347773358,1.9382649660110474
63320.41987249994,1.9382649660110474
63320.486267266286,1.93881094455719
63320.55266203264,1.9382649660110474
63320.619056799,1.93881094455719
63320.68545156535,1.940438985824585
63320.7518463317,1.940438985824585
63320.81824109805,1.940438985824585
63320.88463586441,1.940438985824585
63320.95103063076,1.940438985824585
63321.01742539711,1.940438985824585
63321.08382016347,1.940438985824585
63321.15021492982,1.940438985824585
63321.216609696174,1.940438985824585
63321.28300446252,1.940438985824585
63321.34939922888,1.940438985824585
63321.415793995235,1.9409810304641724
63321.48218876158,1.940438985824585
63321.54858352794,1.940438985824585
63321.61497829429,1.940438985824585
63321.681373060645,1.940438985824585
63321.74776782699,1.940438985824585
63321.81416259335,1.940438985824585
63321.880557359706,1.940438985824585
63321.946952126054,1.940438985824585
63322.01334689241,1.940438985824585
63322.07974165876,1.940438985824585
63322.146136425115,1.940438985824585
63322.212531191464,1.9398980140686035
63322.27892595782,1.940438985824585
63322.34532072418,1.940438985824585
63322.411715490525,1.940438985824585
63322.47811025688,1.940438985824585
63322.54450502323,1.940438985824585
63322.610899789586,1.940438985824585
63322.67729455594,1.940438985824585
63322.74368932229,1.940438985824585
63322.81008408865,1.940438985824585
63322.876478854996,1.940438985824585
63322.94287362135,1.9415279626846313
63323.0092683877,1.940438985824585
63323.07566315406,1.940438985824585
63323.14205792041,1.9409810304641724
63323.20845268676,1.940438985824585
63323.27484745312,1.940438985824585
63323.34124221947,1.9409810304641724
63323.40763698582,1.940438985824585
63323.47403175217,1.9409810304641724
63323.54042651853,1.940438985824585
63323.606821284884,1.940438985824585
63323.67321605123,1.9409810304641724
63323.73961081759,1.940438985824585
63323.80600558394,1.940438985824585
63323.872400350294,1.940438985824585
63323.93879511665,1.940438985824585
63324.005189883,1.940438985824585
63324.071584649355,1.940438985824585
63324.137979415704,1.940438985824585
63324.20437418206,1.940438985824585
63324.27076894841,1.940438985824585
63324.337163714765,1.9398980140686035
63324.40355848112,1.940438985824585
63324.46995324747,1.940438985824585
63324.536348013826,1.940438985824585
63324.602742780175,1.940438985824585
63324.66913754653,1.940438985824585
63324.73553231288,1.940438985824585
63324.801927079236,1.940438985824585
63324.86832184559,1.940438985824585
63324.93471661194,1.9398980140686035
63325.0011113783,1.940438985824585
63325.067506144645,1.940438985824585
63325.133900911,1.940438985824585
63325.20029567736,1.940438985824585
63325.26669044371,1.9409810304641724
63325.33308521006,1.940438985824585
63325.39947997641,1.9409810304641724
63325.46587474277,1.940438985824585
63325.532269509116,1.940438985824585
63325.59866427547,1.940438985824585
63325.66505904183,1.940438985824585
63325.73145380818,1.940438985824585
63325.79784857453,1.940438985824585
63325.86424334088,1.940438985824585
63325.93063810724,1.940438985824585
63325.99703287359,1.940438985824585
63326.06342763994,1.940438985824585
63326.1298224063,1.940438985824585
63326.19621717265,1.9415279626846313
63326.262611939004,1.940438985824585
63326.32900670535,1.940438985824585
63326.39540147171,1.940438985824585
63326.461796238065,1.940438985824585
63326.528191004414,1.940438985824585
63326.59458577077,1.9420700073242188
63326.66098053712,1.940438985824585
63326.727375303475,1.940438985824585
63326.793770069824,1.940438985824585
63326.86016483618,1.940438985824585
63326.926559602536,1.9409810304641724
63326.992954368885,1.9409810304641724
63327.05934913524,1.9420700073242188
63327.12574390159,1.9415279626846313
63327.192138667946,1.9415279626846313
63327.258533434295,1.9420700073242188
63327.32492820065,1.9431610107421875
63327.39132296701,1.9415279626846313
63327.457717733356,1.9415279626846313
63327.52411249971,1.9431610107421875
63327.59050726606,1.9431610107421875
63327.65690203242,1.9431610107421875
63327.72329679877,1.9431610107421875
63327.78969156512,1.9426180124282837
63327.85608633148,1.9426180124282837
63327.92248109783,1.9431610107421875
63327.98887586418,1.9420700073242188
63328.05527063053,1.9426180124282837
63328.12166539689,1.9409810304641724
63328.188060163244,1.9409810304641724
63328.25445492959,1.940438985824585
63328.32084969595,1.9415279626846313
63328.3872444623,1.9409810304641724
63328.45363922865,1.9415279626846313
63328.52003399501,1.9409810304641724
63328.58642876136,1.9409810304641724
63328.652823527715,1.9409810304641724
63328.71921829406,1.940438985824585
63328.78561306042,1.940438985824585
63328.85200782677,1.9398980140686035
63328.918402593124,1.940438985824585
63328.98479735948,1.940438985824585
63329.05119212583,1.940438985824585
63329.117586892185,1.940438985824585
63329.183981658534,1.940438985824585
63329.25037642489,1.940438985824585
63329.31677119124,1.940438985824585
63329.383165957595,1.940438985824585
63329.44956072395,1.940438985824585
63329.5159554903,1.940438985824585
63329.582350256656,1.940438985824585
63329.648745023005,1.940438985824585
63329.71513978936,1.940438985824585
63329.78153455572,1.940438985824585
63329.847929322066,1.940438985824585
63329.91432408842,1.940438985824585
63329.98071885477,1.940438985824585
63330.04711362113,1.940438985824585
63330.113508387476,1.940438985824585
63330.17990315383,1.940438985824585
63330.24629792019,1.940438985824585
63330.31269268654,1.940438985824585
63330.37908745289,1.940438985824585
63330.44548221924,1.940438985824585
63330.5118769856,1.940438985824585
63330.57827175195,1.940438985824585
63330.6446665183,1.940438985824585
63330.71106128466,1.940438985824585
63330.77745605101,1.93881094455719
63330.843850817364,1.939352035522461
63330.91024558371,1.940438985824585
63330.97664035007,1.940438985824585
63331.043035116425,1.9398980140686035
63331.109429882774,1.9377249479293823
63331.17582464913,1.93881094455719
63331.24221941548,1.93881094455719
63331.308614181835,1.940438985824585
63331.375008948184,1.939352035522461
63331.44140371454,1.9377249479293823
63331.507798480896,1.9377249479293823
63331.574193247245,1.9382649660110474
63331.6405880136,1.9382649660110474
63331.70698277995,1.9377249479293823
63331.773377546306,1.9377249479293823
63331.839772312655,1.9377249479293823
63331.90616707901,1.9377249479293823
63331.97256184537,1.9377249479293823
63332.038956611716,1.9371860027313232
63332.10535137807,1.9371860027313232
63332.17174614442,1.9371860027313232
63332.23814091078,1.9377249479293823
63332.30453567713,1.936640977859497
63332.37093044348,1.9371860027313232
63332.43732520984,1.9377249479293823
63332.50371997619,1.9371860027313232
63332.57011474254,1.9371860027313232
63332.63650950889,1.9371860027313232
63332.70290427525,1.9377249479293823
63332.7692990416,1.9377249479293823
63332.83569380795,1.9377249479293823
63332.90208857431,1.936640977859497
63332.96848334066,1.9377249479293823
63333.03487810701,1.9377249479293823
63333.10127287336,1.9377249479293823
63333.16766763972,1.9377249479293823
63333.234062406074,1.9377249479293823
63333.30045717242,1.9377249479293823
63333.36685193878,1.9377249479293823
63333.43324670513,1.9377249479293823
63333.499641471484,1.9377249479293823
63333.56603623784,1.9377249479293823
63333.63243100419,1.9377249479293823
63333.698825770545,1.9377249479293823
63333.765220536894,1.9377249479293823
63333.83161530325,1.9377249479293823
63333.8980100696,1.9377249479293823
63333.964404835955,1.9377249479293823
63334.03079960231,1.9382649660110474
63334.09719436866,1.9382649660110474
63334.163589135016,1.9377249479293823
63334.229983901365,1.9382649660110474
63334.29637866772,1.9377249479293823
63334.36277343407,1.9377249479293823
63334.429168200426,1.9377249479293823
63334.49556296678,1.9377249479293823
63334.56195773313,1.9377249479293823
63334.62835249949,1.9377249479293823
63334.694747265836,1.9377249479293823
63334.76114203219,1.9377249479293823
63334.82753679855,1.9377249479293823
63334.8939315649,1.9377249479293823
63334.96032633125,1.9377249479293823
63335.0267210976,1.9377249479293823
63335.09311586396,1.9377249479293823
63335.15951063031,1.9382649660110474
63335.22590539666,1.9382649660110474
63335.29230016302,1.9377249479293823
63335.35869492937,1.9377249479293823
63335.425089695724,1.9377249479293823
63335.49148446207,1.9377249479293823
63335.55787922843,1.9377249479293823
63335.62427399478,1.9377249479293823
63335.69066876113,1.9377249479293823
63335.75706352749,1.9377249479293823
63335.82345829384,1.9377249479293823
63335.889853060195,1.9377249479293823
63335.95624782654,1.9377249479293823
63336.0226425929,1.9377249479293823
63336.089037359256,1.9371860027313232
63336.155432125604,1.9371860027313232
63336.22182689196,1.9377249479293823
63336.28822165831,1.9377249479293823
63336.354616424665,1.9371860027313232
63336.421011191014,1.9355579614639282
63336.48740595737,1.936102032661438
63336.55380072373,1.9355579614639282
63336.620195490075,1.9355579614639282
63336.68659025643,1.9350190162658691
63336.75298502278,1.9371860027313232
63336.819379789136,1.9350190162658691
63336.885774555485,1.936102032661438
63336.95216932184,1.9350190162658691
63337.0185640882,1.9355579614639282
63337.084958854546,1.9355579614639282
63337.1513536209,1.9350190162658691
63337.21774838725,1.936640977859497
63337.28414315361,1.936102032661438
63337.35053791996,1.9355579614639282
63337.41693268631,1.936640977859497
63337.48332745267,1.936102032661438
63337.54972221902,1.9350190162658691
63337.61611698537,1.936102032661438
63337.68251175172,1.9377249479293823
63337.74890651808,1.936102032661438
63337.815301284434,1.936102032661438
63337.88169605078,1.9350190162658691
63337.94809081714,1.9350190162658691
63338.01448558349,1.9350190162658691
63338.080880349844,1.9350190162658691
63338.1472751162,1.9350190162658691
63338.21366988255,1.9339380264282227
63338.280064648905,1.93340003490448
63338.346459415254,1.9328570365905762
63338.41285418161,1.93340003490448
63338.47924894796,1.93231999874115
63338.545643714315,1.93231999874115
63338.61203848067,1.93231999874115
63338.67843324702,1.9328570365905762
63338.744828013376,1.93231999874115
63338.811222779725,1.93231999874115
63338.87761754608,1.9350190162658691
63338.94401231243,1.9344810247421265
63339.010407078786,1.9350190162658691
63339.07680184514,1.9350190162658691
63339.14319661149,1.9350190162658691
63339.20959137785,1.9350190162658691
63339.275986144195,1.9339380264282227
63339.34238091055,1.9339380264282227
63339.40877567691,1.9344810247421265
63339.47517044326,1.93340003490448
63339.54156520961,1.9339380264282227
63339.60795997596,1.9339380264282227
63339.67435474232,1.9328570365905762
63339.740749508666,1.9350190162658691
63339.80714427502,1.9344810247421265
63339.87353904138,1.9344810247421265
63339.93993380773,1.9339380264282227
63340.00632857408,1.9339380264282227
63340.07272334043,1.9344810247421265
63340.13911810679,1.9350190162658691
63340.20551287314,1.9344810247421265
63340.27190763949,1.9350190162658691
63340.33830240585,1.9339380264282227
63340.4046971722,1.9350190162658691
63340.471091938554,1.9339380264282227
63340.5374867049,1.9350190162658691
63340.60388147126,1.9350190162658691
63340.670276237615,1.9350190162658691
63340.736671003964,1.9350190162658691
63340.80306577032,1.9344810247421265
63340.86946053667,1.9328570365905762
63340.935855303025,1.93231999874115
63341.002250069374,1.9328570365905762
63341.06864483573,1.9328570365905762
63341.135039602086,1.9328570365905762
63341.201434368435,1.9339380264282227
63341.26782913479,1.9339380264282227
63341.33422390114,1.9339380264282227
63341.400618667496,1.9350190162658691
63341.467013433845,1.9344810247421265
63341.5334082002,1.9339380264282227
63341.59980296656,1.93340003490448
63341.666197732906,1.93340003490448
63341.73259249926,1.93340003490448
63341.79898726561,1.9344810247421265
63341.86538203197,1.9350190162658691
63341.93177679832,1.9350190162658691
63341.99817156467,1.9344810247421265
63342.06456633103,1.9350190162658691
63342.13096109738,1.9350190162658691
63342.19735586373,1.9350190162658691
63342.26375063008,1.9350190162658691
63342.33014539644,1.9350190162658691
63342.396540162794,1.9344810247421265
63342.46293492914,1.9350190162658691
63342.5293296955,1.9350190162658691
63342.59572446185,1.9350190162658691
63342.662119228204,1.9350190162658691
63342.72851399455,1.9350190162658691
63342.79490876091,1.9350190162658691
63342.861303527265,1.9350190162658691
63342.92769829361,1.9350190162658691
63342.99409305997,1.9350190162658691
63343.06048782632,1.9350190162658691
63343.126882592675,1.9350190162658691
63343.19327735903,1.9350190162658691
63343.25967212538,1.9350190162658691
63343.326066891736,1.9350190162658691
63343.392461658084,1.9350190162658691
63343.45885642444,1.9350190162658691
63343.52525119079,1.9350190162658691
63343.591645957145,1.9350190162658691
63343.6580407235,1.9350190162658691
63343.72443548985,1.9350190162658691
63343.79083025621,1.93340003490448
63343.857225022555,1.9344810247421265
63343.92361978891,1.9344810247421265
63343.99001455526,1.9350190162658691
63344.056409321616,1.9350190162658691
63344.12280408797,1.9344810247421265
63344.18919885432,1.93340003490448
63344.25559362068,1.9339380264282227
63344.321988387026,1.9328570365905762
63344.38838315338,1.9328570365905762
63344.45477791974,1.93231999874115
63344.52117268609,1.93231999874115
63344.58756745244,1.93231999874115
63344.65396221879,1.93231999874115
63344.72035698515,1.9317840337753296
63344.7867517515,1.93231999874115
63344.85314651785,1.93231999874115
63344.91954128421,1.93231999874115
63344.98593605056,1.93231999874115
63345.052330816914,1.9307060241699219
63345.11872558326,1.93231999874115
63345.18512034962,1.9317840337753296
63345.251515115975,1.93231999874115
63345.317909882324,1.9317840337753296
63345.38430464868,1.9301650524139404
63345.45069941503,1.9317840337753296
63345.517094181385,1.9312419891357422
63345.583488947734,1.9312419891357422
63345.64988371409,1.93231999874115
63345.716278480446,1.9307060241699219
63345.782673246795,1.9301650524139404
63345.84906801315,1.9307060241699219
63345.9154627795,1.9317840337753296
63345.981857545856,1.9301650524139404
63346.048252312205,1.9301650524139404
63346.11464707856,1.9296289682388306
63346.18104184492,1.9296289682388306
63346.247436611266,1.9296289682388306
63346.31383137762,1.9301650524139404
63346.38022614397,1.9301650524139404
63346.44662091033,1.9301650524139404
63346.51301567668,1.9301650524139404
63346.57941044303,1.9296289682388306
63346.64580520939,1.9296289682388306
63346.71219997574,1.9296289682388306
63346.77859474209,1.9296289682388306
63346.84498950844,1.9296289682388306
63346.9113842748,1.9296289682388306
63346.97777904115,1.9296289682388306
63347.0441738075,1.9296289682388306
63347.11056857386,1.9296289682388306
63347.17696334021,1.9296289682388306
63347.24335810656,1.9296289682388306
63347.30975287291,1.9296289682388306
63347.37614763927,1.9296289682388306
63347.442542405624,1.9290939569473267
63347.50893717197,1.9290939569473267
63347.57533193833,1.9290939569473267
63347.64172670468,1.9280190467834473
63347.708121471034,1.9274790287017822
63347.77451623739,1.9274790287017822
63347.84091100374,1.9280190467834473
63347.907305770095,1.9274790287017822
63347.973700536444,1.9269449710845947
63348.0400953028,1.9269449710845947
63348.10649006915,1.9269449710845947
63348.172884835505,1.9269449710845947
63348.23927960186,1.9269449710845947
63348.30567436821,1.9264119863510132
63348.372069134566,1.9269449710845947
63348.438463900915,1.9269449710845947
63348.50485866727,1.9269449710845947
63348.57125343362,1.9269449710845947
63348.637648199976,1.9269449710845947
63348.70404296633,1.9274790287017822
63348.77043773268,1.9269449710845947
63348.83683249904,1.9269449710845947
63348.903227265386,1.9269449710845947
63348.96962203174,1.9269449710845947
63349.0360167981,1.9269449710845947
63349.10241156445,1.9264119863510132
63349.1688063308,1.9269449710845947
63349.23520109715,1.9269449710845947
63349.30159586351,1.9269449710845947
63349.36799062986,1.9269449710845947
63349.43438539621,1.9274790287017822
63349.50078016257,1.9269449710845947
63349.56717492892,1.9269449710845947
63349.633569695274,1.9269449710845947
63349.69996446162,1.9269449710845947
63349.76635922798,1.9269449710845947
63349.83275399433,1.9269449710845947
63349.89914876068,1.9269449710845947
63349.96554352704,1.9269449710845947
63350.03193829339,1.9269449710845947
63350.098333059745,1.9269449710845947
63350.16472782609,1.9269449710845947
63350.23112259245,1.9269449710845947
63350.297517358806,1.9269449710845947
63350.363912125154,1.9269449710845947
63350.43030689151,1.9269449710845947
63350.49670165786,1.9269449710845947
63350.563096424215,1.9269449710845947
63350.629491190564,1.9269449710845947
63350.69588595692,1.9269449710845947
63350.76228072328,1.9269449710845947
63350.828675489625,1.9264119863510132
63350.89507025598,1.9269449710845947
63350.96146502233,1.9269449710845947
63351.027859788686,1.9269449710845947
63351.094254555035,1.925873041152954
63351.16064932139,1.9253400564193726
63351.22704408775,1.9253400564193726
63351.293438854096,1.9248019456863403
63351.35983362045,1.9242689609527588
63351.4262283868,1.9242689609527588
63351.49262315316,1.9242689609527588
63351.55901791951,1.9242689609527588
63351.62541268586,1.9242689609527588
63351.69180745222,1.9242689609527588
63351.75820221857,1.9242689609527588
63351.82459698492,1.9242689609527588
63351.89099175127,1.9242689609527588
63351.95738651763,1.9242689609527588
63352.023781283984,1.923200011253357
63352.09017605033,1.9242689609527588
63352.15657081669,1.9242689609527588
63352.22296558304,1.9242689609527588
63352.289360349394,1.9242689609527588
63352.35575511574,1.9242689609527588
63352.4221498821,1.923200011253357
63352.488544648455,1.9237370491027832
63352.554939414804,1.9237370491027832
63352.62133418116,1.923200011253357
63352.68772894751,1.9242689609527588
63352.754123713865,1.9237370491027832
63352.82051848022,1.9237370491027832
63352.88691324657,1.9237370491027832
63352.953308012926,1.9226679801940918
63353.019702779275,1.9237370491027832
63353.08609754563,1.9221309423446655
63353.15249231198,1.9226679801940918
63353.218887078336,1.9226679801940918
63353.28528184469,1.9226679801940918
63353.35167661104,1.9242689609527588
63353.4180713774,1.9242689609527588
63353.484466143746,1.9242689609527588
63353.5508609101,1.9242689609527588
63353.61725567645,1.9242689609527588
63353.68365044281,1.9242689609527588
63353.75004520916,1.9242689609527588
63353.81643997551,1.9242689609527588
63353.88283474187,1.9242689609527588
63353.94922950822,1.9253400564193726
63354.01562427457,1.9242689609527588
63354.08201904093,1.9248019456863403
63354.14841380728,1.9253400564193726
63354.21480857363,1.9248019456863403
63354.28120333998,1.9264119863510132
63354.34759810634,1.9242689609527588
63354.41399287269,1.9242689609527588
63354.48038763904,1.9242689609527588
63354.5467824054,1.9242689609527588
63354.61317717175,1.9248019456863403
63354.679571938104,1.9248019456863403
63354.74596670445,1.9253400564193726
63354.81236147081,1.9253400564193726
63354.878756237165,1.9269449710845947
63354.945151003514,1.9264119863510132
63355.01154576987,1.9264119863510132
63355.07794053622,1.9269449710845947
63355.144335302575,1.925873041152954
63355.210730068924,1.9264119863510132
63355.27712483528,1.925873041152954
63355.343519601636,1.9264119863510132
63355.409914367985,1.9242689609527588
63355.47630913434,1.9253400564193726
63355.54270390069,1.9264119863510132
63355.609098667046,1.9264119863510132
63355.675493433395,1.9264119863510132
63355.74188819975,1.9269449710845947
63355.80828296611,1.9269449710845947
63355.874677732456,1.9269449710845947
63355.94107249881,1.9264119863510132
63356.00746726516,1.925873041152954
63356.07386203152,1.925873041152954
63356.14025679787,1.925873041152954
63356.20665156422,1.9253400564193726
63356.27304633058,1.925873041152954
63356.33944109693,1.9248019456863403
63356.40583586328,1.9253400564193726
63356.47223062963,1.9253400564193726
63356.53862539599,1.9248019456863403
63356.605020162344,1.9264119863510132
63356.67141492869,1.9264119863510132
63356.73780969505,1.9264119863510132
63356.8042044614,1.925873041152954
63356.870599227754,1.9253400564193726
63356.9369939941,1.925873041152954
63357.00338876046,1.9269449710845947
63357.069783526815,1.9264119863510132
63357.13617829316,1.9269449710845947
63357.20257305952,1.9269449710845947
63357.26896782587,1.9269449710845947
63357.335362592225,1.9269449710845947
63357.40175735858,1.9269449710845947
63357.46815212493,1.9269449710845947
63357.534546891286,1.9269449710845947
63357.600941657634,1.9269449710845947
63357.66733642399,1.9269449710845947
63357.73373119034,1.9269449710845947
63357.800125956695,1.9264119863510132
63357.86652072305,1.9253400564193726
63357.9329154894,1.9253400564193726
63357.99931025576,1.9242689609527588
63358.065705022105,1.9242689609527588
63358.13209978846,1.9242689609527588
63358.19849455481,1.9242689609527588
63358.264889321166,1.9242689609527588
63358.33128408752,1.9242689609527588
63358.39767885387,1.9242689609527588
63358.46407362023,1.9242689609527588
63358.530468386576,1.9248019456863403
63358.59686315293,1.9242689609527588
63358.66325791929,1.9248019456863403
63358.72965268564,1.9242689609527588
63358.79604745199,1.9242689609527588
63358.86244221834,1.9242689609527588
63358.9288369847,1.9242689609527588
63358.99523175105,1.9242689609527588
63359.0616265174,1.9242689609527588
63359.12802128376,1.9242689609527588
63359.19441605011,1.9242689609527588
63359.260810816464,1.9242689609527588
63359.32720558281,1.9242689609527588
63359.39360034917,1.9242689609527588
63359.45999511552,1.9242689609527588
63359.526389881874,1.9242689609527588
63359.59278464823,1.9242689609527588
63359.65917941458,1.9242689609527588
63359.725574180935,1.9248019456863403
63359.791968947284,1.9242689609527588
63359.85836371364,1.9242689609527588
63359.924758479996,1.9253400564193726
63359.991153246345,1.9248019456863403
63360.0575480127,1.9253400564193726
63360.12394277905,1.9242689609527588
63360.190337545406,1.9248019456863403
63360.256732311755,1.9248019456863403
63360.32312707811,1.9242689609527588
63360.38952184447,1.9242689609527588
63360.455916610816,1.9242689609527588
63360.52231137717,1.925873041152954
63360.58870614352,1.9264119863510132
63360.65510090988,1.9269449710845947
63360.721495676225,1.925873041152954
63360.78789044258,1.9242689609527588
63360.85428520894,1.9269449710845947
63360.92067997529,1.9264119863510132
63360.98707474164,1.9264119863510132
63361.05346950799,1.9264119863510132
63361.11986427435,1.9269449710845947
63361.1862590407,1.9269449710845947
63361.25265380705,1.9264119863510132
63361.31904857341,1.925873041152954
63361.38544333976,1.9242689609527588
63361.45183810611,1.925873041152954
63361.51823287246,1.9253400564193726
63361.58462763882,1.9253400564193726
63361.651022405174,1.9253400564193726
63361.71741717152,1.9242689609527588
63361.78381193788,1.9248019456863403
63361.85020670423,1.9248019456863403
63361.916601470584,1.9253400564193726
63361.98299623694,1.9248019456863403
63362.04939100329,1.9248019456863403
63362.115785769645,1.9248019456863403
63362.182180535994,1.9253400564193726
63362.24857530235,1.9264119863510132
63362.3149700687,1.9242689609527588
63362.381364835055,1.9248019456863403
63362.44775960141,1.9242689609527588
63362.51415436776,1.9248019456863403
63362.580549134116,1.9242689609527588
63362.646943900465,1.9242689609527588
63362.71333866682,1.9242689609527588
63362.77973343317,1.9242689609527588
63362.846128199526,1.9242689609527588
63362.91252296588,1.9242689609527588
63362.97891773223,1.9242689609527588
63363.04531249859,1.9242689609527588
63363.111707264936,1.9242689609527588
63363.17810203129,1.9248019456863403
63363.24449679765,1.9242689609527588
63363.310891564,1.9242689609527588
63363.37728633035,1.925873041152954
63363.4436810967,1.9264119863510132
63363.51007586306,1.9269449710845947
63363.57647062941,1.9253400564193726
63363.64286539576,1.9264119863510132
63363.70926016212,1.9269449710845947
63363.77565492847,1.9264119863510132
63363.842049694824,1.9269449710845947
63363.90844446117,1.9269449710845947
63363.97483922753,1.9269449710845947
63364.04123399388,1.9269449710845947
63364.10762876023,1.9264119863510132
63364.17402352659,1.9269449710845947
63364.24041829294,1.9269449710845947
63364.306813059295,1.9269449710845947
63364.37320782564,1.9269449710845947
63364.439602592,1.9269449710845947
63364.505997358356,1.9269449710845947
63364.572392124704,1.9269449710845947
63364.63878689106,1.9264119863510132
63364.70518165741,1.9269449710845947
63364.771576423766,1.9269449710845947
63364.837971190114,1.9269449710845947
63364.90436595647,1.9269449710845947
63364.97076072283,1.9269449710845947
63365.037155489175,1.9269449710845947
63365.10355025553,1.9269449710845947
63365.16994502188,1.9269449710845947
63365.23633978824,1.9274790287017822
63365.302734554585,1.9269449710845947
63365.36912932094,1.9269449710845947
63365.4355240873,1.9269449710845947
63365.501918853646,1.9269449710845947
63365.56831362,1.9274790287017822
63365.63470838635,1.9274790287017822
63365.70110315271,1.9280190467834473
63365.76749791906,1.9269449710845947
63365.83389268541,1.9269449710845947
63365.90028745177,1.9269449710845947
63365.96668221812,1.9269449710845947
63366.03307698447,1.9280190467834473
63366.09947175082,1.9269449710845947
63366.16586651718,1.9280190467834473
63366.232261283534,1.9280190467834473
63366.29865604988,1.9290939569473267
63366.36505081624,1.9290939569473267
63366.43144558259,1.9296289682388306
63366.497840348944,1.9285540580749512
63366.56423511529,1.9285540580749512
63366.63062988165,1.9285540580749512
63366.697024648005,1.9274790287017822
63366.763419414354,1.9285540580749512
63366.82981418071,1.9274790287017822
63366.89620894706,1.9269449710845947
63366.962603713415,1.9269449710845947
63367.02899847977,1.9269449710845947
63367.09539324612,1.9269449710845947
63367.161788012476,1.9269449710845947
63367.228182778825,1.9269449710845947
63367.29457754518,1.9269449710845947
63367.36097231153,1.9269449710845947
63367.427367077886,1.9269449710845947
63367.49376184424,1.9269449710845947
63367.56015661059,1.9269449710845947
63367.62655137695,1.9264119863510132
63367.692946143296,1.9269449710845947
63367.75934090965,1.9264119863510132
63367.825735676,1.9242689609527588
63367.89213044236,1.9242689609527588
63367.95852520871,1.9253400564193726
63368.02491997506,1.9242689609527588
63368.09131474142,1.9248019456863403
63368.15770950777,1.9248019456863403
63368.22410427412,1.9248019456863403
63368.29049904048,1.9242689609527588
63368.35689380683,1.9242689609527588
63368.42328857318,1.9242689609527588
63368.48968333953,1.9242689609527588
63368.55607810589,1.9242689609527588
63368.62247287224,1.9242689609527588
63368.68886763859,1.9242689609527588
63368.75526240495,1.9237370491027832
63368.8216571713,1.9242689609527588
63368.888051937654,1.9242689609527588
63368.954446704,1.9242689609527588
63369.02084147036,1.9242689609527588
63369.08723623671,1.9237370491027832
63369.153631003064,1.9226679801940918
63369.22002576942,1.9226679801940918
63369.28642053577,1.9226679801940918
63369.352815302125,1.9215999841690063
63369.419210068474,1.9226679801940918
63369.48560483483,1.9215999841690063
63369.551999601186,1.9215999841690063
63369.618394367535,1.9215999841690063
63369.68478913389,1.9215999841690063
63369.75118390024,1.9215999841690063
63369.817578666596,1.9215999841690063
63369.883973432945,1.9215999841690063
63369.9503681993,1.9210699796676636
63370.01676296566,1.9205340147018433
63370.083157732006,1.9189389944076538
63370.14955249836,1.9200040102005005
63370.21594726471,1.9200040102005005
63370.28234203107,1.9189389944076538
63370.348736797416,1.9194680452346802
63370.41513156377,1.9189389944076538
63370.48152633013,1.9189389944076538
63370.54792109648,1.9189389944076538
63370.61431586283,1.9189389944076538
63370.68071062918,1.918408989906311
63370.74710539554,1.9189389944076538
63370.813500161894,1.918408989906311
63370.87989492824,1.9189389944076538
63370.9462896946,1.9189389944076538
63371.01268446095,1.9168130159378052
63371.079079227304,1.9173460006713867
63371.14547399365,1.9173460006713867
63371.21186876001,1.9162850379943848
63371.278263526365,1.9162850379943848
63371.34465829271,1.9162850379943848
63371.41105305907,1.9162850379943848
63371.47744782542,1.9162850379943848
63371.543842591775,1.9162850379943848
63371.61023735812,1.9157569408416748
63371.67663212448,1.9162850379943848
63371.743026890836,1.9162850379943848
63371.809421657184,1.9157569408416748
63371.87581642354,1.9141650199890137
63371.94221118989,1.9162850379943848
63372.008605956245,1.9141650199890137
63372.0750007226,1.9152239561080933
63372.14139548895,1.9136379957199097
63372.20779025531,1.9146970510482788
63372.274185021655,1.9136379957199097
63372.34057978801,1.9141650199890137
63372.40697455436,1.9136379957199097
63372.473369320716,1.9136379957199097
63372.53976408707,1.9146970510482788
63372.60615885342,1.9146970510482788
63372.67255361978,1.9136379957199097
63372.738948386126,1.9136379957199097
63372.80534315248,1.9136379957199097
63372.87173791884,1.9136379957199097
63372.93813268519,1.9136379957199097
63373.00452745154,1.9136379957199097
63373.07092221789,1.9136379957199097
63373.13731698425,1.9136379957199097
63373.2037117506,1.9136379957199097
63373.27010651695,1.9136379957199097
63373.33650128331,1.9136379957199097
63373.40289604966,1.9136379957199097
63373.469290816014,1.9136379957199097
63373.53568558236,1.9115240573883057
63373.60208034872,1.9125800132751465
63373.66847511507,1.9131109714508057
63373.734869881424,1.9136379957199097
63373.80126464778,1.9136379957199097
63373.86765941413,1.9131109714508057
63373.934054180485,1.9120539426803589
63374.000448946834,1.9120539426803589
63374.06684371319,1.9115240573883057
63374.133238479546,1.9120539426803589
63374.199633245895,1.910997986793518
63374.26602801225,1.9120539426803589
63374.3324227786,1.9120539426803589
63374.398817544956,1.9125800132751465
63374.465212311305,1.9120539426803589
63374.53160707766,1.910997986793518
63374.59800184402,1.9120539426803589
63374.664396610366,1.9131109714508057
63374.73079137672,1.9120539426803589
63374.79718614307,1.9115240573883057
63374.86358090943,1.910997986793518
63374.929975675775,1.9131109714508057
63374.99637044213,1.9115240573883057
63375.06276520849,1.910997986793518
63375.12915997484,1.910997986793518
63375.19555474119,1.9115240573883057
63375.26194950754,1.910997986793518
63375.3283442739,1.910997986793518
63375.39473904025,1.910997986793518
63375.4611338066,1.910997986793518
63375.52752857296,1.910997986793518
63375.59392333931,1.910997986793518
63375.66031810566,1.910997986793518
63375.72671287201,1.910997986793518
63375.79310763837,1.910997986793518
63375.859502404724,1.910997986793518
63375.92589717107,1.910997986793518
63375.99229193743,1.910997986793518
63376.05868670378,1.910997986793518
63376.125081470134,1.910997986793518
63376.19147623648,1.910997986793518
63376.25787100284,1.910997986793518
63376.324265769195,1.9115240573883057
63376.390660535544,1.9125800132751465
63376.4570553019,1.9115240573883057
63376.52345006825,1.9136379957199097
63376.589844834605,1.9141650199890137
63376.65623960096,1.9136379957199097
63376.72263436731,1.9136379957199097
63376.789029133666,1.9136379957199097
63376.855423900015,1.9136379957199097
63376.92181866637,1.9136379957199097
63376.98821343272,1.9136379957199097
63377.054608199076,1.9136379957199097
63377.12100296543,1.9136379957199097
63377.18739773178,1.9136379957199097
63377.25379249814,1.9136379957199097
63377.320187264486,1.9136379957199097
63377.38658203084,1.9141650199890137
63377.45297679719,1.9136379957199097
63377.51937156355,1.9131109714508057
63377.5857663299,1.9131109714508057
63377.65216109625,1.9136379957199097
63377.71855586261,1.9131109714508057
63377.78495062896,1.9131109714508057
63377.85134539531,1.9136379957199097
63377.91774016167,1.9136379957199097
63377.98413492802,1.9131109714508057
63378.050529694374,1.9136379957199097
63378.11692446072,1.9136379957199097
63378.18331922708,1.9136379957199097
63378.24971399343,1.9136379957199097
63378.316108759784,1.9136379957199097
63378.38250352614,1.9136379957199097
63378.44889829249,1.9136379957199097
63378.515293058845,1.9125800132751465
63378.58168782519,1.9120539426803589
63378.64808259155,1.9115240573883057
63378.714477357906,1.910997986793518
63378.780872124255,1.9115240573883057
63378.84726689061,1.910997986793518
63378.91366165696,1.9115240573883057
63378.980056423316,1.9115240573883057
63379.046451189664,1.9120539426803589
63379.11284595602,1.910997986793518
63379.17924072238,1.910997986793518
63379.245635488725,1.9115240573883057
63379.31203025508,1.910997986793518
63379.37842502143,1.910997986793518
63379.44481978779,1.910997986793518
63379.511214554135,1.910997986793518
63379.57760932049,1.910997986793518
63379.64400408685,1.910997986793518
63379.710398853196,1.910997986793518
63379.77679361955,1.910997986793518
63379.8431883859,1.910997986793518
63379.90958315226,1.910997986793518
63379.97597791861,1.910997986793518
63380.04237268496,1.9115240573883057
63380.10876745132,1.910997986793518
63380.17516221767,1.910997986793518
63380.24155698402,1.910997986793518
63380.30795175037,1.910997986793518
63380.37434651673,1.910997986793518
63380.440741283084,1.9104729890823364
63380.50713604943,1.910997986793518
63380.57353081579,1.910997986793518
63380.63992558214,1.9104729890823364
63380.706320348494,1.9099440574645996
63380.77271511484,1.910997986793518
63380.8391098812,1.9104729890823364
63380.905504647555,1.910997986793518
63380.971899413904,1.910997986793518
63381.03829418026,1.910997986793518
63381.10468894661,1.910997986793518
63381.171083712965,1.910997986793518
63381.23747847932,1.910997986793518
63381.30387324567,1.910997986793518
63381.370268012026,1.910997986793518
63381.436662778375,1.910997986793518
63381.50305754473,1.910997986793518
63381.56945231108,1.910997986793518
63381.635847077436,1.910997986793518
63381.70224184379,1.910997986793518
63381.76863661014,1.910997986793518
63381.8350313765,1.910997986793518
63381.901426142846,1.910997986793518
63381.9678209092,1.910997986793518
63382.03421567555,1.9104729890823364
63382.10061044191,1.9104729890823364
63382.16700520826,1.910997986793518
63382.23339997461,1.910997986793518
63382.29979474097,1.9104729890823364
63382.36618950732,1.9099440574645996
63382.43258427367,1.910997986793518
63382.49897904003,1.9104729890823364
63382.56537380638,1.910997986793518
63382.63176857273,1.910997986793518
63382.69816333908,1.910997986793518
63382.76455810544,1.910997986793518
63382.83095287179,1.9104729890823364
63382.89734763814,1.9104729890823364
63382.9637424045,1.9094189405441284
63383.03013717085,1.9094189405441284
63383.096531937204,1.9083659648895264
63383.16292670355,1.9088900089263916
63383.22932146991,1.9083659648895264
63383.29571623626,1.9083659648895264
63383.362111002614,1.9083659648895264
63383.42850576897,1.9094189405441284
63383.49490053532,1.9088900089263916
63383.561295301675,1.9083659648895264
63383.627690068024,1.9083659648895264
63383.69408483438,1.9083659648895264
63383.760479600736,1.9088900089263916
63383.826874367085,1.9088900089263916
63383.89326913344,1.9083659648895264
63383.95966389979,1.9094189405441284
63384.026058666146,1.9088900089263916
63384.092453432495,1.9083659648895264
63384.15884819885,1.9104729890823364
63384.22524296521,1.9083659648895264
63384.291637731556,1.9083659648895264
63384.35803249791,1.9088900089263916
63384.42442726426,1.9083659648895264
63384.49082203062,1.9088900089263916
63384.557216796966,1.9083659648895264
63384.62361156332,1.9083659648895264
63384.69000632968,1.9083659648895264
63384.75640109603,1.9088900089263916
63384.82279586238,1.9088900089263916
63384.88919062873,1.9099440574645996
63384.95558539509,1.9088900089263916
63385.021980161444,1.9094189405441284
63385.08837492779,1.9083659648895264
63385.15476969415,1.9088900089263916
63385.2211644605,1.9083659648895264
63385.287559226854,1.9083659648895264
63385.3539539932,1.9094189405441284
63385.42034875956,1.9083659648895264
63385.486743525915,1.9083659648895264
63385.55313829226,1.9083659648895264
63385.61953305862,1.9094189405441284
63385.68592782497,1.9088900089263916
63385.752322591325,1.9094189405441284
63385.81871735767,1.9083659648895264
63385.88511212403,1.9083659648895264
63385.951506890386,1.9083659648895264
63386.017901656734,1.9083659648895264
63386.08429642309,1.9083659648895264
63386.15069118944,1.9083659648895264
63386.217085955795,1.9083659648895264
63386.28348072215,1.9083659648895264
63386.3498754885,1.9083659648895264
63386.41627025486,1.9083659648895264
63386.482665021205,1.9083659648895264
63386.54905978756,1.9083659648895264
63386.61545455391,1.9073139429092407
63386.681849320266,1.9062639474868774
63386.74824408662,1.9067909717559814
63386.81463885297,1.9057409763336182
63386.88103361933,1.9057409763336182
63386.947428385676,1.9057409763336182
63387.01382315203,1.9057409763336182
63387.08021791838,1.9057409763336182
63387.14661268474,1.9057409763336182
63387.21300745109,1.9062639474868774
63387.27940221744,1.9057409763336182
63387.3457969838,1.9057409763336182
63387.41219175015,1.9062639474868774
63387.4785865165,1.9057409763336182
63387.54498128286,1.9057409763336182
63387.61137604921,1.9057409763336182
63387.677770815564,1.9057409763336182
63387.74416558191,1.9057409763336182
63387.81056034827,1.9057409763336182
63387.87695511462,1.9057409763336182
63387.943349880974,1.9057409763336182
63388.00974464733,1.9057409763336182
63388.07613941368,1.9057409763336182
63388.142534180035,1.9046920537948608
63388.208928946384,1.9052189588546753
63388.27532371274,1.9046920537948608
63388.34171847909,1.9052189588546753
63388.408113245445,1.9046920537948608
63388.4745080118,1.9036439657211304
63388.54090277815,1.9041709899902344
63388.607297544506,1.9031239748001099
63388.673692310855,1.9036439657211304
63388.74008707721,1.9036439657211304
63388.80648184357,1.9031239748001099
63388.872876609916,1.9031239748001099
63388.93927137627,1.9031239748001099
63389.00566614262,1.9031239748001099
63389.07206090898,1.9031239748001099
63389.138455675326,1.9031239748001099
63389.20485044168,1.9031239748001099
63389.27124520804,1.9031239748001099
63389.33763997439,1.9031239748001099
63389.40403474074,1.9031239748001099
63389.47042950709,1.9031239748001099
63389.53682427345,1.9031239748001099
63389.603219039804,1.9031239748001099
63389.66961380615,1.9031239748001099
63389.73600857251,1.9031239748001099
63389.80240333886,1.9031239748001099
63389.86879810521,1.9031239748001099
63389.93519287156,1.9031239748001099
63390.00158763792,1.9031239748001099
63390.067982404275,1.902603030204773
63390.13437717062,1.902603030204773
63390.20077193698,1.902603030204773
63390.26716670333,1.902603030204773
63390.333561469684,1.9020769596099854
63390.39995623603,1.9015569686889648
63390.46635100239,1.9015569686889648
63390.532745768745,1.902603030204773
63390.599140535094,1.9015569686889648
63390.66553530145,1.9015569686889648
63390.7319300678,1.9010319709777832
63390.798324834155,1.9005130529403687
63390.86471960051,1.9005130529403687
63390.93111436686,1.9015569686889648
63390.997509133216,1.9010319709777832
63391.063903899565,1.9020769596099854
63391.13029866592,1.9020769596099854
63391.19669343227,1.902603030204773
63391.263088198626,1.902603030204773
63391.32948296498,1.9020769596099854
63391.39587773133,1.9020769596099854
63391.46227249769,1.9015569686889648
63391.528667264036,1.9010319709777832
63391.59506203039,1.9020769596099854
63391.66145679674,1.9015569686889648
63391.7278515631,1.9010319709777832
63391.79424632945,1.9020769596099854
63391.8606410958,1.9010319709777832
63391.92703586216,1.9010319709777832
63391.99343062851,1.9015569686889648
63392.05982539486,1.902603030204773
63392.12622016122,1.9015569686889648
63392.19261492757,1.902603030204773
63392.259009693924,1.9015569686889648
63392.32540446027,1.9020769596099854
63392.39179922663,1.902603030204773
63392.45819399298,1.9015569686889648
63392.524588759334,1.9031239748001099
63392.59098352569,1.9031239748001099
63392.65737829204,1.9031239748001099
63392.723773058395,1.9036439657211304
63392.79016782474,1.9031239748001099
63392.8565625911,1.9031239748001099
63392.92295735745,1.9031239748001099
63392.989352123805,1.9031239748001099
63393.05574689016,1.9031239748001099
63393.12214165651,1.9031239748001099
63393.188536422866,1.9031239748001099
63393.254931189214,1.9031239748001099
63393.32132595557,1.9036439657211304
63393.38772072193,1.9041709899902344
63393.454115488275,1.9052189588546753
63393.52051025463,1.9031239748001099
63393.58690502098,1.9031239748001099
63393.65329978734,1.9036439657211304
63393.719694553685,1.9031239748001099
63393.78608932004,1.9041709899902344
63393.8524840864,1.9036439657211304
63393.918878852746,1.9041709899902344
63393.9852736191,1.9052189588546753
63394.05166838545,1.9052189588546753
63394.11806315181,1.9041709899902344
63394.184457918156,1.9046920537948608
63394.25085268451,1.9046920537948608
63394.31724745087,1.9041709899902344
63394.38364221722,1.9031239748001099
63394.45003698357,1.9031239748001099
63394.51643174992,1.9031239748001099
63394.58282651628,1.9031239748001099
63394.649221282634,1.9031239748001099
63394.71561604898,1.9031239748001099
63394.78201081534,1.9031239748001099
63394.84840558169,1.9031239748001099
63394.914800348044,1.9052189588546753
63394.98119511439,1.9031239748001099
63395.04758988075,1.9036439657211304
63395.113984647105,1.9036439657211304
63395.180379413454,1.9036439657211304
63395.24677417981,1.9041709899902344
63395.31316894616,1.9031239748001099
63395.379563712515,1.9031239748001099
63395.44595847887,1.9031239748001099
63395.51235324522,1.9031239748001099
63395.578748011576,1.9031239748001099
63395.645142777925,1.9031239748001099
63395.71153754428,1.9031239748001099
63395.77793231063,1.902603030204773
63395.844327076986,1.902603030204773
63395.91072184334,1.9031239748001099
63395.97711660969,1.9031239748001099
63396.04351137605,1.9036439657211304
63396.109906142396,1.9031239748001099
63396.17630090875,1.9031239748001099
63396.2426956751,1.9031239748001099
63396.30909044146,1.9031239748001099
63396.37548520781,1.9031239748001099
63396.44187997416,1.9031239748001099
63396.50827474052,1.9031239748001099
63396.57466950687,1.902603030204773
63396.64106427322,1.9020769596099854
63396.70745903958,1.902603030204773
63396.77385380593,1.9010319709777832
63396.84024857228,1.9005130529403687
63396.90664333863,1.9005130529403687
63396.97303810499,1.8999940156936646
63397.03943287134,1.9005130529403687
63397.10582763769,1.8999940156936646
63397.17222240405,1.9005130529403687
63397.2386171704,1.8999940156936646
63397.305011936754,1.8994699716567993
63397.3714067031,1.898427963256836
63397.43780146946,1.898427963256836
63397.50419623581,1.898427963256836
63397.570591002164,1.8979099988937378
63397.63698576852,1.8979099988937378
63397.70338053487,1.898427963256836
63397.769775301225,1.8979099988937378
63397.836170067574,1.8994699716567993
63397.90256483393,1.8979099988937378
63397.968959600286,1.8989510536193848
63398.035354366635,1.8989510536193848
63398.10174913299,1.8994699716567993
63398.16814389934,1.8989510536193848
63398.234538665696,1.8999940156936646
63398.300933432045,1.8994699716567993
63398.3673281984,1.898427963256836
63398.43372296476,1.8994699716567993
63398.500117731106,1.8999940156936646
63398.56651249746,1.8989510536193848
63398.63290726381,1.8999940156936646
63398.69930203017,1.8989510536193848
63398.765696796516,1.8989510536193848
63398.83209156287,1.8989510536193848
63398.89848632923,1.898427963256836
63398.96488109558,1.8989510536193848
63399.03127586193,1.898427963256836
63399.09767062828,1.8994699716567993
63399.16406539464,1.8999940156936646
63399.230460160994,1.8994699716567993
63399.29685492734,1.9005130529403687
63399.3632496937,1.9005130529403687
63399.42964446005,1.9005130529403687
63399.496039226404,1.9005130529403687
63399.56243399275,1.9005130529403687
63399.62882875911,1.8994699716567993
63399.695223525465,1.8999940156936646
63399.761618291814,1.8994699716567993
63399.82801305817,1.8994699716567993
63399.89440782452,1.9005130529403687
63399.960802590875,1.8999940156936646
63400.02719735722,1.9005130529403687
63400.09359212358,1.8999940156936646
63400.159986889936,1.9005130529403687
63400.226381656285,1.9005130529403687
63400.29277642264,1.9005130529403687
63400.35917118899,1.8994699716567993
63400.425565955346,1.898427963256836
63400.4919607217,1.898427963256836
63400.55835548805,1.8989510536193848
63400.62475025441,1.8999940156936646
63400.691145020755,1.8994699716567993
63400.75753978711,1.898427963256836
63400.82393455346,1.8989510536193848
63400.89032931982,1.898427963256836
63400.95672408617,1.8989510536193848
63401.02311885252,1.9005130529403687
63401.08951361888,1.9005130529403687
63401.155908385226,1.9005130529403687
63401.22230315158,1.8994699716567993
63401.28869791793,1.8999940156936646
63401.35509268429,1.8999940156936646
63401.42148745064,1.8989510536193848
63401.48788221699,1.8999940156936646
63401.55427698335,1.8994699716567993
63401.6206717497,1.9005130529403687
63401.68706651605,1.9005130529403687
63401.75346128241,1.9005130529403687
63401.81985604876,1.9005130529403687
63401.886250815114,1.8999940156936646
63401.95264558146,1.8994699716567993
63402.01904034782,1.8989510536193848
63402.08543511417,1.8989510536193848
63402.151829880524,1.8979099988937378
63402.21822464688,1.9005130529403687
63402.28461941323,1.8994699716567993
63402.351014179585,1.898427963256836
63402.417408945934,1.8989510536193848
63402.48380371229,1.8979099988937378
63402.55019847864,1.8979099988937378
63402.616593244995,1.8979099988937378
63402.68298801135,1.8979099988937378
63402.7493827777,1.898427963256836
63402.815777544056,1.898427963256836
63402.882172310405,1.8989510536193848
63402.94856707676,1.9005130529403687
63403.01496184312,1.8989510536193848
63403.081356609466,1.8979099988937378
63403.14775137582,1.8979099988937378
63403.21414614217,1.8994699716567993
63403.28054090853,1.8989510536193848
63403.346935674876,1.8989510536193848
63403.41333044123,1.898427963256836
63403.47972520759,1.8979099988937378
63403.54611997394,1.8979099988937378
63403.61251474029,1.898427963256836
63403.67890950664,1.898427963256836
63403.745304273,1.8994699716567993
63403.81169903935,1.8994699716567993
63403.8780938057,1.898427963256836
63403.94448857206,1.8979099988937378
63404.01088333841,1.8979099988937378
63404.07727810476,1.8979099988937378
63404.14367287111,1.8979099988937378
63404.21006763747,1.8979099988937378
63404.276462403825,1.8999940156936646
63404.34285717017,1.8994699716567993
63404.40925193653,1.8979099988937378
63404.47564670288,1.8979099988937378
63404.542041469234,1.8979099988937378
63404.60843623558,1.898427963256836
63404.67483100194,1.898427963256836
63404.741225768295,1.8979099988937378
63404.807620534644,1.8979099988937378
63404.874015301,1.8979099988937378
63404.94041006735,1.898427963256836
63405.006804833705,1.898427963256836
63405.073199600054,1.8979099988937378
63405.13959436641,1.8989510536193848
63405.205989132766,1.8979099988937378
63405.272383899115,1.8979099988937378
63405.33877866547,1.8979099988937378
63405.40517343182,1.898427963256836
63405.471568198176,1.8979099988937378
63405.53796296453,1.8979099988937378
63405.60435773088,1.8979099988937378
63405.67075249724,1.8979099988937378
63405.737147263586,1.8979099988937378
63405.80354202994,1.8979099988937378
63405.86993679629,1.8979099988937378
63405.93633156265,1.8979099988937378
63406.002726329,1.8979099988937378
63406.06912109535,1.8979099988937378
63406.13551586171,1.8968689441680908
63406.20191062806,1.8979099988937378
63406.26830539441,1.895313024520874
63406.33470016077,1.8963520526885986
63406.40109492712,1.8968689441680908
63406.467489693474,1.8968689441680908
63406.53388445982,1.8968689441680908
63406.60027922618,1.8973920345306396
63406.66667399253,1.8968689441680908
63406.733068758884,1.8973920345306396
63406.79946352524,1.8968689441680908
63406.86585829159,1.8968689441680908
63406.932253057945,1.8968689441680908
63406.99864782429,1.8973920345306396
63407.06504259065,1.8958300352096558
63407.131437357,1.895313024520874
63407.197832123355,1.895313024520874
63407.26422688971,1.895313024520874
63407.33062165606,1.895313024520874
63407.397016422416,1.895313024520874
63407.463411188764,1.895313024520874
63407.52980595512,1.895313024520874
63407.59620072148,1.8942760229110718
63407.662595487825,1.895313024520874
63407.72899025418,1.8942760229110718
63407.79538502053,1.8932390213012695
63407.86177978689,1.8947969675064087
63407.928174553235,1.895313024520874
63407.99456931959,1.8947969675064087
63408.06096408595,1.895313024520874
63408.127358852296,1.895313024520874
63408.19375361865,1.8942760229110718
63408.260148385,1.8927240371704102
63408.32654315136,1.8937599658966064
63408.392937917706,1.8932390213012695
63408.45933268406,1.8937599658966064
63408.52572745042,1.8947969675064087
63408.59212221677,1.895313024520874
63408.65851698312,1.895313024520874
63408.72491174947,1.895313024520874
63408.79130651583,1.895313024520874
63408.857701282184,1.895313024520874
63408.92409604853,1.895313024520874
63408.99049081489,1.895313024520874
63409.05688558124,1.8958300352096558
63409.123280347594,1.895313024520874
63409.18967511394,1.895313024520874
63409.2560698803,1.895313024520874
63409.322464646655,1.895313024520874
63409.388859413004,1.895313024520874
63409.45525417936,1.895313024520874
63409.52164894571,1.895313024520874
63409.588043712065,1.8947969675064087
63409.654438478414,1.895313024520874
63409.72083324477,1.8947969675064087
63409.787228011126,1.895313024520874
63409.853622777475,1.8942760229110718
63409.92001754383,1.8947969675064087
63409.98641231018,1.8932390213012695
63410.052807076536,1.895313024520874
63410.11920184289,1.8932390213012695
63410.18559660924,1.8937599658966064
63410.2519913756,1.8927240371704102
63410.318386141946,1.8927240371704102
63410.3847809083,1.8927240371704102
63410.45117567465,1.8927240371704102
63410.51757044101,1.8927240371704102
63410.58396520736,1.8927240371704102
63410.65035997371,1.8927240371704102
63410.71675474007,1.8927240371704102
63410.78314950642,1.8927240371704102
63410.84954427277,1.8927240371704102
63410.91593903912,1.8927240371704102
63410.98233380548,1.8927240371704102
63411.04872857183,1.8927240371704102
63411.11512333818,1.8922090530395508
63411.18151810454,1.8922090530395508
63411.24791287089,1.8927240371704102
63411.31430763724,1.8927240371704102
63411.3807024036,1.8927240371704102
63411.44709716995,1.8927240371704102
63411.513491936304,1.8927240371704102
63411.57988670265,1.8927240371704102
63411.64628146901,1.8927240371704102
63411.71267623536,1.8927240371704102
63411.779071001714,1.8927240371704102
63411.84546576807,1.8927240371704102
63411.91186053442,1.8922090530395508
63411.978255300775,1.8927240371704102
63412.044650067124,1.8927240371704102
63412.11104483348,1.8927240371704102
63412.177439599836,1.8927240371704102
63412.243834366185,1.8922090530395508
63412.31022913254,1.8922090530395508
63412.37662389889,1.8927240371704102
63412.443018665246,1.8927240371704102
63412.509413431595,1.8927240371704102
63412.57580819795,1.8927240371704102
63412.64220296431,1.8927240371704102
63412.708597730656,1.8927240371704102
63412.77499249701,1.8927240371704102
63412.84138726336,1.8927240371704102
63412.90778202972,1.8927240371704102
63412.974176796066,1.8927240371704102
63413.04057156242,1.8927240371704102
63413.10696632878,1.8927240371704102
63413.17336109513,1.8927240371704102
63413.23975586148,1.8927240371704102
63413.30615062783,1.8937599658966064
63413.37254539419,1.8937599658966064
63413.438940160544,1.8947969675064087
63413.50533492689,1.895313024520874
63413.57172969325,1.8927240371704102
63413.6381244596,1.8942760229110718
63413.704519225954,1.8947969675064087
63413.7709139923,1.8937599658966064
63413.83730875866,1.8937599658966064
63413.903703525015,1.8947969675064087
63413.970098291364,1.8947969675064087
63414.03649305772,1.8947969675064087
63414.10288782407,1.8942760229110718
63414.169282590425,1.8947969675064087
63414.23567735677,1.8932390213012695
63414.30207212313,1.8937599658966064
63414.368466889486,1.8947969675064087
63414.434861655835,1.8947969675064087
63414.50125642219,1.8942760229110718
63414.56765118854,1.8927240371704102
63414.634045954896,1.8927240371704102
63414.70044072125,1.8927240371704102
63414.7668354876,1.8927240371704102
63414.83323025396,1.8927240371704102
63414.899625020305,1.8927240371704102
63414.96601978666,1.8927240371704102
63415.03241455301,1.8927240371704102
63415.09880931937,1.8937599658966064
63415.16520408572,1.8932390213012695
63415.23159885207,1.8927240371704102
63415.29799361843,1.8937599658966064
63415.364388384776,1.8927240371704102
63415.43078315113,1.8932390213012695
63415.49717791748,1.8927240371704102
63415.56357268384,1.8927240371704102
63415.62996745019,1.8927240371704102
63415.69636221654,1.8927240371704102
63415.7627569829,1.8927240371704102
63415.82915174925,1.8927240371704102
63415.8955465156,1.8932390213012695
63415.96194128196,1.8927240371704102
63416.02833604831,1.8927240371704102
63416.094730814664,1.8927240371704102
63416.16112558101,1.8932390213012695
63416.22752034737,1.8927240371704102
63416.29391511372,1.8927240371704102
63416.360309880074,1.8927240371704102
63416.42670464643,1.8927240371704102
63416.49309941278,1.8927240371704102
63416.559494179135,1.8927240371704102
63416.625888945484,1.8927240371704102
63416.69228371184,1.8927240371704102
63416.75867847819,1.8927240371704102
63416.825073244545,1.8922090530395508
63416.8914680109,1.8927240371704102
63416.95786277725,1.8922090530395508
63417.024257543606,1.8922090530395508
63417.090652309955,1.8916889429092407
63417.15704707631,1.8906559944152832
63417.22344184267,1.8911750316619873
63417.289836609016,1.8906559944152832
63417.35623137537,1.8906559944152832
63417.42262614172,1.8901419639587402
63417.48902090808,1.8901419639587402
63417.555415674426,1.8901419639587402
63417.62181044078,1.8901419639587402
63417.68820520714,1.8901419639587402
63417.75459997349,1.8901419639587402
63417.82099473984,1.8901419639587402
63417.88738950619,1.8901419639587402
63417.95378427255,1.8901419639587402
63418.0201790389,1.8896280527114868
63418.08657380525,1.8896280527114868
63418.15296857161,1.8901419639587402
63418.21936333796,1.8891099691390991
63418.28575810431,1.8891099691390991
63418.35215287066,1.888597011566162
63418.41854763702,1.8891099691390991
63418.484942403375,1.888079047203064
63418.55133716972,1.888597011566162
63418.61773193608,1.888597011566162
63418.68412670243,1.888597011566162
63418.750521468784,1.8875670433044434
63418.81691623513,1.8875670433044434
63418.88331100149,1.8875670433044434
63418.949705767845,1.8875670433044434
63419.016100534194,1.8875670433044434
63419.08249530055,1.8875670433044434
63419.1488900669,1.8875670433044434
63419.215284833255,1.8875670433044434
63419.281679599604,1.8870550394058228
63419.34807436596,1.8875670433044434
63419.414469132316,1.8875670433044434
63419.480863898665,1.8870550394058228
63419.54725866502,1.8875670433044434
63419.61365343137,1.8860260248184204
63419.680048197726,1.8870550394058228
63419.74644296408,1.886538028717041
63419.81283773043,1.886538028717041
63419.87923249679,1.8849990367889404
63419.945627263136,1.8860260248184204
63420.01202202949,1.8875670433044434
63420.07841679584,1.8875670433044434
63420.1448115622,1.8875670433044434
63420.21120632855,1.8875670433044434
63420.2776010949,1.8875670433044434
63420.34399586126,1.8875670433044434
63420.41039062761,1.8875670433044434
63420.47678539396,1.886538028717041
63420.54318016031,1.886538028717041
63420.60957492667,1.8860260248184204
63420.675969693024,1.8875670433044434
63420.74236445937,1.8875670433044434
63420.80875922573,1.8875670433044434
63420.87515399208,1.8860260248184204
63420.941548758434,1.886538028717041
63421.00794352479,1.8849990367889404
63421.07433829114,1.885509967803955
63421.140733057495,1.8849990367889404
63421.20712782384,1.8849990367889404
63421.2735225902,1.8849990367889404
63421.33991735655,1.8849990367889404
63421.406312122905,1.8849990367889404
63421.47270688926,1.8849990367889404
63421.53910165561,1.885509967803955
63421.605496421966,1.8849990367889404
63421.671891188314,1.8849990367889404
63421.73828595467,1.8849990367889404
63421.80468072102,1.8849990367889404
63421.871075487375,1.8834619522094727
63421.93747025373,1.8844879865646362
63422.00386502008,1.8849990367889404
63422.07025978644,1.885509967803955
63422.136654552785,1.8849990367889404
63422.20304931914,1.8849990367889404
63422.2694440855,1.8849990367889404
63422.335838851846,1.8849990367889404
63422.4022336182,1.8849990367889404
63422.46862838455,1.8839730024337769
63422.53502315091,1.8834619522094727
63422.601417917256,1.8834619522094727
63422.66781268361,1.8834619522094727
63422.73420744997,1.8829469680786133
63422.80060221632,1.8829469680786133
63422.86699698267,1.8829469680786133
63422.93339174902,1.8829469680786133
63422.99978651538,1.8824379444122314
63423.066181281734,1.8829469680786133
63423.13257604808,1.8824379444122314
63423.19897081444,1.8824379444122314
63423.26536558079,1.8814140558242798
63423.331760347144,1.8824379444122314
63423.39815511349,1.8814140558242798
63423.46454987985,1.8824379444122314
63423.530944646205,1.8803919553756714
63423.597339412554,1.8803919553756714
63423.66373417891,1.879883050918579
63423.73012894526,1.8803919553756714
63423.796523711615,1.879883050918579
63423.862918477964,1.879883050918579
63423.92931324432,1.879883050918579
63423.995708010676,1.8803919553756714
63424.062102777025,1.879883050918579
63424.12849754338,1.879883050918579
63424.19489230973,1.879883050918579
63424.261287076086,1.879883050918579
63424.32768184244,1.879883050918579
63424.39407660879,1.879883050918579
63424.46047137515,1.878862977027893
63424.526866141496,1.879883050918579
63424.59326090785,1.8793760538101196
63424.6596556742,1.8793760538101196
63424.72605044056,1.878862977027893
63424.79244520691,1.878862977027893
63424.85883997326,1.878862977027893
63424.92523473962,1.878862977027893
63424.99162950597,1.8778430223464966
63425.05802427232,1.877336025238037
63425.12441903867,1.877336025238037
63425.19081380503,1.877336025238037
63425.257208571384,1.877336025238037
63425.32360333773,1.877336025238037
63425.38999810409,1.877336025238037
63425.45639287044,1.877336025238037
63425.52278763679,1.876829981803894
63425.58918240315,1.876829981803894
63425.6555771695,1.876829981803894
63425.721971935855,1.876829981803894
63425.7883667022,1.877336025238037
63425.85476146856,1.877336025238037
63425.92115623491,1.877336025238037
63425.987551001264,1.876829981803894
63426.05394576762,1.877336025238037
63426.12034053397,1.877336025238037
63426.186735300325,1.8763179779052734
63426.253130066674,1.876829981803894
63426.31952483303,1.877336025238037
63426.38591959938,1.8763179779052734
63426.452314365735,1.877336025238037
63426.51870913209,1.8763179779052734
63426.58510389844,1.87581205368042
63426.651498664796,1.8747960329055786
63426.717893431145,1.8747960329055786
63426.7842881975,1.8747960329055786
63426.85068296386,1.8747960329055786
63426.917077730206,1.8753010034561157
63426.98347249656,1.8747960329055786
63427.04986726291,1.8747960329055786
63427.11626202927,1.8747960329055786
63427.182656795616,1.8747960329055786
63427.24905156197,1.8732759952545166
63427.31544632833,1.874290943145752
63427.38184109468,1.8732759952545166
63427.44823586103,1.8727669715881348
63427.51463062738,1.8732759952545166
63427.58102539374,1.8732759952545166
63427.64742016009,1.874290943145752
63427.71381492644,1.874290943145752
63427.7802096928,1.874290943145752
63427.84660445915,1.874290943145752
63427.912999225504,1.8732759952545166
63427.97939399185,1.8732759952545166
63428.04578875821,1.874290943145752
63428.112183524565,1.8747960329055786
63428.178578290914,1.8722620010375977
63428.24497305727,1.8727669715881348
63428.31136782362,1.8727669715881348
63428.377762589975,1.8722620010375977
63428.44415735632,1.8722620010375977
63428.51055212268,1.8722620010375977
63428.576946889036,1.8722620010375977
63428.643341655385,1.8722620010375977
63428.70973642174,1.8722620010375977
63428.77613118809,1.8722620010375977
63428.842525954446,1.8722620010375977
63428.9089207208,1.8722620010375977
63428.97531548715,1.8722620010375977
63429.04171025351,1.8722620010375977
63429.108105019855,1.8727669715881348
63429.17449978621,1.8727669715881348
63429.24089455256,1.8732759952545166
63429.30728931892,1.8732759952545166
63429.37368408527,1.874290943145752
63429.44007885162,1.8737809658050537
63429.50647361798,1.8747960329055786
63429.572868384326,1.8747960329055786
63429.63926315068,1.8747960329055786
63429.70565791703,1.874290943145752
63429.77205268339,1.874290943145752
63429.83844744974,1.8747960329055786
63429.90484221609,1.874290943145752
63429.97123698245,1.8747960329055786
63430.0376317488,1.8747960329055786
63430.10402651515,1.8747960329055786
63430.17042128151,1.8747960329055786
63430.23681604786,1.8747960329055786
63430.303210814214,1.8747960329055786
63430.36960558056,1.8747960329055786
63430.43600034692,1.8747960329055786
63430.50239511327,1.8747960329055786
63430.568789879624,1.8747960329055786
63430.63518464598,1.8747960329055786
63430.70157941233,1.874290943145752
63430.767974178685,1.8747960329055786
63430.834368945034,1.8747960329055786
63430.90076371139,1.8747960329055786
63430.96715847774,1.8753010034561157
63431.033553244095,1.8753010034561157
63431.09994801045,1.8747960329055786
63431.1663427768,1.8753010034561157
63431.232737543156,1.8753010034561157
63431.299132309505,1.8753010034561157
63431.36552707586,1.87581205368042
63431.43192184222,1.8753010034561157
63431.498316608566,1.87581205368042
63431.56471137492,1.87581205368042
63431.63110614127,1.8763179779052734
63431.69750090763,1.876829981803894
63431.763895673976,1.877336025238037
63431.83029044033,1.877336025238037
63431.89668520669,1.877336025238037
63431.96307997304,1.877336025238037
63432.02947473939,1.877336025238037
63432.09586950574,1.877336025238037
63432.1622642721,1.8778430223464966
63432.22865903845,1.8778430223464966
63432.2950538048,1.8778430223464966
63432.36144857116,1.877336025238037
63432.42784333751,1.8783550262451172
63432.49423810386,1.8783550262451172
63432.56063287021,1.8793760538101196
63432.62702763657,1.8778430223464966
63432.693422402925,1.878862977027893
63432.75981716927,1.878862977027893
63432.82621193563,1.878862977027893
63432.89260670198,1.8793760538101196
63432.959001468334,1.8793760538101196
63433.02539623468,1.8793760538101196
63433.09179100104,1.877336025238037
63433.158185767395,1.877336025238037
63433.224580533744,1.877336025238037
63433.2909753001,1.878862977027893
63433.35737006645,1.8793760538101196
63433.423764832805,1.879883050918579
63433.490159599154,1.8783550262451172
63433.55655436551,1.877336025238037
63433.622949131866,1.877336025238037
63433.689343898215,1.8778430223464966
63433.75573866457,1.8778430223464966
63433.82213343092,1.877336025238037
63433.888528197276,1.8778430223464966
63433.95492296363,1.877336025238037
63434.02131772998,1.8783550262451172
63434.08771249634,1.8793760538101196
63434.154107262686,1.878862977027893
63434.22050202904,1.8778430223464966
63434.28689679539,1.877336025238037
63434.35329156175,1.877336025238037
63434.4196863281,1.8778430223464966
63434.48608109445,1.877336025238037
63434.55247586081,1.877336025238037
63434.61887062716,1.877336025238037
63434.68526539351,1.877336025238037
63434.75166015986,1.877336025238037
63434.81805492622,1.877336025238037
63434.884449692574,1.8763179779052734
63434.95084445892,1.87581205368042
63435.01723922528,1.877336025238037
63435.08363399163,1.8753010034561157
63435.150028757984,1.8753010034561157
63435.21642352434,1.8753010034561157
63435.28281829069,1.8747960329055786
63435.349213057045,1.8747960329055786
63435.415607823394,1.8747960329055786
63435.48200258975,1.8753010034561157
63435.5483973561,1.8747960329055786
63435.614792122455,1.8747960329055786
63435.68118688881,1.8747960329055786
63435.74758165516,1.8747960329055786
63435.813976421516,1.8747960329055786
63435.880371187865,1.8747960329055786
63435.94676595422,1.8747960329055786
63436.01316072057,1.8747960329055786
63436.079555486926,1.8747960329055786
63436.14595025328,1.8747960329055786
63436.21234501963,1.8747960329055786
63436.27873978599,1.8747960329055786
63436.345134552335,1.8747960329055786
63436.41152931869,1.8753010034561157
63436.47792408505,1.87581205368042
63436.5443188514,1.876829981803894
63436.61071361775,1.8763179779052734
63436.6771083841,1.876829981803894
63436.74350315046,1.8763179779052734
63436.809897916806,1.877336025238037
63436.87629268316,1.877336025238037
63436.94268744952,1.877336025238037
63437.00908221587,1.876829981803894
63437.07547698222,1.876829981803894
63437.14187174857,1.87581205368042
63437.20826651493,1.876829981803894
63437.27466128128,1.876829981803894
63437.34105604763,1.877336025238037
63437.40745081399,1.8763179779052734
63437.47384558034,1.877336025238037
63437.540240346694,1.876829981803894
63437.60663511304,1.87581205368042
63437.6730298794,1.8753010034561157
63437.739424645755,1.8753010034561157
63437.805819412104,1.8753010034561157
63437.87221417846,1.87581205368042
63437.93860894481,1.87581205368042
63438.005003711165,1.8747960329055786
63438.071398477514,1.8747960329055786
63438.13779324387,1.8747960329055786
63438.204188010226,1.8747960329055786
63438.270582776575,1.8747960329055786
63438.33697754293,1.8747960329055786
63438.40337230928,1.8747960329055786
63438.469767075636,1.874290943145752
63438.536161841985,1.8747960329055786
63438.60255660834,1.8732759952545166
63438.6689513747,1.8747960329055786
63438.735346141046,1.874290943145752
63438.8017409074,1.8732759952545166
63438.86813567375,1.874290943145752
63438.93453044011,1.8747960329055786
63439.00092520646,1.8747960329055786
63439.06731997281,1.8747960329055786
63439.13371473917,1.874290943145752
63439.20010950552,1.8732759952545166
63439.26650427187,1.8747960329055786
63439.33289903822,1.874290943145752
63439.39929380458,1.8732759952545166
63439.465688570934,1.8747960329055786
63439.53208333728,1.874290943145752
63439.59847810364,1.874290943145752
63439.66487286999,1.8732759952545166
63439.73126763634,1.8732759952545166
63439.7976624027,1.8722620010375977
63439.86405716905,1.8737809658050537
63439.930451935405,1.8722620010375977
63439.99684670175,1.8722620010375977
63440.06324146811,1.8722620010375977
63440.12963623446,1.8722620010375977
63440.196031000814,1.8722620010375977
63440.26242576717,1.8727669715881348
63440.32882053352,1.8722620010375977
63440.395215299875,1.8722620010375977
63440.461610066224,1.8722620010375977
63440.52800483258,1.8722620010375977
63440.59439959893,1.8722620010375977
63440.660794365285,1.8722620010375977
63440.72718913164,1.8722620010375977
63440.79358389799,1.8722620010375977
63440.859978664346,1.871759057044983
63440.926373430695,1.8722620010375977
63440.99276819705,1.8722620010375977
63441.05916296341,1.8722620010375977
63441.125557729756,1.8722620010375977
63441.19195249611,1.8722620010375977
63441.25834726246,1.871759057044983
63441.32474202882,1.871250033378601
63441.391136795166,1.870239019393921
63441.45753156152,1.8707469701766968
63441.52392632788,1.8707469701766968
63441.59032109423,1.8707469701766968
63441.65671586058,1.871759057044983
63441.72311062693,1.8707469701766968
63441.78950539329,1.8722620010375977
63441.85590015964,1.8707469701766968
63441.92229492599,1.871250033378601
63441.98868969235,1.8707469701766968
63442.0550844587,1.8722620010375977
63442.121479225054,1.8722620010375977
63442.1878739914,1.871759057044983
63442.25426875776,1.8722620010375977
63442.320663524115,1.8707469701766968
63442.387058290464,1.8722620010375977
63442.45345305682,1.871250033378601
63442.51984782317,1.871250033378601
63442.586242589525,1.8722620010375977
63442.65263735587,1.871759057044983
63442.71903212223,1.8722620010375977
63442.785426888586,1.871250033378601
63442.851821654935,1.8722620010375977
63442.91821642129,1.8722620010375977
63442.98461118764,1.8722620010375977
63443.051005953996,1.8722620010375977
63443.117400720344,1.8722620010375977
63443.1837954867,1.8722620010375977
63443.25019025306,1.871759057044983
63443.316585019405,1.871759057044983
63443.38297978576,1.871759057044983
63443.44937455211,1.8707469701766968
63443.51576931847,1.870239019393921
63443.58216408482,1.870239019393921
63443.64855885117,1.8697359561920166
63443.71495361753,1.870239019393921
63443.781348383876,1.8697359561920166
63443.84774315023,1.8697359561920166
63443.91413791658,1.8697359561920166
63443.98053268294,1.8692330121994019
63444.04692744929,1.8697359561920166
63444.11332221564,1.8687260150909424
63444.179716982,1.8697359561920166
63444.24611174835,1.8692330121994019
63444.3125065147,1.8692330121994019
63444.37890128105,1.8697359561920166
63444.44529604741,1.8697359561920166
63444.511690813764,1.8692330121994019
63444.57808558011,1.8697359561920166
63444.64448034647,1.8697359561920166
63444.71087511282,1.8687260150909424
63444.777269879174,1.868224024772644
63444.84366464553,1.8687260150909424
63444.91005941188,1.867717981338501
63444.976454178235,1.8687260150909424
63445.042848944584,1.8672159910202026
63445.10924371094,1.8672159910202026
63445.17563847729,1.867717981338501
63445.242033243645,1.867717981338501
63445.30842801,1.8672159910202026
63445.37482277635,1.8672159910202026
63445.441217542706,1.8672159910202026
63445.507612309055,1.8672159910202026
63445.57400707541,1.868224024772644
63445.64040184177,1.8687260150909424
63445.706796608116,1.868224024772644
63445.77319137447,1.8687260150909424
63445.83958614082,1.8697359561920166
63445.90598090718,1.8692330121994019
63445.972375673526,1.8692330121994019
63446.03877043988,1.8687260150909424
63446.10516520624,1.868224024772644
63446.17155997259,1.867717981338501
63446.23795473894,1.8687260150909424
63446.30434950529,1.8697359561920166
63446.37074427165,1.868224024772644
63446.437139038,1.8692330121994019
63446.50353380435,1.867717981338501
63446.56992857071,1.868224024772644
63446.63632333706,1.8692330121994019
63446.702718103414,1.8692330121994019
63446.76911286976,1.868224024772644
63446.83550763612,1.8692330121994019
63446.901902402475,1.8687260150909424
63446.96829716882,1.867717981338501
63447.03469193518,1.867717981338501
63447.10108670153,1.8672159910202026
63447.167481467884,1.8672159910202026
63447.23387623423,1.8672159910202026
63447.30027100059,1.8672159910202026
63447.366665766946,1.8672159910202026
63447.433060533294,1.867717981338501
63447.49945529965,1.8672159910202026
63447.565850066,1.8672159910202026
63447.632244832355,1.8672159910202026
63447.698639598704,1.867717981338501
63447.76503436506,1.8672159910202026
63447.83142913142,1.8672159910202026
63447.897823897765,1.8672159910202026
63447.96421866412,1.8672159910202026
63448.03061343047,1.867717981338501
63448.097008196826,1.8672159910202026
63448.16340296318,1.8672159910202026
63448.22979772953,1.8672159910202026
63448.29619249589,1.8672159910202026
63448.362587262236,1.867717981338501
63448.42898202859,1.868224024772644
63448.49537679494,1.8672159910202026
63448.5617715613,1.8672159910202026
63448.62816632765,1.868224024772644
63448.694561094,1.868224024772644
63448.76095586036,1.8692330121994019
63448.82735062671,1.867717981338501
63448.89374539306,1.867717981338501
63448.96014015941,1.867717981338501
63449.02653492577,1.8672159910202026
63449.092929692124,1.8672159910202026
63449.15932445847,1.8672159910202026
63449.22571922483,1.8672159910202026
63449.29211399118,1.867717981338501
63449.358508757534,1.8672159910202026
63449.42490352389,1.8672159910202026
63449.49129829024,1.8672159910202026
63449.557693056595,1.8672159910202026
63449.624087822944,1.8672159910202026
63449.6904825893,1.8672159910202026
63449.75687735565,1.8667149543762207
63449.823272122005,1.8672159910202026
63449.88966688836,1.8672159910202026
63449.95606165471,1.8672159910202026
63450.022456421066,1.8672159910202026
63450.088851187415,1.8672159910202026
63450.15524595377,1.8672159910202026
63450.22164072012,1.8672159910202026
63450.288035486476,1.867717981338501
63450.35443025283,1.8672159910202026
63450.42082501918,1.8672159910202026
63450.48721978554,1.867717981338501
63450.553614551885,1.867717981338501
63450.62000931824,1.867717981338501
63450.6864040846,1.8697359561920166
63450.75279885095,1.8687260150909424
63450.8191936173,1.8697359561920166
63450.88558838365,1.8687260150909424
63450.95198315001,1.8697359561920166
63451.018377916356,1.8697359561920166
63451.08477268271,1.8697359561920166
63451.15116744907,1.8697359561920166
63451.21756221542,1.8697359561920166
63451.28395698177,1.8697359561920166
63451.35035174812,1.8697359561920166
63451.41674651448,1.8697359561920166
63451.48314128083,1.8697359561920166
63451.54953604718,1.8697359561920166
63451.61593081354,1.8697359561920166
63451.68232557989,1.8697359561920166
63451.748720346244,1.8697359561920166
63451.81511511259,1.8697359561920166
63451.88150987895,1.8707469701766968
63451.947904645305,1.871250033378601
63452.014299411654,1.8707469701766968
63452.08069417801,1.870239019393921
63452.14708894436,1.871250033378601
63452.213483710715,1.871250033378601
63452.279878477064,1.8707469701766968
63452.34627324342,1.870239019393921
63452.412668009776,1.8697359561920166
63452.479062776125,1.8697359561920166
63452.54545754248,1.8697359561920166
63452.61185230883,1.8707469701766968
63452.678247075186,1.8707469701766968
63452.744641841535,1.871250033378601
63452.81103660789,1.8722620010375977
63452.87743137425,1.8722620010375977
63452.943826140596,1.8722620010375977
63453.01022090695,1.8722620010375977
63453.0766156733,1.8722620010375977
63453.14301043966,1.8722620010375977
63453.20940520601,1.8722620010375977
63453.27579997236,1.8722620010375977
63453.34219473872,1.8727669715881348
63453.40858950507,1.8727669715881348
63453.47498427142,1.8737809658050537
63453.54137903777,1.8732759952545166
63453.60777380413,1.8747960329055786
63453.674168570484,1.874290943145752
63453.74056333683,1.8747960329055786
63453.80695810319,1.8747960329055786
63453.87335286954,1.8747960329055786
63453.93974763589,1.874290943145752
63454.00614240224,1.874290943145752
63454.0725371686,1.874290943145752
63454.138931934955,1.8747960329055786
63454.2053267013,1.874290943145752
63454.27172146766,1.8737809658050537
63454.33811623401,1.8737809658050537
63454.404511000364,1.8722620010375977
63454.47090576672,1.8722620010375977
63454.53730053307,1.8722620010375977
63454.603695299425,1.8722620010375977
63454.670090065774,1.8722620010375977
63454.73648483213,1.8722620010375977
63454.80287959848,1.8722620010375977
63454.869274364835,1.8722620010375977
63454.93566913119,1.8722620010375977
63455.00206389754,1.8707469701766968
63455.068458663896,1.8707469701766968
63455.134853430245,1.8697359561920166
63455.2012481966,1.8697359561920166
63455.26764296295,1.8697359561920166
63455.334037729306,1.8697359561920166
63455.40043249566,1.8697359561920166
63455.46682726201,1.8687260150909424
63455.53322202837,1.8692330121994019
63455.599616794716,1.868224024772644
63455.66601156107,1.8672159910202026
63455.73240632743,1.8672159910202026
63455.79880109378,1.8672159910202026
63455.86519586013,1.8672159910202026
63455.93159062648,1.8672159910202026
63455.99798539284,1.8672159910202026
63456.06438015919,1.867717981338501
63456.13077492554,1.8672159910202026
63456.1971696919,1.8672159910202026
63456.26356445825,1.8667149543762207
63456.329959224604,1.8662090301513672
63456.39635399095,1.8652030229568481
63456.46274875731,1.8647030591964722
63456.529143523665,1.8647030591964722
63456.595538290014,1.8647030591964722
63456.66193305637,1.8652030229568481
63456.72832782272,1.8647030591964722
63456.794722589075,1.8647030591964722
63456.86111735542,1.8647030591964722
63456.92751212178,1.8647030591964722
63456.993906888136,1.8647030591964722
63457.060301654485,1.8642029762268066
63457.12669642084,1.8647030591964722
63457.19309118719,1.8647030591964722
63457.259485953546,1.863698959350586
63457.325880719894,1.8626949787139893
63457.39227548625,1.8621970415115356
63457.45867025261,1.86319899559021
63457.525065018956,1.8626949787139893
63457.59145978531,1.86319899559021
63457.65785455166,1.8621970415115356
63457.72424931802,1.8621970415115356
63457.79064408437,1.8621970415115356
63457.85703885072,1.8621970415115356
63457.92343361708,1.8621970415115356
63457.989828383426,1.8621970415115356
63458.05622314978,1.8621970415115356
63458.12261791613,1.8621970415115356
63458.18901268249,1.8621970415115356
63458.25540744884,1.8621970415115356
63458.32180221519,1.8621970415115356
63458.38819698155,1.861698031425476
63458.4545917479,1.8606970310211182
63458.52098651425,1.8611949682235718
63458.5873812806,1.8621970415115356
63458.65377604696,1.8601950407028198
63458.720170813314,1.8611949682235718
63458.78656557966,1.861698031425476
63458.85296034602,1.8601950407028198
63458.91935511237,1.8606970310211182
63458.985749878724,1.8621970415115356
63459.05214464508,1.861698031425476
63459.11853941143,1.8621970415115356
63459.184934177785,1.861698031425476
63459.251328944134,1.8611949682235718
63459.31772371049,1.8606970310211182
63459.38411847684,1.8611949682235718
63459.450513243195,1.861698031425476
63459.51690800955,1.8621970415115356
63459.5833027759,1.861698031425476
63459.649697542256,1.8611949682235718
63459.716092308605,1.8606970310211182
63459.78248707496,1.8606970310211182
63459.84888184131,1.8601950407028198
63459.915276607666,1.8601950407028198
63459.98167137402,1.8596969842910767
63460.04806614037,1.8601950407028198
63460.11446090673,1.8611949682235718
63460.180855673076,1.8606970310211182
63460.24725043943,1.8601950407028198
63460.31364520579,1.861698031425476
63460.38003997214,1.861698031425476
63460.44643473849,1.861698031425476
63460.51282950484,1.861698031425476
63460.5792242712,1.8621970415115356
63460.64561903755,1.8621970415115356
63460.7120138039,1.8621970415115356
63460.77840857026,1.8621970415115356
63460.84480333661,1.8621970415115356
63460.911198102964,1.8621970415115356
63460.97759286931,1.8621970415115356
63461.04398763567,1.8621970415115356
63461.11038240202,1.8621970415115356
63461.17677716837,1.8621970415115356
63461.24317193473,1.8621970415115356
63461.30956670108,1.8621970415115356
63461.375961467435,1.8621970415115356
63461.44235623378,1.8621970415115356
63461.50875100014,1.8621970415115356
63461.575145766496,1.8621970415115356
63461.641540532844,1.8621970415115356
63461.7079352992,1.8621970415115356
63461.77433006555,1.8621970415115356
63461.840724831905,1.861698031425476
63461.907119598254,1.861698031425476
63461.97351436461,1.8611949682235718
63462.03990913097,1.8621970415115356
63462.106303897315,1.861698031425476
63462.17269866367,1.8606970310211182
63462.23909343002,1.8596969842910767
63462.305488196376,1.8586980104446411
63462.37188296273,1.8586980104446411
63462.43827772908,1.8586980104446411
63462.50467249544,1.857699990272522
63462.571067261786,1.8572039604187012
63462.63746202814,1.8572039604187012
63462.70385679449,1.8572039604187012
63462.77025156085,1.8572039604187012
63462.8366463272,1.8572039604187012
63462.90304109355,1.85670804977417
63462.96943585991,1.85670804977417
63463.03583062626,1.8547179698944092
63463.10222539261,1.8547179698944092
63463.16862015896,1.8547179698944092
63463.23501492532,1.8547179698944092
63463.301409691674,1.8547179698944092
63463.36780445802,1.8547179698944092
63463.43419922438,1.8537240028381348
63463.50059399073,1.8532299995422363
63463.566988757084,1.8527319431304932
63463.63338352344,1.8522380590438843
63463.69977828979,1.8522380590438843
63463.766173056145,1.8522380590438843
63463.832567822494,1.8522380590438843
63463.89896258885,1.8522380590438843
63463.9653573552,1.851248025894165
63464.031752121555,1.8517450094223022
63464.09814688791,1.8517450094223022
63464.16454165426,1.8517450094223022
63464.230936420616,1.8522380590438843
63464.297331186965,1.8522380590438843
63464.36372595332,1.8522380590438843
63464.43012071967,1.8522380590438843
63464.496515486026,1.8522380590438843
63464.56291025238,1.850754976272583
63464.62930501873,1.8497660160064697
63464.69569978509,1.8502579927444458
63464.762094551435,1.8502579927444458
63464.82848931779,1.8502579927444458
63464.89488408415,1.8502579927444458
63464.9612788505,1.8497660160064697
63465.02767361685,1.8497660160064697
63465.0940683832,1.8497660160064697
63465.16046314956,1.8497660160064697
63465.226857915906,1.8497660160064697
63465.29325268226,1.8497660160064697
63465.35964744862,1.8497660160064697
63465.42604221497,1.8487770557403564
63465.49243698132,1.8492740392684937
63465.55883174767,1.8492740392684937
63465.62522651403,1.8492740392684937
63465.69162128038,1.8487770557403564
63465.75801604673,1.8482860326766968
63465.82441081309,1.8472989797592163
63465.89080557944,1.8472989797592163
63465.957200345794,1.8472989797592163
63466.02359511214,1.8482860326766968
63466.0899898785,1.8482860326766968
63466.156384644855,1.8472989797592163
63466.222779411204,1.8472989797592163
63466.28917417756,1.847790002822876
63466.35556894391,1.8472989797592163
63466.421963710265,1.8472989797592163
63466.488358476614,1.8472989797592163
63466.55475324297,1.8468090295791626
63466.621148009326,1.8472989797592163
63466.687542775675,1.8472989797592163
63466.75393754203,1.8472989797592163
63466.82033230838,1.8472989797592163
63466.886727074736,1.8472989797592163
63466.953121841085,1.8468090295791626
63467.01951660744,1.8468090295791626
63467.0859113738,1.8468090295791626
63467.152306140146,1.8472989797592163
63467.2187009065,1.8463139533996582
63467.28509567285,1.845823049545288
63467.35149043921,1.845823049545288
63467.41788520556,1.8448400497436523
63467.48427997191,1.8448400497436523
63467.55067473827,1.8453290462493896
63467.61706950462,1.8448400497436523
63467.68346427097,1.8448400497436523
63467.74985903732,1.8448400497436523
63467.81625380368,1.8448400497436523
63467.882648570034,1.8448400497436523
63467.94904333638,1.8448400497436523
63468.01543810274,1.844349980354309
63468.08183286909,1.844349980354309
63468.14822763544,1.8448400497436523
63468.21462240179,1.8448400497436523
63468.28101716815,1.8448400497436523
63468.347411934505,1.8448400497436523
63468.41380670085,1.8448400497436523
63468.48020146721,1.8453290462493896
63468.54659623356,1.8448400497436523
63468.612990999914,1.8453290462493896
63468.67938576627,1.8448400497436523
63468.74578053262,1.8463139533996582
63468.812175298975,1.845823049545288
63468.878570065324,1.8448400497436523
63468.94496483168,1.8453290462493896
63469.01135959803,1.845823049545288
63469.077754364385,1.8448400497436523
63469.14414913074,1.8453290462493896
63469.21054389709,1.8448400497436523
63469.276938663446,1.8453290462493896
63469.343333429795,1.845823049545288
63469.40972819615,1.8453290462493896
63469.4761229625,1.8448400497436523
63469.542517728856,1.8448400497436523
63469.60891249521,1.8448400497436523
63469.67530726156,1.8448400497436523
63469.74170202792,1.8453290462493896
63469.808096794266,1.8448400497436523
63469.87449156062,1.8448400497436523
63469.94088632698,1.8448400497436523
63470.00728109333,1.8448400497436523
63470.07367585968,1.8448400497436523
63470.14007062603,1.8453290462493896
63470.20646539239,1.8448400497436523
63470.27286015874,1.8448400497436523
63470.33925492509,1.8448400497436523
63470.40564969145,1.8448400497436523
63470.4720444578,1.8448400497436523
63470.538439224154,1.8448400497436523
63470.6048339905,1.8448400497436523
63470.67122875686,1.8448400497436523
63470.73762352321,1.8448400497436523
63470.804018289564,1.8448400497436523
63470.87041305592,1.8448400497436523
63470.93680782227,1.8448400497436523
63471.003202588625,1.8448400497436523
63471.069597354974,1.8448400497436523
63471.13599212133,1.8448400497436523
63471.202386887686,1.8448400497436523
63471.268781654035,1.8448400497436523
63471.33517642039,1.8448400497436523
63471.40157118674,1.8448400497436523
63471.467965953096,1.844349980354309
63471.534360719445,1.8448400497436523
63471.6007554858,1.8448400497436523
63471.66715025216,1.8438559770584106
63471.733545018506,1.8433680534362793
63471.79993978486,1.8428740501403809
63471.86633455121,1.8433680534362793
63471.93272931757,1.8428740501403809
63471.999124083915,1.844349980354309
63472.06551885027,1.8438559770584106
63472.13191361663,1.8433680534362793
63472.19830838298,1.844349980354309
63472.26470314933,1.84238600730896
63472.33109791568,1.84238600730896
63472.39749268204,1.84238600730896
63472.46388744839,1.84238600730896
63472.53028221474,1.84238600730896
63472.5966769811,1.84238600730896
63472.66307174745,1.841897964477539
63472.7294665138,1.840917944908142
63472.79586128015,1.840917944908142
63472.86225604651,1.839938998222351
63472.928650812864,1.840917944908142
63472.99504557921,1.839938998222351
63473.06144034557,1.839938998222351
63473.12783511192,1.839938998222351
63473.194229878274,1.839938998222351
63473.26062464463,1.839938998222351
63473.32701941098,1.839938998222351
63473.393414177335,1.839938998222351
63473.459808943684,1.839938998222351
63473.52620371004,1.839938998222351
63473.59259847639,1.839938998222351
63473.658993242745,1.8379850387573242
63473.7253880091,1.8374990224838257
63473.79178277545,1.8374990224838257
63473.858177541806,1.8374990224838257
63473.924572308155,1.8374990224838257
63473.99096707451,1.8374990224838257
63474.05736184086,1.8374990224838257
63474.123756607216,1.8370139598846436
63474.19015137357,1.8374990224838257
63474.25654613992,1.8374990224838257
63474.32294090628,1.8370139598846436
63474.389335672626,1.8374990224838257
63474.45573043898,1.8374990224838257
63474.52212520534,1.8374990224838257
63474.58851997169,1.8355499505996704
63474.65491473804,1.8360389471054077
63474.72130950439,1.8355499505996704
63474.78770427075,1.8355499505996704
63474.8540990371,1.8350659608840942
63474.92049380345,1.8350659608840942
63474.98688856981,1.8350659608840942
63475.05328333616,1.8350659608840942
63475.119678102514,1.8350659608840942
63475.18607286886,1.8360389471054077
63475.25246763522,1.8350659608840942
63475.31886240157,1.8355499505996704
63475.38525716792,1.8365240097045898
63475.45165193428,1.8350659608840942
63475.51804670063,1.8350659608840942
63475.584441466985,1.8350659608840942
63475.65083623333,1.8350659608840942
63475.71723099969,1.8345810174942017
63475.783625766046,1.8350659608840942
63475.850020532394,1.8345810174942017
63475.91641529875,1.8350659608840942
63475.9828100651,1.8350659608840942
63476.049204831455,1.8350659608840942
63476.115599597804,1.8340929746627808
63476.18199436416,1.8345810174942017
63476.24838913052,1.8345810174942017
63476.314783896865,1.8350659608840942
63476.38117866322,1.8345810174942017
63476.44757342957,1.8345810174942017
63476.513968195926,1.8336089849472046
63476.580362962275,1.8336089849472046
63476.64675772863,1.8340929746627808
63476.71315249499,1.8326380252838135
63476.779547261336,1.8340929746627808
63476.84594202769,1.8331209421157837
63476.91233679404,1.8326380252838135
63476.9787315604,1.8336089849472046
63477.04512632675,1.8345810174942017
63477.1115210931,1.8350659608840942
63477.17791585946,1.8336089849472046
63477.24431062581,1.8326380252838135
63477.31070539216,1.8326380252838135
63477.37710015851,1.8340929746627808
63477.44349492487,1.8345810174942017
63477.509889691224,1.8340929746627808
63477.57628445757,1.8336089849472046
63477.64267922393,1.8336089849472046
63477.70907399028,1.8336089849472046
63477.775468756634,1.8340929746627808
63477.84186352298,1.8350659608840942
63477.90825828934,1.8350659608840942
63477.974653055695,1.8350659608840942
63478.041047822044,1.8350659608840942
63478.1074425884,1.8350659608840942
63478.17383735475,1.8350659608840942
63478.240232121105,1.8350659608840942
63478.30662688746,1.8350659608840942
63478.37302165381,1.8350659608840942
63478.439416420166,1.8340929746627808
63478.505811186515,1.8350659608840942
63478.57220595287,1.8345810174942017
63478.63860071922,1.8350659608840942
63478.704995485576,1.8350659608840942
63478.77139025193,1.8350659608840942
63478.83778501828,1.8350659608840942
63478.90417978464,1.8350659608840942
