time,temp
63011.68425928338,32.0620002746582
63011.7506540496,31.990999221801758
63011.81704881583,31.889999389648438
63011.883443582046,31.889999389648438
63011.94983834827,31.988000869750977
63012.01623311449,31.988000869750977
63012.082627880714,32.029998779296875
63012.14902264693,32.029998779296875
63012.21541741316,32.029998779296875
63012.28181217938,31.97800064086914
63012.3482069456,32.06100082397461
63012.414601711826,32.06100082397461
63012.48099647804,32.0620002746582
63012.54739124427,32.0620002746582
63012.61378601049,32.0620002746582
63012.68018077671,31.990999221801758
63012.74657554293,31.996000289916992
63012.812970309154,31.996000289916992
63012.87936507538,31.99799919128418
63012.9457598416,31.92799949645996
63013.01215460782,31.92799949645996
63013.07854937404,31.92799949645996
63013.144944140266,31.9689998626709
63013.21133890648,31.9689998626709
63013.27773367271,31.8799991607666
63013.344128438934,31.8799991607666
63013.41052320515,31.87700080871582
63013.47691797138,31.87700080871582
63013.543312737595,31.87700080871582
63013.60970750382,32.018001556396484
63013.67610227004,31.937000274658203
63013.74249703626,31.937000274658203
63013.80889180248,31.902000427246094
63013.875286568706,31.902000427246094
63013.94168133493,31.902000427246094
63014.00807610115,31.902000427246094
63014.074470867374,32.06399917602539
63014.14086563359,31.992000579833984
63014.20726039982,31.992000579833984
63014.273655166035,32.13800048828125
63014.34004993226,32.13800048828125
63014.406444698485,32.13800048828125
63014.4728394647,32.060001373291016
63014.53923423093,32.060001373291016
63014.605628997146,32.060001373291016
63014.67202376337,31.989999771118164
63014.73841852959,31.989999771118164
63014.804813295814,32.03099822998047
63014.87120806203,32.03099822998047
63014.93760282826,32.03099822998047
63015.00399759448,31.97800064086914
63015.0703923607,32.0260009765625
63015.136787126925,32.0260009765625
63015.20318189314,32.047000885009766
63015.26957665937,32.047000885009766
63015.335971425586,32.047000885009766
63015.40236619181,31.913999557495117
63015.468760958036,31.892000198364258
63015.535155724254,31.892000198364258
63015.60155049048,31.917999267578125
63015.6679452567,31.929000854492188
63015.73434002292,31.929000854492188
63015.80073478914,31.929000854492188
63015.867129555365,31.929000854492188
63015.93352432158,32.040000915527344
63015.99991908781,32.124000549316406
63016.06631385403,32.124000549316406
63016.13270862025,32.018001556396484
63016.199103386476,32.018001556396484
63016.265498152694,32.018001556396484
63016.33189291892,31.972000122070312
63016.39828768514,31.952999114990234
63016.46468245136,31.952999114990234
63016.53107721759,32.01499938964844
63016.597471983805,32.01499938964844
63016.66386675003,32.01499938964844
63016.73026151625,31.899999618530273
63016.79665628247,31.77899932861328
63016.86305104869,31.77899932861328
63016.929445814916,31.79800033569336
63016.995840581134,31.79800033569336
63017.06223534736,31.79800033569336
63017.128630113584,31.87700080871582
63017.1950248798,31.87700080871582
63017.26141964603,31.910999298095703
63017.327814412245,32.03300094604492
63017.39420917847,32.03300094604492
63017.46060394469,31.979000091552734
63017.52699871091,31.920000076293945
63017.59339347714,31.920000076293945
63017.659788243356,31.920000076293945
63017.72618300958,31.93000030517578
63017.7925777758,31.93000030517578
63017.858972542024,31.93400001525879
63017.92536730824,31.93400001525879
63017.99176207447,31.759000778198242
63018.058156840685,31.759000778198242
63018.12455160691,31.759000778198242
63018.190946373135,31.825000762939453
63018.25734113935,31.888999938964844
63018.32373590558,31.888999938964844
63018.390130671796,31.809999465942383
63018.45652543802,31.809999465942383
63018.52292020424,31.809999465942383
63018.589314970464,31.881999969482422
63018.65570973669,31.77199935913086
63018.72210450291,31.77199935913086
63018.78849926913,31.759000778198242
63018.85489403535,31.759000778198242
63018.921288801575,31.759000778198242
63018.98768356779,31.790000915527344
63019.05407833402,31.767000198364258
63019.120473100236,31.767000198364258
63019.18686786646,31.827999114990234
63019.25326263269,31.827999114990234
63019.319657398904,31.827999114990234
63019.38605216513,31.889999389648438
63019.45244693135,31.774999618530273
63019.51884169757,31.774999618530273
63019.58523646379,31.79599952697754
63019.651631230015,31.875999450683594
63019.71802599624,31.875999450683594
63019.78442076246,31.875999450683594
63019.85081552868,31.910999298095703
63019.9172102949,31.910999298095703
63019.98360506113,31.961999893188477
63020.049999827344,31.961999893188477
63020.11639459357,31.841999053955078
63020.182789359795,31.841999053955078
63020.24918412601,31.841999053955078
63020.31557889224,31.895999908447266
63020.381973658456,31.884000778198242
63020.44836842468,31.884000778198242
63020.5147631909,31.913999557495117
63020.581157957124,31.913999557495117
63020.64755272334,31.913999557495117
63020.71394748957,31.927000045776367
63020.78034225579,31.933000564575195
63020.84673702201,31.933000564575195
63020.913131788235,31.864999771118164
63020.97952655445,31.864999771118164
63021.04592132068,31.864999771118164
63021.112316086896,31.871000289916992
63021.17871085312,31.979000091552734
63021.245105619346,31.979000091552734
63021.311500385564,31.95599937438965
63021.37789515179,31.95599937438965
63021.44428991801,31.95599937438965
63021.51068468423,31.90999984741211
63021.57707945045,31.961000442504883
63021.643474216675,31.961000442504883
63021.70986898289,31.91200065612793
63021.77626374912,31.91200065612793
63021.84265851534,31.91200065612793
63021.90905328156,31.927000045776367
63021.975448047786,31.933000564575195
63022.041842814004,31.933000564575195
63022.10823758023,32.00600051879883
63022.17463234645,32.00299835205078
63022.24102711267,32.00299835205078
63022.3074218789,31.694000244140625
63022.373816645115,31.965999603271484
63022.44021141134,31.965999603271484
63022.50660617756,31.965999603271484
63022.57300094378,31.985000610351562
63022.63939571,31.886999130249023
63022.705790476226,31.886999130249023
63022.772185242444,31.916000366210938
63022.83858000867,31.916000366210938
63022.904974774894,31.916000366210938
63022.97136954111,31.92799949645996
63023.03776430734,31.898000717163086
63023.104159073555,31.898000717163086
63023.17055383978,31.95599937438965
63023.236948606,31.95599937438965
63023.30334337222,31.95599937438965
63023.36973813845,31.94499969482422
63023.436132904666,31.94099998474121
63023.50252767089,31.94099998474121
63023.56892243711,32.0099983215332
63023.635317203334,32.0099983215332
63023.70171196955,32.0099983215332
63023.76810673578,31.9689998626709
63023.834501501995,31.98699951171875
63023.90089626822,31.98699951171875
63023.967291034445,31.993999481201172
63024.03368580066,32.03300094604492
63024.10008056689,32.03300094604492
63024.166475333106,32.03300094604492
63024.23287009933,31.979000091552734
63024.29926486555,31.979000091552734
63024.365659631774,31.954999923706055
63024.432054398,31.954999923706055
63024.49844916422,32.051998138427734
63024.56484393044,32.051998138427734
63024.63123869666,32.051998138427734
63024.697633462885,31.916000366210938
63024.7640282291,31.964000701904297
63024.83042299533,31.964000701904297
63024.896817761546,31.983999252319336
63024.96321252777,31.983999252319336
63025.029607294,31.983999252319336
63025.096002060214,32.099998474121094
63025.16239682644,32.11399841308594
63025.22879159266,32.11399841308594
63025.29518635888,31.97800064086914
63025.3615811251,31.97800064086914
63025.427975891325,31.97800064086914
63025.49437065755,32.09700012207031
63025.56076542377,32.00699996948242
63025.62716018999,32.00699996948242
63025.69355495621,32.00299835205078
63025.75994972244,32.00299835205078
63025.826344488654,32.00299835205078
63025.89273925488,32.0369987487793
63025.9591340211,32.08700180053711
63026.02552878732,32.08700180053711
63026.09192355355,32.00199890136719
63026.158318319765,31.96500015258789
63026.22471308599,31.96500015258789
63026.29110785221,31.96500015258789
63026.35750261843,32.020999908447266
63026.42389738465,32.020999908447266
63026.49029215088,32.04399871826172
63026.5566869171,31.947999954223633
63026.62308168332,31.947999954223633
63026.689476449545,31.947999954223633
63026.75587121576,31.947999954223633
63026.82226598199,32.01300048828125
63026.888660748205,32.18299865722656
63026.95505551443,32.18299865722656
63027.02145028065,32.04399871826172
63027.08784504687,32.04399871826172
63027.1542398131,32.04399871826172
63027.22063457932,32.01900100708008
63027.28702934554,32.07899856567383
63027.35342411176,32.07899856567383
63027.419818877985,31.999000549316406
63027.4862136442,31.999000549316406
63027.55260841043,32.03499984741211
63027.61900317665,32.03499984741211
63027.68539794287,32.03499984741211
63027.751792709096,32.01499938964844
63027.81818747531,31.97100067138672
63027.88458224154,31.97100067138672
63027.95097700776,31.95199966430664
63028.01737177398,31.95199966430664
63028.08376654021,31.95199966430664
63028.150161306425,31.979000091552734
63028.21655607265,32.0620002746582
63028.28295083887,32.0620002746582
63028.34934560509,32.097999572753906
63028.41574037131,32.04199981689453
63028.482135137536,32.04199981689453
63028.548529903754,32.04199981689453
63028.61492466998,32.018001556396484
63028.681319436204,32.018001556396484
63028.74771420242,32.07899856567383
63028.81410896865,32.07899856567383
63028.880503734865,32.06999969482422
63028.94689850109,32.06999969482422
63029.01329326731,32.06999969482422
63029.07968803353,32.066001892089844
63029.14608279976,32.16999816894531
63029.212477565976,32.16999816894531
63029.2788723322,32.21500015258789
63029.34526709842,32.21500015258789
63029.411661864644,32.21500015258789
63029.47805663086,32.02199935913086
63029.54445139709,32.11600112915039
63029.610846163305,32.11600112915039
63029.67724092953,32.19200134277344
63029.743635695755,32.19200134277344
63029.81003046197,32.19200134277344
63029.8764252282,32.11899948120117
63029.942819994416,32.15800094604492
63030.00921476064,32.15800094604492
63030.07560952686,32.209999084472656
63030.142004293084,32.196998596191406
63030.20839905931,32.196998596191406
63030.27479382553,32.196998596191406
63030.34118859175,32.084999084472656
63030.40758335797,32.084999084472656
63030.473978124195,32.071998596191406
63030.54037289041,32.10200119018555
63030.60676765664,32.10200119018555
63030.673162422856,32.10200119018555
63030.73955718908,32.10200119018555
63030.805951955306,32.1150016784668
63030.872346721524,32.04999923706055
63030.93874148775,32.04999923706055
63031.00513625397,32.05699920654297
63031.07153102019,32.05699920654297
63031.13792578641,32.05699920654297
63031.204320552635,32.13100051879883
63031.27071531886,32.09199905395508
63031.33711008508,32.09199905395508
63031.4035048513,32.07500076293945
63031.46989961752,32.07500076293945
63031.536294383746,32.07500076293945
63031.602689149964,32.06800079345703
63031.66908391619,31.993999481201172
63031.73547868241,31.993999481201172
63031.80187344863,32.03300094604492
63031.86826821486,32.03300094604492
63031.934662981075,32.03300094604492
63032.0010577473,32.12099838256836
63032.06745251352,32.051998138427734
63032.13384727974,32.051998138427734
63032.20024204596,32.05799865722656
63032.266636812186,32.05799865722656
63032.33303157841,32.05799865722656
63032.39942634463,32.09600067138672
63032.465821110854,32.09600067138672
63032.53221587707,32.21900177001953
63032.5986106433,32.20100021362305
63032.665005409515,32.20100021362305
63032.73140017574,32.19300079345703
63032.79779494196,32.154998779296875
63032.86418970818,32.154998779296875
63032.93058447441,32.154998779296875
63032.99697924063,32.154998779296875
63033.06337400685,32.13800048828125
63033.12976877307,32.20100021362305
63033.196163539295,32.20100021362305
63033.26255830551,32.051998138427734
63033.32895307174,32.051998138427734
63033.39534783796,32.051998138427734
63033.46174260418,32.05799865722656
63033.528137370406,32.09600067138672
63033.59453213662,32.09600067138672
63033.66092690285,32.14799880981445
63033.72732166907,32.14799880981445
63033.79371643529,32.14799880981445
63033.86011120151,32.16999816894531
63033.926505967735,32.03799819946289
63033.99290073396,32.03799819946289
63034.05929550018,32.12300109863281
63034.1256902664,32.12300109863281
63034.19208503262,32.12300109863281
63034.258479798846,32.0890007019043
63034.32487456506,32.18000030517578
63034.39126933129,32.18000030517578
63034.457664097514,32.14899826049805
63034.52405886373,32.1349983215332
63034.59045362996,32.1349983215332
63034.656848396175,32.1349983215332
63034.7232431624,32.12900161743164
63034.78963792862,32.12900161743164
63034.85603269484,32.198001861572266
63034.92242746107,32.198001861572266
63034.988822227286,32.12099838256836
63035.05521699351,32.12099838256836
63035.12161175973,32.12099838256836
63035.188006525954,32.0880012512207
63035.25440129217,32.21500015258789
63035.3207960584,32.21500015258789
63035.387190824615,32.20000076293945
63035.45358559084,32.20000076293945
63035.519980357065,32.20000076293945
63035.58637512328,32.15700149536133
63035.65276988951,32.209999084472656
63035.719164655726,32.209999084472656
63035.78555942195,32.233001708984375
63035.85195418817,32.233001708984375
63035.918348954394,32.233001708984375
63035.98474372062,32.242000579833984
63036.05113848684,32.10499954223633
63036.11753325306,32.10499954223633
63036.18392801928,32.222999572753906
63036.250322785505,32.222999572753906
63036.31671755172,32.222999572753906
63036.38311231795,32.202999114990234
63036.449507084166,32.194000244140625
63036.51590185039,32.194000244140625
63036.582296616616,32.08399963378906
63036.648691382834,32.08399963378906
63036.71508614906,32.08399963378906
63036.78148091528,32.178001403808594
63036.8478756815,32.21900177001953
63036.91427044772,32.21900177001953
63036.980665213945,32.30699920654297
63037.04705998017,32.310001373291016
63037.11345474639,32.310001373291016
63037.17984951261,32.310001373291016
63037.24624427883,32.20500183105469
63037.312639045056,32.20500183105469
63037.379033811274,32.19499969482422
63037.4454285775,32.19499969482422
63037.51182334372,32.262001037597656
63037.57821810994,32.183998107910156
63037.64461287617,32.183998107910156
63037.711007642385,32.183998107910156
63037.77740240861,32.183998107910156
63037.84379717483,32.1510009765625
63037.91019194105,32.242000579833984
63037.97658670727,32.242000579833984
63038.042981473496,32.28200149536133
63038.10937623972,32.28200149536133
63038.17577100594,32.28200149536133
63038.242165772164,32.15800094604492
63038.30856053838,32.209999084472656
63038.37495530461,32.209999084472656
63038.441350070825,32.196998596191406
63038.50774483705,32.196998596191406
63038.57413960327,32.196998596191406
63038.64053436949,32.22700119018555
63038.70692913572,32.20500183105469
63038.773323901936,32.20500183105469
63038.83971866816,32.19499969482422
63038.90611343438,32.19499969482422
63038.972508200604,32.19499969482422
63039.03890296682,32.262001037597656
63039.10529773305,32.255001068115234
63039.17169249927,32.255001068115234
63039.23808726549,32.25199890136719
63039.304482031715,32.25199890136719
63039.37087679793,32.25199890136719
63039.43727156416,32.250999450683594
63039.503666330376,32.21500015258789
63039.5700610966,32.21500015258789
63039.63645586282,32.27000045776367
63039.702850629044,32.1879997253418
63039.76924539527,32.1879997253418
63039.83564016149,32.1879997253418
63039.90203492771,32.1879997253418
63039.96842969393,32.1879997253418
63040.034824460156,32.1879997253418
63040.10121922637,32.1879997253418
63040.1676139926,32.152000427246094
63040.23400875882,32.152000427246094
63040.30040352504,32.152000427246094
63040.36679829127,32.172000885009766
63040.433193057484,32.2869987487793
63040.49958782371,32.2869987487793
63040.56598258993,32.124000549316406
63040.63237735615,32.124000549316406
63040.69877212237,32.124000549316406
63040.765166888596,32.0890007019043
63040.83156165482,32.250999450683594
63040.89795642104,32.250999450683594
63040.964351187264,32.321998596191406
63041.03074595348,32.321998596191406
63041.09714071971,32.321998596191406
63041.163535485925,32.28099822998047
63041.22993025215,32.19200134277344
63041.296325018375,32.19200134277344
63041.36271978459,32.26100158691406
63041.42911455082,32.26100158691406
63041.495509317036,32.26100158691406
63041.56190408326,32.21900177001953
63041.62829884948,32.16600036621094
63041.694693615704,32.16600036621094
63041.76108838193,32.249000549316406
63041.82748314815,32.25
63041.89387791437,32.25
63041.96027268059,32.25
63042.026667446815,32.28499984741211
63042.09306221303,32.28499984741211
63042.15945697926,32.37200164794922
63042.225851745476,32.3380012512207
63042.2922465117,32.3380012512207
63042.358641277926,32.3380012512207
63042.425036044144,32.3380012512207
63042.49143081037,32.32400131225586
63042.55782557659,32.35300064086914
63042.62422034281,32.35300064086914
63042.69061510903,32.29399871826172
63042.757009875255,32.29399871826172
63042.82340464148,32.26900100708008
63042.8897994077,32.26900100708008
63042.95619417392,32.26900100708008
63043.02258894014,32.32899856567383
63043.088983706366,32.141998291015625
63043.155378472584,32.141998291015625
63043.22177323881,32.27399826049805
63043.28816800503,32.27399826049805
63043.35456277125,32.27399826049805
63043.42095753748,32.189998626708984
63043.487352303695,32.25899887084961
63043.55374706992,32.25899887084961
63043.62014183614,32.18299865722656
63043.68653660236,32.18299865722656
63043.75293136858,32.18299865722656
63043.819326134806,32.22100067138672
63043.88572090103,32.20199966430664
63043.95211566725,32.20199966430664
63044.018510433474,32.229000091552734
63044.08490519969,32.3120002746582
63044.15129996592,32.3120002746582
63044.217694732135,32.3120002746582
63044.28408949836,32.3120002746582
63044.35048426458,32.277000427246094
63044.4168790308,32.297000885009766
63044.48327379703,32.297000885009766
63044.549668563246,32.305999755859375
63044.61606332947,32.305999755859375
63044.68245809569,32.305999755859375
63044.748852861914,32.310001373291016
63044.81524762813,32.2400016784668
63044.88164239436,32.2400016784668
63044.94803716058,32.209999084472656
63045.0144319268,32.209999084472656
63045.080826693025,32.209999084472656
63045.14722145924,32.30400085449219
63045.21361622547,32.237998962402344
63045.280010991686,32.237998962402344
63045.34640575791,32.20899963378906
63045.41280052413,32.20899963378906
63045.479195290354,32.20899963378906
63045.54559005658,32.268001556396484
63045.6119848228,32.32899856567383
63045.67837958902,32.32899856567383
63045.74477435524,32.284000396728516
63045.811169121465,32.284000396728516
63045.87756388768,32.284000396728516
63045.94395865391,32.29999923706055
63046.01035342013,32.37799835205078
63046.07674818635,32.37799835205078
63046.14314295258,32.446998596191406
63046.209537718794,32.44200134277344
63046.27593248502,32.44200134277344
63046.34232725124,32.44200134277344
63046.40872201746,32.297000885009766
63046.47511678368,32.297000885009766
63046.541511549905,32.4119987487793
63046.60790631613,32.4119987487793
63046.67430108235,32.35599899291992
63046.74069584857,32.35599899291992
63046.80709061479,32.35599899291992
63046.87348538102,32.29600143432617
63046.939880147234,32.27000045776367
63047.00627491346,32.27000045776367
63047.072669679685,32.25899887084961
63047.1390644459,32.25899887084961
63047.20545921213,32.25899887084961
63047.271853978345,32.28900146484375
63047.33824874457,32.301998138427734
63047.40464351079,32.301998138427734
63047.47103827701,32.37900161743164
63047.53743304323,32.37900161743164
63047.60382780946,32.37900161743164
63047.67022257568,32.340999603271484
63047.7366173419,32.340999603271484
63047.803012108125,32.21900177001953
63047.86940687434,32.20100021362305
63047.93580164057,32.20100021362305
63048.002196406786,32.334999084472656
63048.06859117301,32.334999084472656
63048.134985939236,32.334999084472656
63048.20138070545,32.250999450683594
63048.26777547168,32.356998443603516
63048.3341702379,32.356998443603516
63048.40056500412,32.332000732421875
63048.46695977034,32.32099914550781
63048.533354536565,32.32099914550781
63048.59974930278,32.32099914550781
63048.66614406901,32.32099914550781
63048.73253883523,32.35200119018555
63048.79893360145,32.32899856567383
63048.865328367676,32.32899856567383
63048.931723133894,32.39099884033203
63048.99811790012,32.39099884033203
63049.06451266634,32.39099884033203
63049.13090743256,32.38199996948242
63049.19730219879,32.27199935913086
63049.263696965005,32.27199935913086
63049.33009173123,32.33000183105469
63049.39648649745,32.33000183105469
63049.46288126367,32.33000183105469
63049.52927602989,32.31999969482422
63049.595670796116,32.279998779296875
63049.66206556234,32.279998779296875
63049.72846032856,32.404998779296875
63049.794855094784,32.404998779296875
63049.861249861,32.404998779296875
63049.92764462723,32.42300033569336
63049.994039393445,32.36000061035156
63050.06043415967,32.36000061035156
63050.12682892589,32.262001037597656
63050.19322369211,32.262001037597656
63050.25961845834,32.262001037597656
63050.326013224556,32.36199951171875
63050.39240799078,32.404998779296875
63050.458802757,32.404998779296875
63050.525197523224,32.35200119018555
63050.59159228944,32.33000183105469
63050.65798705567,32.33000183105469
63050.72438182189,32.33000183105469
63050.79077658811,32.31999969482422
63050.857171354335,32.31999969482422
63050.92356612055,32.316001892089844
63050.98996088678,32.24300003051758
63051.056355652996,32.24300003051758
63051.12275041922,32.24300003051758
63051.18914518544,32.24300003051758
63051.255539951664,32.28200149536133
63051.32193471789,32.263999938964844
63051.38832948411,32.263999938964844
63051.45472425033,32.32699966430664
63051.52111901655,32.32699966430664
63051.587513782775,32.32699966430664
63051.65390854899,32.319000244140625
63051.72030331522,32.35100173950195
63051.78669808144,32.35100173950195
63051.85309284766,32.36399841308594
63051.919487613886,32.36399841308594
63051.985882380104,32.36399841308594
63052.05227714633,32.334999084472656
63052.11867191255,32.393001556396484
63052.18506667877,32.393001556396484
63052.25146144499,32.45399856567383
63052.317856211215,32.45399856567383
63052.38425097744,32.45399856567383
63052.45064574366,32.47999954223633
63052.51704050988,32.45600128173828
63052.5834352761,32.45600128173828
63052.649830042326,32.40999984741211
63052.716224808544,32.35499954223633
63052.78261957477,32.35499954223633
63052.849014340994,32.33100128173828
63052.91540910721,32.33100128173828
63052.98180387344,32.33100128173828
63053.048198639655,32.35599899291992
63053.11459340588,32.35599899291992
63053.1809881721,32.367000579833984
63053.24738293832,32.29999923706055
63053.31377770454,32.29999923706055
63053.38017247077,32.29999923706055
63053.44656723699,32.29999923706055
63053.51296200321,32.29999923706055
63053.579356769435,32.29999923706055
63053.64575153565,32.20100021362305
63053.71214630188,32.29999923706055
63053.778541068095,32.29999923706055
63053.84493583432,32.37799835205078
63053.911330600546,32.37799835205078
63053.97772536676,32.37799835205078
63054.04412013299,32.27000045776367
63054.11051489921,32.3650016784668
63054.17690966543,32.3650016784668
63054.24330443165,32.334999084472656
63054.309699197875,32.334999084472656
63054.37609396409,32.334999084472656
63054.44248873032,32.393001556396484
63054.50888349654,32.277000427246094
63054.57527826276,32.277000427246094
63054.641673028986,32.332000732421875
63054.7080677952,32.332000732421875
63054.77446256143,32.332000732421875
63054.84085732765,32.426998138427734
63054.90725209387,32.39799880981445
63054.9736468601,32.39799880981445
63055.040041626315,32.3489990234375
63055.10643639254,32.3489990234375
63055.17283115876,32.3489990234375
63055.23922592498,32.435001373291016
63055.3056206912,32.542999267578125
63055.372015457426,32.542999267578125
63055.43841022364,32.448001861572266
63055.50480498987,32.44200134277344
63055.571199756094,32.44200134277344
63055.63759452231,32.44200134277344
63055.70398928854,32.43899917602539
63055.770384054755,32.43899917602539
63055.83677882098,32.367000579833984
63055.9031735872,32.37200164794922
63055.96956835342,32.37200164794922
63056.03596311965,32.37200164794922
63056.102357885866,32.37200164794922
63056.16875265209,32.303001403808594
63056.23514741831,32.37900161743164
63056.301542184534,32.37900161743164
63056.36793695075,32.37699890136719
63056.43433171698,32.37699890136719
63056.500726483195,32.37699890136719
63056.56712124942,32.375999450683594
63056.633516015645,32.34000015258789
63056.69991078186,32.34000015258789
63056.76630554809,32.32400131225586
63056.832700314306,32.32400131225586
63056.89909508053,32.32400131225586
63056.96548984675,32.31800079345703
63057.031884612974,32.38600158691406
63057.0982793792,32.38600158691406
63057.16467414542,32.308998107910156
63057.23106891164,32.308998107910156
63057.29746367786,32.308998107910156
63057.363858444085,32.41699981689453
63057.4302532103,32.42900085449219
63057.49664797653,32.42900085449219
63057.56304274275,32.433998107910156
63057.62943750897,32.433998107910156
63057.695832275196,32.433998107910156
63057.762227041414,32.43600082397461
63057.82862180764,32.4370002746582
63057.89501657386,32.4370002746582
63057.96141134008,32.507999420166016
63058.0278061063,32.507999420166016
63058.094200872525,32.50400161743164
63058.16059563875,32.50400161743164
63058.22699040497,32.430999755859375
63058.29338517119,32.430999755859375
63058.35977993741,32.430999755859375
63058.426174703636,32.435001373291016
63058.492569469854,32.4010009765625
63058.55896423608,32.4010009765625
63058.625359002304,32.422000885009766
63058.69175376852,32.422000885009766
63058.75814853475,32.422000885009766
63058.824543300965,32.50199890136719
63058.89093806719,32.500999450683594
63058.95733283341,32.500999450683594
63059.02372759963,32.606998443603516
63059.09012236585,32.606998443603516
63059.156517132076,32.606998443603516
63059.2229118983,32.51100158691406
63059.28930666452,32.540000915527344
63059.355701430744,32.540000915527344
63059.42209619696,32.516998291015625
63059.48849096319,32.516998291015625
63059.554885729405,32.516998291015625
63059.62128049563,32.4370002746582
63059.687675261855,32.472999572753906
63059.75407002807,32.472999572753906
63059.8204647943,32.52399826049805
63059.886859560516,32.54600143432617
63059.95325432674,32.54600143432617
63060.01964909296,32.54600143432617
63060.086043859184,32.54600143432617
63060.1524386254,32.44900131225586
63060.21883339163,32.33599853515625
63060.28522815785,32.33599853515625
63060.35162292407,32.39400100708008
63060.418017690296,32.39400100708008
63060.48441245651,32.39400100708008
63060.55080722274,32.41899871826172
63060.61720198896,32.39400100708008
63060.68359675518,32.39400100708008
63060.74999152141,32.41899871826172
63060.816386287624,32.41899871826172
63060.88278105385,32.41899871826172
63060.94917582007,32.42900085449219
63061.01557058629,32.433998107910156
63061.08196535251,32.433998107910156
63061.148360118736,32.47100067138672
63061.21475488495,32.47100067138672
63061.28114965118,32.47100067138672
63061.347544417404,32.487998962402344
63061.41393918362,32.566001892089844
63061.48033394985,32.566001892089844
63061.546728716065,32.457000732421875
63061.61312348229,32.457000732421875
63061.67951824851,32.457000732421875
63061.74591301473,32.375
63061.81230778096,32.48099899291992
63061.878702547176,32.48099899291992
63061.9450973134,32.457000732421875
63062.01149207962,32.44599914550781
63062.077886845844,32.44599914550781
63062.14428161206,32.44599914550781
63062.21067637829,32.44599914550781
63062.277071144505,32.512001037597656
63062.34346591073,32.54100036621094
63062.409860676955,32.54100036621094
63062.47625544317,32.4109992980957
63062.5426502094,32.4109992980957
63062.609044975616,32.4109992980957
63062.67543974184,32.42599868774414
63062.74183450806,32.50299835205078
63062.808229274284,32.50299835205078
63062.87462404051,32.465999603271484
63062.94101880673,32.465999603271484
63063.00741357295,32.465999603271484
63063.07380833917,32.45000076293945
63063.140203105395,32.45000076293945
63063.20659787161,32.513999938964844
63063.27299263784,32.54100036621094
63063.339387404056,32.54100036621094
63063.40578217028,32.518001556396484
63063.472176936506,32.518001556396484
63063.538571702724,32.518001556396484
63063.60496646895,32.47200012207031
63063.67136123517,32.558998107910156
63063.73775600139,32.558998107910156
63063.80415076761,32.525001525878906
63063.870545533835,32.525001525878906
63063.93694030006,32.51100158691406
63064.00333506628,32.51100158691406
63064.0697298325,32.51100158691406
63064.13612459872,32.505001068115234
63064.202519364946,32.53799819946289
63064.268914131164,32.53799819946289
63064.33530889739,32.48099899291992
63064.40170366361,32.48099899291992
63064.46809842983,32.48099899291992
63064.53449319606,32.3849983215332
63064.600887962275,32.45000076293945
63064.6672827285,32.45000076293945
63064.73367749472,32.479000091552734
63064.80007226094,32.479000091552734
63064.86646702716,32.479000091552734
63064.932861793386,32.45500183105469
63064.99925655961,32.48099899291992
63065.06565132583,32.48099899291992
63065.132046092054,32.5629997253418
63065.19844085827,32.5629997253418
63065.2648356245,32.5629997253418
63065.331230390715,32.492000579833984
63065.39762515694,32.49599838256836
63065.464019923165,32.49599838256836
63065.53041468938,32.534000396728516
63065.59680945561,32.534000396728516
63065.663204221826,32.534000396728516
63065.72959898805,32.54999923706055
63065.79599375427,32.59299850463867
63065.862388520494,32.59299850463867
63065.92878328671,32.540000915527344
63065.99517805294,32.481998443603516
63066.06157281916,32.481998443603516
63066.12796758538,32.481998443603516
63066.194362351605,32.481998443603516
63066.26075711782,32.457000732421875
63066.32715188405,32.48099899291992
63066.393546650266,32.48099899291992
63066.45994141649,32.5629997253418
63066.52633618272,32.5629997253418
63066.592730948934,32.5629997253418
63066.65912571516,32.527000427246094
63066.72552048138,32.58300018310547
63066.7919152476,32.58300018310547
63066.85831001382,32.46500015258789
63066.924704780045,32.46500015258789
63066.99109954626,32.46500015258789
63067.05749431249,32.555999755859375
63067.12388907871,32.52399826049805
63067.19028384493,32.52399826049805
63067.25667861116,32.40399932861328
63067.323073377374,32.40399932861328
63067.3894681436,32.40399932861328
63067.45586290982,32.52899932861328
63067.52225767604,32.51300048828125
63067.58865244227,32.51300048828125
63067.655047208485,32.50600051879883
63067.72144197471,32.50600051879883
63067.78783674093,32.50600051879883
63067.85423150715,32.430999755859375
63067.92062627337,32.470001220703125
63067.9870210396,32.470001220703125
63068.053415805814,32.52299880981445
63068.11981057204,32.5099983215332
63068.186205338265,32.5099983215332
63068.25260010448,32.50400161743164
63068.31899487071,32.50400161743164
63068.385389636926,32.50400161743164
63068.45178440315,32.5369987487793
63068.51817916937,32.5369987487793
63068.584573935594,32.51599884033203
63068.65096870182,32.612998962402344
63068.71736346804,32.612998962402344
63068.78375823426,32.612998962402344
63068.85015300048,32.612998962402344
63068.916547766705,32.54899978637695
63068.98294253292,32.55699920654297
63069.04933729915,32.55699920654297
63069.115732065366,32.595001220703125
63069.18212683159,32.595001220703125
63069.248521597816,32.595001220703125
63069.314916364034,32.50600051879883
63069.38131113026,32.46699905395508
63069.44770589648,32.46699905395508
63069.5141006627,32.520999908447266
63069.58049542892,32.520999908447266
63069.646890195145,32.520999908447266
63069.71328496137,32.50899887084961
63069.77967972759,32.53900146484375
63069.84607449381,32.53900146484375
63069.91246926003,32.516998291015625
63069.978864026256,32.516998291015625
63070.045258792474,32.516998291015625
63070.1116535587,32.577999114990234
63070.17804832492,32.534000396728516
63070.24444309114,32.534000396728516
63070.31083785737,32.62099838256836
63070.377232623585,32.551998138427734
63070.44362738981,32.551998138427734
63070.51002215603,32.551998138427734
63070.57641692225,32.41600036621094
63070.64281168847,32.41600036621094
63070.709206454696,32.60599899291992
63070.77560122092,32.5099983215332
63070.84199598714,32.5099983215332
63070.908390753364,32.5099983215332
63070.97478551958,32.5099983215332
63071.04118028581,32.50400161743164
63071.107575052025,32.50199890136719
63071.17396981825,32.50199890136719
63071.24036458447,32.571998596191406
63071.30675935069,32.571998596191406
63071.37315411692,32.571998596191406
63071.439548883136,32.566001892089844
63071.50594364936,32.52899932861328
63071.57233841558,32.52899932861328
63071.638733181804,32.61899948120117
63071.70512794802,32.61899948120117
63071.77152271425,32.61899948120117
63071.83791748047,32.55099868774414
63071.90431224669,32.48699951171875
63071.970707012915,32.48699951171875
63072.03710177913,32.529998779296875
63072.10349654536,32.529998779296875
63072.169891311576,32.529998779296875
63072.2362860778,32.654998779296875
63072.302680844026,32.63800048828125
63072.369075610244,32.63800048828125
63072.43547037647,32.595001220703125
63072.50186514269,32.595001220703125
63072.56825990891,32.595001220703125
63072.63465467513,32.71799850463867
63072.701049441355,32.736000061035156
63072.76744420757,32.736000061035156
63072.8338389738,32.67300033569336
63072.90023374002,32.61000061035156
63072.96662850624,32.61000061035156
63073.03302327247,32.61000061035156
63073.099418038684,32.61899948120117
63073.16581280491,32.61899948120117
63073.23220757113,32.58700180053711
63073.29860233735,32.58700180053711
63073.36499710358,32.53799819946289
63073.431391869795,32.53799819946289
63073.49778663602,32.51599884033203
63073.56418140224,32.51599884033203
63073.63057616846,32.51599884033203
63073.69697093468,32.54199981689453
63073.76336570091,32.55400085449219
63073.829760467124,32.55400085449219
63073.89615523335,32.52299880981445
63073.962549999575,32.52299880981445
63074.02894476579,32.52299880981445
63074.09533953202,32.58100128173828
63074.161734298235,32.60599899291992
63074.22812906446,32.60599899291992
63074.29452383068,32.652000427246094
63074.3609185969,32.652000427246094
63074.42731336313,32.652000427246094
63074.49370812935,32.566001892089844
63074.56010289557,32.66999816894531
63074.62649766179,32.66999816894531
63074.692892428015,32.60900115966797
63074.75928719423,32.58300018310547
63074.82568196046,32.58300018310547
63074.892076726675,32.58300018310547
63074.9584714929,32.678001403808594
63075.024866259126,32.678001403808594
63075.09126102534,32.61199951171875
63075.15765579157,32.61199951171875
63075.22405055779,32.619998931884766
63075.29044532401,32.619998931884766
63075.35684009023,32.619998931884766
63075.423234856455,32.65800094604492
63075.48962962268,32.56800079345703
63075.5560243889,32.56800079345703
63075.62241915512,32.60100173950195
63075.68881392134,32.60100173950195
63075.755208687566,32.60100173950195
63075.82160345378,32.57899856567383
63075.88799822001,32.534000396728516
63075.95439298623,32.534000396728516
63076.02078775245,32.58599853515625
63076.08718251868,32.58599853515625
63076.153577284895,32.58599853515625
63076.21997205112,32.608001708984375
63076.28636681734,32.68899917602539
63076.35276158356,32.68899917602539
63076.41915634978,32.65299987792969
63076.485551116006,32.65299987792969
63076.55194588223,32.65299987792969
63076.61834064845,32.60100173950195
63076.684735414674,32.57899856567383
63076.75113018089,32.57899856567383
63076.81752494712,32.56999969482422
63076.883919713335,32.56999969482422
63076.95031447956,32.56999969482422
63077.01670924578,32.707000732421875
63077.083104012,32.625
63077.14949877823,32.625
63077.215893544446,32.55400085449219
63077.28228831067,32.665000915527344
63077.34868307689,32.665000915527344
63077.415077843114,32.665000915527344
63077.48147260933,32.641998291015625
63077.54786737556,32.641998291015625
63077.61426214178,32.59700012207031
63077.680656908,32.59700012207031
63077.747051674225,32.71900177001953
63077.81344644044,32.71900177001953
63077.87984120667,32.71900177001953
63077.946235972886,32.73699951171875
63078.01263073911,32.70899963378906
63078.07902550533,32.70899963378906
63078.145420271554,32.59000015258789
63078.21181503778,32.59000015258789
63078.278209804,32.59000015258789
63078.34460457022,32.57500076293945
63078.41099933644,32.57500076293945
63078.477394102665,32.60300064086914
63078.54378886888,32.6510009765625
63078.61018363511,32.6510009765625
63078.67657840133,32.564998626708984
63078.74297316755,32.564998626708984
63078.809367933776,32.564998626708984
63078.875762699994,32.5989990234375
63078.94215746622,32.685001373291016
63079.00855223244,32.685001373291016
63079.07494699866,32.72200012207031
63079.14134176489,32.70199966430664
63079.207736531105,32.70199966430664
63079.27413129733,32.70199966430664
63079.34052606355,32.70199966430664
63079.40692082977,32.65800094604492
63079.47331559599,32.67499923706055
63079.539710362216,32.67499923706055
63079.606105128434,32.68199920654297
63079.67249989466,32.68199920654297
63079.738894660884,32.68199920654297
63079.8052894271,32.75600051879883
63079.87168419333,32.71699905395508
63079.938078959545,32.71699905395508
63080.00447372577,32.70000076293945
63080.07086849199,32.70000076293945
63080.13726325821,32.70000076293945
63080.20365802444,32.65800094604492
63080.270052790656,32.604000091552734
63080.33644755688,32.604000091552734
63080.4028423231,32.61600112915039
63080.469237089324,32.61600112915039
63080.53563185554,32.61600112915039
63080.60202662177,32.54999923706055
63080.668421387985,32.62799835205078
63080.73481615421,32.62799835205078
63080.801210920436,32.6619987487793
63080.86760568665,32.6619987487793
63080.93400045288,32.6619987487793
63081.0003952191,32.56999969482422
63081.06678998532,32.74300003051758
63081.13318475154,32.74300003051758
63081.199579517765,32.74700164794922
63081.26597428399,32.678001403808594
63081.33236905021,32.678001403808594
63081.39876381643,32.678001403808594
63081.46515858265,32.678001403808594
63081.531553348876,32.68299865722656
63081.59794811509,32.6150016784668
63081.66434288132,32.6150016784668
63081.73073764754,32.54999923706055
63081.79713241376,32.54999923706055
63081.86352717999,32.54999923706055
63081.929921946205,32.59199905395508
63081.99631671243,32.611000061035156
63082.06271147865,32.611000061035156
63082.12910624487,32.724998474121094
63082.19550101109,32.724998474121094
63082.261895777316,32.724998474121094
63082.32829054354,32.73899841308594
63082.39468530976,32.709999084472656
63082.461080075984,32.709999084472656
63082.5274748422,32.733001708984375
63082.59386960843,32.733001708984375
63082.660264374645,32.733001708984375
63082.72665914087,32.707000732421875
63082.79305390709,32.69599914550781
63082.85944867331,32.69599914550781
63082.92584343954,32.691001892089844
63082.992238205756,32.79499816894531
63083.05863297198,32.79499816894531
63083.1250277382,32.79499816894531
63083.191422504424,32.73400115966797
63083.25781727064,32.73400115966797
63083.32421203687,32.70800018310547
63083.39060680309,32.69599914550781
63083.45700156931,32.69599914550781
63083.523396335535,32.691001892089844
63083.58979110175,32.691001892089844
63083.65618586798,32.691001892089844
63083.722580634196,32.58300018310547
63083.78897540042,32.58300018310547
63083.85537016664,32.641998291015625
63083.921764932864,32.641998291015625
63083.98815969909,32.702999114990234
63084.05455446531,32.702999114990234
63084.12094923153,32.702999114990234
63084.18734399775,32.659000396728516
63084.253738763975,32.604000091552734
63084.32013353019,32.604000091552734
63084.38652829642,32.6510009765625
63084.45292306264,32.6510009765625
63084.51931782886,32.6510009765625
63084.585712595086,32.63600158691406
63084.652107361304,32.59400177001953
63084.71850212753,32.59400177001953
63084.78489689375,32.61199951171875
63084.85129165997,32.61199951171875
63084.91768642619,32.61199951171875
63084.984081192415,32.61899948120117
63085.05047595864,32.69300079345703
63085.11687072486,32.69300079345703
63085.18326549108,32.689998626708984
63085.2496602573,32.79499816894531
63085.316055023526,32.79499816894531
63085.382449789744,32.79499816894531
63085.44884455597,32.62799835205078
63085.515239322194,32.62799835205078
63085.58163408841,32.696998596191406
63085.64802885464,32.696998596191406
63085.714423620855,32.69200134277344
63085.78081838708,32.69200134277344
63085.8472131533,32.69200134277344
63085.91360791952,32.724998474121094
63085.98000268574,32.70399856567383
63086.046397451966,32.70399856567383
63086.11279221819,32.694000244140625
63086.17918698441,32.694000244140625
63086.245581750634,32.694000244140625
63086.31197651685,32.691001892089844
63086.37837128308,32.65299987792969
63086.444766049295,32.65299987792969
63086.51116081552,32.637001037597656
63086.577555581745,32.637001037597656
63086.64395034796,32.637001037597656
63086.71034511419,32.70100021362305
63086.776739880406,32.729000091552734
63086.84313464663,32.729000091552734
63086.90952941285,32.70500183105469
63086.975924179074,32.70500183105469
63087.0423189453,32.70500183105469
63087.10871371152,32.624000549316406
63087.17510847774,32.766998291015625
63087.24150324396,32.766998291015625
63087.307898010185,32.75699996948242
63087.3742927764,32.75699996948242
63087.44068754263,32.71799850463867
63087.507082308846,32.71799850463867
63087.57347707507,32.71799850463867
63087.6398718413,32.70100021362305
63087.706266607514,32.729000091552734
63087.77266137374,32.729000091552734
63087.83905613996,32.74100112915039
63087.90545090618,32.74100112915039
63087.9718456724,32.74100112915039
63088.038240438626,32.71099853515625
63088.10463520485,32.733001708984375
63088.17102997107,32.733001708984375
63088.23742473729,32.8489990234375
63088.30381950351,32.8489990234375
63088.37021426974,32.8489990234375
63088.436609035954,32.75699996948242
63088.50300380218,32.68199920654297
63088.5693985684,32.68199920654297
63088.63579333462,32.72100067138672
63088.70218810085,32.72100067138672
63088.768582867066,32.73699951171875
63088.83497763329,32.73699951171875
63088.90137239951,32.73699951171875
63088.967767165734,32.814998626708984
63089.03416193195,32.81399917602539
63089.10055669818,32.81399917602539
63089.1669514644,32.77799987792969
63089.23334623062,32.72600173950195
63089.299740996845,32.72600173950195
63089.36613576306,32.72600173950195
63089.43253052929,32.632999420166016
63089.498925295506,32.632999420166016
63089.56532006173,32.70000076293945
63089.63171482795,32.70000076293945
63089.698109594174,32.72800064086914
63089.7645043604,32.72800064086914
63089.83089912662,32.72800064086914
63089.89729389284,32.7760009765625
63089.96368865906,32.797000885009766
63090.030083425285,32.797000885009766
63090.0964781915,32.77000045776367
63090.16287295773,32.77000045776367
63090.22926772395,32.77000045776367
63090.29566249017,32.75899887084961
63090.362057256396,32.68299865722656
63090.428452022614,32.68299865722656
63090.49484678884,32.685001373291016
63090.56124155506,32.685001373291016
63090.62763632128,32.685001373291016
63090.6940310875,32.72200012207031
63090.760425853725,32.77299880981445
63090.82682061995,32.77299880981445
63090.89321538617,32.65399932861328
63090.95961015239,32.65399932861328
63091.02600491861,32.65399932861328
63091.092399684836,32.70800018310547
63091.158794451054,32.731998443603516
63091.22518921728,32.731998443603516
63091.291583983504,32.707000732421875
63091.35797874972,32.73099899291992
63091.42437351595,32.73099899291992
63091.490768282165,32.73099899291992
63091.55716304839,32.67100143432617
63091.62355781461,32.67100143432617
63091.68995258083,32.750999450683594
63091.75634734705,32.750999450683594
63091.822742113276,32.7859992980957
63091.8891368795,32.7859992980957
63091.95553164572,32.7859992980957
63092.021926411944,32.76599884033203
63092.08832117816,32.75699996948242
63092.15471594439,32.75699996948242
63092.221110710605,32.75299835205078
63092.28750547683,32.75299835205078
63092.353900243055,32.75299835205078
63092.42029500927,32.7869987487793
63092.4866897755,32.87200164794922
63092.553084541716,32.87200164794922
63092.61947930794,32.803001403808594
63092.68587407416,32.803001403808594
63092.752268840384,32.803001403808594
63092.8186636066,32.77299880981445
63092.88505837283,32.7599983215332
63092.95145313905,32.7599983215332
63093.01784790527,32.75400161743164
63093.084242671495,32.75400161743164
63093.15063743771,32.75400161743164
63093.21703220394,32.715999603271484
63093.283426970156,32.73500061035156
63093.34982173638,32.73500061035156
63093.41621650261,32.70800018310547
63093.482611268824,32.70800018310547
63093.54900603505,32.70800018310547
63093.61540080127,32.625999450683594
63093.68179556749,32.625999450683594
63093.74819033371,32.625
63093.814585099935,32.625
63093.88097986615,32.73099899291992
63093.94737463238,32.777000427246094
63094.0137693986,32.777000427246094
63094.08016416482,32.762001037597656
63094.14655893105,32.762001037597656
63094.212953697264,32.762001037597656
63094.27934846349,32.79100036621094
63094.34574322971,32.8380012512207
63094.41213799593,32.8380012512207
63094.47853276216,32.82400131225586
63094.544927528375,32.82400131225586
63094.6113222946,32.82400131225586
63094.67771706082,32.78200149536133
63094.74411182704,32.763999938964844
63094.81050659326,32.763999938964844
63094.87690135949,32.79100036621094
63094.94329612571,32.79100036621094
63095.00969089193,32.79100036621094
63095.076085658155,32.8390007019043
63095.14248042437,32.82400131225586
63095.2088751906,32.82400131225586
63095.275269956815,32.78200149536133
63095.34166472304,32.78200149536133
63095.40805948926,32.78200149536133
63095.47445425548,32.79899978637695
63095.54084902171,32.80699920654297
63095.60724378793,32.80699920654297
63095.67363855415,32.88100051879883
63095.74003332037,32.948001861572266
63095.806428086595,32.948001861572266
63095.87282285281,32.948001861572266
63095.93921761904,32.79999923706055
63096.00561238526,32.79999923706055
63096.07200715148,32.70100021362305
63096.138401917706,32.70100021362305
63096.20479668392,32.87099838256836
63096.27119145015,32.87099838256836
63096.33758621637,32.87099838256836
63096.40398098259,32.801998138427734
63096.47037574881,32.77299880981445
63096.536770515035,32.77299880981445
63096.60316528126,32.83100128173828
63096.66956004748,32.83100128173828
63096.7359548137,32.83100128173828
63096.80234957992,32.85599899291992
63096.868744346146,32.79600143432617
63096.935139112364,32.79600143432617
63097.00153387859,32.77000045776367
63097.067928644814,32.77000045776367
63097.13432341103,32.77000045776367
63097.20071817726,32.79399871826172
63097.267112943475,32.76900100708008
63097.3335077097,32.76900100708008
63097.39990247592,32.79399871826172
63097.46629724214,32.79399871826172
63097.53269200836,32.79399871826172
63097.599086774586,32.76900100708008
63097.66548154081,32.82899856567383
63097.73187630703,32.82899856567383
63097.798271073254,32.81999969482422
63097.86466583947,32.81999969482422
63097.9310606057,32.81999969482422
63097.997455371915,32.816001892089844
63098.06385013814,32.81399917602539
63098.130244904365,32.81399917602539
63098.19663967058,32.8129997253418
63098.26303443681,32.8129997253418
63098.329429203026,32.88399887084961
63098.39582396925,32.88399887084961
63098.46221873547,32.88399887084961
63098.528613501694,32.80799865722656
63098.59500826791,32.987998962402344
63098.66140303414,32.987998962402344
63098.72779780036,32.92399978637695
63098.79419256658,32.92399978637695
63098.860587332805,32.93199920654297
63098.92698209902,32.93199920654297
63098.99337686525,32.93199920654297
63099.059771631466,32.935001373291016
63099.12616639769,32.93600082397461
63099.192561163916,32.93600082397461
63099.258955930134,32.86600112915039
63099.32535069636,32.86600112915039
63099.39174546258,32.86600112915039
63099.4581402288,32.87099838256836
63099.52453499502,32.87300109863281
63099.590929761245,32.87300109863281
63099.65732452746,32.803001403808594
63099.72371929369,32.803001403808594
63099.79011405991,32.803001403808594
63099.85650882613,32.84400177001953
63099.922903592356,32.89699935913086
63099.989298358574,32.89699935913086
63100.0556931248,32.77799987792969
63100.12208789102,32.77799987792969
63100.18848265724,32.77799987792969
63100.25487742347,32.79800033569336
63100.321272189685,32.805999755859375
63100.38766695591,32.805999755859375
63100.45406172213,32.845001220703125
63100.52045648835,32.845001220703125
63100.58685125457,32.79100036621094
63100.653246020796,32.79100036621094
63100.719640787014,32.79100036621094
63100.78603555324,32.768001556396484
63100.852430319464,32.757999420166016
63100.91882508568,32.757999420166016
63100.98521985191,32.82400131225586
63101.051614618125,32.82400131225586
63101.11800938435,32.82400131225586
63101.18440415057,32.78200149536133
63101.25079891679,32.69300079345703
63101.31719368302,32.69300079345703
63101.38358844924,32.832000732421875
63101.44998321546,32.832000732421875
63101.51637798168,32.832000732421875
63101.582772747905,32.85599899291992
63101.64916751412,32.76100158691406
63101.71556228035,32.76100158691406
63101.781957046565,32.790000915527344
63101.84835181279,32.790000915527344
63101.914746579016,32.790000915527344
63101.98114134523,32.97999954223633
63102.04753611146,32.8849983215332
63102.11393087768,32.8849983215332
63102.1803256439,32.84400177001953
63102.24672041012,32.84400177001953
63102.313115176345,32.84400177001953
63102.37950994257,32.86199951171875
63102.44590470879,32.86899948120117
63102.51229947501,32.86899948120117
63102.57869424123,32.90800094604492
63102.645089007456,32.92499923706055
63102.71148377367,32.92499923706055
63102.7778785399,32.92499923706055
63102.844273306124,32.82600021362305
63102.91066807234,32.82600021362305
63102.97706283857,32.888999938964844
63103.043457604785,32.888999938964844
63103.10985237101,32.84600067138672
63103.17624713723,32.84600067138672
63103.24264190345,32.84600067138672
63103.30903666967,32.93299865722656
63103.375431435896,32.93600082397461
63103.44182620212,32.93600082397461
63103.50822096834,32.86600112915039
63103.574615734564,32.86600112915039
63103.64101050078,32.86600112915039
63103.70740526701,32.79999923706055
63103.773800033225,32.80699920654297
63103.84019479945,32.80699920654297
63103.906589565675,32.84600067138672
63103.97298433189,32.84600067138672
63104.03937909812,32.89799880981445
63104.105773864336,32.89799880981445
63104.17216863056,32.89799880981445
63104.23856339678,32.91999816894531
63104.304958163004,32.93000030517578
63104.37135292922,32.93000030517578
63104.43774769545,32.89899826049805
63104.50414246167,32.89899826049805
63104.57053722789,32.89899826049805
63104.636931994115,32.92100143432617
63104.70332676033,32.965999603271484
63104.76972152656,32.965999603271484
63104.836116292776,32.84299850463867
63104.902511059,32.89699935913086
63104.968905825226,32.89699935913086
63105.035300591444,32.89699935913086
63105.10169535767,32.8489990234375
63105.16809012389,32.8489990234375
63105.23448489011,32.89899826049805
63105.30087965633,32.992000579833984
63105.367274422555,32.992000579833984
63105.43366918877,32.992000579833984
63105.500063955,32.992000579833984
63105.56645872122,32.88999938964844
63105.63285348744,32.95199966430664
63105.699248253666,32.95199966430664
63105.765643019884,32.944000244140625
63105.83203778611,32.944000244140625
63105.89843255233,32.944000244140625
63105.96482731855,32.97600173950195
63106.03122208478,32.9900016784668
63106.097616850995,32.9900016784668
63106.16401161722,32.959999084472656
63106.23040638344,32.959999084472656
63106.29680114966,32.959999084472656
63106.36319591588,32.9119987487793
63106.429590682106,32.81999969482422
63106.495985448324,32.81999969482422
63106.56238021455,32.922000885009766
63106.628774980774,32.922000885009766
63106.69516974699,32.922000885009766
63106.76156451322,32.89500045776367
63106.827959279435,32.847999572753906
63106.89435404566,32.847999572753906
63106.96074881188,32.827999114990234
63107.0271435781,32.827999114990234
63107.09353834433,32.827999114990234
63107.159933110546,32.819000244140625
63107.22632787677,32.85100173950195
63107.29272264299,32.85100173950195
63107.359117409214,32.8650016784668
63107.42551217543,32.834999084472656
63107.49190694166,32.834999084472656
63107.558301707875,32.834999084472656
63107.6246964741,32.834999084472656
63107.691091240325,32.893001556396484
63107.75748600654,32.8120002746582
63107.82388077277,32.8120002746582
63107.890275538986,32.847999572753906
63107.95667030521,32.847999572753906
63108.02306507143,32.847999572753906
63108.089459837654,32.79199981689453
63108.15585460388,32.8390007019043
63108.2222493701,32.8390007019043
63108.28864413632,32.89500045776367
63108.35503890254,32.89500045776367
63108.421433668766,32.89500045776367
63108.48782843498,32.88399887084961
63108.55422320121,32.80799865722656
63108.62061796743,32.80799865722656
63108.68701273365,32.810001373291016
63108.75340749988,32.810001373291016
63108.819802266094,32.810001373291016
63108.88619703232,32.882999420166016
63108.95259179854,32.882999420166016
63109.01898656476,32.84299850463867
63109.08538133098,32.861000061035156
63109.151776097206,32.861000061035156
63109.21817086343,32.76300048828125
63109.28456562965,32.76300048828125
63109.350960395874,32.76300048828125
63109.41735516209,32.89699935913086
63109.48374992832,32.8849983215332
63109.550144694535,32.8849983215332
63109.61653946076,32.915000915527344
63109.682934226985,32.856998443603516
63109.7493289932,32.856998443603516
63109.81572375943,32.856998443603516
63109.882118525646,32.856998443603516
63109.94851329187,32.90299987792969
63110.01490805809,32.95800018310547
63110.081302824314,32.95800018310547
63110.14769759053,32.875
63110.21409235676,32.875
63110.28048712298,32.875
63110.3468818892,32.875
63110.413276655425,32.98099899291992
63110.47967142164,32.98099899291992
63110.54606618787,32.88600158691406
63110.612460954086,32.88600158691406
63110.67885572031,32.88600158691406
63110.745250486536,32.95100021362305
63110.811645252754,32.94300079345703
63110.87804001898,32.94300079345703
63110.9444347852,32.939998626708984
63111.01082955142,32.939998626708984
63111.07722431764,32.939998626708984
63111.143619083865,32.90299987792969
63111.21001385008,32.99399948120117
63111.27640861631,32.99399948120117
63111.34280338253,32.96200180053711
63111.40919814875,32.96200180053711
63111.475592914976,32.96200180053711
63111.541987681194,32.91299819946289
63111.60838244742,32.926998138427734
63111.67477721364,32.926998138427734
63111.74117197986,33.03900146484375
63111.80756674609,33.051998138427734
63111.873961512305,33.051998138427734
63111.94035627853,33.051998138427734
63112.00675104475,33.051998138427734
63112.07314581097,32.91600036621094
63112.13954057719,32.999000549316406
63112.205935343416,32.999000549316406
63112.272330109634,32.9640007019043
63112.33872487586,32.9640007019043
63112.405119642084,32.9640007019043
63112.4715144083,33.05500030517578
63112.53790917453,32.98899841308594
63112.604303940745,32.98899841308594
63112.67069870697,32.959999084472656
63112.73709347319,32.959999084472656
63112.80348823941,32.959999084472656
63112.86988300564,32.946998596191406
63112.936277771856,32.946998596191406
63113.00267253808,32.946998596191406
63113.0690673043,32.834999084472656
63113.135462070524,32.834999084472656
63113.20185683674,32.893001556396484
63113.26825160297,32.893001556396484
63113.334646369185,32.893001556396484
63113.40104113541,32.95399856567383
63113.467435901635,32.94499969482422
63113.53383066785,32.94499969482422
63113.60022543408,32.904998779296875
63113.666620200296,32.904998779296875
63113.73301496652,32.904998779296875
63113.79940973274,32.88800048828125
63113.865804498964,32.810001373291016
63113.93219926519,32.810001373291016
63113.99859403141,32.88199996948242
63114.06498879763,33.02000045776367
63114.13138356385,33.02000045776367
63114.197778330075,32.9379997253418
63114.26417309629,32.9379997253418
63114.33056786252,32.9379997253418
63114.396962628736,32.9379997253418
63114.46335739496,32.83100128173828
63114.52975216119,32.82099914550781
63114.596146927404,32.82099914550781
63114.66254169363,32.85100173950195
63114.72893645985,32.85100173950195
63114.79533122607,32.85100173950195
63114.86172599229,32.900001525878906
63114.928120758515,32.849998474121094
63114.99451552474,32.849998474121094
63115.06091029096,32.900001525878906
63115.12730505718,32.900001525878906
63115.1936998234,32.900001525878906
63115.26009458963,32.849998474121094
63115.326489355844,32.900001525878906
63115.39288412207,32.900001525878906
63115.45927888829,32.957000732421875
63115.52567365451,32.957000732421875
63115.59206842074,32.957000732421875
63115.658463186955,33.0880012512207
63115.72485795318,33.073001861572266
63115.7912527194,33.073001861572266
63115.85764748562,33.03200149536133
63115.92404225184,33.03200149536133
63115.99043701807,33.03200149536133
63116.05683178429,32.90700149536133
63116.12322655051,32.81800079345703
63116.189621316735,32.81800079345703
63116.25601608295,32.992000579833984
63116.32241084918,32.96099853515625
63116.388805615396,32.96099853515625
63116.45520038162,32.96099853515625
63116.521595147846,32.96099853515625
63116.587989914064,32.9119987487793
63116.65438468029,33.03300094604492
63116.72077944651,33.03300094604492
63116.78717421273,32.979000091552734
63116.85356897895,32.979000091552734
63116.919963745175,32.979000091552734
63116.98635851139,32.91999816894531
63117.05275327762,32.93000030517578
63117.11914804384,32.93000030517578
63117.18554281006,32.933998107910156
63117.251937576286,32.933998107910156
63117.318332342504,32.933998107910156
63117.38472710873,33.00699996948242
63117.45112187495,33.00299835205078
63117.51751664117,33.00299835205078
63117.5839114074,32.965999603271484
63117.650306173615,32.965999603271484
63117.71670093984,32.965999603271484
63117.78309570606,32.95000076293945
63117.84949047228,32.94300079345703
63117.9158852385,32.94300079345703
63117.982280004726,33.04600143432617
63118.048674770944,33.04600143432617
63118.11506953717,33.04600143432617
63118.181464303394,32.87799835205078
63118.24785906961,32.946998596191406
63118.31425383584,32.946998596191406
63118.380648602055,32.97700119018555
63118.44704336828,33.0260009765625
63118.5134381345,33.0260009765625
63118.57983290072,33.0260009765625
63118.64622766695,33.0260009765625
63118.712622433166,32.939998626708984
63118.77901719939,33.0099983215332
63118.84541196561,33.0099983215332
63118.911806731834,32.96900177001953
63118.97820149805,32.96900177001953
63119.04459626428,32.96900177001953
63119.110991030495,33.02199935913086
63119.17738579672,33.08000183105469
63119.243780562945,33.08000183105469
63119.31017532916,32.9640007019043
63119.37657009539,32.9640007019043
63119.442964861606,33.02000045776367
63119.50935962783,33.02000045776367
63119.57575439405,33.02000045776367
63119.642149160274,32.972999572753906
63119.7085439265,32.91699981689453
63119.77493869272,32.91699981689453
63119.84133345894,33.0
63119.90772822516,33.0
63119.974122991385,33.0
63120.0405177576,33.10599899291992
63120.10691252383,33.04600143432617
63120.173307290046,33.04600143432617
63120.23970205627,32.98400115966797
63120.306096822496,32.98400115966797
63120.372491588714,32.98400115966797
63120.43888635494,32.95800018310547
63120.50528112116,32.981998443603516
63120.57167588738,32.981998443603516
63120.6380706536,32.88600158691406
63120.704465419825,32.986000061035156
63120.77086018605,32.986000061035156
63120.83725495227,32.986000061035156
63120.90364971849,33.02899932861328
63120.97004448471,33.02899932861328
63121.03643925094,33.08399963378906
63121.102834017154,33.08399963378906
63121.16922878338,32.93000030517578
63121.2356235496,32.93000030517578
63121.30201831582,32.93000030517578
63121.36841308205,32.970001220703125
63121.434807848265,33.05799865722656
63121.50120261449,33.05799865722656
63121.56759738071,33.025001525878906
63121.63399214693,33.025001525878906
63121.70038691315,33.025001525878906
63121.76678167938,33.04600143432617
63121.8331764456,33.02000045776367
63121.89957121182,33.02000045776367
63121.965965978045,33.04399871826172
63122.03236074426,33.04399871826172
63122.09875551049,33.04399871826172
63122.165150276705,32.98400115966797
63122.23154504293,32.99300003051758
63122.29793980915,32.99300003051758
63122.36433457537,33.03200149536133
63122.4307293416,33.03200149536133
63122.49712410782,33.03200149536133
63122.56351887404,32.979000091552734
63122.62991364026,32.95500183105469
63122.696308406485,32.95500183105469
63122.7627031727,33.08700180053711
63122.82909793893,33.10900115966797
63122.89549270515,33.10900115966797
63122.96188747137,33.10900115966797
63123.028282237596,33.082000732421875
63123.09467700381,33.082000732421875
63123.16107177004,33.07099914550781
63123.22746653626,33.07099914550781
63123.29386130248,33.03099822998047
63123.3602560687,33.03099822998047
63123.426650834925,33.03099822998047
63123.49304560115,33.08399963378906
63123.55944036737,33.106998443603516
63123.62583513359,33.106998443603516
63123.69222989981,33.082000732421875
63123.758624666036,33.082000732421875
63123.82501943225,33.082000732421875
63123.89141419848,33.0
63123.957808964704,32.96500015258789
63124.02420373092,32.96500015258789
63124.09059849715,33.055999755859375
63124.156993263365,33.055999755859375
63124.22338802959,33.055999755859375
63124.28978279581,33.130001068115234
63124.35617756203,33.130001068115234
63124.42257232826,33.09199905395508
63124.488967094476,33.07500076293945
63124.5553618607,33.07500076293945
63124.62175662692,33.10300064086914
63124.688151393144,33.10300064086914
63124.75454615936,33.10300064086914
63124.82094092559,33.08000183105469
63124.887335691805,33.10599899291992
63124.95373045803,33.10599899291992
63125.020125224255,33.117000579833984
63125.08651999047,33.08599853515625
63125.1529147567,33.08599853515625
63125.219309522916,33.08599853515625
63125.28570428914,33.0369987487793
63125.35209905536,33.0369987487793
63125.418493821584,33.08700180053711
63125.48488858781,33.08700180053711
63125.55128335403,33.14400100708008
63125.61767812025,33.14400100708008
63125.68407288647,33.14400100708008
63125.750467652695,33.097999572753906
63125.81686241891,33.112998962402344
63125.88325718514,33.112998962402344
63125.949651951356,32.97800064086914
63126.01604671758,32.97800064086914
63126.082441483806,32.97800064086914
63126.148836250024,33.0260009765625
63126.21523101625,32.904998779296875
63126.28162578247,32.904998779296875
63126.34802054869,32.95899963378906
63126.41441531491,32.95899963378906
63126.480810081135,32.95899963378906
63126.54720484736,32.981998443603516
63126.61359961358,32.957000732421875
63126.6799943798,32.957000732421875
63126.74638914602,32.94599914550781
63126.812783912246,32.94599914550781
63126.879178678464,32.94599914550781
63126.94557344469,33.012001037597656
63127.01196821091,33.11199951171875
63127.07836297713,33.11199951171875
63127.14475774336,33.11899948120117
63127.211152509575,33.051998138427734
63127.2775472758,33.051998138427734
63127.34394204202,33.051998138427734
63127.41033680824,33.05799865722656
63127.47673157446,33.05799865722656
63127.543126340686,33.09600067138672
63127.60952110691,33.07699966430664
63127.67591587313,33.07699966430664
63127.742310639354,33.07699966430664
63127.80870540557,33.07699966430664
63127.8751001718,33.03300094604492
63127.941494938015,33.013999938964844
63128.00788970424,33.013999938964844
63128.07428447046,33.00600051879883
63128.14067923668,33.00600051879883
63128.20707400291,33.00600051879883
63128.273468769126,33.00299835205078
63128.33986353535,33.000999450683594
63128.40625830157,33.000999450683594
63128.472653067794,33.07099914550781
63128.53904783401,33.07099914550781
63128.60544260024,33.07099914550781
63128.67183736646,33.137001037597656
63128.73823213268,33.130001068115234
63128.804626898906,33.130001068115234
63128.87102166512,33.16299819946289
63128.93741643135,33.16299819946289
63129.00381119757,33.16299819946289
63129.07020596379,33.10599899291992
63129.13660073001,33.117000579833984
63129.202995496235,33.117000579833984
63129.26939026246,33.08599853515625
63129.33578502868,33.14400100708008
63129.4021797949,33.14400100708008
63129.46857456112,33.097999572753906
63129.534969327346,33.097999572753906
63129.60136409356,33.097999572753906
63129.66775885979,33.077999114990234
63129.734153626014,33.077999114990234
63129.80054839223,33.21099853515625
63129.86694315846,33.1619987487793
63129.933337924675,33.1619987487793
63129.9997326909,33.1619987487793
63130.06612745712,33.1619987487793
63130.13252222334,32.999000549316406
63130.19891698956,33.10599899291992
63130.265311755786,33.10599899291992
63130.33170652201,33.08100128173828
63130.39810128823,33.08100128173828
63130.464496054454,33.08100128173828
63130.53089082067,33.07099914550781
63130.5972855869,33.03099822998047
63130.663680353115,33.03099822998047
63130.73007511934,33.119998931884766
63130.796469885565,33.119998931884766
63130.86286465178,33.119998931884766
63130.92925941801,33.01599884033203
63130.995654184226,33.042999267578125
63131.06204895045,33.042999267578125
63131.12844371667,33.0890007019043
63131.194838482894,33.0890007019043
63131.26123324911,33.0890007019043
63131.32762801534,33.00299835205078
63131.39402278156,33.071998596191406
63131.46041754778,33.071998596191406
63131.526812314005,33.03099822998047
63131.59320708022,33.03099822998047
63131.65960184645,33.03099822998047
63131.725996612666,33.119998931884766
63131.79239137889,33.194000244140625
63131.858786145116,33.194000244140625
63131.925180911334,33.189998626708984
63131.99157567756,33.15299987792969
63132.05797044378,33.15299987792969
63132.12436521,33.15299987792969
63132.19075997622,33.066001892089844
63132.257154742445,33.066001892089844
63132.32354950867,33.1349983215332
63132.38994427489,33.12900161743164
63132.45633904111,33.12900161743164
63132.52273380733,33.12900161743164
63132.589128573556,33.12900161743164
63132.655523339774,33.090999603271484
63132.721918106,33.145999908447266
63132.78831287222,33.145999908447266
63132.85470763844,33.0989990234375
63132.92110240467,33.0989990234375
63132.987497170885,33.0989990234375
63133.05389193711,33.077999114990234
63133.12028670333,33.17599868774414
63133.18668146955,33.17599868774414
63133.25307623577,33.111000061035156
63133.319471001996,33.111000061035156
63133.38586576822,33.111000061035156
63133.45226053444,33.04800033569336
63133.518655300664,33.16299819946289
63133.58505006688,33.16299819946289
63133.65144483311,33.14099884033203
63133.717839599325,33.14099884033203
63133.78423436555,33.14099884033203
63133.85062913177,33.06100082397461
63133.91702389799,33.0620002746582
63133.98341866422,33.0620002746582
63134.049813430436,33.132999420166016
63134.11620819666,33.132999420166016
63134.18260296288,33.132999420166016
63134.248997729104,33.16400146484375
63134.31539249532,33.10599899291992
63134.38178726155,33.10599899291992
63134.44818202777,33.152000427246094
63134.51457679399,33.152000427246094
63134.580971560215,33.10100173950195
63134.64736632643,33.10100173950195
63134.71376109266,33.18600082397461
63134.780155858876,33.18600082397461
63134.8465506251,33.18600082397461
63134.91294539132,33.04499816894531
63134.979340157544,33.09000015258789
63135.04573492377,33.09000015258789
63135.11212968999,33.11000061035156
63135.17852445621,33.11000061035156
63135.24491922243,33.11000061035156
63135.311313988655,33.11899948120117
63135.37770875487,33.08700180053711
63135.4441035211,33.08700180053711
63135.51049828732,33.17900085449219
63135.57689305354,33.17900085449219
63135.64328781977,33.17900085449219
63135.709682585984,33.183998107910156
63135.77607735221,33.22100067138672
63135.84247211843,33.22100067138672
63135.90886688465,33.09600067138672
63135.97526165087,33.09600067138672
63136.041656417096,33.09600067138672
63136.10805118332,33.11199951171875
63136.17444594954,33.189998626708984
63136.24084071576,33.189998626708984
63136.30723548198,33.18899917602539
63136.37363024821,33.15299987792969
63136.440025014424,33.15299987792969
63136.50641978065,33.15299987792969
63136.572814546875,33.172000885009766
63136.63920931309,33.172000885009766
63136.70560407932,33.180999755859375
63136.771998845536,33.185001373291016
63136.83839361176,33.185001373291016
63136.90478837798,33.185001373291016
63136.971183144204,33.185001373291016
63137.03757791042,33.08000183105469
63137.10397267665,33.14099884033203
63137.17036744287,33.14099884033203
63137.23676220909,33.13199996948242
63137.303156975315,33.13199996948242
63137.36955174153,33.13199996948242
63137.43594650776,33.12799835205078
63137.502341273976,33.125999450683594
63137.5687360402,33.125999450683594
63137.635130806426,33.125999450683594
63137.701525572644,33.125999450683594
63137.76792033887,33.125999450683594
63137.83431510509,33.19599914550781
63137.90070987131,33.191001892089844
63137.96710463753,33.191001892089844
63138.033499403755,33.18899917602539
63138.09989416997,33.18899917602539
63138.1662889362,33.18899917602539
63138.23268370242,33.15299987792969
63138.29907846864,33.137001037597656
63138.365473234866,33.137001037597656
63138.431868001084,33.130001068115234
63138.49826276731,33.130001068115234
63138.56465753353,33.130001068115234
63138.63105229975,33.198001861572266
63138.69744706598,33.22800064086914
63138.763841832195,33.22800064086914
63138.83023659842,33.2760009765625
63138.89663136464,33.22600173950195
63138.96302613086,33.22600173950195
63139.02942089708,33.22600173950195
63139.095815663306,33.132999420166016
63139.162210429524,33.132999420166016
63139.22860519575,33.16400146484375
63139.294999961974,33.16400146484375
63139.36139472819,33.141998291015625
63139.42778949442,33.141998291015625
63139.494184260635,33.141998291015625
63139.56057902686,33.167999267578125
63139.62697379308,33.167999267578125
63139.6933685593,33.17900085449219
63139.75976332553,33.21900177001953
63139.826158091746,33.21900177001953
63139.89255285797,33.20100021362305
63139.95894762419,33.20100021362305
63140.025342390414,33.20100021362305
63140.09173715663,33.15800094604492
63140.15813192286,33.17499923706055
63140.22452668908,33.17499923706055
63140.2909214553,33.14699935913086
63140.357316221525,33.14699935913086
63140.42371098774,33.14699935913086
63140.49010575397,33.20500183105469
63140.556500520186,33.15999984741211
63140.62289528641,33.15999984741211
63140.68929005263,33.21099853515625
63140.755684818854,33.1619987487793
63140.82207958508,33.1619987487793
63140.8884743513,33.1619987487793
63140.95486911752,33.176998138427734
63141.02126388374,33.176998138427734
63141.087658649965,33.21799850463867
63141.15405341618,33.21799850463867
63141.22044818241,33.165000915527344
63141.28684294863,33.165000915527344
63141.35323771485,33.165000915527344
63141.41963248108,33.2130012512207
63141.486027247294,33.340999603271484
63141.55242201352,33.340999603271484
63141.61881677974,33.395999908447266
63141.68521154596,33.395999908447266
63141.75160631218,33.395999908447266
63141.818001078405,33.242000579833984
63141.88439584463,33.17599868774414
63141.95079061085,33.17599868774414
63142.01718537707,33.25299835205078
63142.08358014329,33.25299835205078
63142.14997490952,33.25299835205078
63142.216369675734,33.250999450683594
63142.28276444196,33.21500015258789
63142.349159208185,33.21500015258789
63142.4155539744,33.305999755859375
63142.48194874063,33.305999755859375
63142.548343506845,33.305999755859375
63142.61473827307,33.202999114990234
63142.68113303929,33.159000396728516
63142.74752780551,33.159000396728516
63142.81392257173,33.17499923706055
63142.88031733796,33.14699935913086
63142.94671210418,33.14699935913086
63143.0131068704,33.14699935913086
63143.079501636625,33.14699935913086
63143.14589640284,33.16999816894531
63143.21229116907,33.21500015258789
63143.278685935285,33.21500015258789
63143.34508070151,33.12900161743164
63143.411475467736,33.12900161743164
63143.47787023395,33.12900161743164
63143.54426500018,33.196998596191406
63143.6106597664,33.22700119018555
63143.67705453262,33.22700119018555
63143.74344929884,33.13399887084961
63143.809844065065,33.13399887084961
63143.87623883128,33.13399887084961
63143.94263359751,33.16400146484375
63144.00902836373,33.2130012512207
63144.07542312995,33.2130012512207
63144.141817896176,33.12799835205078
63144.20821266239,33.12799835205078
63144.27460742862,33.12799835205078
63144.34100219484,33.1619987487793
63144.40739696106,33.24700164794922
63144.47379172729,33.24700164794922
63144.540186493505,33.249000549316406
63144.60658125973,33.2140007019043
63144.67297602595,33.2140007019043
63144.73937079217,31.694000244140625
63144.80576555839,33.16400146484375
63144.872160324616,33.16400146484375
63144.938555090834,33.16400146484375
63145.00494985706,33.176998138427734
63145.071344623284,33.21799850463867
63145.1377393895,33.21799850463867
63145.20413415573,33.20100021362305
63145.270528921945,33.20100021362305
63145.33692368817,33.20100021362305
63145.40331845439,33.229000091552734
63145.46971322061,33.20500183105469
63145.53610798684,33.20500183105469
63145.602502753056,33.15999984741211
63145.66889751928,33.15999984741211
63145.7352922855,33.15999984741211
63145.801687051724,33.21099853515625
63145.86808181794,33.233001708984375
63145.93447658417,33.233001708984375
63146.000871350385,33.31399917602539
63146.06726611661,33.31399917602539
63146.133660882835,33.31399917602539
63146.20005564905,33.242000579833984
63146.26645041528,33.21099853515625
63146.332845181496,33.21099853515625
63146.39923994772,33.233001708984375
63146.46563471394,33.207000732421875
63146.532029480164,33.207000732421875
63146.59842424639,33.207000732421875
63146.66481901261,33.1609992980957
63146.73121377883,33.1609992980957
63146.79760854505,33.13999938964844
63146.864003311275,33.13999938964844
63146.93039807749,33.16699981689453
63146.99679284372,33.16699981689453
63147.06318760994,33.16699981689453
63147.12958237616,33.17900085449219
63147.195977142386,33.21900177001953
63147.262371908604,33.21900177001953
63147.32876667483,33.23699951171875
63147.39516144105,33.23699951171875
63147.46155620727,33.23699951171875
63147.52795097349,33.24399948120117
63147.594345739715,33.21200180053711
63147.66074050594,33.21200180053711
63147.72713527216,33.198001861572266
63147.79353003838,33.198001861572266
63147.8599248046,33.198001861572266
63147.926319570826,33.26300048828125
63147.992714337044,33.185001373291016
63148.05910910327,33.185001373291016
63148.125503869494,33.292999267578125
63148.19189863571,33.292999267578125
63148.25829340194,33.292999267578125
63148.324688168155,33.3390007019043
63148.39108293438,33.28900146484375
63148.4574777006,33.28900146484375
63148.52387246682,33.301998138427734
63148.59026723304,33.27299880981445
63148.656661999266,33.27299880981445
63148.72305676549,33.27299880981445
63148.78945153171,33.18899917602539
63148.855846297934,33.18899917602539
63148.92224106415,33.25899887084961
63148.98863583038,33.21799850463867
63149.055030596595,33.21799850463867
63149.12142536282,33.21799850463867
63149.187820129046,33.21799850463867
63149.25421489526,33.27199935913086
63149.32060966149,33.29499816894531
63149.38700442771,33.29499816894531
63149.45339919393,33.30500030517578
63149.51979396015,33.30500030517578
63149.586188726375,33.30500030517578
63149.65258349259,33.27399826049805
63149.71897825882,33.33100128173828
63149.78537302504,33.33100128173828
63149.85176779126,33.32099914550781
63149.918162557486,33.32099914550781
63149.9845573237,33.209999084472656
63150.05095208993,33.209999084472656
63150.11734685615,33.209999084472656
63150.18374162237,33.1619987487793
63150.2501363886,33.21200180053711
63150.316531154815,33.21200180053711
63150.38292592104,33.198001861572266
63150.44932068726,33.198001861572266
63150.51571545348,33.198001861572266
63150.5821102197,33.22700119018555
63150.648504985926,33.2760009765625
63150.71489975214,33.2760009765625
63150.78129451837,33.22600173950195
63150.847689284594,33.23899841308594
63150.91408405081,33.23899841308594
63150.98047881704,33.23899841308594
63151.046873583255,33.209999084472656
63151.11326834948,33.209999084472656
63151.1796631157,33.233001708984375
63151.24605788192,33.233001708984375
63151.31245264815,33.207000732421875
63151.378847414366,33.207000732421875
63151.44524218059,33.207000732421875
63151.51163694681,33.1609992980957
63151.578031713034,33.28200149536133
63151.64442647925,33.28200149536133
63151.71082124548,33.334999084472656
63151.777216011695,33.334999084472656
63151.84361077792,33.334999084472656
63151.910005544145,33.321998596191406
63151.97640031036,33.209999084472656
63152.04279507659,33.209999084472656
63152.109189842806,33.1619987487793
63152.17558460903,33.1619987487793
63152.24197937525,33.1619987487793
63152.308374141474,33.28300094604492
63152.3747689077,33.229000091552734
63152.44116367392,33.229000091552734
63152.50755844014,33.24100112915039
63152.57395320636,33.24100112915039
63152.640347972585,33.24100112915039
63152.7067427388,33.31700134277344
63152.77313750503,33.31399917602539
63152.839532271246,33.31399917602539
63152.90592703747,33.3129997253418
63152.972321803696,33.3129997253418
63153.038716569914,33.3129997253418
63153.10511133614,33.3129997253418
63153.17150610236,33.277000427246094
63153.23790086858,33.277000427246094
63153.3042956348,33.22600173950195
63153.370690401025,33.22600173950195
63153.43708516725,33.31100082397461
63153.50347993347,33.31100082397461
63153.56987469969,33.31100082397461
63153.63626946591,33.20500183105469
63153.702664232136,33.26599884033203
63153.769058998354,33.26599884033203
63153.83545376458,33.29199981689453
63153.901848530804,33.29199981689453
63153.96824329702,33.29199981689453
63154.03463806325,33.268001556396484
63154.101032829465,33.292999267578125
63154.16742759569,33.292999267578125
63154.23382236191,33.1619987487793
63154.30021712813,33.1619987487793
63154.36661189435,33.1619987487793
63154.433006660576,33.24800109863281
63154.4994014268,33.284000396728516
63154.56579619302,33.284000396728516
63154.632190959244,33.229000091552734
63154.69858572546,33.229000091552734
63154.76498049169,33.229000091552734
63154.831375257905,33.20600128173828
63154.89777002413,33.20600128173828
63154.964164790355,33.301998138427734
63155.03055955657,33.41400146484375
63155.0969543228,33.41400146484375
63155.163349089016,33.391998291015625
63155.22974385524,33.2760009765625
63155.29613862146,33.2760009765625
63155.362533387684,33.2760009765625
63155.4289281539,33.2760009765625
63155.49532292013,33.22600173950195
63155.56171768635,33.275001525878906
63155.62811245257,33.275001525878906
63155.694507218795,33.29600143432617
63155.76090198501,33.29600143432617
63155.82729675124,33.29600143432617
63155.893691517456,33.27000045776367
63155.96008628368,33.33000183105469
63156.02648104991,33.33000183105469
63156.092875816124,33.249000549316406
63156.15927058235,33.249000549316406
63156.22566534857,33.249000549316406
63156.29206011479,33.35599899291992
63156.35845488101,33.29600143432617
63156.424849647236,33.29600143432617
63156.49124441345,33.19900131225586
63156.55763917968,33.19900131225586
63156.624033945904,33.19900131225586
63156.69042871212,33.22800064086914
63156.75682347835,33.2760009765625
63156.823218244564,33.2760009765625
63156.88961301079,33.297000885009766
63156.95600777701,33.297000885009766
63157.02240254323,33.297000885009766
63157.08879730946,33.27000045776367
63157.155192075676,33.33000183105469
63157.2215868419,33.33000183105469
63157.28798160812,33.42599868774414
63157.354376374344,33.32600021362305
63157.42077114056,33.32600021362305
63157.48716590679,33.32600021362305
63157.553560673005,33.31800079345703
63157.61995543923,33.31800079345703
63157.686350205455,33.314998626708984
63157.75274497167,33.314998626708984
63157.8191397379,33.31399917602539
63157.885534504116,33.31399917602539
63157.95192927034,33.31399917602539
63158.01832403656,33.27799987792969
63158.084718802784,33.36800003051758
63158.15111356901,33.36800003051758
63158.21750833523,33.33700180053711
63158.28390310145,33.33700180053711
63158.35029786767,33.33700180053711
63158.416692633895,33.2869987487793
63158.48308740011,33.26599884033203
63158.54948216634,33.26599884033203
63158.615876932556,33.18600082397461
63158.68227169878,33.18600082397461
63158.748666465006,33.18600082397461
63158.815061231224,33.22200012207031
63158.88145599745,33.237998962402344
63158.94785076367,33.237998962402344
63159.01424552989,33.316001892089844
63159.08064029611,33.316001892089844
63159.147035062335,33.316001892089844
63159.21342982856,33.3489990234375
63159.27982459478,33.292999267578125
63159.346219361,33.292999267578125
63159.41261412722,33.34000015258789
63159.479008893446,33.39500045776367
63159.545403659664,33.39500045776367
63159.61179842589,33.39500045776367
63159.67819319211,33.3129997253418
63159.74458795833,33.3129997253418
63159.81098272456,33.347999572753906
63159.877377490775,33.347999572753906
63159.943772257,33.362998962402344
63160.01016702322,33.362998962402344
63160.07656178944,33.404998779296875
63160.14295655566,33.404998779296875
63160.209351321886,33.404998779296875
63160.27574608811,33.45899963378906
63160.34214085433,33.34000015258789
63160.408535620554,33.34000015258789
63160.47493038677,33.36000061035156
63160.541325153,33.36000061035156
63160.607719919215,33.36000061035156
63160.67411468544,33.33300018310547
63160.74050945166,33.2859992980957
63160.80690421788,33.2859992980957
63160.87329898411,33.30099868774414
63160.939693750326,33.30099868774414
63161.00608851655,33.30099868774414
63161.07248328277,33.44900131225586
63161.138878048994,33.44300079345703
63161.20527281521,33.44300079345703
63161.27166758144,33.40399932861328
63161.33806234766,33.31700134277344
63161.40445711388,33.31700134277344
63161.470851880105,33.31700134277344
63161.53724664632,33.31399917602539
63161.60364141255,33.31399917602539
63161.670036178766,33.38399887084961
63161.73643094499,33.34400177001953
63161.80282571122,33.34400177001953
63161.869220477434,33.34400177001953
63161.93561524366,33.34400177001953
63162.00201000988,33.361000061035156
63162.0684047761,33.33399963378906
63162.13479954232,33.33399963378906
63162.201194308545,33.393001556396484
63162.26758907476,33.393001556396484
63162.33398384099,33.393001556396484
63162.40037860721,33.34700012207031
63162.46677337343,33.39799880981445
63162.53316813966,33.39799880981445
63162.599562905874,33.27899932861328
63162.6659576721,33.27899932861328
63162.73235243832,33.27899932861328
63162.79874720454,33.29800033569336
63162.86514197077,33.37699890136719
63162.931536736985,33.37699890136719
63162.99793150321,33.4109992980957
63163.06432626943,33.4109992980957
63163.13072103565,33.4109992980957
63163.19711580187,33.42599868774414
63163.2635105681,33.29100036621094
63163.329905334314,33.29100036621094
63163.39630010054,33.409000396728516
63163.462694866765,33.409000396728516
63163.52908963298,33.409000396728516
63163.59548439921,33.38999938964844
63163.661879165425,33.34600067138672
63163.72827393165,33.34600067138672
63163.79466869787,33.39799880981445
63163.86106346409,33.45600128173828
63163.92745823032,33.45600128173828
63163.99385299654,33.45600128173828
63164.06024776276,33.45600128173828
63164.12664252898,33.40999984741211
63164.193037295205,33.35499954223633
63164.25943206142,33.35499954223633
63164.32582682765,33.402000427246094
63164.392221593866,33.402000427246094
63164.45861636009,33.402000427246094
63164.525011126316,33.457000732421875
63164.591405892534,33.375
63164.65780065876,33.375
63164.72419542498,33.44599914550781
63164.7905901912,33.44599914550781
63164.85698495742,33.44599914550781
63164.923379723645,33.369998931884766
63164.98977448987,33.37300109863281
63165.05616925609,33.37300109863281
63165.12256402231,33.374000549316406
63165.18895878853,33.374000549316406
63165.255353554756,33.375
63165.321748320974,33.375
63165.3881430872,33.375
63165.45453785342,33.44599914550781
63165.52093261964,33.441001892089844
63165.58732738587,33.441001892089844
63165.653722152085,33.40399932861328
63165.72011691831,33.40399932861328
63165.78651168453,33.40399932861328
63165.85290645075,33.35200119018555
63165.91930121697,33.3650016784668
63165.985695983196,33.3650016784668
63166.05209074942,33.334999084472656
63166.11848551564,33.358001708984375
63166.184880281864,33.358001708984375
63166.25127504808,33.358001708984375
63166.31766981431,33.36800003051758
63166.384064580525,33.36800003051758
63166.45045934675,33.33599853515625
63166.51685411297,33.33599853515625
63166.58324887919,33.323001861572266
63166.64964364542,33.323001861572266
63166.716038411636,33.323001861572266
63166.78243317786,33.35200119018555
63166.84882794408,33.33000183105469
63166.915222710304,33.33000183105469
63166.98161747652,33.35499954223633
63167.04801224275,33.35499954223633
63167.11440700897,33.35499954223633
63167.18080177519,33.472999572753906
63167.247196541415,33.38199996948242
63167.31359130763,33.38199996948242
63167.37998607386,33.44900131225586
63167.446380840076,33.44900131225586
63167.5127756063,33.44900131225586
63167.57917037252,33.37200164794922
63167.645565138744,33.409000396728516
63167.71195990497,33.409000396728516
63167.77835467119,33.38999938964844
63167.84474943741,33.38999938964844
63167.91114420363,33.38999938964844
63167.977538969855,33.34600067138672
63168.04393373607,33.46900177001953
63168.1103285023,33.46900177001953
63168.17672326852,33.45100021362305
63168.24311803474,33.45100021362305
63168.309512800966,33.45100021362305
63168.375907567184,33.37200164794922
63168.44230233341,33.409000396728516
63168.50869709963,33.409000396728516
63168.57509186585,33.49599838256836
63168.64148663207,33.49599838256836
63168.707881398295,33.49800109863281
63168.77427616452,33.49800109863281
63168.84067093074,33.49800109863281
63168.90706569696,33.4640007019043
63168.97346046318,33.52000045776367
63169.03985522941,33.52000045776367
63169.106249995624,33.50899887084961
63169.17264476185,33.50899887084961
63169.239039528074,33.50899887084961
63169.30543429429,33.39699935913086
63169.37182906052,33.45600128173828
63169.438223826735,33.45600128173828
63169.50461859296,33.48099899291992
63169.57101335918,33.48099899291992
63169.6374081254,33.48099899291992
63169.70380289163,33.42100143432617
63169.77019765785,33.39500045776367
63169.83659242407,33.39500045776367
63169.90298719029,33.3129997253418
63169.969381956515,33.3129997253418
63170.03577672273,33.3129997253418
63170.10217148896,33.41899871826172
63170.168566255175,33.41899871826172
63170.2349610214,33.323001861572266
63170.301355787626,33.323001861572266
63170.36775055384,33.323001861572266
63170.43414532007,33.38800048828125
63170.50054008629,33.38800048828125
63170.56693485251,33.41600036621094
63170.63332961873,33.428001403808594
63170.699724384955,33.428001403808594
63170.76611915118,33.428001403808594
63170.8325139174,33.428001403808594
63170.89890868362,33.43299865722656
63170.96530344984,33.47100067138672
63171.031698216066,33.47100067138672
63171.09809298228,33.45199966430664
63171.16448774851,33.45199966430664
63171.23088251473,33.45199966430664
63171.29727728095,33.45199966430664
63171.36367204718,33.40800094604492
63171.430066813395,33.354000091552734
63171.49646157962,33.354000091552734
63171.56285634584,33.4010009765625
63171.62925111206,33.4010009765625
63171.69564587828,33.4010009765625
63171.762040644506,33.49300003051758
63171.82843541073,33.39099884033203
63171.89483017695,33.39099884033203
63171.961224943174,33.34600067138672
63172.02761970939,33.34600067138672
63172.09401447562,33.34600067138672
63172.160409241835,33.540000915527344
63172.22680400806,33.481998443603516
63172.29319877428,33.481998443603516
63172.3595935405,33.457000732421875
63172.42598830673,33.457000732421875
63172.492383072946,33.457000732421875
63172.55877783917,33.375
63172.62517260539,33.44599914550781
63172.691567371614,33.44599914550781
63172.75796213783,33.47700119018555
63172.82435690406,33.45399856567383
63172.89075167028,33.45399856567383
63172.9571464365,33.45399856567383
63173.023541202725,33.51599884033203
63173.08993596894,33.51599884033203
63173.15633073517,33.43600082397461
63173.222725501386,33.43600082397461
63173.28912026761,33.4010009765625
63173.35551503383,33.4010009765625
63173.421909800054,33.4010009765625
63173.48830456628,33.314998626708984
63173.5546993325,33.49100112915039
63173.62109409872,33.49100112915039
63173.68748886494,33.46099853515625
63173.753883631165,33.46099853515625
63173.82027839738,33.46099853515625
63173.88667316361,33.37699890136719
63173.95306792983,33.446998596191406
63174.01946269605,33.446998596191406
63174.085857462276,33.512001037597656
63174.152252228494,33.512001037597656
63174.21864699472,33.512001037597656
63174.28504176094,33.470001220703125
63174.35143652716,33.48699951171875
63174.41783129338,33.48699951171875
63174.484226059605,33.45899963378906
63174.55062082583,33.45899963378906
63174.61701559205,33.45899963378906
63174.68341035827,33.446998596191406
63174.74980512449,33.37099838256836
63174.816199890716,33.37099838256836
63174.882594656934,33.409000396728516
63174.94898942316,33.409000396728516
63175.015384189384,33.409000396728516
63175.0817789556,33.459999084472656
63175.14817372183,33.446998596191406
63175.214568488045,33.446998596191406
63175.28096325427,33.40599822998047
63175.34735802049,33.35300064086914
63175.41375278671,33.35300064086914
63175.48014755293,31.694000244140625
63175.546542319156,33.4010009765625
63175.61293708538,33.4010009765625
63175.6793318516,33.4010009765625
63175.745726617824,33.457000732421875
63175.81212138404,33.44599914550781
63175.87851615027,33.44599914550781
63175.944910916485,33.47700119018555
63176.01130568271,33.47700119018555
63176.077700448936,33.47700119018555
63176.14409521515,33.4900016784668
63176.21048998138,33.49599838256836
63176.276884747596,33.49599838256836
63176.34327951382,33.4630012512207
63176.40967428004,33.4630012512207
63176.476069046264,33.4630012512207
63176.54246381248,33.37699890136719
63176.60885857871,33.518001556396484
63176.67525334493,33.518001556396484
63176.74164811115,33.47200012207031
63176.808042877376,33.487998962402344
63176.87443764359,33.487998962402344
63176.94083240982,33.487998962402344
63177.00722717604,33.38800048828125
63177.07362194226,33.38800048828125
63177.14001670849,33.38100051879883
63177.206411474705,33.41299819946289
63177.27280624093,33.41299819946289
63177.33920100715,33.41299819946289
63177.40559577337,33.41299819946289
63177.47199053959,33.46200180053711
63177.538385305816,33.448001861572266
63177.60478007204,33.448001861572266
63177.67117483826,33.44200134277344
63177.737569604484,33.44200134277344
63177.8039643707,33.44200134277344
63177.87035913693,33.439998626708984
63177.936753903145,33.439998626708984
63178.00314866937,33.439998626708984
63178.06954343559,33.40299987792969
63178.13593820181,33.40299987792969
63178.20233296804,33.42300033569336
63178.268727734256,33.42300033569336
63178.33512250048,33.42300033569336
63178.4015172667,33.395999908447266
63178.467912032924,33.45500183105469
63178.53430679914,33.45500183105469
63178.60070156537,33.47999954223633
63178.66709633159,33.47999954223633
63178.73349109781,33.47999954223633
63178.799885864035,33.527000427246094
63178.86628063025,33.547000885009766
63178.93267539648,33.547000885009766
63178.999070162696,33.52000045776367
63179.06546492892,33.52000045776367
63179.13185969514,33.52000045776367
63179.198254461364,33.54399871826172
63179.26464922759,33.55500030517578
63179.33104399381,33.55500030517578
63179.39743876003,33.558998107910156
63179.46383352625,33.56100082397461
63179.530228292475,33.56100082397461
63179.59662305869,33.56100082397461
63179.66301782492,33.56100082397461
63179.72941259114,33.5260009765625
63179.79580735736,33.61800003051758
63179.862202123586,33.61800003051758
63179.928596889804,33.65700149536133
63179.99499165603,33.65700149536133
63180.06138642225,33.65700149536133
63180.12778118847,33.604000091552734
63180.19417595469,33.50899887084961
63180.260570720915,33.50899887084961
63180.32696548714,33.46900177001953
63180.39336025336,33.46900177001953
63180.45975501958,33.46900177001953
63180.5261497858,33.486000061035156
63180.592544552026,33.38800048828125
63180.658939318244,33.38800048828125
63180.72533408447,33.48699951171875
63180.791728850694,33.48699951171875
63180.85812361691,33.529998779296875
63180.92451838314,33.529998779296875
63180.990913149355,33.529998779296875
63181.05730791558,33.58399963378906
63181.1237026818,33.5359992980957
63181.19009744802,33.5359992980957
63181.25649221424,33.47999954223633
63181.322886980466,33.47999954223633
63181.38928174669,33.47999954223633
63181.45567651291,33.49100112915039
63181.522071279134,33.49599838256836
63181.58846604535,33.49599838256836
63181.65486081158,33.4630012512207
63181.721255577795,33.51900100708008
63181.78765034402,33.51900100708008
63181.854045110245,33.51900100708008
63181.92043987646,33.51900100708008
63181.98683464269,33.54399871826172
63182.053229408906,33.55400085449219
63182.11962417513,33.55400085449219
63182.18601894135,33.59400177001953
63182.252413707574,33.59400177001953
63182.31880847379,33.59400177001953
63182.38520324002,33.57600021362305
63182.45159800624,33.53300094604492
63182.51799277246,33.53300094604492
63182.584387538685,33.62099838256836
63182.6507823049,33.62099838256836
63182.71717707113,33.62099838256836
63182.783571837346,33.551998138427734
63182.84996660357,33.55799865722656
63182.9163613698,33.55799865722656
63182.982756136014,33.63100051879883
63183.04915090224,33.63100051879883
63183.11554566846,33.63100051879883
63183.18194043468,33.55699920654297
63183.2483352009,33.59600067138672
63183.314729967125,33.59600067138672
63183.38112473334,33.54100036621094
63183.44751949957,33.518001556396484
63183.51391426579,33.518001556396484
63183.58030903201,33.518001556396484
63183.64670379824,33.518001556396484
63183.713098564454,33.57899856567383
63183.77949333068,33.569000244140625
63183.8458880969,33.569000244140625
63183.91228286312,33.42399978637695
63183.97867762935,33.42399978637695
63184.045072395566,33.42399978637695
63184.11146716179,33.50199890136719
63184.17786192801,33.606998443603516
63184.24425669423,33.606998443603516
63184.31065146045,33.582000732421875
63184.37704622668,33.582000732421875
63184.4434409929,33.582000732421875
63184.50983575912,33.5
63184.576230525345,33.53499984741211
63184.64262529156,33.53499984741211
63184.70902005779,33.55099868774414
63184.775414824006,33.55099868774414
63184.84180959023,33.55099868774414
63184.90820435645,33.66400146484375
63184.974599122674,33.641998291015625
63185.0409938889,33.641998291015625
63185.10738865512,33.63199996948242
63185.17378342134,33.63199996948242
63185.24017818756,33.63199996948242
63185.306572953785,33.55699920654297
63185.37296772,33.59600067138672
63185.43936248623,33.59600067138672
63185.50575725245,33.71900177001953
63185.57215201867,33.595001220703125
63185.638546784896,33.595001220703125
63185.704941551114,33.595001220703125
63185.77133631734,33.595001220703125
63185.83773108356,33.57600021362305
63185.90412584978,33.57600021362305
63185.970520616,33.604000091552734
63186.036915382225,33.54499816894531
63186.10331014845,33.54499816894531
63186.16970491467,33.6609992980957
63186.23609968089,33.6609992980957
63186.30249444711,33.6609992980957
63186.368889213336,33.56999969482422
63186.435283979554,33.637001037597656
63186.50167874578,33.637001037597656
63186.568073512004,33.595001220703125
63186.63446827822,33.595001220703125
63186.70086304445,33.595001220703125
63186.767257810665,33.57600021362305
63186.83365257689,33.53300094604492
63186.90004734311,33.53300094604492
63186.96644210933,33.584999084472656
63187.03283687555,33.584999084472656
63187.099231641776,33.584999084472656
63187.165626408,33.608001708984375
63187.23202117422,33.582000732421875
63187.298415940444,33.582000732421875
63187.36481070666,33.60599899291992
63187.43120547289,33.582000732421875
63187.497600239105,33.582000732421875
63187.56399500533,33.582000732421875
63187.630389771555,33.53499984741211
63187.69678453777,33.53499984741211
63187.763179304,33.51499938964844
63187.829574070216,33.612998962402344
63187.89596883644,33.612998962402344
63187.96236360266,33.612998962402344
63188.028758368884,33.612998962402344
63188.0951531351,33.58399963378906
63188.16154790133,33.5359992980957
63188.22794266755,33.5359992980957
63188.29433743377,33.55099868774414
63188.360732199995,33.55099868774414
63188.42712696621,33.55099868774414
63188.49352173244,33.59299850463867
63188.559916498656,33.57600021362305
63188.62631126488,33.57600021362305
63188.692706031106,33.604000091552734
63188.759100797324,33.604000091552734
63188.82549556355,33.604000091552734
63188.89189032977,33.58000183105469
63188.95828509599,33.60599899291992
63189.02467986221,33.60599899291992
63189.091074628435,33.58100128173828
63189.15746939465,33.58100128173828
63189.22386416088,33.58100128173828
63189.2902589271,33.64099884033203
63189.35665369332,33.702999114990234
63189.42304845955,33.702999114990234
63189.489443225764,33.5880012512207
63189.55583799199,33.750999450683594
63189.62223275821,33.750999450683594
63189.68862752443,33.750999450683594
63189.75502229066,33.71500015258789
63189.821417056875,33.71500015258789
63189.8878118231,33.62799835205078
63189.95420658932,33.733001708984375
63190.02060135554,33.733001708984375
63190.08699612176,33.733001708984375
63190.15339088799,33.733001708984375
63190.219785654204,33.60100173950195
63190.28618042043,33.507999420166016
63190.352575186655,33.507999420166016
63190.41896995287,33.46799850463867
63190.4853647191,33.46799850463867
63190.551759485315,33.46799850463867
63190.61815425154,33.52199935913086
63190.68454901776,33.58000183105469
63190.75094378398,33.58000183105469
63190.81733855021,33.60599899291992
63190.88373331643,33.60599899291992
63190.95012808265,33.54600143432617
63191.01652284887,33.54600143432617
63191.082917615095,33.54600143432617
63191.14931238131,33.55500030517578
63191.21570714754,33.630001068115234
63191.28210191376,33.630001068115234
63191.34849667998,33.59199905395508
63191.414891446206,33.59199905395508
63191.48128621242,33.59199905395508
63191.54768097865,33.50400161743164
63191.61407574487,33.64400100708008
63191.68047051109,33.64400100708008
63191.74686527731,33.632999420166016
63191.813260043535,33.62799835205078
63191.87965480976,33.62799835205078
63191.94604957598,33.62799835205078
63192.0124443422,33.590999603271484
63192.07883910842,33.590999603271484
63192.145233874646,33.680999755859375
63192.21162864086,33.680999755859375
63192.27802340709,33.685001373291016
63192.344418173314,33.685001373291016
63192.41081293953,33.685001373291016
63192.47720770576,33.72200012207031
63192.543602471975,33.737998962402344
63192.6099972382,33.737998962402344
63192.67639200442,33.67399978637695
63192.74278677064,33.67399978637695
63192.80918153686,33.67399978637695
63192.875576303086,33.645999908447266
63192.94197106931,33.5989990234375
63193.00836583553,33.5989990234375
63193.074760601754,33.61399841308594
63193.14115536797,33.61399841308594
63193.2075501342,33.61399841308594
63193.273944900415,33.65599822998047
63193.34033966664,33.63800048828125
63193.406734432865,33.63800048828125
63193.47312919908,33.595001220703125
63193.53952396531,33.595001220703125
63193.605918731526,33.595001220703125
63193.67231349775,33.61199951171875
63193.73870826397,33.58399963378906
63193.805103030194,33.58399963378906
63193.87149779641,33.571998596191406
63193.93789256264,33.571998596191406
63194.00428732886,33.571998596191406
63194.07068209508,33.60200119018555
63194.137076861305,33.58000183105469
63194.20347162752,33.58000183105469
63194.26986639375,33.56999969482422
63194.336261159966,33.566001892089844
63194.40265592619,33.566001892089844
63194.469050692416,33.566001892089844
63194.535445458634,33.566001892089844
63194.60184022486,33.5989990234375
63194.66823499108,33.64899826049805
63194.7346297573,33.64899826049805
63194.80102452352,33.599998474121094
63194.867419289745,33.599998474121094
63194.93381405596,33.599998474121094
63195.00020882219,33.650001525878906
63195.06660358841,33.8129997253418
63195.13299835463,33.8129997253418
63195.199393120856,33.67100143432617
63195.265787887074,33.67100143432617
63195.3321826533,33.67100143432617
63195.39857741952,33.68000030517578
63195.46497218574,33.612998962402344
63195.53136695197,33.612998962402344
63195.597761718185,33.619998931884766
63195.66415648441,33.619998931884766
63195.73055125063,33.619998931884766
63195.79694601685,33.694000244140625
63195.86334078307,33.61899948120117
63195.929735549296,33.61899948120117
63195.996130315514,33.551998138427734
63196.06252508174,33.551998138427734
63196.128919847964,33.59299850463867
63196.19531461418,33.611000061035156
63196.26170938041,33.611000061035156
63196.328104146625,33.611000061035156
63196.39449891285,33.58399963378906
63196.46089367907,33.58399963378906
63196.52728844529,33.5359992980957
63196.59368321152,33.5359992980957
63196.66007797774,33.62200164794922
63196.72647274396,33.62200164794922
63196.79286751018,33.62200164794922
63196.859262276404,33.69499969482422
63196.92565704262,33.72600173950195
63196.99205180885,33.72600173950195
63197.058446575065,33.632999420166016
63197.12484134129,33.632999420166016
63197.191236107516,33.632999420166016
63197.25763087373,33.62900161743164
63197.32402563996,33.6619987487793
63197.39042040618,33.6619987487793
63197.4568151724,33.60599899291992
63197.52320993862,33.60599899291992
63197.589604704845,33.60599899291992
63197.65599947107,33.54600143432617
63197.72239423729,33.55500030517578
63197.78878900351,33.55500030517578
63197.85518376973,33.595001220703125
63197.921578535956,33.595001220703125
63197.98797330217,33.595001220703125
63198.0543680684,33.64699935913086
63198.12076283462,33.70600128173828
63198.18715760084,33.70600128173828
63198.25355236707,33.83700180053711
63198.319947133285,33.83700180053711
63198.38634189951,33.83700180053711
63198.45273666573,33.680999755859375
63198.51913143195,33.61399841308594
63198.58552619817,33.61399841308594
63198.651920964396,33.65599822998047
63198.71831573062,33.65599822998047
63198.78471049684,33.744998931884766
63198.851105263064,33.744998931884766
63198.91750002928,33.744998931884766
63198.98389479551,33.74800109863281
63199.050289561725,33.643001556396484
63199.11668432795,33.643001556396484
63199.183079094175,33.73899841308594
63199.24947386039,33.73899841308594
63199.31586862662,33.73899841308594
63199.382263392836,33.744998931884766
63199.44865815906,33.641998291015625
63199.51505292528,33.641998291015625
63199.581447691504,33.63199996948242
63199.64784245772,33.63199996948242
63199.71423722395,33.63199996948242
63199.78063199017,33.69900131225586
63199.84702675639,33.69200134277344
63199.913421522615,33.69200134277344
63199.97981628883,33.689998626708984
63200.04621105506,33.689998626708984
63200.112605821276,33.689998626708984
63200.1790005875,33.75899887084961
63200.245395353726,33.71900177001953
63200.311790119944,33.71900177001953
63200.37818488617,33.665000915527344
63200.44457965239,33.643001556396484
63200.51097441861,33.643001556396484
63200.57736918483,33.643001556396484
63200.643763951055,33.702999114990234
63200.71015871727,33.702999114990234
63200.7765534835,33.659000396728516
63200.84294824972,33.67499923706055
63200.90934301594,33.67499923706055
63200.975737782166,33.67499923706055
63201.042132548384,33.67499923706055
63201.10852731461,33.611000061035156
63201.17492208083,33.611000061035156
63201.24131684705,33.724998474121094
63201.30771161328,33.70399856567383
63201.374106379495,33.70399856567383
63201.44050114572,33.76599884033203
63201.50689591194,33.76599884033203
63201.57329067816,33.76599884033203
63201.63968544438,33.79199981689453
63201.706080210606,33.80400085449219
63201.772474976824,33.80400085449219
63201.83886974305,33.70199966430664
63201.905264509274,33.70199966430664
63201.97165927549,33.70199966430664
63202.03805404172,33.65800094604492
63202.104448807935,33.709999084472656
63202.17084357416,33.709999084472656
63202.23723834038,33.696998596191406
63202.3036331066,33.696998596191406
63202.37002787283,33.696998596191406
63202.436422639046,33.72700119018555
63202.50281740527,33.63399887084961
63202.56921217149,33.63399887084961
63202.635606937714,33.770999908447266
63202.70200170393,33.770999908447266
63202.76839647016,33.770999908447266
63202.834791236375,33.6879997253418
63202.9011860026,33.617000579833984
63202.967580768825,33.617000579833984
63203.03397553504,33.69200134277344
63203.10037030127,33.724998474121094
63203.166765067486,33.724998474121094
63203.23315983371,33.724998474121094
63203.29955459993,33.724998474121094
63203.365949366154,33.667999267578125
63203.43234413238,33.7859992980957
63203.4987388986,33.7859992980957
63203.56513366482,33.76499938964844
63203.63152843104,33.76499938964844
63203.697923197265,33.76499938964844
63203.76431796348,33.72100067138672
63203.83071272971,33.66699981689453
63203.897107495926,33.66699981689453
63203.96350226215,33.749000549316406
63204.02989702838,33.749000549316406
63204.096291794594,33.749000549316406
63204.16268656082,33.78499984741211
63204.22908132704,33.659000396728516
63204.29547609326,33.659000396728516
63204.36187085948,33.63999938964844
63204.428265625706,33.63999938964844
63204.49466039193,33.63999938964844
63204.56105515815,33.66699981689453
63204.627449924374,33.749000549316406
63204.69384469059,33.749000549316406
63204.76023945682,33.67900085449219
63204.826634223034,33.67900085449219
63204.89302898926,33.67900085449219
63204.95942375548,33.790000915527344
63205.0258185217,33.8380012512207
63205.09221328793,33.8380012512207
63205.158608054146,33.78799819946289
63205.22500282037,33.83700180053711
63205.29139758659,33.83700180053711
63205.357792352814,33.83700180053711
63205.42418711903,33.75199890136719
63205.49058188526,33.75199890136719
63205.55697665148,33.715999603271484
63205.6233714177,33.715999603271484
63205.689766183925,33.87699890136719
63205.75616095014,33.87699890136719
63205.82255571637,33.87699890136719
63205.888950482586,33.9109992980957
63205.95534524881,33.81999969482422
63206.02174001503,33.81999969482422
63206.088134781254,33.85100173950195
63206.15452954748,33.85100173950195
63206.2209243137,33.79399871826172
63206.28731907992,33.79399871826172
63206.35371384614,33.79399871826172
63206.420108612365,33.733001708984375
63206.48650337858,33.74300003051758
63206.55289814481,33.74300003051758
63206.61929291103,33.74700164794922
63206.68568767725,33.74700164794922
63206.752082443476,33.74700164794922
63206.818477209694,33.749000549316406
63206.88487197592,33.81999969482422
63206.95126674214,33.81999969482422
63207.01766150836,33.779998779296875
63207.08405627459,33.779998779296875
63207.150451040805,33.779998779296875
63207.21684580703,33.76300048828125
63207.28324057325,33.79100036621094
63207.34963533947,33.79100036621094
63207.41603010569,33.6609992980957
63207.482424871916,33.67599868774414
63207.548819638134,33.67599868774414
63207.61521440436,33.67599868774414
63207.681609170584,33.61199951171875
63207.7480039368,33.61199951171875
63207.81439870303,33.72600173950195
63207.880793469245,33.72600173950195
63207.94718823547,33.70399856567383
63208.01358300169,33.70399856567383
63208.07997776791,33.70399856567383
63208.14637253414,33.659000396728516
63208.212767300356,33.78200149536133
63208.27916206658,33.78200149536133
63208.3455568328,33.763999938964844
63208.411951599024,33.763999938964844
63208.47834636524,33.763999938964844
63208.54474113147,33.75600051879883
63208.611135897685,33.71699905395508
63208.67753066391,33.71699905395508
63208.743925430135,33.736000061035156
63208.81032019635,33.736000061035156
63208.87671496258,33.736000061035156
63208.943109728796,33.77899932861328
63209.00950449502,33.83399963378906
63209.07589926124,33.83399963378906
63209.142294027464,33.7859992980957
63209.20868879369,33.7859992980957
63209.27508355991,33.7859992980957
63209.34147832613,33.80099868774414
63209.40787309235,33.77199935913086
63209.474267858575,33.77199935913086
63209.54066262479,33.7599983215332
63209.60705739102,33.861000061035156
63209.673452157236,33.861000061035156
63209.73984692346,33.861000061035156
63209.80624168969,33.79800033569336
63209.872636455904,33.79800033569336
63209.93903122213,33.770999908447266
63210.00542598835,33.770999908447266
63210.07182075457,33.722999572753906
63210.13821552079,33.722999572753906
63210.204610287015,33.722999572753906
63210.27100505324,33.77399826049805
63210.33739981946,33.7599983215332
63210.40379458568,33.7599983215332
63210.4701893519,33.75400161743164
63210.53658411813,33.75400161743164
63210.602978884344,33.75400161743164
63210.66937365057,33.7869987487793
63210.73576841679,33.76599884033203
63210.80216318301,33.76599884033203
63210.86855794924,33.75699996948242
63210.934952715455,33.75699996948242
63211.00134748168,33.75699996948242
63211.0677422479,33.75299835205078
63211.13413701412,33.858001708984375
63211.20053178034,33.858001708984375
63211.26692654657,33.832000732421875
63211.33332131279,33.832000732421875
63211.39971607901,33.891998291015625
63211.466110845235,33.88199996948242
63211.53250561145,33.88199996948242
63211.59890037768,33.88199996948242
63211.665295143895,33.80699920654297
63211.73168991012,33.80699920654297
63211.79808467634,33.775001525878906
63211.86447944256,33.775001525878906
63211.93087420879,33.775001525878906
63211.99726897501,33.775001525878906
63212.06366374123,33.79600143432617
63212.13005850745,33.79600143432617
63212.196453273675,33.79600143432617
63212.26284803989,33.840999603271484
63212.32924280612,33.86000061035156
63212.39563757234,33.86000061035156
63212.46203233856,33.939998626708984
63212.528427104786,33.939998626708984
63212.594821871004,33.939998626708984
63212.66121663723,33.9379997253418
63212.72761140345,33.902000427246094
63212.79400616967,33.902000427246094
63212.86040093589,33.85100173950195
63212.926795702115,33.85100173950195
63212.99319046834,33.85100173950195
63213.05958523456,33.79399871826172
63213.12598000078,33.80400085449219
63213.192374767,33.80400085449219
63213.258769533226,33.84400177001953
63213.325164299444,33.84400177001953
63213.39155906567,33.84400177001953
63213.457953831894,33.755001068115234
63213.52434859811,33.755001068115234
63213.59074336434,33.755001068115234
63213.657138130555,33.75199890136719
63213.72353289678,33.75199890136719
63213.789927663,33.750999450683594
63213.85632242922,33.7859992980957
63213.92271719544,33.7859992980957
63213.989111961666,33.7859992980957
63214.05550672789,33.76599884033203
63214.12190149411,33.76599884033203
63214.188296260334,33.75699996948242
63214.25469102655,33.75299835205078
63214.32108579278,33.75299835205078
63214.387480558995,33.75299835205078
63214.45387532522,33.75299835205078
63214.520270091445,33.715999603271484
63214.58666485766,33.805999755859375
63214.65305962389,33.805999755859375
63214.719454390106,33.810001373291016
63214.78584915633,33.810001373291016
63214.85224392255,33.810001373291016
63214.918638688774,33.84700012207031
63214.985033455,33.79199981689453
63215.05142822122,33.79199981689453
63215.11782298744,33.874000549316406
63215.18421775366,33.874000549316406
63215.250612519885,33.874000549316406
63215.3170072861,33.94599914550781
63215.38340205233,33.79899978637695
63215.449796818546,33.79899978637695
63215.51619158477,33.736000061035156
63215.582586350996,33.736000061035156
63215.648981117214,33.736000061035156
63215.71537588344,33.849998474121094
63215.78177064966,33.82899856567383
63215.84816541588,33.82899856567383
63215.9145601821,33.85499954223633
63215.980954948325,33.85499954223633
63216.04734971455,33.85499954223633
63216.11374448077,33.79499816894531
63216.18013924699,33.9109992980957
63216.24653401321,33.9109992980957
63216.312928779436,33.85499954223633
63216.379323545654,33.7599983215332
63216.44571831188,33.7599983215332
63216.5121130781,33.7599983215332
63216.57850784432,33.7599983215332
63216.64490261055,33.71900177001953
63216.711297376765,33.71900177001953
63216.77769214299,33.84299850463867
63216.84408690921,33.861000061035156
63216.91048167543,33.861000061035156
63216.97687644165,33.83399963378906
63217.04327120788,33.83399963378906
63217.1096659741,33.83399963378906
63217.17606074032,33.7859992980957
63217.242455506545,33.76599884033203
63217.30885027276,33.76599884033203
63217.37524503899,33.79199981689453
63217.441639805205,33.79199981689453
63217.50803457143,33.79199981689453
63217.57442933765,33.80400085449219
63217.64082410387,33.808998107910156
63217.7072188701,33.808998107910156
63217.77361363632,33.775001525878906
63217.84000840254,33.775001525878906
63217.90640316876,33.775001525878906
63217.972797934985,33.79600143432617
63218.0391927012,33.840999603271484
63218.10558746743,33.840999603271484
63218.17198223365,33.86000061035156
63218.23837699987,33.86000061035156
63218.304771766096,33.86000061035156
63218.37116653231,33.762001037597656
63218.43756129854,33.82600021362305
63218.50395606476,33.82600021362305
63218.57035083098,33.888999938964844
63218.6367455972,33.88100051879883
63218.703140363425,33.88100051879883
63218.76953512965,33.88100051879883
63218.83592989587,33.88100051879883
63218.90232466209,33.84199905395508
63218.96871942831,33.861000061035156
63219.035114194536,33.861000061035156
63219.10150896075,33.86899948120117
63219.16790372698,33.86899948120117
63219.234298493204,33.86899948120117
63219.30069325942,33.90800094604492
63219.36708802565,33.81800079345703
63219.433482791865,33.81800079345703
63219.49987755809,33.814998626708984
63219.56627232431,33.814998626708984
63219.63266709053,33.814998626708984
63219.69906185675,33.91999816894531
63219.765456622976,33.78799819946289
63219.8318513892,33.78799819946289
63219.89824615542,33.83700180053711
63219.964640921644,33.83700180053711
63220.03103568786,33.83700180053711
63220.09743045409,33.89400100708008
63220.163825220305,33.91899871826172
63220.23021998653,33.91899871826172
63220.296614752755,33.858001708984375
63220.36300951897,33.832000732421875
63220.4294042852,33.832000732421875
63220.495799051416,33.832000732421875
63220.56219381764,33.7859992980957
63220.62858858386,33.7859992980957
63220.694983350084,33.72999954223633
63220.7613781163,33.882999420166016
63220.82777288253,33.882999420166016
63220.89416764875,33.882999420166016
63220.96056241497,33.882999420166016
63221.026957181195,33.80799865722656
63221.09335194741,33.73899841308594
63221.15974671364,33.73899841308594
63221.226141479856,33.816001892089844
63221.29253624608,33.816001892089844
63221.358931012306,33.816001892089844
63221.425325778524,33.849998474121094
63221.49172054475,33.89899826049805
63221.55811531097,33.89899826049805
63221.62451007719,33.814998626708984
63221.69090484341,33.814998626708984
63221.757299609635,33.8489990234375
63221.82369437586,33.8489990234375
63221.89008914208,33.8489990234375
63221.9564839083,33.935001373291016
63222.02287867452,33.8650016784668
63222.089273440746,33.8650016784668
63222.155668206964,33.87099838256836
63222.22206297319,33.87099838256836
63222.28845773941,33.87099838256836
63222.35485250563,33.87300109863281
63222.42124727186,33.874000549316406
63222.487642038075,33.874000549316406
63222.5540368043,33.98099899291992
63222.62043157052,33.98099899291992
63222.68682633674,33.98099899291992
63222.75322110296,34.027000427246094
63222.819615869186,33.869998931884766
63222.88601063541,33.869998931884766
63222.95240540163,33.87300109863281
63223.018800167854,33.87300109863281
63223.08519493407,33.87300109863281
63223.1515897003,33.768001556396484
63223.217984466515,33.970001220703125
63223.28437923274,33.970001220703125
63223.35077399896,33.91600036621094
63223.41716876518,33.821998596191406
63223.48356353141,33.821998596191406
63223.549958297626,33.821998596191406
63223.61635306385,33.821998596191406
63223.68274783007,33.85200119018555
63223.749142596294,33.9010009765625
63223.81553736251,33.9010009765625
63223.88193212874,33.88600158691406
63223.94832689496,33.88600158691406
63224.01472166118,33.88600158691406
63224.081116427406,33.808998107910156
63224.14751119362,33.987998962402344
63224.21390595985,33.987998962402344
63224.280300726066,33.888999938964844
63224.34669549229,33.888999938964844
63224.41309025851,33.888999938964844
63224.479485024734,33.88100051879883
63224.54587979096,33.84199905395508
63224.61227455718,33.84199905395508
63224.6786693234,33.861000061035156
63224.74506408962,33.861000061035156
63224.811458855846,33.861000061035156
63224.87785362206,33.86899948120117
63224.94424838829,33.87200164794922
63225.010643154514,33.87200164794922
63225.07703792073,33.874000549316406
63225.14343268696,33.874000549316406
63225.209827453175,33.874000549316406
63225.2762222194,33.94499969482422
63225.34261698562,34.012001037597656
63225.40901175184,34.012001037597656
63225.47540651806,33.933998107910156
63225.541801284286,33.97200012207031
63225.60819605051,33.97200012207031
63225.67459081673,33.97200012207031
63225.740985582954,33.95199966430664
63225.80738034917,33.95199966430664
63225.8737751154,33.979000091552734
63225.940169881615,33.979000091552734
63226.00656464784,33.95600128173828
63226.072959414065,33.95600128173828
63226.13935418028,33.95600128173828
63226.20574894651,33.874000549316406
63226.272143712726,33.8390007019043
63226.33853847895,33.8390007019043
63226.40493324517,33.89500045776367
63226.471328011394,33.89500045776367
63226.53772277761,33.89500045776367
63226.60411754384,33.88399887084961
63226.67051231006,33.91400146484375
63226.73690707628,33.91400146484375
63226.803301842505,33.9630012512207
63226.86969660872,33.9630012512207
63226.93609137495,33.948001861572266
63227.002486141166,33.948001861572266
63227.06888090739,33.948001861572266
63227.135275673616,33.94200134277344
63227.201670439834,33.90399932861328
63227.26806520606,33.90399932861328
63227.33445997228,33.81700134277344
63227.4008547385,33.8849983215332
63227.46724950472,33.8849983215332
63227.533644270945,33.8849983215332
63227.60003903716,33.915000915527344
63227.66643380339,33.915000915527344
63227.73282856961,33.82099914550781
63227.79922333583,33.85200119018555
63227.865618102056,33.85200119018555
63227.932012868274,33.85200119018555
63227.9984076345,33.85200119018555
63228.06480240072,33.8650016784668
63228.13119716694,33.87099838256836
63228.19759193317,33.87099838256836
63228.263986699385,33.87300109863281
63228.33038146561,33.87300109863281
63228.39677623183,33.87300109863281
63228.46317099805,33.8390007019043
63228.52956576427,33.93000030517578
63228.595960530496,33.93000030517578
63228.66235529672,33.933998107910156
63228.72875006294,33.933998107910156
63228.795144829164,33.933998107910156
63228.86153959538,33.97200012207031
63228.92793436161,33.95199966430664
63228.994329127825,33.95199966430664
63229.06072389405,33.979000091552734
63229.12711866027,33.979000091552734
63229.19351342649,33.979000091552734
63229.25990819272,33.8489990234375
63229.326302958936,33.935001373291016
63229.39269772516,33.935001373291016
63229.45909249138,33.9010009765625
63229.525487257604,33.9010009765625
63229.59188202382,33.9010009765625
63229.65827679005,33.957000732421875
63229.72467155627,33.98099899291992
63229.79106632249,33.98099899291992
63229.857461088715,33.992000579833984
63229.92385585493,33.99700164794922
63229.99025062116,33.99700164794922
63230.056645387376,33.99700164794922
63230.1230401536,33.928001403808594
63230.18943491982,33.928001403808594
63230.255829686044,33.96900177001953
63230.32222445227,33.986000061035156
63230.38861921849,33.986000061035156
63230.45501398471,33.986000061035156
63230.52140875093,33.986000061035156
63230.587803517155,33.95899963378906
63230.65419828337,33.84000015258789
63230.7205930496,33.84000015258789
63230.78698781582,33.89500045776367
63230.85338258204,33.89500045776367
63230.91977734827,33.89500045776367
63230.986172114484,34.0260009765625
63231.05256688071,33.97600173950195
63231.11896164693,33.97600173950195
63231.18535641315,33.91899871826172
63231.25175117937,33.91899871826172
63231.318145945595,33.91899871826172
63231.38454071182,34.0
63231.45093547804,33.96500015258789
63231.51733024426,33.96500015258789
63231.58372501048,33.98500061035156
63231.65011977671,33.98500061035156
63231.716514542924,33.98500061035156
63231.78290930915,34.02899932861328
63231.849304075375,34.02899932861328
63231.91569884159,34.11899948120117
63231.98209360782,34.08700180053711
63232.048488374036,34.08700180053711
63232.11488314026,33.930999755859375
63232.18127790648,33.930999755859375
63232.2476726727,34.00600051879883
63232.31406743892,34.00600051879883
63232.38046220515,34.00600051879883
63232.44685697137,34.00199890136719
63232.51325173759,34.0369987487793
63232.579646503815,34.0369987487793
63232.64604127003,34.05099868774414
63232.71243603626,34.05099868774414
63232.778830802476,34.05099868774414
63232.8452255687,33.95100021362305
63232.911620334926,33.94300079345703
63232.978015101144,33.94300079345703
63233.04440986737,34.04600143432617
63233.11080463359,34.04600143432617
63233.17719939981,34.04600143432617
63233.24359416603,34.055999755859375
63233.309988932255,33.98899841308594
63233.37638369847,33.98899841308594
63233.4427784647,33.92399978637695
63233.50917323092,33.92399978637695
63233.57556799714,33.92399978637695
63233.641962763366,33.895999908447266
63233.708357529584,34.0260009765625
63233.77475229581,34.0260009765625
63233.84114706203,33.904998779296875
63233.90754182825,33.904998779296875
63233.97393659448,33.904998779296875
63234.040331360695,33.92300033569336
63234.10672612692,33.930999755859375
63234.17312089314,33.930999755859375
63234.23951565936,34.00600051879883
63234.30591042558,33.96699905395508
63234.372305191806,33.96699905395508
63234.438699958024,33.96699905395508
63234.50509472425,33.96699905395508
63234.571489490474,33.915000915527344
63234.63788425669,33.999000549316406
63234.70427902292,33.999000549316406
63234.770673789135,34.03499984741211
63234.83706855536,34.03499984741211
63234.90346332158,34.03499984741211
63234.9698580878,34.01499938964844
63235.03625285403,33.900001525878906
63235.102647620246,33.900001525878906
63235.16904238647,33.992000579833984
63235.23543715269,33.992000579833984
63235.301831918914,33.992000579833984
63235.36822668513,34.06800079345703
63235.43462145136,33.99399948120117
63235.501016217575,33.99399948120117
63235.5674109838,34.03300094604492
63235.633805750025,34.03300094604492
63235.70020051624,34.03300094604492
63235.76659528247,34.04999923706055
63235.832990048686,34.05699920654297
63235.89938481491,34.05699920654297
63235.96577958113,34.09600067138672
63236.032174347354,34.09600067138672
63236.09856911358,34.09600067138672
63236.1649638798,34.00600051879883
63236.23135864602,34.03799819946289
63236.29775341224,34.03799819946289
63236.364148178465,34.08700180053711
63236.43054294468,34.10900115966797
63236.49693771091,34.10900115966797
63236.56333247713,34.10900115966797
63236.62972724335,34.11800003051758
63236.696122009576,34.11800003051758
63236.762516775794,33.97999954223633
63236.82891154202,33.97999954223633
63236.89530630824,33.91999816894531
63236.96170107446,33.91999816894531
63237.02809584068,34.000999450683594
63237.094490606905,34.000999450683594
63237.16088537313,34.000999450683594
63237.22728013935,34.0
63237.29367490557,33.92900085449219
63237.36006967179,33.92900085449219
63237.42646443802,33.96900177001953
63237.492859204234,33.96900177001953
63237.55925397046,33.96900177001953
63237.625648736685,34.05799865722656
63237.6920435029,34.060001373291016
63237.75843826913,34.060001373291016
63237.824833035345,33.91999816894531
63237.89122780157,33.91999816894531
63237.95762256779,33.91999816894531
63238.02401733401,33.96500015258789
63238.09041210023,33.95000076293945
63238.15680686646,33.95000076293945
63238.22320163268,33.97800064086914
63238.2895963989,33.95500183105469
63238.355991165125,33.95500183105469
63238.42238593134,33.95500183105469
63238.48878069757,33.94499969482422
63238.555175463785,33.94499969482422
63238.62157023001,33.97600173950195
63238.687964996236,34.025001525878906
63238.75435976245,34.025001525878906
63238.82075452868,34.025001525878906
63238.8871492949,34.025001525878906
63238.95354406112,34.04600143432617
63239.01993882734,33.94900131225586
63239.086333593565,33.94900131225586
63239.15272835978,34.04899978637695
63239.21912312601,34.04899978637695
63239.28551789223,34.04899978637695
63239.35191265845,33.986000061035156
63239.418307424676,33.99399948120117
63239.48470219089,33.99399948120117
63239.55109695712,34.06800079345703
63239.61749172334,34.06800079345703
63239.68388648956,34.06800079345703
63239.75028125579,33.92300033569336
63239.816676022005,33.96699905395508
63239.88307078823,33.96699905395508
63239.94946555445,33.986000061035156
63240.01586032067,33.986000061035156
63240.08225508689,33.986000061035156
63240.148649853116,34.02899932861328
63240.215044619334,34.08399963378906
63240.28143938556,34.08399963378906
63240.347834151784,34.106998443603516
63240.414228918,34.106998443603516
63240.48062368423,34.106998443603516
63240.547018450445,34.082000732421875
63240.61341321667,34.03499984741211
63240.67980798289,34.03499984741211
63240.74620274911,33.944000244140625
63240.81259751534,33.97600173950195
63240.878992281556,33.97600173950195
63240.94538704778,33.97600173950195
63241.011781814,33.95399856567383
63241.078176580224,33.95399856567383
63241.14457134644,33.94499969482422
63241.21096611267,33.94499969482422
63241.277360878885,34.012001037597656
63241.34375564511,34.012001037597656
63241.410150411335,34.012001037597656
63241.47654517755,34.040000915527344
63241.54293994378,34.053001403808594
63241.609334709996,34.053001403808594
63241.67572947622,34.09400177001953
63241.74212424244,34.09400177001953
63241.808519008664,34.09400177001953
63241.87491377489,34.14699935913086
63241.94130854111,34.06399917602539
63242.00770330733,34.06399917602539
63242.07409807355,34.0629997253418
63242.140492839775,34.0629997253418
63242.20688760599,34.097999572753906
63242.27328237222,34.097999572753906
63242.339677138436,34.097999572753906
63242.40607190466,34.220001220703125
63242.472466670886,34.16600036621094
63242.538861437104,34.16600036621094
63242.60525620333,34.106998443603516
63242.67165096955,34.106998443603516
63242.73804573577,34.106998443603516
63242.80444050199,34.117000579833984
63242.870835268215,34.08599853515625
63242.93723003444,34.08599853515625
63243.00362480066,34.108001708984375
63243.07001956688,34.01100158691406
63243.1364143331,34.01100158691406
63243.202809099326,34.01100158691406
63243.269203865544,34.07600021362305
63243.33559863177,34.07600021362305
63243.40199339799,34.104000091552734
63243.46838816421,34.104000091552734
63243.53478293044,34.00899887084961
63243.601177696655,34.00899887084961
63243.66757246288,34.00899887084961
63243.7339672291,34.040000915527344
63243.80036199532,34.12300109863281
63243.86675676154,34.12300109863281
63243.933151527766,34.018001556396484
63243.99954629399,34.018001556396484
63244.06594106021,34.018001556396484
63244.132335826434,34.07899856567383
63244.19873059265,34.06999969482422
63244.26512535888,34.06999969482422
63244.331520125095,34.029998779296875
63244.39791489132,34.029998779296875
63244.464309657546,34.029998779296875
63244.53070442376,34.01300048828125
63244.59709918999,34.00600051879883
63244.66349395621,34.00600051879883
63244.72988872243,34.00199890136719
63244.79628348865,34.00199890136719
63244.862678254874,34.00199890136719
63244.92907302109,34.0369987487793
63244.99546778732,34.05099868774414
63245.06186255354,34.05099868774414
63245.12825731976,34.09299850463867
63245.194652085986,34.09299850463867
63245.2610468522,34.09299850463867
63245.32744161843,34.040000915527344
63245.39383638465,34.0880012512207
63245.46023115087,34.0880012512207
63245.5266259171,34.14500045776367
63245.593020683315,34.16899871826172
63245.65941544954,34.16899871826172
63245.72581021576,34.16899871826172
63245.79220498198,34.16899871826172
63245.8585997482,34.073001861572266
63245.924994514426,34.03200149536133
63245.99138928064,34.03200149536133
63246.05778404687,34.084999084472656
63246.124178813094,34.084999084472656
63246.19057357931,34.084999084472656
63246.25696834554,34.071998596191406
63246.323363111755,34.10200119018555
63246.38975787798,34.10200119018555
63246.4561526442,34.04399871826172
63246.52254741042,34.04399871826172
63246.58894217665,34.04399871826172
63246.655336942866,34.09000015258789
63246.72173170909,34.14500045776367
63246.78812647531,34.14500045776367
63246.854521241534,34.027000427246094
63246.92091600775,34.027000427246094
63246.98731077398,34.027000427246094
63247.053705540195,34.047000885009766
63247.12010030642,34.047000885009766
63247.186495072645,34.090999603271484
63247.25288983886,34.07500076293945
63247.31928460509,34.07500076293945
63247.385679371306,34.06800079345703
63247.45207413753,34.06800079345703
63247.51846890375,34.06800079345703
63247.584863669974,34.099998474121094
63247.6512584362,34.11399841308594
63247.71765320242,34.11399841308594
63247.78404796864,34.04899978637695
63247.85044273486,34.09199905395508
63247.916837501085,34.09199905395508
63247.9832322673,34.09199905395508
63248.04962703353,34.09199905395508
63248.116021799746,34.145999908447266
63248.18241656597,34.0629997253418
63248.248811332196,34.0629997253418
63248.315206098414,33.992000579833984
63248.38160086464,33.992000579833984
63248.44799563086,33.992000579833984
63248.51439039708,34.13800048828125
63248.5807851633,34.095001220703125
63248.647179929525,34.095001220703125
63248.71357469575,34.14799880981445
63248.77996946197,34.14799880981445
63248.84636422819,34.14799880981445
63248.91275899441,34.1349983215332
63248.979153760636,34.02299880981445
63249.045548526854,34.02299880981445
63249.11194329308,34.08100128173828
63249.1783380593,34.08100128173828
63249.24473282552,34.08100128173828
63249.31112759175,34.06999969482422
63249.377522357965,34.10100173950195
63249.44391712419,34.10100173950195
63249.51031189041,34.150001525878906
63249.57670665663,34.099998474121094
63249.64310142285,34.099998474121094
63249.709496189076,34.099998474121094
63249.7758909553,34.07899856567383
63249.84228572152,34.07899856567383
63249.908680487744,34.10499954223633
63249.97507525396,34.10499954223633
63250.04147002019,34.11600112915039
63250.107864786405,34.11600112915039
63250.17425955263,34.11600112915039
63250.24065431885,34.08599853515625
63250.30704908507,34.073001861572266
63250.3734438513,34.073001861572266
63250.439838617516,34.06700134277344
63250.50623338374,34.06700134277344
63250.57262814996,34.06700134277344
63250.639022916184,34.02899932861328
63250.7054176824,34.08300018310547
63250.77181244863,34.08300018310547
63250.83820721485,34.106998443603516
63250.90460198107,34.106998443603516
63250.970996747295,34.106998443603516
63251.03739151351,34.082000732421875
63251.10378627974,34.07099914550781
63251.170181045956,34.07099914550781
63251.23657581218,34.066001892089844
63251.3029705784,34.066001892089844
63251.369365344624,34.066001892089844
63251.43576011085,34.1349983215332
63251.50215487707,34.12900161743164
63251.56854964329,34.12900161743164
63251.63494440951,34.12699890136719
63251.701339175735,34.12699890136719
63251.76773394195,34.12699890136719
63251.83412870818,34.196998596191406
63251.9005234744,34.15599822998047
63251.96691824062,34.15599822998047
63252.03331300685,34.20899963378906
63252.099707773064,34.125999450683594
63252.16610253929,34.125999450683594
63252.23249730551,34.19599914550781
63252.29889207173,34.19599914550781
63252.36528683796,34.19599914550781
63252.431681604176,34.19599914550781
63252.4980763704,34.15599822998047
63252.56447113662,34.244998931884766
63252.630865902844,34.244998931884766
63252.69726066906,34.21200180053711
63252.76365543529,34.21200180053711
63252.830050201504,34.21200180053711
63252.89644496773,34.12699890136719
63252.962839733955,34.05500030517578
63253.02923450017,34.05500030517578
63253.0956292664,34.095001220703125
63253.162024032616,34.095001220703125
63253.22841879884,34.095001220703125
63253.29481356506,34.11199951171875
63253.361208331284,34.11899948120117
63253.42760309751,34.11899948120117
63253.49399786373,34.12300109863281
63253.56039262995,34.12300109863281
63253.62678739617,34.12300109863281
63253.693182162395,34.124000549316406
63253.75957692861,34.15999984741211
63253.82597169484,34.15999984741211
63253.892366461056,34.13999938964844
63253.95876122728,34.13199996948242
63254.025155993506,34.13199996948242
63254.091550759724,34.13199996948242
63254.15794552595,34.05699920654297
63254.22434029217,34.05699920654297
63254.29073505839,34.060001373291016
63254.35712982461,34.0260009765625
63254.423524590835,34.0260009765625
63254.48991935706,34.0260009765625
63254.55631412328,34.0260009765625
63254.6227088895,34.082000732421875
63254.68910365572,34.10599899291992
63254.755498421946,34.10599899291992
63254.821893188164,34.117000579833984
63254.88828795439,34.117000579833984
63254.95468272061,34.117000579833984
63255.02107748683,34.22800064086914
63255.08747225306,34.16999816894531
63255.153867019275,34.16999816894531
63255.2202617855,34.03799819946289
63255.28665655172,34.03799819946289
63255.35305131794,34.03799819946289
63255.41944608416,34.08700180053711
63255.485840850386,34.073001861572266
63255.55223561661,34.073001861572266
63255.61863038283,34.17399978637695
63255.685025149054,34.17399978637695
63255.75141991527,34.17399978637695
63255.8178146815,34.180999755859375
63255.884209447715,34.220001220703125
63255.95060421394,34.220001220703125
63256.01699898016,34.20199966430664
63256.08339374638,34.20199966430664
63256.14978851261,34.20199966430664
63256.216183278826,34.194000244140625
63256.28257804505,34.154998779296875
63256.34897281127,34.154998779296875
63256.415367577494,34.13800048828125
63256.48176234371,34.13100051879883
63256.54815710994,34.13100051879883
63256.61455187616,34.13100051879883
63256.68094664238,34.16299819946289
63256.747341408605,34.16299819946289
63256.81373617482,34.21200180053711
63256.88013094105,34.16299819946289
63256.946525707266,34.16299819946289
63257.01292047349,34.16299819946289
63257.07931523971,34.16299819946289
63257.145710005934,34.14099884033203
63257.21210477216,34.167999267578125
63257.27849953838,34.167999267578125
63257.3448943046,34.2140007019043
63257.41128907082,34.2140007019043
63257.477683837045,34.16400146484375
63257.54407860326,34.16400146484375
63257.61047336949,34.16400146484375
63257.67686813571,34.2130012512207
63257.74326290193,34.09199905395508
63257.80965766816,34.09199905395508
63257.876052434374,34.111000061035156
63257.9424472006,34.111000061035156
63258.00884196682,34.111000061035156
63258.07523673304,34.189998626708984
63258.14163149926,34.11800003051758
63258.208026265485,34.11800003051758
63258.27442103171,34.22800064086914
63258.34081579793,34.22800064086914
63258.40721056415,34.22800064086914
63258.47360533037,34.31100082397461
63258.5400000966,34.20600128173828
63258.606394862814,34.20600128173828
63258.67278962904,34.124000549316406
63258.739184395265,34.19599914550781
63258.80557916148,34.19599914550781
63258.87197392771,34.19599914550781
63258.938368693925,34.19599914550781
63259.00476346015,34.262001037597656
63259.07115822637,34.29100036621094
63259.13755299259,34.29100036621094
63259.20394775882,34.231998443603516
63259.27034252504,34.231998443603516
63259.33673729126,34.231998443603516
63259.40313205748,34.13600158691406
63259.469526823705,34.20100021362305
63259.53592158992,34.20100021362305
63259.60231635615,34.15800094604492
63259.668711122365,34.15800094604492
63259.73510588859,34.15800094604492
63259.801500654816,34.17499923706055
63259.86789542103,34.145999908447266
63259.93429018726,34.145999908447266
63260.00068495348,34.24100112915039
63260.0670797197,34.24100112915039
63260.13347448592,34.24100112915039
63260.199869252145,34.28099822998047
63260.26626401837,34.22800064086914
63260.33265878459,34.22800064086914
63260.39905355081,34.20500183105469
63260.46544831703,34.20500183105469
63260.531843083256,34.20500183105469
63260.598237849474,34.124000549316406
63260.6646326157,34.19599914550781
63260.73102738192,34.19599914550781
63260.79742214814,34.191001892089844
63260.86381691437,34.18899917602539
63260.930211680585,34.18899917602539
63260.99660644681,34.18899917602539
63261.06300121303,34.117000579833984
63261.12939597925,34.117000579833984
63261.19579074547,34.19300079345703
63261.262185511696,34.19300079345703
63261.32858027792,34.224998474121094
63261.39497504414,34.224998474121094
63261.461369810364,34.224998474121094
63261.52776457658,34.167999267578125
63261.59415934281,34.14400100708008
63261.660554109025,34.14400100708008
63261.72694887525,34.132999420166016
63261.79334364147,34.132999420166016
63261.85973840769,34.132999420166016
63261.92613317392,34.12900161743164
63261.992527940136,34.12699890136719
63262.05892270636,34.12699890136719
63262.12531747258,34.1609992980957
63262.191712238804,34.1609992980957
63262.25810700502,34.1609992980957
63262.32450177125,34.21200180053711
63262.39089653747,34.21200180053711
63262.45729130369,34.12699890136719
63262.523686069915,34.196998596191406
63262.59008083613,34.196998596191406
63262.65647560236,34.22700119018555
63262.722870368576,34.22700119018555
63262.7892651348,34.22700119018555
63262.85565990102,34.20500183105469
63262.922054667244,34.26599884033203
63262.98844943347,34.26599884033203
63263.05484419969,34.25699996948242
63263.12123896591,34.25299835205078
63263.18763373213,34.25299835205078
63263.254028498355,34.25299835205078
63263.32042326457,34.14500045776367
63263.3868180308,34.14500045776367
63263.45321279702,34.275001525878906
63263.51960756324,34.275001525878906
63263.586002329466,34.22600173950195
63263.652397095684,34.22600173950195
63263.71879186191,34.22600173950195
63263.78518662813,34.16899871826172
63263.85158139435,34.17900085449219
63263.91797616057,34.17900085449219
63263.984370926795,34.14799880981445
63264.05076569302,34.14799880981445
63264.11716045924,34.14799880981445
63264.18355522546,34.242000579833984
63264.24994999168,34.13999938964844
63264.316344757906,34.13999938964844
63264.382739524124,34.20199966430664
63264.44913429035,34.20199966430664
63264.515529056574,34.20199966430664
63264.58192382279,34.15800094604492
63264.64831858902,34.209999084472656
63264.714713355235,34.209999084472656
63264.78110812146,34.1619987487793
63264.84750288768,34.1619987487793
63264.9138976539,34.1619987487793
63264.98029242012,34.17599868774414
63265.04668718635,34.25400161743164
63265.11308195257,34.25400161743164
63265.17947671879,34.2869987487793
63265.245871485015,34.2869987487793
63265.31226625123,34.2869987487793
63265.37866101746,34.23099899291992
63265.445055783675,34.277000427246094
63265.5114505499,34.277000427246094
63265.577845316126,34.297000885009766
63265.64424008234,34.27000045776367
63265.71063484857,34.27000045776367
63265.77702961479,34.27000045776367
63265.84342438101,34.27000045776367
63265.90981914723,34.1879997253418
63265.976213913455,34.29399871826172
63266.04260867968,34.29399871826172
63266.1090034459,34.26900100708008
63266.17539821212,34.26900100708008
63266.24179297834,34.26900100708008
63266.308187744566,34.3650016784668
63266.37458251078,34.229000091552734
63266.44097727701,34.229000091552734
63266.50737204323,34.20500183105469
63266.57376680945,34.20500183105469
63266.64016157568,34.20500183105469
63266.706556341895,34.19499969482422
63266.77295110812,34.154998779296875
63266.83934587434,34.154998779296875
63266.90574064056,34.13800048828125
63266.97213540678,34.13800048828125
63267.038530173006,34.13800048828125
63267.10492493923,34.27299880981445
63267.17131970545,34.2239990234375
63267.237714471674,34.2239990234375
63267.30410923789,34.27399826049805
63267.37050400412,34.27399826049805
63267.436898770335,34.27399826049805
63267.50329353656,34.367000579833984
63267.56968830278,34.367000579833984
63267.636083069,34.367000579833984
63267.70247783523,34.3120002746582
63267.768872601446,34.3120002746582
63267.83526736767,34.24100112915039
63267.90166213389,34.24599838256836
63267.968056900114,34.24599838256836
63268.03445166633,34.24599838256836
63268.10084643256,34.24599838256836
63268.16724119878,34.319000244140625
63268.233635965,34.279998779296875
63268.300030731225,34.279998779296875
63268.36642549744,34.22800064086914
63268.43282026367,34.22800064086914
63268.499215029886,34.22800064086914
63268.56560979611,34.16899871826172
63268.63200456233,34.18000030517578
63268.698399328554,34.18000030517578
63268.76479409478,34.255001068115234
63268.831188861,34.255001068115234
63268.89758362722,34.255001068115234
63268.96397839344,34.180999755859375
63269.030373159665,34.25600051879883
63269.09676792588,34.25600051879883
63269.16316269211,34.35900115966797
63269.22955745833,34.35900115966797
63269.29595222455,34.35900115966797
63269.362346990776,34.262001037597656
63269.428741756994,34.32600021362305
63269.49513652322,34.32600021362305
63269.56153128944,34.24700164794922
63269.62792605566,34.24700164794922
63269.69432082188,34.24700164794922
63269.760715588105,34.284000396728516
63269.82711035433,34.29999923706055
63269.89350512055,34.29999923706055
63269.95989988677,34.30699920654297
63270.02629465299,34.310001373291016
63270.092689419216,34.310001373291016
63270.159084185434,34.310001373291016
63270.22547895166,34.20500183105469
63270.291873717884,34.20500183105469
63270.3582684841,34.15999984741211
63270.42466325033,34.15999984741211
63270.491058016545,34.24599838256836
63270.55745278277,34.24599838256836
63270.62384754899,34.24599838256836
63270.69024231521,34.24800109863281
63270.75663708143,34.35599899291992
63270.823031847656,34.35599899291992
63270.88942661388,34.29600143432617
63270.9558213801,34.29600143432617
63271.022216146324,34.29600143432617
63271.08861091254,34.23400115966797
63271.15500567877,34.20800018310547
63271.221400444985,34.20800018310547
63271.28779521121,34.266998291015625
63271.354189977435,34.266998291015625
63271.42058474365,34.266998291015625
63271.48697950988,34.1510009765625
63271.553374276096,34.207000732421875
63271.61976904232,34.207000732421875
63271.68616380854,34.23099899291992
63271.752558574764,34.23099899291992
63271.81895334098,34.23099899291992
63271.88534810721,34.347999572753906
63271.95174287343,34.327999114990234
63272.01813763965,34.327999114990234
63272.084532405876,34.284000396728516
63272.15092717209,34.29999923706055
63272.21732193832,34.29999923706055
63272.283716704536,34.29999923706055
63272.35011147076,34.30699920654297
63272.41650623699,34.30699920654297
63272.482901003204,34.41699981689453
63272.54929576943,34.41699981689453
63272.61569053565,34.215999603271484
63272.68208530187,34.215999603271484
63272.74848006809,34.23500061035156
63272.814874834316,34.23500061035156
63272.88126960053,34.23500061035156
63272.94766436676,34.27899932861328
63273.014059132984,34.29800033569336
63273.0804538992,34.29800033569336
63273.14684866543,34.37699890136719
63273.213243431645,34.37699890136719
63273.27963819787,34.37699890136719
63273.34603296409,34.30500030517578
63273.41242773031,34.202999114990234
63273.47882249654,34.202999114990234
63273.545217262756,34.194000244140625
63273.61161202898,34.194000244140625
63273.6780067952,34.194000244140625
63273.744401561424,34.297000885009766
63273.81079632764,34.23500061035156
63273.87719109387,34.23500061035156
63273.94358586009,34.172000885009766
63274.00998062631,34.172000885009766
63274.076375392535,34.172000885009766
63274.14277015875,34.25199890136719
63274.20916492498,34.2859992980957
63274.275559691196,34.2859992980957
63274.34195445742,34.30099868774414
63274.40834922364,34.27199935913086
63274.474743989864,34.27199935913086
63274.54113875609,34.27199935913086
63274.60753352231,34.33000183105469
63274.67392828853,34.33000183105469
63274.74032305475,34.28499984741211
63274.806717820975,34.28499984741211
63274.87311258719,34.33599853515625
63274.93950735342,34.33599853515625
63275.00590211964,34.33599853515625
63275.07229688586,34.323001861572266
63275.138691652086,34.38800048828125
63275.205086418304,34.38800048828125
63275.27148118453,34.41600036621094
63275.33787595075,34.41600036621094
63275.40427071697,34.41600036621094
63275.47066548319,34.356998443603516
63275.537060249415,34.29600143432617
63275.60345501564,34.29600143432617
63275.66984978186,34.305999755859375
63275.73624454808,34.305999755859375
63275.8026393143,34.305999755859375
63275.869034080526,34.345001220703125
63275.935428846744,34.29100036621094
63276.00182361297,34.29100036621094
63276.068218379194,34.3390007019043
63276.13461314541,34.3390007019043
63276.20100791164,34.3390007019043
63276.267402677855,34.35900115966797
63276.33379744408,34.36800003051758
63276.4001922103,34.36800003051758
63276.46658697652,34.30099868774414
63276.53298174274,34.34299850463867
63276.599376508966,34.34299850463867
63276.66577127519,34.34299850463867
63276.73216604141,34.290000915527344
63276.798560807634,34.290000915527344
63276.86495557385,34.303001403808594
63276.93135034008,34.303001403808594
63276.997745106295,34.415000915527344
63277.06413987252,34.415000915527344
63277.130534638745,34.415000915527344
63277.19692940496,34.32099914550781
63277.26332417119,34.387001037597656
63277.329718937406,34.387001037597656
63277.39611370363,34.345001220703125
63277.46250846985,34.345001220703125
63277.528903236074,34.345001220703125
63277.59529800229,34.39699935913086
63277.66169276852,34.39699935913086
63277.72808753474,34.3489990234375
63277.79448230096,34.36399841308594
63277.860877067185,34.36399841308594
63277.9272718334,34.29899978637695
63277.99366659963,34.29899978637695
63278.060061365846,34.29899978637695
63278.12645613207,34.34199905395508
63278.1928508983,34.290000915527344
63278.259245664514,34.290000915527344
63278.32564043074,34.303001403808594
63278.39203519696,34.303001403808594
63278.45842996318,34.303001403808594
63278.5248247294,34.34400177001953
63278.591219495625,34.39699935913086
63278.65761426184,34.39699935913086
63278.72400902807,34.3489990234375
63278.79040379429,34.36399841308594
63278.85679856051,34.36399841308594
63278.92319332674,34.36399841308594
63278.989588092954,34.36399841308594
63279.05598285918,34.334999084472656
63279.1223776254,34.321998596191406
63279.18877239162,34.321998596191406
63279.25516715785,34.35200119018555
63279.321561924065,34.35200119018555
63279.38795669029,34.35200119018555
63279.45435145651,34.33000183105469
63279.52074622273,34.31999969482422
63279.58714098895,34.31999969482422
63279.65353575518,34.35100173950195
63279.719930521394,34.35100173950195
63279.78632528762,34.35100173950195
63279.852720053845,34.400001525878906
63279.91911482006,34.349998474121094
63279.98550958629,34.349998474121094
63280.051904352506,34.292999267578125
63280.11829911873,34.292999267578125
63280.18469388495,34.292999267578125
63280.25108865117,34.34000015258789
63280.3174834174,34.28900146484375
63280.38387818362,34.28900146484375
63280.45027294984,34.409000396728516
63280.51666771606,34.409000396728516
63280.583062482285,34.409000396728516
63280.6494572485,34.354000091552734
63280.71585201473,34.33000183105469
63280.782246780946,34.33000183105469
63280.84864154717,34.35599899291992
63280.915036313396,34.33100128173828
63280.981431079614,34.33100128173828
63281.04782584584,34.33100128173828
63281.11422061206,34.28499984741211
63281.18061537828,34.28499984741211
63281.2470101445,34.40700149536133
63281.313404910725,34.35300064086914
63281.37979967695,34.35300064086914
63281.44619444317,34.35300064086914
63281.51258920939,34.35300064086914
63281.57898397561,34.36600112915039
63281.645378741836,34.37099838256836
63281.711773508054,34.37099838256836
63281.77816827428,34.47999954223633
63281.844563040504,34.47999954223633
63281.91095780672,34.47999954223633
63281.97735257295,34.3849983215332
63282.043747339165,34.37900161743164
63282.11014210539,34.37900161743164
63282.17653687161,34.448001861572266
63282.24293163783,34.448001861572266
63282.30932640405,34.448001861572266
63282.375721170276,34.47700119018555
63282.4421159365,34.41899871826172
63282.50851070272,34.41899871826172
63282.574905468944,34.39400100708008
63282.64130023516,34.39400100708008
63282.70769500139,34.39400100708008
63282.774089767605,34.41899871826172
63282.84048453383,34.41899871826172
63282.906879300055,34.42900085449219
63282.97327406627,34.362998962402344
63283.0396688325,34.362998962402344
63283.106063598716,34.369998931884766
63283.17245836494,34.40800094604492
63283.23885313116,34.40800094604492
63283.305247897384,34.40800094604492
63283.3716426636,34.31800079345703
63283.43803742983,34.31800079345703
63283.50443219605,34.35100173950195
63283.57082696227,34.35100173950195
63283.637221728495,34.400001525878906
63283.70361649471,34.400001525878906
63283.77001126094,34.400001525878906
63283.836406027156,34.42100143432617
63283.90280079338,34.32400131225586
63283.969195559606,34.32400131225586
63284.035590325824,34.31800079345703
63284.10198509205,34.31800079345703
63284.16837985827,34.31800079345703
63284.23477462449,34.42100143432617
63284.30116939071,34.43000030517578
63284.367564156935,34.43000030517578
63284.43395892315,34.39899826049805
63284.50035368938,34.39899826049805
63284.5667484556,34.39899826049805
63284.63314322182,34.45600128173828
63284.699537988046,34.3390007019043
63284.765932754264,34.3390007019043
63284.83232752049,34.36000061035156
63284.89872228671,34.36000061035156
63284.96511705293,34.36000061035156
63285.03151181916,34.36800003051758
63285.097906585375,34.44300079345703
63285.1643013516,34.44300079345703
63285.23069611782,34.439998626708984
63285.29709088404,34.43899917602539
63285.36348565026,34.43899917602539
63285.42988041649,34.43899917602539
63285.496275182704,34.402000427246094
63285.56266994893,34.402000427246094
63285.629064715155,34.35100173950195
63285.69545948137,34.35100173950195
63285.7618542476,34.400001525878906
63285.828249013815,34.400001525878906
63285.89464378004,34.400001525878906
63285.96103854626,34.42100143432617
63286.02743331248,34.430999755859375
63286.09382807871,34.430999755859375
63286.16022284493,34.433998107910156
63286.22661761115,34.433998107910156
63286.29301237737,34.433998107910156
63286.359407143595,34.3650016784668
63286.42580190981,34.334999084472656
63286.49219667604,34.334999084472656
63286.558591442255,34.2869987487793
63286.62498620848,34.2869987487793
63286.691380974706,34.2869987487793
63286.75777574092,34.26599884033203
63286.82417050715,34.327999114990234
63286.89056527337,34.327999114990234
63286.95696003959,34.42599868774414
63287.02335480581,34.42599868774414
63287.089749572035,34.42599868774414
63287.15614433826,34.39699935913086
63287.22253910448,34.38399887084961
63287.2889338707,34.38399887084961
63287.35532863692,34.48500061035156
63287.421723403146,34.564998626708984
63287.48811816936,34.564998626708984
63287.55451293559,34.564998626708984
63287.62090770181,34.49300003051758
63287.68730246803,34.49300003051758
63287.75369723426,34.38999938964844
63287.820092000475,34.38999938964844
63287.8864867667,34.41699981689453
63287.95288153292,34.41699981689453
63288.01927629914,34.358001708984375
63288.08567106536,34.358001708984375
63288.152065831586,34.358001708984375
63288.21846059781,34.36800003051758
63288.28485536403,34.37200164794922
63288.351250130254,34.37200164794922
63288.41764489647,34.409000396728516
63288.4840396627,34.409000396728516
63288.550434428915,34.409000396728516
63288.61682919514,34.42499923706055
63288.68322396136,34.39699935913086
63288.74961872758,34.39699935913086
63288.81601349381,34.45500183105469
63288.882408260026,34.45500183105469
63288.94880302625,34.45500183105469
63289.01519779247,34.48099899291992
63289.081592558694,34.492000579833984
63289.14798732491,34.492000579833984
63289.21438209114,34.319000244140625
63289.28077685736,34.319000244140625
63289.34717162358,34.319000244140625
63289.413566389805,34.457000732421875
63289.47996115602,34.44599914550781
63289.54635592225,34.44599914550781
63289.612750688466,34.40599822998047
63289.67914545469,34.40599822998047
63289.745540220916,34.40599822998047
63289.811934987134,34.35300064086914
63289.87832975336,34.50699996948242
63289.94472451958,34.50699996948242
63290.0111192858,34.39699935913086
63290.07751405202,34.3489990234375
63290.143908818245,34.3489990234375
63290.21030358446,34.3489990234375
63290.27669835069,34.39899826049805
63290.34309311691,34.39899826049805
63290.40948788313,34.349998474121094
63290.475882649356,34.349998474121094
63290.542277415574,34.400001525878906
63290.6086721818,34.400001525878906
63290.67506694802,34.400001525878906
63290.74146171424,34.38600158691406
63290.80785648047,34.45100021362305
63290.874251246685,34.45100021362305
63290.94064601291,34.33700180053711
63291.00704077913,34.33700180053711
63291.07343554535,34.33700180053711
63291.13983031157,34.358001708984375
63291.206225077796,34.40299987792969
63291.272619844014,34.40299987792969
63291.33901461024,34.45800018310547
63291.405409376464,34.45800018310547
63291.47180414268,34.45800018310547
63291.53819890891,34.481998443603516
63291.604593675125,34.457000732421875
63291.67098844135,34.457000732421875
63291.73738320757,34.44599914550781
63291.80377797379,34.44599914550781
63291.87017274002,34.44599914550781
63291.936567506236,34.441001892089844
63292.00296227246,34.43899917602539
63292.06935703868,34.43899917602539
63292.135751804904,34.50899887084961
63292.20214657112,34.61000061035156
63292.26854133735,34.61000061035156
63292.334936103565,34.61000061035156
63292.40133086979,34.512001037597656
63292.467725636016,34.512001037597656
63292.53412040223,34.433998107910156
63292.60051516846,34.47200012207031
63292.66690993468,34.47200012207031
63292.7333047009,34.47200012207031
63292.79969946712,34.47200012207031
63292.866094233344,34.52299880981445
63292.93248899957,34.52299880981445
63292.99888376579,34.58100128173828
63293.06527853201,34.42900085449219
63293.13167329823,34.42900085449219
63293.198068064456,34.46900177001953
63293.26446283067,34.46900177001953
63293.3308575969,34.46900177001953
63293.39725236312,34.41600036621094
63293.46364712934,34.4640007019043
63293.53004189557,34.4640007019043
63293.596436661785,34.37799835205078
63293.66283142801,34.37799835205078
63293.72922619423,34.37799835205078
63293.79562096045,34.4119987487793
63293.86201572667,34.42599868774414
63293.928410492896,34.42599868774414
63293.99480525912,34.39699935913086
63294.06120002534,34.45600128173828
63294.127594791564,34.45600128173828
63294.19398955778,34.45600128173828
63294.26038432401,34.374000549316406
63294.326779090225,34.374000549316406
63294.39317385645,34.40999984741211
63294.45956862267,34.40999984741211
63294.52596338889,34.42599868774414
63294.59235815512,34.42599868774414
63294.658752921336,34.42599868774414
63294.72514768756,34.43199920654297
63294.79154245378,34.50600051879883
63294.857937220004,34.50600051879883
63294.92433198622,34.395999908447266
63294.99072675245,34.395999908447266
63295.05712151867,34.395999908447266
63295.12351628489,34.49100112915039
63295.189911051115,34.459999084472656
63295.25630581733,34.459999084472656
63295.32270058356,34.4119987487793
63295.389095349776,34.4119987487793
63295.455490116,34.4119987487793
63295.52188488222,34.42599868774414
63295.588279648444,34.57500076293945
63295.65467441467,34.57500076293945
63295.72106918089,34.56800079345703
63295.78746394711,34.56800079345703
63295.85385871333,34.56800079345703
63295.920253479555,34.52899932861328
63295.98664824577,34.51300048828125
63296.053043012,34.51300048828125
63296.11943777822,34.505001068115234
63296.18583254444,34.46699905395508
63296.252227310666,34.46699905395508
63296.318622076884,34.46699905395508
63296.38501684311,34.45000076293945
63296.45141160933,34.45000076293945
63296.51780637555,34.44300079345703
63296.58420114178,34.40399932861328
63296.650595907995,34.40399932861328
63296.71699067422,34.40399932861328
63296.78338544044,34.40399932861328
63296.84978020666,34.42300033569336
63296.91617497288,34.430999755859375
63296.982569739106,34.430999755859375
63297.048964505324,34.39899826049805
63297.11535927155,34.39899826049805
63297.181754037774,34.39899826049805
63297.24814880399,34.45600128173828
63297.31454357022,34.40999984741211
63297.380938336435,34.40999984741211
63297.44733310266,34.46099853515625
63297.51372786888,34.46099853515625
63297.5801226351,34.46099853515625
63297.64651740133,34.4119987487793
63297.712912167546,34.46200180053711
63297.77930693377,34.46200180053711
63297.84570169999,34.48400115966797
63297.912096466214,34.48400115966797
63297.97849123243,34.48400115966797
63298.04488599866,34.49300003051758
63298.111280764875,34.49300003051758
63298.1776755311,34.53200149536133
63298.244070297325,34.479000091552734
63298.31046506354,34.479000091552734
63298.37685982977,34.49100112915039
63298.443254595986,34.49100112915039
63298.50964936221,34.49100112915039
63298.57604412843,34.46099853515625
63298.642438894654,34.483001708984375
63298.70883366088,34.483001708984375
63298.7752284271,34.457000732421875
63298.84162319332,34.4109992980957
63298.90801795954,34.4109992980957
63298.974412725765,34.4109992980957
63299.04080749198,34.46099853515625
63299.10720225821,34.46099853515625
63299.173597024426,34.59000015258789
63299.23999179065,34.59000015258789
63299.30638655688,34.50299835205078
63299.372781323094,34.50299835205078
63299.43917608932,34.50299835205078
63299.50557085554,34.500999450683594
63299.57196562176,34.5359992980957
63299.63836038798,34.5359992980957
63299.704755154205,34.47999954223633
63299.77114992043,34.47999954223633
63299.83754468665,34.47999954223633
63299.90393945287,34.527000427246094
63299.97033421909,34.441001892089844
63300.03672898532,34.441001892089844
63300.103123751534,34.4739990234375
63300.16951851776,34.4739990234375
63300.23591328398,34.4739990234375
63300.3023080502,34.52399826049805
63300.36870281643,34.474998474121094
63300.435097582646,34.474998474121094
63300.50149234887,34.417999267578125
63300.56788711509,34.417999267578125
63300.634281881314,34.417999267578125
63300.70067664753,34.358001708984375
63300.76707141376,34.54499816894531
63300.83346617998,34.54499816894531
63300.8998609462,34.51900100708008
63300.966255712425,34.54399871826172
63301.03265047864,34.54399871826172
63301.09904524487,34.54399871826172
63301.165440011086,34.48400115966797
63301.23183477731,34.48400115966797
63301.29822954353,34.52799987792969
63301.364624309754,34.52799987792969
63301.43101907598,34.54800033569336
63301.4974138422,34.54800033569336
63301.56380860842,34.54800033569336
63301.63020337464,34.520999908447266
63301.696598140865,34.58000183105469
63301.76299290708,34.58000183105469
63301.82938767331,34.53499984741211
63301.89578243953,34.53499984741211
63301.96217720575,34.53499984741211
63302.028571971976,34.54999923706055
63302.094966738194,34.380001068115234
63302.16136150442,34.380001068115234
63302.22775627064,34.59000015258789
63302.29415103686,34.59000015258789
63302.36054580308,34.59000015258789
63302.426940569305,34.50299835205078
63302.49333533553,34.465999603271484
63302.55973010175,34.465999603271484
63302.62612486797,34.520999908447266
63302.69251963419,34.520999908447266
63302.758914400416,34.520999908447266
63302.825309166634,34.54399871826172
63302.89170393286,34.6609992980957
63302.958098699084,34.6609992980957
63303.0244934653,34.60499954223633
63303.09088823153,34.60499954223633
63303.157282997745,34.54499816894531
63303.22367776397,34.55500030517578
63303.29007253019,34.55500030517578
63303.35646729641,34.55500030517578
63303.42286206264,34.55500030517578
63303.489256828856,34.52399826049805
63303.55565159508,34.5099983215332
63303.6220463613,34.5099983215332
63303.688441127524,34.611000061035156
63303.75483589374,34.611000061035156
63303.82123065997,34.611000061035156
63303.887625426185,34.58300018310547
63303.95402019241,34.500999450683594
63304.020414958635,34.500999450683594
63304.08680972485,34.606998443603516
63304.15320449108,34.606998443603516
63304.219599257296,34.606998443603516
63304.28599402352,34.65299987792969
63304.35238878974,34.566001892089844
63304.418783555964,34.566001892089844
63304.48517832219,34.52899932861328
63304.55157308841,34.52899932861328
63304.61796785463,34.52899932861328
63304.68436262085,34.512001037597656
63304.750757387075,34.470001220703125
63304.81715215329,34.470001220703125
63304.88354691952,34.55799865722656
63304.949941685736,34.55799865722656
63305.01633645196,34.55799865722656
63305.08273121819,34.56100082397461
63305.149125984404,34.59700012207031
63305.21552075063,34.59700012207031
63305.28191551685,34.64799880981445
63305.34831028307,34.599998474121094
63305.41470504929,34.599998474121094
63305.481099815515,34.599998474121094
63305.54749458174,34.64899826049805
63305.61388934796,34.64899826049805
63305.68028411418,34.599998474121094
63305.7466788804,34.47200012207031
63305.81307364663,34.47200012207031
63305.879468412844,34.47200012207031
63305.94586317907,34.47200012207031
63306.01225794529,34.487998962402344
63306.07865271151,34.529998779296875
63306.14504747774,34.529998779296875
63306.211442243955,34.47800064086914
63306.27783701018,34.47800064086914
63306.3442317764,34.47800064086914
63306.41062654262,34.5260009765625
63306.47702130884,34.65299987792969
63306.54341607507,34.65299987792969
63306.60981084129,34.637001037597656
63306.67620560751,34.637001037597656
63306.742600373735,34.637001037597656
63306.80899513995,34.558998107910156
63306.87538990618,34.4900016784668
63306.941784672395,34.4900016784668
63307.00817943862,34.53099822998047
63307.07457420484,34.53099822998047
63307.14096897106,34.53099822998047
63307.20736373729,34.54899978637695
63307.27375850351,34.520999908447266
63307.34015326973,34.520999908447266
63307.40654803595,34.50899887084961
63307.472942802175,34.50899887084961
63307.53933756839,34.50899887084961
63307.60573233462,34.61000061035156
63307.67212710084,34.58300018310547
63307.73852186706,34.58300018310547
63307.804916633286,34.500999450683594
63307.8713113995,34.5359992980957
63307.93770616573,34.5359992980957
63308.00410093195,34.5359992980957
63308.07049569817,34.47999954223633
63308.13689046439,34.47999954223633
63308.203285230615,34.367000579833984
63308.26967999684,34.597999572753906
63308.33607476306,34.577999114990234
63308.40246952928,34.577999114990234
63308.4688642955,34.60499954223633
63308.535259061726,34.60499954223633
63308.601653827944,34.60499954223633
63308.66804859417,34.5099983215332
63308.734443360394,34.50400161743164
63308.80083812661,34.50400161743164
63308.86723289284,34.608001708984375
63308.933627659055,34.608001708984375
63309.00002242528,34.608001708984375
63309.0664171915,34.68899917602539
63309.13281195772,34.582000732421875
63309.19920672394,34.582000732421875
63309.265601490166,34.57099914550781
63309.33199625639,34.57099914550781
63309.39839102261,34.57099914550781
63309.464785788834,34.637001037597656
63309.53118055505,34.595001220703125
63309.59757532128,34.595001220703125
63309.663970087495,34.61199951171875
63309.73036485372,34.654998779296875
63309.796759619945,34.654998779296875
63309.86315438616,34.654998779296875
63309.92954915239,34.60200119018555
63309.995943918606,34.60200119018555
63310.06233868483,34.6510009765625
63310.12873345105,34.564998626708984
63310.195128217274,34.564998626708984
63310.26152298349,34.564998626708984
63310.32791774972,34.564998626708984
63310.39431251594,34.6349983215332
63310.46070728216,34.59400177001953
63310.527102048385,34.59400177001953
63310.5934968146,34.505001068115234
63310.65989158083,34.505001068115234
63310.726286347046,34.505001068115234
63310.79268111327,34.573001861572266
63310.859075879496,34.56700134277344
63310.925470645714,34.56700134277344
63310.99186541194,34.52899932861328
63311.05826017816,34.52899932861328
63311.12465494438,34.52899932861328
63311.1910497106,34.54800033569336
63311.257444476825,34.59199905395508
63311.32383924305,34.59199905395508
63311.39023400927,34.611000061035156
63311.45662877549,34.611000061035156
63311.52302354171,34.611000061035156
63311.589418307936,34.61899948120117
63311.655813074154,34.55099868774414
63311.72220784038,34.55099868774414
63311.7886026066,34.55799865722656
63311.85499737282,34.55799865722656
63311.92139213905,34.55799865722656
63311.987786905265,34.66699981689453
63312.05418167149,34.643001556396484
63312.12057643771,34.643001556396484
63312.18697120393,34.632999420166016
63312.25336597015,34.62799835205078
63312.319760736376,34.62799835205078
63312.3861555026,34.62799835205078
63312.45255026882,34.555999755859375
63312.518945035044,34.555999755859375
63312.58533980126,34.52399826049805
63312.65173456749,34.652000427246094
63312.718129333705,34.652000427246094
63312.78452409993,34.652000427246094
63312.85091886615,34.652000427246094
63312.91731363237,34.60100173950195
63312.9837083986,34.57899856567383
63313.05010316482,34.57899856567383
63313.11649793104,34.56999969482422
63313.18289269726,34.56999969482422
63313.249287463485,34.56999969482422
63313.3156822297,34.494998931884766
63313.38207699593,34.494998931884766
63313.44847176215,34.53300094604492
63313.51486652837,34.513999938964844
63313.581261294596,34.513999938964844
63313.64765606081,34.57699966430664
63313.71405082704,34.57699966430664
63313.78044559326,34.57699966430664
63313.84684035948,34.53300094604492
63313.9132351257,34.513999938964844
63313.979629891925,34.513999938964844
63314.04602465815,34.54199981689453
63314.11241942437,34.54199981689453
63314.17881419059,34.54199981689453
63314.24520895681,34.624000549316406
63314.311603723036,34.625
63314.37799848925,34.625
63314.44439325548,34.65999984741211
63314.510788021704,34.67599868774414
63314.57718278792,34.67599868774414
63314.64357755415,34.67599868774414
63314.709972320365,34.57600021362305
63314.77636708659,34.57600021362305
63314.84276185281,34.57600021362305
63314.90915661903,34.56800079345703
63314.97555138525,34.56800079345703
63315.041946151476,34.49399948120117
63315.1083409177,34.49399948120117
63315.17473568392,34.49399948120117
63315.241130450144,34.56800079345703
63315.30752521636,34.63600158691406
63315.37391998259,34.63600158691406
63315.440314748805,34.665000915527344
63315.50670951503,34.665000915527344
63315.573104281255,34.665000915527344
63315.63949904747,34.678001403808594
63315.7058938137,34.57699966430664
63315.772288579916,34.57699966430664
63315.83868334614,34.67499923706055
63315.90507811236,34.67499923706055
63315.971472878584,34.67499923706055
63316.0378676448,34.68199920654297
63316.10426241103,34.650001525878906
63316.17065717725,34.650001525878906
63316.23705194347,34.63600158691406
63316.303446709695,34.63600158691406
63316.36984147591,34.63600158691406
63316.43623624214,34.59400177001953
63316.502631008356,34.75299835205078
63316.56902577458,34.75299835205078
63316.635420540806,34.61000061035156
63316.701815307024,34.61000061035156
63316.76821007325,34.61000061035156
63316.83460483947,34.547000885009766
63316.90099960569,34.555999755859375
63316.96739437191,34.555999755859375
63317.033789138135,34.560001373291016
63317.10018390435,34.63199996948242
63317.16657867058,34.63199996948242
63317.2329734368,34.63199996948242
63317.29936820302,34.62799835205078
63317.365762969246,34.62799835205078
63317.432157735464,34.52000045776367
63317.49855250169,34.52000045776367
63317.56494726791,34.54399871826172
63317.63134203413,34.54399871826172
63317.69773680036,34.54399871826172
63317.764131566575,34.55500030517578
63317.8305263328,34.558998107910156
63317.89692109902,34.558998107910156
63317.96331586524,34.59600067138672
63318.02971063146,34.59600067138672
63318.096105397686,34.59600067138672
63318.162500163904,34.75400161743164
63318.22889493013,34.645999908447266
63318.295289696354,34.645999908447266
63318.36168446257,34.63399887084961
63318.4280792288,34.63399887084961
63318.494473995015,34.70000076293945
63318.56086876124,34.70000076293945
63318.62726352746,34.70000076293945
63318.69365829368,34.72800064086914
63318.76005305991,34.66999816894531
63318.826447826126,34.66999816894531
63318.89284259235,34.64400100708008
63318.95923735857,34.64400100708008
63319.025632124794,34.64400100708008
63319.09202689101,34.7400016784668
63319.15842165724,34.638999938964844
63319.22481642346,34.638999938964844
63319.29121118968,34.66699981689453
63319.357605955905,34.66699981689453
63319.42400072212,34.749000549316406
63319.49039548835,34.749000549316406
63319.556790254566,34.749000549316406
63319.62318502079,34.67900085449219
63319.68957978701,34.612998962402344
63319.755974553234,34.612998962402344
63319.82236931946,34.619998931884766
63319.88876408568,34.619998931884766
63319.9551588519,34.619998931884766
63320.02155361812,34.51599884033203
63320.087948384346,34.577999114990234
63320.15434315056,34.577999114990234
63320.22073791679,34.569000244140625
63320.28713268301,34.569000244140625
63320.35352744923,34.569000244140625
63320.41992221546,34.564998626708984
63320.486316981674,34.56399917602539
63320.5527117479,34.56399917602539
63320.61910651412,34.70500183105469
63320.68550128034,34.70500183105469
63320.75189604656,34.70500183105469
63320.818290812786,34.69499969482422
63320.88468557901,34.691001892089844
63320.95108034523,34.691001892089844
63321.017475111454,34.68899917602539
63321.08386987767,34.68899917602539
63321.1502646439,34.68899917602539
63321.216659410115,34.617000579833984
63321.28305417634,34.55099868774414
63321.349448942565,34.55099868774414
63321.41584370878,34.52199935913086
63321.48223847501,34.61600112915039
63321.548633241226,34.61600112915039
63321.61502800745,34.61600112915039
63321.68142277367,34.61600112915039
63321.747817539894,34.69200134277344
63321.81421230611,34.68899917602539
63321.88060707234,34.68899917602539
63321.94700183856,34.65299987792969
63322.01339660478,34.65299987792969
63322.079791371005,34.65299987792969
63322.14618613722,34.70800018310547
63322.21258090345,34.625
63322.278975669666,34.625
63322.34537043589,34.766998291015625
63322.411765202116,34.766998291015625
63322.478159968334,34.766998291015625
63322.54455473456,34.61600112915039
63322.61094950078,34.584999084472656
63322.677344267,34.584999084472656
63322.74373903322,34.608001708984375
63322.810133799445,34.608001708984375
63322.87652856566,34.608001708984375
63322.94292333189,34.65299987792969
63323.00931809811,34.70800018310547
63323.07571286433,34.70800018310547
63323.142107630556,34.69599914550781
63323.208502396774,34.69599914550781
63323.274897163,34.69599914550781
63323.34129192922,34.762001037597656
63323.40768669544,34.755001068115234
63323.47408146167,34.755001068115234
63323.540476227885,34.57500076293945
63323.60687099411,34.57500076293945
63323.67326576033,34.60300064086914
63323.73966052655,34.60300064086914
63323.80605529277,34.6870002746582
63323.872450058996,34.6870002746582
63323.938844825214,34.6870002746582
63324.00523959144,34.6870002746582
63324.071634357664,34.58100128173828
63324.13802912388,34.58100128173828
63324.20442389011,34.676998138427734
63324.270818656325,34.676998138427734
63324.33721342255,34.676998138427734
63324.40360818877,34.61199951171875
63324.47000295499,34.654998779296875
63324.53639772122,34.654998779296875
63324.602792487436,34.67300033569336
63324.66918725366,34.67300033569336
63324.73558201988,34.67300033569336
63324.801976786104,34.71699905395508
63324.86837155232,34.665000915527344
63324.93476631855,34.665000915527344
63325.001161084765,34.7130012512207
63325.06755585099,34.7130012512207
63325.133950617215,34.7130012512207
63325.20034538343,34.69900131225586
63325.26674014966,34.72800064086914
63325.333134915876,34.72800064086914
63325.3995296821,34.70500183105469
63325.46592444832,34.76599884033203
63325.532319214544,34.76599884033203
63325.59871398077,34.76599884033203
63325.66510874699,34.827999114990234
63325.73150351321,34.827999114990234
63325.79789827943,34.819000244140625
63325.864293045655,34.819000244140625
63325.93068781187,34.74399948120117
63325.9970825781,34.74399948120117
63326.063477344316,34.74399948120117
63326.12987211054,34.74800109863281
63326.19626687677,34.81999969482422
63326.262661642984,34.81999969482422
63326.32905640921,34.70899963378906
63326.39545117543,34.70899963378906
63326.46184594165,34.70899963378906
63326.52824070787,34.696998596191406
63326.594635474095,34.65599822998047
63326.66103024032,34.65599822998047
63326.72742500654,34.67399978637695
63326.79381977276,34.67399978637695
63326.86021453898,34.67399978637695
63326.92660930521,34.71699905395508
63326.993004071424,34.70000076293945
63327.05939883765,34.70000076293945
63327.125793603875,34.72800064086914
63327.19218837009,34.72800064086914
63327.25858313632,34.72800064086914
63327.324977902535,34.74100112915039
63327.39137266876,34.71099853515625
63327.45776743498,34.71099853515625
63327.5241622012,34.733001708984375
63327.59055696742,34.733001708984375
63327.65695173365,34.63600158691406
63327.72334649987,34.63600158691406
63327.78974126609,34.63600158691406
63327.856136032315,34.665000915527344
63327.92253079853,34.7130012512207
63327.98892556476,34.7130012512207
63328.055320330976,34.77000045776367
63328.1217150972,34.77000045776367
63328.188109863426,34.77000045776367
63328.25450462964,34.722999572753906
63328.32089939587,34.59700012207031
63328.38729416209,34.59700012207031
63328.45368892831,34.71900177001953
63328.52008369453,34.71900177001953
63328.586478460755,34.71900177001953
63328.65287322697,34.73699951171875
63328.7192679932,34.73699951171875
63328.78566275942,34.70899963378906
63328.85205752564,34.731998443603516
63328.918452291866,34.731998443603516
63328.984847058084,34.77799987792969
63329.05124182431,34.77799987792969
63329.11763659053,34.77799987792969
63329.18403135675,34.72700119018555
63329.25042612298,34.7400016784668
63329.316820889195,34.7400016784668
63329.38321565542,34.638999938964844
63329.44961042164,34.638999938964844
63329.51600518786,34.638999938964844
63329.58239995408,34.737998962402344
63329.648794720306,34.744998931884766
63329.715189486524,34.744998931884766
63329.78158425275,34.64099884033203
63329.847979018974,34.63199996948242
63329.91437378519,34.63199996948242
63329.98076855142,34.63199996948242
63330.047163317635,34.63199996948242
63330.11355808386,34.73400115966797
63330.17995285008,34.70800018310547
63330.2463476163,34.70800018310547
63330.31274238253,34.731998443603516
63330.379137148746,34.731998443603516
63330.44553191497,34.731998443603516
63330.51192668119,34.742000579833984
63330.578321447414,34.67599868774414
63330.64471621363,34.67599868774414
63330.71111097986,34.64699935913086
63330.777505746075,34.64699935913086
63330.8439005123,34.64699935913086
63330.910295278525,34.7760009765625
63330.97669004474,34.797000885009766
63331.04308481097,34.797000885009766
63331.109479577186,34.77000045776367
63331.17587434341,34.77000045776367
63331.24226910963,34.77000045776367
63331.308663875854,34.79399871826172
63331.37505864208,34.73400115966797
63331.4414534083,34.73400115966797
63331.50784817452,34.74300003051758
63331.57424294074,34.74300003051758
63331.640637706965,34.74300003051758
63331.70703247318,34.71099853515625
63331.77342723941,34.84000015258789
63331.839822005626,34.84000015258789
63331.90621677185,34.86000061035156
63331.972611538076,34.83300018310547
63332.039006304294,34.83300018310547
63332.10540107052,34.83300018310547
63332.17179583674,34.7859992980957
63332.23819060296,34.7859992980957
63332.30458536918,34.80099868774414
63332.370980135405,34.80099868774414
63332.43737490163,34.84299850463867
63332.50376966785,34.84299850463867
63332.57016443407,34.84299850463867
63332.63655920029,34.790000915527344
63332.702953966516,34.8380012512207
63332.769348732734,34.8380012512207
63332.83574349896,34.82400131225586
63332.90213826518,34.82400131225586
63332.9685330314,34.82400131225586
63333.03492779763,34.74599838256836
63333.101322563845,34.7130012512207
63333.16771733007,34.7130012512207
63333.23411209629,34.62799835205078
63333.30050686251,34.62799835205078
63333.36690162873,34.62799835205078
63333.43329639496,34.733001708984375
63333.49969116118,34.742000579833984
63333.5660859274,34.742000579833984
63333.632480693625,34.71099853515625
63333.69887545984,34.71099853515625
63333.76527022607,34.76900100708008
63333.831664992285,34.76900100708008
63333.89805975851,34.76900100708008
63333.964454524736,34.757999420166016
63334.03084929095,34.68299865722656
63334.09724405718,34.68299865722656
63334.1636388234,34.72100067138672
63334.23003358962,34.73699951171875
63334.29642835584,34.73699951171875
63334.362823122065,34.73699951171875
63334.42921788828,34.63800048828125
63334.49561265451,34.63800048828125
63334.56200742073,34.70199966430664
63334.62840218695,34.70199966430664
63334.694796953176,34.79999923706055
63334.76119171939,34.79999923706055
63334.82758648562,34.79999923706055
63334.89398125184,34.84299850463867
63334.96037601806,34.790000915527344
63335.02677078429,34.790000915527344
63335.093165550505,34.766998291015625
63335.15956031673,34.766998291015625
63335.22595508295,34.766998291015625
63335.29234984917,34.75699996948242
63335.35874461539,34.71799850463867
63335.425139381616,34.71799850463867
63335.49153414783,34.80699920654297
63335.55792891406,34.80699920654297
63335.624323680284,34.80699920654297
63335.6907184465,34.810001373291016
63335.75711321273,34.74100112915039
63335.823507978945,34.74100112915039
63335.88990274517,34.74599838256836
63335.95629751139,34.74599838256836
63336.02269227761,34.74599838256836
63336.08908704384,34.85499954223633
63336.155481810056,34.79499816894531
63336.22187657628,34.79499816894531
63336.2882713425,34.77000045776367
63336.354666108724,34.77000045776367
63336.42106087494,34.77000045776367
63336.48745564117,34.757999420166016
63336.553850407385,34.82500076293945
63336.62024517361,34.82500076293945
63336.686639939835,34.74700164794922
63336.75303470605,34.7130012512207
63336.81942947228,34.7130012512207
63336.885824238496,34.7130012512207
63336.95221900472,34.62799835205078
63337.01861377094,34.62799835205078
63337.085008537164,34.696998596191406
63337.15140330339,34.696998596191406
63337.21779806961,34.72700119018555
63337.28419283583,34.72700119018555
63337.35058760205,34.72700119018555
63337.416982368275,34.70500183105469
63337.48337713449,34.69499969482422
63337.54977190072,34.69499969482422
63337.616166666936,34.86800003051758
63337.68256143316,34.86800003051758
63337.748956199386,34.86800003051758
63337.815350965604,34.76599884033203
63337.88174573183,34.72100067138672
63337.94814049805,34.72100067138672
63338.01453526427,34.70199966430664
63338.08093003049,34.70199966430664
63338.147324796715,34.70199966430664
63338.21371956294,34.87099838256836
63338.28011432916,34.801998138427734
63338.34650909538,34.801998138427734
63338.4129038616,34.84400177001953
63338.479298627826,34.84400177001953
63338.545693394044,34.84400177001953
63338.61208816027,34.861000061035156
63338.67848292649,34.79800033569336
63338.74487769271,34.79800033569336
63338.81127245894,34.367000579833984
63338.877667225155,34.805999755859375
63338.94406199138,34.77399826049805
63339.0104567576,34.77399826049805
63339.07685152382,34.724998474121094
63339.14324629004,34.724998474121094
63339.209641056266,34.724998474121094
63339.27603582249,34.667999267578125
63339.34243058871,34.67900085449219
63339.408825354934,34.67900085449219
63339.47522012115,34.683998107910156
63339.54161488738,34.683998107910156
63339.608009653595,34.683998107910156
63339.67440441982,34.827999114990234
63339.74079918604,34.74800109863281
63339.80719395226,34.74800109863281
63339.87358871849,34.678001403808594
63339.939983484706,34.678001403808594
63340.00637825093,34.678001403808594
63340.07277301715,34.861000061035156
63340.139167783374,34.83300018310547
63340.20556254959,34.83300018310547
63340.27195731582,34.750999450683594
63340.33835208204,34.750999450683594
63340.40474684826,34.750999450683594
63340.471141614486,34.75
63340.5375363807,34.82099914550781
63340.60393114693,34.82099914550781
63340.67032591315,34.816001892089844
63340.73672067937,34.816001892089844
63340.8031154456,34.816001892089844
63340.869510211814,34.849998474121094
63340.93590497804,34.757999420166016
63341.00229974426,34.757999420166016
63341.06869451048,34.78900146484375
63341.1350892767,34.78900146484375
63341.201484042926,34.766998291015625
63341.26787880914,34.766998291015625
63341.33427357537,34.766998291015625
63341.400668341594,34.827999114990234
63341.46706310781,34.88999938964844
63341.53345787404,34.88999938964844
63341.599852640255,34.84600067138672
63341.66624740648,34.84600067138672
63341.7326421727,34.84600067138672
63341.79903693892,34.89799880981445
63341.86543170515,34.77899932861328
63341.931826471366,34.77899932861328
63341.99822123759,34.83300018310547
63342.06461600381,34.83300018310547
63342.131010770034,34.83300018310547
63342.19740553625,34.82099914550781
63342.26380030248,34.78099822998047
63342.330195068695,34.78099822998047
63342.39658983492,34.79899978637695
63342.462984601145,34.79899978637695
63342.52937936736,34.79899978637695
63342.59577413359,34.80699920654297
63342.662168899806,34.77399826049805
63342.72856366603,34.77399826049805
63342.79495843225,34.79600143432617
63342.861353198474,34.79600143432617
63342.9277479647,34.79600143432617
63342.99414273092,34.875999450683594
63343.06053749714,34.875999450683594
63343.12693226336,34.875999450683594
63343.193327029585,34.84000015258789
63343.2597217958,34.78900146484375
63343.32611656203,34.78900146484375
63343.392511328246,34.78900146484375
63343.45890609447,34.801998138427734
63343.525300860696,34.801998138427734
63343.591695626914,34.77299880981445
63343.65809039314,34.77299880981445
63343.72448515936,34.7599983215332
63343.79087992558,34.7599983215332
63343.8572746918,34.7599983215332
63343.923669458025,34.790000915527344
63343.99006422425,34.790000915527344
63344.05645899047,34.766998291015625
63344.12285375669,34.75699996948242
63344.18924852291,34.75699996948242
63344.255643289136,34.75299835205078
63344.322038055354,34.75299835205078
63344.38843282158,34.75299835205078
63344.4548275878,34.715999603271484
63344.52122235402,34.805999755859375
63344.58761712025,34.805999755859375
63344.654011886465,34.77399826049805
63344.72040665269,34.79600143432617
63344.78680141891,34.79600143432617
63344.85319618513,34.79600143432617
63344.91959095135,34.73400115966797
63344.985985717576,34.73400115966797
63345.0523804838,34.849998474121094
63345.11877525002,34.849998474121094
63345.185170016244,34.89899826049805
63345.25156478246,34.89899826049805
63345.31795954869,34.89899826049805
63345.384354314905,34.88600158691406
63345.45074908113,34.880001068115234
63345.51714384735,34.880001068115234
63345.58353861357,34.805999755859375
63345.6499333798,34.805999755859375
63345.716328146016,34.805999755859375
63345.78272291224,34.845001220703125
63345.84911767846,34.86199951171875
63345.915512444684,34.86199951171875
63345.9819072109,34.83399963378906
63346.04830197713,34.83399963378906
63346.11469674335,34.83399963378906
63346.18109150957,34.821998596191406
63346.247486275795,34.85200119018555
63346.31388104201,34.85200119018555
63346.38027580824,34.79399871826172
63346.446670574456,34.79399871826172
63346.51306534068,34.79399871826172
63346.5794601069,34.84000015258789
63346.645854873124,34.89500045776367
63346.71224963935,34.89500045776367
63346.77864440557,34.847999572753906
63346.84503917179,34.862998962402344
63346.91143393801,34.862998962402344
63346.977828704235,34.862998962402344
63347.04422347045,34.862998962402344
63347.11061823668,34.72800064086914
63347.1770130029,34.84700012207031
63347.24340776912,34.84700012207031
63347.30980253535,34.862998962402344
63347.376197301564,34.862998962402344
63347.44259206779,34.862998962402344
63347.50898683401,34.79899978637695
63347.57538160023,34.80699920654297
63347.64177636645,34.80699920654297
63347.708171132675,34.810001373291016
63347.7745658989,34.810001373291016
63347.84096066512,34.810001373291016
63347.90735543134,34.917999267578125
63347.97375019756,34.7869987487793
63348.04014496379,34.7869987487793
63348.106539730004,34.83700180053711
63348.17293449623,34.83700180053711
63348.239329262455,34.83700180053711
63348.30572402867,34.823001861572266
63348.3721187949,34.81700134277344
63348.438513561116,34.81700134277344
63348.50490832734,34.77899932861328
63348.57130309356,34.77899932861328
63348.637697859784,34.77899932861328
63348.70409262601,34.86899948120117
63348.77048739223,34.83700180053711
63348.83688215845,34.83700180053711
63348.90327692467,34.89400100708008
63348.969671690895,34.89400100708008
63349.03606645711,34.882999420166016
63349.10246122334,34.882999420166016
63349.168855989556,34.80799865722656
63349.23525075578,34.80799865722656
63349.301645522006,34.80799865722656
63349.368040288224,34.775001525878906
63349.43443505445,34.867000579833984
63349.50082982067,34.867000579833984
63349.56722458689,34.87200164794922
63349.63361935311,34.87200164794922
63349.700014119335,34.87200164794922
63349.76640888556,34.8380012512207
63349.83280365178,34.78799819946289
63349.899198418,34.78799819946289
63349.96559318422,34.801998138427734
63350.031987950446,34.801998138427734
63350.098382716664,34.801998138427734
63350.16477748289,34.77199935913086
63350.23117224911,34.79499816894531
63350.29756701533,34.79499816894531
63350.36396178156,34.875999450683594
63350.430356547775,34.875999450683594
63350.496751314,34.875999450683594
63350.56314608022,34.84000015258789
63350.62954084644,34.78900146484375
63350.69593561266,34.78900146484375
63350.762330378886,34.8380012512207
63350.82872514511,34.8380012512207
63350.89511991133,34.8380012512207
63350.961514677554,34.823001861572266
63351.02790944377,34.81700134277344
63351.09430421,34.81700134277344
63351.160698976215,34.849998474121094
63351.22709374244,34.900001525878906
63351.29348850866,34.900001525878906
63351.35988327488,34.900001525878906
63351.42627804111,34.88600158691406
63351.492672807326,34.88600158691406
63351.55906757355,34.986000061035156
63351.62546233977,34.986000061035156
63351.691857105994,34.95800018310547
63351.75825187221,34.95800018310547
63351.82464663844,34.95800018310547
63351.89104140466,34.84000015258789
63351.95743617088,34.86000061035156
63352.023830937105,34.86000061035156
63352.09022570332,34.83300018310547
63352.15662046955,34.83300018310547
63352.223015235766,34.83300018310547
63352.28941000199,34.856998443603516
63352.35580476821,34.856998443603516
63352.422199534434,34.856998443603516
63352.48859430066,34.832000732421875
63352.55498906688,34.832000732421875
63352.6213838331,34.9630012512207
63352.68777859932,34.9630012512207
63352.754173365545,34.9630012512207
63352.82056813176,34.98400115966797
63352.88696289799,34.85100173950195
63352.95335766421,34.85100173950195
63353.01975243043,34.8650016784668
63353.08614719666,34.8650016784668
63353.152541962874,34.8650016784668
63353.2189367291,34.87099838256836
63353.28533149532,34.8380012512207
63353.35172626154,34.8380012512207
63353.41812102776,34.78799819946289
63353.484515793985,34.78799819946289
63353.55091056021,34.78799819946289
63353.61730532643,34.83700180053711
63353.68370009265,34.823001861572266
63353.75009485887,34.823001861572266
63353.8164896251,34.85300064086914
63353.882884391314,34.8650016784668
63353.94927915754,34.8650016784668
63354.015673923765,34.8650016784668
63354.08206868998,34.79999923706055
63354.14846345621,34.79999923706055
63354.214858222425,34.367000579833984
63354.28125298865,34.94900131225586
63354.34764775487,34.83599853515625
63354.41404252109,34.83599853515625
63354.48043728731,34.92900085449219
63354.54683205354,34.92900085449219
63354.61322681976,34.92900085449219
63354.67962158598,34.89799880981445
63354.746016352205,34.849998474121094
63354.81241111842,34.849998474121094
63354.87880588465,34.935001373291016
63354.945200650865,34.935001373291016
63355.01159541709,34.935001373291016
63355.077990183316,34.93600082397461
63355.14438494953,34.97200012207031
63355.21077971576,34.97200012207031
63355.27717448198,34.952999114990234
63355.3435692482,34.952999114990234
63355.40996401442,34.952999114990234
63355.476358780645,34.97999954223633
63355.54275354686,35.027000427246094
63355.60914831309,35.027000427246094
63355.67554307931,35.012001037597656
63355.74193784553,34.827999114990234
63355.808332611756,34.827999114990234
63355.87472737797,34.827999114990234
63355.9411221442,34.819000244140625
63356.00751691042,34.819000244140625
63356.07391167664,34.922000885009766
63356.14030644287,34.922000885009766
63356.206701209085,34.930999755859375
63356.27309597531,34.930999755859375
63356.33949074153,34.930999755859375
63356.40588550775,34.935001373291016
63356.47228027397,34.9010009765625
63356.538675040196,34.9010009765625
63356.60506980642,34.88600158691406
63356.67146457264,34.88600158691406
63356.737859338864,34.88600158691406
63356.80425410508,34.880001068115234
63356.87064887131,34.91299819946289
63356.937043637525,34.91299819946289
63357.00343840375,34.89099884033203
63357.06983316997,34.89099884033203
63357.13622793619,34.89099884033203
63357.20262270242,34.81100082397461
63357.269017468636,34.8120002746582
63357.33541223486,34.8120002746582
63357.40180700108,34.8120002746582
63357.468201767304,34.8120002746582
63357.53459653352,34.8120002746582
63357.60099129975,34.847999572753906
63357.66738606597,34.827999114990234
63357.73378083219,34.827999114990234
63357.800175598415,34.85499954223633
63357.86657036463,34.85499954223633
63357.93296513086,34.85499954223633
63357.999359897076,34.86600112915039
63358.0657546633,34.90700149536133
63358.13214942952,34.90700149536133
63358.198544195744,34.888999938964844
63358.26493896197,34.91600036621094
63358.33133372819,34.91600036621094
63358.39772849441,34.91600036621094
63358.46412326063,34.91600036621094
63358.530518026855,34.856998443603516
63358.59691279307,35.00899887084961
63358.6633075593,35.00899887084961
63358.72970232552,35.07500076293945
63358.79609709174,35.07500076293945
63358.862491857966,35.07500076293945
63358.928886624184,34.96099853515625
63358.99528139041,34.84199905395508
63359.06167615663,34.84199905395508
63359.12807092285,34.68299865722656
63359.19446568907,34.68299865722656
63359.260860455295,34.68299865722656
63359.32725522152,34.89799880981445
63359.39364998774,34.89799880981445
63359.46004475396,34.92100143432617
63359.52643952018,34.85900115966797
63359.592834286406,34.85900115966797
63359.659229052624,34.86800003051758
63359.72562381885,34.86800003051758
63359.792018585074,34.86800003051758
63359.85841335129,34.90800094604492
63359.92480811752,34.92499923706055
63359.991202883735,34.92499923706055
63360.05759764996,34.861000061035156
63360.12399241618,34.861000061035156
63360.1903871824,34.861000061035156
63360.25678194862,34.83300018310547
63360.323176714846,34.856998443603516
63360.38957148107,34.856998443603516
63360.45596624729,34.90299987792969
63360.522361013514,34.922000885009766
63360.58875577973,34.922000885009766
63360.65515054596,34.922000885009766
63360.721545312175,34.922000885009766
63360.7879400784,34.82500076293945
63360.854334844626,34.81800079345703
63360.92072961084,34.81800079345703
63360.98712437707,34.849998474121094
63361.05351914329,34.849998474121094
63361.11991390951,34.849998474121094
63361.18630867573,34.86399841308594
63361.252703441955,34.90599822998047
63361.31909820817,34.90599822998047
63361.3854929744,34.85300064086914
63361.45188774062,34.85300064086914
63361.51828250684,34.85300064086914
63361.584677273066,34.9010009765625
63361.65107203928,34.85100173950195
63361.71746680551,34.85100173950195
63361.78386157173,34.8650016784668
63361.85025633795,34.8650016784668
63361.91665110418,34.8650016784668
63361.983045870395,34.869998931884766
63362.04944063662,34.87300109863281
63362.11583540284,34.87300109863281
63362.18223016906,34.94499969482422
63362.24862493528,34.94499969482422
63362.315019701506,34.94499969482422
63362.38141446772,34.904998779296875
63362.44780923395,34.99399948120117
63362.514204000174,34.99399948120117
63362.58059876639,35.03300094604492
63362.64699353262,34.979000091552734
63362.713388298835,34.979000091552734
63362.77978306506,34.979000091552734
63362.84617783128,34.95500183105469
63362.9125725975,34.95500183105469
63362.97896736373,34.94499969482422
63363.045362129946,34.94499969482422
63363.11175689617,34.904998779296875
63363.17815166239,34.904998779296875
63363.244546428614,34.904998779296875
63363.31094119483,34.85300064086914
63363.37733596106,34.9010009765625
63363.443730727275,34.9010009765625
63363.5101254935,34.922000885009766
63363.576520259725,34.922000885009766
63363.64291502594,34.922000885009766
63363.70930979217,34.82400131225586
63363.775704558386,34.85300064086914
63363.84209932461,34.85300064086914
63363.90849409083,34.86600112915039
63363.974888857054,34.86600112915039
63364.04128362328,34.86600112915039
63364.1076783895,34.94200134277344
63364.17407315572,34.93899917602539
63364.24046792194,34.93899917602539
63364.306862688165,34.90299987792969
63364.37325745438,34.90299987792969
63364.43965222061,34.92300033569336
63364.50604698683,35.00199890136719
63364.57244175305,35.00199890136719
63364.638836519276,35.00199890136719
63364.705231285494,34.96500015258789
63364.77162605172,34.96500015258789
63364.83802081794,34.91400146484375
63364.90441558416,34.91400146484375
63364.97081035038,34.99800109863281
63365.037205116605,34.99800109863281
63365.10359988283,34.99800109863281
63365.16999464905,34.928001403808594
63365.23638941527,34.933998107910156
63365.30278418149,34.933998107910156
63365.369178947716,35.00699996948242
63365.435573713934,35.00699996948242
63365.50196848016,35.00699996948242
63365.568363246384,35.00299835205078
63365.6347580126,34.965999603271484
63365.70115277883,34.965999603271484
63365.767547545045,34.91400146484375
63365.83394231127,34.91400146484375
63365.90033707749,34.91400146484375
63365.96673184371,34.926998138427734
63366.03312660993,34.93299865722656
63366.099521376156,34.93299865722656
63366.16591614238,34.900001525878906
63366.2323109086,34.900001525878906
63366.298705674824,34.900001525878906
63366.36510044104,34.957000732421875
63366.43149520727,35.12300109863281
63366.497889973485,35.12300109863281
63366.56428473971,34.946998596191406
63366.630679505935,34.87099838256836
63366.69707427215,34.87099838256836
63366.76346903838,34.87099838256836
63366.829863804596,34.944000244140625
63366.89625857082,34.944000244140625
63366.96265333704,35.082000732421875
63367.029048103264,35.07099914550781
63367.09544286948,35.07099914550781
63367.16183763571,35.07099914550781
63367.22823240193,35.07099914550781
63367.29462716815,34.994998931884766
63367.361021934375,34.99800109863281
63367.42741670059,34.99800109863281
63367.49381146682,34.999000549316406
63367.560206233036,34.999000549316406
63367.62660099926,34.999000549316406
63367.69299576549,34.893001556396484
63367.759390531704,34.8120002746582
63367.82578529793,34.8120002746582
63367.89218006415,34.95399856567383
63367.95857483037,34.95399856567383
63368.02496959659,34.95399856567383
63368.091364362816,34.909000396728516
63368.15775912903,34.819000244140625
63368.22415389526,34.819000244140625
63368.29054866148,34.957000732421875
63368.3569434277,34.957000732421875
63368.42333819393,34.957000732421875
63368.489732960144,34.94599914550781
63368.55612772637,35.04800033569336
63368.62252249259,35.04800033569336
63368.68891725881,34.95000076293945
63368.75531202504,35.013999938964844
63368.821706791256,35.013999938964844
63368.88810155748,35.013999938964844
63368.9544963237,34.970001220703125
63369.020891089924,34.970001220703125
63369.08728585614,34.98699951171875
63369.15368062237,35.064998626708984
63369.220075388585,35.064998626708984
63369.28647015481,35.064998626708984
63369.352864921035,35.064998626708984
63369.41925968725,35.0989990234375
63369.48565445348,35.0989990234375
63369.552049219696,35.042999267578125
63369.61844398592,34.9119987487793
63369.68483875214,34.9119987487793
63369.751233518364,34.96200180053711
63369.81762828459,34.96200180053711
63369.88402305081,34.96200180053711
63369.95041781703,35.05400085449219
63370.01681258325,34.91699981689453
63370.083207349475,34.91699981689453
63370.14960211569,34.858001708984375
63370.21599688192,34.858001708984375
63370.28239164814,34.858001708984375
63370.34878641436,34.9739990234375
63370.415181180586,34.917999267578125
63370.481575946804,34.917999267578125
63370.54797071303,34.89400100708008
63370.61436547925,34.89400100708008
63370.68076024547,34.89400100708008
63370.74715501169,34.917999267578125
63370.813549777915,35.0
63370.87994454414,35.0
63370.94633931036,34.92900085449219
63371.01273407658,34.862998962402344
63371.0791288428,34.862998962402344
63371.145523609026,34.862998962402344
63371.211918375244,34.869998931884766
63371.27831314147,34.869998931884766
63371.34470790769,34.979000091552734
63371.41110267391,34.979000091552734
63371.47749744014,34.95600128173828
63371.543892206355,34.95600128173828
63371.61028697258,34.95600128173828
63371.6766817388,35.01599884033203
63371.74307650502,34.97200012207031
63371.80947127124,34.97200012207031
63371.875866037466,34.95199966430664
63371.94226080369,34.95199966430664
63372.00865556991,34.95199966430664
63372.075050336134,34.944000244140625
63372.14144510235,34.939998626708984
63372.20783986858,34.939998626708984
63372.274234634795,35.04499816894531
63372.34062940102,35.04499816894531
63372.407024167245,35.04499816894531
63372.47341893346,35.02000045776367
63372.53981369969,35.007999420166016
63372.606208465906,35.007999420166016
63372.67260323213,35.03900146484375
63372.73899799835,35.03900146484375
63372.805392764574,35.03900146484375
63372.87178753079,34.98099899291992
63372.93818229702,34.957000732421875
63373.00457706324,34.957000732421875
63373.07097182946,34.94599914550781
63373.137366595685,34.94599914550781
63373.2037613619,34.94599914550781
63373.27015612813,34.90599822998047
63373.336550894346,34.92399978637695
63373.40294566057,34.92399978637695
63373.4693404268,35.073001861572266
63373.535735193014,35.03200149536133
63373.60212995924,35.03200149536133
63373.66852472546,35.03200149536133
63373.73491949168,35.03200149536133
63373.8013142579,34.90700149536133
63373.867709024125,34.959999084472656
63373.93410379034,34.959999084472656
63374.00049855657,35.018001556396484
63374.06689332279,35.018001556396484
63374.13328808901,35.018001556396484
63374.19968285524,34.9370002746582
63374.266077621454,34.86600112915039
63374.33247238768,34.86600112915039
63374.3988671539,34.90700149536133
63374.46526192012,34.90700149536133
63374.53165668635,34.90700149536133
63374.598051452565,35.066001892089844
63374.66444621879,35.066001892089844
63374.73084098501,34.95800018310547
63374.79723575123,34.94599914550781
63374.86363051745,34.94599914550781
63374.93002528368,34.97700119018555
63374.996420049894,34.97700119018555
63375.06281481612,34.97700119018555
63375.129209582345,34.9900016784668
63375.19560434856,34.959999084472656
63375.26199911479,34.959999084472656
63375.328393881005,34.983001708984375
63375.39478864723,34.983001708984375
63375.46118341345,34.983001708984375
63375.52757817967,35.02799987792969
63375.5939729459,35.04800033569336
63375.66036771212,35.04800033569336
63375.72676247834,34.95000076293945
63375.79315724456,34.97800064086914
63375.859552010785,34.97800064086914
63375.925946777,34.97800064086914
63375.99234154323,34.97800064086914
63376.058736309446,34.95500183105469
63376.12513107567,34.98099899291992
63376.191525841896,34.98099899291992
63376.25792060811,34.92100143432617
63376.32431537434,34.92100143432617
63376.39071014056,34.92100143432617
63376.45710490678,34.965999603271484
63376.523499673,34.95000076293945
63376.589894439225,34.95000076293945
63376.65628920545,34.94300079345703
63376.72268397167,34.94300079345703
63376.78907873789,34.94300079345703
63376.85547350411,35.01100158691406
63376.921868270336,35.040000915527344
63376.988263036554,35.040000915527344
63377.05465780278,35.016998291015625
63377.121052569,35.016998291015625
63377.18744733522,35.016998291015625
63377.25384210145,35.042999267578125
63377.320236867665,34.983001708984375
63377.38663163389,34.983001708984375
63377.45302640011,35.02799987792969
63377.51942116633,35.02799987792969
63377.58581593255,35.02799987792969
63377.652210698776,34.941001892089844
63377.718605465,34.93899917602539
63377.78500023122,34.93899917602539
63377.851394997444,35.08000183105469
63377.91778976366,34.9640007019043
63377.98418452989,34.9640007019043
63378.050579296105,34.9640007019043
63378.11697406233,34.9640007019043
63378.183368828555,34.94900131225586
63378.24976359477,35.01300048828125
63378.316158361,35.01300048828125
63378.382553127216,34.970001220703125
63378.44894789344,34.970001220703125
63378.51534265966,34.970001220703125
63378.581737425884,35.02299880981445
63378.6481321921,35.04499816894531
63378.71452695833,35.04499816894531
63378.78092172455,35.09000015258789
63378.84731649077,35.09000015258789
63378.913711256995,35.09000015258789
63378.98010602321,35.03900146484375
63379.04650078944,35.051998138427734
63379.112895555656,35.051998138427734
63379.17929032188,35.05799865722656
63379.2456850881,35.05799865722656
63379.312079854324,35.05799865722656
63379.37847462055,35.13199996948242
63379.44486938677,35.16299819946289
63379.51126415299,35.16299819946289
63379.57765891921,35.10599899291992
63379.644053685435,35.10599899291992
63379.71044845165,35.04600143432617
63379.77684321788,35.04600143432617
63379.8432379841,35.04600143432617
63379.90963275032,35.090999603271484
63379.976027516546,35.11000061035156
63380.042422282764,35.11000061035156
63380.10881704899,34.941001892089844
63380.17521181521,35.04600143432617
63380.24160658143,35.04600143432617
63380.30800134766,35.04600143432617
63380.374396113875,35.02000045776367
63380.4407908801,35.02000045776367
63380.50718564632,35.04399871826172
63380.57358041254,35.04399871826172
63380.63997517876,34.98400115966797
63380.70636994499,34.98400115966797
63380.772764711204,34.98400115966797
63380.83915947743,34.957000732421875
63380.905554243654,34.94599914550781
63380.97194900987,34.94599914550781
63381.0383437761,35.04800033569336
63381.104738542315,35.04800033569336
63381.17113330854,35.04800033569336
63381.23752807476,35.12699890136719
63381.30392284098,35.09000015258789
63381.37031760721,35.09000015258789
63381.43671237343,35.11000061035156
63381.50310713965,35.11000061035156
63381.56950190587,35.11000061035156
63381.635896672095,35.08300018310547
63381.70229143831,35.07099914550781
63381.76868620454,35.07099914550781
63381.835080970755,35.066001892089844
63381.90147573698,35.066001892089844
63381.967870503206,35.066001892089844
63382.03426526942,34.99300003051758
63382.10066003565,35.17399978637695
63382.16705480187,35.17399978637695
63382.23344956809,35.18199920654297
63382.29984433431,35.11399841308594
63382.366239100535,35.11399841308594
63382.43263386676,35.11399841308594
63382.49902863298,35.013999938964844
63382.5654233992,35.013999938964844
63382.63181816542,35.04100036621094
63382.698212931646,35.04100036621094
63382.76460769786,35.053001403808594
63382.83100246409,35.053001403808594
63382.89739723031,35.053001403808594
63382.96379199653,35.02299880981445
63383.03018676276,35.0099983215332
63383.096581528975,35.0099983215332
63383.1629762952,35.040000915527344
63383.22937106142,35.040000915527344
63383.29576582764,35.040000915527344
63383.36216059386,34.981998443603516
63383.428555360086,34.957000732421875
63383.49495012631,34.957000732421875
63383.56134489253,35.051998138427734
63383.627739658754,35.051998138427734
63383.69413442497,35.051998138427734
63383.7605291912,35.09299850463867
63383.826923957415,35.07600021362305
63383.89331872364,35.07600021362305
63383.95971348986,34.99700164794922
63384.02610825608,34.99700164794922
63384.09250302231,34.99700164794922
63384.158897788526,35.034000396728516
63384.22529255475,35.01499938964844
63384.29168732097,35.01499938964844
63384.358082087194,35.07699966430664
63384.42447685341,35.104000091552734
63384.49087161964,35.104000091552734
63384.55726638586,35.104000091552734
63384.62366115208,35.11600112915039
63384.690055918305,35.11600112915039
63384.75645068452,35.15700149536133
63384.82284545075,35.15700149536133
63384.889240216966,35.10300064086914
63384.95563498319,35.10300064086914
63385.02202974941,35.04499816894531
63385.088424515634,35.04499816894531
63385.15481928186,35.04499816894531
63385.22121404808,35.01900100708008
63385.2876088143,35.07899856567383
63385.35400358052,35.07899856567383
63385.420398346745,35.034000396728516
63385.48679311296,35.034000396728516
63385.55318787919,35.034000396728516
63385.61958264541,35.04999923706055
63385.68597741163,34.95100021362305
63385.752372177856,34.95100021362305
63385.818766944074,35.04999923706055
63385.8851617103,35.04999923706055
63385.95155647652,35.04999923706055
63386.01795124274,35.09199905395508
63386.08434600897,35.07500076293945
63386.150740775185,35.07500076293945
63386.21713554141,34.99700164794922
63386.28353030763,34.99700164794922
63386.34992507385,34.99700164794922
63386.41631984007,34.999000549316406
63386.482714606296,35.03499984741211
63386.549109372514,35.03499984741211
63386.61550413874,34.97999954223633
63386.681898904964,34.95600128173828
63386.74829367118,34.95600128173828
63386.81468843741,34.95600128173828
63386.881083203625,35.08700180053711
63386.94747796985,35.08700180053711
63387.01387273607,35.03799819946289
63387.08026750229,35.03799819946289
63387.14666226852,34.98099899291992
63387.213057034736,34.98099899291992
63387.27945180096,34.98099899291992
63387.34584656718,35.0629997253418
63387.412241333404,35.132999420166016
63387.47863609962,35.132999420166016
63387.54503086585,35.05799865722656
63387.611425632065,35.05799865722656
63387.67782039829,35.05799865722656
63387.744215164515,35.13100051879883
63387.81060993073,34.986000061035156
63387.87700469696,34.986000061035156
63387.943399463176,35.064998626708984
63388.0097942294,35.064998626708984
63388.07618899562,35.064998626708984
63388.142583761844,35.0989990234375
63388.20897852807,35.042999267578125
63388.27537329429,35.042999267578125
63388.34176806051,35.125
63388.40816282673,35.125
63388.474557592956,35.125
63388.54095235917,35.09000015258789
63388.6073471254,35.07400131225586
63388.67374189162,35.07400131225586
63388.74013665784,35.10300064086914
63388.80653142407,35.10300064086914
63388.872926190284,35.10300064086914
63388.93932095651,35.1150016784668
63389.00571572273,35.084999084472656
63389.07211048895,35.084999084472656
63389.13850525517,35.108001708984375
63389.204900021396,35.047000885009766
63389.27129478762,35.047000885009766
63389.33768955384,35.047000885009766
63389.404084320064,35.047000885009766
63389.47047908628,35.055999755859375
63389.53687385251,35.095001220703125
63389.603268618725,35.095001220703125
63389.66966338495,34.970001220703125
63389.73605815117,34.970001220703125
63389.80245291739,34.970001220703125
63389.86884768362,35.02299880981445
63389.935242449836,35.02299880981445
63390.00163721606,35.04499816894531
63390.06803198228,34.98400115966797
63390.134426748504,34.98400115966797
63390.20082151472,34.95800018310547
63390.26721628095,34.95800018310547
63390.33361104717,34.95800018310547
63390.40000581339,35.053001403808594
63390.466400579615,35.05799865722656
63390.53279534583,35.05799865722656
63390.59919011206,35.025001525878906
63390.665584878276,35.025001525878906
63390.7319796445,35.025001525878906
63390.79837441072,34.974998474121094
63390.864769176944,35.09600067138672
63390.93116394317,35.09600067138672
63390.99755870939,35.14799880981445
63391.06395347561,35.14799880981445
63391.13034824183,35.14799880981445
63391.196743008055,35.06399917602539
63391.26313777427,35.13399887084961
63391.3295325405,35.13399887084961
63391.39592730672,35.12900161743164
63391.46232207294,35.055999755859375
63391.528716839166,35.055999755859375
63391.595111605384,35.055999755859375
63391.66150637161,35.055999755859375
63391.72790113783,35.13100051879883
63391.79429590405,35.12699890136719
63391.86069067027,35.12699890136719
63391.927085436495,35.125999450683594
63391.99348020272,35.125999450683594
63392.05987496894,35.125999450683594
63392.12626973516,35.05500030517578
63392.19266450138,35.05500030517578
63392.259059267606,35.05500030517578
63392.325454033824,35.02399826049805
63392.39184880005,35.02399826049805
63392.458243566274,35.04600143432617
63392.52463833249,35.04600143432617
63392.59103309872,35.04600143432617
63392.657427864935,35.090999603271484
63392.72382263116,35.03900146484375
63392.79021739738,35.03900146484375
63392.8566121636,35.016998291015625
63392.92300692982,35.016998291015625
63392.989401696046,35.016998291015625
63393.05579646227,35.11399841308594
63393.12219122849,35.04899978637695
63393.188585994714,35.04899978637695
63393.25498076093,35.09199905395508
63393.32137552716,35.09199905395508
63393.387770293375,35.09199905395508
63393.4541650596,35.07500076293945
63393.520559825825,35.104000091552734
63393.58695459204,35.104000091552734
63393.65334935827,35.08000183105469
63393.719744124486,35.10599899291992
63393.78613889071,35.10599899291992
63393.85253365693,35.10599899291992
63393.918928423154,35.08100128173828
63393.98532318938,35.08100128173828
63394.0517179556,34.9640007019043
63394.11811272182,34.9640007019043
63394.18450748804,35.02000045776367
63394.250902254265,35.02000045776367
63394.31729702048,35.02000045776367
63394.38369178671,35.1150016784668
63394.450086552926,35.12099838256836
63394.51648131915,35.12099838256836
63394.58287608538,35.016998291015625
63394.649270851594,35.016998291015625
63394.71566561782,35.016998291015625
63394.78206038404,35.14899826049805
63394.84845515026,35.099998474121094
63394.91484991648,35.099998474121094
63394.981244682705,35.07899856567383
63395.04763944893,35.07899856567383
63395.11403421515,35.13999938964844
63395.18042898137,35.13999938964844
63395.24682374759,35.13999938964844
63395.31321851382,35.09600067138672
63395.379613280034,35.07699966430664
63395.44600804626,35.07699966430664
63395.51240281248,35.069000244140625
63395.5787975787,35.13600158691406
63395.64519234493,35.13600158691406
63395.711587111145,35.13600158691406
63395.77798187737,35.02299880981445
63395.84437664359,35.02299880981445
63395.91077140981,35.08100128173828
63395.97716617603,35.08100128173828
63396.04356094226,35.14099884033203
63396.10995570848,35.14099884033203
63396.1763504747,35.14099884033203
63396.242745240925,35.09700012207031
63396.30914000714,35.112998962402344
63396.37553477337,35.112998962402344
63396.441929539586,35.154998779296875
63396.50832430581,35.154998779296875
63396.57471907203,35.154998779296875
63396.641113838254,35.10300064086914
63396.70750860448,35.04399871826172
63396.7739033707,35.04399871826172
63396.84029813692,35.05500030517578
63396.90669290314,35.05500030517578
63396.973087669365,35.05500030517578
63397.03948243558,35.130001068115234
63397.10587720181,35.09199905395508
63397.17227196803,35.09199905395508
63397.23866673425,35.145999908447266
63397.305061500476,35.145999908447266
63397.371456266694,35.145999908447266
63397.43785103292,35.0989990234375
63397.50424579914,35.042999267578125
63397.57064056536,35.042999267578125
63397.63703533158,35.15999984741211
63397.703430097805,35.034000396728516
63397.76982486403,35.034000396728516
63397.83621963025,35.034000396728516
63397.90261439647,35.034000396728516
63397.96900916269,35.12099838256836
63398.035403928916,35.159000396728516
63398.101798695134,35.159000396728516
63398.16819346136,35.21099853515625
63398.234588227584,35.21099853515625
63398.3009829938,35.21099853515625
63398.36737776003,35.196998596191406
63398.433772526245,35.12099838256836
63398.50016729247,35.12099838256836
63398.56656205869,35.194000244140625
63398.63295682491,35.194000244140625
63398.69935159113,35.194000244140625
63398.765746357356,35.154998779296875
63398.83214112358,35.10200119018555
63398.8985358898,35.10200119018555
63398.964930656024,35.22200012207031
63399.03132542224,35.22200012207031
63399.09772018847,35.22200012207031
63399.164114954685,35.13100051879883
63399.23050972091,35.12799835205078
63399.296904487135,35.12799835205078
63399.36329925335,35.05500030517578
63399.42969401958,35.05500030517578
63399.496088785796,35.05500030517578
63399.56248355202,35.02399826049805
63399.62887831824,35.04600143432617
63399.695273084464,35.04600143432617
63399.76166785068,35.05500030517578
63399.82806261691,35.095001220703125
63399.89445738313,35.095001220703125
63399.96085214935,35.095001220703125
63400.027246915575,35.14699935913086
63400.09364168179,35.14699935913086
63400.16003644802,35.1349983215332
63400.226431214236,35.1349983215332
63400.29282598046,35.12900161743164
63400.359220746686,35.198001861572266
63400.425615512904,35.198001861572266
63400.49201027913,35.198001861572266
63400.55840504535,35.198001861572266
63400.62479981157,35.08599853515625
63400.69119457779,35.00199890136719
63400.757589344015,35.00199890136719
63400.82398411023,35.0359992980957
63400.89037887646,35.0359992980957
63400.95677364268,35.0359992980957
63401.0231684089,35.08700180053711
63401.08956317513,35.17900085449219
63401.155957941344,35.17900085449219
63401.22235270757,35.112998962402344
63401.28874747379,35.112998962402344
63401.35514224001,35.112998962402344
63401.42153700624,35.119998931884766
63401.487931772455,35.194000244140625
63401.55432653868,35.194000244140625
63401.6207213049,35.154998779296875
63401.68711607112,35.154998779296875
63401.75351083734,35.154998779296875
63401.81990560357,35.13800048828125
63401.88630036979,35.16600036621094
63401.95269513601,35.16600036621094
63402.019089902235,35.2140007019043
63402.08548466845,35.2140007019043
63402.15187943468,35.2140007019043
63402.218274200895,35.19900131225586
63402.28466896712,35.19200134277344
63402.35106373334,35.19200134277344
63402.41745849956,35.11899948120117
63402.48385326579,35.229000091552734
63402.55024803201,35.229000091552734
63402.61664279823,35.229000091552734
63402.68303756445,35.0629997253418
63402.749432330675,35.0629997253418
63402.81582709689,35.097999572753906
63402.88222186312,35.097999572753906
63402.94861662934,35.112998962402344
63403.01501139556,35.112998962402344
63403.081406161786,35.112998962402344
63403.147800928,35.154998779296875
63403.21419569423,35.20899963378906
63403.28059046045,35.20899963378906
63403.34698522667,35.1609992980957
63403.41337999289,35.1609992980957
63403.479774759115,35.1609992980957
63403.54616952534,35.14099884033203
63403.61256429156,34.9900016784668
63403.67895905778,34.9900016784668
63403.745353824,35.10200119018555
63403.811748590226,35.10200119018555
63403.87814335644,35.10200119018555
63403.94453812267,35.18600082397461
63404.010932888894,35.11600112915039
63404.07732765511,35.11600112915039
63404.14372242134,35.12099838256836
63404.210117187555,35.12099838256836
63404.27651195378,35.12099838256836
63404.34290672,35.194000244140625
63404.40930148622,35.189998626708984
63404.47569625244,35.189998626708984
63404.542091018666,35.15299987792969
63404.60848578489,35.15299987792969
63404.67488055111,35.15299987792969
63404.741275317334,35.10200119018555
63404.80767008355,35.22100067138672
63404.87406484978,35.22100067138672
63404.940459615995,35.20199966430664
63405.00685438222,35.194000244140625
63405.073249148445,35.194000244140625
63405.13964391466,35.194000244140625
63405.20603868089,35.194000244140625
63405.272433447106,35.154998779296875
63405.33882821333,35.154998779296875
63405.40522297955,35.20899963378906
63405.471617745774,35.268001556396484
63405.53801251199,35.268001556396484
63405.60440727822,35.22200012207031
63405.67080204444,35.22200012207031
63405.73719681066,35.22200012207031
63405.803591576885,35.202999114990234
63405.8699863431,35.26499938964844
63405.93638110933,35.26499938964844
63406.002775875546,35.22100067138672
63406.06917064177,35.22100067138672
63406.135565407996,35.22100067138672
63406.201960174214,35.16699981689453
63406.26835494044,35.2140007019043
63406.33474970666,35.2140007019043
63406.40114447288,35.19900131225586
63406.4675392391,35.08599853515625
63406.533934005325,35.08599853515625
63406.60032877154,35.08599853515625
63406.66672353777,35.21500015258789
63406.73311830399,35.21500015258789
63406.79951307021,35.12799835205078
63406.865907836436,35.12799835205078
63406.932302602654,35.090999603271484
63406.99869736888,35.090999603271484
63407.0650921351,35.090999603271484
63407.13148690132,35.07500076293945
63407.19788166755,35.138999938964844
63407.264276433765,35.138999938964844
63407.33067119999,35.13100051879883
63407.39706596621,35.13100051879883
63407.46346073243,35.13100051879883
63407.52985549865,35.09199905395508
63407.596250264876,35.111000061035156
63407.6626450311,35.111000061035156
63407.72903979732,35.15399932861328
63407.795434563544,35.15399932861328
63407.86182932976,35.15399932861328
63407.92822409599,35.17300033569336
63407.994618862205,35.145999908447266
63408.06101362843,35.145999908447266
63408.12740839465,35.13399887084961
63408.19380316087,35.13399887084961
63408.2601979271,35.13399887084961
63408.326592693316,35.12900161743164
63408.39298745954,35.12699890136719
63408.45938222576,35.12699890136719
63408.525776991984,35.231998443603516
63408.5921717582,35.231998443603516
63408.65856652443,35.231998443603516
63408.724961290645,35.207000732421875
63408.79135605687,35.266998291015625
63408.857750823096,35.266998291015625
63408.92414558931,35.22200012207031
63408.99054035554,35.13100051879883
63409.05693512176,35.13100051879883
63409.12332988798,35.13100051879883
63409.1897246542,35.020999908447266
63409.256119420425,35.020999908447266
63409.32251418665,35.08000183105469
63409.38890895287,35.08000183105469
63409.45530371909,35.03499984741211
63409.52169848531,35.03499984741211
63409.588093251536,35.03499984741211
63409.65448801775,35.08599853515625
63409.72088278398,35.17900085449219
63409.787277550204,35.17900085449219
63409.85367231642,35.112998962402344
63409.92006708265,35.112998962402344
63409.986461848865,35.112998962402344
63410.05285661509,35.119998931884766
63410.11925138131,35.08700180053711
63410.18564614753,35.08700180053711
63410.25204091375,35.10900115966797
63410.318435679976,35.10900115966797
63410.3848304462,35.11800003051758
63410.45122521242,35.11800003051758
63410.517619978644,35.11800003051758
63410.58401474486,35.15700149536133
63410.65040951109,35.03300094604492
63410.716804277305,35.03300094604492
63410.78319904353,35.15599822998047
63410.849593809755,35.15599822998047
63410.91598857597,35.15599822998047
63410.9823833422,35.244998931884766
63411.048778108416,35.24800109863281
63411.11517287464,35.24800109863281
63411.18156764086,35.106998443603516
63411.247962407084,35.082000732421875
63411.3143571733,35.082000732421875
63411.38075193953,35.082000732421875
63411.44714670575,35.082000732421875
63411.51354147197,35.07099914550781
63411.579936238195,35.10200119018555
63411.64633100441,35.10200119018555
63411.71272577064,35.1150016784668
63411.779120536856,35.1150016784668
63411.84551530308,35.1150016784668
63411.911910069306,35.12099838256836
63411.978304835524,35.12300109863281
63412.04469960175,35.12300109863281
63412.11109436797,35.124000549316406
63412.17748913419,35.124000549316406
63412.24388390041,35.124000549316406
63412.310278666635,35.125
63412.37667343285,35.0890007019043
63412.44306819908,35.0890007019043
63412.5094629653,35.14500045776367
63412.57585773152,35.14500045776367
63412.642252497746,35.14500045776367
63412.708647263964,35.16899871826172
63412.77504203019,35.25
63412.84143679641,35.25
63412.90783156263,35.25
63412.97422632886,35.25
63413.040621095075,35.25
63413.1070158613,35.14400100708008
63413.17341062752,35.23899841308594
63413.23980539374,35.23899841308594
63413.30620015996,35.17499923706055
63413.372594926186,35.145999908447266
63413.438989692404,35.145999908447266
63413.50538445863,35.145999908447266
63413.571779224854,35.13399887084961
63413.63817399107,35.13399887084961
63413.7045687573,35.05799865722656
63413.770963523515,35.05799865722656
63413.83735828974,35.237998962402344
63413.90375305596,35.237998962402344
63413.97014782218,35.237998962402344
63414.03654258841,35.20899963378906
63414.102937354626,35.196998596191406
63414.16933212085,35.196998596191406
63414.23572688707,35.12099838256836
63414.302121653294,35.12099838256836
63414.36851641951,35.12099838256836
63414.43491118574,35.159000396728516
63414.501305951955,35.13999938964844
63414.56770071818,35.13999938964844
63414.634095484405,35.20199966430664
63414.70049025062,35.20199966430664
63414.76688501685,35.20199966430664
63414.833279783066,35.194000244140625
63414.89967454929,35.08399963378906
63414.96606931551,35.08399963378906
63415.032464081734,35.178001403808594
63415.09885884796,35.178001403808594
63415.16525361418,35.178001403808594
63415.2316483804,35.18299865722656
63415.29804314662,35.25699996948242
63415.364437912845,35.25699996948242
63415.43083267906,35.18199920654297
63415.49722744529,35.18199920654297
63415.56362221151,35.11399841308594
63415.63001697773,35.15599822998047
63415.69641174396,35.15599822998047
63415.762806510174,35.15599822998047
63415.8292012764,35.15599822998047
63415.89559604262,35.17399978637695
63415.96199080884,35.145999908447266
63416.02838557506,35.145999908447266
63416.094780341286,35.13399887084961
63416.16117510751,35.13399887084961
63416.22756987373,35.13399887084961
63416.29396463995,35.12900161743164
63416.36035940617,35.198001861572266
63416.4267541724,35.198001861572266
63416.493148938614,35.19200134277344
63416.55954370484,35.19200134277344
63416.62593847106,35.19200134277344
63416.69233323728,35.18899917602539
63416.75872800351,35.18899917602539
63416.825122769726,35.18899917602539
63416.89151753595,35.1879997253418
63416.95791230217,35.1879997253418
63417.024307068394,35.1879997253418
63417.09070183461,35.1879997253418
63417.15709660084,35.1879997253418
63417.22349136706,35.117000579833984
63417.28988613328,35.19200134277344
63417.356280899505,35.19200134277344
63417.42267566572,35.15399932861328
63417.48907043195,35.15399932861328
63417.555465198166,35.15399932861328
63417.62185996439,35.17300033569336
63417.688254730616,35.21699905395508
63417.754649496834,35.21699905395508
63417.82104426306,35.20000076293945
63417.88743902928,35.15800094604492
63417.9538337955,35.15800094604492
63418.02022856172,35.15800094604492
63418.086623327945,35.15800094604492
63418.15301809416,35.104000091552734
63418.21941286039,35.1870002746582
63418.28580762661,35.1870002746582
63418.35220239283,35.1870002746582
63418.418597159056,35.1870002746582
63418.484991925274,35.1870002746582
63418.5513866915,35.11600112915039
63418.61778145772,35.12099838256836
63418.68417622394,35.12099838256836
63418.75057099017,35.26499938964844
63418.816965756385,35.26499938964844
63418.88336052261,35.26499938964844
63418.94975528883,35.22100067138672
63419.01615005505,35.13100051879883
63419.08254482127,35.13100051879883
63419.148939587496,35.09199905395508
63419.215334353714,35.09199905395508
63419.28172911994,35.09199905395508
63419.348123886164,35.21699905395508
63419.41451865238,35.20000076293945
63419.48091341861,35.20000076293945
63419.547308184825,35.229000091552734
63419.61370295105,35.229000091552734
63419.68009771727,35.229000091552734
63419.74649248349,35.24100112915039
63419.81288724972,35.28099822998047
63419.879282015936,35.28099822998047
63419.94567678216,35.19300079345703
63420.01207154838,35.15399932861328
63420.078466314604,35.15399932861328
63420.14486108082,35.15399932861328
63420.21125584705,35.13800048828125
63420.277650613265,35.13800048828125
63420.34404537949,35.16600036621094
63420.410440145715,35.16600036621094
63420.47683491193,35.106998443603516
63420.54322967816,35.106998443603516
63420.609624444376,35.106998443603516
63420.6760192106,35.15299987792969
63420.74241397682,35.15299987792969
63420.808808743044,35.20800018310547
63420.87520350927,35.303001403808594
63420.94159827549,35.303001403808594
63421.00799304171,35.20199966430664
63421.07438780793,35.20199966430664
63421.140782574155,35.20199966430664
63421.20717734037,35.29999923706055
63421.2735721066,35.30699920654297
63421.339966872816,35.30699920654297
63421.40636163904,35.23899841308594
63421.47275640527,35.23899841308594
63421.539151171484,35.23899841308594
63421.60554593771,35.244998931884766
63421.67194070393,35.2130012512207
63421.73833547015,35.2130012512207
63421.80473023637,35.26900100708008
63421.871125002595,35.26900100708008
63421.93751976882,35.26900100708008
63422.00391453504,35.29399871826172
63422.07030930126,35.34000015258789
63422.13670406748,35.34000015258789
63422.20309883371,35.28900146484375
63422.269493599924,35.266998291015625
63422.33588836615,35.266998291015625
63422.40228313237,35.266998291015625
63422.46867789859,35.25699996948242
63422.53507266482,35.25699996948242
63422.601467431035,35.28900146484375
63422.66786219726,35.28900146484375
63422.73425696348,35.19599914550781
63422.8006517297,35.19599914550781
63422.86704649592,35.19599914550781
63422.93344126215,35.191001892089844
63422.99983602837,35.224998474121094
63423.06623079459,35.224998474121094
63423.132625560815,35.167999267578125
63423.19902032703,35.167999267578125
63423.26541509326,35.167999267578125
63423.331809859475,35.108001708984375
63423.3982046257,35.047000885009766
63423.464599391926,35.047000885009766
63423.53099415814,35.12699890136719
63423.59738892437,35.12699890136719
63423.66378369059,35.12699890136719
63423.73017845681,35.196998596191406
63423.79657322303,35.191001892089844
63423.862967989255,35.191001892089844
63423.92936275547,35.224998474121094
63423.9957575217,35.224998474121094
63424.06215228792,35.224998474121094
63424.12854705414,35.310001373291016
63424.194941820366,35.2760009765625
63424.261336586584,35.2760009765625
63424.32773135281,35.297000885009766
63424.39412611903,35.27000045776367
63424.46052088525,35.27000045776367
63424.52691565148,35.27000045776367
63424.593310417695,35.222999572753906
63424.65970518392,35.222999572753906
63424.72609995014,35.237998962402344
63424.79249471636,35.237998962402344
63424.85888948258,35.209999084472656
63424.925284248806,35.209999084472656
63424.991679015024,35.209999084472656
63425.05807378125,35.1619987487793
63425.124468547474,35.21200180053711
63425.19086331369,35.21200180053711
63425.25725807992,35.198001861572266
63425.323652846135,35.198001861572266
63425.39004761236,35.198001861572266
63425.45644237858,35.22700119018555
63425.5228371448,35.2400016784668
63425.58923191103,35.2400016784668
63425.655626677246,35.209999084472656
63425.72202144347,35.209999084472656
63425.78841620969,35.1619987487793
63425.854810975914,35.1619987487793
63425.92120574213,35.1619987487793
63425.98760050836,35.24700164794922
63426.053995274575,35.284000396728516
63426.1203900408,35.284000396728516
63426.186784807025,35.33599853515625
63426.25317957324,35.33599853515625
63426.31957433947,35.33599853515625
63426.385969105686,35.215999603271484
63426.45236387191,35.23500061035156
63426.51875863813,35.23500061035156
63426.585153404354,35.24399948120117
63426.65154817058,35.17599868774414
63426.7179429368,35.17599868774414
63426.78433770302,35.17599868774414
63426.85073246924,35.25400161743164
63426.917127235465,35.25400161743164
63426.98352200168,35.25199890136719
63427.04991676791,35.25199890136719
63427.116311534126,35.18000030517578
63427.18270630035,35.18000030517578
63427.249101066576,35.18000030517578
63427.315495832794,35.112998962402344
63427.38189059902,35.262001037597656
63427.44828536524,35.262001037597656
63427.51468013146,35.255001068115234
63427.58107489768,35.255001068115234
63427.647469663905,35.255001068115234
63427.71386443013,35.180999755859375
63427.78025919635,35.25600051879883
63427.84665396257,35.25600051879883
63427.91304872879,35.21699905395508
63427.979443495016,35.21699905395508
63428.045838261234,35.21699905395508
63428.11223302746,35.270999908447266
63428.17862779368,35.1879997253418
63428.2450225599,35.1879997253418
63428.31141732613,35.25899887084961
63428.377812092345,35.25899887084961
63428.44420685857,35.25899887084961
63428.51060162479,35.21799850463867
63428.57699639101,35.236000061035156
63428.64339115723,35.236000061035156
63428.70978592346,35.38600158691406
63428.77618068968,35.380001068115234
63428.8425754559,35.380001068115234
63428.908970222124,35.380001068115234
63428.97536498834,35.20000076293945
63429.04175975457,35.20000076293945
63429.108154520785,35.263999938964844
63429.17454928701,35.25600051879883
63429.24094405323,35.25600051879883
63429.30733881945,35.25600051879883
63429.37373358568,35.25600051879883
63429.4401283519,35.323001861572266
63429.50652311812,35.21099853515625
63429.57291788434,35.21099853515625
63429.639312650565,35.198001861572266
63429.70570741678,35.198001861572266
63429.77210218301,35.198001861572266
63429.83849694923,35.26300048828125
63429.90489171545,35.220001220703125
63429.971286481676,35.220001220703125
63430.03768124789,35.16600036621094
63430.10407601412,35.16600036621094
63430.17047078034,35.16600036621094
63430.23686554656,35.2140007019043
63430.30326031278,35.19900131225586
63430.369655079005,35.19900131225586
63430.43604984523,35.29899978637695
63430.50244461145,35.29899978637695
63430.56883937767,35.29899978637695
63430.63523414389,35.165000915527344
63430.701628910116,35.2130012512207
63430.76802367633,35.2130012512207
63430.83441844256,35.23400115966797
63430.900813208784,35.23400115966797
63430.967207975,35.24300003051758
63431.03360274123,35.21200180053711
63431.099997507445,35.21200180053711
63431.16639227367,35.21200180053711
63431.23278703989,35.1619987487793
63431.29918180611,35.1619987487793
63431.36557657234,35.24800109863281
63431.431971338556,35.24800109863281
63431.49836610478,35.284000396728516
63431.564760871,35.284000396728516
63431.631155637224,35.284000396728516
63431.69755040344,35.229000091552734
63431.76394516967,35.277000427246094
63431.830339935885,35.277000427246094
63431.89673470211,35.191001892089844
63431.963129468335,35.191001892089844
63432.02952423455,35.191001892089844
63432.09591900078,35.2239990234375
63432.162313766996,35.167999267578125
63432.22870853322,35.167999267578125
63432.29510329944,35.28499984741211
63432.361498065664,35.28499984741211
63432.42789283189,35.28499984741211
63432.49428759811,35.22999954223633
63432.56068236433,35.20600128173828
63432.62707713055,35.20600128173828
63432.693471896775,35.23099899291992
63432.75986666299,35.23099899291992
63432.82626142922,35.23099899291992
63432.892656195436,35.20600128173828
63432.95905096166,35.33700180053711
63433.025445727886,35.33700180053711
63433.091840494104,35.25199890136719
63433.15823526033,35.215999603271484
63433.22463002655,35.215999603271484
63433.29102479277,35.215999603271484
63433.35741955899,35.23500061035156
63433.423814325215,35.23500061035156
63433.49020909144,35.24399948120117
63433.55660385766,35.24399948120117
63433.62299862388,35.14099884033203
63433.6893933901,35.14099884033203
63433.755788156326,35.14099884033203
63433.822182922544,35.237998962402344
63433.88857768877,35.20899963378906
63433.95497245499,35.20899963378906
63434.02136722121,35.303001403808594
63434.08776198744,35.303001403808594
63434.154156753655,35.303001403808594
63434.22055151988,35.27299880981445
63434.2869462861,35.224998474121094
63434.35334105232,35.224998474121094
63434.41973581854,35.167999267578125
63434.486130584766,35.167999267578125
63434.55252535099,35.167999267578125
63434.61892011721,35.28499984741211
63434.685314883434,35.30099868774414
63434.75170964965,35.30099868774414
63434.81810441588,35.20100021362305
63434.884499182095,35.20100021362305
63434.95089394832,35.20100021362305
63435.01728871454,35.15800094604492
63435.08368348076,35.31700134277344
63435.15007824699,35.31700134277344
63435.216473013206,35.3849983215332
63435.28286777943,35.3849983215332
63435.34926254565,35.3849983215332
63435.415657311874,35.30799865722656
63435.48205207809,35.31100082397461
63435.54844684432,35.31100082397461
63435.61484161054,35.3120002746582
63435.68123637676,35.3120002746582
63435.747631142985,35.24100112915039
63435.8140259092,35.24100112915039
63435.88042067543,35.24100112915039
63435.946815441646,35.21099853515625
63436.01321020787,35.21099853515625
63436.07960497409,35.233001708984375
63436.145999740314,35.27799987792969
63436.21239450654,35.27799987792969
63436.27878927276,35.191001892089844
63436.34518403898,35.191001892089844
63436.4115788052,35.191001892089844
63436.477973571426,35.224998474121094
63436.54436833764,35.20399856567383
63436.61076310387,35.20399856567383
63436.677157870094,35.22999954223633
63436.74355263631,35.22999954223633
63436.80994740254,35.22999954223633
63436.876342168754,35.16999816894531
63436.94273693498,35.215999603271484
63437.0091317012,35.215999603271484
63437.07552646742,35.23500061035156
63437.14192123364,35.23500061035156
63437.208315999866,35.23500061035156
63437.27471076609,35.17300033569336
63437.34110553231,35.21699905395508
63437.407500298534,35.21699905395508
63437.47389506475,35.305999755859375
63437.54028983098,35.305999755859375
63437.606684597195,35.305999755859375
63437.67307936342,35.345001220703125
63437.739474129645,35.32699966430664
63437.80586889586,35.32699966430664
63437.87226366209,35.354000091552734
63437.938658428306,35.33100128173828
63438.00505319453,35.33100128173828
63438.07144796075,35.33100128173828
63438.137842726974,35.2140007019043
63438.20423749319,35.2140007019043
63438.27063225942,35.375999450683594
63438.33702702564,35.34000015258789
63438.40342179186,35.34000015258789
63438.469816558085,35.34000015258789
63438.5362113243,35.34000015258789
63438.60260609053,35.28900146484375
63438.669000856746,35.23099899291992
63438.73539562297,35.23099899291992
63438.801790389196,35.3129997253418
63438.868185155414,35.3129997253418
63438.93457992164,35.3129997253418
63439.00097468786,35.347999572753906
63439.06736945408,35.25699996948242
63439.1337642203,35.25699996948242
63439.200158986525,35.28799819946289
63439.26655375275,35.28799819946289
63439.33294851897,35.28799819946289
63439.39934328519,35.3380012512207
63439.46573805141,35.28799819946289
63439.532132817636,35.28799819946289
63439.598527583854,35.26599884033203
63439.66492235008,35.26599884033203
63439.7313171163,35.26599884033203
63439.79771188252,35.292999267578125
63439.86410664875,35.268001556396484
63439.930501414965,35.268001556396484
63439.99689618119,35.257999420166016
63440.06329094741,35.257999420166016
63440.12968571363,35.257999420166016
63440.19608047985,35.25299835205078
63440.262475246076,35.321998596191406
63440.3288700123,35.321998596191406
63440.39526477852,35.31700134277344
63440.461659544744,35.20800018310547
63440.52805431096,35.20800018310547
63440.59444907719,35.20800018310547
63440.660843843405,35.266998291015625
63440.72723860963,35.266998291015625
63440.79363337585,35.327999114990234
63440.86002814207,35.327999114990234
63440.9264229083,35.284000396728516
63440.992817674516,35.284000396728516
63441.05921244074,35.33599853515625
63441.12560720696,35.33599853515625
63441.192001973184,35.33599853515625
63441.2583967394,35.321998596191406
63441.32479150563,35.24599838256836
63441.39118627185,35.24599838256836
63441.45758103807,35.24800109863281
63441.523975804295,35.24800109863281
63441.59037057051,35.24800109863281
63441.65676533674,35.28499984741211
63441.723160102956,35.37099838256836
63441.78955486918,35.37099838256836
63441.8559496354,35.3380012512207
63441.922344401624,35.3380012512207
63441.98873916785,35.3380012512207
63442.05513393407,35.35900115966797
63442.12152870029,35.33300018310547
63442.18792346651,35.33300018310547
63442.254318232735,35.4630012512207
63442.32071299895,35.30699920654297
63442.38710776518,35.30699920654297
63442.4535025314,35.30699920654297
63442.51989729762,35.30699920654297
63442.58629206385,35.275001525878906
63442.652686830064,35.332000732421875
63442.71908159629,35.332000732421875
63442.78547636251,35.2140007019043
63442.85187112873,35.2140007019043
63442.91826589495,35.2140007019043
63442.984660661175,35.19900131225586
63443.0510554274,35.26300048828125
63443.11745019362,35.26300048828125
63443.18384495984,35.29100036621094
63443.25023972606,35.29100036621094
63443.31663449229,35.29100036621094
63443.383029258504,35.303001403808594
63443.44942402473,35.308998107910156
63443.515818790955,35.308998107910156
63443.58221355717,35.275001525878906
63443.6486083234,35.275001525878906
63443.715003089615,35.275001525878906
63443.78139785584,35.29600143432617
63443.84779262206,35.19900131225586
63443.91418738828,35.19900131225586
63443.9805821545,35.22800064086914
63444.04697692073,35.22800064086914
63444.11337168695,35.22800064086914
63444.17976645317,35.2760009765625
63444.246161219395,35.332000732421875
63444.31255598561,35.332000732421875
63444.37895075184,35.2859992980957
63444.445345518056,35.33599853515625
63444.51174028428,35.33599853515625
63444.578135050506,35.33599853515625
63444.644529816724,35.33599853515625
63444.71092458295,35.39400100708008
63444.77731934917,35.382999420166016
63444.84371411539,35.382999420166016
63444.91010888161,35.34299850463867
63444.976503647835,35.34299850463867
63445.04289841406,35.34299850463867
63445.10929318028,35.39699935913086
63445.1756879465,35.3489990234375
63445.24208271272,35.3489990234375
63445.308477478946,35.39899826049805
63445.374872245164,35.39899826049805
63445.44126701139,35.39899826049805
63445.50766177761,35.3849983215332
63445.57405654383,35.380001068115234
63445.64045131006,35.380001068115234
63445.706846076275,35.270999908447266
63445.7732408425,35.270999908447266
63445.83963560872,35.270999908447266
63445.90603037494,35.29399871826172
63445.97242514116,35.30500030517578
63446.038819907386,35.30500030517578
63446.105214673604,35.308998107910156
63446.17160943983,35.308998107910156
63446.238004206054,35.2400016784668
63446.30439897227,35.2400016784668
63446.3707937385,35.2400016784668
63446.437188504715,35.24599838256836
63446.50358327094,35.35499954223633
63446.56997803716,35.35499954223633
63446.63637280338,35.36600112915039
63446.70276756961,35.26499938964844
63446.769162335826,35.26499938964844
63446.83555710205,35.26499938964844
63446.90195186827,35.26499938964844
63446.968346634494,35.39799880981445
63447.03474140071,35.349998474121094
63447.10113616694,35.349998474121094
63447.16753093316,35.292999267578125
63447.23392569938,35.292999267578125
63447.300320465605,35.292999267578125
63447.36671523182,35.198001861572266
63447.43310999805,35.26300048828125
63447.499504764266,35.26300048828125
63447.56589953049,35.29100036621094
63447.63229429671,35.29100036621094
63447.698689062934,35.29100036621094
63447.76508382916,35.268001556396484
63447.83147859538,35.11600112915039
63447.8978733616,35.11600112915039
63447.96426812782,35.29800033569336
63448.030662894045,35.29800033569336
63448.09705766026,35.29800033569336
63448.16345242649,35.270999908447266
63448.22984719271,35.29499816894531
63448.29624195893,35.29499816894531
63448.362636725156,35.30500030517578
63448.429031491374,35.30500030517578
63448.4954262576,35.30500030517578
63448.56182102382,35.308998107910156
63448.62821579004,35.2760009765625
63448.69461055626,35.2760009765625
63448.761005322485,35.40299987792969
63448.82740008871,35.387001037597656
63448.89379485493,35.387001037597656
63448.96018962115,35.387001037597656
63449.02658438737,35.27399826049805
63449.0929791536,35.27399826049805
63449.159373919814,35.367000579833984
63449.22576868604,35.37099838256836
63449.292163452265,35.37099838256836
63449.35855821848,35.37099838256836
63449.42495298471,35.37099838256836
63449.491347750925,35.3380012512207
63449.55774251715,35.43000030517578
63449.62413728337,35.43000030517578
63449.69053204959,35.39899826049805
63449.75692681581,35.39899826049805
63449.82332158204,35.39899826049805
63449.88971634826,35.31399917602539
63449.95611111448,35.27799987792969
63450.022505880705,35.27799987792969
63450.08890064692,35.262001037597656
63450.15529541315,35.262001037597656
63450.221690179365,35.262001037597656
63450.28808494559,35.29100036621094
63450.354479711816,35.374000549316406
63450.42087447803,35.374000549316406
63450.48726924426,35.30400085449219
63450.55366401048,35.30400085449219
63450.6200587767,35.30400085449219
63450.68645354292,35.308998107910156
63450.752848309145,35.31100082397461
63450.81924307536,35.31100082397461
63450.88563784159,35.34700012207031
63450.95203260781,35.34700012207031
63451.01842737403,35.34700012207031
63451.084822140256,35.29199981689453
63451.15121690647,35.29199981689453
63451.2176116727,35.30400085449219
63451.28400643892,35.30400085449219
63451.35040120514,35.520999908447266
63451.41679597137,35.40299987792969
63451.483190737585,35.40299987792969
63451.54958550381,35.387001037597656
63451.61598027003,35.387001037597656
63451.68237503625,35.387001037597656
63451.74876980247,35.45100021362305
63451.815164568696,35.44300079345703
63451.88155933491,35.44300079345703
63451.94795410114,35.44300079345703
63452.014348867364,35.439998626708984
63452.08074363358,35.439998626708984
63452.14713839981,35.439998626708984
63452.213533166025,35.36800003051758
63452.27992793225,35.37200164794922
63452.34632269847,35.37200164794922
63452.41271746469,35.374000549316406
63452.47911223092,35.374000549316406
63452.545506997136,35.374000549316406
63452.61190176336,35.44499969482422
63452.67829652958,35.512001037597656
63452.744691295804,35.512001037597656
63452.81108606202,35.39899826049805
63452.87748082825,35.349998474121094
63452.94387559447,35.349998474121094
63453.01027036069,35.349998474121094
63453.076665126915,35.32899856567383
63453.14305989313,35.32899856567383
63453.20945465936,35.284000396728516
63453.275849425576,35.33599853515625
63453.3422441918,35.33599853515625
63453.40863895802,35.33599853515625
63453.475033724244,35.33599853515625
63453.54142849047,35.323001861572266
63453.60782325669,35.35200119018555
63453.67421802291,35.35200119018555
63453.74061278913,35.43600082397461
63453.807007555355,35.43600082397461
63453.87340232157,35.43600082397461
63453.9397970878,35.29499816894531
63454.006191854016,35.23400115966797
63454.07258662024,35.23400115966797
63454.138981386466,35.27899932861328
63454.205376152684,35.27899932861328
63454.27177091891,35.27899932861328
63454.33816568513,35.36899948120117
63454.40456045135,35.30099868774414
63454.47095521757,35.30099868774414
63454.537349983795,35.27199935913086
63454.60374475002,35.27199935913086
63454.67013951624,35.27199935913086
63454.73653428246,35.4010009765625
63454.80292904868,35.38600158691406
63454.869323814906,35.38600158691406
63454.935718581124,35.380001068115234
63455.00211334735,35.380001068115234
63455.068508113574,35.380001068115234
63455.13490287979,35.48400115966797
63455.20129764602,35.422000885009766
63455.267692412235,35.422000885009766
63455.33408717846,35.32400131225586
63455.40048194468,35.388999938964844
63455.4668767109,35.388999938964844
63455.53327147712,35.388999938964844
63455.599666243346,35.38100051879883
63455.66606100957,35.38100051879883
63455.73245577579,35.270999908447266
63455.798850542014,35.270999908447266
63455.86524530823,35.33000183105469
63455.93164007446,35.33000183105469
63455.998034840675,35.33000183105469
63456.0644296069,35.28499984741211
63456.130824373126,35.44200134277344
63456.19721913934,35.44200134277344
63456.26361390557,35.36899948120117
63456.330008671786,35.36899948120117
63456.39640343801,35.22999954223633
63456.46279820423,35.22999954223633
63456.529192970454,35.22999954223633
63456.59558773667,35.20600128173828
63456.6619825029,35.301998138427734
63456.72837726912,35.301998138427734
63456.79477203534,35.37900161743164
63456.861166801566,35.37900161743164
63456.92756156778,35.37900161743164
63456.99395633401,35.305999755859375
63457.06035110023,35.41600036621094
63457.12674586645,35.41600036621094
63457.19314063268,35.428001403808594
63457.259535398895,35.428001403808594
63457.32593016512,35.428001403808594
63457.39232493134,35.362998962402344
63457.45871969756,35.26300048828125
63457.52511446378,35.26300048828125
63457.591509230006,35.32699966430664
63457.65790399622,35.354000091552734
63457.72429876245,35.354000091552734
63457.790693528674,35.354000091552734
63457.85708829489,35.29499816894531
63457.92348306112,35.29499816894531
63457.989877827335,35.481998443603516
63458.05627259356,35.481998443603516
63458.12266735978,35.457000732421875
63458.189062126,35.457000732421875
63458.25545689223,35.457000732421875
63458.321851658446,35.375
63458.38824642467,35.40999984741211
63458.45464119089,35.40999984741211
63458.521035957114,35.42599868774414
63458.58743072333,35.42599868774414
63458.65382548956,35.42599868774414
63458.720220255775,35.43199920654297
63458.786615022,35.435001373291016
63458.853009788225,35.435001373291016
63458.91940455444,35.36600112915039
63458.98579932067,35.36600112915039
63459.052194086886,35.36600112915039
63459.11858885311,35.334999084472656
63459.18498361933,35.321998596191406
63459.251378385554,35.321998596191406
63459.31777315178,35.35200119018555
63459.384167918,35.35200119018555
63459.45056268422,35.35200119018555
63459.51695745044,35.3650016784668
63459.583352216665,35.334999084472656
63459.64974698288,35.334999084472656
63459.71614174911,35.321998596191406
63459.782536515326,35.321998596191406
63459.84893128155,35.321998596191406
63459.915326047776,35.209999084472656
63459.981720813994,35.3390007019043
63460.04811558022,35.3390007019043
63460.11451034644,35.36000061035156
63460.18090511266,35.33300018310547
63460.24729987888,35.33300018310547
63460.313694645105,35.33300018310547
63460.38008941133,35.391998291015625
63460.44648417755,35.391998291015625
63460.51287894377,35.452999114990234
63460.57927370999,35.452999114990234
63460.645668476216,35.51499938964844
63460.712063242434,35.51499938964844
63460.77845800866,35.51499938964844
63460.844852774884,35.43600082397461
63460.9112475411,35.542999267578125
63460.97764230733,35.542999267578125
63461.044037073545,35.4119987487793
63461.11043183977,35.4119987487793
63461.17682660599,35.4119987487793
63461.24322137221,35.35599899291992
63461.30961613843,35.29600143432617
63461.376010904656,35.29600143432617
63461.44240567088,35.375999450683594
63461.5088004371,35.375999450683594
63461.575195203324,35.4109992980957
63461.64158996954,35.4109992980957
63461.70798473577,35.4109992980957
63461.774379501985,35.46099853515625
63461.84077426821,35.483001708984375
63461.907169034435,35.483001708984375
63461.97356380065,35.38600158691406
63462.03995856688,35.308998107910156
63462.106353333096,35.308998107910156
63462.17274809932,35.308998107910156
63462.23914286554,35.34600067138672
63462.305537631764,35.34600067138672
63462.37193239798,35.433998107910156
63462.43832716421,35.433998107910156
63462.50472193043,35.43600082397461
63462.57111669665,35.43600082397461
63462.637511462875,35.43600082397461
63462.70390622909,35.4370002746582
63462.77030099532,35.4370002746582
63462.836695761536,35.4370002746582
63462.90309052776,35.472999572753906
63462.96948529399,35.472999572753906
63463.035880060204,35.472999572753906
63463.10227482643,35.38199996948242
63463.16866959265,35.34299850463867
63463.23506435887,35.34299850463867
63463.30145912509,35.361000061035156
63463.367853891315,35.361000061035156
63463.43424865753,35.361000061035156
63463.50064342376,35.33300018310547
63463.56703818998,35.2859992980957
63463.6334329562,35.2859992980957
63463.69982772243,35.30099868774414
63463.766222488644,35.30099868774414
63463.83261725487,35.30099868774414
63463.89901202109,35.27199935913086
63463.96540678731,35.29499816894531
63464.03180155354,35.29499816894531
63464.098196319756,35.375999450683594
63464.16459108598,35.375
63464.2309858522,35.375
63464.29738061842,35.375
63464.36377538464,35.26900100708008
63464.43017015087,35.26900100708008
63464.496564917084,35.26900100708008
63464.56295968331,35.32899856567383
63464.629354449535,35.32899856567383
63464.69574921575,35.31999969482422
63464.76214398198,35.31999969482422
63464.828538748196,35.31999969482422
63464.89493351442,35.422000885009766
63464.96132828064,35.36000061035156
63465.027723046864,35.36000061035156
63465.09411781309,35.40399932861328
63465.16051257931,35.40399932861328
63465.22690734553,35.40399932861328
63465.29330211175,35.42300033569336
63465.359696877975,35.46699905395508
63465.42609164419,35.46699905395508
63465.49248641042,35.415000915527344
63465.558881176636,35.415000915527344
63465.62527594286,35.415000915527344
63465.691670709086,35.356998443603516
63465.758065475304,35.332000732421875
63465.82446024153,35.332000732421875
63465.89085500775,35.32099914550781
63465.95724977397,35.32099914550781
63466.02364454019,35.32099914550781
63466.090039306415,35.28099822998047
63466.15643407264,35.33399963378906
63466.22282883886,35.33399963378906
63466.28922360508,35.393001556396484
63466.3556183713,35.417999267578125
63466.422013137526,35.417999267578125
63466.488407903744,35.417999267578125
63466.55480266997,35.417999267578125
63466.62119743619,35.358001708984375
63466.68759220241,35.358001708984375
63466.75398696864,35.4739990234375
63466.820381734855,35.417999267578125
63466.88677650108,35.417999267578125
63466.9531712673,35.39400100708008
63467.01956603352,35.39400100708008
63467.08596079974,35.39400100708008
63467.152355565966,35.347999572753906
63467.21875033219,35.362998962402344
63467.28514509841,35.362998962402344
63467.351539864634,35.369998931884766
63467.41793463085,35.369998931884766
63467.48432939708,35.369998931884766
63467.550724163295,35.37300109863281
63467.61711892952,35.409000396728516
63467.68351369574,35.409000396728516
63467.74990846196,35.38999938964844
63467.81630322819,35.38999938964844
63467.882697994406,35.38999938964844
63467.94909276063,35.487998962402344
63468.01548752685,35.42399978637695
63468.081882293074,35.42399978637695
63468.14827705929,35.46699905395508
63468.21467182552,35.46699905395508
63468.28106659174,35.46699905395508
63468.34746135796,35.415000915527344
63468.413856124185,35.499000549316406
63468.4802508904,35.499000549316406
63468.54664565663,35.428001403808594
63468.613040422846,35.46900177001953
63468.67943518907,35.46900177001953
63468.745829955296,35.46900177001953
63468.812224721514,35.41600036621094
63468.87861948774,35.41600036621094
63468.94501425396,35.393001556396484
63469.01140902018,35.382999420166016
63469.0778037864,35.382999420166016
63469.144198552625,35.382999420166016
63469.21059331884,35.382999420166016
63469.27698808507,35.44900131225586
63469.34338285129,35.47800064086914
63469.40977761751,35.47800064086914
63469.47617238374,35.41999816894531
63469.542567149954,35.41999816894531
63469.60896191618,35.41999816894531
63469.6753566824,35.43000030517578
63469.74175144862,35.39899826049805
63469.80814621485,35.39899826049805
63469.874540981065,35.349998474121094
63469.94093574729,35.349998474121094
63470.00733051351,35.349998474121094
63470.07372527973,35.36399841308594
63470.14012004595,35.369998931884766
63470.20651481218,35.369998931884766
63470.272909578394,35.37300109863281
63470.33930434462,35.37300109863281
63470.405699110845,35.37300109863281
63470.47209387706,35.374000549316406
63470.53848864329,35.48099899291992
63470.604883409505,35.48099899291992
63470.67127817573,35.349998474121094
63470.73767294195,35.349998474121094
63470.80406770817,35.349998474121094
63470.8704624744,35.400001525878906
63470.93685724062,35.349998474121094
63471.00325200684,35.349998474121094
63471.06964677306,35.400001525878906
63471.136041539285,35.400001525878906
63471.2024363055,35.400001525878906
63471.26883107173,35.492000579833984
63471.335225837945,35.42599868774414
63471.40162060417,35.42599868774414
63471.468015370396,35.53900146484375
63471.53441013661,35.44599914550781
63471.60080490284,35.44599914550781
63471.66719966906,34.367000579833984
63471.73359443528,35.369998931884766
63471.7999892015,35.369998931884766
63471.866383967725,35.369998931884766
63471.93277873395,35.33700180053711
63471.99917350017,35.39400100708008
63472.06556826639,35.39400100708008
63472.13196303261,35.3120002746582
63472.198357798836,35.3120002746582
63472.264752565054,35.3120002746582
63472.33114733128,35.347999572753906
63472.3975420975,35.362998962402344
63472.46393686372,35.362998962402344
63472.53033162995,35.47600173950195
63472.596726396165,35.47600173950195
63472.66312116239,35.47600173950195
63472.72951592861,35.4900016784668
63472.79591069483,35.42499923706055
63472.86230546105,35.42499923706055
63472.928700227276,35.43199920654297
63472.9950949935,35.400001525878906
63473.06148975972,35.400001525878906
63473.127884525944,35.400001525878906
63473.19427929216,35.457000732421875
63473.26067405839,35.457000732421875
63473.327068824605,35.44599914550781
63473.39346359083,35.369998931884766
63473.45985835705,35.369998931884766
63473.52625312327,35.369998931884766
63473.5926478895,35.369998931884766
63473.659042655716,35.37300109863281
63473.72543742194,35.374000549316406
63473.79183218816,35.374000549316406
63473.858226954384,35.44599914550781
63473.9246217206,35.44599914550781
63473.99101648683,35.44599914550781
63474.05741125305,35.512001037597656
63474.12380601927,35.433998107910156
63474.190200785495,35.433998107910156
63474.25659555171,35.47200012207031
63474.32299031794,35.47200012207031
63474.389385084156,35.47200012207031
63474.45577985038,35.487998962402344
63474.5221746166,35.35300064086914
63474.588569382824,35.35300064086914
63474.65496414905,35.4010009765625
63474.72135891527,35.4010009765625
63474.78775368149,35.4010009765625
63474.85414844771,35.38600158691406
63474.920543213935,35.45100021362305
63474.98693798015,35.45100021362305
63475.05333274638,35.479000091552734
63475.1197275126,35.479000091552734
63475.18612227882,35.479000091552734
63475.252517045046,35.5620002746582
63475.318911811264,35.5620002746582
63475.38530657749,35.5620002746582
63475.45170134371,35.527000427246094
63475.51809610993,35.47600173950195
63475.58449087615,35.47600173950195
63475.650885642375,35.47600173950195
63475.7172804086,35.47600173950195
63475.78367517482,35.45399856567383
63475.85006994104,35.47999954223633
63475.91646470726,35.47999954223633
63475.982859473486,35.527000427246094
63476.049254239704,35.527000427246094
63476.11564900593,35.527000427246094
63476.182043772154,35.404998779296875
63476.24843853837,35.35300064086914
63476.3148333046,35.35300064086914
63476.381228070815,35.33000183105469
63476.44762283704,35.33000183105469
63476.51401760326,35.33000183105469
63476.58041236948,35.35499954223633
63476.64680713571,35.29600143432617
63476.71320190193,35.29600143432617
63476.77959666815,35.340999603271484
63476.84599143437,35.340999603271484
63476.912386200594,35.36000061035156
63476.97878096681,35.36000061035156
63477.04517573304,35.36000061035156
63477.111570499255,35.36899948120117
63477.17796526548,35.40800094604492
63477.244360031706,35.40800094604492
63477.31075479792,35.388999938964844
63477.37714956415,35.45199966430664
63477.44354433037,35.45199966430664
63477.50993909659,35.45199966430664
63477.57633386281,35.45199966430664
63477.642728629035,35.33700180053711
63477.70912339526,35.43000030517578
63477.77551816148,35.43000030517578
63477.8419129277,35.470001220703125
63477.90830769392,35.470001220703125
63477.974702460146,35.470001220703125
63478.04109722636,35.55799865722656
63478.10749199259,35.45399856567383
63478.17388675881,35.45399856567383
63478.24028152503,35.409000396728516
63478.30667629126,35.409000396728516
63478.373071057475,35.409000396728516
63478.4394658237,35.38999938964844
63478.50586058992,35.38100051879883
63478.57225535614,35.38100051879883
63478.63865012236,35.41299819946289
63478.705044888586,35.41299819946289
63478.77143965481,35.41299819946289
63478.83783442103,35.391998291015625
63478.904229187254,35.34700012207031
