TE0,TE1,TL0,TL1,TimeSyncsReceived,EmotiBitStartTime, EmotiBitEndTime, DataParserVersion
158713.000000,246958.000000,1759437227.462111,1759437315.710185,14,154693,290991,1.12.2