TE0,TE1,TL0,TL1,TimeSyncsReceived,EmotiBitStartTime, EmotiBitEndTime, DataParserVersion
177815.000000,279061.000000,1759437249.705774,1759437350.953841,6,147585,283613,1.12.2