TE0,TE1,TL0,TL1,TimeSyncsReceived,EmotiBitStartTime, EmotiBitEndTime, DataParserVersion
156966.000000,203720.000000,1759437221.672622,1759437268.429277,5,156656,292797,1.12.2