peak_time,ibi_sec,hr_bpm,peak_time_from_segment_start_sec,emotibit_id,segment,selected_channel,ibi_valid,hr_valid,keep
63103.891465834306,0.7336974184872815,81.77758090481831,0.9045584611521917,EmotiBit_1,main_meditation,PPG_1,True,True,True
63105.05734118424,1.165875349935959,51.46347763789308,2.070433811088151,EmotiBit_1,main_meditation,PPG_1,True,True,True
63106.052355491505,0.9950143072637729,60.300640465156974,3.0654481183519238,EmotiBit_1,main_meditation,PPG_1,True,True,True
63107.01721785007,0.9648623585671885,62.18503547915314,4.030310476919112,EmotiBit_1,main_meditation,PPG_1,True,True,True
63107.91172566166,0.8945078115866636,67.07599332595315,4.924818288505776,EmotiBit_1,main_meditation,PPG_1,True,True,True
63108.71577762713,0.8040519654678064,74.62204257543395,5.728870253973582,EmotiBit_1,main_meditation,PPG_1,True,True,True
63109.48967764389,0.773900016763946,77.5293948834493,6.502770270737528,EmotiBit_1,main_meditation,PPG_1,True,True,True
63110.404286754616,0.9146091107249958,65.60179567032628,7.417379381462524,EmotiBit_1,main_meditation,PPG_1,True,True,True
63111.37919976275,0.9749130081327166,61.543952639343686,8.39229238959524,EmotiBit_1,main_meditation,PPG_1,True,True,True
63112.41441666829,1.0352169055404374,57.95886801971888,9.427509295135678,EmotiBit_1,main_meditation,PPG_1,True,True,True
63113.29887383031,0.8844571620211354,67.83822052261951,10.311966457156814,EmotiBit_1,main_meditation,PPG_1,True,True,True
63114.13307774448,0.8342039141716668,71.92486031377322,11.14617037132848,EmotiBit_1,main_meditation,PPG_1,True,True,True
63114.93712970995,0.8040519654678064,74.62204257543395,11.950222336796287,EmotiBit_1,main_meditation,PPG_1,True,True,True
63115.76128297456,0.8241532646134146,72.8019927557336,12.774375601409702,EmotiBit_1,main_meditation,PPG_1,True,True,True
63116.595486888735,0.8342039141716668,71.92486031377322,13.608579515581368,EmotiBit_1,main_meditation,PPG_1,True,True,True
63117.53019729859,0.9347104098560521,64.19100436598343,14.54328992543742,EmotiBit_1,main_meditation,PPG_1,True,True,True
63118.70612329809,1.1759259995014872,51.02361885478842,15.719215924938908,EmotiBit_1,main_meditation,PPG_1,True,True,True
63119.73128955407,1.0251662559749093,58.52709221582932,16.744382180913817,EmotiBit_1,main_meditation,PPG_1,True,True,True
63120.786607758746,1.0553182046787697,56.85488958116051,17.799700385592587,EmotiBit_1,main_meditation,PPG_1,True,True,True
63121.78162206602,0.9950143072710489,60.30064046471603,18.794714692863636,EmotiBit_1,main_meditation,PPG_1,True,True,True
63122.68618052717,0.9045584611521917,66.33070451143016,19.699273154015827,EmotiBit_1,main_meditation,PPG_1,True,True,True
63123.439979244795,0.7537987176256138,79.59684541384424,20.45307187164144,EmotiBit_1,main_meditation,PPG_1,True,True,True
63124.26413250941,0.8241532646134146,72.8019927557336,21.277225136254856,EmotiBit_1,main_meditation,PPG_1,True,True,True
63125.06818447488,0.8040519654750824,74.62204257475868,22.08127710172994,EmotiBit_1,main_meditation,PPG_1,True,True,True
63125.671223448975,0.6030389740917599,99.49605676874585,22.684316075821698,EmotiBit_1,main_meditation,PPG_1,True,True,True
63126.756693602365,1.085470153389906,55.275587092487946,23.769786229211604,EmotiBit_1,main_meditation,PPG_1,True,True,True
63127.78185985834,1.0251662559749093,58.52709221582932,24.794952485186514,EmotiBit_1,main_meditation,PPG_1,True,True,True
63128.96783650741,1.1859766490670154,50.591215305293595,25.98092913425353,EmotiBit_1,main_meditation,PPG_1,True,True,True
63130.00305341295,1.0352169055404374,57.95886801971888,27.016146039793966,EmotiBit_1,main_meditation,PPG_1,True,True,True
63131.06842226719,1.0653688542442978,56.318522698469565,28.081514894038264,EmotiBit_1,main_meditation,PPG_1,True,True,True
63131.912676830936,0.8442545637444709,71.06861197632814,28.925769457782735,EmotiBit_1,main_meditation,PPG_1,True,True,True
63132.79713399296,0.8844571620211354,67.83822052261951,29.81022661980387,EmotiBit_1,main_meditation,PPG_1,True,True,True
63133.56098336016,0.7638493672056939,78.54951849929705,30.574075987009564,EmotiBit_1,main_meditation,PPG_1,True,True,True
63134.22432623166,0.6633428714994807,90.45096069905829,31.237418858509045,EmotiBit_1,main_meditation,PPG_1,True,True,True
63135.159036641526,0.9347104098633281,64.19100436548375,32.17212926837237,EmotiBit_1,main_meditation,PPG_1,True,True,True
63136.123899000086,0.9648623585599125,62.18503547962208,33.136991626932286,EmotiBit_1,main_meditation,PPG_1,True,True,True
63137.07871070909,0.9548117090016603,62.83961479979679,34.091803335933946,EmotiBit_1,main_meditation,PPG_1,True,True,True
63138.18428216161,1.1055714525209623,54.27057641836348,35.19737478845491,EmotiBit_1,main_meditation,PPG_1,True,True,True
63138.99838477664,0.8141026150333346,73.7007827908073,36.01147740348824,EmotiBit_1,main_meditation,PPG_1,True,True,True
63140.13410817787,1.1357234012248227,52.82976465510256,37.147200804713066,EmotiBit_1,main_meditation,PPG_1,True,True,True
63140.93816014334,0.8040519654750824,74.62204257475868,37.95125277018815,EmotiBit_1,main_meditation,PPG_1,True,True,True
63141.70200951054,0.7638493671984179,78.54951850004527,38.715102137386566,EmotiBit_1,main_meditation,PPG_1,True,True,True
63142.46585887773,0.7638493671911419,78.54951850079348,39.47895150457771,EmotiBit_1,main_meditation,PPG_1,True,True,True
63143.18950564665,0.7236467689217534,82.9133806392877,40.20259827349946,EmotiBit_1,main_meditation,PPG_1,True,True,True
63144.00360826169,0.8141026150406105,73.7007827901486,41.01670088854007,EmotiBit_1,main_meditation,PPG_1,True,True,True
63144.94836932112,0.9447610594288562,63.50812134051362,41.96146194796893,EmotiBit_1,main_meditation,PPG_1,True,True,True
63145.9735355771,1.0251662559749093,58.52709221582932,42.98662820394384,EmotiBit_1,main_meditation,PPG_1,True,True,True
63146.93839793566,0.9648623585599125,62.18503547962208,43.95149056250375,EmotiBit_1,main_meditation,PPG_1,True,True,True
63147.91331094379,0.9749130081327166,61.543952639343686,44.92640357063647,EmotiBit_1,main_meditation,PPG_1,True,True,True
63148.84802135365,0.9347104098633281,64.19100436548375,45.861113980499795,EmotiBit_1,main_meditation,PPG_1,True,True,True
63149.501313575594,0.6532922219412285,91.84251393918743,46.51440620244102,EmotiBit_1,main_meditation,PPG_1,True,True,True
63150.40587203675,0.9045584611521917,66.33070451143016,47.418964663593215,EmotiBit_1,main_meditation,PPG_1,True,True,True
63150.88830321603,0.48243117928359425,124.37007095830629,47.90139584287681,EmotiBit_1,main_meditation,PPG_1,False,False,False
63151.471240891,0.5829376749679795,102.92695527578616,48.48433351784479,EmotiBit_1,main_meditation,PPG_1,True,True,True
63152.34564740345,0.8744065124483313,68.61797018414292,49.35874003029312,EmotiBit_1,main_meditation,PPG_1,True,True,True
63153.12959806978,0.7839506663367501,76.53542828194585,50.14269069662987,EmotiBit_1,main_meditation,PPG_1,True,True,True
63153.82309289,0.693494820217893,86.5183102321489,50.83618551684776,EmotiBit_1,main_meditation,PPG_1,True,True,True
63154.53668900935,0.7135961193489493,84.0811747333227,51.54978163619671,EmotiBit_1,main_meditation,PPG_1,True,True,True
63155.340740974825,0.8040519654750824,74.62204257475868,52.353833601671795,EmotiBit_1,main_meditation,PPG_1,True,True,True
63156.28550203425,0.9447610594215803,63.50812134100272,53.298594661093375,EmotiBit_1,main_meditation,PPG_1,True,True,True
63157.14985789713,0.8643558628828032,69.41585355814878,54.16295052397618,EmotiBit_1,main_meditation,PPG_1,True,True,True
63158.38608779404,1.236229896909208,48.53466183758421,55.399180420885386,EmotiBit_1,main_meditation,PPG_1,True,True,True
63159.42130469958,1.0352169055404374,57.95886801971888,56.434397326425824,EmotiBit_1,main_meditation,PPG_1,True,True,True
63160.42636965642,1.005064956843853,59.69763405980695,57.43946228326968,EmotiBit_1,main_meditation,PPG_1,True,True,True
63161.42138396369,0.9950143072637729,60.300640465156974,58.43447659053345,EmotiBit_1,main_meditation,PPG_1,True,True,True
63162.17518268132,0.7537987176328897,79.59684541307593,59.18827530816634,EmotiBit_1,main_meditation,PPG_1,True,True,True
63163.14004503988,0.9648623585599125,62.18503547962208,60.15313766672625,EmotiBit_1,main_meditation,PPG_1,True,True,True
63164.14510999672,1.005064956843853,59.69763405980695,61.158202623570105,EmotiBit_1,main_meditation,PPG_1,True,True,True
63164.92906066305,0.7839506663294742,76.53542828265618,61.94215328989958,EmotiBit_1,main_meditation,PPG_1,True,True,True
63165.70296067982,0.773900016763946,77.5293948834493,62.716053306663525,EmotiBit_1,main_meditation,PPG_1,True,True,True
63166.41655679917,0.7135961193562252,84.08117473246539,63.42964942601975,EmotiBit_1,main_meditation,PPG_1,True,True,True
63167.11005161939,0.693494820217893,86.5183102321489,64.12314424623764,EmotiBit_1,main_meditation,PPG_1,True,True,True
63167.84374903788,0.7336974184872815,81.77758090481831,64.85684166472493,EmotiBit_1,main_meditation,PPG_1,True,True,True
63168.59754775551,0.7537987176328897,79.59684541307593,65.61064038235781,EmotiBit_1,main_meditation,PPG_1,True,True,True
63169.86392960112,1.2663818456057925,47.37907465129375,66.87702222796361,EmotiBit_1,main_meditation,PPG_1,True,True,True
63170.899146506665,1.0352169055477134,57.95886801931152,67.91223913351132,EmotiBit_1,main_meditation,PPG_1,True,True,True
63171.93436341221,1.0352169055477134,57.95886801931152,68.94745603905903,EmotiBit_1,main_meditation,PPG_1,True,True,True
63172.6680608307,0.7336974184872815,81.77758090481831,69.68115345754632,EmotiBit_1,main_meditation,PPG_1,True,True,True
63173.88418942848,1.2161285977781517,49.33688765285109,70.89728205532447,EmotiBit_1,main_meditation,PPG_1,True,True,True
63174.818899838334,0.9347104098560521,64.19100436598343,71.83199246518052,EmotiBit_1,main_meditation,PPG_1,True,True,True
63175.68325570122,0.8643558628828032,69.41585355814878,72.69634832806332,EmotiBit_1,main_meditation,PPG_1,True,True,True
63176.44710506841,0.7638493671911419,78.54951850079348,73.46019769525446,EmotiBit_1,main_meditation,PPG_1,True,True,True
63177.20090378604,0.7537987176328897,79.59684541307593,74.21399641288735,EmotiBit_1,main_meditation,PPG_1,True,True,True
63178.045158349785,0.8442545637444709,71.06861197632814,75.05825097663183,EmotiBit_1,main_meditation,PPG_1,True,True,True
63178.809007716976,0.7638493671911419,78.54951850079348,75.82210034382297,EmotiBit_1,main_meditation,PPG_1,True,True,True
63179.40199604152,0.5929883245407837,101.18243060934569,76.41508866836375,EmotiBit_1,main_meditation,PPG_1,True,True,True
63180.316605152235,0.9146091107177199,65.60179567084816,77.32969777908147,EmotiBit_1,main_meditation,PPG_1,True,True,True
63181.27141686123,0.9548117089943844,62.83961480027565,78.28450948807586,EmotiBit_1,main_meditation,PPG_1,True,True,True
63182.2362792198,0.9648623585671885,62.18503547915314,79.24937184664304,EmotiBit_1,main_meditation,PPG_1,True,True,True
63183.31169872361,1.075419503817102,55.792181364607536,80.32479135046015,EmotiBit_1,main_meditation,PPG_1,True,True,True
63184.36701692829,1.0553182046787697,56.85488958116051,81.38010955513892,EmotiBit_1,main_meditation,PPG_1,True,True,True
63185.42233513297,1.0553182046787697,56.85488958116051,82.43542775981769,EmotiBit_1,main_meditation,PPG_1,True,True,True
63186.21633644887,0.7940013159022783,75.56662539257617,83.22942907571996,EmotiBit_1,main_meditation,PPG_1,True,True,True
63187.3822117988,1.1658753499286831,51.46347763821425,84.39530442564865,EmotiBit_1,main_meditation,PPG_1,True,True,True
63188.12595986686,0.7437480680600856,80.6724784596721,85.13905249370873,EmotiBit_1,main_meditation,PPG_1,True,True,True
63188.93001183234,0.8040519654750824,74.62204257475868,85.94310445918381,EmotiBit_1,main_meditation,PPG_1,True,True,True
63189.74411444737,0.8141026150333346,73.7007827908073,86.75720707421715,EmotiBit_1,main_meditation,PPG_1,True,True,True
63190.59841966068,0.8543052133099991,70.23251065919457,87.61151228752715,EmotiBit_1,main_meditation,PPG_1,True,True,True
63191.25171188263,0.6532922219485044,91.84251393816454,88.26480450947565,EmotiBit_1,main_meditation,PPG_1,True,True,True
63191.98540930112,0.7336974184945575,81.77758090400734,88.99850192797021,EmotiBit_1,main_meditation,PPG_1,True,True,True
63192.78946126659,0.8040519654678064,74.62204257543395,89.80255389343802,EmotiBit_1,main_meditation,PPG_1,True,True,True
63193.78447557386,0.9950143072710489,60.30064046471603,90.79756820070907,EmotiBit_1,main_meditation,PPG_1,True,True,True
63195.00060417163,1.2161285977708758,49.33688765314626,92.01369679847994,EmotiBit_1,main_meditation,PPG_1,True,True,True
63196.00566912847,1.005064956836577,59.69763406023912,93.01876175531652,EmotiBit_1,main_meditation,PPG_1,True,True,True
63197.101189931425,1.0955208029554342,54.768471614720035,94.11428255827195,EmotiBit_1,main_meditation,PPG_1,True,True,True
63198.1263561874,1.0251662559749093,58.52709221582932,95.13944881424686,EmotiBit_1,main_meditation,PPG_1,True,True,True
63199.1113198451,0.9849636576982448,60.915953122791976,96.1244124719451,EmotiBit_1,main_meditation,PPG_1,True,True,True
63200.046030254955,0.9347104098560521,64.19100436598343,97.05912288180116,EmotiBit_1,main_meditation,PPG_1,True,True,True
63200.970690015245,0.924659760290524,64.88873267411168,97.98378264209168,EmotiBit_1,main_meditation,PPG_1,True,True,True
63201.86519782683,0.8945078115866636,67.07599332595315,98.87829045367835,EmotiBit_1,main_meditation,PPG_1,True,True,True
63202.71950304014,0.8543052133099991,70.23251065919457,99.73259566698835,EmotiBit_1,main_meditation,PPG_1,True,True,True
63203.49340305691,0.773900016771222,77.52939488272038,100.50649568375957,EmotiBit_1,main_meditation,PPG_1,True,True,True
63204.23715112497,0.7437480680600856,80.6724784596721,101.25024375181965,EmotiBit_1,main_meditation,PPG_1,True,True,True
63204.98089919303,0.7437480680600856,80.6724784596721,101.99399181987974,EmotiBit_1,main_meditation,PPG_1,True,True,True
63205.77490050893,0.7940013158950023,75.56662539326864,102.78799313577474,EmotiBit_1,main_meditation,PPG_1,True,True,True
63206.71966156836,0.9447610594288562,63.50812134051362,103.7327541952036,EmotiBit_1,main_meditation,PPG_1,True,True,True
63207.70462522606,0.9849636577055207,60.91595312234199,104.71771785290912,EmotiBit_1,main_meditation,PPG_1,True,True,True
63208.92075382383,1.2161285977708758,49.33688765314626,105.93384645068,EmotiBit_1,main_meditation,PPG_1,True,True,True
63209.97607202851,1.0553182046787697,56.85488958116051,106.98916465535876,EmotiBit_1,main_meditation,PPG_1,True,True,True
63210.96103568621,0.9849636576982448,60.915953122791976,107.97412831305701,EmotiBit_1,main_meditation,PPG_1,True,True,True
63212.03645519003,1.075419503817102,55.792181364607536,109.04954781687411,EmotiBit_1,main_meditation,PPG_1,True,True,True
63212.97116559989,0.9347104098633281,64.19100436548375,109.98425822673744,EmotiBit_1,main_meditation,PPG_1,True,True,True
63213.90587600975,0.9347104098560521,64.19100436598343,110.91896863659349,EmotiBit_1,main_meditation,PPG_1,True,True,True
63214.80038382133,0.8945078115866636,67.07599332595315,111.81347644818015,EmotiBit_1,main_meditation,PPG_1,True,True,True
63215.75519553033,0.9548117089943844,62.83961480027565,112.76828815717454,EmotiBit_1,main_meditation,PPG_1,True,True,True
63216.66980464105,0.9146091107249958,65.60179567032628,113.68289726789953,EmotiBit_1,main_meditation,PPG_1,True,True,True
63217.5140592048,0.8442545637444709,71.06861197632814,114.527151831644,EmotiBit_1,main_meditation,PPG_1,True,True,True
63218.32816181983,0.8141026150333346,73.7007827908073,115.34125444667734,EmotiBit_1,main_meditation,PPG_1,True,True,True
63219.14226443487,0.8141026150406105,73.7007827901486,116.15535706171795,EmotiBit_1,main_meditation,PPG_1,True,True,True
63219.95636704991,0.8141026150406105,73.7007827901486,116.96945967675856,EmotiBit_1,main_meditation,PPG_1,True,True,True
63220.87097616063,0.9146091107177199,65.60179567084816,117.88406878747628,EmotiBit_1,main_meditation,PPG_1,True,True,True
63222.02680086099,1.155824700363155,51.91098613928935,119.03989348783944,EmotiBit_1,main_meditation,PPG_1,True,True,True
63223.162524262225,1.1357234012320987,52.829764654764105,120.17561688907153,EmotiBit_1,main_meditation,PPG_1,True,True,True
63224.27814636431,1.1156221020864905,53.78165230662345,121.29123899115802,EmotiBit_1,main_meditation,PPG_1,True,True,True
63224.760577543595,0.48243117928359425,124.37007095830629,121.77367017044162,EmotiBit_1,main_meditation,PPG_1,False,False,False
63225.303312620286,0.542735076691315,110.55117418571692,122.31640524713293,EmotiBit_1,main_meditation,PPG_1,True,True,True
63226.36868147453,1.0653688542442978,56.318522698469565,123.38177410137723,EmotiBit_1,main_meditation,PPG_1,True,True,True
63227.34359448266,0.9749130081327166,61.543952639343686,124.35668710950995,EmotiBit_1,main_meditation,PPG_1,True,True,True
63228.27830489253,0.9347104098633281,64.19100436548375,125.29139751937328,EmotiBit_1,main_meditation,PPG_1,True,True,True
63229.082356857994,0.8040519654678064,74.62204257543395,126.09544948484108,EmotiBit_1,main_meditation,PPG_1,True,True,True
63230.12762441311,1.0452675551132415,57.401571211592575,127.14071703995432,EmotiBit_1,main_meditation,PPG_1,True,True,True
63231.10253742124,0.9749130081327166,61.543952639343686,128.11563004808704,EmotiBit_1,main_meditation,PPG_1,True,True,True
63232.07745042937,0.9749130081327166,61.543952639343686,129.09054305621976,EmotiBit_1,main_meditation,PPG_1,True,True,True
63233.10261668535,1.0251662559749093,58.52709221582932,130.11570931219467,EmotiBit_1,main_meditation,PPG_1,True,True,True
63233.63530111247,0.5326844271185109,112.63704539770839,130.64839373931318,EmotiBit_1,main_meditation,PPG_1,True,True,True
63234.79112581283,1.155824700363155,51.91098613928935,131.80421843967633,EmotiBit_1,main_meditation,PPG_1,True,True,True
63235.98715311147,1.1960272986398195,50.16607904203769,133.00024573831615,EmotiBit_1,main_meditation,PPG_1,True,True,True
63236.95201547003,0.9648623585599125,62.18503547962208,133.96510809687607,EmotiBit_1,main_meditation,PPG_1,True,True,True
63237.9470297773,0.9950143072710489,60.30064046471603,134.9601224041471,EmotiBit_1,main_meditation,PPG_1,True,True,True
63238.78123369148,0.8342039141789428,71.92486031314589,135.79432631832606,EmotiBit_1,main_meditation,PPG_1,True,True,True
63239.61543760565,0.8342039141716668,71.92486031377322,136.62853023249772,EmotiBit_1,main_meditation,PPG_1,True,True,True
63240.41948957112,0.8040519654678064,74.62204257543395,137.43258219796553,EmotiBit_1,main_meditation,PPG_1,True,True,True
63241.313997382706,0.8945078115866636,67.07599332595315,138.3270900095522,EmotiBit_1,main_meditation,PPG_1,True,True,True
63242.148201296885,0.8342039141789428,71.92486031314589,139.16129392373114,EmotiBit_1,main_meditation,PPG_1,True,True,True
63243.09296235631,0.9447610594288562,63.50812134051362,140.10605498316,EmotiBit_1,main_meditation,PPG_1,True,True,True
63244.067875364446,0.9749130081327166,61.543952639343686,141.0809679912927,EmotiBit_1,main_meditation,PPG_1,True,True,True
63245.04278837257,0.9749130081254407,61.543952639803,142.05588099941815,EmotiBit_1,main_meditation,PPG_1,True,True,True
63245.91719488503,0.8744065124556073,68.61797018357196,142.93028751187376,EmotiBit_1,main_meditation,PPG_1,True,True,True
63246.69109490179,0.773900016763946,77.5293948834493,143.7041875286377,EmotiBit_1,main_meditation,PPG_1,True,True,True
63247.76651440561,1.075419503817102,55.792181364607536,144.7796070324548,EmotiBit_1,main_meditation,PPG_1,True,True,True
63248.64092091806,0.8744065124483313,68.61797018414292,145.65401354490314,EmotiBit_1,main_meditation,PPG_1,True,True,True
63249.424871584386,0.7839506663294742,76.53542828265618,146.4379642112326,EmotiBit_1,main_meditation,PPG_1,True,True,True
63250.35958199425,0.9347104098633281,64.19100436548375,147.37267462109594,EmotiBit_1,main_meditation,PPG_1,True,True,True
63251.14353266058,0.7839506663294742,76.53542828265618,148.1566252874254,EmotiBit_1,main_meditation,PPG_1,True,True,True
63252.078243070435,0.9347104098560521,64.19100436598343,149.09133569728147,EmotiBit_1,main_meditation,PPG_1,True,True,True
63252.72148464281,0.6432415723757003,93.27755321908141,149.73457726965717,EmotiBit_1,main_meditation,PPG_1,True,True,True
63253.76675219792,1.0452675551059656,57.401571211992135,150.77984482476313,EmotiBit_1,main_meditation,PPG_1,True,True,True
63254.6009561121,0.8342039141862188,71.92486031251856,151.61404873894935,EmotiBit_1,main_meditation,PPG_1,True,True,True
63255.45526132541,0.8543052133099991,70.23251065919457,152.46835395225935,EmotiBit_1,main_meditation,PPG_1,True,True,True
63256.319617188296,0.8643558628828032,69.41585355814878,153.33270981514215,EmotiBit_1,main_meditation,PPG_1,True,True,True
63257.103567854625,0.7839506663294742,76.53542828265618,154.11666048147163,EmotiBit_1,main_meditation,PPG_1,True,True,True
63257.85736657225,0.7537987176256138,79.59684541384424,154.87045919909724,EmotiBit_1,main_meditation,PPG_1,True,True,True
63258.69157048643,0.8342039141789428,71.92486031314589,155.70466311327618,EmotiBit_1,main_meditation,PPG_1,True,True,True
63259.51572375104,0.8241532646134146,72.8019927557336,156.5288163778896,EmotiBit_1,main_meditation,PPG_1,True,True,True
63260.279573118234,0.7638493671911419,78.54951850079348,157.29266574508074,EmotiBit_1,main_meditation,PPG_1,True,True,True
63261.16403028025,0.8844571620138595,67.83822052317758,158.1771229070946,EmotiBit_1,main_meditation,PPG_1,True,True,True
63261.947980946585,0.7839506663367501,76.53542828194585,158.96107357343135,EmotiBit_1,main_meditation,PPG_1,True,True,True
63262.75203291205,0.8040519654678064,74.62204257543395,159.76512553889916,EmotiBit_1,main_meditation,PPG_1,True,True,True
63263.58623682623,0.8342039141789428,71.92486031314589,160.5993294530781,EmotiBit_1,main_meditation,PPG_1,True,True,True
63264.4204407404,0.8342039141716668,71.92486031377322,161.43353336724977,EmotiBit_1,main_meditation,PPG_1,True,True,True
63265.24459400501,0.8241532646061387,72.80199275637631,162.2576866318559,EmotiBit_1,main_meditation,PPG_1,True,True,True
63265.98834207307,0.7437480680600856,80.6724784596721,163.001434699916,EmotiBit_1,main_meditation,PPG_1,True,True,True
63266.76224208983,0.773900016763946,77.5293948834493,163.77533471667994,EmotiBit_1,main_meditation,PPG_1,True,True,True
63267.49593950833,0.7336974184945575,81.77758090400734,164.5090321351745,EmotiBit_1,main_meditation,PPG_1,True,True,True
63268.26983952509,0.773900016763946,77.5293948834493,165.28293215193844,EmotiBit_1,main_meditation,PPG_1,True,True,True
63269.10404343926,0.8342039141716668,71.92486031377322,166.1171360661101,EmotiBit_1,main_meditation,PPG_1,True,True,True
63269.968399302146,0.8643558628828032,69.41585355814878,166.9814919289929,EmotiBit_1,main_meditation,PPG_1,True,True,True
63270.69204607107,0.7236467689217534,82.9133806392877,167.70513869791466,EmotiBit_1,main_meditation,PPG_1,True,True,True
63271.64685778006,0.9548117089943844,62.83961480027565,168.65995040690905,EmotiBit_1,main_meditation,PPG_1,True,True,True
63272.56146689079,0.9146091107249958,65.60179567032628,169.57455951763404,EmotiBit_1,main_meditation,PPG_1,True,True,True
63273.4157721041,0.8543052133099991,70.23251065919457,170.42886473094404,EmotiBit_1,main_meditation,PPG_1,True,True,True
63274.18967212086,0.773900016763946,77.5293948834493,171.202764747708,EmotiBit_1,main_meditation,PPG_1,True,True,True
63274.89321759065,0.7035454697906971,85.28233437115279,171.90631021749869,EmotiBit_1,main_meditation,PPG_1,True,True,True
63275.87818124835,0.9849636576982448,60.915953122791976,172.89127387519693,EmotiBit_1,main_meditation,PPG_1,True,True,True
63276.76263841037,0.8844571620211354,67.83822052261951,173.77573103721807,EmotiBit_1,main_meditation,PPG_1,True,True,True
63277.41593063231,0.6532922219412285,91.84251393918743,174.4290232591593,EmotiBit_1,main_meditation,PPG_1,True,True,True
63278.47124883699,1.0553182046787697,56.85488958116051,175.48434146383806,EmotiBit_1,main_meditation,PPG_1,True,True,True
63279.41600989642,0.9447610594288562,63.50812134051362,176.42910252326692,EmotiBit_1,main_meditation,PPG_1,True,True,True
63280.260264460165,0.8442545637444709,71.06861197632814,177.2733570870114,EmotiBit_1,main_meditation,PPG_1,True,True,True
63281.19497487002,0.9347104098560521,64.19100436598343,178.20806749686744,EmotiBit_1,main_meditation,PPG_1,True,True,True
63282.08948268161,0.8945078115866636,67.07599332595315,179.1025753084541,EmotiBit_1,main_meditation,PPG_1,True,True,True
63283.12469958715,1.0352169055404374,57.95886801971888,180.13779221399454,EmotiBit_1,main_meditation,PPG_1,True,True,True
63284.129764543984,1.005064956836577,59.69763406023912,181.14285717083112,EmotiBit_1,main_meditation,PPG_1,True,True,True
63285.084576252986,0.9548117090016603,62.83961479979679,182.09766887983278,EmotiBit_1,main_meditation,PPG_1,True,True,True
63286.07959056025,0.9950143072637729,60.300640465156974,183.09268318709655,EmotiBit_1,main_meditation,PPG_1,True,True,True
63287.05450356838,0.9749130081327166,61.543952639343686,184.06759619522927,EmotiBit_1,main_meditation,PPG_1,True,True,True
63288.13997372177,1.085470153389906,55.275587092487946,185.15306634861918,EmotiBit_1,main_meditation,PPG_1,True,True,True
63288.954076336806,0.8141026150333346,73.7007827908073,185.9671689636525,EmotiBit_1,main_meditation,PPG_1,True,True,True
63290.01944519106,1.0653688542515738,56.318522698084934,187.03253781790409,EmotiBit_1,main_meditation,PPG_1,True,True,True
63290.964206250486,0.9447610594288562,63.50812134051362,187.97729887733294,EmotiBit_1,main_meditation,PPG_1,True,True,True
63291.8486634125,0.8844571620138595,67.83822052317758,188.8617560393468,EmotiBit_1,main_meditation,PPG_1,True,True,True
63292.78337382235,0.9347104098487762,64.1910043664831,189.79646644919558,EmotiBit_1,main_meditation,PPG_1,True,True,True
63293.436666044305,0.6532922219557804,91.84251393714165,190.44975867115136,EmotiBit_1,main_meditation,PPG_1,True,True,True
63294.542237496826,1.1055714525209623,54.27057641836348,191.55533012367232,EmotiBit_1,main_meditation,PPG_1,True,True,True
63295.64780894935,1.1055714525209623,54.27057641836348,192.66090157619328,EmotiBit_1,main_meditation,PPG_1,True,True,True
63296.592570008776,0.9447610594288562,63.50812134051362,193.60566263562214,EmotiBit_1,main_meditation,PPG_1,True,True,True
63297.50717911949,0.9146091107177199,65.60179567084816,194.52027174633986,EmotiBit_1,main_meditation,PPG_1,True,True,True
63298.45194017892,0.9447610594288562,63.50812134051362,195.46503280576871,EmotiBit_1,main_meditation,PPG_1,True,True,True
63299.426853187055,0.9749130081327166,61.543952639343686,196.43994581390143,EmotiBit_1,main_meditation,PPG_1,True,True,True
63300.36156359692,0.9347104098633281,64.19100436548375,197.37465622376476,EmotiBit_1,main_meditation,PPG_1,True,True,True
63301.26612205807,0.9045584611521917,66.33070451143016,198.27921468491695,EmotiBit_1,main_meditation,PPG_1,True,True,True
63302.2108831175,0.9447610594288562,63.50812134051362,199.2239757443458,EmotiBit_1,main_meditation,PPG_1,True,True,True
63303.20589742476,0.9950143072637729,60.300640465156974,200.21899005160958,EmotiBit_1,main_meditation,PPG_1,True,True,True
63304.24111433031,1.0352169055477134,57.95886801931152,201.2542069571573,EmotiBit_1,main_meditation,PPG_1,True,True,True
63305.1657740906,0.924659760290524,64.88873267411168,202.17886671744782,EmotiBit_1,main_meditation,PPG_1,True,True,True
63306.11053515002,0.9447610594215803,63.50812134100272,203.1236277768694,EmotiBit_1,main_meditation,PPG_1,True,True,True
63307.05529620945,0.9447610594288562,63.50812134051362,204.06838883629825,EmotiBit_1,main_meditation,PPG_1,True,True,True
63308.010107918446,0.9548117089943844,62.83961480027565,205.02320054529264,EmotiBit_1,main_meditation,PPG_1,True,True,True
63309.025223524855,1.0151156064093811,59.10656837621595,206.03831615170202,EmotiBit_1,main_meditation,PPG_1,True,True,True
63309.56795860155,0.542735076691315,110.55117418571692,206.58105122839333,EmotiBit_1,main_meditation,PPG_1,True,True,True
63310.02023783213,0.45227923057973385,132.66140902179322,207.03333045897307,EmotiBit_1,main_meditation,PPG_1,False,False,False
63310.97504954112,0.9548117089943844,62.83961480027565,207.98814216796745,EmotiBit_1,main_meditation,PPG_1,True,True,True
63311.98011449796,1.005064956836577,59.69763406023912,208.99320712480403,EmotiBit_1,main_meditation,PPG_1,True,True,True
63313.00528075393,1.0251662559749093,58.52709221582932,210.01837338077894,EmotiBit_1,main_meditation,PPG_1,True,True,True
63313.64852232631,0.6432415723757003,93.27755321908141,210.66161495315464,EmotiBit_1,main_meditation,PPG_1,True,True,True
63314.945056120625,1.2965337943169288,46.27723570569223,211.95814874747157,EmotiBit_1,main_meditation,PPG_1,True,True,True
63315.98027302617,1.0352169055477134,57.95886801931152,212.99336565301928,EmotiBit_1,main_meditation,PPG_1,True,True,True
63316.83457823948,0.8543052133099991,70.23251065919457,213.84767086632928,EmotiBit_1,main_meditation,PPG_1,True,True,True
63317.74918735021,0.9146091107249958,65.60179567032628,214.76227997705428,EmotiBit_1,main_meditation,PPG_1,True,True,True
63318.553239315675,0.8040519654678064,74.62204257543395,215.56633194252208,EmotiBit_1,main_meditation,PPG_1,True,True,True
63319.42764582813,0.8744065124556073,68.61797018357196,216.4407384549777,EmotiBit_1,main_meditation,PPG_1,True,True,True
63320.281951041434,0.8543052133027231,70.23251065979272,217.2950436682804,EmotiBit_1,main_meditation,PPG_1,True,True,True
63321.04580040863,0.7638493671984179,78.54951850004527,218.05889303547883,EmotiBit_1,main_meditation,PPG_1,True,True,True
63321.92020692108,0.8744065124483313,68.61797018414292,218.93329954792716,EmotiBit_1,main_meditation,PPG_1,True,True,True
63322.68405628828,0.7638493671984179,78.54951850004527,219.69714891512558,EmotiBit_1,main_meditation,PPG_1,True,True,True
63323.71927319382,1.0352169055404374,57.95886801971888,220.73236582066602,EmotiBit_1,main_meditation,PPG_1,True,True,True
63324.48312256102,0.7638493671984179,78.54951850004527,221.49621518786444,EmotiBit_1,main_meditation,PPG_1,True,True,True
63325.45803556915,0.9749130081327166,61.543952639343686,222.47112819599715,EmotiBit_1,main_meditation,PPG_1,True,True,True
63326.35254338074,0.8945078115866636,67.07599332595315,223.36563600758382,EmotiBit_1,main_meditation,PPG_1,True,True,True
63327.32745638887,0.9749130081327166,61.543952639343686,224.34054901571653,EmotiBit_1,main_meditation,PPG_1,True,True,True
63328.25211614916,0.924659760290524,64.88873267411168,225.26520877600706,EmotiBit_1,main_meditation,PPG_1,True,True,True
63329.08632006333,0.8342039141716668,71.92486031377322,226.09941269017872,EmotiBit_1,main_meditation,PPG_1,True,True,True
63330.061233071465,0.9749130081327166,61.543952639343686,227.07432569831144,EmotiBit_1,main_meditation,PPG_1,True,True,True
63331.096449977005,1.0352169055404374,57.95886801971888,228.10954260385188,EmotiBit_1,main_meditation,PPG_1,True,True,True
63331.97085648945,0.8744065124483313,68.61797018414292,228.9839491163002,EmotiBit_1,main_meditation,PPG_1,True,True,True
63332.74475650622,0.773900016763946,77.5293948834493,229.75784913306416,EmotiBit_1,main_meditation,PPG_1,True,True,True
63334.091543548384,1.3467870421663974,44.55047317910482,231.10463617523055,EmotiBit_1,main_meditation,PPG_1,True,True,True
63335.12676045392,1.0352169055331615,57.95886802012624,232.13985308076371,EmotiBit_1,main_meditation,PPG_1,True,True,True
63336.232331906445,1.1055714525282383,54.270576418006314,233.24542453329195,EmotiBit_1,main_meditation,PPG_1,True,True,True
63337.25749816242,1.0251662559749093,58.52709221582932,234.27059078926686,EmotiBit_1,main_meditation,PPG_1,True,True,True
63338.26256311926,1.005064956836577,59.69763406023912,235.27565574610344,EmotiBit_1,main_meditation,PPG_1,True,True,True
63339.297780024805,1.0352169055477134,57.95886801931152,236.31087265165115,EmotiBit_1,main_meditation,PPG_1,True,True,True
63340.041528092865,0.7437480680600856,80.6724784596721,237.05462071971124,EmotiBit_1,main_meditation,PPG_1,True,True,True
63341.368213835885,1.3266857430207892,45.225480348785055,238.38130646273203,EmotiBit_1,main_meditation,PPG_1,True,True,True
63342.37327879272,1.005064956836577,59.69763406023912,239.3863714195686,EmotiBit_1,main_meditation,PPG_1,True,True,True
63343.44869829654,1.075419503817102,55.792181364607536,240.4617909233857,EmotiBit_1,main_meditation,PPG_1,True,True,True
63344.48391520209,1.0352169055477134,57.95886801931152,241.49700782893342,EmotiBit_1,main_meditation,PPG_1,True,True,True
63345.358321714535,0.8744065124483313,68.61797018414292,242.37141434138175,EmotiBit_1,main_meditation,PPG_1,True,True,True
63346.17242432957,0.8141026150333346,73.7007827908073,243.18551695641509,EmotiBit_1,main_meditation,PPG_1,True,True,True
63347.04683084202,0.8744065124483313,68.61797018414292,244.05992346886342,EmotiBit_1,main_meditation,PPG_1,True,True,True
63348.061946448426,1.0151156064093811,59.10656837621595,245.0750390752728,EmotiBit_1,main_meditation,PPG_1,True,True,True
63348.8961503626,0.8342039141716668,71.92486031377322,245.90924298944446,EmotiBit_1,main_meditation,PPG_1,True,True,True
63349.81075947332,0.9146091107249958,65.60179567032628,246.82385210016946,EmotiBit_1,main_meditation,PPG_1,True,True,True
63350.82587507973,1.0151156064093811,59.10656837621595,247.83896770657884,EmotiBit_1,main_meditation,PPG_1,True,True,True
63351.82088938699,0.995014307256497,60.300640465597915,248.83398201383534,EmotiBit_1,main_meditation,PPG_1,True,True,True
63352.86615694211,1.0452675551205175,57.40157121119301,249.87924956895586,EmotiBit_1,main_meditation,PPG_1,True,True,True
63353.72046215542,0.8543052133099991,70.23251065919457,250.73355478226586,EmotiBit_1,main_meditation,PPG_1,True,True,True
63354.64512191571,0.924659760290524,64.88873267411168,251.65821454255638,EmotiBit_1,main_meditation,PPG_1,True,True,True
63355.36876868463,0.7236467689217534,82.9133806392877,252.38186131147813,EmotiBit_1,main_meditation,PPG_1,True,True,True
63355.86125051349,0.49248182885639835,121.83190624378399,252.87434314033453,EmotiBit_1,main_meditation,PPG_1,False,False,False
63356.78591027378,0.924659760290524,64.88873267411168,253.79900290062506,EmotiBit_1,main_meditation,PPG_1,True,True,True
63357.86132977759,1.075419503809826,55.79218136498501,254.87442240443488,EmotiBit_1,main_meditation,PPG_1,True,True,True
63358.96690123012,1.1055714525282383,54.270576418006314,255.97999385696312,EmotiBit_1,main_meditation,PPG_1,True,True,True
63359.51968695637,0.5527857262568432,108.54115283744129,256.53277958321996,EmotiBit_1,main_meditation,PPG_1,True,True,True
63360.35389087055,0.8342039141789428,71.92486031314589,257.3669834973989,EmotiBit_1,main_meditation,PPG_1,True,True,True
63361.21824673343,0.8643558628755272,69.41585355873312,258.23133936027443,EmotiBit_1,main_meditation,PPG_1,True,True,True
63361.982096100626,0.7638493671984179,78.54951850004527,258.99518872747285,EmotiBit_1,main_meditation,PPG_1,True,True,True
63362.94695845919,0.9648623585671885,62.18503547915314,259.96005108604004,EmotiBit_1,main_meditation,PPG_1,True,True,True
63363.49974418545,0.5527857262568432,108.54115283744129,260.5128368122969,EmotiBit_1,main_meditation,PPG_1,True,True,True
63364.68572083452,1.1859766490670154,50.591215305293595,261.6988134613639,EmotiBit_1,main_meditation,PPG_1,True,True,True
63365.519924748696,0.8342039141789428,71.92486031314589,262.53301737554284,EmotiBit_1,main_meditation,PPG_1,True,True,True
63366.464685808125,0.9447610594288562,63.50812134051362,263.4777784349717,EmotiBit_1,main_meditation,PPG_1,True,True,True
63367.40944686755,0.9447610594215803,63.50812134100272,264.4225394943933,EmotiBit_1,main_meditation,PPG_1,True,True,True
63368.38435987568,0.9749130081327166,61.543952639343686,265.397452502526,EmotiBit_1,main_meditation,PPG_1,True,True,True
63369.339171584674,0.9548117089943844,62.83961480027565,266.3522642115204,EmotiBit_1,main_meditation,PPG_1,True,True,True
63370.39448978936,1.0553182046860456,56.85488958076852,267.4075824162064,EmotiBit_1,main_meditation,PPG_1,True,True,True
63371.4297066949,1.0352169055404374,57.95886801971888,268.44279932174686,EmotiBit_1,main_meditation,PPG_1,True,True,True
63372.2237080108,0.7940013159022783,75.56662539257617,269.23680063764914,EmotiBit_1,main_meditation,PPG_1,True,True,True
63372.86694958318,0.6432415723757003,93.27755321908141,269.88004221002484,EmotiBit_1,main_meditation,PPG_1,True,True,True
63373.379532711166,0.5125831279874546,117.05418443165864,270.3926253380123,EmotiBit_1,main_meditation,PPG_1,True,True,True
63374.42480026627,1.0452675551059656,57.401571211992135,271.43789289311826,EmotiBit_1,main_meditation,PPG_1,True,True,True
63375.44996652225,1.0251662559749093,58.52709221582932,272.46305914909317,EmotiBit_1,main_meditation,PPG_1,True,True,True
63376.37462628254,0.924659760290524,64.88873267411168,273.3877189093837,EmotiBit_1,main_meditation,PPG_1,True,True,True
63377.38974188895,1.0151156064093811,59.10656837621595,274.4028345157931,EmotiBit_1,main_meditation,PPG_1,True,True,True
63378.28424970053,0.8945078115866636,67.07599332595315,275.29734232737974,EmotiBit_1,main_meditation,PPG_1,True,True,True
63379.259162708666,0.9749130081327166,61.543952639343686,276.27225533551245,EmotiBit_1,main_meditation,PPG_1,True,True,True
63380.17377181938,0.9146091107177199,65.60179567084816,277.1868644462302,EmotiBit_1,main_meditation,PPG_1,True,True,True
63380.99792508399,0.8241532646061387,72.80199275637631,278.0110177108363,EmotiBit_1,main_meditation,PPG_1,True,True,True
63381.86228094687,0.8643558628828032,69.41585355814878,278.8753735737191,EmotiBit_1,main_meditation,PPG_1,True,True,True
63382.60602901493,0.7437480680600856,80.6724784596721,279.6191216417792,EmotiBit_1,main_meditation,PPG_1,True,True,True
63383.38997968127,0.7839506663367501,76.53542828194585,280.40307230811595,EmotiBit_1,main_meditation,PPG_1,True,True,True
63384.15382904846,0.7638493671911419,78.54951850079348,281.1669216753071,EmotiBit_1,main_meditation,PPG_1,True,True,True
63384.97798231307,0.8241532646061387,72.80199275637631,281.99107493991323,EmotiBit_1,main_meditation,PPG_1,True,True,True
63385.48051479149,0.5025324784219265,119.3952681196139,282.49360741833516,EmotiBit_1,main_meditation,PPG_1,True,True,True
63385.9528953212,0.47238052971079014,127.01624268200544,282.96598794804595,EmotiBit_1,main_meditation,PPG_1,False,False,False
63386.88760573106,0.9347104098633281,64.19100436548375,283.9006983579093,EmotiBit_1,main_meditation,PPG_1,True,True,True
63387.78211354265,0.8945078115866636,67.07599332595315,284.79520616949594,EmotiBit_1,main_meditation,PPG_1,True,True,True
63388.334899268906,0.5527857262568432,108.54115283744129,285.3479918957528,EmotiBit_1,main_meditation,PPG_1,True,True,True
63388.96809019171,0.6331909228028962,94.7581493025875,285.9811828185557,EmotiBit_1,main_meditation,PPG_1,True,True,True
63389.92290190071,0.9548117090016603,62.83961479979679,286.93599452755734,EmotiBit_1,main_meditation,PPG_1,True,True,True
63390.89781490884,0.9749130081327166,61.543952639343686,287.91090753569006,EmotiBit_1,main_meditation,PPG_1,True,True,True
63391.71191752389,0.8141026150478865,73.7007827894899,288.72501015073794,EmotiBit_1,main_meditation,PPG_1,True,True,True
63392.33505779712,0.6231402732300921,96.2865065500994,289.34815042396804,EmotiBit_1,main_meditation,PPG_1,True,True,True
63393.44062924964,1.1055714525209623,54.27057641836348,290.453721876489,EmotiBit_1,main_meditation,PPG_1,True,True,True
63394.234630565545,0.7940013159022783,75.56662539257617,291.2477231923913,EmotiBit_1,main_meditation,PPG_1,True,True,True
63395.06883447971,0.8342039141643909,71.92486031440055,292.08192710655567,EmotiBit_1,main_meditation,PPG_1,True,True,True
63395.9331903426,0.8643558628900792,69.41585355756446,292.94628296944575,EmotiBit_1,main_meditation,PPG_1,True,True,True
63396.83774880375,0.9045584611521917,66.33070451143016,293.85084143059794,EmotiBit_1,main_meditation,PPG_1,True,True,True
63397.702104666634,0.8643558628828032,69.41585355814878,294.71519729348074,EmotiBit_1,main_meditation,PPG_1,True,True,True
63398.63681507649,0.9347104098560521,64.19100436598343,295.6499077033368,EmotiBit_1,main_meditation,PPG_1,True,True,True
63399.52127223851,0.8844571620211354,67.83822052261951,296.53436486535793,EmotiBit_1,main_meditation,PPG_1,True,True,True
63400.49618524664,0.9749130081254407,61.543952639803,297.50927787348337,EmotiBit_1,main_meditation,PPG_1,True,True,True
63401.50125020348,1.005064956843853,59.69763405980695,298.5143428303272,EmotiBit_1,main_meditation,PPG_1,True,True,True
63402.456061912475,0.9548117089943844,62.83961480027565,299.4691545393216,EmotiBit_1,main_meditation,PPG_1,True,True,True
63403.44102557017,0.9849636576982448,60.915953122791976,300.45411819701985,EmotiBit_1,main_meditation,PPG_1,True,True,True
63404.44609052701,1.005064956836577,59.69763406023912,301.45918315385643,EmotiBit_1,main_meditation,PPG_1,True,True,True
63405.48130743256,1.0352169055477134,57.95886801931152,302.49440005940414,EmotiBit_1,main_meditation,PPG_1,True,True,True
63406.486372389394,1.005064956836577,59.69763406023912,303.4994650162407,EmotiBit_1,main_meditation,PPG_1,True,True,True
63407.300475004435,0.8141026150406105,73.7007827901486,304.31356763128133,EmotiBit_1,main_meditation,PPG_1,True,True,True
63408.154780217745,0.8543052133099991,70.23251065919457,305.16787284459133,EmotiBit_1,main_meditation,PPG_1,True,True,True
63408.83822438839,0.6834441706450889,87.79063832436705,305.8513170152364,EmotiBit_1,main_meditation,PPG_1,True,True,True
63410.32572052451,1.4874961361201713,40.33623922983605,307.3388131513566,EmotiBit_1,main_meditation,PPG_1,True,True,True
63411.36093743006,1.0352169055477134,57.95886801931152,308.3740300569043,EmotiBit_1,main_meditation,PPG_1,True,True,True
63411.97402705373,0.61308962367184,97.86497386900055,308.98711968057614,EmotiBit_1,main_meditation,PPG_1,True,True,True
63412.50671148085,0.5326844271185109,112.63704539770839,309.51980410769465,EmotiBit_1,main_meditation,PPG_1,True,True,True
63413.49167513855,0.9849636577055207,60.91595312234199,310.5047677654002,EmotiBit_1,main_meditation,PPG_1,True,True,True
63414.54699334323,1.0553182046787697,56.85488958116051,311.56008597007894,EmotiBit_1,main_meditation,PPG_1,True,True,True
63415.743020641865,1.1960272986325435,50.16607904234287,312.7561132687115,EmotiBit_1,main_meditation,PPG_1,True,True,True
63416.25560376985,0.5125831279874546,117.05418443165864,313.26869639669894,EmotiBit_1,main_meditation,PPG_1,True,True,True
63417.119959632735,0.8643558628828032,69.41585355814878,314.13305225958175,EmotiBit_1,main_meditation,PPG_1,True,True,True
63417.94411289734,0.8241532646061387,72.80199275637631,314.9572055241879,EmotiBit_1,main_meditation,PPG_1,True,True,True
63418.788367461086,0.8442545637444709,71.06861197632814,315.80146008793236,EmotiBit_1,main_meditation,PPG_1,True,True,True
63419.61252072569,0.8241532646061387,72.80199275637631,316.6256133525385,EmotiBit_1,main_meditation,PPG_1,True,True,True
63420.55728178512,0.9447610594288562,63.50812134051362,317.57037441196735,EmotiBit_1,main_meditation,PPG_1,True,True,True
63421.35128310102,0.7940013159022783,75.56662539257617,318.36437572786963,EmotiBit_1,main_meditation,PPG_1,True,True,True
63422.145284416925,0.7940013159022783,75.56662539257617,319.1583770437719,EmotiBit_1,main_meditation,PPG_1,True,True,True
63423.24080521987,1.0955208029481582,54.76847161508378,320.25389784672006,EmotiBit_1,main_meditation,PPG_1,True,True,True
63424.27602212542,1.0352169055477134,57.95886801931152,321.2891147522678,EmotiBit_1,main_meditation,PPG_1,True,True,True
63425.21073253528,0.9347104098560521,64.19100436598343,322.22382516212383,EmotiBit_1,main_meditation,PPG_1,True,True,True
63426.09518969729,0.8844571620138595,67.83822052317758,323.1082823241377,EmotiBit_1,main_meditation,PPG_1,True,True,True
63427.009798808016,0.9146091107249958,65.60179567032628,324.0228914348627,EmotiBit_1,main_meditation,PPG_1,True,True,True
63427.8741546709,0.8643558628828032,69.41585355814878,324.8872472977455,EmotiBit_1,main_meditation,PPG_1,True,True,True
63428.698307935505,0.8241532646061387,72.80199275637631,325.7114005623516,EmotiBit_1,main_meditation,PPG_1,True,True,True
63429.56266379838,0.8643558628755272,69.41585355873312,326.57575642522715,EmotiBit_1,main_meditation,PPG_1,True,True,True
63430.39686771256,0.8342039141789428,71.92486031314589,327.4099603394061,EmotiBit_1,main_meditation,PPG_1,True,True,True
63431.16071707976,0.7638493671984179,78.54951850004527,328.1738097066045,EmotiBit_1,main_meditation,PPG_1,True,True,True
63431.99492099393,0.8342039141716668,71.92486031377322,329.0080136207762,EmotiBit_1,main_meditation,PPG_1,True,True,True
63432.94973270293,0.9548117090016603,62.83961479979679,329.96282532977784,EmotiBit_1,main_meditation,PPG_1,True,True,True
63433.95479765976,1.005064956829301,59.697634060671284,330.96789028660714,EmotiBit_1,main_meditation,PPG_1,True,True,True
63434.869406770486,0.9146091107249958,65.60179567032628,331.88249939733214,EmotiBit_1,main_meditation,PPG_1,True,True,True
63435.723711983796,0.8543052133099991,70.23251065919457,332.73680461064214,EmotiBit_1,main_meditation,PPG_1,True,True,True
63436.648371744086,0.924659760290524,64.88873267411168,333.66146437093266,EmotiBit_1,main_meditation,PPG_1,True,True,True
63437.593132803515,0.9447610594288562,63.50812134051362,334.6062254303615,EmotiBit_1,main_meditation,PPG_1,True,True,True
63438.517792563805,0.924659760290524,64.88873267411168,335.53088519065204,EmotiBit_1,main_meditation,PPG_1,True,True,True
63439.42235102496,0.9045584611521917,66.33070451143016,336.43544365180423,EmotiBit_1,main_meditation,PPG_1,True,True,True
63440.34701078525,0.924659760290524,64.88873267411168,337.36010341209476,EmotiBit_1,main_meditation,PPG_1,True,True,True
63441.39227834036,1.0452675551132415,57.401571211592575,338.405370967208,EmotiBit_1,main_meditation,PPG_1,True,True,True
63442.367191348494,0.9749130081327166,61.543952639343686,339.3802839753407,EmotiBit_1,main_meditation,PPG_1,True,True,True
63443.291851108785,0.924659760290524,64.88873267411168,340.30494373563124,EmotiBit_1,main_meditation,PPG_1,True,True,True
63444.19640956994,0.9045584611521917,66.33070451143016,341.20950219678343,EmotiBit_1,main_meditation,PPG_1,True,True,True
63445.12106933023,0.924659760290524,64.88873267411168,342.13416195707396,EmotiBit_1,main_meditation,PPG_1,True,True,True
63446.065830389656,0.9447610594288562,63.50812134051362,343.0789230165028,EmotiBit_1,main_meditation,PPG_1,True,True,True
63447.11109794477,1.0452675551132415,57.401571211592575,344.12419057161605,EmotiBit_1,main_meditation,PPG_1,True,True,True
63448.0860109529,0.9749130081327166,61.543952639343686,345.09910357974877,EmotiBit_1,main_meditation,PPG_1,True,True,True
63449.11117720888,1.0251662559749093,58.52709221582932,346.1242698357237,EmotiBit_1,main_meditation,PPG_1,True,True,True
63450.2167486614,1.1055714525209623,54.27057641836348,347.22984128824464,EmotiBit_1,main_meditation,PPG_1,True,True,True
63451.18161101996,0.9648623585599125,62.18503547962208,348.19470364680456,EmotiBit_1,main_meditation,PPG_1,True,True,True
63452.01581493414,0.8342039141789428,71.92486031314589,349.0289075609835,EmotiBit_1,main_meditation,PPG_1,True,True,True
63452.83996819874,0.8241532646061387,72.80199275637631,349.85306082558964,EmotiBit_1,main_meditation,PPG_1,True,True,True
63453.633969514645,0.7940013159022783,75.56662539257617,350.6470621414919,EmotiBit_1,main_meditation,PPG_1,True,True,True
63454.488274727955,0.8543052133099991,70.23251065919457,351.5013673548019,EmotiBit_1,main_meditation,PPG_1,True,True,True
63455.38278253954,0.8945078115866636,67.07599332595315,352.3958751663886,EmotiBit_1,main_meditation,PPG_1,True,True,True
63456.13658125717,0.7537987176256138,79.59684541384424,353.1496738840142,EmotiBit_1,main_meditation,PPG_1,True,True,True
63456.63911373559,0.5025324784219265,119.3952681196139,353.6522063624361,EmotiBit_1,main_meditation,PPG_1,True,True,True
63458.00600207689,1.3668883412974537,43.89531916194987,355.0190947037336,EmotiBit_1,main_meditation,PPG_1,True,True,True
63458.91056053804,0.9045584611521917,66.33070451143016,355.92365316488576,EmotiBit_1,main_meditation,PPG_1,True,True,True
63459.48344756344,0.5728870254024514,104.73269133272862,356.4965401902882,EmotiBit_1,main_meditation,PPG_1,True,True,True
63460.53876576812,1.0553182046787697,56.85488958116051,357.551858394967,EmotiBit_1,main_meditation,PPG_1,True,True,True
63461.37296968229,0.8342039141716668,71.92486031377322,358.38606230913865,EmotiBit_1,main_meditation,PPG_1,True,True,True
63462.11671775035,0.7437480680600856,80.6724784596721,359.12981037719874,EmotiBit_1,main_meditation,PPG_1,True,True,True
63462.981073613235,0.8643558628828032,69.41585355814878,359.99416624008154,EmotiBit_1,main_meditation,PPG_1,True,True,True
63463.765024279564,0.7839506663294742,76.53542828265618,360.778116906411,EmotiBit_1,main_meditation,PPG_1,True,True,True
63464.63943079201,0.8744065124483313,68.61797018414292,361.65252341885935,EmotiBit_1,main_meditation,PPG_1,True,True,True
63465.38317886007,0.7437480680600856,80.6724784596721,362.39627148691943,EmotiBit_1,main_meditation,PPG_1,True,True,True
63466.287737321225,0.9045584611521917,66.33070451143016,363.3008299480716,EmotiBit_1,main_meditation,PPG_1,True,True,True
63467.061637338,0.773900016778498,77.52939488199148,364.0747299648501,EmotiBit_1,main_meditation,PPG_1,True,True,True
63467.89584125217,0.8342039141643909,71.92486031440055,364.9089338790145,EmotiBit_1,main_meditation,PPG_1,True,True,True
63468.770247764616,0.8744065124483313,68.61797018414292,365.78334039146284,EmotiBit_1,main_meditation,PPG_1,True,True,True
63469.73511012318,0.9648623585671885,62.18503547915314,366.74820275003003,EmotiBit_1,main_meditation,PPG_1,True,True,True
63470.60951663563,0.8744065124483313,68.61797018414292,367.62260926247836,EmotiBit_1,main_meditation,PPG_1,True,True,True
63471.46382184894,0.8543052133099991,70.23251065919457,368.47691447578836,EmotiBit_1,main_meditation,PPG_1,True,True,True
63472.45883615621,0.9950143072710489,60.30064046471603,369.4719287830594,EmotiBit_1,main_meditation,PPG_1,True,True,True
63473.41364786521,0.9548117089943844,62.83961480027565,370.4267404920538,EmotiBit_1,main_meditation,PPG_1,True,True,True
63474.27800372809,0.8643558628828032,69.41585355814878,371.2910963549366,EmotiBit_1,main_meditation,PPG_1,True,True,True
63475.26296738579,0.9849636576982448,60.915953122791976,372.27606001263484,EmotiBit_1,main_meditation,PPG_1,True,True,True
63476.19767779565,0.9347104098633281,64.19100436548375,373.2107704224982,EmotiBit_1,main_meditation,PPG_1,True,True,True
63477.152489504646,0.9548117089943844,62.83961480027565,374.16558213149256,EmotiBit_1,main_meditation,PPG_1,True,True,True
63478.15755446148,1.005064956836577,59.69763406023912,375.17064708832913,EmotiBit_1,main_meditation,PPG_1,True,True,True
63479.172670067885,1.0151156064021052,59.1065683766396,376.18576269473124,EmotiBit_1,main_meditation,PPG_1,True,True,True
63480.187785674294,1.0151156064093811,59.10656837621595,377.2008783011406,EmotiBit_1,main_meditation,PPG_1,True,True,True
63481.12249608415,0.9347104098560521,64.19100436598343,378.1355887109967,EmotiBit_1,main_meditation,PPG_1,True,True,True
63482.1878649384,1.0653688542515738,56.318522698084934,379.20095756524825,EmotiBit_1,main_meditation,PPG_1,True,True,True
63483.21303119438,1.0251662559749093,58.52709221582932,380.22612382122315,EmotiBit_1,main_meditation,PPG_1,True,True,True
63484.288450698186,1.075419503809826,55.79218136498501,381.301543325033,EmotiBit_1,main_meditation,PPG_1,True,True,True
63485.3337182533,1.0452675551132415,57.401571211592575,382.3468108801462,EmotiBit_1,main_meditation,PPG_1,True,True,True
63486.358884509275,1.0251662559749093,58.52709221582932,383.37197713612113,EmotiBit_1,main_meditation,PPG_1,True,True,True
63487.394101414815,1.0352169055404374,57.95886801971888,384.40719404166157,EmotiBit_1,main_meditation,PPG_1,True,True,True
63487.99714038892,0.6030389741063118,99.49605676634492,385.0102330157679,EmotiBit_1,main_meditation,PPG_1,True,True,True
63488.449419619494,0.4522792305724579,132.66140902392738,385.46251224634034,EmotiBit_1,main_meditation,PPG_1,False,False,False
63489.715801465114,1.2663818456203444,47.379074650749324,386.7288940919607,EmotiBit_1,main_meditation,PPG_1,True,True,True
63490.52990408015,0.8141026150333346,73.7007827908073,387.542996706994,EmotiBit_1,main_meditation,PPG_1,True,True,True
63491.50481708828,0.9749130081327166,61.543952639343686,388.51790971512673,EmotiBit_1,main_meditation,PPG_1,True,True,True
63492.489780745986,0.9849636577055207,60.91595312234199,389.50287337283225,EmotiBit_1,main_meditation,PPG_1,True,True,True
63493.41444050627,0.924659760283248,64.88873267462228,390.4275331331155,EmotiBit_1,main_meditation,PPG_1,True,True,True
63494.24864442045,0.8342039141789428,71.92486031314589,391.26173704729445,EmotiBit_1,main_meditation,PPG_1,True,True,True
63495.06274703549,0.8141026150406105,73.7007827901486,392.07583966233506,EmotiBit_1,main_meditation,PPG_1,True,True,True
63496.03766004362,0.9749130081327166,61.543952639343686,393.0507526704678,EmotiBit_1,main_meditation,PPG_1,True,True,True
63497.02262370132,0.9849636576982448,60.915953122791976,394.035716328166,EmotiBit_1,main_meditation,PPG_1,True,True,True
63497.95733411118,0.9347104098633281,64.19100436548375,394.97042673802935,EmotiBit_1,main_meditation,PPG_1,True,True,True
63499.00260166629,1.0452675551059656,57.401571211992135,396.0156942931353,EmotiBit_1,main_meditation,PPG_1,True,True,True
63500.078021170106,1.075419503817102,55.792181364607536,397.0911137969524,EmotiBit_1,main_meditation,PPG_1,True,True,True
63501.07303547738,0.9950143072710489,60.30064046471603,398.08612810422346,EmotiBit_1,main_meditation,PPG_1,True,True,True
63502.09820173335,1.0251662559749093,58.52709221582932,399.11129436019837,EmotiBit_1,main_meditation,PPG_1,True,True,True
63503.113317339754,1.0151156064021052,59.1065683766396,400.1264099666005,EmotiBit_1,main_meditation,PPG_1,True,True,True
63504.13848359573,1.0251662559749093,58.52709221582932,401.1515762225754,EmotiBit_1,main_meditation,PPG_1,True,True,True
63505.01289010818,0.8744065124483313,68.61797018414292,402.0259827350237,EmotiBit_1,main_meditation,PPG_1,True,True,True
63505.84709402235,0.8342039141716668,71.92486031377322,402.8601866491954,EmotiBit_1,main_meditation,PPG_1,True,True,True
63506.610943389554,0.7638493672056939,78.54951849929705,403.6240360164011,EmotiBit_1,main_meditation,PPG_1,True,True,True
63507.36474210718,0.7537987176256138,79.59684541384424,404.3778347340267,EmotiBit_1,main_meditation,PPG_1,True,True,True
63508.028084978694,0.6633428715140326,90.45096069707404,405.0411776055407,EmotiBit_1,main_meditation,PPG_1,True,True,True
63509.01304863639,0.9849636576982448,60.915953122791976,406.02614126323897,EmotiBit_1,main_meditation,PPG_1,True,True,True
63509.82715125143,0.8141026150406105,73.7007827901486,406.8402438782796,EmotiBit_1,main_meditation,PPG_1,True,True,True
63510.78196296043,0.9548117089943844,62.83961480027565,407.79505558727396,EmotiBit_1,main_meditation,PPG_1,True,True,True
63511.837281165106,1.0553182046787697,56.85488958116051,408.85037379195273,EmotiBit_1,main_meditation,PPG_1,True,True,True
63512.84234612194,1.005064956836577,59.69763406023912,409.8554387487893,EmotiBit_1,main_meditation,PPG_1,True,True,True
63513.73685393353,0.8945078115866636,67.07599332595315,410.749946560376,EmotiBit_1,main_meditation,PPG_1,True,True,True
63514.66151369382,0.924659760290524,64.88873267411168,411.6746063206665,EmotiBit_1,main_meditation,PPG_1,True,True,True
63515.70678124893,1.0452675551132415,57.401571211592575,412.71987387577974,EmotiBit_1,main_meditation,PPG_1,True,True,True
63516.64149165879,0.9347104098560521,64.19100436598343,413.6545842856358,EmotiBit_1,main_meditation,PPG_1,True,True,True
63517.60635401736,0.9648623585744645,62.18503547868421,414.61944664421026,EmotiBit_1,main_meditation,PPG_1,True,True,True
63518.520963128074,0.9146091107104439,65.60179567137004,415.5340557549207,EmotiBit_1,main_meditation,PPG_1,True,True,True
63519.52602808492,1.005064956843853,59.69763405980695,416.53912071176455,EmotiBit_1,main_meditation,PPG_1,True,True,True
63520.48083979391,0.9548117089943844,62.83961480027565,417.49393242075894,EmotiBit_1,main_meditation,PPG_1,True,True,True
63521.52610734902,1.0452675551059656,57.401571211992135,418.5391999758649,EmotiBit_1,main_meditation,PPG_1,True,True,True
63522.51107100672,0.9849636576982448,60.915953122791976,419.52416363356315,EmotiBit_1,main_meditation,PPG_1,True,True,True
63523.57643986097,1.0653688542515738,56.318522698084934,420.5895324878147,EmotiBit_1,main_meditation,PPG_1,True,True,True
63524.57145416824,0.9950143072710489,60.30064046471603,421.58454679508577,EmotiBit_1,main_meditation,PPG_1,True,True,True
63525.52626587723,0.9548117089943844,62.83961480027565,422.53935850408016,EmotiBit_1,main_meditation,PPG_1,True,True,True
63526.430824338386,0.9045584611521917,66.33070451143016,423.44391696523235,EmotiBit_1,main_meditation,PPG_1,True,True,True
63527.335382799545,0.9045584611594677,66.33070451089661,424.3484754263918,EmotiBit_1,main_meditation,PPG_1,True,True,True
63528.32034645724,0.9849636576982448,60.915953122791976,425.33343908409006,EmotiBit_1,main_meditation,PPG_1,True,True,True
63529.45606985847,1.1357234012248227,52.82976465510256,426.4691624853149,EmotiBit_1,main_meditation,PPG_1,True,True,True
63530.531489362285,1.075419503817102,55.792181364607536,427.544581989132,EmotiBit_1,main_meditation,PPG_1,True,True,True
63531.50640237042,0.9749130081327166,61.543952639343686,428.5194949972647,EmotiBit_1,main_meditation,PPG_1,True,True,True
63532.471264728985,0.9648623585671885,62.18503547915314,429.4843573558319,EmotiBit_1,main_meditation,PPG_1,True,True,True
63533.40597513884,0.9347104098560521,64.19100436598343,430.41906776568794,EmotiBit_1,main_meditation,PPG_1,True,True,True
63534.27033100173,0.8643558628900792,69.41585355756446,431.283423628578,EmotiBit_1,main_meditation,PPG_1,True,True,True
63535.04423101849,0.7739000167566701,77.5293948841782,432.0573236453347,EmotiBit_1,main_meditation,PPG_1,True,True,True
63536.39101806065,1.3467870421591215,44.5504731793455,433.4041106874938,EmotiBit_1,main_meditation,PPG_1,True,True,True
63537.426234966195,1.0352169055477134,57.95886801931152,434.4393275930415,EmotiBit_1,main_meditation,PPG_1,True,True,True
63538.12978043598,0.7035454697834211,85.28233437203477,435.14287306282495,EmotiBit_1,main_meditation,PPG_1,True,True,True
63538.70266746137,0.5728870253951754,104.73269133405877,435.7157600882201,EmotiBit_1,main_meditation,PPG_1,True,True,True
63539.46651682857,0.7638493671984179,78.54951850004527,436.47960945541854,EmotiBit_1,main_meditation,PPG_1,True,True,True
63540.47158178541,1.005064956836577,59.69763406023912,437.4846744122551,EmotiBit_1,main_meditation,PPG_1,True,True,True
63541.476646742245,1.005064956836577,59.69763406023912,438.4897393690917,EmotiBit_1,main_meditation,PPG_1,True,True,True
63542.51186364779,1.0352169055477134,57.95886801931152,439.5249562746394,EmotiBit_1,main_meditation,PPG_1,True,True,True
63543.54708055333,1.0352169055404374,57.95886801971888,440.56017318017985,EmotiBit_1,main_meditation,PPG_1,True,True,True
63544.381284467505,0.8342039141716668,71.92486031377322,441.3943770943515,EmotiBit_1,main_meditation,PPG_1,True,True,True
63545.00442474075,0.623140273244644,96.28650654785088,442.01751736759616,EmotiBit_1,main_meditation,PPG_1,True,True,True
63546.38136373161,1.3769389908629819,43.574915372536324,443.39445635845914,EmotiBit_1,main_meditation,PPG_1,True,True,True
63547.43668193629,1.0553182046787697,56.85488958116051,444.4497745631379,EmotiBit_1,main_meditation,PPG_1,True,True,True
63548.44174689313,1.005064956836577,59.69763406023912,445.4548395199745,EmotiBit_1,main_meditation,PPG_1,True,True,True
63549.57747029436,1.1357234012320987,52.829764654764105,446.5905629212066,EmotiBit_1,main_meditation,PPG_1,True,True,True
63550.54233265292,0.9648623585599125,62.18503547962208,447.5554252797665,EmotiBit_1,main_meditation,PPG_1,True,True,True
63551.44689111407,0.9045584611521917,66.33070451143016,448.4599837409187,EmotiBit_1,main_meditation,PPG_1,True,True,True
63552.51225996832,1.0653688542515738,56.318522698084934,449.52535259517026,EmotiBit_1,main_meditation,PPG_1,True,True,True
63554.10026260013,1.5880026318045566,37.783312696288085,451.1133552269748,EmotiBit_1,main_meditation,PPG_1,False,False,False
63554.95456781344,0.8543052133099991,70.23251065919457,451.9676604402848,EmotiBit_1,main_meditation,PPG_1,True,True,True
63555.63801198409,0.6834441706523648,87.79063832343243,452.6511046109372,EmotiBit_1,main_meditation,PPG_1,True,True,True
63556.54257044524,0.9045584611521917,66.33070451143016,453.5556630720894,EmotiBit_1,main_meditation,PPG_1,True,True,True
63557.26621721416,0.7236467689144774,82.91338064012135,454.27930984100385,EmotiBit_1,main_meditation,PPG_1,True,True,True
63558.2411302223,0.9749130081399926,61.54395263888437,455.25422284914384,EmotiBit_1,main_meditation,PPG_1,True,True,True
63559.39695492266,1.155824700363155,51.91098613928935,456.410047549507,EmotiBit_1,main_meditation,PPG_1,True,True,True
63560.33166533252,0.9347104098560521,64.19100436598343,457.34475795936305,EmotiBit_1,main_meditation,PPG_1,True,True,True
63560.82414716137,0.49248182885639835,121.83190624378399,457.83723978821945,EmotiBit_1,main_meditation,PPG_1,False,False,False
63562.00007316087,1.1759259994942113,51.023618855104125,459.01316578771366,EmotiBit_1,main_meditation,PPG_1,True,True,True
63562.964935519434,0.9648623585671885,62.18503547915314,459.97802814628085,EmotiBit_1,main_meditation,PPG_1,True,True,True
63564.03030437368,1.0653688542442978,56.318522698469565,461.04339700052515,EmotiBit_1,main_meditation,PPG_1,True,True,True
63564.492634253824,0.462329880145262,129.77746534822336,461.5057268806704,EmotiBit_1,main_meditation,PPG_1,False,False,False
63565.5178005098,1.0251662559749093,58.52709221582932,462.5308931366453,EmotiBit_1,main_meditation,PPG_1,True,True,True
63566.29170052657,0.773900016771222,77.52939488272038,463.30479315341654,EmotiBit_1,main_meditation,PPG_1,True,True,True
63567.29676548341,1.005064956836577,59.69763406023912,464.3098581102531,EmotiBit_1,main_meditation,PPG_1,True,True,True
63568.53299538032,1.236229896916484,48.53466183729855,465.5460880071696,EmotiBit_1,main_meditation,PPG_1,True,True,True
63569.276743448376,0.7437480680528097,80.6724784604613,466.2898360752224,EmotiBit_1,main_meditation,PPG_1,True,True,True
63570.52302399485,1.2462805464747362,48.14325327448757,467.53611662169715,EmotiBit_1,main_meditation,PPG_1,True,True,True
63571.15621491766,0.6331909228101722,94.75814930149865,468.1693075445073,EmotiBit_1,main_meditation,PPG_1,True,True,True
63572.1612798745,1.005064956836577,59.69763406023912,469.1743725013439,EmotiBit_1,main_meditation,PPG_1,True,True,True
63573.00553443824,0.8442545637444709,71.06861197632814,470.01862706508837,EmotiBit_1,main_meditation,PPG_1,True,True,True
63573.869890301125,0.8643558628828032,69.41585355814878,470.88298292797117,EmotiBit_1,main_meditation,PPG_1,True,True,True
63574.80460071098,0.9347104098560521,64.19100436598343,471.8176933378272,EmotiBit_1,main_meditation,PPG_1,True,True,True
63575.81971631739,1.0151156064093811,59.10656837621595,472.8328089442366,EmotiBit_1,main_meditation,PPG_1,True,True,True
63576.754426727246,0.9347104098560521,64.19100436598343,473.76751935409266,EmotiBit_1,main_meditation,PPG_1,True,True,True
63577.64893453883,0.8945078115866636,67.07599332595315,474.6620271656793,EmotiBit_1,main_meditation,PPG_1,True,True,True
63578.664050145235,1.0151156064021052,59.1065683766396,475.6771427720814,EmotiBit_1,main_meditation,PPG_1,True,True,True
63579.63896315337,0.9749130081327166,61.543952639343686,476.65205578021414,EmotiBit_1,main_meditation,PPG_1,True,True,True
63580.674180058915,1.0352169055477134,57.95886801931152,477.68727268576185,EmotiBit_1,main_meditation,PPG_1,True,True,True
63581.639042417475,0.9648623585599125,62.18503547962208,478.65213504432177,EmotiBit_1,main_meditation,PPG_1,True,True,True
63582.51344892992,0.8744065124483313,68.61797018414292,479.5265415567701,EmotiBit_1,main_meditation,PPG_1,True,True,True
63583.3476528441,0.8342039141789428,71.92486031314589,480.36074547094904,EmotiBit_1,main_meditation,PPG_1,True,True,True
63584.20195805741,0.8543052133099991,70.23251065919457,481.21505068425904,EmotiBit_1,main_meditation,PPG_1,True,True,True
63585.247225612526,1.0452675551132415,57.401571211592575,482.2603182393723,EmotiBit_1,main_meditation,PPG_1,True,True,True
63586.171885372816,0.924659760290524,64.88873267411168,483.1849779996628,EmotiBit_1,main_meditation,PPG_1,True,True,True
63587.026190586126,0.8543052133099991,70.23251065919457,484.0392832129728,EmotiBit_1,main_meditation,PPG_1,True,True,True
63588.0513568421,1.0251662559749093,58.52709221582932,485.0644494689477,EmotiBit_1,main_meditation,PPG_1,True,True,True
63589.04637114937,0.9950143072710489,60.30064046471603,486.05946377621876,EmotiBit_1,main_meditation,PPG_1,True,True,True
63590.021284157505,0.9749130081327166,61.543952639343686,487.0343767843515,EmotiBit_1,main_meditation,PPG_1,True,True,True
63590.93589326822,0.9146091107177199,65.60179567084816,487.9489858950692,EmotiBit_1,main_meditation,PPG_1,True,True,True
63591.870603678086,0.9347104098633281,64.19100436548375,488.8836963049325,EmotiBit_1,main_meditation,PPG_1,True,True,True
63592.86561798535,0.9950143072637729,60.300640465156974,489.8787106121963,EmotiBit_1,main_meditation,PPG_1,True,True,True
63593.7701764465,0.9045584611521917,66.33070451143016,490.7832690733485,EmotiBit_1,main_meditation,PPG_1,True,True,True
63594.704886856365,0.9347104098633281,64.19100436548375,491.7179794832118,EmotiBit_1,main_meditation,PPG_1,True,True,True
63595.68985051406,0.9849636576982448,60.915953122791976,492.70294314091007,EmotiBit_1,main_meditation,PPG_1,True,True,True
63596.70496612047,1.0151156064093811,59.10656837621595,493.71805874731945,EmotiBit_1,main_meditation,PPG_1,True,True,True
63597.54922068422,0.8442545637444709,71.06861197632814,494.5623133110639,EmotiBit_1,main_meditation,PPG_1,True,True,True
63598.353272649685,0.8040519654678064,74.62204257543395,495.3663652765317,EmotiBit_1,main_meditation,PPG_1,True,True,True
63599.167375264726,0.8141026150406105,73.7007827901486,496.18046789157233,EmotiBit_1,main_meditation,PPG_1,True,True,True
63599.880971384075,0.7135961193489493,84.0811747333227,496.8940640109213,EmotiBit_1,main_meditation,PPG_1,True,True,True
63600.63477010171,0.7537987176328897,79.59684541307593,497.6478627285542,EmotiBit_1,main_meditation,PPG_1,True,True,True
63601.398619468906,0.7638493671984179,78.54951850004527,498.4117120957526,EmotiBit_1,main_meditation,PPG_1,True,True,True
63602.654950664946,1.2563311960402643,47.75810724839874,499.66804329179286,EmotiBit_1,main_meditation,PPG_1,True,True,True
63603.77057276704,1.1156221020937664,53.78165230627269,500.7836653938866,EmotiBit_1,main_meditation,PPG_1,True,True,True
63604.77563772388,1.005064956836577,59.69763406023912,501.7887303507232,EmotiBit_1,main_meditation,PPG_1,True,True,True
63605.84100657813,1.0653688542515738,56.318522698084934,502.8540992049748,EmotiBit_1,main_meditation,PPG_1,True,True,True
63606.90637543237,1.0653688542442978,56.318522698469565,503.91946805921907,EmotiBit_1,main_meditation,PPG_1,True,True,True
63607.92149103878,1.0151156064093811,59.10656837621595,504.93458366562845,EmotiBit_1,main_meditation,PPG_1,True,True,True
63608.8662520982,0.9447610594215803,63.50812134100272,505.87934472505003,EmotiBit_1,main_meditation,PPG_1,True,True,True
63609.80096250807,0.9347104098633281,64.19100436548375,506.81405513491336,EmotiBit_1,main_meditation,PPG_1,True,True,True
63610.8060274649,1.005064956836577,59.69763406023912,507.81912009174994,EmotiBit_1,main_meditation,PPG_1,True,True,True
63611.83119372088,1.0251662559749093,58.52709221582932,508.84428634772485,EmotiBit_1,main_meditation,PPG_1,True,True,True
63612.79605607944,0.9648623585599125,62.18503547962208,509.80914870628476,EmotiBit_1,main_meditation,PPG_1,True,True,True
63613.84132363455,1.0452675551132415,57.401571211592575,510.854416261398,EmotiBit_1,main_meditation,PPG_1,True,True,True
63614.796135343546,0.9548117089943844,62.83961480027565,511.8092279703924,EmotiBit_1,main_meditation,PPG_1,True,True,True
63615.84140289866,1.0452675551132415,57.401571211592575,512.8544955255056,EmotiBit_1,main_meditation,PPG_1,True,True,True
63616.554999018015,0.7135961193562252,84.08117473246539,513.5680916448619,EmotiBit_1,main_meditation,PPG_1,True,True,True
63617.01732889816,0.462329880145262,129.77746534822336,514.0304215250071,EmotiBit_1,main_meditation,PPG_1,False,False,False
63618.07264710284,1.0553182046787697,56.85488958116051,515.0857397296859,EmotiBit_1,main_meditation,PPG_1,True,True,True
63619.12796530752,1.0553182046787697,56.85488958116051,516.1410579343647,EmotiBit_1,main_meditation,PPG_1,True,True,True
63620.22348611047,1.0955208029554342,54.768471614720035,517.2365787373201,EmotiBit_1,main_meditation,PPG_1,True,True,True
63620.75617053759,0.5326844271185109,112.63704539770839,517.7692631644386,EmotiBit_1,main_meditation,PPG_1,True,True,True
63621.308956263856,0.5527857262641191,108.54115283601263,518.3220488907027,EmotiBit_1,main_meditation,PPG_1,True,True,True
63622.28386927199,0.9749130081327166,61.543952639343686,519.2969618988354,EmotiBit_1,main_meditation,PPG_1,True,True,True
63623.38944072451,1.1055714525209623,54.27057641836348,520.4025333513564,EmotiBit_1,main_meditation,PPG_1,True,True,True
63623.94222645077,0.5527857262568432,108.54115283744129,520.9553190776132,EmotiBit_1,main_meditation,PPG_1,True,True,True
63624.56536672401,0.623140273244644,96.28650654785088,521.5784593508579,EmotiBit_1,main_meditation,PPG_1,True,True,True
63625.560381031275,0.9950143072637729,60.300640465156974,522.5734736581217,EmotiBit_1,main_meditation,PPG_1,True,True,True
63626.49509144114,0.9347104098633281,64.19100436548375,523.508184067985,EmotiBit_1,main_meditation,PPG_1,True,True,True
63627.33934600488,0.8442545637444709,71.06861197632814,524.3524386317295,EmotiBit_1,main_meditation,PPG_1,True,True,True
63628.314259013016,0.9749130081327166,61.543952639343686,525.3273516398622,EmotiBit_1,main_meditation,PPG_1,True,True,True
63629.40977981597,1.0955208029554342,54.768471614720035,526.4228724428176,EmotiBit_1,main_meditation,PPG_1,True,True,True
63630.53545256762,1.1256727516520186,53.30145898259063,527.5485451944696,EmotiBit_1,main_meditation,PPG_1,True,True,True
63631.16864349043,0.6331909228101722,94.75814930149865,528.1817361172798,EmotiBit_1,main_meditation,PPG_1,True,True,True
63631.63097337058,0.462329880145262,129.77746534822336,528.6440659974251,EmotiBit_1,main_meditation,PPG_1,False,False,False
63632.69634222482,1.0653688542442978,56.318522698469565,529.7094348516694,EmotiBit_1,main_meditation,PPG_1,True,True,True
63633.62100198511,0.924659760290524,64.88873267411168,530.6340946119599,EmotiBit_1,main_meditation,PPG_1,True,True,True
63634.60596564282,0.9849636577055207,60.91595312234199,531.6190582696654,EmotiBit_1,main_meditation,PPG_1,True,True,True
63635.59092930052,0.9849636576982448,60.915953122791976,532.6040219273636,EmotiBit_1,main_meditation,PPG_1,True,True,True
63636.49548776167,0.9045584611521917,66.33070451143016,533.5085803885158,EmotiBit_1,main_meditation,PPG_1,True,True,True
63636.96786829139,0.4723805297180661,127.01624268004903,533.9809609182339,EmotiBit_1,main_meditation,PPG_1,False,False,False
63637.46035012024,0.4924818288491224,121.83190624558395,534.473442747083,EmotiBit_1,main_meditation,PPG_1,False,False,False
63638.31465533355,0.8543052133099991,70.23251065919457,535.327747960393,EmotiBit_1,main_meditation,PPG_1,True,True,True
63639.15890989729,0.8442545637444709,71.06861197632814,536.1720025241375,EmotiBit_1,main_meditation,PPG_1,True,True,True
63639.97301251233,0.8141026150406105,73.7007827901486,536.9861051391781,EmotiBit_1,main_meditation,PPG_1,True,True,True
63640.72681122996,0.7537987176256138,79.59684541384424,537.7399038568037,EmotiBit_1,main_meditation,PPG_1,True,True,True
63641.59116709284,0.8643558628828032,69.41585355814878,538.6042597196865,EmotiBit_1,main_meditation,PPG_1,True,True,True
63642.475624254854,0.8844571620138595,67.83822052317758,539.4887168817004,EmotiBit_1,main_meditation,PPG_1,True,True,True
63643.41033466471,0.9347104098560521,64.19100436598343,540.4234272915564,EmotiBit_1,main_meditation,PPG_1,True,True,True
63644.45560221982,1.0452675551132415,57.401571211592575,541.4686948466697,EmotiBit_1,main_meditation,PPG_1,True,True,True
63645.35011003141,0.8945078115866636,67.07599332595315,542.3632026582563,EmotiBit_1,main_meditation,PPG_1,True,True,True
63646.284820441266,0.9347104098560521,64.19100436598343,543.2979130681124,EmotiBit_1,main_meditation,PPG_1,True,True,True
63647.17932825285,0.8945078115866636,67.07599332595315,544.1924208796991,EmotiBit_1,main_meditation,PPG_1,True,True,True
63648.30500100451,1.1256727516592946,53.30145898224611,545.3180936313584,EmotiBit_1,main_meditation,PPG_1,True,True,True
63649.21961011524,0.9146091107249958,65.60179567032628,546.2327027420833,EmotiBit_1,main_meditation,PPG_1,True,True,True
63650.15432052509,0.9347104098560521,64.19100436598343,547.1674131519394,EmotiBit_1,main_meditation,PPG_1,True,True,True
63651.06892963582,0.9146091107249958,65.60179567032628,548.0820222626644,EmotiBit_1,main_meditation,PPG_1,True,True,True
63651.9634374474,0.8945078115793876,67.07599332649875,548.9765300742438,EmotiBit_1,main_meditation,PPG_1,True,True,True
63652.83784395985,0.8744065124556073,68.61797018357196,549.8509365866994,EmotiBit_1,main_meditation,PPG_1,True,True,True
63653.48108553223,0.6432415723757003,93.27755321908141,550.4941781590751,EmotiBit_1,main_meditation,PPG_1,True,True,True
63654.40574529252,0.924659760290524,64.88873267411168,551.4188379193656,EmotiBit_1,main_meditation,PPG_1,True,True,True
63655.39070895022,0.9849636576982448,60.915953122791976,552.4038015770639,EmotiBit_1,main_meditation,PPG_1,True,True,True
63656.38572325749,0.9950143072710489,60.30064046471603,553.3988158843349,EmotiBit_1,main_meditation,PPG_1,True,True,True
63657.2701804195,0.8844571620138595,67.83822052317758,554.2832730463488,EmotiBit_1,main_meditation,PPG_1,True,True,True
63658.245093427635,0.9749130081327166,61.543952639343686,555.2581860544815,EmotiBit_1,main_meditation,PPG_1,True,True,True
63659.280310333175,1.0352169055404374,57.95886801971888,556.2934029600219,EmotiBit_1,main_meditation,PPG_1,True,True,True
63660.34567918743,1.0653688542515738,56.318522698084934,557.3587718142735,EmotiBit_1,main_meditation,PPG_1,True,True,True
63661.36079479383,1.0151156064021052,59.1065683766396,558.3738874206756,EmotiBit_1,main_meditation,PPG_1,True,True,True
63662.30555585326,0.9447610594288562,63.50812134051362,559.3186484801045,EmotiBit_1,main_meditation,PPG_1,True,True,True
63663.451329904055,1.1457740507976268,52.366345666696844,560.4644225309021,EmotiBit_1,main_meditation,PPG_1,True,True,True
63664.4865468096,1.0352169055477134,57.95886801931152,561.4996394364498,EmotiBit_1,main_meditation,PPG_1,True,True,True
63665.36095332205,0.8744065124483313,68.61797018414292,562.3740459488981,EmotiBit_1,main_meditation,PPG_1,True,True,True
63666.74794296248,1.38698964042851,43.259155116301386,563.7610355893266,EmotiBit_1,main_meditation,PPG_1,True,True,True
63667.80326116716,1.0553182046787697,56.85488958116051,564.8163537940054,EmotiBit_1,main_meditation,PPG_1,True,True,True
63668.86863002141,1.0653688542515738,56.318522698084934,565.881722648257,EmotiBit_1,main_meditation,PPG_1,True,True,True
63669.83349237997,0.9648623585599125,62.18503547962208,566.8465850068169,EmotiBit_1,main_meditation,PPG_1,True,True,True
63670.75815214026,0.924659760290524,64.88873267411168,567.7712447671074,EmotiBit_1,main_meditation,PPG_1,True,True,True
63671.5722547553,0.8141026150406105,73.7007827901486,568.585347382148,EmotiBit_1,main_meditation,PPG_1,True,True,True
63672.51701581473,0.9447610594288562,63.50812134051362,569.5301084415769,EmotiBit_1,main_meditation,PPG_1,True,True,True
63673.81354960905,1.2965337943169288,46.27723570569223,570.8266422358938,EmotiBit_1,main_meditation,PPG_1,True,True,True
63674.848766514595,1.0352169055477134,57.95886801931152,571.8618591414415,EmotiBit_1,main_meditation,PPG_1,True,True,True
63675.97443926625,1.1256727516520186,53.30145898259063,572.9875318930935,EmotiBit_1,main_meditation,PPG_1,True,True,True
63676.63778213776,0.6633428715140326,90.45096069707404,573.6508747646076,EmotiBit_1,main_meditation,PPG_1,True,True,True
63678.20568347043,1.5679013326662243,38.267714141150506,575.2187760972738,EmotiBit_1,main_meditation,PPG_1,False,False,False
63679.18059647856,0.9749130081327166,61.543952639343686,576.1936891054065,EmotiBit_1,main_meditation,PPG_1,True,True,True
63680.23591468324,1.0553182046787697,56.85488958116051,577.2490073100853,EmotiBit_1,main_meditation,PPG_1,True,True,True
63681.18067574267,0.9447610594288562,63.50812134051362,578.1937683695141,EmotiBit_1,main_meditation,PPG_1,True,True,True
63683.26116020332,2.080484460653679,28.839436744049635,580.2742528301678,EmotiBit_1,main_meditation,PPG_1,False,False,False
63684.53759269851,1.2764324951858725,47.00601107092849,581.5506853253537,EmotiBit_1,main_meditation,PPG_1,True,True,True
63685.542657655344,1.005064956836577,59.69763406023912,582.5557502821903,EmotiBit_1,main_meditation,PPG_1,True,True,True
63686.336658971246,0.7940013159022783,75.56662539257617,583.3497515980926,EmotiBit_1,main_meditation,PPG_1,True,True,True
63687.47238237247,1.1357234012248227,52.82976465510256,584.4854749993174,EmotiBit_1,main_meditation,PPG_1,True,True,True
63688.21613044053,0.7437480680600856,80.6724784596721,585.2292230673775,EmotiBit_1,main_meditation,PPG_1,True,True,True
63689.34180319219,1.1256727516592946,53.30145898224611,586.3548958190368,EmotiBit_1,main_meditation,PPG_1,True,True,True
63690.45742529428,1.1156221020864905,53.78165230662345,587.4705179211232,EmotiBit_1,main_meditation,PPG_1,True,True,True
63691.28157855888,0.8241532646061387,72.80199275637631,588.2946711857294,EmotiBit_1,main_meditation,PPG_1,True,True,True
63692.49770715666,1.2161285977781517,49.33688765285109,589.5107997835075,EmotiBit_1,main_meditation,PPG_1,True,True,True
63693.25150587429,0.7537987176256138,79.59684541384424,590.2645985011332,EmotiBit_1,main_meditation,PPG_1,True,True,True
63693.75403835271,0.5025324784219265,119.3952681196139,590.7671309795551,EmotiBit_1,main_meditation,PPG_1,True,True,True
63694.49778642077,0.7437480680600856,80.6724784596721,591.5108790476152,EmotiBit_1,main_meditation,PPG_1,True,True,True
63695.36214228365,0.8643558628828032,69.41585355814878,592.375234910498,EmotiBit_1,main_meditation,PPG_1,True,True,True
63696.05563710386,0.693494820210617,86.51831023305664,593.0687297307086,EmotiBit_1,main_meditation,PPG_1,True,True,True
63696.77928387279,0.7236467689290293,82.91338063845403,593.7923764996376,EmotiBit_1,main_meditation,PPG_1,True,True,True
63697.49287999214,0.7135961193489493,84.0811747333227,594.5059726189866,EmotiBit_1,main_meditation,PPG_1,True,True,True
63698.2366280602,0.7437480680600856,80.6724784596721,595.2497206870466,EmotiBit_1,main_meditation,PPG_1,True,True,True
63699.13113587179,0.8945078115866636,67.07599332595315,596.1442284986333,EmotiBit_1,main_meditation,PPG_1,True,True,True
63699.91508653812,0.7839506663367501,76.53542828194585,596.9281791649701,EmotiBit_1,main_meditation,PPG_1,True,True,True
63701.55334241776,1.6382558796394733,36.624315374472545,598.5664350446095,EmotiBit_1,main_meditation,PPG_1,False,False,False
63702.67901516942,1.1256727516592946,53.30145898224611,599.6921077962688,EmotiBit_1,main_meditation,PPG_1,True,True,True
63703.94539701504,1.2663818456203444,47.379074650749324,600.9584896418892,EmotiBit_1,main_meditation,PPG_1,True,True,True
63704.78965157878,0.844254563737195,71.06861197694063,601.8027442056264,EmotiBit_1,main_meditation,PPG_1,True,True,True
63705.62385549296,0.8342039141789428,71.92486031314589,602.6369481198053,EmotiBit_1,main_meditation,PPG_1,True,True,True
63706.83998409073,1.2161285977708758,49.33688765314626,603.8530767175762,EmotiBit_1,main_meditation,PPG_1,True,True,True
63707.78474515016,0.9447610594288562,63.50812134051362,604.797837777005,EmotiBit_1,main_meditation,PPG_1,True,True,True
63708.749607508726,0.9648623585671885,62.18503547915314,605.7627001355722,EmotiBit_1,main_meditation,PPG_1,True,True,True
63709.55365947419,0.8040519654678064,74.62204257543395,606.56675210104,EmotiBit_1,main_meditation,PPG_1,True,True,True
63710.206951696135,0.6532922219412285,91.84251393918743,607.2200443229813,EmotiBit_1,main_meditation,PPG_1,True,True,True
63711.21201665298,1.005064956843853,59.69763405980695,608.2251092798251,EmotiBit_1,main_meditation,PPG_1,True,True,True
63711.81505562708,0.6030389740990358,99.49605676754538,608.8281482539242,EmotiBit_1,main_meditation,PPG_1,True,True,True
63712.74976603693,0.9347104098560521,64.19100436598343,609.7628586637802,EmotiBit_1,main_meditation,PPG_1,True,True,True
63713.634223198955,0.8844571620211354,67.83822052261951,610.6473158258013,EmotiBit_1,main_meditation,PPG_1,True,True,True
63714.51868036097,0.8844571620138595,67.83822052317758,611.5317729878152,EmotiBit_1,main_meditation,PPG_1,True,True,True
63715.4634414204,0.9447610594288562,63.50812134051362,612.4765340472441,EmotiBit_1,main_meditation,PPG_1,True,True,True
63716.50870897551,1.0452675551132415,57.401571211592575,613.5218016023573,EmotiBit_1,main_meditation,PPG_1,True,True,True
63717.30271029141,0.7940013159022783,75.56662539257617,614.3158029182596,EmotiBit_1,main_meditation,PPG_1,True,True,True
63718.4183323935,1.1156221020864905,53.78165230662345,615.4314250203461,EmotiBit_1,main_meditation,PPG_1,True,True,True
63719.36309345293,0.9447610594288562,63.50812134051362,616.3761860797749,EmotiBit_1,main_meditation,PPG_1,True,True,True
63720.22744931581,0.8643558628828032,69.41585355814878,617.2405419426577,EmotiBit_1,main_meditation,PPG_1,True,True,True
63721.09180517869,0.8643558628755272,69.41585355873312,618.1048978055333,EmotiBit_1,main_meditation,PPG_1,True,True,True
63721.80540129804,0.7135961193562252,84.08117473246539,618.8184939248895,EmotiBit_1,main_meditation,PPG_1,True,True,True
63722.75016235747,0.9447610594288562,63.50812134051362,619.7632549843183,EmotiBit_1,main_meditation,PPG_1,True,True,True
63723.73512601517,0.9849636576982448,60.915953122791976,620.7482186420166,EmotiBit_1,main_meditation,PPG_1,True,True,True
63724.65978577546,0.924659760290524,64.88873267411168,621.6728784023071,EmotiBit_1,main_meditation,PPG_1,True,True,True
63725.56434423661,0.9045584611521917,66.33070451143016,622.5774368634593,EmotiBit_1,main_meditation,PPG_1,True,True,True
63726.519155945614,0.9548117090016603,62.83961479979679,623.532248572461,EmotiBit_1,main_meditation,PPG_1,True,True,True
63727.554372851155,1.0352169055404374,57.95886801971888,624.5674654780014,EmotiBit_1,main_meditation,PPG_1,True,True,True
63728.52928585929,0.9749130081327166,61.543952639343686,625.5423784861341,EmotiBit_1,main_meditation,PPG_1,True,True,True
63729.47404691872,0.9447610594361322,63.508121340024516,626.4871395455702,EmotiBit_1,main_meditation,PPG_1,True,True,True
63730.459010576415,0.9849636576909688,60.91595312324196,627.4721032032612,EmotiBit_1,main_meditation,PPG_1,True,True,True
63731.42387293498,0.9648623585671885,62.18503547915314,628.4369655618284,EmotiBit_1,main_meditation,PPG_1,True,True,True
63732.26812749872,0.844254563737195,71.06861197694063,629.2812201255656,EmotiBit_1,main_meditation,PPG_1,True,True,True
63733.232989857286,0.9648623585671885,62.18503547915314,630.2460824841328,EmotiBit_1,main_meditation,PPG_1,True,True,True
63734.15764961758,0.924659760290524,64.88873267411168,631.1707422444233,EmotiBit_1,main_meditation,PPG_1,True,True,True
63735.09236002743,0.9347104098560521,64.19100436598343,632.1054526542794,EmotiBit_1,main_meditation,PPG_1,True,True,True
63735.90646264247,0.8141026150406105,73.7007827901486,632.91955526932,EmotiBit_1,main_meditation,PPG_1,True,True,True
63736.83112240277,0.9246597602978,64.88873267360108,633.8442150296178,EmotiBit_1,main_meditation,PPG_1,True,True,True
63737.896491257015,1.0653688542442978,56.318522698469565,634.9095838838621,EmotiBit_1,main_meditation,PPG_1,True,True,True
63738.640239325076,0.7437480680600856,80.6724784596721,635.6533319519222,EmotiBit_1,main_meditation,PPG_1,True,True,True
63739.57494973493,0.9347104098560521,64.19100436598343,636.5880423617782,EmotiBit_1,main_meditation,PPG_1,True,True,True
63740.47950819608,0.9045584611449158,66.33070451196369,637.4926008229231,EmotiBit_1,main_meditation,PPG_1,True,True,True
63741.37401600767,0.8945078115939396,67.07599332540755,638.3871086345171,EmotiBit_1,main_meditation,PPG_1,True,True,True
63742.25847316968,0.8844571620065835,67.83822052373564,639.2715657965236,EmotiBit_1,main_meditation,PPG_1,True,True,True
63743.0826264343,0.8241532646206906,72.80199275509086,640.0957190611443,EmotiBit_1,main_meditation,PPG_1,True,True,True
63743.94698229717,0.8643558628755272,69.41585355873312,640.9600749240199,EmotiBit_1,main_meditation,PPG_1,True,True,True
63744.871642057464,0.924659760290524,64.88873267411168,641.8847346843104,EmotiBit_1,main_meditation,PPG_1,True,True,True
63745.70584597164,0.8342039141789428,71.92486031314589,642.7189385984893,EmotiBit_1,main_meditation,PPG_1,True,True,True
63746.56015118495,0.8543052133099991,70.23251065919457,643.5732438117993,EmotiBit_1,main_meditation,PPG_1,True,True,True
63747.45465899654,0.8945078115866636,67.07599332595315,644.467751623386,EmotiBit_1,main_meditation,PPG_1,True,True,True
63748.37931875683,0.924659760290524,64.88873267411168,645.3924113836765,EmotiBit_1,main_meditation,PPG_1,True,True,True
63749.23362397014,0.8543052133099991,70.23251065919457,646.2467165969865,EmotiBit_1,main_meditation,PPG_1,True,True,True
63750.13818243129,0.9045584611521917,66.33070451143016,647.1512750581387,EmotiBit_1,main_meditation,PPG_1,True,True,True
63751.02263959331,0.8844571620211354,67.83822052261951,648.0357322201598,EmotiBit_1,main_meditation,PPG_1,True,True,True
63751.93724870403,0.9146091107177199,65.60179567084816,648.9503413308776,EmotiBit_1,main_meditation,PPG_1,True,True,True
63752.76140196864,0.8241532646061387,72.80199275637631,649.7744945954837,EmotiBit_1,main_meditation,PPG_1,True,True,True
63753.635808481085,0.8744065124483313,68.61797018414292,650.648901107932,EmotiBit_1,main_meditation,PPG_1,True,True,True
63754.61072148922,0.9749130081327166,61.543952639343686,651.6238141160648,EmotiBit_1,main_meditation,PPG_1,True,True,True
63755.45497605296,0.8442545637444709,71.06861197632814,652.4680686798092,EmotiBit_1,main_meditation,PPG_1,True,True,True
63756.32938256541,0.8744065124483313,68.61797018414292,653.3424751922576,EmotiBit_1,main_meditation,PPG_1,True,True,True
63757.223890377,0.8945078115866636,67.07599332595315,654.2369830038442,EmotiBit_1,main_meditation,PPG_1,True,True,True
63758.14855013729,0.924659760290524,64.88873267411168,655.1616427641347,EmotiBit_1,main_meditation,PPG_1,True,True,True
63759.08326054715,0.9347104098633281,64.19100436548375,656.0963531739981,EmotiBit_1,main_meditation,PPG_1,True,True,True
63759.99786965787,0.9146091107177199,65.60179567084816,657.0109622847158,EmotiBit_1,main_meditation,PPG_1,True,True,True
63761.002934614706,1.005064956836577,59.69763406023912,658.0160272415524,EmotiBit_1,main_meditation,PPG_1,True,True,True
63761.97784762284,0.9749130081327166,61.543952639343686,658.9909402496851,EmotiBit_1,main_meditation,PPG_1,True,True,True
63763.04321647709,1.0653688542515738,56.318522698084934,660.0563091039367,EmotiBit_1,main_meditation,PPG_1,True,True,True
63763.93772428868,0.8945078115866636,67.07599332595315,660.9508169155233,EmotiBit_1,main_meditation,PPG_1,True,True,True
63764.852333399394,0.9146091107177199,65.60179567084816,661.865426026241,EmotiBit_1,main_meditation,PPG_1,True,True,True
63765.75689186055,0.9045584611521917,66.33070451143016,662.7699844873932,EmotiBit_1,main_meditation,PPG_1,True,True,True
63766.65139967213,0.8945078115866636,67.07599332595315,663.6644922989799,EmotiBit_1,main_meditation,PPG_1,True,True,True
63767.48560358631,0.8342039141789428,71.92486031314589,664.4986962131588,EmotiBit_1,main_meditation,PPG_1,True,True,True
63768.32985815006,0.8442545637444709,71.06861197632814,665.3429507769033,EmotiBit_1,main_meditation,PPG_1,True,True,True
63769.34497375646,1.0151156064021052,59.1065683766396,666.3580663833054,EmotiBit_1,main_meditation,PPG_1,True,True,True
63770.49074780726,1.1457740507976268,52.366345666696844,667.503840434103,EmotiBit_1,main_meditation,PPG_1,True,True,True
63771.61642055891,1.1256727516520186,53.30145898259063,668.6295131857551,EmotiBit_1,main_meditation,PPG_1,True,True,True
63772.691840062726,1.075419503817102,55.792181364607536,669.7049326895722,EmotiBit_1,main_meditation,PPG_1,True,True,True
63773.76725956654,1.075419503817102,55.792181364607536,670.7803521933893,EmotiBit_1,main_meditation,PPG_1,True,True,True
63774.84267907036,1.075419503817102,55.792181364607536,671.8557716972064,EmotiBit_1,main_meditation,PPG_1,True,True,True
63775.91809857418,1.075419503817102,55.792181364607536,672.9311912010235,EmotiBit_1,main_meditation,PPG_1,True,True,True
63776.993518077994,1.075419503817102,55.792181364607536,674.0066107048406,EmotiBit_1,main_meditation,PPG_1,True,True,True
63777.97848173569,0.9849636576982448,60.915953122791976,674.9915743625388,EmotiBit_1,main_meditation,PPG_1,True,True,True
63779.05390123951,1.075419503817102,55.792181364607536,676.0669938663559,EmotiBit_1,main_meditation,PPG_1,True,True,True
63780.08911814506,1.0352169055477134,57.95886801931152,677.1022107719036,EmotiBit_1,main_meditation,PPG_1,True,True,True
63781.10423375146,1.0151156064021052,59.1065683766396,678.1173263783057,EmotiBit_1,main_meditation,PPG_1,True,True,True
63781.98869091347,0.8844571620138595,67.83822052317758,679.0017835403196,EmotiBit_1,main_meditation,PPG_1,True,True,True
63782.85304677635,0.8643558628755272,69.41585355873312,679.8661394031951,EmotiBit_1,main_meditation,PPG_1,True,True,True
63783.73750393838,0.8844571620284114,67.83822052206145,680.7505965652235,EmotiBit_1,main_meditation,PPG_1,True,True,True
63784.20988446809,0.47238052971079014,127.01624268200544,681.2229770949343,EmotiBit_1,main_meditation,PPG_1,False,False,False
63784.86317669003,0.6532922219412285,91.84251393918743,681.8762693168756,EmotiBit_1,main_meditation,PPG_1,True,True,True
63786.099406586945,1.236229896916484,48.53466183729855,683.112499213792,EmotiBit_1,main_meditation,PPG_1,True,True,True
63787.28538323601,1.1859766490670154,50.591215305293595,684.298475862859,EmotiBit_1,main_meditation,PPG_1,True,True,True
63787.89847285968,0.613089623664564,97.86497387016199,684.9115654865236,EmotiBit_1,main_meditation,PPG_1,True,True,True
63788.58191703033,0.6834441706523648,87.79063832343243,685.595009657176,EmotiBit_1,main_meditation,PPG_1,True,True,True
63789.566880688035,0.9849636577055207,60.91595312234199,686.5799733148815,EmotiBit_1,main_meditation,PPG_1,True,True,True
63790.41113525177,0.844254563737195,71.06861197694063,687.4242278786187,EmotiBit_1,main_meditation,PPG_1,True,True,True
63791.40614955904,0.9950143072710489,60.30064046471603,688.4192421858897,EmotiBit_1,main_meditation,PPG_1,True,True,True
63792.35091061847,0.9447610594288562,63.50812134051362,689.3640032453186,EmotiBit_1,main_meditation,PPG_1,True,True,True
63793.2956716779,0.9447610594288562,63.50812134051362,690.3087643047475,EmotiBit_1,main_meditation,PPG_1,True,True,True
63794.290685985165,0.9950143072637729,60.300640465156974,691.3037786120112,EmotiBit_1,main_meditation,PPG_1,True,True,True
63795.175143147186,0.8844571620211354,67.83822052261951,692.1882357740324,EmotiBit_1,main_meditation,PPG_1,True,True,True
63796.03949901007,0.8643558628828032,69.41585355814878,693.0525916369152,EmotiBit_1,main_meditation,PPG_1,True,True,True
63797.00436136863,0.9648623585599125,62.18503547962208,694.0174539954751,EmotiBit_1,main_meditation,PPG_1,True,True,True
63798.11998347072,1.1156221020937664,53.78165230627269,695.1330760975688,EmotiBit_1,main_meditation,PPG_1,True,True,True
63799.1753016754,1.0553182046787697,56.85488958116051,696.1883943022476,EmotiBit_1,main_meditation,PPG_1,True,True,True
63800.14016403396,0.9648623585599125,62.18503547962208,697.1532566608075,EmotiBit_1,main_meditation,PPG_1,True,True,True
63801.06482379425,0.924659760290524,64.88873267411168,698.077916421098,EmotiBit_1,main_meditation,PPG_1,True,True,True
63801.87892640929,0.8141026150406105,73.7007827901486,698.8920190361387,EmotiBit_1,main_meditation,PPG_1,True,True,True
63802.944295263536,1.0653688542442978,56.318522698469565,699.957387890383,EmotiBit_1,main_meditation,PPG_1,True,True,True
63803.79860047685,0.854305213317275,70.23251065859641,700.8116931037002,EmotiBit_1,main_meditation,PPG_1,True,True,True
63804.6428550406,0.8442545637444709,71.06861197632814,701.6559476674447,EmotiBit_1,main_meditation,PPG_1,True,True,True
63805.647919997435,1.005064956836577,59.69763406023912,702.6610126242813,EmotiBit_1,main_meditation,PPG_1,True,True,True
63806.46202261247,0.8141026150333346,73.7007827908073,703.4751152393146,EmotiBit_1,main_meditation,PPG_1,True,True,True
63807.41683432147,0.9548117090016603,62.83961479979679,704.4299269483163,EmotiBit_1,main_meditation,PPG_1,True,True,True
63808.281190184345,0.8643558628755272,69.41585355873312,705.2942828111918,EmotiBit_1,main_meditation,PPG_1,True,True,True
63808.9947863037,0.7135961193562252,84.08117473246539,706.007878930548,EmotiBit_1,main_meditation,PPG_1,True,True,True
63810.01995255968,1.0251662559821852,58.52709221541393,707.0330451865302,EmotiBit_1,main_meditation,PPG_1,True,True,True
63811.02501751651,1.005064956829301,59.697634060671284,708.0381101433595,EmotiBit_1,main_meditation,PPG_1,True,True,True
63811.93962662724,0.9146091107249958,65.60179567032628,708.9527192540845,EmotiBit_1,main_meditation,PPG_1,True,True,True
63812.75372924227,0.8141026150333346,73.7007827908073,709.7668218691178,EmotiBit_1,main_meditation,PPG_1,True,True,True
63813.71859160084,0.9648623585671885,62.18503547915314,710.731684227685,EmotiBit_1,main_meditation,PPG_1,True,True,True
63814.67340330983,0.9548117089943844,62.83961480027565,711.6864959366794,EmotiBit_1,main_meditation,PPG_1,True,True,True
63815.69856956581,1.0251662559749093,58.52709221582932,712.7116621926543,EmotiBit_1,main_meditation,PPG_1,True,True,True
63816.69358387308,0.9950143072710489,60.30064046471603,713.7066764999254,EmotiBit_1,main_meditation,PPG_1,True,True,True
63817.49763583855,0.8040519654678064,74.62204257543395,714.5107284653932,EmotiBit_1,main_meditation,PPG_1,True,True,True
63817.970016368265,0.4723805297180661,127.01624268004903,714.9831089951113,EmotiBit_1,main_meditation,PPG_1,False,False,False
63818.43234624841,0.462329880145262,129.77746534822336,715.4454388752565,EmotiBit_1,main_meditation,PPG_1,False,False,False
63819.24644886344,0.8141026150333346,73.7007827908073,716.2595414902898,EmotiBit_1,main_meditation,PPG_1,True,True,True
63819.87963978625,0.6331909228101722,94.75814930149865,716.8927324131,EmotiBit_1,main_meditation,PPG_1,True,True,True
63820.77414759784,0.8945078115866636,67.07599332595315,717.7872402246867,EmotiBit_1,main_meditation,PPG_1,True,True,True
63821.57819956331,0.8040519654678064,74.62204257543395,718.5912921901545,EmotiBit_1,main_meditation,PPG_1,True,True,True
63822.39230217835,0.8141026150406105,73.7007827901486,719.4053948051951,EmotiBit_1,main_meditation,PPG_1,True,True,True
63823.16620219511,0.773900016763946,77.5293948834493,720.179294821959,EmotiBit_1,main_meditation,PPG_1,True,True,True
63823.889848964034,0.7236467689217534,82.9133806392877,720.9029415908808,EmotiBit_1,main_meditation,PPG_1,True,True,True
63824.65369833123,0.7638493671984179,78.54951850004527,721.6667909580792,EmotiBit_1,main_meditation,PPG_1,True,True,True
63825.668813937635,1.0151156064021052,59.1065683766396,722.6819065644813,EmotiBit_1,main_meditation,PPG_1,True,True,True
63826.49296720224,0.8241532646061387,72.80199275637631,723.5060598290875,EmotiBit_1,main_meditation,PPG_1,True,True,True
63827.246765919874,0.7537987176328897,79.59684541307593,724.2598585467204,EmotiBit_1,main_meditation,PPG_1,True,True,True
63828.080969834045,0.8342039141716668,71.92486031377322,725.094062460892,EmotiBit_1,main_meditation,PPG_1,True,True,True
63828.915173748224,0.8342039141789428,71.92486031314589,725.928266375071,EmotiBit_1,main_meditation,PPG_1,True,True,True
63829.73932701283,0.8241532646061387,72.80199275637631,726.7524196396771,EmotiBit_1,main_meditation,PPG_1,True,True,True
63830.5433789783,0.8040519654678064,74.62204257543395,727.5564716051449,EmotiBit_1,main_meditation,PPG_1,True,True,True
63831.41778549075,0.8744065124483313,68.61797018414292,728.4308781175932,EmotiBit_1,main_meditation,PPG_1,True,True,True
63832.35249590061,0.9347104098633281,64.19100436548375,729.3655885274566,EmotiBit_1,main_meditation,PPG_1,True,True,True
63833.287206310466,0.9347104098560521,64.19100436598343,730.3002989373126,EmotiBit_1,main_meditation,PPG_1,True,True,True
63834.13146087421,0.8442545637444709,71.06861197632814,731.1445535010571,EmotiBit_1,main_meditation,PPG_1,True,True,True
63835.0259686858,0.8945078115866636,67.07599332595315,732.0390613126438,EmotiBit_1,main_meditation,PPG_1,True,True,True
63835.99083104436,0.9648623585599125,62.18503547962208,733.0039236712037,EmotiBit_1,main_meditation,PPG_1,True,True,True
63836.8350856081,0.8442545637444709,71.06861197632814,733.8481782349481,EmotiBit_1,main_meditation,PPG_1,True,True,True
63837.74969471883,0.9146091107249958,65.60179567032628,734.7627873456731,EmotiBit_1,main_meditation,PPG_1,True,True,True
63838.553746684294,0.8040519654678064,74.62204257543395,735.5668393111409,EmotiBit_1,main_meditation,PPG_1,True,True,True
63839.568862290704,1.0151156064093811,59.10656837621595,736.5819549175503,EmotiBit_1,main_meditation,PPG_1,True,True,True
63840.39301555531,0.8241532646061387,72.80199275637631,737.4061081821565,EmotiBit_1,main_meditation,PPG_1,True,True,True
63841.50863765739,1.1156221020792145,53.7816523069742,738.5217302842357,EmotiBit_1,main_meditation,PPG_1,True,True,True
63842.23228442632,0.7236467689290293,82.91338063845403,739.2453770531647,EmotiBit_1,main_meditation,PPG_1,True,True,True
63843.21724808402,0.9849636577055207,60.91595312234199,740.2303407108702,EmotiBit_1,main_meditation,PPG_1,True,True,True
63844.18211044258,0.9648623585599125,62.18503547962208,741.1952030694301,EmotiBit_1,main_meditation,PPG_1,True,True,True
63845.09671955331,0.9146091107249958,65.60179567032628,742.1098121801551,EmotiBit_1,main_meditation,PPG_1,True,True,True
63845.991227364895,0.8945078115866636,67.07599332595315,743.0043199917418,EmotiBit_1,main_meditation,PPG_1,True,True,True
63846.96614037303,0.9749130081327166,61.543952639343686,743.9792329998745,EmotiBit_1,main_meditation,PPG_1,True,True,True
63847.87069883418,0.9045584611521917,66.33070451143016,744.8837914610267,EmotiBit_1,main_meditation,PPG_1,True,True,True
63848.825510543174,0.9548117089943844,62.83961480027565,745.8386031700211,EmotiBit_1,main_meditation,PPG_1,True,True,True
63849.7702716026,0.9447610594288562,63.50812134051362,746.78336422945,EmotiBit_1,main_meditation,PPG_1,True,True,True
63850.52407032023,0.7537987176256138,79.59684541384424,747.5371629470756,EmotiBit_1,main_meditation,PPG_1,True,True,True
63851.35827423441,0.8342039141789428,71.92486031314589,748.3713668612545,EmotiBit_1,main_meditation,PPG_1,True,True,True
63852.25278204599,0.8945078115793876,67.07599332649875,749.2658746728339,EmotiBit_1,main_meditation,PPG_1,True,True,True
63853.24779635326,0.9950143072710489,60.30064046471603,750.2608889801049,EmotiBit_1,main_meditation,PPG_1,True,True,True
63854.23276001096,0.9849636576982448,60.915953122791976,751.2458526378032,EmotiBit_1,main_meditation,PPG_1,True,True,True
63855.157419771254,0.9246597602978,64.88873267360108,752.170512398101,EmotiBit_1,main_meditation,PPG_1,True,True,True
63856.15243407852,0.9950143072637729,60.300640465156974,753.1655267053648,EmotiBit_1,main_meditation,PPG_1,True,True,True
