timestamp,PPG_1,PPG_2,PPG_3,time_from_segment_start_sec
63856.46174539584,169069.0,95582.0,5281.0,0.0
63856.471834363394,169104.0,95603.0,5287.0,0.01008896755229216
63856.48192333094,169096.0,95635.0,5280.0,0.020177935097308364
63856.492012298484,169107.0,95588.0,5339.0,0.030266902642324567
63856.502101266036,169123.0,95583.0,5322.0,0.04035587019461673
63856.51219023358,169147.0,95613.0,5328.0,0.05044483773963293
63856.52227920113,169135.0,95641.0,5322.0,0.060533805284649134
63856.53236816868,169136.0,95614.0,5312.0,0.0706227728369413
63856.542457136224,169153.0,95633.0,5344.0,0.0807117403819575
63856.55254610377,169188.0,95626.0,5351.0,0.0908007079269737
63856.56263507132,169218.0,95622.0,5377.0,0.10088967547926586
63856.572724038866,169205.0,95634.0,5328.0,0.11097864302428206
63856.58281300641,169240.0,95638.0,5359.0,0.12106761056929827
63856.592901973956,169238.0,95632.0,5359.0,0.13115657811431447
63856.60299094151,169247.0,95650.0,5383.0,0.14124554566660663
63856.61307990905,169217.0,95658.0,5376.0,0.15133451321162283
63856.6231688766,169250.0,95613.0,5375.0,0.16142348075663904
63856.63325784415,169271.0,95641.0,5381.0,0.1715124483089312
63856.643346811696,169262.0,95636.0,5381.0,0.1816014158539474
63856.65343577924,169303.0,95638.0,5409.0,0.1916903833989636
63856.66352474679,169280.0,95639.0,5395.0,0.20177935095125576
63856.67361371434,169307.0,95673.0,5394.0,0.21186831849627197
63856.68370268188,169291.0,95668.0,5414.0,0.22195728604128817
63856.693791649435,169354.0,95688.0,5426.0,0.23204625359358033
63856.70388061698,169369.0,95703.0,5421.0,0.24213522113859653
63856.713969584525,169369.0,95675.0,5408.0,0.25222418868361274
63856.72405855208,169364.0,95656.0,5439.0,0.2623131562359049
63856.73414751962,169388.0,95660.0,5438.0,0.2724021237809211
63856.74423648717,169369.0,95716.0,5433.0,0.2824910913259373
63856.75432545471,169414.0,95689.0,5452.0,0.2925800588709535
63856.764414422265,169426.0,95691.0,5465.0,0.30266902642324567
63856.77450338981,169369.0,95651.0,5445.0,0.31275799396826187
63856.784592357355,169369.0,95671.0,5440.0,0.3228469615132781
63856.79468132491,169292.0,95667.0,5422.0,0.33293592906557024
63856.80477029245,169216.0,95658.0,5402.0,0.34302489661058644
63856.81485926,169166.0,95631.0,5378.0,0.35311386415560264
63856.82494822755,169107.0,95614.0,5331.0,0.3632028317078948
63856.835037195095,169089.0,95611.0,5333.0,0.373291799252911
63856.84512616264,169073.0,95574.0,5308.0,0.3833807667979272
63856.85521513019,169043.0,95566.0,5283.0,0.39346973435021937
63856.86530409774,169008.0,95591.0,5289.0,0.40355870189523557
63856.87539306528,169015.0,95588.0,5264.0,0.4136476694402518
63856.885482032834,168988.0,95557.0,5272.0,0.42373663699254394
63856.89557100038,169026.0,95600.0,5277.0,0.43382560453756014
63856.905659967924,168975.0,95554.0,5249.0,0.44391457208257634
63856.91574893548,168996.0,95571.0,5238.0,0.4540035396348685
63856.92583790302,168985.0,95542.0,5253.0,0.4640925071798847
63856.93592687057,169003.0,95552.0,5258.0,0.4741814747249009
63856.94601583811,168963.0,95554.0,5229.0,0.4842704422699171
63856.956104805664,169042.0,95565.0,5272.0,0.4943594098222093
63856.96619377321,169010.0,95583.0,5255.0,0.5044483773672255
63856.976282740754,169008.0,95569.0,5259.0,0.5145373449122417
63856.986371708306,169033.0,95561.0,5248.0,0.5246263124645338
63856.99646067585,169050.0,95592.0,5275.0,0.53471528000955
63857.006549643396,169048.0,95579.0,5255.0,0.5448042475545662
63857.01663861095,169009.0,95582.0,5258.0,0.5548932151068584
63857.02672757849,169072.0,95577.0,5288.0,0.5649821826518746
63857.03681654604,169085.0,95574.0,5299.0,0.5750711501968908
63857.04690551359,169067.0,95589.0,5275.0,0.585160117749183
63857.056994481136,169050.0,95562.0,5259.0,0.5952490852941992
63857.06708344868,169078.0,95599.0,5290.0,0.6053380528392154
63857.07717241623,169053.0,95573.0,5291.0,0.6154270203915075
63857.08726138378,169072.0,95573.0,5282.0,0.6255159879365237
63857.09735035132,169046.0,95567.0,5275.0,0.63560495548154
63857.107439318876,169061.0,95567.0,5281.0,0.6456939230338321
63857.11752828642,169035.0,95563.0,5267.0,0.6557828905788483
63857.127617253966,169059.0,95580.0,5283.0,0.6658718581238645
63857.13770622151,169080.0,95605.0,5285.0,0.6759608256688807
63857.14779518906,169038.0,95573.0,5266.0,0.6860497932211729
63857.15788415661,169053.0,95595.0,5270.0,0.6961387607661891
63857.16797312415,169067.0,95586.0,5287.0,0.7062277283112053
63857.178062091705,169085.0,95569.0,5294.0,0.7163166958634974
63857.18815105925,169064.0,95562.0,5280.0,0.7264056634085136
63857.198240026795,169135.0,95633.0,5291.0,0.7364946309535298
63857.20832899435,169138.0,95604.0,5330.0,0.746583598505822
63857.21841796189,169106.0,95569.0,5314.0,0.7566725660508382
63857.22850692944,169144.0,95614.0,5316.0,0.7667615335958544
63857.23859589699,169152.0,95594.0,5353.0,0.7768505011481466
63857.248684864535,169172.0,95609.0,5324.0,0.7869394686931628
63857.25877383208,169170.0,95586.0,5334.0,0.797028436238179
63857.26886279963,169199.0,95618.0,5324.0,0.8071174037904711
63857.27895176718,169210.0,95623.0,5375.0,0.8172063713354873
63857.28904073472,169221.0,95620.0,5362.0,0.8272953388805036
63857.29912970227,169199.0,95600.0,5354.0,0.8373843064255198
63857.30921866982,169252.0,95648.0,5380.0,0.8474732739778119
63857.319307637365,169219.0,95614.0,5350.0,0.8575622415228281
63857.32939660491,169264.0,95633.0,5378.0,0.8676512090678443
63857.33948557246,169300.0,95658.0,5392.0,0.8777401766201365
63857.34957454001,169250.0,95647.0,5414.0,0.8878291441651527
63857.35966350755,169245.0,95614.0,5374.0,0.8979181117101689
63857.369752475104,169291.0,95653.0,5390.0,0.908007079262461
63857.37984144265,169275.0,95660.0,5396.0,0.9180960468074773
63857.389930410194,169287.0,95649.0,5404.0,0.9281850143524935
63857.40001937775,169319.0,95636.0,5388.0,0.9382739819047856
63857.41010834529,169320.0,95630.0,5396.0,0.9483629494498018
63857.42019731284,169332.0,95633.0,5453.0,0.958451916994818
63857.43028628039,169307.0,95616.0,5401.0,0.9685408845471102
63857.440375247934,169335.0,95656.0,5448.0,0.9786298520921264
63857.45046421548,169325.0,95663.0,5412.0,0.9887188196371426
63857.46055318303,169362.0,95663.0,5437.0,0.9988077871894347
63857.470642150576,169364.0,95667.0,5416.0,1.008896754734451
63857.48073111812,169400.0,95688.0,5454.0,1.0189857222794672
63857.490820085666,169375.0,95652.0,5435.0,1.0290746898244834
63857.50090905322,169418.0,95680.0,5461.0,1.0391636573767755
63857.51099802076,169415.0,95681.0,5453.0,1.0492526249217917
63857.52108698831,169420.0,95695.0,5444.0,1.059341592466808
63857.53117595586,169457.0,95696.0,5458.0,1.0694305600191
63857.541264923406,169467.0,95692.0,5470.0,1.0795195275641163
63857.55135389095,169462.0,95710.0,5486.0,1.0896084951091325
63857.5614428585,169433.0,95647.0,5483.0,1.0996974626614247
63857.57153182605,169402.0,95671.0,5454.0,1.1097864302064409
63857.58162079359,169399.0,95665.0,5467.0,1.119875397751457
63857.591709761145,169407.0,95620.0,5493.0,1.1299643653037492
63857.60179872869,169286.0,95613.0,5457.0,1.1400533328487654
63857.611887696235,169268.0,95622.0,5427.0,1.1501423003937816
63857.62197666379,169215.0,95616.0,5399.0,1.1602312679460738
63857.63206563133,169153.0,95593.0,5383.0,1.17032023549109
63857.64215459888,169125.0,95613.0,5347.0,1.1804092030361062
63857.65224356642,169133.0,95609.0,5369.0,1.1904981705811224
63857.662332533975,169102.0,95600.0,5320.0,1.2005871381334146
63857.67242150152,169077.0,95562.0,5308.0,1.2106761056784308
63857.682510469065,169080.0,95554.0,5292.0,1.220765073223447
63857.69259943662,169052.0,95553.0,5291.0,1.2308540407757391
63857.70268840416,169074.0,95566.0,5287.0,1.2409430083207553
63857.71277737171,169055.0,95561.0,5299.0,1.2510319758657715
63857.72286633926,169086.0,95572.0,5285.0,1.2611209434180637
63857.732955306805,169061.0,95543.0,5286.0,1.27120991096308
63857.74304427435,169073.0,95546.0,5268.0,1.281298878508096
63857.7531332419,169087.0,95566.0,5288.0,1.2913878460603883
63857.76322220945,169103.0,95599.0,5290.0,1.3014768136054045
63857.77331117699,169090.0,95576.0,5275.0,1.3115657811504207
63857.783400144544,169103.0,95571.0,5295.0,1.3216547487027128
63857.79348911209,169131.0,95577.0,5321.0,1.331743716247729
63857.803578079634,169119.0,95566.0,5311.0,1.3418326837927452
63857.81366704719,169122.0,95572.0,5297.0,1.3519216513450374
63857.82375601473,169125.0,95577.0,5284.0,1.3620106188900536
63857.83384498228,169097.0,95587.0,5313.0,1.3720995864350698
63857.84393394982,169084.0,95584.0,5282.0,1.382188553980086
63857.854022917374,169112.0,95589.0,5296.0,1.3922775215323782
63857.86411188492,169098.0,95567.0,5296.0,1.4023664890773944
63857.874200852464,169081.0,95539.0,5278.0,1.4124554566224106
63857.88428982002,169064.0,95539.0,5286.0,1.4225444241747027
63857.89437878756,169071.0,95583.0,5303.0,1.432633391719719
63857.90446775511,169077.0,95553.0,5269.0,1.4427223592647351
63857.91455672266,169068.0,95546.0,5308.0,1.4528113268170273
63857.924645690204,169079.0,95569.0,5284.0,1.4629002943620435
63857.93473465775,169080.0,95569.0,5290.0,1.4729892619070597
63857.9448236253,169065.0,95565.0,5281.0,1.4830782294593519
63857.954912592846,169052.0,95533.0,5265.0,1.493167197004368
63857.96500156039,169087.0,95567.0,5257.0,1.5032561645493843
63857.97509052794,169083.0,95565.0,5297.0,1.5133451321016764
63857.98517949549,169081.0,95558.0,5277.0,1.5234340996466926
63857.99526846303,169091.0,95576.0,5274.0,1.5335230671917088
63858.005357430586,169138.0,95620.0,5292.0,1.543612034744001
63858.01544639813,169100.0,95542.0,5273.0,1.5537010022890172
63858.025535365676,169152.0,95588.0,5283.0,1.5637899698340334
63858.03562433322,169129.0,95567.0,5279.0,1.5738789373790496
63858.04571330077,169119.0,95541.0,5307.0,1.5839679049313418
63858.05580226832,169132.0,95544.0,5282.0,1.594056872476358
63858.06589123586,169162.0,95584.0,5308.0,1.6041458400213742
63858.075980203415,169140.0,95564.0,5285.0,1.6142348075736663
63858.08606917096,169124.0,95555.0,5270.0,1.6243237751186825
63858.096158138505,169127.0,95554.0,5279.0,1.6344127426636987
63858.10624710606,169149.0,95564.0,5293.0,1.644501710215991
63858.1163360736,169121.0,95556.0,5271.0,1.654590677761007
63858.12642504115,169119.0,95545.0,5270.0,1.6646796453060233
63858.1365140087,169106.0,95573.0,5281.0,1.6747686128583155
63858.146602976245,169090.0,95527.0,5260.0,1.6848575804033317
63858.15669194379,169079.0,95517.0,5269.0,1.6949465479483479
63858.16678091134,169073.0,95525.0,5236.0,1.70503551550064
63858.17686987889,169083.0,95551.0,5257.0,1.7151244830456562
63858.18695884643,169034.0,95487.0,5216.0,1.7252134505906724
63858.197047813985,169050.0,95510.0,5222.0,1.7353024181429646
63858.20713678153,169001.0,95519.0,5222.0,1.7453913856879808
63858.217225749075,169039.0,95500.0,5237.0,1.755480353232997
63858.22731471662,169004.0,95511.0,5199.0,1.7655693207780132
63858.23740368417,168995.0,95496.0,5208.0,1.7756582883303054
63858.24749265172,168947.0,95484.0,5223.0,1.7857472558753216
63858.25758161926,168903.0,95434.0,5166.0,1.7958362234203378
63858.267670586814,168860.0,95449.0,5156.0,1.80592519097263
63858.27775955436,168871.0,95459.0,5198.0,1.8160141585176461
63858.287848521904,168833.0,95385.0,5184.0,1.8261031260626623
63858.29793748946,168713.0,95355.0,5152.0,1.8361920936149545
63858.308026457,168688.0,95370.0,5130.0,1.8462810611599707
63858.31811542455,168594.0,95340.0,5116.0,1.856370028704987
63858.3282043921,168462.0,95296.0,5086.0,1.866458996257279
63858.338293359644,168302.0,95273.0,5035.0,1.8765479638022953
63858.34838232719,168164.0,95181.0,5036.0,1.8866369313473115
63858.35847129474,168013.0,95137.0,4968.0,1.8967258988996036
63858.368560262286,167790.0,95061.0,4912.0,1.9068148664446198
63858.37864922983,167617.0,94998.0,4868.0,1.916903833989636
63858.38873819738,167401.0,94912.0,4824.0,1.9269928015346522
63858.39882716493,167275.0,94902.0,4766.0,1.9370817690869444
63858.408916132474,167099.0,94826.0,4763.0,1.9471707366319606
63858.41900510002,166996.0,94814.0,4740.0,1.9572597041769768
63858.42909406757,166883.0,94762.0,4661.0,1.967348671729269
63858.439183035116,166808.0,94731.0,4659.0,1.9774376392742852
63858.44927200266,166734.0,94695.0,4642.0,1.9875266068193014
63858.45936097021,166709.0,94682.0,4633.0,1.9976155743715935
63858.46944993776,166617.0,94652.0,4596.0,2.0077045419166097
63858.4795389053,166592.0,94658.0,4615.0,2.017793509461626
63858.489627872856,166566.0,94674.0,4598.0,2.027882477013918
63858.4997168404,166544.0,94625.0,4598.0,2.0379714445589343
63858.509805807946,166504.0,94613.0,4581.0,2.0480604121039505
63858.5198947755,166519.0,94644.0,4603.0,2.0581493796562427
63858.52998374304,166501.0,94632.0,4574.0,2.068238347201259
63858.54007271059,166461.0,94629.0,4569.0,2.078327314746275
63858.55016167814,166466.0,94626.0,4571.0,2.0884162822985672
63858.560250645685,166467.0,94611.0,4560.0,2.0985052498435834
63858.57033961323,166481.0,94636.0,4569.0,2.1085942173885996
63858.580428580775,166475.0,94617.0,4537.0,2.118683184933616
63858.59051754833,166488.0,94651.0,4587.0,2.128772152485908
63858.60060651587,166453.0,94619.0,4555.0,2.138861120030924
63858.61069548342,166447.0,94640.0,4556.0,2.1489500875759404
63858.62078445097,166434.0,94627.0,4546.0,2.1590390551282326
63858.630873418515,166393.0,94612.0,4555.0,2.169128022673249
63858.64096238606,166386.0,94586.0,4520.0,2.179216990218265
63858.65105135361,166380.0,94617.0,4542.0,2.189305957770557
63858.66114032116,166354.0,94632.0,4520.0,2.1993949253155733
63858.6712292887,166361.0,94620.0,4557.0,2.2094838928605895
63858.681318256255,166296.0,94617.0,4508.0,2.2195728604128817
63858.6914072238,166321.0,94597.0,4516.0,2.229661827957898
63858.701496191345,166299.0,94623.0,4518.0,2.239750795502914
63858.7115851589,166245.0,94577.0,4490.0,2.2498397630552063
63858.72167412644,166278.0,94588.0,4472.0,2.2599287306002225
63858.73176309399,166250.0,94593.0,4508.0,2.2700176981452387
63858.74185206153,166216.0,94565.0,4541.0,2.280106665690255
63858.751941029084,166214.0,94567.0,4479.0,2.290195633242547
63858.76202999663,166190.0,94560.0,4518.0,2.3002846007875632
63858.772118964174,166202.0,94569.0,4500.0,2.3103735683325795
63858.78220793173,166181.0,94550.0,4516.0,2.3204625358848716
63858.79229689927,166133.0,94549.0,4495.0,2.330551503429888
63858.80238586682,166103.0,94503.0,4501.0,2.340640470974904
63858.81247483437,166056.0,94539.0,4518.0,2.350729438527196
63858.822563801914,166052.0,94528.0,4502.0,2.3608184060722124
63858.83265276946,165960.0,94491.0,4473.0,2.3709073736172286
63858.84274173701,165961.0,94490.0,4512.0,2.3809963411695207
63858.852830704556,165945.0,94478.0,4502.0,2.391085308714537
63858.8629196721,165901.0,94449.0,4521.0,2.401174276259553
63858.87300863965,165840.0,94438.0,4507.0,2.4112632438118453
63858.8830976072,165806.0,94422.0,4499.0,2.4213522113568615
63858.89318657474,165776.0,94430.0,4495.0,2.4314411789018777
63858.903275542296,165719.0,94403.0,4487.0,2.44153014645417
63858.91336450984,165621.0,94385.0,4478.0,2.451619113999186
63858.923453477386,165580.0,94341.0,4469.0,2.4617080815442023
63858.93354244493,165513.0,94327.0,4478.0,2.4717970490892185
63858.94363141248,165407.0,94240.0,4473.0,2.4818860166415107
63858.95372038003,165358.0,94268.0,4478.0,2.491974984186527
63858.96380934757,165278.0,94264.0,4440.0,2.502063951731543
63858.973898315126,165260.0,94240.0,4469.0,2.512152919283835
63858.98398728267,165248.0,94224.0,4468.0,2.5222418868288514
63858.994076250216,165238.0,94217.0,4456.0,2.5323308543738676
63859.00416521777,165210.0,94209.0,4479.0,2.54241982192616
63859.01425418531,165138.0,94167.0,4455.0,2.552508789471176
63859.02434315286,165131.0,94174.0,4459.0,2.562597757016192
63859.03443212041,165070.0,94162.0,4437.0,2.5726867245684844
63859.044521087955,165070.0,94175.0,4457.0,2.5827756921135006
63859.0546100555,165007.0,94137.0,4400.0,2.5928646596585168
63859.06469902305,164952.0,94124.0,4387.0,2.602953627210809
63859.0747879906,164859.0,94141.0,4370.0,2.613042594755825
63859.08487695814,164794.0,94057.0,4320.0,2.6231315623008413
63859.09496592569,164715.0,94081.0,4288.0,2.6332205298458575
63859.10505489324,164668.0,94041.0,4275.0,2.6433094973981497
63859.115143860785,164592.0,94017.0,4253.0,2.653398464943166
63859.12523282833,164499.0,93994.0,4213.0,2.663487432488182
63859.13532179588,164413.0,93960.0,4196.0,2.6735764000404743
63859.14541076343,164371.0,93956.0,4204.0,2.6836653675854905
63859.15549973097,164318.0,93952.0,4155.0,2.6937543351305067
63859.165588698525,164249.0,93915.0,4189.0,2.703843302682799
63859.17567766607,164217.0,93896.0,4179.0,2.713932270227815
63859.185766633615,164150.0,93889.0,4167.0,2.7240212377728312
63859.19585560117,164120.0,93914.0,4156.0,2.7341102053251234
63859.20594456871,164085.0,93874.0,4172.0,2.7441991728701396
63859.21603353626,164032.0,93898.0,4177.0,2.754288140415156
63859.22612250381,163976.0,93830.0,4144.0,2.764377107967448
63859.236211471354,163916.0,93804.0,4158.0,2.774466075512464
63859.2463004389,163895.0,93805.0,4133.0,2.7845550430574804
63859.25638940645,163814.0,93823.0,4144.0,2.7946440106097725
63859.266478374,163814.0,93783.0,4128.0,2.8047329781547887
63859.27656734154,163779.0,93762.0,4113.0,2.814821945699805
63859.28665630909,163687.0,93723.0,4104.0,2.824910913244821
63859.29674527664,163645.0,93734.0,4109.0,2.8349998807971133
63859.306834244184,163646.0,93718.0,4108.0,2.8450888483421295
63859.31692321173,163597.0,93698.0,4116.0,2.8551778158871457
63859.32701217928,163552.0,93735.0,4137.0,2.865266783439438
63859.337101146826,163497.0,93693.0,4106.0,2.875355750984454
63859.34719011437,163358.0,93615.0,4103.0,2.8854447185294703
63859.35727908192,163158.0,93583.0,4116.0,2.8955336860817624
63859.36736804947,163016.0,93512.0,4098.0,2.9056226536267786
63859.37745701701,162953.0,93492.0,4095.0,2.915711621171795
63859.387545984566,162870.0,93453.0,4064.0,2.925800588724087
63859.39763495211,162832.0,93456.0,4056.0,2.935889556269103
63859.407723919656,162750.0,93421.0,4038.0,2.9459785238141194
63859.41781288721,162729.0,93398.0,4054.0,2.9560674913664116
63859.42790185475,162686.0,93399.0,4061.0,2.9661564589114278
63859.4379908223,162638.0,93393.0,4032.0,2.976245426456444
63859.44807978985,162605.0,93370.0,4044.0,2.986334394008736
63859.458168757395,162590.0,93357.0,4046.0,2.9964233615537523
63859.46825772494,162629.0,93367.0,4024.0,3.0065123290987685
63859.478346692486,162622.0,93380.0,4035.0,3.0166012966437847
63859.48843566004,162605.0,93396.0,4062.0,3.026690264196077
63859.49852462758,162591.0,93351.0,4022.0,3.036779231741093
63859.50861359513,162622.0,93362.0,4025.0,3.0468681992861093
63859.51870256268,162636.0,93391.0,4049.0,3.0569571668384015
63859.528791530225,162591.0,93365.0,4046.0,3.0670461343834177
63859.53888049777,162610.0,93391.0,4068.0,3.077135101928434
63859.54896946532,162542.0,93338.0,4033.0,3.087224069480726
63859.55905843287,162609.0,93364.0,4044.0,3.0973130370257422
63859.56914740041,162608.0,93364.0,4044.0,3.1074020045707584
63859.579236367965,162599.0,93360.0,4054.0,3.1174909721230506
63859.58932533551,162615.0,93387.0,4075.0,3.127579939668067
63859.599414303055,162565.0,93359.0,4053.0,3.137668907213083
63859.60950327061,162540.0,93346.0,4048.0,3.147757874765375
63859.61959223815,162460.0,93319.0,4045.0,3.1578468423103914
63859.6296812057,162479.0,93315.0,4056.0,3.1679358098554076
63859.63977017325,162452.0,93328.0,4054.0,3.1780247774076997
63859.649859140794,162433.0,93339.0,4065.0,3.188113744952716
63859.65994810834,162394.0,93279.0,4032.0,3.198202712497732
63859.670037075884,162378.0,93307.0,4067.0,3.2082916800427483
63859.68012604344,162302.0,93277.0,4039.0,3.2183806475950405
63859.69021501098,162271.0,93268.0,4062.0,3.2284696151400567
63859.70030397853,162172.0,93210.0,4037.0,3.238558582685073
63859.71039294608,162119.0,93179.0,4062.0,3.248647550237365
63859.720481913624,162014.0,93160.0,4041.0,3.2587365177823813
63859.73057088117,161919.0,93124.0,4019.0,3.2688254853273975
63859.74065984872,161833.0,93113.0,4026.0,3.2789144528796896
63859.75074881627,161694.0,93015.0,4035.0,3.289003420424706
63859.76083778381,161574.0,93022.0,4008.0,3.299092387969722
63859.770926751364,161426.0,92971.0,4015.0,3.309181355522014
63859.78101571891,161323.0,92946.0,3978.0,3.3192703230670304
63859.791104686454,161158.0,92862.0,3957.0,3.3293592906120466
63859.801193654006,160983.0,92835.0,3929.0,3.3394482581643388
63859.81128262155,160768.0,92758.0,3877.0,3.349537225709355
63859.821371589096,160619.0,92682.0,3916.0,3.359626193254371
63859.83146055664,160414.0,92640.0,3855.0,3.3697151607993874
63859.84154952419,160220.0,92600.0,3850.0,3.3798041283516795
63859.85163849174,160073.0,92548.0,3845.0,3.3898930958966957
63859.86172745928,159865.0,92466.0,3822.0,3.399982063441712
63859.871816426836,159715.0,92430.0,3826.0,3.410071030994004
63859.88190539438,159546.0,92358.0,3815.0,3.4201599985390203
63859.891994361926,159433.0,92319.0,3839.0,3.4302489660840365
63859.90208332948,159315.0,92281.0,3819.0,3.4403379336363287
63859.91217229702,159188.0,92247.0,3812.0,3.450426901181345
63859.92226126457,159099.0,92229.0,3839.0,3.460515868726361
63859.93235023212,158994.0,92188.0,3849.0,3.4706048362786532
63859.942439199665,158873.0,92139.0,3810.0,3.4806938038236694
63859.95252816721,158772.0,92120.0,3850.0,3.4907827713686856
63859.96261713476,158616.0,92067.0,3801.0,3.500871738920978
63859.97270610231,158559.0,92025.0,3806.0,3.510960706465994
63859.98279506985,158474.0,92026.0,3792.0,3.52104967401101
63859.992884037405,158360.0,92014.0,3823.0,3.5311386415633024
63860.00297300495,158312.0,91955.0,3811.0,3.5412276091083186
63860.013061972495,158227.0,91914.0,3852.0,3.5513165766533348
63860.02315094004,158151.0,91891.0,3831.0,3.561405544198351
63860.03323990759,158032.0,91876.0,3799.0,3.571494511750643
63860.04332887514,158020.0,91853.0,3796.0,3.5815834792956593
63860.05341784268,157941.0,91832.0,3820.0,3.5916724468406755
63860.063506810235,157876.0,91836.0,3826.0,3.6017614143929677
63860.07359577778,157854.0,91816.0,3837.0,3.611850381937984
63860.083684745325,157788.0,91786.0,3843.0,3.621939349483
63860.09377371288,157707.0,91739.0,3813.0,3.6320283170352923
63860.10386268042,157649.0,91711.0,3804.0,3.6421172845803085
63860.11395164797,157594.0,91721.0,3837.0,3.6522062521253247
63860.12404061552,157528.0,91697.0,3833.0,3.662295219677617
63860.134129583064,157510.0,91662.0,3821.0,3.672384187222633
63860.14421855061,157434.0,91679.0,3811.0,3.6824731547676492
63860.15430751816,157452.0,91666.0,3835.0,3.6925621223199414
63860.16439648571,157391.0,91611.0,3799.0,3.7026510898649576
63860.17448545325,157420.0,91634.0,3816.0,3.712740057409974
63860.1845744208,157408.0,91635.0,3816.0,3.72282902495499
63860.19466338835,157425.0,91633.0,3811.0,3.732917992507282
63860.204752355894,157427.0,91636.0,3820.0,3.7430069600522984
63860.21484132344,157488.0,91664.0,3836.0,3.7530959275973146
63860.22493029099,157510.0,91650.0,3823.0,3.7631848951496067
63860.235019258536,157520.0,91685.0,3865.0,3.773273862694623
63860.24510822608,157556.0,91677.0,3823.0,3.783362830239639
63860.255197193634,157558.0,91684.0,3848.0,3.7934517977919313
63860.26528616118,157579.0,91694.0,3872.0,3.8035407653369475
63860.275375128724,157573.0,91695.0,3860.0,3.8136297328819637
63860.285464096276,157636.0,91708.0,3895.0,3.823718700434256
63860.29555306382,157666.0,91714.0,3877.0,3.833807667979272
63860.305642031366,157689.0,91727.0,3851.0,3.8438966355242883
63860.31573099892,157781.0,91765.0,3860.0,3.8539856030765804
63860.32581996646,157857.0,91780.0,3893.0,3.8640745706215966
63860.33590893401,157869.0,91792.0,3884.0,3.874163538166613
63860.34599790156,157900.0,91805.0,3892.0,3.884252505718905
63860.356086869106,157918.0,91828.0,3886.0,3.894341473263921
63860.36617583665,157951.0,91828.0,3867.0,3.9044304408089374
63860.376264804196,158616.0,92067.0,3894.0,3.9145194083539536
63860.38635377175,158032.0,91853.0,3878.0,3.924608375906246
63860.39644273929,158067.0,91852.0,3915.0,3.934697343451262
63860.40653170684,158148.0,91904.0,3910.0,3.944786310996278
63860.41662067439,158132.0,91875.0,3873.0,3.9548752785485703
63860.426709641935,158144.0,91891.0,3905.0,3.9649642460935866
63860.43679860948,158219.0,91904.0,3936.0,3.9750532136386028
63860.44688757703,158275.0,91935.0,3904.0,3.985142181190895
63860.45697654458,158300.0,91931.0,3935.0,3.995231148735911
63860.46706551212,158354.0,91958.0,3915.0,4.005320116280927
63860.477154479675,158395.0,91960.0,3915.0,4.0154090838332195
63860.48724344722,158443.0,91998.0,3911.0,4.025498051378236
63860.497332414765,158505.0,91990.0,3921.0,4.035587018923252
63860.50742138232,158487.0,92005.0,3881.0,4.045675986475544
63860.51751034986,158421.0,91972.0,3866.0,4.05576495402056
63860.52759931741,158451.0,91967.0,3851.0,4.0658539215655765
63860.53768828496,158395.0,91982.0,3860.0,4.075942889117869
63860.547777252505,158373.0,91970.0,3806.0,4.086031856662885
63860.55786622005,158399.0,91983.0,3817.0,4.096120824207901
63860.567955187595,158482.0,92035.0,3835.0,4.106209791752917
63860.57804415515,158518.0,92030.0,3814.0,4.116298759305209
63860.58813312269,158602.0,92069.0,3795.0,4.126387726850226
63860.59822209024,158665.0,92079.0,3798.0,4.136476694395242
63860.60831105779,158807.0,92147.0,3810.0,4.146565661947534
63860.618400025334,158927.0,92188.0,3813.0,4.15665462949255
63860.62848899288,159072.0,92248.0,3806.0,4.166743597037566
63860.63857796043,159220.0,92290.0,3827.0,4.1768325645898585
63860.64866692798,159343.0,92340.0,3816.0,4.186921532134875
63860.65875589552,159506.0,92392.0,3811.0,4.197010499679891
63860.668844863074,159648.0,92488.0,3821.0,4.207099467232183
63860.67893383062,159834.0,92508.0,3824.0,4.217188434777199
63860.689022798164,159922.0,92586.0,3804.0,4.2272774023222155
63860.699111765716,160072.0,92626.0,3834.0,4.237366369874508
63860.70920073326,160164.0,92662.0,3811.0,4.247455337419524
63860.719289700806,160262.0,92661.0,3822.0,4.25754430496454
63860.72937866836,160351.0,92707.0,3801.0,4.267633272516832
63860.7394676359,160503.0,92782.0,3813.0,4.277722240061848
63860.74955660345,160602.0,92821.0,3806.0,4.287811207606865
63860.75964557099,160746.0,92838.0,3821.0,4.297900175151881
63860.769734538546,160910.0,92916.0,3816.0,4.307989142704173
63860.77982350609,161066.0,92957.0,3832.0,4.318078110249189
63860.789912473636,161165.0,92993.0,3814.0,4.328167077794205
63860.80000144119,161288.0,93032.0,3805.0,4.338256045346498
63860.81009040873,161419.0,93110.0,3839.0,4.348345012891514
63860.82017937628,161452.0,93076.0,3801.0,4.35843398043653
63860.83026834383,161560.0,93143.0,3813.0,4.368522947988822
63860.840357311376,161662.0,93159.0,3811.0,4.378611915533838
63860.85044627892,161775.0,93237.0,3823.0,4.3887008830788545
63860.86053524647,161812.0,93238.0,3792.0,4.398789850631147
63860.87062421402,161923.0,93269.0,3815.0,4.408878818176163
63860.88071318156,161987.0,93302.0,3786.0,4.418967785721179
63860.890802149115,162030.0,93306.0,3810.0,4.429056753273471
63860.90089111666,162093.0,93329.0,3813.0,4.4391457208184875
63860.910980084205,162180.0,93347.0,3824.0,4.449234688363504
63860.92106905175,162241.0,93403.0,3841.0,4.45932365590852
63860.9311580193,162286.0,93373.0,3819.0,4.469412623460812
63860.94124698685,162366.0,93424.0,3805.0,4.479501591005828
63860.95133595439,162456.0,93468.0,3860.0,4.489590558550844
63860.961424921945,162478.0,93441.0,3854.0,4.499679526103137
63860.97151388949,162548.0,93474.0,3836.0,4.509768493648153
63860.981602857035,162629.0,93528.0,3876.0,4.519857461193169
63860.99169182459,162697.0,93531.0,3858.0,4.529946428745461
63861.00178079213,162773.0,93563.0,3877.0,4.540035396290477
63861.01186975968,162880.0,93583.0,3862.0,4.550124363835494
63861.02195872723,162937.0,93614.0,3909.0,4.560213331387786
63861.032047694775,162990.0,93608.0,3881.0,4.570302298932802
63861.04213666232,163056.0,93651.0,3904.0,4.580391266477818
63861.05222562987,163108.0,93671.0,3911.0,4.59048023403011
63861.06231459742,163199.0,93690.0,3942.0,4.6005692015751265
63861.07240356496,163241.0,93702.0,3925.0,4.610658169120143
63861.082492532514,163305.0,93736.0,3956.0,4.620747136672435
63861.09258150006,163369.0,93734.0,3955.0,4.630836104217451
63861.102670467604,163405.0,93756.0,3953.0,4.640925071762467
63861.11275943515,163474.0,93816.0,3957.0,4.6510140393074835
63861.1228484027,163555.0,93802.0,3965.0,4.661103006859776
63861.13293737025,163604.0,93799.0,3968.0,4.671191974404792
63861.14302633779,163678.0,93841.0,3981.0,4.681280941949808
63861.153115305344,163777.0,93879.0,3994.0,4.6913699095021
63861.16320427289,163800.0,93887.0,3994.0,4.701458877047116
63861.173293240434,163846.0,93921.0,4002.0,4.711547844592133
63861.183382207986,163914.0,93939.0,3990.0,4.721636812144425
63861.19347117553,163976.0,93972.0,4036.0,4.731725779689441
63861.203560143076,164020.0,93974.0,4022.0,4.741814747234457
63861.21364911063,164024.0,93968.0,4028.0,4.751903714786749
63861.22373807817,164101.0,93987.0,4032.0,4.7619926823317655
63861.23382704572,164048.0,93954.0,4010.0,4.772081649876782
63861.24391601327,164091.0,93985.0,4008.0,4.782170617429074
63861.254004980816,164064.0,93990.0,3993.0,4.79225958497409
63861.26409394836,164124.0,94024.0,4011.0,4.802348552519106
63861.274182915906,164094.0,93970.0,3974.0,4.8124375200641225
63861.28427188346,164113.0,94013.0,3965.0,4.822526487616415
63861.294360851,164121.0,94047.0,3973.0,4.832615455161431
63861.30444981855,164158.0,94045.0,3962.0,4.842704422706447
63861.3145387861,164112.0,94038.0,3924.0,4.852793390258739
63861.324627753645,164150.0,94043.0,3930.0,4.862882357803755
63861.33471672119,164159.0,94043.0,3944.0,4.872971325348772
63861.34480568874,164052.0,93993.0,3882.0,4.883060292901064
63861.35489465629,164023.0,93978.0,3922.0,4.89314926044608
63861.36498362383,163979.0,93968.0,3914.0,4.903238227991096
63861.375072591385,163959.0,93978.0,3909.0,4.913327195543388
63861.38516155893,163929.0,93944.0,3898.0,4.923416163088405
63861.395250526475,163976.0,93989.0,3922.0,4.933505130633421
63861.40533949403,163970.0,93963.0,3914.0,4.943594098185713
63861.41542846157,163993.0,93948.0,3913.0,4.953683065730729
63861.42551742912,164010.0,93947.0,3924.0,4.963772033275745
63861.43560639667,164035.0,93964.0,3939.0,4.9738610008280375
63861.445695364215,164037.0,93975.0,3907.0,4.983949968373054
63861.45578433176,164035.0,93991.0,3941.0,4.99403893591807
63861.465873299305,164138.0,94017.0,3948.0,5.004127903463086
63861.47596226686,164179.0,94034.0,3947.0,5.014216871015378
63861.4860512344,164194.0,94029.0,3913.0,5.0243058385603945
63861.49614020195,164261.0,94067.0,3942.0,5.034394806105411
63861.5062291695,164342.0,94127.0,3948.0,5.044483773657703
63861.516318137044,164311.0,94094.0,3944.0,5.054572741202719
63861.52640710459,164366.0,94113.0,3958.0,5.064661708747735
63861.53649607214,164348.0,94129.0,3944.0,5.074750676300027
63861.54658503969,164334.0,94091.0,3944.0,5.084839643845044
63861.55667400723,164354.0,94096.0,3930.0,5.09492861139006
63861.566762974784,164447.0,94138.0,3926.0,5.105017578942352
63861.57685194233,164450.0,94129.0,3947.0,5.115106546487368
63861.586940909874,164472.0,94140.0,3971.0,5.125195514032384
63861.59702987743,164505.0,94150.0,3949.0,5.1352844815846765
63861.60711884497,164515.0,94174.0,3965.0,5.145373449129693
63861.61720781252,164466.0,94128.0,3932.0,5.155462416674709
63861.62729678006,164463.0,94126.0,3936.0,5.165551384219725
63861.637385747614,164494.0,94154.0,3937.0,5.175640351772017
63861.64747471516,164476.0,94149.0,3972.0,5.1857293193170335
63861.657563682704,164491.0,94141.0,3937.0,5.19581828686205
63861.667652650256,164479.0,94103.0,3927.0,5.205907254414342
63861.6777416178,164513.0,94159.0,3945.0,5.215996221959358
63861.687830585346,164493.0,94115.0,3920.0,5.226085189504374
63861.6979195529,164533.0,94132.0,3941.0,5.2361741570566664
63861.70800852044,164579.0,94163.0,3915.0,5.246263124601683
63861.71809748799,164591.0,94142.0,3966.0,5.256352092146699
63861.72818645554,164617.0,94166.0,3936.0,5.266441059698991
63861.738275423086,164632.0,94154.0,3944.0,5.276530027244007
63861.74836439063,164671.0,94149.0,3950.0,5.286618994789023
63861.75845335818,164628.0,94119.0,3927.0,5.296707962341316
63861.76854232573,164612.0,94121.0,3941.0,5.306796929886332
63861.77863129327,164589.0,94116.0,3948.0,5.316885897431348
63861.788720260825,164558.0,94115.0,3970.0,5.32697486498364
63861.79880922837,164561.0,94114.0,3937.0,5.337063832528656
63861.808898195915,164568.0,94138.0,3960.0,5.3471528000736726
63861.81898716346,164652.0,94133.0,3959.0,5.357241767618689
63861.82907613101,164732.0,94152.0,3950.0,5.367330735170981
63861.83916509856,164781.0,94181.0,3961.0,5.377419702715997
63861.8492540661,164893.0,94220.0,3995.0,5.387508670261013
63861.859343033655,164925.0,94217.0,3990.0,5.3975976378133055
63861.8694320012,164947.0,94236.0,3982.0,5.407686605358322
63861.879520968745,164982.0,94267.0,4022.0,5.417775572903338
63861.8896099363,165041.0,94257.0,4028.0,5.42786454045563
63861.89969890384,165003.0,94230.0,4004.0,5.437953508000646
63861.90978787139,164952.0,94235.0,3997.0,5.4480424755456625
63861.91987683894,164909.0,94203.0,4019.0,5.458131443097955
63861.929965806485,164792.0,94159.0,3993.0,5.468220410642971
63861.94005477403,164727.0,94146.0,4001.0,5.478309378187987
63861.95014374158,164683.0,94146.0,4005.0,5.488398345740279
63861.96023270913,164649.0,94101.0,4018.0,5.498487313285295
63861.97032167667,164593.0,94093.0,3973.0,5.508576280830312
63861.980410644224,164598.0,94104.0,3999.0,5.518665248382604
63861.99049961177,164567.0,94099.0,4006.0,5.52875421592762
63862.000588579314,164512.0,94100.0,4017.0,5.538843183472636
63862.01067754686,164426.0,94065.0,3962.0,5.548932151017652
63862.02076651441,164348.0,94061.0,3993.0,5.5590211185699445
63862.03085548196,164261.0,94007.0,3988.0,5.569110086114961
63862.0409444495,164158.0,93944.0,3984.0,5.579199053659977
63862.051033417054,164142.0,93938.0,4007.0,5.589288021212269
63862.0611223846,164150.0,93996.0,3990.0,5.599376988757285
63862.071211352144,164143.0,93978.0,3982.0,5.6094659563023015
63862.081300319696,164102.0,93967.0,3985.0,5.619554923854594
63862.09138928724,164141.0,93992.0,4004.0,5.62964389139961
63862.101478254786,164099.0,93935.0,3977.0,5.639732858944626
63862.11156722234,164093.0,93955.0,3990.0,5.649821826496918
63862.121656189884,164084.0,93933.0,3981.0,5.659910794041934
63862.13174515743,164097.0,93957.0,3973.0,5.669999761586951
63862.14183412498,164119.0,93975.0,3979.0,5.680088729139243
63862.151923092526,164183.0,93992.0,4018.0,5.690177696684259
63862.16201206007,164202.0,94012.0,4042.0,5.700266664229275
63862.17210102762,164224.0,94003.0,4030.0,5.710355631781567
63862.18218999517,164239.0,93989.0,4019.0,5.720444599326584
63862.19227896271,164285.0,94022.0,4032.0,5.7305335668716
63862.20236793026,164341.0,94082.0,4042.0,5.740622534416616
63862.21245689781,164362.0,94018.0,4038.0,5.750711501968908
63862.222545865356,164403.0,94092.0,4032.0,5.760800469513924
63862.2326348329,164454.0,94078.0,4053.0,5.7708894370589405
63862.24272380045,164475.0,94071.0,4066.0,5.780978404611233
63862.252812768,164561.0,94108.0,4081.0,5.791067372156249
63862.26290173554,164612.0,94144.0,4074.0,5.801156339701265
63862.272990703095,164626.0,94124.0,4071.0,5.811245307253557
63862.28307967064,164643.0,94100.0,4105.0,5.8213342747985735
63862.293168638185,164666.0,94147.0,4071.0,5.83142324234359
63862.30325760574,164680.0,94119.0,4078.0,5.841512209895882
63862.31334657328,164720.0,94139.0,4078.0,5.851601177440898
63862.32343554083,164731.0,94151.0,4055.0,5.861690144985914
63862.33352450838,164768.0,94189.0,4097.0,5.871779112538206
63862.343613475925,164790.0,94167.0,4074.0,5.881868080083223
63862.35370244347,164830.0,94195.0,4090.0,5.891957047628239
63862.363791411015,164909.0,94208.0,4118.0,5.902046015173255
63862.37388037857,164893.0,94251.0,4100.0,5.912134982725547
63862.38396934611,164943.0,94232.0,4086.0,5.922223950270563
63862.39405831366,165010.0,94237.0,4109.0,5.93231291781558
63862.40414728121,165023.0,94230.0,4124.0,5.942401885367872
63862.414236248755,165039.0,94199.0,4128.0,5.952490852912888
63862.4243252163,165045.0,94236.0,4121.0,5.962579820457904
63862.43441418385,165080.0,94237.0,4114.0,5.972668788010196
63862.4445031514,165113.0,94244.0,4132.0,5.9827577555552125
63862.45459211894,165182.0,94264.0,4133.0,5.992846723100229
63862.464681086494,165178.0,94276.0,4147.0,6.002935690652521
63862.47477005404,165228.0,94307.0,4136.0,6.013024658197537
63862.484859021584,165249.0,94295.0,4139.0,6.023113625742553
63862.49494798914,165293.0,94316.0,4129.0,6.033202593294845
63862.50503695668,165373.0,94357.0,4164.0,6.043291560839862
63862.51512592423,165404.0,94343.0,4164.0,6.053380528384878
63862.52521489178,165400.0,94396.0,4153.0,6.06346949593717
63862.535303859324,165473.0,94388.0,4129.0,6.073558463482186
63862.54539282687,165492.0,94387.0,4169.0,6.083647431027202
63862.555481794414,165479.0,94363.0,4126.0,6.093736398572219
63862.565570761966,165525.0,94439.0,4162.0,6.103825366124511
63862.57565972951,165495.0,94414.0,4166.0,6.113914333669527
63862.585748697056,165497.0,94434.0,4179.0,6.124003301214543
63862.59583766461,165472.0,94363.0,4167.0,6.134092268766835
63862.60592663215,165436.0,94389.0,4167.0,6.1441812363118515
63862.6160155997,165431.0,94374.0,4163.0,6.154270203856868
63862.62610456725,165460.0,94381.0,4144.0,6.16435917140916
63862.636193534796,165483.0,94368.0,4166.0,6.174448138954176
63862.64628250234,165556.0,94398.0,4155.0,6.184537106499192
63862.65637146989,165544.0,94379.0,4165.0,6.1946260740514845
63862.66646043744,165602.0,94420.0,4176.0,6.204715041596501
63862.67654940498,165634.0,94412.0,4168.0,6.214804009141517
63862.686638372536,165681.0,94441.0,4173.0,6.224892976693809
63862.69672734008,165716.0,94468.0,4182.0,6.234981944238825
63862.706816307626,165763.0,94493.0,4213.0,6.245070911783841
63862.71690527517,165833.0,94498.0,4202.0,6.255159879328858
63862.72699424272,165880.0,94519.0,4209.0,6.26524884688115
63862.73708321027,165944.0,94552.0,4215.0,6.275337814426166
63862.74717217781,165988.0,94569.0,4234.0,6.285426781971182
63862.757261145365,165948.0,94547.0,4215.0,6.295515749523474
63862.76735011291,165953.0,94567.0,4215.0,6.305604717068491
63862.777439080455,165926.0,94574.0,4203.0,6.315693684613507
63862.78752804801,165953.0,94607.0,4235.0,6.325782652165799
63862.79761701555,165899.0,94558.0,4190.0,6.335871619710815
63862.8077059831,165872.0,94551.0,4203.0,6.345960587255831
63862.81779495065,165848.0,94586.0,4201.0,6.3560495548081235
63862.827883918195,165884.0,94573.0,4214.0,6.36613852235314
63862.83797288574,165879.0,94570.0,4239.0,6.376227489898156
63862.84806185329,165875.0,94557.0,4207.0,6.386316457450448
63862.85815082084,165903.0,94560.0,4229.0,6.396405424995464
63862.86823978838,165892.0,94555.0,4188.0,6.4064943925404805
63862.878328755934,165880.0,94549.0,4197.0,6.416583360092773
63862.88841772348,165919.0,94555.0,4224.0,6.426672327637789
63862.898506691025,165952.0,94581.0,4228.0,6.436761295182805
63862.90859565857,165938.0,94573.0,4234.0,6.446850262727821
63862.91868462612,165993.0,94579.0,4227.0,6.456939230280113
63862.92877359367,166020.0,94586.0,4239.0,6.46702819782513
63862.93886256121,166034.0,94607.0,4251.0,6.477117165370146
63862.948951528764,166073.0,94621.0,4265.0,6.487206132922438
63862.95904049631,166065.0,94593.0,4263.0,6.497295100467454
63862.969129463854,166114.0,94617.0,4251.0,6.50738406801247
63862.97921843141,166157.0,94642.0,4283.0,6.5174730355647625
63862.98930739895,166165.0,94629.0,4265.0,6.527562003109779
63862.9993963665,166194.0,94660.0,4301.0,6.537650970654795
63863.00948533405,166204.0,94674.0,4275.0,6.547739938207087
63863.019574301594,166245.0,94665.0,4290.0,6.557828905752103
63863.02966326914,166253.0,94682.0,4262.0,6.5679178732971195
63863.03975223669,166252.0,94684.0,4283.0,6.578006840849412
63863.049841204236,166248.0,94685.0,4287.0,6.588095808394428
63863.05993017178,166300.0,94694.0,4303.0,6.598184775939444
63863.07001913933,166276.0,94676.0,4306.0,6.608273743491736
63863.08010810688,166285.0,94687.0,4315.0,6.618362711036752
63863.09019707442,166312.0,94724.0,4303.0,6.628451678581769
63863.10028604197,166318.0,94686.0,4317.0,6.638540646126785
63863.11037500952,166307.0,94733.0,4316.0,6.648629613679077
63863.120463977066,166321.0,94688.0,4309.0,6.658718581224093
63863.13055294461,166335.0,94684.0,4314.0,6.668807548769109
63863.14064191216,166373.0,94713.0,4331.0,6.678896516321402
63863.15073087971,166396.0,94714.0,4334.0,6.688985483866418
63863.16081984725,166385.0,94726.0,4325.0,6.699074451411434
63863.170908814805,166472.0,94750.0,4365.0,6.709163418963726
63863.18099778235,166465.0,94733.0,4337.0,6.719252386508742
63863.191086749895,166458.0,94778.0,4353.0,6.7293413540537586
63863.20117571745,166481.0,94769.0,4354.0,6.739430321606051
63863.21126468499,166550.0,94779.0,4389.0,6.749519289151067
63863.22135365254,166604.0,94772.0,4364.0,6.759608256696083
63863.23144262009,166616.0,94801.0,4365.0,6.769697224248375
63863.241531587635,166702.0,94814.0,4407.0,6.7797861917933915
63863.25162055518,166720.0,94851.0,4401.0,6.789875159338408
63863.261709522725,166747.0,94857.0,4405.0,6.799964126883424
63863.27179849028,166754.0,94848.0,4422.0,6.810053094435716
63863.28188745782,166828.0,94889.0,4438.0,6.820142061980732
63863.29197642537,166829.0,94873.0,4422.0,6.8302310295257485
63863.30206539292,166856.0,94885.0,4458.0,6.840319997078041
63863.312154360465,166872.0,94912.0,4459.0,6.850408964623057
63863.32224332801,166866.0,94888.0,4444.0,6.860497932168073
63863.33233229556,166891.0,94911.0,4469.0,6.870586899720365
63863.34242126311,166951.0,94914.0,4482.0,6.880675867265381
63863.35251023065,166908.0,94871.0,4446.0,6.890764834810398
63863.362599198204,166960.0,94912.0,4478.0,6.90085380236269
63863.37268816575,167019.0,94937.0,4510.0,6.910942769907706
63863.382777133294,167032.0,94930.0,4505.0,6.921031737452722
63863.39286610085,167043.0,94955.0,4513.0,6.931120705005014
63863.40295506839,167080.0,94940.0,4492.0,6.9412096725500305
63863.41304403594,167122.0,94981.0,4532.0,6.951298640095047
63863.42313300349,167127.0,94965.0,4529.0,6.961387607647339
63863.433221971034,167128.0,94956.0,4512.0,6.971476575192355
63863.44331093858,167174.0,94950.0,4529.0,6.981565542737371
63863.453399906124,167189.0,94983.0,4535.0,6.9916545102823875
63863.46348887368,167197.0,94983.0,4541.0,7.00174347783468
63863.47357784122,167196.0,94968.0,4518.0,7.011832445379696
63863.48366680877,167199.0,94987.0,4569.0,7.021921412924712
63863.49375577632,167160.0,94968.0,4545.0,7.032010380477004
63863.503844743864,167180.0,94999.0,4526.0,7.04209934802202
63863.51393371141,167148.0,94978.0,4519.0,7.052188315567037
63863.52402267896,167166.0,94995.0,4521.0,7.062277283119329
63863.534111646506,167163.0,94961.0,4492.0,7.072366250664345
63863.54420061405,167179.0,95002.0,4524.0,7.082455218209361
63863.5542895816,167180.0,95013.0,4509.0,7.092544185761653
63863.56437854915,167154.0,94974.0,4503.0,7.1026331533066696
63863.57446751669,167184.0,95004.0,4520.0,7.112722120851686
63863.584556484246,167149.0,94986.0,4504.0,7.122811088403978
63863.59464545179,167198.0,95003.0,4502.0,7.132900055948994
63863.604734419336,167193.0,95009.0,4520.0,7.14298902349401
63863.61482338689,167242.0,95048.0,4516.0,7.1530779910463025
63863.62491235443,167201.0,94976.0,4534.0,7.163166958591319
63863.63500132198,167233.0,95029.0,4510.0,7.173255926136335
63863.64509028952,167268.0,94997.0,4506.0,7.183344893681351
63863.655179257075,167249.0,95018.0,4541.0,7.193433861233643
63863.66526822462,167306.0,95063.0,4550.0,7.2035228287786595
63863.675357192165,167302.0,95037.0,4534.0,7.213611796323676
63863.68544615972,167334.0,95039.0,4555.0,7.223700763875968
63863.69553512726,167332.0,95068.0,4565.0,7.233789731420984
63863.70562409481,167324.0,95013.0,4540.0,7.243878698966
63863.71571306236,167366.0,95069.0,4559.0,7.253967666518292
63863.725802029905,167382.0,95083.0,4524.0,7.264056634063309
63863.73589099745,167369.0,95053.0,4548.0,7.274145601608325
63863.745979965,167396.0,95082.0,4569.0,7.284234569160617
63863.75606893255,167376.0,95059.0,4586.0,7.294323536705633
63863.76615790009,167429.0,95056.0,4572.0,7.304412504250649
63863.776246867645,167435.0,95079.0,4584.0,7.3145014718029415
63863.78633583519,167450.0,95102.0,4571.0,7.324590439347958
63863.796424802735,167428.0,95074.0,4576.0,7.334679406892974
63863.80651377028,167435.0,95092.0,4571.0,7.34476837443799
63863.81660273783,167442.0,95079.0,4576.0,7.354857341990282
63863.82669170538,167472.0,95106.0,4607.0,7.3649463095352985
63863.83678067292,167461.0,95094.0,4580.0,7.375035277080315
63863.846869640474,167467.0,95088.0,4569.0,7.385124244632607
63863.85695860802,167485.0,95114.0,4606.0,7.395213212177623
63863.867047575564,167483.0,95079.0,4585.0,7.405302179722639
63863.87713654312,167500.0,95107.0,4588.0,7.415391147274931
63863.88722551066,167513.0,95118.0,4578.0,7.425480114819948
63863.89731447821,167518.0,95122.0,4627.0,7.435569082364964
63863.90740344576,167543.0,95106.0,4611.0,7.445658049917256
63863.917492413304,167538.0,95127.0,4604.0,7.455747017462272
63863.92758138085,167538.0,95103.0,4602.0,7.465835985007288
63863.9376703484,167574.0,95123.0,4626.0,7.475924952559581
63863.947759315946,167530.0,95094.0,4624.0,7.486013920104597
63863.95784828349,167571.0,95123.0,4623.0,7.496102887649613
63863.96793725104,167536.0,95118.0,4641.0,7.506191855201905
63863.97802621859,167617.0,95136.0,4657.0,7.516280822746921
63863.988115186134,167588.0,95123.0,4623.0,7.5263697902919375
63863.99820415368,167588.0,95133.0,4672.0,7.536458757836954
63864.00829312123,167602.0,95152.0,4651.0,7.546547725389246
63864.018382088776,167583.0,95118.0,4643.0,7.556636692934262
63864.02847105632,167602.0,95157.0,4666.0,7.566725660479278
63864.03856002387,167581.0,95129.0,4655.0,7.5768146280315705
63864.04864899142,167600.0,95117.0,4663.0,7.586903595576587
63864.05873795896,167597.0,95103.0,4656.0,7.596992563121603
63864.068826926516,167600.0,95125.0,4699.0,7.607081530673895
63864.07891589406,167581.0,95110.0,4668.0,7.617170498218911
63864.089004861606,167609.0,95107.0,4683.0,7.627259465763927
63864.09909382916,167593.0,95139.0,4680.0,7.63734843331622
63864.1091827967,167610.0,95119.0,4688.0,7.647437400861236
63864.11927176425,167630.0,95136.0,4683.0,7.657526368406252
63864.1293607318,167653.0,95127.0,4694.0,7.667615335958544
63864.139449699345,167638.0,95146.0,4730.0,7.67770430350356
63864.14953866689,167614.0,95096.0,4690.0,7.687793271048577
63864.159627634435,167578.0,95134.0,4698.0,7.697882238593593
63864.16971660199,167620.0,95111.0,4705.0,7.707971206145885
63864.17980556953,167658.0,95092.0,4730.0,7.718060173690901
63864.18989453708,167594.0,95095.0,4694.0,7.728149141235917
63864.19998350463,167604.0,95095.0,4734.0,7.7382381087882095
63864.210072472175,167558.0,95098.0,4693.0,7.748327076333226
63864.22016143972,167499.0,95076.0,4665.0,7.758416043878242
63864.23025040727,167515.0,95097.0,4685.0,7.768505011430534
63864.24033937482,167489.0,95075.0,4684.0,7.77859397897555
63864.25042834236,167423.0,95047.0,4636.0,7.7886829465205665
63864.260517309915,167380.0,95020.0,4630.0,7.798771914072859
63864.27060627746,167407.0,95039.0,4614.0,7.808860881617875
63864.280695245005,167324.0,95002.0,4619.0,7.818949849162891
63864.29078421256,167302.0,94999.0,4612.0,7.829038816715183
63864.3008731801,167273.0,94992.0,4567.0,7.839127784260199
63864.31096214765,167308.0,94991.0,4563.0,7.849216751805216
63864.3210511152,167272.0,94986.0,4558.0,7.859305719357508
63864.331140082744,167281.0,94979.0,4576.0,7.869394686902524
63864.34122905029,167256.0,94964.0,4562.0,7.87948365444754
63864.351318017834,167246.0,94981.0,4578.0,7.889572621992556
63864.36140698539,167229.0,94949.0,4529.0,7.8996615895448485
63864.37149595293,167231.0,94954.0,4563.0,7.909750557089865
63864.38158492048,167234.0,94970.0,4566.0,7.919839524634881
63864.39167388803,167192.0,94934.0,4559.0,7.929928492187173
63864.401762855574,167191.0,94906.0,4584.0,7.940017459732189
63864.41185182312,167172.0,94928.0,4558.0,7.9501064272772055
63864.42194079067,167147.0,94928.0,4547.0,7.960195394829498
63864.432029758216,167079.0,94919.0,4545.0,7.970284362374514
63864.44211872576,167094.0,94932.0,4559.0,7.98037332991953
63864.45220769331,167097.0,94907.0,4564.0,7.990462297471822
63864.46229666086,167080.0,94892.0,4564.0,8.000551265016838
63864.4723856284,167085.0,94888.0,4572.0,8.010640232561855
63864.482474595956,167080.0,94905.0,4568.0,8.020729200114147
63864.4925635635,167054.0,94891.0,4563.0,8.030818167659163
63864.502652531046,167041.0,94909.0,4560.0,8.04090713520418
63864.5127414986,167094.0,94901.0,4579.0,8.050996102756471
63864.52283046614,167047.0,94865.0,4557.0,8.061085070301488
63864.53291943369,167050.0,94922.0,4538.0,8.071174037846504
63864.54300840123,167089.0,94893.0,4552.0,8.08126300539152
63864.553097368786,167148.0,94914.0,4581.0,8.091351972943812
63864.56318633633,167127.0,94908.0,4558.0,8.101440940488828
63864.573275303876,167132.0,94937.0,4572.0,8.111529908033845
63864.58336427143,167171.0,94956.0,4569.0,8.121618875586137
63864.59345323897,167223.0,94963.0,4584.0,8.131707843131153
63864.60354220652,167238.0,94932.0,4569.0,8.14179681067617
63864.61363117407,167282.0,94994.0,4589.0,8.151885778228461
63864.623720141615,167303.0,95010.0,4583.0,8.161974745773477
63864.63380910916,167325.0,95007.0,4603.0,8.172063713318494
63864.64389807671,167372.0,95018.0,4596.0,8.182152680870786
63864.65398704426,167413.0,95069.0,4636.0,8.192241648415802
63864.6640760118,167464.0,95063.0,4622.0,8.202330615960818
63864.674164979355,167483.0,95065.0,4623.0,8.21241958351311
63864.6842539469,167559.0,95111.0,4629.0,8.222508551058127
63864.694342914445,167600.0,95101.0,4689.0,8.232597518603143
63864.704431882,167619.0,95114.0,4664.0,8.242686486155435
63864.71452084954,167683.0,95146.0,4706.0,8.252775453700451
63864.72460981709,167742.0,95181.0,4715.0,8.262864421245467
63864.73469878463,167734.0,95164.0,4684.0,8.272953388790484
63864.744787752184,167804.0,95196.0,4709.0,8.283042356342776
63864.75487671973,167843.0,95209.0,4708.0,8.293131323887792
63864.764965687275,167902.0,95224.0,4737.0,8.303220291432808
63864.77505465483,167949.0,95235.0,4735.0,8.3133092589851
63864.78514362237,167995.0,95258.0,4745.0,8.323398226530117
63864.79523258992,168010.0,95288.0,4753.0,8.333487194075133
63864.80532155747,168067.0,95283.0,4766.0,8.343576161627425
63864.815410525014,168136.0,95296.0,4765.0,8.353665129172441
63864.82549949256,168161.0,95321.0,4813.0,8.363754096717457
63864.83558846011,168160.0,95292.0,4815.0,8.37384306426975
63864.84567742766,168192.0,95306.0,4805.0,8.383932031814766
63864.8557663952,168258.0,95379.0,4829.0,8.394020999359782
63864.865855362754,168317.0,95371.0,4845.0,8.404109966912074
63864.8759443303,168355.0,95374.0,4860.0,8.41419893445709
63864.886033297844,168365.0,95386.0,4842.0,8.424287902002106
63864.89612226539,168404.0,95401.0,4855.0,8.434376869547123
63864.90621123294,168402.0,95400.0,4868.0,8.444465837099415
63864.916300200486,168395.0,95395.0,4854.0,8.454554804644431
63864.92638916803,168389.0,95442.0,4873.0,8.464643772189447
63864.93647813558,168371.0,95411.0,4857.0,8.47473273974174
63864.94656710313,168372.0,95408.0,4851.0,8.484821707286756
63864.95665607067,168359.0,95414.0,4814.0,8.494910674831772
63864.966745038226,168372.0,95418.0,4848.0,8.504999642384064
63864.97683400577,168299.0,95389.0,4820.0,8.51508860992908
63864.986922973316,168312.0,95398.0,4800.0,8.525177577474096
63864.99701194087,168282.0,95391.0,4803.0,8.535266545026388
63865.00710090841,168319.0,95383.0,4811.0,8.545355512571405
63865.01718987596,168298.0,95390.0,4767.0,8.555444480116421
63865.02727884351,168292.0,95385.0,4796.0,8.565533447668713
63865.037367811055,168286.0,95404.0,4768.0,8.57562241521373
63865.0474567786,168305.0,95391.0,4777.0,8.585711382758745
63865.05754574615,168292.0,95412.0,4761.0,8.595800350311038
63865.0676347137,168359.0,95402.0,4789.0,8.605889317856054
63865.07772368124,168350.0,95434.0,4773.0,8.61597828540107
63865.08781264879,168323.0,95384.0,4769.0,8.626067252946086
63865.09790161634,168377.0,95420.0,4782.0,8.636156220498378
63865.107990583885,168368.0,95437.0,4796.0,8.646245188043395
63865.11807955143,168385.0,95427.0,4790.0,8.65633415558841
63865.12816851898,168362.0,95424.0,4774.0,8.666423123140703
63865.13825748653,168369.0,95399.0,4782.0,8.67651209068572
63865.14834645407,168384.0,95389.0,4810.0,8.686601058230735
63865.158435421625,168389.0,95410.0,4792.0,8.696690025783028
63865.16852438917,168383.0,95419.0,4802.0,8.706778993328044
63865.178613356715,168424.0,95439.0,4814.0,8.71686796087306
63865.18870232427,168391.0,95405.0,4768.0,8.726956928425352
63865.19879129181,168416.0,95413.0,4808.0,8.737045895970368
63865.20888025936,168402.0,95407.0,4792.0,8.747134863515384
63865.21896922691,168405.0,95424.0,4800.0,8.757223831067677
63865.229058194454,168384.0,95357.0,4777.0,8.767312798612693
63865.239147162,168389.0,95412.0,4809.0,8.777401766157709
63865.249236129544,168350.0,95413.0,4802.0,8.787490733702725
63865.2593250971,168374.0,95395.0,4813.0,8.797579701255017
63865.26941406464,168382.0,95425.0,4811.0,8.807668668800034
63865.27950303219,168364.0,95399.0,4794.0,8.81775763634505
63865.28959199974,168348.0,95383.0,4801.0,8.827846603897342
63865.299680967284,168345.0,95372.0,4784.0,8.837935571442358
63865.30976993483,168356.0,95410.0,4781.0,8.848024538987374
63865.31985890238,168327.0,95389.0,4784.0,8.858113506539667
63865.32994786993,168283.0,95380.0,4776.0,8.868202474084683
63865.34003683747,168318.0,95385.0,4815.0,8.878291441629699
63865.350125805024,168315.0,95378.0,4800.0,8.888380409181991
63865.36021477257,168267.0,95335.0,4785.0,8.898469376727007
63865.370303740114,168240.0,95318.0,4777.0,8.908558344272024
63865.380392707666,168297.0,95362.0,4766.0,8.918647311824316
63865.39048167521,168294.0,95366.0,4820.0,8.928736279369332
63865.400570642756,168263.0,95357.0,4795.0,8.938825246914348
63865.41065961031,168256.0,95353.0,4785.0,8.94891421446664
63865.42074857785,168230.0,95323.0,4797.0,8.959003182011656
63865.4308375454,168213.0,95332.0,4775.0,8.969092149556673
63865.44092651294,168235.0,95332.0,4797.0,8.979181117101689
63865.451015480496,168228.0,95362.0,4820.0,8.989270084653981
63865.46110444804,168230.0,95332.0,4816.0,8.999359052198997
63865.471193415586,168224.0,95348.0,4809.0,9.009448019744013
63865.48128238314,168216.0,95326.0,4799.0,9.019536987296306
63865.49137135068,168188.0,95327.0,4811.0,9.029625954841322
63865.50146031823,168163.0,95309.0,4795.0,9.039714922386338
63865.51154928578,168205.0,95325.0,4818.0,9.04980388993863
63865.521638253325,168172.0,95302.0,4815.0,9.059892857483646
63865.53172722087,168162.0,95284.0,4837.0,9.069981825028663
63865.54181618842,168163.0,95327.0,4851.0,9.080070792580955
63865.55190515597,168154.0,95325.0,4838.0,9.090159760125971
63865.56199412351,168122.0,95289.0,4795.0,9.100248727670987
63865.572083091065,168153.0,95274.0,4826.0,9.11033769522328
63865.58217205861,168142.0,95289.0,4820.0,9.120426662768296
63865.592261026155,168136.0,95262.0,4842.0,9.130515630313312
63865.6023499937,168122.0,95284.0,4834.0,9.140604597858328
63865.61243896125,168110.0,95275.0,4836.0,9.15069356541062
63865.6225279288,168058.0,95307.0,4787.0,9.160782532955636
63865.63261689634,168055.0,95256.0,4810.0,9.170871500500652
63865.642705863895,168058.0,95282.0,4804.0,9.180960468052945
63865.65279483144,167996.0,95246.0,4788.0,9.19104943559796
63865.662883798985,167969.0,95249.0,4762.0,9.201138403142977
63865.67297276654,167917.0,95194.0,4733.0,9.21122737069527
63865.68306173408,167873.0,95218.0,4714.0,9.221316338240285
63865.69315070163,167881.0,95208.0,4707.0,9.231405305785302
63865.70323966918,167886.0,95182.0,4713.0,9.241494273337594
63865.713328636724,167854.0,95193.0,4663.0,9.25158324088261
63865.72341760427,167825.0,95188.0,4696.0,9.261672208427626
63865.73350657182,167821.0,95178.0,4673.0,9.271761175979918
63865.74359553937,167794.0,95174.0,4653.0,9.281850143524935
63865.75368450691,167779.0,95192.0,4644.0,9.29193911106995
63865.763773474464,167831.0,95184.0,4691.0,9.302028078622243
63865.77386244201,167799.0,95176.0,4649.0,9.312117046167259
63865.783951409554,167765.0,95156.0,4638.0,9.322206013712275
63865.7940403771,167794.0,95163.0,4644.0,9.332294981257292
63865.80412934465,167779.0,95157.0,4631.0,9.342383948809584
63865.814218312196,167788.0,95165.0,4658.0,9.3524729163546
63865.82430727974,167765.0,95156.0,4650.0,9.362561883899616
63865.83439624729,167744.0,95174.0,4657.0,9.372650851451908
63865.84448521484,167782.0,95167.0,4636.0,9.382739818996924
63865.854574182384,167776.0,95154.0,4659.0,9.39282878654194
63865.864663149936,167756.0,95153.0,4627.0,9.402917754094233
63865.87475211748,167760.0,95180.0,4658.0,9.413006721639249
63865.884841085026,167700.0,95147.0,4653.0,9.423095689184265
63865.89493005258,167712.0,95138.0,4696.0,9.433184656736557
63865.90501902012,167718.0,95120.0,4679.0,9.443273624281574
63865.91510798767,167683.0,95111.0,4675.0,9.45336259182659
63865.92519695522,167680.0,95138.0,4669.0,9.463451559378882
63865.935285922766,167641.0,95123.0,4652.0,9.473540526923898
63865.94537489031,167638.0,95127.0,4636.0,9.483629494468914
63865.95546385786,167577.0,95099.0,4643.0,9.493718462021207
63865.96555282541,167615.0,95123.0,4636.0,9.503807429566223
63865.97564179295,167603.0,95099.0,4647.0,9.513896397111239
63865.9857307605,167573.0,95116.0,4640.0,9.523985364656255
63865.99581972805,167555.0,95085.0,4635.0,9.534074332208547
63866.005908695595,167560.0,95078.0,4624.0,9.544163299753563
63866.01599766314,167587.0,95087.0,4647.0,9.55425226729858
63866.02608663069,167590.0,95083.0,4642.0,9.564341234850872
63866.03617559824,167575.0,95076.0,4649.0,9.574430202395888
63866.04626456578,167572.0,95100.0,4655.0,9.584519169940904
63866.056353533335,167563.0,95077.0,4633.0,9.594608137493196
63866.06644250088,167539.0,95067.0,4633.0,9.604697105038213
63866.076531468425,167558.0,95083.0,4639.0,9.614786072583229
63866.08662043598,167557.0,95084.0,4643.0,9.624875040135521
63866.09670940352,167521.0,95052.0,4658.0,9.634964007680537
63866.10679837107,167554.0,95073.0,4644.0,9.645052975225553
63866.11688733862,167558.0,95101.0,4651.0,9.655141942777846
63866.126976306165,167565.0,95067.0,4664.0,9.665230910322862
63866.13706527371,167520.0,95050.0,4646.0,9.675319877867878
63866.14715424126,167535.0,95059.0,4650.0,9.68540884542017
63866.15724320881,167529.0,95076.0,4674.0,9.695497812965186
63866.16733217635,167505.0,95043.0,4651.0,9.705586780510203
63866.1774211439,167485.0,95070.0,4653.0,9.715675748055219
63866.18751011145,167514.0,95055.0,4671.0,9.72576471560751
63866.197599078994,167498.0,95044.0,4683.0,9.735853683152527
63866.20768804654,167508.0,95054.0,4645.0,9.745942650697543
63866.21777701409,167536.0,95020.0,4704.0,9.756031618249835
63866.22786598164,167532.0,95062.0,4679.0,9.766120585794852
63866.23795494918,167550.0,95074.0,4700.0,9.776209553339868
63866.248043916734,167552.0,95089.0,4709.0,9.78629852089216
63866.25813288428,167542.0,95039.0,4678.0,9.796387488437176
63866.268221851824,167571.0,95070.0,4696.0,9.806476455982192
63866.278310819376,167570.0,95044.0,4683.0,9.816565423534485
63866.28839978692,167592.0,95069.0,4701.0,9.8266543910795
63866.298488754466,167534.0,95033.0,4693.0,9.836743358624517
63866.30857772202,167559.0,95057.0,4679.0,9.84683232617681
63866.31866668956,167524.0,95063.0,4676.0,9.856921293721825
63866.32875565711,167571.0,95062.0,4674.0,9.867010261266842
63866.33884462465,167550.0,95081.0,4650.0,9.877099228811858
63866.348933592206,167509.0,95054.0,4633.0,9.88718819636415
63866.35902255975,167479.0,95056.0,4628.0,9.897277163909166
63866.369111527296,167451.0,95052.0,4611.0,9.907366131454182
63866.37920049485,167482.0,95045.0,4572.0,9.917455099006474
63866.38928946239,167490.0,95064.0,4594.0,9.92754406655149
63866.39937842994,167516.0,95056.0,4583.0,9.937633034096507
63866.40946739749,167484.0,95034.0,4572.0,9.947722001648799
63866.419556365036,167507.0,95043.0,4581.0,9.957810969193815
63866.42964533258,167480.0,95054.0,4556.0,9.967899936738831
63866.43973430013,167530.0,95053.0,4587.0,9.977988904291124
63866.44982326768,167504.0,95072.0,4550.0,9.98807787183614
63866.45991223522,167516.0,95067.0,4542.0,9.998166839381156
63866.470001202775,167551.0,95080.0,4579.0,10.008255806933448
63866.48009017032,167594.0,95101.0,4563.0,10.018344774478464
63866.490179137865,167584.0,95087.0,4577.0,10.02843374202348
63866.50026810542,167605.0,95102.0,4593.0,10.038522709575773
63866.51035707296,167611.0,95112.0,4588.0,10.048611677120789
63866.52044604051,167606.0,95105.0,4623.0,10.058700644665805
63866.53053500805,167638.0,95139.0,4625.0,10.068789612210821
63866.540623975605,167652.0,95131.0,4593.0,10.078878579763114
63866.55071294315,167639.0,95124.0,4618.0,10.08896754730813
63866.560801910695,167586.0,95081.0,4617.0,10.099056514853146
63866.57089087825,167608.0,95106.0,4637.0,10.109145482405438
63866.58097984579,167605.0,95101.0,4597.0,10.119234449950454
63866.59106881334,167640.0,95108.0,4629.0,10.12932341749547
63866.60115778089,167620.0,95131.0,4624.0,10.139412385047763
63866.611246748434,167627.0,95108.0,4631.0,10.149501352592779
63866.62133571598,167612.0,95092.0,4619.0,10.159590320137795
63866.63142468353,167643.0,95131.0,4637.0,10.169679287690087
63866.64151365108,167617.0,95116.0,4636.0,10.179768255235103
63866.65160261862,167651.0,95156.0,4634.0,10.18985722278012
63866.661691586174,167677.0,95150.0,4655.0,10.199946190332412
63866.67178055372,167656.0,95119.0,4645.0,10.210035157877428
63866.681869521264,167672.0,95152.0,4634.0,10.220124125422444
63866.69195848881,167692.0,95138.0,4635.0,10.23021309296746
63866.70204745636,167709.0,95164.0,4622.0,10.240302060519753
63866.71213642391,167711.0,95146.0,4618.0,10.250391028064769
63866.72222539145,167738.0,95170.0,4655.0,10.260479995609785
63866.732314359004,167751.0,95167.0,4654.0,10.270568963162077
63866.74240332655,167792.0,95162.0,4680.0,10.280657930707093
63866.752492294094,167788.0,95171.0,4647.0,10.29074689825211
63866.762581261646,167808.0,95194.0,4686.0,10.300835865804402
63866.77267022919,167802.0,95183.0,4660.0,10.310924833349418
63866.782759196736,167829.0,95209.0,4672.0,10.321013800894434
63866.79284816429,167826.0,95207.0,4684.0,10.331102768446726
63866.80293713183,167845.0,95190.0,4690.0,10.341191735991742
63866.81302609938,167879.0,95199.0,4680.0,10.351280703536759
63866.82311506693,167850.0,95203.0,4674.0,10.36136967108905
63866.833204034476,167901.0,95231.0,4719.0,10.371458638634067
63866.84329300202,167873.0,95204.0,4724.0,10.381547606179083
63866.85338196957,167861.0,95232.0,4710.0,10.391636573731375
63866.86347093712,167915.0,95219.0,4713.0,10.401725541276392
63866.87355990466,167938.0,95256.0,4752.0,10.411814508821408
63866.88364887221,167923.0,95216.0,4742.0,10.421903476366424
63866.89373783976,167897.0,95200.0,4722.0,10.431992443918716
63866.903826807305,167967.0,95259.0,4714.0,10.442081411463732
63866.91391577485,167982.0,95247.0,4735.0,10.452170379008749
63866.9240047424,167961.0,95228.0,4760.0,10.46225934656104
63866.93409370995,167974.0,95219.0,4762.0,10.472348314106057
63866.94418267749,167983.0,95267.0,4787.0,10.482437281651073
63866.954271645045,167948.0,95201.0,4744.0,10.492526249203365
63866.96436061259,167956.0,95241.0,4745.0,10.502615216748381
63866.974449580135,167938.0,95205.0,4736.0,10.512704184293398
63866.98453854769,167926.0,95220.0,4725.0,10.52279315184569
63866.99462751523,167892.0,95206.0,4719.0,10.532882119390706
63867.00471648278,167878.0,95212.0,4708.0,10.542971086935722
63867.01480545033,167878.0,95210.0,4694.0,10.553060054488014
63867.024894417875,167801.0,95207.0,4657.0,10.56314902203303
63867.03498338542,167817.0,95209.0,4642.0,10.573237989578047
63867.04507235297,167814.0,95199.0,4665.0,10.583326957130339
63867.05516132052,167782.0,95196.0,4652.0,10.593415924675355
63867.06525028806,167783.0,95177.0,4622.0,10.603504892220371
63867.07533925561,167798.0,95213.0,4640.0,10.613593859765388
63867.08542822316,167748.0,95174.0,4594.0,10.62368282731768
63867.095517190704,167758.0,95139.0,4583.0,10.633771794862696
63867.10560615825,167772.0,95192.0,4591.0,10.643860762407712
63867.1156951258,167783.0,95185.0,4628.0,10.653949729960004
63867.12578409335,167761.0,95164.0,4613.0,10.66403869750502
63867.13587306089,167768.0,95183.0,4605.0,10.674127665050037
63867.145962028444,167747.0,95206.0,4614.0,10.684216632602329
63867.15605099599,167767.0,95171.0,4591.0,10.694305600147345
63867.166139963534,167786.0,95180.0,4635.0,10.704394567692361
63867.17622893109,167817.0,95194.0,4629.0,10.714483535244653
63867.18631789863,167810.0,95213.0,4648.0,10.72457250278967
63867.19640686618,167808.0,95181.0,4620.0,10.734661470334686
63867.20649583373,167814.0,95222.0,4657.0,10.744750437886978
63867.216584801274,167833.0,95195.0,4644.0,10.754839405431994
63867.22667376882,167809.0,95177.0,4613.0,10.76492837297701
63867.23676273637,167820.0,95204.0,4640.0,10.775017340529303
63867.246851703916,167837.0,95220.0,4669.0,10.785106308074319
63867.25694067146,167841.0,95204.0,4662.0,10.795195275619335
63867.267029639006,167804.0,95204.0,4644.0,10.805284243164351
63867.27711860656,167852.0,95198.0,4676.0,10.815373210716643
63867.2872075741,167847.0,95204.0,4667.0,10.82546217826166
63867.29729654165,167820.0,95212.0,4660.0,10.835551145806676
63867.3073855092,167834.0,95201.0,4643.0,10.845640113358968
63867.317474476746,167854.0,95220.0,4686.0,10.855729080903984
63867.32756344429,167798.0,95185.0,4638.0,10.865818048449
63867.33765241184,167833.0,95208.0,4658.0,10.875907016001293
63867.34774137939,167792.0,95209.0,4644.0,10.885995983546309
63867.35783034693,167808.0,95195.0,4660.0,10.896084951091325
63867.367919314485,167809.0,95187.0,4648.0,10.906173918643617
63867.37800828203,167829.0,95211.0,4644.0,10.916262886188633
63867.388097249575,167858.0,95233.0,4673.0,10.92635185373365
63867.39818621713,167826.0,95207.0,4674.0,10.936440821285942
63867.40827518467,167823.0,95203.0,4650.0,10.946529788830958
63867.41836415222,167859.0,95223.0,4669.0,10.956618756375974
63867.42845311976,167915.0,95223.0,4693.0,10.96670772392099
63867.438542087315,167854.0,95208.0,4669.0,10.976796691473282
63867.44863105486,167913.0,95217.0,4684.0,10.986885659018299
63867.458720022405,167881.0,95230.0,4692.0,10.996974626563315
63867.46880898996,167880.0,95241.0,4709.0,11.007063594115607
63867.4788979575,167879.0,95257.0,4696.0,11.017152561660623
63867.48898692505,167919.0,95219.0,4689.0,11.02724152920564
63867.4990758926,167893.0,95211.0,4696.0,11.037330496757932
63867.509164860145,167891.0,95218.0,4700.0,11.047419464302948
63867.51925382769,167921.0,95216.0,4707.0,11.057508431847964
63867.52934279524,167923.0,95250.0,4731.0,11.067597399400256
63867.53943176279,167928.0,95229.0,4706.0,11.077686366945272
63867.54952073033,167895.0,95224.0,4717.0,11.087775334490289
63867.559609697884,167927.0,95246.0,4749.0,11.09786430204258
63867.56969866543,167913.0,95223.0,4730.0,11.107953269587597
63867.579787632974,167954.0,95257.0,4751.0,11.118042237132613
63867.58987660053,167928.0,95263.0,4740.0,11.128131204684905
63867.59996556807,167960.0,95271.0,4763.0,11.138220172229921
63867.61005453562,167920.0,95241.0,4739.0,11.148309139774938
63867.62014350316,167928.0,95240.0,4759.0,11.158398107319954
63867.630232470714,167909.0,95262.0,4750.0,11.168487074872246
63867.64032143826,167837.0,95185.0,4711.0,11.178576042417262
63867.650410405804,167823.0,95196.0,4686.0,11.188665009962278
63867.660499373356,167775.0,95195.0,4701.0,11.19875397751457
63867.6705883409,167754.0,95202.0,4658.0,11.208842945059587
63867.680677308446,167703.0,95182.0,4644.0,11.218931912604603
63867.690766276,167689.0,95200.0,4637.0,11.229020880156895
63867.70085524354,167669.0,95153.0,4634.0,11.239109847701911
63867.71094421109,167649.0,95166.0,4589.0,11.249198815246928
63867.72103317864,167566.0,95131.0,4578.0,11.25928778279922
63867.731122146186,167623.0,95149.0,4591.0,11.269376750344236
63867.74121111373,167567.0,95144.0,4582.0,11.279465717889252
63867.75130008128,167600.0,95147.0,4571.0,11.289554685441544
63867.76138904883,167580.0,95152.0,4599.0,11.29964365298656
63867.77147801637,167561.0,95120.0,4568.0,11.309732620531577
63867.78156698392,167565.0,95104.0,4548.0,11.319821588076593
63867.79165595147,167568.0,95142.0,4557.0,11.329910555628885
63867.801744919016,167588.0,95159.0,4560.0,11.339999523173901
63867.81183388656,167560.0,95143.0,4552.0,11.350088490718917
63867.82192285411,167586.0,95170.0,4599.0,11.36017745827121
63867.83201182166,167571.0,95140.0,4576.0,11.370266425816226
63867.8421007892,167598.0,95162.0,4570.0,11.380355393361242
63867.852189756755,167545.0,95135.0,4558.0,11.390444360913534
63867.8622787243,167564.0,95131.0,4591.0,11.40053332845855
63867.872367691845,167575.0,95146.0,4585.0,11.410622296003567
63867.8824566594,167573.0,95132.0,4621.0,11.420711263555859
63867.89254562694,167580.0,95170.0,4579.0,11.430800231100875
63867.90263459449,167593.0,95182.0,4631.0,11.440889198645891
63867.91272356204,167560.0,95138.0,4600.0,11.450978166198183
63867.922812529585,167543.0,95131.0,4584.0,11.4610671337432
63867.93290149713,167581.0,95161.0,4592.0,11.471156101288216
63867.94299046468,167544.0,95147.0,4621.0,11.481245068840508
63867.95307943223,167532.0,95151.0,4595.0,11.491334036385524
63867.96316839977,167535.0,95117.0,4587.0,11.50142300393054
63867.97325736732,167531.0,95129.0,4595.0,11.511511971475556
63867.98334633487,167507.0,95138.0,4573.0,11.521600939027849
63867.993435302415,167550.0,95135.0,4578.0,11.531689906572865
63868.00352426996,167546.0,95147.0,4566.0,11.541778874117881
63868.01361323751,167531.0,95152.0,4620.0,11.551867841670173
63868.02370220506,167538.0,95129.0,4586.0,11.56195680921519
63868.0337911726,167559.0,95163.0,4599.0,11.572045776760206
63868.043880140154,167564.0,95174.0,4608.0,11.582134744312498
63868.0539691077,167541.0,95144.0,4578.0,11.592223711857514
63868.064058075244,167611.0,95183.0,4585.0,11.60231267940253
63868.0741470428,167604.0,95165.0,4628.0,11.612401646954822
63868.08423601034,167579.0,95165.0,4622.0,11.622490614499839
63868.09432497789,167603.0,95173.0,4609.0,11.632579582044855
63868.10441394544,167618.0,95212.0,4653.0,11.642668549597147
63868.114502912984,167646.0,95178.0,4622.0,11.652757517142163
63868.12459188053,167637.0,95168.0,4633.0,11.66284648468718
63868.134680848074,167632.0,95184.0,4632.0,11.672935452232196
63868.144769815626,167639.0,95172.0,4638.0,11.683024419784488
63868.15485878317,167638.0,95160.0,4639.0,11.693113387329504
63868.164947750716,167674.0,95216.0,4669.0,11.70320235487452
63868.17503671827,167668.0,95214.0,4655.0,11.713291322426812
63868.18512568581,167664.0,95184.0,4657.0,11.723380289971828
63868.19521465336,167676.0,95194.0,4652.0,11.733469257516845
63868.20530362091,167693.0,95198.0,4678.0,11.743558225069137
63868.215392588456,167696.0,95212.0,4711.0,11.753647192614153
63868.225481556,167680.0,95172.0,4666.0,11.76373616015917
63868.23557052355,167705.0,95216.0,4707.0,11.773825127711461
63868.2456594911,167727.0,95205.0,4692.0,11.783914095256478
63868.25574845864,167758.0,95193.0,4728.0,11.794003062801494
63868.265837426196,167748.0,95224.0,4680.0,11.804092030353786
63868.27592639374,167717.0,95205.0,4724.0,11.814180997898802
63868.286015361286,167675.0,95192.0,4693.0,11.824269965443818
63868.29610432884,167630.0,95171.0,4655.0,11.83435893299611
63868.30619329638,167574.0,95197.0,4660.0,11.844447900541127
63868.31628226393,167580.0,95168.0,4671.0,11.854536868086143
63868.32637123147,167524.0,95142.0,4630.0,11.86462583563116
63868.336460199025,167460.0,95123.0,4602.0,11.874714803183451
63868.34654916657,167471.0,95140.0,4576.0,11.884803770728467
63868.356638134115,167403.0,95109.0,4564.0,11.894892738273484
63868.36672710167,167380.0,95124.0,4547.0,11.904981705825776
63868.37681606921,167377.0,95116.0,4540.0,11.915070673370792
63868.38690503676,167317.0,95090.0,4523.0,11.925159640915808
63868.39699400431,167312.0,95086.0,4519.0,11.9352486084681
63868.407082971855,167310.0,95095.0,4516.0,11.945337576013117
63868.4171719394,167291.0,95089.0,4519.0,11.955426543558133
63868.42726090695,167244.0,95074.0,4497.0,11.965515511110425
63868.4373498745,167236.0,95085.0,4518.0,11.975604478655441
63868.44743884204,167270.0,95083.0,4514.0,11.985693446200457
63868.457527809594,167266.0,95079.0,4531.0,11.99578241375275
63868.46761677714,167234.0,95054.0,4521.0,12.005871381297766
63868.477705744684,167276.0,95091.0,4531.0,12.015960348842782
63868.48779471224,167272.0,95095.0,4516.0,12.026049316395074
63868.49788367978,167252.0,95050.0,4513.0,12.03613828394009
63868.50797264733,167243.0,95106.0,4548.0,12.046227251485107
63868.51806161487,167290.0,95113.0,4545.0,12.056316219030123
63868.528150582424,167269.0,95094.0,4528.0,12.066405186582415
63868.53823954997,167247.0,95083.0,4527.0,12.076494154127431
63868.548328517514,167255.0,95068.0,4540.0,12.086583121672447
63868.55841748507,167283.0,95112.0,4541.0,12.09667208922474
63868.56850645261,167238.0,95080.0,4521.0,12.106761056769756
63868.57859542016,167242.0,95108.0,4533.0,12.116850024314772
63868.58868438771,167242.0,95106.0,4551.0,12.126938991867064
63868.598773355254,167233.0,95077.0,4538.0,12.13702795941208
63868.6088623228,167228.0,95089.0,4544.0,12.147116926957096
63868.61895129035,167215.0,95041.0,4538.0,12.157205894509389
63868.629040257896,167253.0,95098.0,4566.0,12.167294862054405
63868.63912922544,167184.0,95069.0,4509.0,12.177383829599421
63868.64921819299,167225.0,95080.0,4557.0,12.187472797151713
63868.65930716054,167213.0,95101.0,4543.0,12.19756176469673
63868.66939612808,167181.0,95054.0,4526.0,12.207650732241746
63868.679485095636,167201.0,95052.0,4545.0,12.217739699794038
63868.68957406318,167175.0,95067.0,4536.0,12.227828667339054
63868.699663030726,167163.0,95055.0,4523.0,12.23791763488407
63868.70975199827,167163.0,95063.0,4533.0,12.248006602429086
63868.71984096582,167196.0,95063.0,4545.0,12.258095569981379
63868.72992993337,167195.0,95062.0,4566.0,12.268184537526395
63868.74001890091,167199.0,95074.0,4549.0,12.278273505071411
63868.750107868465,167199.0,95052.0,4539.0,12.288362472623703
63868.76019683601,167219.0,95107.0,4553.0,12.29845144016872
63868.770285803555,167202.0,95080.0,4554.0,12.308540407713735
63868.78037477111,167225.0,95077.0,4578.0,12.318629375266028
63868.79046373865,167217.0,95081.0,4581.0,12.328718342811044
63868.8005527062,167218.0,95077.0,4579.0,12.33880731035606
63868.81064167375,167222.0,95047.0,4588.0,12.348896277908352
63868.820730641295,167241.0,95082.0,4586.0,12.358985245453368
63868.83081960884,167258.0,95075.0,4601.0,12.369074212998385
63868.84090857639,167206.0,95069.0,4570.0,12.379163180550677
63868.85099754394,167240.0,95071.0,4598.0,12.389252148095693
63868.86108651148,167253.0,95078.0,4605.0,12.39934111564071
63868.87117547903,167275.0,95117.0,4623.0,12.409430083185725
63868.88126444658,167255.0,95064.0,4609.0,12.419519050738018
63868.891353414125,167307.0,95112.0,4611.0,12.429608018283034
63868.90144238167,167273.0,95079.0,4615.0,12.43969698582805
63868.91153134922,167252.0,95078.0,4631.0,12.449785953380342
63868.92162031677,167261.0,95068.0,4626.0,12.459874920925358
63868.93170928431,167241.0,95118.0,4641.0,12.469963888470375
63868.941798251864,167270.0,95083.0,4638.0,12.480052856022667
63868.95188721941,167249.0,95067.0,4614.0,12.490141823567683
63868.961976186954,167260.0,95087.0,4614.0,12.500230791112699
63868.97206515451,167183.0,95053.0,4624.0,12.510319758664991
63868.98215412205,167145.0,95057.0,4587.0,12.520408726210007
63868.9922430896,167105.0,95034.0,4573.0,12.530497693755024
63869.00233205715,167049.0,95001.0,4564.0,12.540586661307316
63869.012421024694,167011.0,94999.0,4520.0,12.550675628852332
63869.02250999224,167002.0,95004.0,4510.0,12.560764596397348
63869.03259895979,166977.0,94989.0,4505.0,12.57085356394964
63869.04268792734,166934.0,94998.0,4474.0,12.580942531494657
63869.05277689488,166945.0,95006.0,4461.0,12.591031499039673
63869.06286586243,166901.0,94982.0,4460.0,12.601120466584689
63869.07295482998,166857.0,94956.0,4493.0,12.611209434136981
63869.083043797524,166873.0,94981.0,4463.0,12.621298401681997
63869.09313276507,166856.0,94951.0,4472.0,12.631387369227014
63869.10322173262,166794.0,94966.0,4431.0,12.641476336779306
63869.113310700166,166840.0,94937.0,4464.0,12.651565304324322
63869.12339966771,166835.0,94968.0,4462.0,12.661654271869338
63869.13348863526,166818.0,94979.0,4459.0,12.67174323942163
63869.14357760281,166797.0,94968.0,4434.0,12.681832206966646
63869.15366657035,166830.0,94948.0,4470.0,12.691921174511663
63869.163755537906,166839.0,94938.0,4473.0,12.702010142063955
63869.17384450545,166844.0,94986.0,4494.0,12.712099109608971
63869.183933472996,166836.0,95008.0,4483.0,12.722188077153987
63869.19402244055,166825.0,94970.0,4481.0,12.73227704470628
63869.20411140809,166818.0,94956.0,4477.0,12.742366012251296
63869.21420037564,166860.0,94984.0,4510.0,12.752454979796312
63869.22428934318,166830.0,94959.0,4465.0,12.762543947341328
63869.234378310735,166828.0,94962.0,4477.0,12.77263291489362
63869.24446727828,166803.0,94958.0,4486.0,12.782721882438636
63869.254556245825,166816.0,94974.0,4523.0,12.792810849983653
63869.26464521338,166791.0,94940.0,4484.0,12.802899817535945
63869.27473418092,166814.0,94971.0,4496.0,12.812988785080961
63869.28482314847,166802.0,94953.0,4475.0,12.823077752625977
63869.29491211602,166783.0,94960.0,4469.0,12.83316672017827
63869.305001083565,166781.0,94945.0,4472.0,12.843255687723286
63869.31509005111,166790.0,94963.0,4497.0,12.853344655268302
63869.32517901866,166772.0,94931.0,4483.0,12.863433622820594
63869.33526798621,166770.0,94947.0,4479.0,12.87352259036561
63869.34535695375,166763.0,94955.0,4479.0,12.883611557910626
63869.355445921305,166785.0,94952.0,4497.0,12.893700525462918
63869.36553488885,166766.0,94965.0,4491.0,12.903789493007935
63869.375623856395,166765.0,94921.0,4490.0,12.91387846055295
63869.38571282395,166787.0,94988.0,4521.0,12.923967428105243
63869.39580179149,166770.0,94961.0,4503.0,12.93405639565026
63869.40589075904,166781.0,94980.0,4533.0,12.944145363195275
63869.41597972658,166788.0,94982.0,4531.0,12.954234330740292
63869.426068694134,166773.0,94930.0,4528.0,12.964323298292584
63869.43615766168,166802.0,94964.0,4527.0,12.9744122658376
63869.446246629224,166789.0,94958.0,4546.0,12.984501233382616
63869.45633559678,166793.0,94963.0,4516.0,12.994590200934908
63869.46642456432,166798.0,94960.0,4557.0,13.004679168479925
63869.47651353187,166811.0,94965.0,4548.0,13.01476813602494
63869.48660249942,166823.0,94967.0,4567.0,13.024857103577233
63869.496691466964,166802.0,94958.0,4562.0,13.03494607112225
63869.50678043451,166808.0,94934.0,4555.0,13.045035038667265
63869.51686940206,166823.0,94955.0,4558.0,13.055124006219557
63869.526958369606,166820.0,94965.0,4538.0,13.065212973764574
63869.53704733715,166825.0,94967.0,4552.0,13.07530194130959
63869.5471363047,166866.0,94987.0,4585.0,13.085390908861882
63869.55722527225,166855.0,94974.0,4578.0,13.095479876406898
63869.56731423979,166816.0,94994.0,4591.0,13.105568843951914
63869.577403207346,166838.0,94963.0,4588.0,13.115657811504207
63869.58749217489,166870.0,94990.0,4578.0,13.125746779049223
63869.597581142436,166878.0,94984.0,4600.0,13.135835746594239
63869.60767010998,166892.0,94959.0,4598.0,13.145924714139255
63869.61775907753,166868.0,94972.0,4588.0,13.156013681691547
63869.62784804508,166886.0,94955.0,4596.0,13.166102649236564
63869.63793701262,166860.0,94983.0,4583.0,13.17619161678158
63869.648025980176,166915.0,95000.0,4612.0,13.186280584333872
63869.65811494772,166887.0,95008.0,4622.0,13.196369551878888
63869.668203915266,166867.0,94995.0,4616.0,13.206458519423904
63869.67829288282,166817.0,94952.0,4598.0,13.216547486976197
63869.68838185036,166823.0,94958.0,4558.0,13.226636454521213
63869.69847081791,166738.0,94942.0,4550.0,13.236725422066229
63869.70855978546,166695.0,94902.0,4528.0,13.246814389618521
63869.718648753005,166712.0,94959.0,4520.0,13.256903357163537
63869.72873772055,166679.0,94925.0,4501.0,13.266992324708553
63869.7388266881,166623.0,94896.0,4516.0,13.277081292260846
63869.74891565565,166636.0,94931.0,4493.0,13.287170259805862
63869.75900462319,166553.0,94887.0,4453.0,13.297259227350878
63869.76909359074,166547.0,94888.0,4450.0,13.307348194895894
63869.77918255829,166529.0,94873.0,4478.0,13.317437162448186
63869.789271525835,166515.0,94868.0,4434.0,13.327526129993203
63869.79936049338,166556.0,94879.0,4432.0,13.337615097538219
63869.80944946093,166534.0,94893.0,4453.0,13.347704065090511
63869.81953842848,166498.0,94877.0,4427.0,13.357793032635527
63869.82962739602,166514.0,94863.0,4461.0,13.367882000180543
63869.839716363575,166531.0,94906.0,4482.0,13.377970967732836
63869.84980533112,166498.0,94878.0,4455.0,13.388059935277852
63869.859894298665,166505.0,94870.0,4435.0,13.398148902822868
63869.86998326622,166491.0,94856.0,4465.0,13.40823787037516
63869.88007223376,166492.0,94883.0,4484.0,13.418326837920176
63869.89016120131,166492.0,94885.0,4471.0,13.428415805465193
63869.90025016886,166471.0,94894.0,4509.0,13.438504773017485
63869.910339136404,166506.0,94879.0,4498.0,13.448593740562501
63869.92042810395,166483.0,94881.0,4495.0,13.458682708107517
63869.9305170715,166475.0,94880.0,4478.0,13.46877167565981
63869.94060603905,166466.0,94866.0,4486.0,13.478860643204825
63869.95069500659,166464.0,94861.0,4501.0,13.488949610749842
63869.96078397414,166479.0,94849.0,4462.0,13.499038578294858
63869.97087294169,166485.0,94877.0,4488.0,13.50912754584715
63869.980961909234,166493.0,94891.0,4503.0,13.519216513392166
63869.99105087678,166444.0,94837.0,4491.0,13.529305480937182
63870.00113984433,166450.0,94840.0,4483.0,13.539394448489475
63870.011228811876,166446.0,94869.0,4485.0,13.54948341603449
63870.02131777942,166462.0,94848.0,4515.0,13.559572383579507
63870.03140674697,166424.0,94876.0,4500.0,13.5696613511318
63870.04149571452,166433.0,94876.0,4503.0,13.579750318676815
63870.05158468206,166420.0,94856.0,4484.0,13.589839286221832
63870.061673649616,166448.0,94877.0,4472.0,13.599928253774124
63870.07176261716,166415.0,94820.0,4474.0,13.61001722131914
63870.081851584706,166451.0,94888.0,4478.0,13.620106188864156
63870.09194055226,166438.0,94864.0,4460.0,13.630195156416448
63870.1020295198,166435.0,94823.0,4503.0,13.640284123961465
63870.11211848735,166476.0,94899.0,4510.0,13.65037309150648
63870.1222074549,166478.0,94845.0,4524.0,13.660462059058773
63870.132296422446,166451.0,94868.0,4506.0,13.670551026603789
63870.14238538999,166460.0,94875.0,4523.0,13.680639994148805
63870.152474357536,166479.0,94901.0,4525.0,13.690728961693821
63870.16256332509,166464.0,94862.0,4497.0,13.700817929246114
63870.17265229263,166465.0,94862.0,4525.0,13.71090689679113
63870.18274126018,166470.0,94870.0,4526.0,13.720995864336146
63870.19283022773,166467.0,94844.0,4529.0,13.731084831888438
63870.202919195275,166470.0,94868.0,4538.0,13.741173799433454
63870.21300816282,166501.0,94879.0,4531.0,13.75126276697847
63870.22309713037,166502.0,94882.0,4546.0,13.761351734530763
63870.23318609792,166469.0,94864.0,4577.0,13.771440702075779
63870.24327506546,166507.0,94884.0,4579.0,13.781529669620795
63870.253364033015,166481.0,94852.0,4537.0,13.791618637173087
63870.26345300056,166499.0,94863.0,4558.0,13.801707604718104
63870.273541968105,166482.0,94847.0,4546.0,13.81179657226312
63870.28363093566,166542.0,94891.0,4539.0,13.821885539815412
63870.2937199032,166516.0,94853.0,4567.0,13.831974507360428
63870.30380887075,166508.0,94866.0,4575.0,13.842063474905444
63870.31389783829,166515.0,94866.0,4589.0,13.85215244245046
63870.323986805844,166548.0,94869.0,4607.0,13.862241410002753
63870.33407577339,166539.0,94867.0,4594.0,13.872330377547769
63870.344164740935,166543.0,94886.0,4586.0,13.882419345092785
63870.35425370849,166571.0,94910.0,4580.0,13.892508312645077
63870.36434267603,166555.0,94896.0,4587.0,13.902597280190093
63870.37443164358,166542.0,94890.0,4579.0,13.91268624773511
63870.38452061113,166546.0,94886.0,4602.0,13.922775215287402
63870.394609578674,166555.0,94893.0,4591.0,13.932864182832418
63870.40469854622,166491.0,94863.0,4569.0,13.942953150377434
63870.41478751377,166479.0,94848.0,4589.0,13.953042117929726
63870.42487648132,166476.0,94866.0,4559.0,13.963131085474743
63870.43496544886,166431.0,94831.0,4571.0,13.973220053019759
63870.445054416414,166425.0,94852.0,4537.0,13.983309020572051
63870.45514338396,166398.0,94864.0,4535.0,13.993397988117067
63870.465232351504,166353.0,94823.0,4490.0,14.003486955662083
63870.475321319056,166335.0,94827.0,4456.0,14.013575923214376
63870.4854102866,166335.0,94848.0,4456.0,14.023664890759392
63870.495499254146,166286.0,94817.0,4477.0,14.033753858304408
63870.50558822169,166269.0,94817.0,4446.0,14.043842825849424
63870.51567718924,166244.0,94776.0,4430.0,14.053931793401716
63870.52576615679,166213.0,94815.0,4472.0,14.064020760946732
63870.53585512433,166203.0,94772.0,4443.0,14.074109728491749
63870.545944091886,166212.0,94794.0,4448.0,14.08419869604404
63870.55603305943,166234.0,94801.0,4433.0,14.094287663589057
63870.566122026976,166198.0,94773.0,4438.0,14.104376631134073
63870.57621099453,166176.0,94778.0,4454.0,14.114465598686365
63870.58629996207,166191.0,94790.0,4462.0,14.124554566231382
63870.59638892962,166205.0,94807.0,4466.0,14.134643533776398
63870.60647789717,166169.0,94768.0,4466.0,14.14473250132869
63870.616566864715,166203.0,94798.0,4449.0,14.154821468873706
63870.62665583226,166207.0,94788.0,4506.0,14.164910436418722
63870.63674479981,166191.0,94799.0,4482.0,14.174999403971015
63870.64683376736,166188.0,94810.0,4509.0,14.18508837151603
63870.6569227349,166173.0,94807.0,4500.0,14.195177339061047
63870.66701170245,166200.0,94777.0,4469.0,14.205266306606063
63870.67710067,166207.0,94777.0,4486.0,14.215355274158355
63870.687189637545,166198.0,94786.0,4476.0,14.225444241703372
63870.69727860509,166237.0,94800.0,4514.0,14.235533209248388
63870.70736757264,166140.0,94757.0,4477.0,14.24562217680068
63870.71745654019,166200.0,94793.0,4489.0,14.255711144345696
63870.72754550773,166167.0,94814.0,4484.0,14.265800111890712
63870.737634475285,166210.0,94780.0,4516.0,14.275889079443004
63870.74772344283,166177.0,94773.0,4465.0,14.28597804698802
63870.757812410375,166179.0,94789.0,4486.0,14.296067014533037
63870.76790137793,166156.0,94766.0,4501.0,14.306155982085329
63870.77799034547,166141.0,94763.0,4481.0,14.316244949630345
63870.78807931302,166125.0,94791.0,4493.0,14.326333917175361
63870.79816828057,166173.0,94772.0,4493.0,14.336422884727654
63870.808257248114,166204.0,94778.0,4515.0,14.34651185227267
63870.81834621566,166175.0,94762.0,4474.0,14.356600819817686
63870.82843518321,166200.0,94794.0,4515.0,14.366689787369978
63870.83852415076,166211.0,94795.0,4510.0,14.376778754914994
63870.8486131183,166176.0,94791.0,4503.0,14.38686772246001
63870.85870208585,166139.0,94785.0,4492.0,14.396956690005027
63870.8687910534,166226.0,94777.0,4532.0,14.407045657557319
63870.878880020944,166203.0,94794.0,4517.0,14.417134625102335
63870.88896898849,166173.0,94760.0,4520.0,14.427223592647351
63870.89905795604,166233.0,94765.0,4523.0,14.437312560199643
63870.90914692359,166212.0,94780.0,4535.0,14.44740152774466
63870.91923589113,166231.0,94781.0,4543.0,14.457490495289676
63870.929324858684,166208.0,94788.0,4538.0,14.467579462841968
63870.93941382623,166271.0,94815.0,4566.0,14.477668430386984
63870.949502793774,166244.0,94778.0,4532.0,14.487757397932
63870.959591761326,166281.0,94806.0,4553.0,14.497846365484293
63870.96968072887,166327.0,94829.0,4574.0,14.507935333029309
63870.979769696416,166280.0,94785.0,4583.0,14.518024300574325
63870.98985866397,166283.0,94802.0,4550.0,14.528113268126617
63870.99994763151,166333.0,94829.0,4575.0,14.538202235671633
63871.01003659906,166361.0,94827.0,4599.0,14.54829120321665
63871.02012556661,166327.0,94807.0,4587.0,14.558380170768942
63871.030214534156,166373.0,94820.0,4591.0,14.568469138313958
63871.0403035017,166384.0,94840.0,4595.0,14.578558105858974
63871.050392469246,166384.0,94833.0,4612.0,14.58864707340399
63871.0604814368,166376.0,94841.0,4587.0,14.598736040956283
63871.07057040434,166431.0,94831.0,4621.0,14.608825008501299
63871.08065937189,166410.0,94840.0,4617.0,14.618913976046315
63871.09074833944,166411.0,94814.0,4609.0,14.629002943598607
63871.100837306985,166450.0,94841.0,4605.0,14.639091911143623
63871.11092627453,166377.0,94832.0,4610.0,14.64918087868864
63871.12101524208,166407.0,94837.0,4576.0,14.659269846240932
63871.13110420963,166387.0,94823.0,4610.0,14.669358813785948
63871.14119317717,166392.0,94856.0,4607.0,14.679447781330964
63871.151282144725,166348.0,94835.0,4545.0,14.689536748883256
63871.16137111227,166327.0,94825.0,4550.0,14.699625716428272
63871.171460079815,166320.0,94776.0,4531.0,14.709714683973289
63871.18154904737,166320.0,94790.0,4555.0,14.71980365152558
63871.19163801491,166260.0,94794.0,4500.0,14.729892619070597
63871.20172698246,166256.0,94799.0,4505.0,14.739981586615613
63871.21181595001,166258.0,94803.0,4505.0,14.750070554167905
63871.221904917555,166240.0,94784.0,4485.0,14.760159521712922
63871.2319938851,166201.0,94787.0,4501.0,14.770248489257938
63871.242082852645,166224.0,94805.0,4498.0,14.780337456802954
63871.2521718202,166185.0,94783.0,4500.0,14.790426424355246
63871.26226078774,166163.0,94786.0,4472.0,14.800515391900262
63871.27234975529,166222.0,94786.0,4513.0,14.810604359445279
63871.28243872284,166210.0,94806.0,4525.0,14.82069332699757
63871.292527690384,166213.0,94788.0,4518.0,14.830782294542587
63871.30261665793,166193.0,94758.0,4481.0,14.840871262087603
63871.31270562548,166243.0,94818.0,4526.0,14.850960229639895
63871.32279459303,166203.0,94772.0,4516.0,14.861049197184911
63871.33288356057,166231.0,94803.0,4528.0,14.871138164729928
63871.342972528124,166254.0,94799.0,4533.0,14.88122713228222
63871.35306149567,166251.0,94788.0,4546.0,14.891316099827236
63871.363150463214,166244.0,94807.0,4525.0,14.901405067372252
63871.373239430766,166288.0,94817.0,4556.0,14.911494034924544
63871.38332839831,166305.0,94826.0,4559.0,14.92158300246956
63871.393417365856,166296.0,94817.0,4582.0,14.931671970014577
63871.4035063334,166294.0,94820.0,4545.0,14.941760937559593
63871.41359530095,166318.0,94821.0,4558.0,14.951849905111885
63871.4236842685,166335.0,94848.0,4561.0,14.961938872656901
63871.43377323604,166306.0,94815.0,4534.0,14.972027840201918
63871.443862203596,166334.0,94832.0,4536.0,14.98211680775421
63871.45395117114,166358.0,94833.0,4553.0,14.992205775299226
63871.464040138686,166330.0,94821.0,4550.0,15.002294742844242
63871.47412910624,166339.0,94859.0,4579.0,15.012383710396534
63871.48421807378,166375.0,94819.0,4580.0,15.02247267794155
63871.49430704133,166369.0,94842.0,4565.0,15.032561645486567
63871.50439600888,166400.0,94837.0,4535.0,15.042650613038859
63871.514484976426,166372.0,94830.0,4576.0,15.052739580583875
63871.52457394397,166396.0,94849.0,4589.0,15.062828548128891
63871.53466291152,166414.0,94858.0,4585.0,15.072917515681183
63871.54475187907,166431.0,94848.0,4575.0,15.0830064832262
63871.55484084661,166431.0,94880.0,4604.0,15.093095450771216
63871.564929814165,166438.0,94847.0,4570.0,15.103184418323508
63871.57501878171,166484.0,94887.0,4608.0,15.113273385868524
63871.585107749255,166505.0,94909.0,4587.0,15.12336235341354
63871.5951967168,166540.0,94903.0,4632.0,15.133451320958557
63871.60528568435,166497.0,94882.0,4610.0,15.143540288510849
63871.6153746519,166550.0,94894.0,4620.0,15.153629256055865
63871.62546361944,166542.0,94928.0,4628.0,15.163718223600881
63871.635552586995,166581.0,94866.0,4608.0,15.173807191153173
63871.64564155454,166587.0,94904.0,4634.0,15.18389615869819
63871.655730522085,166602.0,94915.0,4640.0,15.193985126243206
63871.66581948964,166608.0,94903.0,4688.0,15.204074093795498
63871.67590845718,166611.0,94927.0,4651.0,15.214163061340514
63871.68599742473,166679.0,94963.0,4688.0,15.22425202888553
63871.69608639228,166703.0,94938.0,4699.0,15.234340996437822
63871.706175359825,166704.0,94936.0,4683.0,15.244429963982839
63871.71626432737,166709.0,94952.0,4685.0,15.254518931527855
63871.72635329492,166757.0,94974.0,4715.0,15.264607899080147
63871.73644226247,166742.0,94947.0,4696.0,15.274696866625163
63871.74653123001,166767.0,94975.0,4704.0,15.28478583417018
63871.75662019756,166755.0,94971.0,4700.0,15.294874801715196
63871.76670916511,166776.0,94962.0,4726.0,15.304963769267488
63871.776798132654,166793.0,94977.0,4727.0,15.315052736812504
63871.7868871002,166806.0,94987.0,4725.0,15.32514170435752
63871.79697606775,166800.0,94965.0,4729.0,15.335230671909812
63871.8070650353,166790.0,94977.0,4742.0,15.345319639454829
63871.81715400284,166781.0,94991.0,4716.0,15.355408606999845
63871.827242970394,166801.0,94985.0,4708.0,15.365497574552137
63871.83733193794,166808.0,94985.0,4711.0,15.375586542097153
63871.847420905484,166756.0,94955.0,4680.0,15.38567550964217
63871.857509873036,166771.0,94946.0,4665.0,15.395764477194462
63871.86759884058,166772.0,94975.0,4659.0,15.405853444739478
63871.877687808126,166713.0,94975.0,4638.0,15.415942412284494
63871.88777677568,166736.0,94992.0,4658.0,15.426031379836786
63871.89786574322,166760.0,94985.0,4647.0,15.436120347381802
63871.90795471077,166710.0,94948.0,4642.0,15.446209314926818
63871.91804367832,166724.0,94953.0,4634.0,15.45629828247911
63871.928132645866,166743.0,94953.0,4621.0,15.466387250024127
63871.93822161341,166719.0,94966.0,4631.0,15.476476217569143
63871.948310580956,166743.0,94987.0,4630.0,15.48656518511416
63871.95839954851,166735.0,94983.0,4630.0,15.496654152666451
63871.96848851605,166760.0,94990.0,4631.0,15.506743120211468
63871.9785774836,166748.0,94956.0,4642.0,15.516832087756484
63871.98866645115,166789.0,94989.0,4660.0,15.526921055308776
63871.998755418696,166795.0,94970.0,4650.0,15.537010022853792
63872.00884438624,166825.0,95004.0,4682.0,15.547098990398808
63872.01893335379,166822.0,94971.0,4650.0,15.5571879579511
63872.02902232134,166843.0,95017.0,4679.0,15.567276925496117
63872.03911128888,166849.0,94994.0,4712.0,15.577365893041133
63872.049200256435,166845.0,94999.0,4692.0,15.587454860593425
63872.05928922398,166860.0,95000.0,4679.0,15.597543828138441
63872.069378191525,166896.0,95039.0,4701.0,15.607632795683458
63872.07946715908,166890.0,95041.0,4706.0,15.61772176323575
63872.08955612662,166857.0,95067.0,4718.0,15.627810730780766
63872.09964509417,166922.0,95074.0,4733.0,15.637899698325782
63872.10973406171,166936.0,95050.0,4704.0,15.647988665870798
63872.119823029265,166935.0,95029.0,4711.0,15.65807763342309
63872.12991199681,166903.0,95019.0,4696.0,15.668166600968107
63872.140000964355,166942.0,95078.0,4722.0,15.678255568513123
63872.15008993191,166941.0,95054.0,4690.0,15.688344536065415
63872.16017889945,166927.0,95046.0,4712.0,15.698433503610431
63872.170267867,166968.0,95080.0,4743.0,15.708522471155447
63872.18035683455,166932.0,95022.0,4715.0,15.71861143870774
63872.190445802094,166949.0,95053.0,4706.0,15.728700406252756
63872.20053476964,166930.0,95036.0,4714.0,15.738789373797772
63872.21062373719,166993.0,95073.0,4717.0,15.748878341350064
63872.22071270474,166968.0,95042.0,4761.0,15.75896730889508
63872.23080167228,166988.0,95033.0,4738.0,15.769056276440097
63872.240890639834,167016.0,95069.0,4732.0,15.779145243992389
63872.25097960738,166997.0,95053.0,4729.0,15.789234211537405
63872.261068574924,166990.0,95066.0,4727.0,15.799323179082421
63872.27115754248,167048.0,95105.0,4777.0,15.809412146634713
63872.28124651002,167047.0,95083.0,4748.0,15.81950111417973
63872.29133547757,167037.0,95080.0,4745.0,15.829590081724746
63872.30142444512,167075.0,95082.0,4760.0,15.839679049277038
63872.311513412664,167134.0,95131.0,4784.0,15.849768016822054
63872.32160238021,167104.0,95101.0,4781.0,15.85985698436707
63872.331691347754,167099.0,95089.0,4752.0,15.869945951912086
63872.341780315306,167141.0,95110.0,4766.0,15.880034919464379
63872.35186928285,167142.0,95087.0,4818.0,15.890123887009395
63872.361958250396,167154.0,95107.0,4802.0,15.900212854554411
63872.37204721795,167160.0,95078.0,4796.0,15.910301822106703
63872.38213618549,167183.0,95093.0,4828.0,15.92039078965172
63872.39222515304,167189.0,95094.0,4803.0,15.930479757196736
63872.40231412059,167201.0,95125.0,4822.0,15.940568724749028
63872.412403088136,167197.0,95134.0,4794.0,15.950657692294044
63872.42249205568,167221.0,95088.0,4826.0,15.96074665983906
63872.43258102323,167219.0,95111.0,4854.0,15.970835627391352
63872.44266999078,167224.0,95143.0,4816.0,15.980924594936369
63872.45275895832,167215.0,95152.0,4837.0,15.991013562481385
63872.462847925875,167233.0,95154.0,4849.0,16.001102530033677
63872.47293689342,167212.0,95167.0,4837.0,16.011191497578693
63872.483025860965,167190.0,95116.0,4817.0,16.02128046512371
63872.49311482851,167164.0,95106.0,4801.0,16.031369432668725
63872.50320379606,167131.0,95098.0,4786.0,16.041458400221018
63872.51329276361,167096.0,95135.0,4765.0,16.051547367766034
63872.52338173115,167091.0,95104.0,4749.0,16.06163633531105
63872.533470698705,167032.0,95079.0,4709.0,16.071725302863342
63872.54355966625,167027.0,95076.0,4711.0,16.08181427040836
63872.553648633795,167044.0,95085.0,4723.0,16.091903237953375
63872.56373760135,166995.0,95074.0,4710.0,16.101992205505667
63872.57382656889,167023.0,95092.0,4701.0,16.112081173050683
63872.58391553644,166943.0,95050.0,4683.0,16.1221701405957
63872.59400450399,166934.0,95057.0,4685.0,16.13225910814799
63872.604093471535,166949.0,95056.0,4680.0,16.142348075693008
63872.61418243908,166938.0,95047.0,4680.0,16.152437043238024
63872.62427140663,166925.0,95031.0,4682.0,16.162526010790316
63872.63436037418,166924.0,95054.0,4705.0,16.172614978335332
63872.64444934172,166919.0,95041.0,4667.0,16.18270394588035
63872.654538309274,166899.0,95031.0,4725.0,16.19279291343264
63872.66462727682,166929.0,95057.0,4680.0,16.202881880977657
63872.674716244364,166935.0,95050.0,4683.0,16.212970848522673
63872.68480521191,166931.0,95045.0,4690.0,16.22305981606769
63872.69489417946,166940.0,95022.0,4707.0,16.23314878361998
63872.70498314701,166880.0,95037.0,4695.0,16.243237751164997
63872.71507211455,166893.0,95067.0,4701.0,16.253326718710014
63872.725161082104,166976.0,95063.0,4746.0,16.263415686262306
63872.73525004965,166951.0,95085.0,4716.0,16.273504653807322
63872.745339017194,166971.0,95076.0,4702.0,16.28359362135234
63872.755427984746,166949.0,95023.0,4713.0,16.29368258890463
63872.76551695229,166986.0,95087.0,4712.0,16.303771556449647
63872.77560591984,166956.0,95055.0,4717.0,16.313860523994663
63872.78569488739,166971.0,95093.0,4724.0,16.323949491546955
63872.795783854934,166958.0,95055.0,4713.0,16.33403845909197
63872.80587282248,166958.0,95039.0,4726.0,16.344127426636987
63872.81596179003,166950.0,95059.0,4713.0,16.35421639418928
63872.826050757576,166946.0,95074.0,4714.0,16.364305361734296
63872.83613972512,166959.0,95079.0,4692.0,16.374394329279312
63872.846228692666,166941.0,95043.0,4686.0,16.384483296824328
63872.85631766022,166951.0,95056.0,4719.0,16.39457226437662
63872.86640662776,166945.0,95075.0,4707.0,16.404661231921636
63872.87649559531,166977.0,95085.0,4746.0,16.414750199466653
63872.88658456286,167011.0,95091.0,4759.0,16.424839167018945
63872.896673530406,166989.0,95073.0,4728.0,16.43492813456396
63872.90676249795,166980.0,95111.0,4740.0,16.445017102108977
63872.9168514655,166997.0,95068.0,4730.0,16.45510606966127
63872.92694043305,166987.0,95061.0,4722.0,16.465195037206286
63872.93702940059,167010.0,95093.0,4744.0,16.475284004751302
63872.947118368145,166985.0,95105.0,4747.0,16.485372972303594
63872.95720733569,167011.0,95051.0,4736.0,16.49546193984861
63872.967296303235,167049.0,95092.0,4737.0,16.505550907393626
63872.97738527079,167059.0,95072.0,4782.0,16.51563987494592
63872.98747423833,167015.0,95084.0,4742.0,16.525728842490935
63872.99756320588,167036.0,95076.0,4744.0,16.53581781003595
63873.00765217343,167066.0,95079.0,4781.0,16.545906777588243
63873.017741140975,167094.0,95104.0,4792.0,16.55599574513326
63873.02783010852,167095.0,95109.0,4776.0,16.566084712678276
63873.037919076065,167110.0,95092.0,4776.0,16.57617368022329
63873.04800804362,167134.0,95126.0,4820.0,16.586262647775584
63873.05809701116,167139.0,95116.0,4800.0,16.5963516153206
63873.06818597871,167133.0,95121.0,4801.0,16.606440582865616
63873.07827494626,167136.0,95147.0,4821.0,16.61652955041791
63873.088363913805,167171.0,95093.0,4810.0,16.626618517962925
63873.09845288135,167176.0,95125.0,4818.0,16.63670748550794
63873.1085418489,167169.0,95108.0,4830.0,16.646796453060233
63873.11863081645,167165.0,95106.0,4825.0,16.65688542060525
63873.12871978399,167136.0,95097.0,4804.0,16.666974388150265
63873.138808751544,167153.0,95123.0,4791.0,16.677063355702558
63873.14889771909,167095.0,95103.0,4790.0,16.687152323247574
63873.158986686634,167084.0,95078.0,4756.0,16.69724129079259
63873.16907565419,167049.0,95085.0,4736.0,16.707330258344882
63873.17916462173,167027.0,95086.0,4745.0,16.7174192258899
63873.18925358928,166985.0,95061.0,4705.0,16.727508193434915
63873.19934255682,166942.0,95049.0,4680.0,16.73759716097993
63873.209431524374,166937.0,95052.0,4688.0,16.747686128532223
63873.21952049192,166929.0,95056.0,4685.0,16.75777509607724
63873.229609459464,166892.0,95062.0,4656.0,16.767864063622255
63873.239698427016,166844.0,95018.0,4637.0,16.777953031174548
63873.24978739456,166846.0,95047.0,4653.0,16.788041998719564
63873.259876362106,166791.0,95029.0,4664.0,16.79813096626458
63873.26996532966,166806.0,95019.0,4640.0,16.808219933816872
63873.2800542972,166786.0,95018.0,4636.0,16.81830890136189
63873.29014326475,166785.0,94993.0,4625.0,16.828397868906904
63873.3002322323,166764.0,94986.0,4633.0,16.838486836459197
63873.310321199846,166781.0,95023.0,4633.0,16.848575804004213
63873.32041016739,166772.0,95023.0,4652.0,16.85866477154923
63873.33049913494,166749.0,95026.0,4640.0,16.86875373910152
63873.34058810249,166743.0,94993.0,4620.0,16.878842706646537
63873.35067707003,166775.0,95019.0,4626.0,16.888931674191554
63873.360766037586,166775.0,95026.0,4656.0,16.899020641743846
63873.37085500513,166752.0,94985.0,4653.0,16.909109609288862
63873.380943972676,166771.0,94993.0,4642.0,16.919198576833878
63873.39103294022,166759.0,95013.0,4644.0,16.929287544378894
63873.40112190777,166750.0,95020.0,4652.0,16.939376511931187
63873.41121087532,166757.0,95023.0,4622.0,16.949465479476203
63873.42129984286,166785.0,95048.0,4660.0,16.95955444702122
63873.431388810415,166773.0,95025.0,4639.0,16.96964341457351
63873.44147777796,166782.0,95010.0,4644.0,16.979732382118527
63873.451566745505,166770.0,94994.0,4630.0,16.989821349663544
63873.46165571306,166764.0,95027.0,4646.0,16.999910317215836
63873.4717446806,166768.0,95025.0,4634.0,17.009999284760852
63873.48183364815,166742.0,94997.0,4641.0,17.020088252305868
63873.4919226157,166757.0,95002.0,4627.0,17.03017721985816
63873.502011583245,166776.0,94996.0,4655.0,17.040266187403176
63873.51210055079,166773.0,95001.0,4662.0,17.050355154948193
63873.52218951834,166757.0,95035.0,4655.0,17.060444122500485
63873.53227848589,166773.0,95041.0,4666.0,17.0705330900455
63873.54236745343,166773.0,95022.0,4625.0,17.080622057590517
63873.55245642098,166785.0,95025.0,4645.0,17.090711025135533
63873.56254538853,166819.0,95036.0,4646.0,17.100799992687826
63873.572634356075,166773.0,95010.0,4648.0,17.110888960232842
63873.58272332362,166811.0,95014.0,4651.0,17.120977927777858
63873.59281229117,166820.0,95037.0,4660.0,17.13106689533015
63873.60290125872,166795.0,95041.0,4654.0,17.141155862875166
63873.61299022626,166809.0,95056.0,4664.0,17.151244830420183
63873.623079193814,166871.0,95051.0,4687.0,17.161333797972475
63873.63316816136,166846.0,95050.0,4674.0,17.17142276551749
63873.643257128904,166860.0,95049.0,4650.0,17.181511733062507
63873.65334609646,166882.0,95026.0,4686.0,17.1916007006148
63873.663435064,166899.0,95079.0,4675.0,17.201689668159815
63873.67352403155,166883.0,95061.0,4684.0,17.21177863570483
63873.6836129991,166885.0,95055.0,4723.0,17.221867603257124
63873.693701966644,166912.0,95093.0,4691.0,17.23195657080214
63873.70379093419,166935.0,95053.0,4730.0,17.242045538347156
63873.71387990174,166943.0,95080.0,4735.0,17.25213450589945
63873.723968869286,166938.0,95074.0,4716.0,17.262223473444465
63873.73405783683,166985.0,95102.0,4728.0,17.27231244098948
63873.74414680438,166981.0,95085.0,4704.0,17.282401408541773
63873.75423577193,166994.0,95086.0,4721.0,17.29249037608679
63873.76432473947,167002.0,95117.0,4718.0,17.302579343631805
63873.77441370702,166998.0,95065.0,4752.0,17.31266831117682
63873.78450267457,166997.0,95095.0,4709.0,17.322757278729114
63873.794591642116,167061.0,95118.0,4737.0,17.33284624627413
63873.80468060966,167054.0,95101.0,4747.0,17.342935213819146
63873.81476957721,167006.0,95108.0,4710.0,17.35302418137144
63873.82485854476,167050.0,95100.0,4733.0,17.363113148916455
63873.8349475123,167070.0,95138.0,4760.0,17.37320211646147
63873.845036479855,167024.0,95107.0,4724.0,17.383291084013763
63873.8551254474,166989.0,95076.0,4687.0,17.39338005155878
63873.865214414946,166966.0,95115.0,4704.0,17.403469019103795
63873.8753033825,166907.0,95074.0,4702.0,17.413557986656087
63873.88539235004,166898.0,95069.0,4648.0,17.423646954201104
63873.89548131759,166840.0,95037.0,4627.0,17.43373592174612
63873.90557028514,166826.0,95039.0,4642.0,17.443824889298412
63873.915659252685,166810.0,95029.0,4647.0,17.453913856843428
63873.92574822023,166753.0,95016.0,4597.0,17.464002824388444
63873.935837187775,166753.0,95044.0,4562.0,17.47409179193346
63873.94592615533,166704.0,95017.0,4601.0,17.484180759485753
63873.95601512287,166668.0,95010.0,4559.0,17.49426972703077
63873.96610409042,166669.0,94989.0,4557.0,17.504358694575785
63873.97619305797,166659.0,95015.0,4558.0,17.514447662128077
63873.986282025515,166610.0,94975.0,4527.0,17.524536629673094
63873.99637099306,166654.0,95017.0,4527.0,17.53462559721811
63874.00645996061,166624.0,94992.0,4561.0,17.544714564770402
63874.01654892816,166613.0,94974.0,4593.0,17.554803532315418
63874.0266378957,166606.0,95017.0,4546.0,17.564892499860434
63874.036726863254,166616.0,95021.0,4579.0,17.574981467412726
63874.0468158308,166628.0,95017.0,4571.0,17.585070434957743
63874.056904798344,166585.0,94967.0,4534.0,17.59515940250276
63874.0669937659,166602.0,94994.0,4529.0,17.60524837005505
63874.07708273344,166620.0,95004.0,4567.0,17.615337337600067
63874.08717170099,166608.0,94996.0,4546.0,17.625426305145083
63874.09726066854,166589.0,94970.0,4540.0,17.635515272697376
63874.107349636084,166582.0,95014.0,4557.0,17.645604240242392
63874.11743860363,166635.0,95009.0,4546.0,17.655693207787408
63874.127527571174,166624.0,94998.0,4554.0,17.665782175332424
63874.13761653873,166627.0,95007.0,4538.0,17.675871142884716
63874.14770550627,166619.0,94974.0,4554.0,17.685960110429733
63874.15779447382,166590.0,94977.0,4553.0,17.69604907797475
63874.16788344137,166637.0,94993.0,4543.0,17.70613804552704
63874.177972408914,166630.0,95007.0,4580.0,17.716227013072057
63874.18806137646,166644.0,95025.0,4587.0,17.726315980617073
63874.19815034401,166609.0,94996.0,4555.0,17.736404948169366
63874.208239311556,166626.0,95023.0,4544.0,17.74649391571438
63874.2183282791,166640.0,94987.0,4558.0,17.756582883259398
63874.22841724665,166674.0,95043.0,4569.0,17.76667185081169
63874.2385062142,166641.0,95036.0,4570.0,17.776760818356706
63874.24859518174,166696.0,95016.0,4585.0,17.786849785901722
63874.258684149296,166673.0,95052.0,4577.0,17.796938753454015
63874.26877311684,166679.0,95033.0,4563.0,17.80702772099903
63874.278862084386,166721.0,95033.0,4558.0,17.817116688544047
63874.28895105193,166672.0,95011.0,4572.0,17.827205656089063
63874.29904001948,166735.0,95031.0,4576.0,17.837294623641355
63874.30912898703,166703.0,95078.0,4555.0,17.84738359118637
63874.31921795457,166720.0,95039.0,4581.0,17.857472558731388
63874.329306922125,166751.0,95032.0,4583.0,17.86756152628368
63874.33939588967,166779.0,95061.0,4593.0,17.877650493828696
63874.349484857215,166807.0,95051.0,4637.0,17.887739461373712
63874.35957382477,166794.0,95046.0,4615.0,17.897828428926005
63874.36966279231,166805.0,95080.0,4595.0,17.90791739647102
63874.37975175986,166857.0,95079.0,4626.0,17.918006364016037
63874.38984072741,166885.0,95073.0,4650.0,17.92809533156833
63874.399929694955,166875.0,95066.0,4622.0,17.938184299113345
63874.4100186625,166927.0,95075.0,4637.0,17.94827326665836
63874.42010763005,166932.0,95092.0,4639.0,17.958362234210654
63874.4301965976,166981.0,95127.0,4664.0,17.96845120175567
63874.44028556514,166931.0,95134.0,4663.0,17.978540169300686
63874.450374532695,166981.0,95127.0,4684.0,17.98862913685298
63874.46046350024,166989.0,95112.0,4658.0,17.998718104397994
63874.470552467785,166983.0,95117.0,4653.0,18.00880707194301
63874.48064143533,167012.0,95107.0,4662.0,18.018896039488027
63874.49073040288,167014.0,95129.0,4670.0,18.02898500704032
63874.50081937043,167058.0,95143.0,4676.0,18.039073974585335
63874.51090833797,167054.0,95130.0,4693.0,18.04916294213035
63874.520997305524,167086.0,95183.0,4689.0,18.059251909682644
63874.53108627307,167102.0,95130.0,4677.0,18.06934087722766
63874.541175240614,167110.0,95160.0,4690.0,18.079429844772676
63874.55126420817,167113.0,95156.0,4704.0,18.089518812324968
63874.56135317571,167138.0,95147.0,4679.0,18.099607779869984
63874.57144214326,167150.0,95167.0,4690.0,18.109696747415
63874.58153111081,167164.0,95168.0,4713.0,18.119785714967293
63874.591620078354,167200.0,95175.0,4713.0,18.12987468251231
63874.6017090459,167211.0,95162.0,4745.0,18.139963650057325
63874.61179801345,167220.0,95172.0,4711.0,18.150052617609617
63874.621886980996,167246.0,95193.0,4732.0,18.160141585154634
63874.63197594854,167265.0,95231.0,4735.0,18.17023055269965
63874.64206491609,167223.0,95189.0,4697.0,18.180319520244666
63874.65215388364,167204.0,95212.0,4731.0,18.190408487796958
63874.662242851184,167174.0,95184.0,4702.0,18.200497455341974
63874.67233181873,167120.0,95141.0,4677.0,18.21058642288699
63874.68242078628,167056.0,95139.0,4627.0,18.220675390439283
63874.692509753826,167073.0,95184.0,4649.0,18.2307643579843
63874.70259872137,167016.0,95147.0,4626.0,18.240853325529315
63874.71268768892,166949.0,95105.0,4616.0,18.250942293081607
63874.72277665647,166952.0,95132.0,4581.0,18.261031260626623
63874.73286562401,166928.0,95100.0,4599.0,18.27112022817164
63874.742954591566,166905.0,95111.0,4563.0,18.28120919572393
63874.75304355911,166870.0,95074.0,4566.0,18.291298163268948
63874.763132526656,166903.0,95131.0,4580.0,18.301387130813964
63874.77322149421,166844.0,95090.0,4541.0,18.311476098366256
63874.78331046175,166848.0,95088.0,4551.0,18.321565065911273
63874.7933994293,166834.0,95097.0,4542.0,18.33165403345629
63874.80348839685,166860.0,95120.0,4540.0,18.34174300100858
63874.813577364395,166777.0,95076.0,4529.0,18.351831968553597
63874.82366633194,166821.0,95100.0,4520.0,18.361920936098613
63874.833755299485,166811.0,95090.0,4533.0,18.37200990364363
63874.84384426704,166810.0,95075.0,4572.0,18.38209887119592
63874.85393323458,166793.0,95108.0,4535.0,18.392187838740938
63874.86402220213,166798.0,95087.0,4540.0,18.402276806285954
63874.87411116968,166795.0,95091.0,4542.0,18.412365773838246
63874.884200137225,166816.0,95074.0,4530.0,18.422454741383262
63874.89428910477,166833.0,95088.0,4516.0,18.43254370892828
63874.90437807232,166845.0,95104.0,4571.0,18.44263267648057
63874.91446703987,166826.0,95101.0,4552.0,18.452721644025587
63874.92455600741,166802.0,95078.0,4533.0,18.462810611570603
63874.934644974965,166842.0,95084.0,4569.0,18.472899579122895
63874.94473394251,166810.0,95086.0,4544.0,18.48298854666791
63874.954822910055,166820.0,95104.0,4554.0,18.493077514212928
63874.96491187761,166813.0,95100.0,4540.0,18.50316648176522
63874.97500084515,166793.0,95078.0,4536.0,18.513255449310236
63874.9850898127,166755.0,95068.0,4526.0,18.523344416855252
63874.99517878025,166783.0,95112.0,4554.0,18.533433384407545
63875.005267747794,166773.0,95107.0,4553.0,18.54352235195256
63875.01535671534,166773.0,95096.0,4572.0,18.553611319497577
63875.025445682884,166771.0,95097.0,4536.0,18.563700287042593
63875.03553465044,166766.0,95106.0,4546.0,18.573789254594885
63875.04562361798,166729.0,95099.0,4587.0,18.5838782221399
63875.05571258553,166719.0,95097.0,4545.0,18.593967189684918
63875.06580155308,166718.0,95060.0,4571.0,18.60405615723721
63875.075890520624,166692.0,95072.0,4553.0,18.614145124782226
63875.08597948817,166707.0,95063.0,4556.0,18.624234092327242
63875.09606845572,166636.0,95045.0,4547.0,18.634323059879534
63875.106157423266,166657.0,95052.0,4580.0,18.64441202742455
63875.11624639081,166585.0,95025.0,4540.0,18.654500994969567
63875.12633535836,166578.0,95034.0,4550.0,18.66458996252186
63875.13642432591,166516.0,95026.0,4543.0,18.674678930066875
63875.14651329345,166495.0,95000.0,4538.0,18.68476789761189
63875.156602261006,166512.0,95013.0,4545.0,18.694856865164184
63875.16669122855,166484.0,95000.0,4540.0,18.7049458327092
63875.176780196096,166490.0,95000.0,4586.0,18.715034800254216
63875.18686916365,166433.0,94950.0,4549.0,18.725123767806508
63875.19695813119,166428.0,94967.0,4532.0,18.735212735351524
63875.20704709874,166403.0,94981.0,4558.0,18.74530170289654
63875.21713606628,166422.0,94932.0,4535.0,18.755390670441557
63875.227225033836,166358.0,94928.0,4545.0,18.76547963799385
63875.23731400138,166365.0,94942.0,4551.0,18.775568605538865
63875.247402968926,166345.0,94949.0,4531.0,18.78565757308388
63875.25749193648,166319.0,94915.0,4538.0,18.795746540636173
63875.26758090402,166286.0,94925.0,4531.0,18.80583550818119
63875.27766987157,166336.0,94925.0,4577.0,18.815924475726206
63875.28775883912,166313.0,94950.0,4539.0,18.826013443278498
63875.297847806665,166311.0,94891.0,4545.0,18.836102410823514
63875.30793677421,166310.0,94894.0,4544.0,18.84619137836853
63875.31802574176,166310.0,94917.0,4551.0,18.856280345920823
63875.32811470931,166261.0,94899.0,4540.0,18.86636931346584
63875.33820367685,166222.0,94864.0,4534.0,18.876458281010855
63875.348292644405,166229.0,94903.0,4551.0,18.886547248563147
63875.35838161195,166192.0,94859.0,4515.0,18.896636216108163
63875.368470579495,166164.0,94854.0,4540.0,18.90672518365318
63875.37855954704,166152.0,94878.0,4559.0,18.916814151198196
63875.38864851459,166073.0,94818.0,4532.0,18.926903118750488
63875.39873748214,166061.0,94795.0,4516.0,18.936992086295504
63875.40882644968,166023.0,94800.0,4524.0,18.94708105384052
63875.418915417235,166012.0,94792.0,4511.0,18.957170021392812
63875.42900438478,165978.0,94775.0,4528.0,18.96725898893783
63875.439093352325,165983.0,94782.0,4529.0,18.977347956482845
63875.44918231988,165935.0,94769.0,4521.0,18.987436924035137
63875.45927128742,165911.0,94749.0,4493.0,18.997525891580153
63875.46936025497,165873.0,94743.0,4511.0,19.00761485912517
63875.47944922252,165906.0,94775.0,4532.0,19.01770382667746
63875.489538190064,165862.0,94755.0,4515.0,19.027792794222478
63875.49962715761,165832.0,94707.0,4492.0,19.037881761767494
63875.50971612516,165813.0,94709.0,4472.0,19.047970729319786
63875.51980509271,165848.0,94757.0,4499.0,19.058059696864802
63875.52989406025,165777.0,94711.0,4475.0,19.06814866440982
63875.539983027804,165705.0,94692.0,4444.0,19.07823763196211
63875.55007199535,165700.0,94692.0,4445.0,19.088326599507127
63875.560160962894,165667.0,94647.0,4421.0,19.098415567052143
63875.57024993044,165626.0,94665.0,4397.0,19.10850453459716
63875.58033889799,165564.0,94672.0,4412.0,19.11859350214945
63875.590427865536,165548.0,94655.0,4364.0,19.128682469694468
63875.60051683308,165454.0,94614.0,4368.0,19.138771437239484
63875.61060580063,165441.0,94604.0,4331.0,19.148860404791776
63875.62069476818,165368.0,94610.0,4306.0,19.158949372336792
63875.63078373572,165386.0,94618.0,4336.0,19.16903833988181
63875.640872703276,165335.0,94557.0,4294.0,19.1791273074341
63875.65096167082,165317.0,94580.0,4299.0,19.189216274979117
63875.661050638366,165281.0,94614.0,4307.0,19.199305242524133
63875.67113960592,165260.0,94554.0,4303.0,19.209394210076425
63875.68122857346,165245.0,94555.0,4300.0,19.21948317762144
63875.69131754101,165246.0,94555.0,4282.0,19.229572145166458
63875.70140650856,165190.0,94552.0,4303.0,19.23966111271875
63875.711495476105,165166.0,94519.0,4257.0,19.249750080263766
63875.72158444365,165188.0,94535.0,4255.0,19.259839047808782
63875.731673411196,165148.0,94531.0,4291.0,19.2699280153538
63875.74176237875,165105.0,94537.0,4281.0,19.28001698290609
63875.75185134629,165031.0,94462.0,4262.0,19.290105950451107
63875.76194031384,165025.0,94475.0,4274.0,19.300194917996123
63875.77202928139,164992.0,94475.0,4286.0,19.310283885548415
63875.782118248935,164905.0,94439.0,4241.0,19.32037285309343
63875.79220721648,164866.0,94449.0,4237.0,19.330461820638448
63875.80229618403,164779.0,94380.0,4253.0,19.34055078819074
63875.81238515158,164705.0,94365.0,4257.0,19.350639755735756
63875.82247411912,164688.0,94381.0,4231.0,19.360728723280772
63875.832563086675,164654.0,94361.0,4224.0,19.370817690833064
63875.84265205422,164578.0,94296.0,4205.0,19.38090665837808
63875.852741021765,164561.0,94317.0,4202.0,19.390995625923097
63875.86282998932,164518.0,94316.0,4220.0,19.40108459347539
63875.87291895686,164459.0,94294.0,4221.0,19.411173561020405
63875.88300792441,164463.0,94312.0,4206.0,19.42126252856542
63875.89309689196,164425.0,94296.0,4204.0,19.431351496117713
63875.903185859504,164418.0,94284.0,4189.0,19.44144046366273
63875.91327482705,164403.0,94272.0,4171.0,19.451529431207746
63875.923363794594,164400.0,94278.0,4171.0,19.461618398752762
63875.93345276215,164427.0,94288.0,4208.0,19.471707366305054
63875.94354172969,164420.0,94289.0,4196.0,19.48179633385007
63875.95363069724,164479.0,94319.0,4195.0,19.491885301395087
63875.96371966479,164473.0,94318.0,4225.0,19.50197426894738
63875.973808632334,164478.0,94315.0,4233.0,19.512063236492395
63875.98389759988,164470.0,94297.0,4201.0,19.52215220403741
63875.99398656743,164525.0,94333.0,4180.0,19.532241171589703
63876.00407553498,164491.0,94304.0,4190.0,19.54233013913472
63876.01416450252,164534.0,94349.0,4218.0,19.552419106679736
63876.024253470074,164536.0,94328.0,4213.0,19.562508074232028
63876.03434243762,164542.0,94305.0,4225.0,19.572597041777044
63876.044431405164,164557.0,94317.0,4185.0,19.58268600932206
63876.054520372716,164567.0,94306.0,4243.0,19.592774976874352
63876.06460934026,164578.0,94345.0,4236.0,19.60286394441937
63876.074698307806,164571.0,94341.0,4257.0,19.612952911964385
63876.08478727535,164597.0,94334.0,4229.0,19.6230418795094
63876.0948762429,164586.0,94342.0,4229.0,19.633130847061693
63876.10496521045,164626.0,94348.0,4244.0,19.64321981460671
63876.11505417799,164647.0,94351.0,4261.0,19.653308782151726
63876.125143145546,164625.0,94380.0,4253.0,19.663397749704018
63876.13523211309,164623.0,94333.0,4250.0,19.673486717249034
63876.145321080636,164639.0,94371.0,4254.0,19.68357568479405
63876.15541004819,164643.0,94374.0,4233.0,19.693664652346342
63876.16549901573,164610.0,94374.0,4240.0,19.70375361989136
63876.17558798328,164671.0,94395.0,4283.0,19.713842587436375
63876.18567695083,164628.0,94343.0,4282.0,19.723931554988667
63876.195765918375,164660.0,94368.0,4250.0,19.734020522533683
63876.20585488592,164606.0,94338.0,4254.0,19.7441094900787
63876.21594385347,164665.0,94397.0,4247.0,19.75419845763099
63876.22603282102,164670.0,94370.0,4301.0,19.764287425176008
63876.23612178856,164664.0,94389.0,4268.0,19.774376392721024
63876.246210756115,164664.0,94352.0,4266.0,19.784465360273316
63876.25629972366,164688.0,94351.0,4308.0,19.794554327818332
63876.266388691205,164690.0,94372.0,4288.0,19.80464329536335
63876.27647765876,164705.0,94384.0,4286.0,19.81473226291564
63876.2865666263,164694.0,94378.0,4288.0,19.824821230460657
63876.29665559385,164696.0,94385.0,4287.0,19.834910198005673
63876.30674456139,164692.0,94356.0,4279.0,19.84499916555069
63876.316833528945,164752.0,94403.0,4292.0,19.85508813310298
63876.32692249649,164698.0,94416.0,4297.0,19.865177100647998
63876.337011464035,164747.0,94397.0,4314.0,19.875266068193014
63876.34710043159,164784.0,94409.0,4291.0,19.885355035745306
63876.35718939913,164786.0,94399.0,4306.0,19.895444003290322
63876.36727836668,164807.0,94416.0,4340.0,19.90553297083534
63876.37736733423,164794.0,94404.0,4312.0,19.91562193838763
63876.387456301774,164814.0,94398.0,4291.0,19.925710905932647
63876.39754526932,164808.0,94415.0,4324.0,19.935799873477663
63876.40763423687,164825.0,94397.0,4329.0,19.945888841029955
63876.41772320442,164801.0,94393.0,4299.0,19.95597780857497
63876.42781217196,164834.0,94407.0,4319.0,19.966066776119987
63876.437901139514,164808.0,94395.0,4296.0,19.97615574367228
63876.44799010706,164729.0,94427.0,4326.0,19.986244711217296
63876.458079074604,164699.0,94383.0,4276.0,19.996333678762312
63876.46816804215,164682.0,94342.0,4252.0,20.00642264630733
63876.4782570097,164676.0,94357.0,4236.0,20.01651161385962
63876.488345977246,164622.0,94323.0,4223.0,20.026600581404637
63876.49843494479,164582.0,94322.0,4204.0,20.036689548949653
63876.508523912344,164535.0,94315.0,4205.0,20.046778516501945
63876.51861287989,164540.0,94318.0,4195.0,20.05686748404696
63876.528701847434,164501.0,94302.0,4194.0,20.066956451591977
63876.538790814986,164479.0,94294.0,4163.0,20.07704541914427
63876.54887978253,164449.0,94268.0,4171.0,20.087134386689286
63876.558968750076,164454.0,94295.0,4189.0,20.097223354234302
63876.56905771763,164429.0,94284.0,4178.0,20.107312321786594
63876.57914668517,164410.0,94301.0,4143.0,20.11740128933161
63876.58923565272,164413.0,94295.0,4194.0,20.127490256876627
63876.59932462027,164419.0,94284.0,4171.0,20.13757922442892
63876.609413587816,164426.0,94269.0,4196.0,20.147668191973935
63876.61950255536,164388.0,94254.0,4186.0,20.15775715951895
63876.62959152291,164404.0,94269.0,4179.0,20.167846127071243
63876.63968049046,164411.0,94287.0,4192.0,20.17793509461626
63876.649769458,164433.0,94313.0,4207.0,20.188024062161276
63876.65985842555,164388.0,94272.0,4181.0,20.198113029706292
63876.6699473931,164439.0,94312.0,4205.0,20.208201997258584
63876.680036360645,164409.0,94282.0,4185.0,20.2182909648036
63876.69012532819,164395.0,94277.0,4177.0,20.228379932348616
63876.70021429574,164387.0,94260.0,4217.0,20.23846889990091
63876.71030326329,164428.0,94299.0,4213.0,20.248557867445925
63876.72039223083,164380.0,94280.0,4170.0,20.25864683499094
63876.730481198385,164364.0,94276.0,4192.0,20.268735802543233
63876.74057016593,164417.0,94297.0,4186.0,20.27882477008825
63876.750659133475,164370.0,94254.0,4200.0,20.288913737633266
63876.76074810103,164390.0,94271.0,4180.0,20.299002705185558
63876.77083706857,164387.0,94239.0,4186.0,20.309091672730574
63876.78092603612,164355.0,94246.0,4174.0,20.31918064027559
63876.79101500367,164351.0,94265.0,4164.0,20.329269607827882
63876.801103971215,164359.0,94266.0,4168.0,20.3393585753729
63876.81119293876,164361.0,94238.0,4198.0,20.349447542917915
63876.821281906305,164381.0,94243.0,4212.0,20.35953651046293
63876.83137087386,164367.0,94246.0,4188.0,20.369625478015223
63876.8414598414,164379.0,94272.0,4179.0,20.37971444556024
63876.85154880895,164341.0,94253.0,4182.0,20.389803413105255
63876.8616377765,164356.0,94255.0,4206.0,20.399892380657548
63876.871726744044,164386.0,94297.0,4237.0,20.409981348202564
63876.88181571159,164393.0,94247.0,4219.0,20.42007031574758
63876.89190467914,164396.0,94283.0,4213.0,20.430159283299872
63876.90199364669,164397.0,94285.0,4234.0,20.44024825084489
63876.91208261423,164437.0,94298.0,4215.0,20.450337218389905
63876.922171581784,164417.0,94266.0,4199.0,20.460426185942197
63876.93226054933,164429.0,94276.0,4219.0,20.470515153487213
63876.942349516874,164423.0,94279.0,4219.0,20.48060412103223
63876.952438484426,164437.0,94282.0,4237.0,20.49069308858452
63876.96252745197,164415.0,94273.0,4192.0,20.500782056129538
63876.972616419516,164442.0,94301.0,4229.0,20.510871023674554
63876.98270538707,164443.0,94293.0,4195.0,20.520959991226846
63876.99279435461,164444.0,94253.0,4217.0,20.531048958771862
63877.00288332216,164484.0,94315.0,4261.0,20.54113792631688
63877.0129722897,164470.0,94302.0,4244.0,20.551226893861894
63877.023061257256,164512.0,94324.0,4260.0,20.561315861414187
63877.0331502248,164459.0,94273.0,4228.0,20.571404828959203
63877.043239192346,164514.0,94307.0,4216.0,20.58149379650422
63877.0533281599,164501.0,94306.0,4250.0,20.59158276405651
63877.06341712744,164487.0,94288.0,4275.0,20.601671731601527
63877.07350609499,164517.0,94313.0,4250.0,20.611760699146544
63877.08359506254,164528.0,94274.0,4286.0,20.621849666698836
63877.093684030086,164527.0,94306.0,4260.0,20.631938634243852
63877.10377299763,164497.0,94272.0,4236.0,20.642027601788868
63877.11386196518,164562.0,94289.0,4294.0,20.65211656934116
63877.12395093273,164545.0,94315.0,4253.0,20.662205536886177
63877.13403990027,164524.0,94293.0,4265.0,20.672294504431193
63877.144128867825,164528.0,94286.0,4261.0,20.682383471983485
63877.15421783537,164553.0,94322.0,4283.0,20.6924724395285
63877.164306802915,164521.0,94294.0,4252.0,20.702561407073517
63877.17439577046,164549.0,94311.0,4280.0,20.712650374618534
63877.18448473801,164570.0,94311.0,4253.0,20.722739342170826
63877.19457370556,164556.0,94285.0,4267.0,20.732828309715842
63877.2046626731,164565.0,94326.0,4276.0,20.742917277260858
63877.214751640655,164584.0,94320.0,4285.0,20.75300624481315
63877.2248406082,164588.0,94317.0,4289.0,20.763095212358166
63877.234929575745,164576.0,94294.0,4257.0,20.773184179903183
63877.2450185433,164589.0,94302.0,4280.0,20.783273147455475
63877.25510751084,164606.0,94314.0,4282.0,20.79336211500049
63877.26519647839,164580.0,94314.0,4305.0,20.803451082545507
63877.27528544594,164577.0,94290.0,4277.0,20.8135400500978
63877.285374413485,164583.0,94326.0,4324.0,20.823629017642816
63877.29546338103,164570.0,94313.0,4291.0,20.833717985187832
63877.30555234858,164572.0,94295.0,4287.0,20.843806952740124
63877.31564131613,164555.0,94287.0,4295.0,20.85389592028514
63877.32573028367,164533.0,94297.0,4296.0,20.863984887830156
63877.335819251224,164426.0,94231.0,4239.0,20.87407385538245
63877.34590821877,164421.0,94232.0,4229.0,20.884162822927465
63877.355997186314,164348.0,94265.0,4222.0,20.89425179047248
63877.36608615386,164306.0,94228.0,4211.0,20.904340758017497
63877.37617512141,164266.0,94192.0,4170.0,20.91442972556979
63877.38626408896,164243.0,94201.0,4197.0,20.924518693114806
63877.3963530565,164188.0,94176.0,4217.0,20.93460766065982
63877.406442024054,164144.0,94138.0,4174.0,20.944696628212114
63877.4165309916,164171.0,94146.0,4202.0,20.95478559575713
63877.426619959144,164138.0,94147.0,4164.0,20.964874563302146
63877.436708926696,164137.0,94138.0,4178.0,20.97496353085444
63877.44679789424,164102.0,94151.0,4157.0,20.985052498399455
63877.456886861786,164138.0,94152.0,4195.0,20.99514146594447
63877.46697582934,164098.0,94138.0,4181.0,21.005230433496763
63877.47706479688,164071.0,94131.0,4161.0,21.01531940104178
63877.48715376443,164052.0,94152.0,4187.0,21.025408368586795
63877.49724273198,164045.0,94112.0,4173.0,21.035497336139088
63877.507331699526,164079.0,94132.0,4182.0,21.045586303684104
63877.51742066707,164061.0,94145.0,4180.0,21.05567527122912
63877.52750963462,164083.0,94133.0,4209.0,21.065764238781412
63877.53759860217,164005.0,94096.0,4191.0,21.07585320632643
63877.54768756971,164035.0,94124.0,4189.0,21.085942173871445
63877.55777653726,164006.0,94136.0,4159.0,21.09603114141646
63877.56786550481,164023.0,94130.0,4211.0,21.106120108968753
63877.577954472355,163978.0,94073.0,4195.0,21.11620907651377
63877.5880434399,163980.0,94090.0,4187.0,21.126298044058785
63877.59813240745,163955.0,94096.0,4201.0,21.136387011611077
63877.608221375,163940.0,94076.0,4197.0,21.146475979156094
63877.61831034254,163942.0,94065.0,4189.0,21.15656494670111
63877.628399310095,163954.0,94072.0,4181.0,21.166653914253402
63877.63848827764,163995.0,94096.0,4201.0,21.17674288179842
63877.648577245185,163940.0,94060.0,4153.0,21.186831849343434
63877.65866621274,164008.0,94105.0,4198.0,21.196920816895727
63877.66875518028,163994.0,94098.0,4175.0,21.207009784440743
63877.67884414783,163990.0,94111.0,4191.0,21.21709875198576
63877.68893311538,164031.0,94117.0,4155.0,21.22718771953805
63877.699022082925,164055.0,94134.0,4207.0,21.237276687083067
63877.70911105047,164103.0,94135.0,4182.0,21.247365654628084
63877.71920001802,164083.0,94100.0,4186.0,21.257454622180376
63877.72928898557,164145.0,94122.0,4217.0,21.267543589725392
63877.73937795311,164170.0,94166.0,4225.0,21.277632557270408
63877.74946692066,164177.0,94156.0,4186.0,21.287721524815424
63877.75955588821,164175.0,94161.0,4224.0,21.297810492367717
63877.769644855754,164223.0,94199.0,4225.0,21.307899459912733
63877.7797338233,164229.0,94147.0,4207.0,21.31798842745775
63877.78982279085,164233.0,94166.0,4193.0,21.32807739501004
63877.7999117584,164240.0,94175.0,4243.0,21.338166362555057
63877.81000072594,164258.0,94174.0,4251.0,21.348255330100073
63877.820089693494,164262.0,94196.0,4233.0,21.358344297652366
63877.83017866104,164301.0,94195.0,4250.0,21.368433265197382
63877.840267628584,164297.0,94211.0,4241.0,21.378522232742398
63877.85035659614,164343.0,94197.0,4255.0,21.38861120029469
63877.86044556368,164367.0,94199.0,4259.0,21.398700167839706
63877.87053453123,164402.0,94245.0,4280.0,21.408789135384723
63877.88062349878,164415.0,94222.0,4267.0,21.418878102937015
63877.890712466324,164430.0,94229.0,4285.0,21.42896707048203
63877.90080143387,164486.0,94294.0,4274.0,21.439056038027047
63877.910890401414,164524.0,94245.0,4299.0,21.449145005572063
63877.920979368966,164520.0,94275.0,4279.0,21.459233973124356
63877.93106833651,164554.0,94246.0,4288.0,21.46932294066937
63877.941157304056,164607.0,94300.0,4277.0,21.479411908214388
63877.95124627161,164628.0,94300.0,4299.0,21.48950087576668
63877.96133523915,164649.0,94319.0,4308.0,21.499589843311696
63877.9714242067,164668.0,94308.0,4291.0,21.509678810856713
63877.98151317425,164722.0,94357.0,4332.0,21.519767778409005
63877.991602141796,164711.0,94311.0,4288.0,21.52985674595402
63878.00169110934,164764.0,94347.0,4303.0,21.539945713499037
63878.01178007689,164798.0,94379.0,4327.0,21.55003468105133
63878.02186904444,164780.0,94344.0,4296.0,21.560123648596345
63878.03195801198,164784.0,94340.0,4312.0,21.57021261614136
63878.042046979535,164792.0,94366.0,4329.0,21.580301583693654
63878.05213594708,164807.0,94365.0,4319.0,21.59039055123867
63878.062224914625,164766.0,94307.0,4340.0,21.600479518783686
63878.07231388218,164795.0,94345.0,4338.0,21.61056848633598
63878.08240284972,164788.0,94355.0,4352.0,21.620657453880995
63878.09249181727,164786.0,94353.0,4383.0,21.63074642142601
63878.10258078481,164784.0,94365.0,4347.0,21.640835388971027
63878.112669752365,164794.0,94354.0,4391.0,21.65092435652332
63878.12275871991,164788.0,94345.0,4355.0,21.661013324068335
63878.132847687455,164779.0,94339.0,4343.0,21.67110229161335
63878.14293665501,164761.0,94342.0,4321.0,21.681191259165644
63878.15302562255,164773.0,94358.0,4342.0,21.69128022671066
63878.1631145901,164722.0,94330.0,4323.0,21.701369194255676
63878.17320355765,164712.0,94319.0,4308.0,21.71145816180797
63878.183292525195,164698.0,94366.0,4321.0,21.721547129352984
63878.19338149274,164648.0,94303.0,4258.0,21.731636096898
63878.20347046029,164625.0,94309.0,4271.0,21.741725064450293
63878.21355942784,164630.0,94326.0,4227.0,21.75181403199531
63878.22364839538,164589.0,94283.0,4274.0,21.761902999540325
63878.233737362934,164549.0,94274.0,4219.0,21.771991967092617
63878.24382633048,164536.0,94298.0,4241.0,21.782080934637634
63878.253915298024,164517.0,94313.0,4228.0,21.79216990218265
63878.26400426557,164545.0,94272.0,4260.0,21.802258869727666
63878.27409323312,164503.0,94279.0,4227.0,21.812347837279958
63878.28418220067,164493.0,94295.0,4273.0,21.822436804824974
63878.29427116821,164489.0,94295.0,4252.0,21.83252577236999
63878.304360135764,164481.0,94266.0,4257.0,21.842614739922283
63878.31444910331,164492.0,94302.0,4275.0,21.8527037074673
63878.324538070854,164497.0,94320.0,4268.0,21.862792675012315
63878.334627038406,164505.0,94266.0,4261.0,21.872881642564607
63878.34471600595,164479.0,94269.0,4251.0,21.882970610109624
63878.354804973496,164499.0,94266.0,4271.0,21.89305957765464
63878.36489394105,164497.0,94269.0,4287.0,21.903148545206932
63878.374982908594,164508.0,94289.0,4280.0,21.913237512751948
63878.38507187614,164472.0,94277.0,4289.0,21.923326480296964
63878.39516084369,164529.0,94312.0,4287.0,21.933415447849256
63878.405249811236,164505.0,94278.0,4262.0,21.943504415394273
63878.41533877878,164520.0,94289.0,4287.0,21.95359338293929
63878.42542774633,164494.0,94280.0,4290.0,21.96368235049158
63878.43551671388,164496.0,94263.0,4275.0,21.973771318036597
63878.44560568142,164477.0,94283.0,4253.0,21.983860285581613
63878.45569464897,164508.0,94277.0,4299.0,21.99394925312663
63878.46578361652,164525.0,94269.0,4306.0,22.004038220678922
63878.475872584066,164481.0,94253.0,4290.0,22.014127188223938
63878.48596155161,164512.0,94263.0,4276.0,22.024216155768954
63878.49605051916,164501.0,94278.0,4274.0,22.034305123321246
63878.50613948671,164458.0,94273.0,4270.0,22.044394090866263
63878.51622845425,164435.0,94274.0,4254.0,22.05448305841128
63878.526317421805,164459.0,94257.0,4262.0,22.06457202596357
63878.53640638935,164452.0,94256.0,4282.0,22.074660993508587
63878.546495356895,164428.0,94248.0,4267.0,22.084749961053603
63878.55658432445,164461.0,94261.0,4285.0,22.094838928605895
63878.56667329199,164446.0,94258.0,4307.0,22.10492789615091
63878.57676225954,164428.0,94255.0,4282.0,22.115016863695928
63878.58685122709,164417.0,94225.0,4286.0,22.12510583124822
63878.596940194635,164427.0,94258.0,4292.0,22.135194798793236
63878.60702916218,164421.0,94247.0,4271.0,22.145283766338252
63878.617118129725,164463.0,94250.0,4285.0,22.15537273388327
63878.62720709728,164425.0,94212.0,4284.0,22.16546170143556
63878.63729606482,164431.0,94241.0,4319.0,22.175550668980577
63878.64738503237,164425.0,94234.0,4288.0,22.185639636525593
63878.65747399992,164452.0,94234.0,4308.0,22.195728604077885
63878.667562967465,164451.0,94242.0,4303.0,22.2058175716229
63878.67765193501,164456.0,94231.0,4326.0,22.215906539167918
63878.68774090256,164437.0,94223.0,4297.0,22.22599550672021
63878.69782987011,164455.0,94245.0,4319.0,22.236084474265226
63878.70791883765,164481.0,94225.0,4290.0,22.246173441810242
63878.718007805204,164439.0,94217.0,4288.0,22.256262409362535
63878.72809677275,164459.0,94239.0,4310.0,22.26635137690755
63878.738185740294,164489.0,94236.0,4317.0,22.276440344452567
63878.74827470785,164490.0,94242.0,4317.0,22.28652931200486
63878.75836367539,164478.0,94212.0,4300.0,22.296618279549875
63878.76845264294,164537.0,94250.0,4303.0,22.30670724709489
63878.77854161049,164524.0,94240.0,4345.0,22.316796214647184
63878.788630578034,164553.0,94246.0,4334.0,22.3268851821922
63878.79871954558,164545.0,94230.0,4305.0,22.336974149737216
63878.80880851313,164598.0,94266.0,4351.0,22.34706311728951
63878.818897480676,164587.0,94255.0,4310.0,22.357152084834524
63878.82898644822,164632.0,94251.0,4337.0,22.36724105237954
63878.839075415766,164610.0,94246.0,4324.0,22.377330019924557
63878.84916438332,164683.0,94256.0,4361.0,22.38741898747685
63878.85925335086,164684.0,94248.0,4327.0,22.397507955021865
63878.86934231841,164748.0,94292.0,4338.0,22.40759692256688
63878.87943128596,164769.0,94272.0,4345.0,22.417685890119174
63878.889520253506,164780.0,94323.0,4340.0,22.42777485766419
63878.89960922105,164842.0,94327.0,4335.0,22.437863825209206
63878.9096981886,164875.0,94339.0,4364.0,22.447952792761498
63878.91978715615,164906.0,94342.0,4383.0,22.458041760306514
63878.92987612369,164919.0,94343.0,4356.0,22.46813072785153
63878.939965091246,164981.0,94394.0,4391.0,22.478219695403823
63878.95005405879,164975.0,94382.0,4342.0,22.48830866294884
63878.960143026336,165002.0,94377.0,4377.0,22.498397630493855
63878.97023199389,164992.0,94383.0,4308.0,22.508486598046147
63878.98032096143,165032.0,94411.0,4340.0,22.518575565591163
63878.99040992898,164985.0,94383.0,4303.0,22.52866453313618
63879.00049889652,164978.0,94395.0,4317.0,22.538753500681196
63879.010587864075,164975.0,94408.0,4292.0,22.548842468233488
63879.02067683162,165008.0,94392.0,4284.0,22.558931435778504
63879.030765799165,165021.0,94414.0,4302.0,22.56902040332352
63879.04085476672,165043.0,94433.0,4333.0,22.579109370875813
63879.05094373426,165062.0,94427.0,4322.0,22.58919833842083
63879.06103270181,165040.0,94432.0,4317.0,22.599287305965845
63879.07112166936,165042.0,94413.0,4322.0,22.609376273518137
63879.081210636905,164979.0,94418.0,4317.0,22.619465241063153
63879.09129960445,165018.0,94433.0,4333.0,22.62955420860817
63879.101388572,164983.0,94417.0,4350.0,22.63964317616046
63879.11147753955,164943.0,94410.0,4334.0,22.649732143705478
63879.12156650709,164881.0,94412.0,4335.0,22.659821111250494
63879.131655474645,164873.0,94363.0,4304.0,22.669910078802786
63879.14174444219,164859.0,94396.0,4338.0,22.679999046347803
63879.151833409735,164875.0,94381.0,4329.0,22.69008801389282
63879.16192237729,164871.0,94364.0,4335.0,22.70017698144511
63879.17201134483,164832.0,94374.0,4322.0,22.710265948990127
63879.18210031238,164807.0,94366.0,4317.0,22.720354916535143
63879.19218927992,164824.0,94372.0,4346.0,22.73044388408016
63879.202278247474,164825.0,94376.0,4318.0,22.74053285163245
63879.21236721502,164772.0,94362.0,4322.0,22.750621819177468
63879.222456182564,164765.0,94338.0,4350.0,22.760710786722484
63879.23254515012,164747.0,94343.0,4339.0,22.770799754274776
63879.24263411766,164719.0,94325.0,4330.0,22.780888721819792
63879.25272308521,164723.0,94329.0,4330.0,22.79097768936481
63879.26281205276,164634.0,94316.0,4350.0,22.8010666569171
63879.272901020304,164660.0,94319.0,4347.0,22.811155624462117
63879.28298998785,164662.0,94330.0,4338.0,22.821244592007133
63879.2930789554,164617.0,94288.0,4341.0,22.831333559559425
63879.303167922946,164601.0,94323.0,4338.0,22.84142252710444
63879.31325689049,164604.0,94304.0,4326.0,22.851511494649458
63879.32334585804,164617.0,94304.0,4339.0,22.86160046220175
63879.33343482559,164581.0,94280.0,4320.0,22.871689429746766
63879.34352379313,164599.0,94288.0,4337.0,22.881778397291782
63879.35361276068,164611.0,94283.0,4363.0,22.8918673648368
63879.36370172823,164570.0,94297.0,4340.0,22.90195633238909
63879.373790695776,164550.0,94265.0,4354.0,22.912045299934107
63879.38387966332,164544.0,94252.0,4341.0,22.922134267479123
63879.39396863087,164595.0,94296.0,4327.0,22.932223235031415
63879.40405759842,164581.0,94284.0,4357.0,22.94231220257643
63879.41414656596,164558.0,94296.0,4392.0,22.952401170121448
63879.424235533515,164544.0,94246.0,4385.0,22.96249013767374
63879.43432450106,164589.0,94320.0,4384.0,22.972579105218756
63879.444413468605,164581.0,94289.0,4367.0,22.982668072763772
63879.45450243616,164621.0,94284.0,4397.0,22.992757040316064
63879.4645914037,164629.0,94311.0,4392.0,23.00284600786108
63879.47468037125,164571.0,94280.0,4359.0,23.012934975406097
63879.4847693388,164599.0,94297.0,4370.0,23.02302394295839
63879.494858306345,164563.0,94274.0,4369.0,23.033112910503405
63879.50494727389,164619.0,94272.0,4418.0,23.04320187804842
63879.51503624144,164604.0,94292.0,4384.0,23.053290845600714
63879.52512520899,164625.0,94300.0,4371.0,23.06337981314573
63879.53521417653,164616.0,94283.0,4372.0,23.073468780690746
63879.54530314408,164633.0,94253.0,4398.0,23.083557748235762
63879.55539211163,164667.0,94293.0,4416.0,23.093646715788054
63879.565481079175,164651.0,94307.0,4398.0,23.10373568333307
63879.57557004672,164629.0,94336.0,4417.0,23.113824650878087
63879.58565901427,164688.0,94329.0,4427.0,23.12391361843038
63879.59574798182,164639.0,94286.0,4434.0,23.134002585975395
63879.60583694936,164684.0,94312.0,4415.0,23.14409155352041
63879.615925916914,164682.0,94310.0,4425.0,23.154180521072703
63879.62601488446,164675.0,94296.0,4424.0,23.16426948861772
63879.636103852004,164673.0,94308.0,4426.0,23.174358456162736
63879.64619281956,164709.0,94314.0,4430.0,23.184447423715028
63879.6562817871,164730.0,94323.0,4453.0,23.194536391260044
63879.66637075465,164662.0,94286.0,4436.0,23.20462535880506
63879.6764597222,164718.0,94317.0,4461.0,23.214714326357353
63879.686548689744,164694.0,94320.0,4429.0,23.22480329390237
63879.69663765729,164669.0,94308.0,4412.0,23.234892261447385
63879.706726624834,164677.0,94279.0,4407.0,23.2449812289924
63879.71681559239,164665.0,94321.0,4440.0,23.255070196544693
63879.72690455993,164651.0,94288.0,4408.0,23.26515916408971
63879.73699352748,164578.0,94261.0,4413.0,23.275248131634726
63879.74708249503,164575.0,94289.0,4379.0,23.285337099187018
63879.757171462574,164494.0,94236.0,4349.0,23.295426066732034
63879.76726043012,164490.0,94264.0,4347.0,23.30551503427705
63879.77734939767,164417.0,94269.0,4332.0,23.315604001829342
63879.787438365216,164445.0,94254.0,4324.0,23.32569296937436
63879.79752733276,164389.0,94195.0,4317.0,23.335781936919375
63879.80761630031,164357.0,94216.0,4283.0,23.345870904471667
63879.81770526786,164367.0,94179.0,4300.0,23.355959872016683
63879.8277942354,164370.0,94227.0,4317.0,23.3660488395617
63879.837883202956,164295.0,94199.0,4297.0,23.37613780711399
63879.8479721705,164337.0,94197.0,4303.0,23.386226774659008
63879.858061138046,164332.0,94232.0,4299.0,23.396315742204024
63879.8681501056,164346.0,94200.0,4283.0,23.406404709756316
63879.87823907314,164327.0,94175.0,4310.0,23.416493677301332
63879.88832804069,164324.0,94216.0,4317.0,23.42658264484635
63879.89841700823,164313.0,94192.0,4302.0,23.436671612391365
63879.908505975785,164324.0,94193.0,4319.0,23.446760579943657
63879.91859494333,164341.0,94199.0,4309.0,23.456849547488673
63879.928683910875,164343.0,94192.0,4331.0,23.46693851503369
63879.93877287843,164308.0,94195.0,4307.0,23.47702748258598
63879.94886184597,164331.0,94178.0,4300.0,23.487116450130998
63879.95895081352,164352.0,94218.0,4321.0,23.497205417676014
63879.96903978107,164307.0,94221.0,4329.0,23.507294385228306
63879.979128748615,164333.0,94208.0,4314.0,23.517383352773322
63879.98921771616,164360.0,94196.0,4339.0,23.52747232031834
63879.99930668371,164345.0,94226.0,4352.0,23.53756128787063
63880.00939565126,164302.0,94184.0,4302.0,23.547650255415647
63880.0194846188,164326.0,94206.0,4328.0,23.557739222960663
63880.029573586355,164354.0,94229.0,4298.0,23.567828190512955
63880.0396625539,164305.0,94201.0,4303.0,23.57791715805797
63880.049751521445,164332.0,94199.0,4320.0,23.588006125602988
63880.05984048899,164314.0,94209.0,4345.0,23.598095093148004
63880.06992945654,164320.0,94196.0,4308.0,23.608184060700296
63880.08001842409,164299.0,94178.0,4299.0,23.618273028245312
63880.09010739163,164323.0,94230.0,4307.0,23.62836199579033
63880.100196359184,164320.0,94210.0,4320.0,23.63845096334262
63880.11028532673,164317.0,94219.0,4334.0,23.648539930887637
63880.120374294274,164297.0,94200.0,4316.0,23.658628898432653
63880.13046326183,164318.0,94204.0,4337.0,23.668717865984945
63880.14055222937,164303.0,94194.0,4325.0,23.67880683352996
63880.15064119692,164308.0,94192.0,4308.0,23.688895801074977
63880.16073016447,164316.0,94221.0,4321.0,23.69898476862727
63880.170819132014,164276.0,94202.0,4350.0,23.709073736172286
63880.18090809956,164306.0,94209.0,4336.0,23.719162703717302
63880.19099706711,164333.0,94217.0,4382.0,23.729251671269594
63880.201086034656,164321.0,94228.0,4376.0,23.73934063881461
63880.2111750022,164300.0,94199.0,4344.0,23.749429606359627
63880.22126396975,164329.0,94218.0,4371.0,23.75951857391192
63880.2313529373,164333.0,94216.0,4366.0,23.769607541456935
63880.241441904844,164373.0,94236.0,4398.0,23.77969650900195
63880.251530872396,164340.0,94185.0,4348.0,23.789785476554243
63880.26161983994,164347.0,94210.0,4373.0,23.79987444409926
63880.271708807486,164333.0,94242.0,4397.0,23.809963411644276
63880.28179777503,164336.0,94210.0,4392.0,23.820052379189292
63880.29188674258,164385.0,94228.0,4366.0,23.830141346741584
63880.30197571013,164388.0,94222.0,4419.0,23.8402303142866
63880.31206467767,164396.0,94236.0,4398.0,23.850319281831617
63880.322153645226,164376.0,94225.0,4373.0,23.86040824938391
63880.33224261277,164415.0,94243.0,4429.0,23.870497216928925
63880.342331580316,164409.0,94230.0,4404.0,23.88058618447394
63880.35242054787,164425.0,94250.0,4418.0,23.890675152026233
63880.36250951541,164439.0,94243.0,4390.0,23.90076411957125
63880.37259848296,164459.0,94269.0,4445.0,23.910853087116266
63880.38268745051,164422.0,94215.0,4407.0,23.920942054668558
63880.392776418055,164457.0,94245.0,4419.0,23.931031022213574
63880.4028653856,164495.0,94269.0,4426.0,23.94111998975859
63880.41295435315,164485.0,94246.0,4428.0,23.951208957310882
63880.4230433207,164468.0,94248.0,4427.0,23.9612979248559
63880.43313228824,164511.0,94253.0,4425.0,23.971386892400915
63880.44322125579,164518.0,94243.0,4451.0,23.98147585994593
63880.45331022334,164493.0,94242.0,4449.0,23.991564827498223
63880.463399190885,164462.0,94260.0,4411.0,24.00165379504324
63880.47348815843,164502.0,94247.0,4441.0,24.011742762588256
63880.48357712598,164475.0,94252.0,4457.0,24.021831730140548
63880.49366609353,164511.0,94276.0,4444.0,24.031920697685564
63880.50375506107,164476.0,94210.0,4435.0,24.04200966523058
63880.513844028625,164424.0,94223.0,4404.0,24.052098632782872
63880.52393299617,164379.0,94229.0,4378.0,24.06218760032789
63880.534021963715,164312.0,94199.0,4347.0,24.072276567872905
63880.54411093127,164344.0,94235.0,4365.0,24.082365535425197
63880.55419989881,164297.0,94191.0,4329.0,24.092454502970213
63880.56428886636,164284.0,94211.0,4325.0,24.10254347051523
63880.57437783391,164231.0,94159.0,4295.0,24.11263243806752
63880.584466801454,164222.0,94156.0,4308.0,24.122721405612538
63880.594555769,164179.0,94168.0,4283.0,24.132810373157554
63880.60464473655,164171.0,94151.0,4304.0,24.142899340709846
63880.6147337041,164202.0,94174.0,4325.0,24.152988308254862
63880.62482267164,164168.0,94132.0,4286.0,24.16307727579988
63880.63491163919,164197.0,94150.0,4302.0,24.173166243344895
63880.64500060674,164158.0,94143.0,4302.0,24.183255210897187
63880.655089574284,164170.0,94151.0,4317.0,24.193344178442203
63880.66517854183,164162.0,94160.0,4284.0,24.20343314598722
63880.67526750938,164182.0,94166.0,4307.0,24.21352211353951
63880.685356476926,164194.0,94163.0,4340.0,24.223611081084528
63880.69544544447,164209.0,94162.0,4332.0,24.233700048629544
63880.70553441202,164204.0,94158.0,4325.0,24.243789016181836
63880.71562337957,164206.0,94164.0,4321.0,24.253877983726852
63880.72571234711,164210.0,94193.0,4332.0,24.26396695127187
63880.735801314666,164178.0,94162.0,4300.0,24.27405591882416
63880.74589028221,164247.0,94193.0,4366.0,24.284144886369177
63880.755979249756,164231.0,94165.0,4343.0,24.294233853914193
63880.76606821731,164219.0,94145.0,4321.0,24.304322821466485
63880.77615718485,164250.0,94163.0,4328.0,24.3144117890115
63880.7862461524,164284.0,94203.0,4359.0,24.324500756556517
63880.79633511994,164283.0,94189.0,4334.0,24.334589724101534
63880.806424087496,164269.0,94184.0,4375.0,24.344678691653826
63880.81651305504,164293.0,94216.0,4349.0,24.354767659198842
63880.826602022586,164308.0,94180.0,4360.0,24.364856626743858
63880.83669099014,164308.0,94217.0,4344.0,24.37494559429615
63880.84677995768,164317.0,94185.0,4332.0,24.385034561841167
63880.85686892523,164368.0,94199.0,4367.0,24.395123529386183
63880.86695789278,164326.0,94210.0,4321.0,24.405212496938475
63880.877046860325,164384.0,94220.0,4371.0,24.41530146448349
63880.88713582787,164347.0,94250.0,4356.0,24.425390432028507
63880.89722479542,164385.0,94206.0,4351.0,24.4354793995808
63880.90731376297,164384.0,94211.0,4362.0,24.445568367125816
63880.91740273051,164404.0,94254.0,4380.0,24.455657334670832
63880.927491698065,164388.0,94240.0,4376.0,24.465746302223124
63880.93758066561,164388.0,94219.0,4398.0,24.47583526976814
63880.947669633155,164420.0,94249.0,4389.0,24.485924237313156
63880.95775860071,164416.0,94230.0,4389.0,24.49601320486545
63880.96784756825,164443.0,94246.0,4405.0,24.506102172410465
63880.9779365358,164418.0,94234.0,4395.0,24.51619113995548
63880.98802550334,164475.0,94267.0,4422.0,24.526280107500497
63880.998114470895,164444.0,94270.0,4434.0,24.53636907505279
63881.00820343844,164497.0,94263.0,4422.0,24.546458042597806
63881.018292405985,164511.0,94267.0,4429.0,24.556547010142822
63881.02838137354,164555.0,94290.0,4449.0,24.566635977695114
63881.03847034108,164517.0,94250.0,4424.0,24.57672494524013
63881.04855930863,164571.0,94300.0,4456.0,24.586813912785146
63881.05864827618,164621.0,94312.0,4471.0,24.59690288033744
63881.068737243724,164622.0,94311.0,4481.0,24.606991847882455
63881.07882621127,164649.0,94349.0,4465.0,24.61708081542747
63881.08891517882,164680.0,94322.0,4471.0,24.627169782979763
63881.09900414637,164733.0,94336.0,4477.0,24.63725875052478
63881.10909311391,164753.0,94323.0,4488.0,24.647347718069796
63881.119182081464,164825.0,94359.0,4475.0,24.657436685622088
63881.12927104901,164849.0,94403.0,4537.0,24.667525653167104
63881.139360016554,164852.0,94372.0,4519.0,24.67761462071212
63881.1494489841,164897.0,94365.0,4502.0,24.687703588257136
63881.15953795165,164965.0,94427.0,4548.0,24.69779255580943
63881.169626919196,164992.0,94431.0,4526.0,24.707881523354445
63881.17971588674,164992.0,94419.0,4512.0,24.71797049089946
63881.18980485429,165064.0,94451.0,4511.0,24.728059458451753
63881.19989382184,165058.0,94458.0,4521.0,24.73814842599677
63881.20998278938,165115.0,94466.0,4555.0,24.748237393541785
63881.220071756936,165140.0,94480.0,4551.0,24.758326361094078
63881.23016072448,165165.0,94501.0,4587.0,24.768415328639094
63881.240249692026,165222.0,94513.0,4579.0,24.77850429618411
63881.25033865958,165246.0,94513.0,4589.0,24.788593263736402
63881.26042762712,165297.0,94533.0,4572.0,24.79868223128142
63881.27051659467,165306.0,94535.0,4607.0,24.808771198826435
63881.28060556222,165263.0,94508.0,4583.0,24.818860166378727
63881.290694529765,165323.0,94537.0,4597.0,24.828949133923743
63881.30078349731,165347.0,94551.0,4600.0,24.83903810146876
63881.31087246486,165288.0,94544.0,4560.0,24.84912706902105
63881.32096143241,165302.0,94532.0,4561.0,24.859216036566067
63881.33105039995,165296.0,94535.0,4589.0,24.869305004111084
63881.3411393675,165288.0,94549.0,4550.0,24.8793939716561
63881.35122833505,165252.0,94515.0,4528.0,24.889482939208392
63881.361317302595,165250.0,94538.0,4536.0,24.89957190675341
63881.37140627014,165240.0,94527.0,4511.0,24.909660874298424
63881.38149523769,165264.0,94511.0,4514.0,24.919749841850717
63881.39158420524,165266.0,94556.0,4491.0,24.929838809395733
63881.40167317278,165258.0,94540.0,4512.0,24.93992777694075
63881.411762140335,165234.0,94504.0,4490.0,24.95001674449304
63881.42185110788,165257.0,94539.0,4503.0,24.960105712038057
63881.431940075425,165234.0,94538.0,4496.0,24.970194679583074
63881.44202904298,165306.0,94548.0,4535.0,24.980283647135366
63881.45211801052,165267.0,94523.0,4509.0,24.990372614680382
63881.46220697807,165302.0,94551.0,4518.0,25.000461582225398
63881.47229594562,165302.0,94560.0,4552.0,25.01055054977769
63881.482384913164,165314.0,94547.0,4531.0,25.020639517322707
63881.49247388071,165341.0,94588.0,4559.0,25.030728484867723
63881.50256284826,165386.0,94566.0,4550.0,25.040817452420015
63881.51265181581,165370.0,94562.0,4542.0,25.05090641996503
63881.52274078335,165392.0,94566.0,4551.0,25.060995387510047
63881.5328297509,165446.0,94604.0,4572.0,25.071084355055063
63881.54291871845,165442.0,94589.0,4572.0,25.081173322607356
63881.553007685994,165423.0,94605.0,4560.0,25.091262290152372
63881.56309665354,165472.0,94609.0,4594.0,25.101351257697388
63881.57318562109,165486.0,94590.0,4584.0,25.11144022524968
63881.58327458864,165471.0,94600.0,4578.0,25.121529192794696
63881.59336355618,165504.0,94621.0,4574.0,25.131618160339713
63881.603452523734,165496.0,94602.0,4593.0,25.141707127892005
63881.61354149128,165462.0,94575.0,4561.0,25.15179609543702
63881.623630458824,165482.0,94598.0,4578.0,25.161885062982037
63881.633719426376,165432.0,94608.0,4569.0,25.17197403053433
63881.64380839392,165510.0,94623.0,4604.0,25.182062998079346
63881.653897361466,165481.0,94592.0,4566.0,25.19215196562436
63881.66398632902,165467.0,94611.0,4561.0,25.202240933176654
63881.67407529656,165487.0,94615.0,4572.0,25.21232990072167
63881.68416426411,165482.0,94642.0,4584.0,25.222418868266686
63881.69425323166,165493.0,94641.0,4592.0,25.23250783581898
63881.704342199206,165520.0,94610.0,4579.0,25.242596803363995
63881.71443116675,165570.0,94620.0,4569.0,25.25268577090901
63881.724520134296,165509.0,94596.0,4585.0,25.262774738454027
63881.73460910185,165539.0,94601.0,4587.0,25.27286370600632
63881.74469806939,165570.0,94633.0,4596.0,25.282952673551335
63881.75478703694,165608.0,94661.0,4614.0,25.29304164109635
63881.76487600449,165579.0,94627.0,4590.0,25.303130608648644
63881.774964972035,165634.0,94648.0,4624.0,25.31321957619366
63881.78505393958,165635.0,94654.0,4620.0,25.323308543738676
63881.79514290713,165615.0,94635.0,4609.0,25.33339751129097
63881.80523187468,165664.0,94624.0,4626.0,25.343486478835985
63881.81532084222,165650.0,94628.0,4624.0,25.353575446381
63881.825409809775,165693.0,94652.0,4618.0,25.363664413933293
63881.83549877732,165703.0,94656.0,4666.0,25.37375338147831
63881.845587744865,165760.0,94671.0,4673.0,25.383842349023325
63881.85567671242,165756.0,94671.0,4670.0,25.393931316575618
63881.86576567996,165737.0,94682.0,4650.0,25.404020284120634
63881.87585464751,165759.0,94663.0,4666.0,25.41410925166565
63881.88594361505,165793.0,94719.0,4657.0,25.424198219210666
63881.896032582605,165791.0,94716.0,4682.0,25.43428718676296
63881.90612155015,165830.0,94693.0,4696.0,25.444376154307975
63881.916210517695,165841.0,94726.0,4687.0,25.45446512185299
63881.92629948525,165806.0,94661.0,4671.0,25.464554089405283
63881.93638845279,165858.0,94684.0,4685.0,25.4746430569503
63881.94647742034,165908.0,94745.0,4701.0,25.484732024495315
63881.95656638789,165916.0,94735.0,4713.0,25.494820992047607
63881.966655355434,165914.0,94727.0,4746.0,25.504909959592624
63881.97674432298,165972.0,94768.0,4732.0,25.51499892713764
63881.98683329053,165997.0,94773.0,4758.0,25.525087894689932
63881.99692225808,166006.0,94756.0,4722.0,25.535176862234948
63882.00701122562,165994.0,94747.0,4735.0,25.545265829779964
63882.017100193174,166019.0,94754.0,4749.0,25.555354797332257
63882.02718916072,166040.0,94764.0,4744.0,25.565443764877273
63882.037278128264,166062.0,94786.0,4747.0,25.57553273242229
63882.047367095816,166073.0,94759.0,4738.0,25.58562169997458
63882.05745606336,166091.0,94799.0,4781.0,25.595710667519597
63882.067545030906,166014.0,94766.0,4720.0,25.605799635064614
63882.07763399845,166066.0,94782.0,4741.0,25.61588860260963
63882.087722966004,166048.0,94782.0,4695.0,25.625977570161922
63882.09781193355,166014.0,94757.0,4732.0,25.636066537706938
63882.107900901094,165997.0,94770.0,4705.0,25.646155505251954
63882.117989868646,165980.0,94762.0,4681.0,25.656244472804246
63882.12807883619,165953.0,94758.0,4669.0,25.666333440349263
63882.138167803736,165901.0,94722.0,4635.0,25.67642240789428
63882.14825677129,165927.0,94738.0,4611.0,25.68651137544657
63882.15834573883,165905.0,94741.0,4639.0,25.696600342991587
63882.16843470638,165889.0,94751.0,4646.0,25.706689310536603
63882.17852367393,165892.0,94761.0,4650.0,25.716778278088896
63882.188612641476,165897.0,94756.0,4657.0,25.726867245633912
63882.19870160902,165903.0,94760.0,4611.0,25.736956213178928
63882.20879057657,165868.0,94702.0,4625.0,25.74704518073122
63882.21887954412,165916.0,94762.0,4651.0,25.757134148276236
63882.22896851166,165932.0,94744.0,4662.0,25.767223115821253
63882.23905747921,165964.0,94752.0,4641.0,25.77731208336627
63882.24914644676,165975.0,94731.0,4648.0,25.78740105091856
63882.259235414305,165967.0,94776.0,4661.0,25.797490018463577
63882.26932438185,166005.0,94774.0,4665.0,25.807578986008593
63882.2794133494,166029.0,94781.0,4672.0,25.817667953560886
63882.28950231695,166061.0,94779.0,4676.0,25.8277569211059
63882.29959128449,166122.0,94822.0,4706.0,25.837845888650918
63882.309680252045,166097.0,94798.0,4687.0,25.84793485620321
63882.31976921959,166128.0,94814.0,4708.0,25.858023823748226
63882.329858187135,166176.0,94830.0,4740.0,25.868112791293242
63882.33994715469,166152.0,94807.0,4722.0,25.878201758845535
63882.35003612223,166169.0,94831.0,4706.0,25.88829072639055
63882.36012508978,166195.0,94836.0,4745.0,25.898379693935567
63882.37021405733,166213.0,94859.0,4730.0,25.90846866148786
63882.380303024875,166201.0,94828.0,4721.0,25.918557629032875
63882.39039199242,166215.0,94863.0,4724.0,25.92864659657789
63882.40048095997,166215.0,94848.0,4706.0,25.938735564130184
63882.41056992752,166265.0,94839.0,4736.0,25.9488245316752
63882.42065889506,166244.0,94840.0,4727.0,25.958913499220216
63882.43074786261,166289.0,94859.0,4759.0,25.969002466765232
63882.44083683016,166317.0,94879.0,4725.0,25.979091434317525
63882.450925797704,166323.0,94870.0,4740.0,25.98918040186254
63882.46101476525,166348.0,94893.0,4757.0,25.999269369407557
63882.4711037328,166382.0,94881.0,4769.0,26.00935833695985
63882.48119270035,166342.0,94866.0,4728.0,26.019447304504865
63882.49128166789,166389.0,94895.0,4747.0,26.02953627204988
63882.501370635444,166429.0,94885.0,4754.0,26.039625239602174
63882.51145960299,166439.0,94913.0,4766.0,26.04971420714719
63882.521548570534,166481.0,94946.0,4799.0,26.059803174692206
63882.531637538086,166499.0,94925.0,4783.0,26.0698921422445
63882.54172650563,166543.0,94954.0,4816.0,26.079981109789514
63882.551815473176,166536.0,94933.0,4779.0,26.09007007733453
63882.56190444073,166545.0,94926.0,4805.0,26.100159044886823
63882.57199340827,166563.0,94945.0,4810.0,26.11024801243184
63882.58208237582,166582.0,94940.0,4825.0,26.120336979976855
63882.59217134336,166602.0,94937.0,4803.0,26.13042594752187
63882.602260310916,166658.0,94985.0,4871.0,26.140514915074164
63882.61234927846,166643.0,94977.0,4840.0,26.15060388261918
63882.622438246006,166650.0,94982.0,4837.0,26.160692850164196
63882.63252721356,166699.0,95004.0,4874.0,26.170781817716488
63882.6426161811,166696.0,95006.0,4838.0,26.180870785261504
63882.65270514865,166709.0,95006.0,4882.0,26.19095975280652
63882.6627941162,166711.0,95022.0,4882.0,26.201048720358813
63882.672883083746,166736.0,95015.0,4871.0,26.21113768790383
63882.68297205129,166754.0,95020.0,4902.0,26.221226655448845
63882.69306101884,166754.0,95022.0,4896.0,26.231315623001137
63882.70314998639,166767.0,94989.0,4884.0,26.241404590546153
63882.71323895393,166760.0,95004.0,4882.0,26.25149355809117
63882.723327921485,166811.0,95031.0,4911.0,26.261582525643462
63882.73341688903,166825.0,95042.0,4935.0,26.271671493188478
63882.743505856575,166828.0,95010.0,4950.0,26.281760460733494
63882.75359482413,166788.0,94988.0,4922.0,26.291849428285786
63882.76368379167,166795.0,95038.0,4923.0,26.301938395830803
63882.77377275922,166824.0,95027.0,4924.0,26.31202736337582
63882.78386172677,166775.0,94984.0,4910.0,26.32211633092811
63882.793950694315,166777.0,95016.0,4930.0,26.332205298473127
63882.80403966186,166729.0,94979.0,4907.0,26.342294266018143
63882.814128629405,166740.0,94998.0,4879.0,26.35238323356316
63882.82421759696,166662.0,94968.0,4870.0,26.36247220111545
63882.8343065645,166677.0,94936.0,4835.0,26.372561168660468
63882.84439553205,166622.0,94986.0,4839.0,26.382650136205484
63882.8544844996,166574.0,94932.0,4819.0,26.392739103757776
63882.864573467145,166521.0,94923.0,4772.0,26.402828071302793
63882.87466243469,166491.0,94905.0,4752.0,26.41291703884781
63882.88475140224,166428.0,94914.0,4749.0,26.4230060064001
63882.89484036979,166414.0,94895.0,4751.0,26.433094973945117
63882.90492933733,166420.0,94877.0,4729.0,26.443183941490133
63882.915018304884,166401.0,94888.0,4736.0,26.453272909042425
63882.92510727243,166405.0,94859.0,4745.0,26.46336187658744
63882.935196239974,166357.0,94862.0,4686.0,26.473450844132458
63882.94528520753,166383.0,94846.0,4711.0,26.48353981168475
63882.95537417507,166353.0,94890.0,4715.0,26.493628779229766
63882.96546314262,166379.0,94873.0,4731.0,26.503717746774782
63882.97555211016,166371.0,94871.0,4733.0,26.5138067143198
63882.985641077714,166347.0,94843.0,4728.0,26.52389568187209
63882.99573004526,166310.0,94819.0,4730.0,26.533984649417107
63883.005819012804,166304.0,94832.0,4732.0,26.544073616962123
63883.015907980356,166287.0,94805.0,4727.0,26.554162584514415
63883.0259969479,166288.0,94825.0,4722.0,26.56425155205943
63883.036085915446,166274.0,94813.0,4701.0,26.574340519604448
63883.046174883,166240.0,94810.0,4733.0,26.58442948715674
63883.05626385054,166252.0,94808.0,4759.0,26.594518454701756
63883.06635281809,166223.0,94816.0,4725.0,26.604607422246772
63883.07644178564,166163.0,94786.0,4711.0,26.614696389799064
63883.086530753186,166134.0,94788.0,4716.0,26.62478535734408
63883.09661972073,166170.0,94801.0,4730.0,26.634874324889097
63883.10670868828,166183.0,94788.0,4700.0,26.64496329244139
63883.11679765583,166165.0,94779.0,4686.0,26.655052259986405
63883.12688662337,166189.0,94765.0,4701.0,26.66514122753142
63883.136975590925,166118.0,94723.0,4664.0,26.675230195083714
63883.14706455847,166164.0,94767.0,4702.0,26.68531916262873
63883.157153526015,166117.0,94772.0,4677.0,26.695408130173746
63883.16724249356,166180.0,94788.0,4709.0,26.705497097718762
63883.17733146111,166197.0,94781.0,4658.0,26.715586065271054
63883.18742042866,166163.0,94776.0,4688.0,26.72567503281607
63883.1975093962,166128.0,94779.0,4700.0,26.735764000361087
63883.207598363755,166141.0,94759.0,4698.0,26.74585296791338
63883.2176873313,166155.0,94747.0,4706.0,26.755941935458395
63883.227776298845,166130.0,94759.0,4682.0,26.76603090300341
63883.2378652664,166131.0,94750.0,4695.0,26.776119870555704
63883.24795423394,166144.0,94759.0,4691.0,26.78620883810072
63883.25804320149,166123.0,94733.0,4717.0,26.796297805645736
63883.26813216904,166132.0,94766.0,4710.0,26.806386773198028
63883.278221136585,166096.0,94783.0,4716.0,26.816475740743044
63883.28831010413,166084.0,94737.0,4676.0,26.82656470828806
63883.29839907168,166140.0,94768.0,4720.0,26.836653675840353
63883.30848803923,166111.0,94744.0,4711.0,26.84674264338537
63883.31857700677,166099.0,94727.0,4705.0,26.856831610930385
63883.32866597432,166130.0,94714.0,4717.0,26.8669205784754
63883.33875494187,166127.0,94762.0,4719.0,26.877009546027693
63883.348843909414,166148.0,94750.0,4697.0,26.88709851357271
63883.35893287696,166156.0,94740.0,4733.0,26.897187481117726
63883.36902184451,166181.0,94773.0,4753.0,26.907276448670018
63883.37911081206,166172.0,94728.0,4735.0,26.917365416215034
63883.3891997796,166125.0,94750.0,4726.0,26.92745438376005
63883.399288747154,166134.0,94737.0,4725.0,26.937543351312343
63883.4093777147,166115.0,94732.0,4716.0,26.94763231885736
63883.419466682244,166053.0,94700.0,4728.0,26.957721286402375
63883.4295556498,166109.0,94715.0,4719.0,26.967810253954667
63883.43964461734,166134.0,94747.0,4730.0,26.977899221499683
63883.44973358489,166182.0,94723.0,4732.0,26.9879881890447
63883.45982255244,166238.0,94732.0,4720.0,26.99807715659699
63883.469911519984,166322.0,94787.0,4752.0,27.008166124142008
63883.48000048753,166348.0,94785.0,4740.0,27.018255091687024
63883.49008945508,166365.0,94781.0,4741.0,27.028344059239316
63883.500178422626,166399.0,94813.0,4728.0,27.038433026784332
63883.51026739017,166355.0,94760.0,4713.0,27.04852199432935
63883.520356357716,166325.0,94788.0,4707.0,27.058610961874365
63883.53044532527,166315.0,94775.0,4698.0,27.068699929426657
63883.54053429281,166219.0,94729.0,4645.0,27.078788896971673
63883.55062326036,166134.0,94714.0,4609.0,27.08887786451669
63883.56071222791,166089.0,94708.0,4590.0,27.09896683206898
63883.570801195456,166037.0,94678.0,4567.0,27.109055799613998
63883.580890163,166010.0,94709.0,4595.0,27.119144767159014
63883.59097913055,165942.0,94671.0,4569.0,27.129233734711306
63883.6010680981,165891.0,94646.0,4526.0,27.139322702256322
63883.61115706564,165862.0,94640.0,4484.0,27.14941166980134
63883.621246033195,165811.0,94607.0,4495.0,27.15950063735363
63883.63133500074,165791.0,94632.0,4510.0,27.169589604898647
63883.641423968285,165778.0,94599.0,4506.0,27.179678572443663
63883.65151293584,165769.0,94582.0,4497.0,27.189767539995955
63883.66160190338,165706.0,94572.0,4480.0,27.19985650754097
63883.67169087093,165707.0,94593.0,4508.0,27.209945475085988
63883.68177983847,165632.0,94549.0,4496.0,27.220034442631004
63883.691868806025,165590.0,94536.0,4482.0,27.230123410183296
63883.70195777357,165556.0,94519.0,4487.0,27.240212377728312
63883.712046741115,165546.0,94502.0,4508.0,27.25030134527333
63883.72213570867,165511.0,94501.0,4476.0,27.26039031282562
63883.73222467621,165469.0,94489.0,4470.0,27.270479280370637
63883.74231364376,165445.0,94505.0,4452.0,27.280568247915653
63883.75240261131,165395.0,94465.0,4500.0,27.290657215467945
63883.762491578855,165351.0,94451.0,4473.0,27.30074618301296
63883.7725805464,165302.0,94430.0,4461.0,27.310835150557978
63883.78266951395,165294.0,94446.0,4481.0,27.32092411811027
63883.7927584815,165205.0,94381.0,4437.0,27.331013085655286
63883.80284744904,165208.0,94396.0,4463.0,27.341102053200302
63883.812936416594,165185.0,94392.0,4437.0,27.351191020752594
63883.82302538414,165136.0,94366.0,4471.0,27.36127998829761
63883.833114351684,165125.0,94372.0,4440.0,27.371368955842627
63883.84320331924,165116.0,94352.0,4439.0,27.38145792339492
63883.85329228678,165100.0,94349.0,4394.0,27.391546890939935
63883.86338125433,165036.0,94335.0,4398.0,27.40163585848495
63883.87347022187,165054.0,94329.0,4400.0,27.411724826029968
63883.883559189424,165033.0,94328.0,4441.0,27.42181379358226
63883.89364815697,165029.0,94341.0,4417.0,27.431902761127276
63883.903737124514,165006.0,94298.0,4399.0,27.441991728672292
63883.913826092066,165050.0,94342.0,4443.0,27.452080696224584
63883.92391505961,165004.0,94316.0,4389.0,27.4621696637696
63883.934004027156,165016.0,94320.0,4423.0,27.472258631314617
63883.94409299471,164996.0,94320.0,4394.0,27.48234759886691
63883.954181962254,164990.0,94331.0,4416.0,27.492436566411925
63883.9642709298,164975.0,94284.0,4417.0,27.50252553395694
63883.97435989735,165003.0,94309.0,4419.0,27.512614501509233
63883.984448864896,164984.0,94318.0,4418.0,27.52270346905425
63883.99453783244,164968.0,94297.0,4396.0,27.532792436599266
63884.00462679999,164991.0,94298.0,4406.0,27.542881404151558
63884.01471576754,164999.0,94298.0,4424.0,27.552970371696574
63884.02480473508,164980.0,94324.0,4442.0,27.56305933924159
63884.034893702636,164983.0,94294.0,4423.0,27.573148306793883
63884.04498267018,164984.0,94335.0,4451.0,27.5832372743389
63884.055071637726,165020.0,94298.0,4443.0,27.593326241883915
63884.06516060527,164981.0,94281.0,4424.0,27.60341520942893
63884.07524957282,165007.0,94301.0,4416.0,27.613504176981223
63884.08533854037,165041.0,94319.0,4460.0,27.62359314452624
63884.09542750791,164998.0,94312.0,4453.0,27.633682112071256
63884.105516475465,164975.0,94319.0,4453.0,27.643771079623548
63884.11560544301,164982.0,94319.0,4447.0,27.653860047168564
63884.125694410555,165025.0,94305.0,4472.0,27.66394901471358
63884.13578337811,164995.0,94302.0,4449.0,27.674037982265872
63884.14587234565,164999.0,94297.0,4433.0,27.68412694981089
63884.1559613132,165008.0,94314.0,4477.0,27.694215917355905
63884.16605028075,164941.0,94257.0,4452.0,27.704304884908197
63884.176139248295,164985.0,94285.0,4449.0,27.714393852453213
63884.18622821584,164946.0,94287.0,4462.0,27.72448281999823
63884.19631718339,164945.0,94284.0,4432.0,27.73457178755052
63884.20640615094,164896.0,94230.0,4417.0,27.744660755095538
63884.21649511848,164897.0,94263.0,4423.0,27.754749722640554
63884.226584086035,164844.0,94238.0,4402.0,27.764838690192846
63884.23667305358,164764.0,94197.0,4345.0,27.774927657737862
63884.246762021125,164714.0,94225.0,4352.0,27.78501662528288
63884.25685098867,164672.0,94195.0,4332.0,27.795105592827895
63884.26693995622,164624.0,94164.0,4331.0,27.805194560380187
63884.27702892377,164562.0,94158.0,4281.0,27.815283527925203
63884.28711789131,164538.0,94130.0,4281.0,27.82537249547022
63884.297206858864,164505.0,94121.0,4271.0,27.83546146302251
63884.30729582641,164457.0,94147.0,4274.0,27.845550430567528
63884.317384793954,164416.0,94108.0,4245.0,27.855639398112544
63884.32747376151,164459.0,94142.0,4288.0,27.865728365664836
63884.33756272905,164432.0,94121.0,4276.0,27.875817333209852
63884.3476516966,164404.0,94091.0,4240.0,27.88590630075487
63884.35774066415,164417.0,94117.0,4278.0,27.89599526830716
63884.367829631694,164386.0,94089.0,4272.0,27.906084235852177
63884.37791859924,164422.0,94106.0,4258.0,27.916173203397193
63884.38800756679,164387.0,94084.0,4277.0,27.926262170949485
63884.398096534336,164390.0,94088.0,4249.0,27.9363511384945
63884.40818550188,164399.0,94131.0,4282.0,27.946440106039518
63884.418274469426,164357.0,94103.0,4238.0,27.956529073584534
63884.42836343698,164378.0,94081.0,4263.0,27.966618041136826
63884.43845240452,164406.0,94138.0,4238.0,27.976707008681842
63884.44854137207,164344.0,94090.0,4295.0,27.98679597622686
63884.45863033962,164361.0,94080.0,4251.0,27.99688494377915
63884.468719307166,164371.0,94099.0,4274.0,28.006973911324167
63884.47880827471,164334.0,94079.0,4232.0,28.017062878869183
63884.48889724226,164324.0,94054.0,4250.0,28.027151846421475
63884.49898620981,164307.0,94073.0,4238.0,28.03724081396649
63884.50907517735,164320.0,94079.0,4255.0,28.047329781511507
63884.519164144906,164287.0,94068.0,4248.0,28.0574187490638
63884.52925311245,164289.0,94076.0,4246.0,28.067507716608816
63884.539342079996,164284.0,94071.0,4278.0,28.077596684153832
63884.54943104755,164264.0,94062.0,4248.0,28.087685651706124
63884.55952001509,164197.0,94033.0,4235.0,28.09777461925114
63884.56960898264,164243.0,94076.0,4231.0,28.107863586796157
63884.57969795019,164192.0,94022.0,4229.0,28.11795255434845
63884.589786917735,164192.0,94034.0,4241.0,28.128041521893465
63884.59987588528,164196.0,94049.0,4293.0,28.13813048943848
63884.609964852825,164158.0,94001.0,4228.0,28.148219456983497
63884.62005382038,164129.0,94018.0,4228.0,28.15830842453579
63884.63014278792,164187.0,94041.0,4252.0,28.168397392080806
63884.64023175547,164190.0,94064.0,4241.0,28.178486359625822
63884.65032072302,164154.0,94018.0,4276.0,28.188575327178114
63884.660409690565,164159.0,94011.0,4249.0,28.19866429472313
63884.67049865811,164177.0,94022.0,4253.0,28.208753262268146
63884.68058762566,164135.0,94008.0,4263.0,28.21884222982044
63884.69067659321,164137.0,94003.0,4244.0,28.228931197365455
63884.70076556075,164186.0,94047.0,4270.0,28.23902016491047
63884.710854528304,164171.0,94031.0,4266.0,28.249109132462763
63884.72094349585,164148.0,94028.0,4308.0,28.25919810000778
63884.731032463395,164131.0,94031.0,4265.0,28.269287067552796
63884.74112143095,164167.0,94059.0,4301.0,28.279376035105088
63884.75121039849,164146.0,94021.0,4282.0,28.289465002650104
63884.76129936604,164116.0,93996.0,4265.0,28.29955397019512
63884.77138833358,164152.0,94024.0,4249.0,28.309642937740136
63884.781477301134,164124.0,94023.0,4269.0,28.31973190529243
63884.79156626868,164156.0,94025.0,4287.0,28.329820872837445
63884.801655236224,164161.0,94017.0,4279.0,28.33990984038246
63884.81174420378,164196.0,93997.0,4312.0,28.349998807934753
63884.82183317132,164170.0,94038.0,4277.0,28.36008777547977
63884.83192213887,164174.0,94029.0,4306.0,28.370176743024786
63884.84201110642,164188.0,94031.0,4281.0,28.380265710577078
63884.852100073964,164175.0,94016.0,4279.0,28.390354678122094
63884.86218904151,164155.0,94016.0,4281.0,28.40044364566711
63884.87227800906,164196.0,94044.0,4306.0,28.410532613219402
63884.882366976606,164208.0,94026.0,4306.0,28.42062158076442
63884.89245594415,164191.0,94019.0,4280.0,28.430710548309435
63884.9025449117,164216.0,94057.0,4273.0,28.440799515861727
63884.91263387925,164209.0,94043.0,4316.0,28.450888483406743
63884.92272284679,164204.0,94048.0,4281.0,28.46097745095176
63884.932811814346,164158.0,93998.0,4247.0,28.47106641850405
63884.94290078189,164157.0,94044.0,4262.0,28.481155386049068
63884.952989749436,164169.0,94009.0,4259.0,28.491244353594084
63884.96307871698,164121.0,93998.0,4221.0,28.5013333211391
63884.97316768453,164062.0,93977.0,4181.0,28.511422288691392
63884.98325665208,164022.0,93979.0,4205.0,28.52151125623641
63884.99334561962,163994.0,93938.0,4167.0,28.531600223781425
63885.003434587175,163985.0,93970.0,4163.0,28.541689191333717
63885.01352355472,163964.0,93971.0,4163.0,28.551778158878733
63885.023612522265,163991.0,93965.0,4180.0,28.56186712642375
63885.03370148982,163940.0,93958.0,4155.0,28.57195609397604
63885.04379045736,163961.0,93969.0,4160.0,28.582045061521058
63885.05387942491,163974.0,93978.0,4165.0,28.592134029066074
63885.06396839246,163975.0,93966.0,4183.0,28.602222996618366
63885.074057360005,164044.0,94012.0,4199.0,28.612311964163382
63885.08414632755,164024.0,93987.0,4174.0,28.6224009317084
63885.0942352951,164037.0,93974.0,4164.0,28.63248989926069
63885.10432426265,164060.0,94010.0,4181.0,28.642578866805707
63885.11441323019,164109.0,94009.0,4185.0,28.652667834350723
63885.12450219774,164091.0,94007.0,4192.0,28.66275680189574
63885.13459116529,164087.0,94041.0,4189.0,28.67284576944803
63885.144680132835,164096.0,94022.0,4185.0,28.682934736993047
63885.15476910038,164178.0,94009.0,4228.0,28.693023704538064
63885.16485806793,164193.0,94036.0,4201.0,28.703112672090356
63885.17494703548,164161.0,94029.0,4221.0,28.713201639635372
63885.18503600302,164228.0,94062.0,4213.0,28.723290607180388
63885.195124970574,164204.0,94036.0,4216.0,28.73337957473268
63885.20521393812,164241.0,94064.0,4222.0,28.743468542277697
63885.215302905664,164240.0,94084.0,4224.0,28.753557509822713
63885.22539187322,164279.0,94092.0,4221.0,28.763646477375005
63885.23548084076,164252.0,94038.0,4217.0,28.77373544492002
63885.24556980831,164265.0,94071.0,4220.0,28.783824412465037
63885.25565877586,164253.0,94056.0,4209.0,28.79391338001733
63885.265747743404,164277.0,94101.0,4198.0,28.804002347562346
63885.27583671095,164278.0,94098.0,4241.0,28.814091315107362
63885.2859256785,164277.0,94090.0,4221.0,28.824180282659654
63885.29601464605,164328.0,94068.0,4254.0,28.83426925020467
63885.30610361359,164295.0,94093.0,4230.0,28.844358217749686
63885.316192581144,164348.0,94104.0,4240.0,28.85444718530198
63885.32628154869,164345.0,94092.0,4225.0,28.864536152846995
63885.336370516234,164372.0,94142.0,4250.0,28.87462512039201
63885.34645948378,164347.0,94092.0,4219.0,28.884714087937027
63885.35654845133,164377.0,94121.0,4234.0,28.89480305548932
63885.366637418876,164404.0,94123.0,4238.0,28.904892023034336
63885.37672638642,164425.0,94128.0,4257.0,28.914980990579352
63885.38681535397,164402.0,94118.0,4238.0,28.925069958131644
63885.39690432152,164472.0,94164.0,4267.0,28.93515892567666
63885.40699328906,164475.0,94124.0,4270.0,28.945247893221676
63885.417082256616,164425.0,94170.0,4258.0,28.95533686077397
63885.42717122416,164474.0,94144.0,4268.0,28.965425828318985
63885.437260191706,164510.0,94142.0,4286.0,28.975514795864
63885.44734915926,164480.0,94153.0,4275.0,28.985603763416293
63885.4574381268,164504.0,94160.0,4290.0,28.99569273096131
63885.46752709435,164559.0,94184.0,4305.0,29.005781698506325
63885.4776160619,164525.0,94158.0,4274.0,29.015870666058618
63885.487705029445,164560.0,94170.0,4299.0,29.025959633603634
63885.49779399699,164553.0,94181.0,4296.0,29.03604860114865
63885.507882964535,164556.0,94164.0,4284.0,29.046137568693666
63885.51797193209,164604.0,94190.0,4302.0,29.05622653624596
63885.52806089963,164602.0,94204.0,4296.0,29.066315503790975
63885.53814986718,164603.0,94161.0,4337.0,29.07640447133599
63885.54823883473,164577.0,94165.0,4359.0,29.086493438888283
63885.558327802275,164589.0,94161.0,4297.0,29.0965824064333
63885.56841676982,164621.0,94196.0,4340.0,29.106671373978315
63885.57850573737,164622.0,94195.0,4324.0,29.116760341530608
63885.58859470492,164622.0,94189.0,4324.0,29.126849309075624
63885.59868367246,164666.0,94221.0,4353.0,29.13693827662064
63885.608772640015,164619.0,94174.0,4341.0,29.147027244172932
63885.61886160756,164630.0,94180.0,4338.0,29.15711621171795
63885.628950575105,164639.0,94172.0,4347.0,29.167205179262965
63885.63903954266,164648.0,94161.0,4361.0,29.177294146815257
63885.6491285102,164607.0,94179.0,4320.0,29.187383114360273
63885.65921747775,164594.0,94174.0,4311.0,29.19747208190529
63885.6693064453,164594.0,94149.0,4309.0,29.20756104945758
63885.679395412844,164496.0,94130.0,4254.0,29.217650017002597
63885.68948438039,164460.0,94114.0,4254.0,29.227738984547614
63885.699573347934,164444.0,94133.0,4265.0,29.23782795209263
63885.70966231549,164452.0,94134.0,4252.0,29.247916919644922
63885.71975128303,164373.0,94091.0,4218.0,29.258005887189938
63885.72984025058,164394.0,94099.0,4209.0,29.268094854734954
63885.73992921813,164374.0,94105.0,4216.0,29.278183822287247
63885.750018185674,164363.0,94117.0,4225.0,29.288272789832263
63885.76010715322,164350.0,94073.0,4212.0,29.29836175737728
63885.77019612077,164367.0,94109.0,4211.0,29.30845072492957
63885.780285088316,164416.0,94119.0,4211.0,29.318539692474587
63885.79037405586,164468.0,94121.0,4231.0,29.328628660019604
63885.80046302341,164486.0,94146.0,4205.0,29.338717627571896
63885.81055199096,164530.0,94168.0,4243.0,29.348806595116912
63885.820640958504,164545.0,94174.0,4239.0,29.358895562661928
63885.830729926056,164577.0,94161.0,4244.0,29.36898453021422
63885.8408188936,164596.0,94196.0,4242.0,29.379073497759236
63885.850907861146,164637.0,94198.0,4243.0,29.389162465304253
63885.86099682869,164720.0,94233.0,4266.0,29.39925143284927
63885.87108579624,164752.0,94245.0,4276.0,29.40934040040156
63885.88117476379,164855.0,94277.0,4321.0,29.419429367946577
63885.89126373133,164875.0,94271.0,4286.0,29.429518335491593
63885.901352698886,164961.0,94313.0,4315.0,29.439607303043886
63885.91144166643,165026.0,94349.0,4326.0,29.449696270588902
63885.921530633976,165021.0,94335.0,4326.0,29.459785238133918
63885.93161960153,165119.0,94368.0,4332.0,29.46987420568621
63885.94170856907,165152.0,94380.0,4391.0,29.479963173231226
63885.95179753662,165179.0,94421.0,4354.0,29.490052140776243
63885.96188650417,165242.0,94435.0,4375.0,29.500141108328535
63885.971975471715,165259.0,94395.0,4355.0,29.51023007587355
63885.98206443926,165294.0,94450.0,4341.0,29.520319043418567
63885.99215340681,165321.0,94439.0,4365.0,29.53040801097086
63886.00224237436,165324.0,94418.0,4369.0,29.540496978515876
63886.0123313419,165351.0,94459.0,4399.0,29.55058594606089
63886.022420309455,165324.0,94449.0,4362.0,29.560674913613184
63886.032509277,165386.0,94468.0,4379.0,29.5707638811582
63886.042598244545,165379.0,94463.0,4368.0,29.580852848703216
63886.05268721209,165425.0,94492.0,4394.0,29.590941816248232
63886.06277617964,165409.0,94498.0,4403.0,29.601030783800525
63886.07286514719,165425.0,94477.0,4378.0,29.61111975134554
63886.08295411473,165432.0,94500.0,4400.0,29.621208718890557
63886.093043082285,165469.0,94513.0,4417.0,29.63129768644285
63886.10313204983,165472.0,94513.0,4439.0,29.641386653987865
63886.113221017375,165480.0,94500.0,4421.0,29.65147562153288
63886.12330998493,165496.0,94485.0,4436.0,29.661564589085174
63886.13339895247,165490.0,94484.0,4433.0,29.67165355663019
63886.14348792002,165541.0,94523.0,4462.0,29.681742524175206
63886.15357688757,165547.0,94527.0,4437.0,29.6918314917275
63886.163665855114,165578.0,94546.0,4456.0,29.701920459272515
63886.17375482266,165570.0,94536.0,4470.0,29.71200942681753
63886.18384379021,165601.0,94544.0,4485.0,29.722098394369823
63886.19393275776,165588.0,94530.0,4463.0,29.73218736191484
63886.2040217253,165591.0,94550.0,4474.0,29.742276329459855
63886.21411069285,165574.0,94500.0,4469.0,29.75236529700487
63886.2241996604,165580.0,94497.0,4478.0,29.762454264557164
63886.234288627944,165615.0,94533.0,4489.0,29.77254323210218
63886.24437759549,165628.0,94546.0,4501.0,29.782632199647196
63886.25446656304,165608.0,94501.0,4491.0,29.79272116719949
63886.264555530586,165615.0,94552.0,4494.0,29.802810134744504
63886.27464449813,165667.0,94536.0,4505.0,29.81289910228952
63886.28473346568,165689.0,94514.0,4514.0,29.822988069841813
63886.29482243323,165739.0,94554.0,4496.0,29.83307703738683
63886.30491140077,165757.0,94549.0,4549.0,29.843166004931845
63886.315000368326,165758.0,94553.0,4529.0,29.853254972484137
63886.32508933587,165770.0,94564.0,4534.0,29.863343940029154
63886.335178303416,165746.0,94532.0,4507.0,29.87343290757417
63886.34526727097,165783.0,94573.0,4534.0,29.883521875126462
63886.35535623851,165789.0,94567.0,4543.0,29.893610842671478
63886.36544520606,165784.0,94566.0,4525.0,29.903699810216494
63886.37553417361,165797.0,94586.0,4536.0,29.913788777768787
63886.385623141156,165725.0,94526.0,4522.0,29.923877745313803
63886.3957121087,165727.0,94548.0,4499.0,29.93396671285882
63886.405801076246,165685.0,94554.0,4504.0,29.944055680403835
63886.4158900438,165704.0,94544.0,4492.0,29.954144647956127
63886.42597901134,165693.0,94545.0,4480.0,29.964233615501144
63886.43606797889,165655.0,94527.0,4480.0,29.97432258304616
63886.44615694644,165622.0,94553.0,4451.0,29.984411550598452
63886.456245913985,165614.0,94502.0,4425.0,29.994500518143468
63886.46633488153,165614.0,94529.0,4444.0,30.004589485688484
63886.47642384908,165607.0,94508.0,4458.0,30.014678453240776
63886.48651281663,165643.0,94524.0,4449.0,30.024767420785793
63886.49660178417,165624.0,94509.0,4432.0,30.03485638833081
63886.506690751725,165688.0,94546.0,4457.0,30.0449453558831
63886.51677971927,165681.0,94545.0,4479.0,30.055034323428117
63886.526868686815,165672.0,94563.0,4468.0,30.065123290973133
63886.53695765437,165664.0,94517.0,4469.0,30.075212258525426
63886.54704662191,165720.0,94574.0,4503.0,30.08530122607044
63886.55713558946,165708.0,94547.0,4478.0,30.095390193615458
63886.567224557,165727.0,94550.0,4485.0,30.105479161160474
63886.577313524554,165745.0,94551.0,4490.0,30.115568128712766
63886.5874024921,165739.0,94541.0,4513.0,30.125657096257783
63886.597491459645,165777.0,94564.0,4490.0,30.1357460638028
63886.6075804272,165805.0,94584.0,4530.0,30.14583503135509
63886.61766939474,165793.0,94552.0,4516.0,30.155923998900107
63886.62775836229,165780.0,94541.0,4523.0,30.166012966445123
63886.63784732984,165841.0,94587.0,4544.0,30.176101933997415
63886.647936297384,165814.0,94577.0,4532.0,30.18619090154243
63886.65802526493,165801.0,94635.0,4547.0,30.196279869087448
63886.66811423248,165806.0,94555.0,4521.0,30.20636883663974
63886.67820320003,165838.0,94590.0,4550.0,30.216457804184756
63886.68829216757,165821.0,94581.0,4529.0,30.226546771729772
63886.698381135124,165792.0,94566.0,4512.0,30.236635739282065
63886.70847010267,165826.0,94542.0,4525.0,30.24672470682708
63886.718559070214,165814.0,94572.0,4535.0,30.256813674372097
63886.728648037766,165839.0,94582.0,4529.0,30.26690264192439
63886.73873700531,165844.0,94595.0,4558.0,30.276991609469405
63886.748825972856,165853.0,94626.0,4555.0,30.28708057701442
63886.75891494041,165844.0,94581.0,4552.0,30.297169544566714
63886.76900390795,165871.0,94601.0,4548.0,30.30725851211173
63886.7790928755,165879.0,94591.0,4553.0,30.317347479656746
63886.78918184304,165921.0,94615.0,4558.0,30.327436447201762
63886.799270810596,165927.0,94601.0,4554.0,30.337525414754055
63886.80935977814,165968.0,94621.0,4570.0,30.34761438229907
63886.819448745686,165990.0,94637.0,4604.0,30.357703349844087
63886.82953771324,165979.0,94604.0,4588.0,30.36779231739638
63886.83962668078,166023.0,94665.0,4635.0,30.377881284941395
63886.84971564833,166044.0,94645.0,4602.0,30.38797025248641
63886.85980461588,166063.0,94679.0,4633.0,30.398059220038704
63886.869893583425,166084.0,94635.0,4608.0,30.40814818758372
63886.87998255097,166109.0,94697.0,4624.0,30.418237155128736
63886.89007151852,166113.0,94671.0,4642.0,30.428326122681028
63886.90016048607,166135.0,94645.0,4632.0,30.438415090226044
63886.91024945361,166162.0,94669.0,4639.0,30.44850405777106
63886.920338421165,166155.0,94684.0,4651.0,30.458593025323353
63886.93042738871,166194.0,94704.0,4642.0,30.46868199286837
63886.940516356255,166211.0,94699.0,4697.0,30.478770960413385
63886.9506053238,166278.0,94750.0,4699.0,30.4888599279584
63886.96069429135,166264.0,94701.0,4698.0,30.498948895510694
63886.9707832589,166264.0,94725.0,4696.0,30.50903786305571
63886.98087222644,166269.0,94705.0,4681.0,30.519126830600726
63886.990961193995,166297.0,94747.0,4684.0,30.529215798153018
63887.00105016154,166296.0,94730.0,4667.0,30.539304765698034
63887.011139129085,166295.0,94734.0,4719.0,30.54939373324305
63887.02122809664,166294.0,94751.0,4697.0,30.559482700795343
63887.03131706418,166289.0,94711.0,4707.0,30.56957166834036
63887.04140603173,166289.0,94707.0,4685.0,30.579660635885375
63887.05149499928,166281.0,94732.0,4711.0,30.589749603437667
63887.061583966824,166245.0,94714.0,4697.0,30.599838570982683
63887.07167293437,166193.0,94705.0,4659.0,30.6099275385277
63887.08176190192,166187.0,94700.0,4650.0,30.620016506079992
63887.09185086947,166186.0,94688.0,4656.0,30.630105473625008
63887.10193983701,166150.0,94693.0,4633.0,30.640194441170024
63887.112028804564,166128.0,94666.0,4609.0,30.650283408722316
63887.12211777211,166154.0,94704.0,4631.0,30.660372376267333
63887.132206739654,166098.0,94668.0,4646.0,30.67046134381235
63887.1422957072,166136.0,94670.0,4642.0,30.680550311357365
63887.15238467475,166113.0,94660.0,4603.0,30.690639278909657
63887.1624736423,166151.0,94709.0,4635.0,30.700728246454673
63887.17256260984,166122.0,94670.0,4612.0,30.71081721399969
63887.182651577394,166169.0,94682.0,4620.0,30.72090618155198
63887.19274054494,166203.0,94714.0,4605.0,30.730995149096998
63887.202829512484,166185.0,94684.0,4625.0,30.741084116642014
63887.212918480036,166213.0,94700.0,4641.0,30.751173084194306
63887.22300744758,166219.0,94702.0,4660.0,30.761262051739322
63887.233096415126,166239.0,94715.0,4675.0,30.77135101928434
63887.24318538268,166258.0,94697.0,4662.0,30.78143998683663
63887.25327435022,166290.0,94740.0,4661.0,30.791528954381647
63887.26336331777,166274.0,94730.0,4680.0,30.801617921926663
63887.27345228532,166222.0,94721.0,4677.0,30.811706889478955
63887.283541252866,166248.0,94728.0,4679.0,30.82179585702397
63887.29363022041,166256.0,94741.0,4704.0,30.831884824568988
63887.303719187956,166229.0,94720.0,4680.0,30.841973792114004
63887.31380815551,166206.0,94705.0,4655.0,30.852062759666296
63887.32389712305,166198.0,94715.0,4664.0,30.862151727211312
63887.3339860906,166148.0,94701.0,4695.0,30.87224069475633
63887.34407505815,166147.0,94685.0,4660.0,30.88232966230862
63887.354164025695,166119.0,94680.0,4635.0,30.892418629853637
63887.36425299324,166122.0,94693.0,4671.0,30.902507597398653
63887.37434196079,166081.0,94648.0,4640.0,30.912596564950945
63887.38443092834,166092.0,94679.0,4654.0,30.92268553249596
63887.39451989588,166091.0,94668.0,4623.0,30.932774500040978
63887.404608863435,166085.0,94657.0,4632.0,30.94286346759327
63887.41469783098,166097.0,94645.0,4632.0,30.952952435138286
63887.424786798525,166116.0,94665.0,4644.0,30.963041402683302
63887.43487576608,166096.0,94693.0,4644.0,30.973130370235594
63887.44496473362,166124.0,94676.0,4640.0,30.98321933778061
63887.45505370117,166154.0,94682.0,4633.0,30.993308305325627
63887.46514266872,166185.0,94685.0,4690.0,31.00339727287792
63887.475231636265,166177.0,94715.0,4678.0,31.013486240422935
63887.48532060381,166151.0,94673.0,4659.0,31.02357520796795
63887.495409571355,166176.0,94704.0,4708.0,31.033664175512968
63887.50549853891,166110.0,94668.0,4664.0,31.04375314306526
63887.51558750645,166085.0,94645.0,4679.0,31.053842110610276
63887.525676474,166033.0,94668.0,4653.0,31.063931078155292
63887.53576544155,165989.0,94639.0,4691.0,31.074020045707584
63887.545854409094,165904.0,94577.0,4643.0,31.0841090132526
63887.55594337664,165887.0,94596.0,4668.0,31.094197980797617
63887.56603234419,165842.0,94586.0,4671.0,31.10428694834991
63887.57612131174,165873.0,94559.0,4663.0,31.114375915894925
63887.58621027928,165845.0,94557.0,4665.0,31.12446488343994
63887.596299246834,165844.0,94572.0,4652.0,31.134553850992233
63887.60638821438,165851.0,94585.0,4702.0,31.14464281853725
63887.616477181924,165831.0,94541.0,4668.0,31.154731786082266
63887.626566149476,165825.0,94571.0,4672.0,31.164820753634558
63887.63665511702,165866.0,94578.0,4671.0,31.174909721179574
63887.646744084566,165897.0,94542.0,4689.0,31.18499868872459
63887.65683305211,165866.0,94573.0,4664.0,31.195087656269607
63887.66692201966,165896.0,94569.0,4668.0,31.2051766238219
63887.67701098721,165890.0,94597.0,4683.0,31.215265591366915
63887.687099954754,165806.0,94572.0,4633.0,31.22535455891193
63887.697188922306,165829.0,94559.0,4649.0,31.235443526464223
63887.70727788985,165817.0,94558.0,4647.0,31.24553249400924
63887.717366857396,165783.0,94544.0,4601.0,31.255621461554256
63887.72745582495,165747.0,94519.0,4590.0,31.265710429106548
63887.73754479249,165779.0,94543.0,4596.0,31.275799396651564
63887.74763376004,165710.0,94505.0,4573.0,31.28588836419658
63887.75772272759,165741.0,94526.0,4547.0,31.295977331748873
63887.767811695136,165698.0,94525.0,4534.0,31.30606629929389
63887.77790066268,165741.0,94553.0,4547.0,31.316155266838905
63887.78798963023,165727.0,94513.0,4530.0,31.326244234391197
63887.79807859778,165738.0,94530.0,4537.0,31.336333201936213
63887.80816756532,165754.0,94542.0,4556.0,31.34642216948123
63887.818256532875,165717.0,94518.0,4557.0,31.35651113703352
63887.82834550042,165736.0,94558.0,4549.0,31.366600104578538
63887.838434467965,165766.0,94537.0,4564.0,31.376689072123554
63887.84852343551,165808.0,94539.0,4581.0,31.38677803966857
63887.85861240306,165790.0,94548.0,4561.0,31.396867007220862
63887.86870137061,165790.0,94523.0,4544.0,31.40695597476588
63887.87879033815,165839.0,94561.0,4574.0,31.417044942310895
63887.888879305705,165880.0,94598.0,4599.0,31.427133909863187
63887.89896827325,165833.0,94574.0,4573.0,31.437222877408203
63887.909057240795,165877.0,94600.0,4585.0,31.44731184495322
63887.91914620835,165884.0,94589.0,4596.0,31.45740081250551
63887.92923517589,165910.0,94576.0,4614.0,31.467489780050528
63887.93932414344,165925.0,94616.0,4623.0,31.477578747595544
63887.94941311099,165912.0,94589.0,4632.0,31.487667715147836
63887.959502078535,165898.0,94593.0,4581.0,31.497756682692852
63887.96959104608,165870.0,94576.0,4638.0,31.50784565023787
63887.97968001363,165900.0,94624.0,4612.0,31.51793461779016
63887.98976898118,165896.0,94589.0,4612.0,31.528023585335177
63887.99985794872,165879.0,94590.0,4598.0,31.538112552880193
63888.009946916274,165894.0,94590.0,4603.0,31.548201520432485
63888.02003588382,165899.0,94601.0,4582.0,31.5582904879775
63888.030124851364,165894.0,94582.0,4600.0,31.568379455522518
63888.04021381891,165910.0,94599.0,4612.0,31.578468423067534
63888.05030278646,165892.0,94619.0,4598.0,31.588557390619826
63888.06039175401,165891.0,94572.0,4598.0,31.598646358164842
63888.07048072155,165877.0,94574.0,4588.0,31.60873532570986
63888.080569689104,165931.0,94614.0,4593.0,31.61882429326215
63888.09065865665,165922.0,94604.0,4606.0,31.628913260807167
63888.100747624194,165921.0,94599.0,4629.0,31.639002228352183
63888.110836591746,165953.0,94615.0,4625.0,31.649091195904475
63888.12092555929,166002.0,94641.0,4663.0,31.65918016344949
63888.131014526836,165995.0,94628.0,4640.0,31.669269130994508
63888.14110349439,165990.0,94623.0,4643.0,31.6793580985468
63888.15119246193,166045.0,94659.0,4626.0,31.689447066091816
63888.16128142948,166038.0,94619.0,4643.0,31.699536033636832
63888.17137039703,166038.0,94643.0,4655.0,31.709625001189124
63888.181459364576,166062.0,94625.0,4651.0,31.71971396873414
63888.19154833212,166090.0,94646.0,4677.0,31.729802936279157
63888.20163729967,166088.0,94655.0,4658.0,31.73989190383145
63888.21172626722,166127.0,94654.0,4662.0,31.749980871376465
63888.22181523476,166155.0,94696.0,4699.0,31.76006983892148
63888.23190420231,166135.0,94681.0,4717.0,31.770158806466497
63888.24199316986,166171.0,94696.0,4700.0,31.78024777401879
63888.252082137406,166184.0,94685.0,4711.0,31.790336741563806
63888.26217110495,166207.0,94676.0,4705.0,31.800425709108822
63888.2722600725,166192.0,94692.0,4700.0,31.810514676661114
63888.28234904005,166240.0,94696.0,4691.0,31.82060364420613
63888.29243800759,166244.0,94699.0,4736.0,31.830692611751147
63888.302526975145,166251.0,94724.0,4758.0,31.84078157930344
63888.31261594269,166226.0,94694.0,4713.0,31.850870546848455
63888.322704910235,166232.0,94713.0,4752.0,31.86095951439347
63888.33279387779,166223.0,94689.0,4731.0,31.871048481945763
63888.34288284533,166156.0,94654.0,4669.0,31.88113744949078
63888.35297181288,166149.0,94679.0,4674.0,31.891226417035796
63888.36306078043,166107.0,94652.0,4701.0,31.901315384588088
63888.373149747975,166093.0,94652.0,4654.0,31.911404352133104
63888.38323871552,166013.0,94645.0,4630.0,31.92149331967812
63888.393327683065,165993.0,94654.0,4630.0,31.931582287223137
63888.40341665062,166010.0,94622.0,4628.0,31.94167125477543
63888.41350561816,165973.0,94623.0,4595.0,31.951760222320445
63888.42359458571,165961.0,94623.0,4568.0,31.96184918986546
63888.43368355326,165971.0,94632.0,4605.0,31.971938157417753
63888.443772520804,165913.0,94604.0,4574.0,31.98202712496277
63888.45386148835,165938.0,94610.0,4573.0,31.992116092507786
63888.4639504559,165946.0,94644.0,4600.0,32.00220506006008
63888.47403942345,165933.0,94592.0,4594.0,32.012294027605094
63888.48412839099,165937.0,94612.0,4557.0,32.02238299515011
63888.494217358544,165944.0,94626.0,4589.0,32.0324719627024
63888.50430632609,165932.0,94631.0,4586.0,32.04256093024742
63888.514395293634,165933.0,94601.0,4570.0,32.052649897792435
63888.52448426119,165954.0,94648.0,4613.0,32.06273886534473
63888.53457322873,165990.0,94616.0,4611.0,32.07282783288974
63888.54466219628,165982.0,94651.0,4604.0,32.08291680043476
63888.55475116383,165972.0,94633.0,4574.0,32.09300576798705
63888.564840131374,166017.0,94641.0,4630.0,32.10309473553207
63888.57492909892,165981.0,94623.0,4583.0,32.113183703077084
63888.585018066464,166019.0,94653.0,4623.0,32.1232726706221
63888.595107034016,166015.0,94640.0,4605.0,32.13336163817439
63888.60519600156,166022.0,94631.0,4626.0,32.14345060571941
63888.615284969106,166014.0,94616.0,4647.0,32.153539573264425
63888.62537393666,166061.0,94656.0,4628.0,32.16362854081672
63888.6354629042,166070.0,94684.0,4640.0,32.17371750836173
63888.64555187175,166069.0,94651.0,4632.0,32.18380647590675
63888.6556408393,166089.0,94684.0,4634.0,32.19389544345904
63888.665729806846,166090.0,94664.0,4640.0,32.20398441100406
63888.67581877439,166104.0,94666.0,4645.0,32.214073378549074
63888.68590774194,166092.0,94657.0,4661.0,32.224162346101366
63888.69599670949,166126.0,94665.0,4671.0,32.23425131364638
63888.70608567703,166132.0,94692.0,4657.0,32.2443402811914
63888.716174644585,166126.0,94703.0,4641.0,32.25442924874369
63888.72626361213,166146.0,94681.0,4649.0,32.26451821628871
63888.736352579675,166212.0,94726.0,4682.0,32.27460718383372
63888.74644154722,166190.0,94691.0,4695.0,32.28469615137874
63888.75653051477,166203.0,94704.0,4670.0,32.29478511893103
63888.76661948232,166234.0,94734.0,4698.0,32.30487408647605
63888.77670844986,166259.0,94750.0,4712.0,32.314963054021064
63888.786797417415,166278.0,94727.0,4705.0,32.325052021573356
63888.79688638496,166284.0,94735.0,4705.0,32.33514098911837
63888.806975352505,166319.0,94783.0,4722.0,32.34522995666339
63888.81706432006,166355.0,94740.0,4744.0,32.35531892421568
63888.8271532876,166365.0,94762.0,4741.0,32.3654078917607
63888.83724225515,166371.0,94734.0,4745.0,32.37549685930571
63888.8473312227,166419.0,94795.0,4762.0,32.385585826858005
63888.857420190245,166403.0,94806.0,4801.0,32.39567479440302
63888.86750915779,166454.0,94779.0,4766.0,32.40576376194804
63888.87759812534,166490.0,94748.0,4814.0,32.41585272950033
63888.88768709289,166465.0,94769.0,4786.0,32.425941697045346
63888.89777606043,166474.0,94782.0,4784.0,32.43603066459036
63888.907865027984,166534.0,94816.0,4800.0,32.446119632142654
63888.91795399553,166542.0,94825.0,4829.0,32.45620859968767
63888.928042963074,166554.0,94787.0,4817.0,32.46629756723269
63888.93813193062,166597.0,94817.0,4829.0,32.4763865347777
63888.94822089817,166607.0,94824.0,4840.0,32.486475502329995
63888.95830986572,166601.0,94811.0,4831.0,32.49656446987501
63888.96839883326,166623.0,94807.0,4849.0,32.50665343742003
63888.978487800814,166651.0,94857.0,4876.0,32.51674240497232
63888.98857676836,166715.0,94855.0,4849.0,32.526831372517336
63888.998665735904,166742.0,94845.0,4905.0,32.53692034006235
63889.008754703456,166792.0,94900.0,4899.0,32.547009307614644
63889.018843671,166835.0,94892.0,4915.0,32.55709827515966
63889.02893263855,166838.0,94890.0,4892.0,32.56718724270468
63889.0390216061,166883.0,94891.0,4906.0,32.57727621025697
63889.049110573644,166936.0,94933.0,4895.0,32.587365177801985
63889.05919954119,166938.0,94929.0,4912.0,32.597454145347
63889.06928850874,166992.0,94935.0,4953.0,32.60754311289929
63889.079377476286,166981.0,94937.0,4939.0,32.61763208044431
63889.08946644383,167001.0,94929.0,4953.0,32.627721047989326
63889.099555411376,166937.0,94918.0,4927.0,32.63781001553434
63889.10964437893,166963.0,94963.0,4936.0,32.647898983086634
63889.11973334647,166916.0,94922.0,4934.0,32.65798795063165
63889.12982231402,166848.0,94909.0,4942.0,32.668076918176666
63889.13991128157,166830.0,94898.0,4901.0,32.67816588572896
63889.150000249116,166769.0,94887.0,4889.0,32.688254853273975
63889.16008921666,166746.0,94886.0,4858.0,32.69834382081899
63889.17017818421,166678.0,94848.0,4832.0,32.70843278837128
63889.18026715176,166712.0,94894.0,4840.0,32.7185217559163
63889.1903561193,166650.0,94828.0,4802.0,32.728610723461316
63889.200445086855,166660.0,94860.0,4807.0,32.73869969101361
63889.2105340544,166633.0,94843.0,4808.0,32.748788658558624
63889.220623021945,166614.0,94850.0,4781.0,32.75887762610364
63889.2307119895,166663.0,94838.0,4814.0,32.76896659365593
63889.24080095704,166632.0,94851.0,4789.0,32.77905556120095
63889.25088992459,166646.0,94820.0,4783.0,32.789144528745965
63889.26097889214,166636.0,94837.0,4780.0,32.79923349629826
63889.271067859685,166632.0,94856.0,4794.0,32.80932246384327
63889.28115682723,166629.0,94856.0,4794.0,32.81941143138829
63889.29124579478,166654.0,94871.0,4808.0,32.82950039894058
63889.30133476233,166653.0,94839.0,4821.0,32.8395893664856
63889.31142372987,166649.0,94854.0,4767.0,32.849678334030614
63889.32151269742,166645.0,94858.0,4803.0,32.85976730157563
63889.33160166497,166669.0,94836.0,4804.0,32.86985626912792
63889.341690632515,166650.0,94845.0,4783.0,32.87994523667294
63889.35177960006,166652.0,94845.0,4797.0,32.890034204217955
63889.36186856761,166691.0,94866.0,4811.0,32.90012317177025
63889.37195753516,166652.0,94842.0,4797.0,32.91021213931526
63889.3820465027,166702.0,94878.0,4794.0,32.92030110686028
63889.392135470254,166706.0,94855.0,4816.0,32.93039007441257
63889.4022244378,166717.0,94872.0,4827.0,32.94047904195759
63889.412313405344,166685.0,94893.0,4794.0,32.950568009502604
63889.4224023729,166692.0,94883.0,4825.0,32.960656977054896
63889.43249134044,166744.0,94900.0,4857.0,32.97074594459991
63889.44258030799,166721.0,94869.0,4818.0,32.98083491214493
63889.45266927554,166740.0,94848.0,4839.0,32.99092387969722
63889.462758243084,166762.0,94893.0,4854.0,33.00101284724224
63889.47284721063,166764.0,94872.0,4842.0,33.01110181478725
63889.482936178174,166752.0,94886.0,4839.0,33.02119078233227
63889.493025145726,166761.0,94928.0,4850.0,33.03127974988456
63889.50311411327,166759.0,94903.0,4839.0,33.04136871742958
63889.513203080816,166798.0,94915.0,4866.0,33.051457684974594
63889.52329204837,166772.0,94907.0,4834.0,33.061546652526886
63889.53338101591,166800.0,94877.0,4852.0,33.0716356200719
63889.54346998346,166835.0,94922.0,4854.0,33.08172458761692
63889.55355895101,166825.0,94924.0,4872.0,33.09181355516921
63889.563647918556,166828.0,94897.0,4858.0,33.10190252271423
63889.5737368861,166854.0,94899.0,4874.0,33.11199149025924
63889.58382585365,166893.0,94928.0,4890.0,33.122080457811535
63889.5939148212,166875.0,94928.0,4905.0,33.13216942535655
63889.60400378874,166937.0,94951.0,4866.0,33.14225839290157
63889.614092756296,166935.0,94942.0,4913.0,33.15234736045386
63889.62418172384,166930.0,94947.0,4907.0,33.162436327998876
63889.634270691386,166958.0,94923.0,4919.0,33.17252529554389
63889.64435965894,166948.0,94976.0,4930.0,33.182614263096184
63889.65444862648,167007.0,94964.0,4934.0,33.1927032306412
63889.66453759403,167010.0,94950.0,4928.0,33.202792198186216
63889.67462656157,167031.0,94968.0,4927.0,33.21288116573123
63889.684715529125,167066.0,94975.0,4948.0,33.222970133283525
63889.69480449667,167066.0,94974.0,4955.0,33.23305910082854
63889.704893464215,167097.0,94975.0,4987.0,33.24314806837356
63889.71498243177,167102.0,95007.0,4988.0,33.25323703592585
63889.72507139931,167120.0,94991.0,4968.0,33.263326003470866
63889.73516036686,167111.0,94996.0,4983.0,33.27341497101588
63889.74524933441,167120.0,95009.0,4956.0,33.283503938568174
63889.755338301955,167163.0,95016.0,5005.0,33.29359290611319
63889.7654272695,167129.0,94989.0,4979.0,33.303681873658206
63889.77551623705,167176.0,95013.0,4993.0,33.3137708412105
63889.7856052046,167164.0,94987.0,5011.0,33.323859808755515
63889.79569417214,167211.0,95027.0,5012.0,33.33394877630053
63889.805783139695,167233.0,95055.0,4995.0,33.34403774385282
63889.81587210724,167246.0,95018.0,5054.0,33.35412671139784
63889.825961074785,167207.0,95026.0,5048.0,33.364215678942855
63889.83605004233,167224.0,95008.0,5006.0,33.37430464648787
63889.84613900988,167254.0,95059.0,5046.0,33.384393614040164
63889.85622797743,167276.0,95038.0,5059.0,33.39448258158518
63889.86631694497,167276.0,95035.0,5049.0,33.404571549130196
63889.876405912524,167305.0,95047.0,5042.0,33.41466051668249
63889.88649488007,167347.0,95069.0,5077.0,33.424749484227505
63889.896583847614,167343.0,95064.0,5063.0,33.43483845177252
63889.90667281517,167359.0,95058.0,5071.0,33.44492741932481
63889.91676178271,167364.0,95095.0,5086.0,33.45501638686983
63889.92685075026,167393.0,95059.0,5089.0,33.465105354414845
63889.93693971781,167413.0,95087.0,5100.0,33.47519432196714
63889.947028685354,167428.0,95062.0,5084.0,33.485283289512154
63889.9571176529,167465.0,95090.0,5135.0,33.49537225705717
63889.96720662045,167421.0,95071.0,5122.0,33.50546122460946
63889.977295587996,167460.0,95090.0,5114.0,33.51555019215448
63889.98738455554,167416.0,95096.0,5117.0,33.525639159699494
63889.99747352309,167481.0,95066.0,5137.0,33.53572812725179
63890.00756249064,167407.0,95077.0,5100.0,33.5458170947968
63890.01765145818,167378.0,95069.0,5069.0,33.55590606234182
63890.02774042573,167321.0,95061.0,5107.0,33.565995029886835
63890.03782939328,167263.0,95022.0,5039.0,33.57608399743913
63890.047918360826,167211.0,95040.0,5030.0,33.586172964984144
63890.05800732837,167202.0,95021.0,5047.0,33.59626193252916
63890.06809629592,167164.0,95028.0,4984.0,33.60635090008145
63890.07818526347,167095.0,94996.0,4950.0,33.61643986762647
63890.08827423101,167107.0,94977.0,4949.0,33.626528835171484
63890.098363198565,167051.0,94940.0,4947.0,33.63661780272378
63890.10845216611,167050.0,94965.0,4911.0,33.64670677026879
63890.118541133656,167024.0,94961.0,4892.0,33.65679573781381
63890.12863010121,167024.0,94936.0,4898.0,33.6668847053661
63890.13871906875,167015.0,94947.0,4888.0,33.67697367291112
63890.1488080363,167026.0,94963.0,4887.0,33.68706264045613
63890.15889700385,167028.0,94970.0,4905.0,33.697151608008426
63890.168985971395,167001.0,94943.0,4900.0,33.70724057555344
63890.17907493894,167005.0,94950.0,4862.0,33.71732954309846
63890.189163906485,167020.0,94950.0,4877.0,33.727418510643474
63890.19925287404,167038.0,94955.0,4903.0,33.73750747819577
63890.20934184158,167051.0,94962.0,4885.0,33.74759644574078
63890.21943080913,167023.0,94947.0,4895.0,33.7576854132858
63890.22951977668,167013.0,94952.0,4885.0,33.76777438083809
63890.239608744225,167005.0,94928.0,4885.0,33.77786334838311
63890.24969771177,166993.0,94935.0,4851.0,33.78795231592812
63890.25978667932,167057.0,94994.0,4904.0,33.798041283480416
63890.26987564687,167048.0,94982.0,4888.0,33.80813025102543
63890.27996461441,167033.0,94946.0,4882.0,33.81821921857045
63890.290053581964,167056.0,94950.0,4878.0,33.82830818612274
63890.30014254951,167084.0,94990.0,4904.0,33.838397153667756
63890.310231517054,167083.0,94980.0,4894.0,33.84848612121277
63890.32032048461,167061.0,94973.0,4896.0,33.858575088765065
63890.33040945215,167064.0,94953.0,4876.0,33.86866405631008
63890.3404984197,167102.0,94973.0,4915.0,33.8787530238551
63890.35058738725,167099.0,94968.0,4890.0,33.88884199140739
63890.360676354794,167093.0,94978.0,4894.0,33.898930958952405
63890.37076532234,167111.0,94991.0,4902.0,33.90901992649742
63890.380854289884,167078.0,94984.0,4887.0,33.91910889404244
63890.39094325744,167123.0,94994.0,4894.0,33.92919786159473
63890.40103222498,167150.0,94992.0,4917.0,33.939286829139746
63890.41112119253,167160.0,94971.0,4923.0,33.94937579668476
63890.42121016008,167163.0,94993.0,4896.0,33.959464764237055
63890.431299127624,167175.0,94995.0,4907.0,33.96955373178207
63890.44138809517,167165.0,95036.0,4933.0,33.97964269932709
63890.45147706272,167183.0,94996.0,4898.0,33.98973166687938
63890.461566030266,167210.0,95041.0,4928.0,33.999820634424395
63890.47165499781,167218.0,95020.0,4920.0,34.00990960196941
63890.48174396536,167233.0,94999.0,4942.0,34.019998569521704
63890.49183293291,167227.0,95015.0,4928.0,34.03008753706672
63890.50192190045,167265.0,95055.0,4936.0,34.040176504611736
63890.512010868006,167272.0,95034.0,4922.0,34.05026547216403
63890.52209983555,167268.0,95031.0,4970.0,34.060354439709045
63890.532188803096,167332.0,95050.0,4962.0,34.07044340725406
63890.54227777065,167334.0,95048.0,4988.0,34.08053237480635
63890.55236673819,167314.0,95047.0,4963.0,34.09062134235137
63890.56245570574,167325.0,95036.0,4977.0,34.100710309896385
63890.57254467328,167397.0,95093.0,4968.0,34.1107992774414
63890.582633640835,167386.0,95037.0,4973.0,34.120888244993694
63890.59272260838,167395.0,95071.0,4995.0,34.13097721253871
63890.602811575925,167407.0,95084.0,4994.0,34.141066180083726
63890.61290054348,167401.0,95035.0,4974.0,34.15115514763602
63890.62298951102,167422.0,95057.0,4973.0,34.161244115181034
63890.63307847857,167464.0,95097.0,5032.0,34.17133308272605
63890.64316744612,167447.0,95083.0,5037.0,34.18142205027834
63890.653256413665,167452.0,95101.0,5015.0,34.19151101782336
63890.66334538121,167496.0,95097.0,5018.0,34.201599985368375
63890.67343434876,167525.0,95118.0,5052.0,34.21168895292067
63890.68352331631,167518.0,95096.0,5039.0,34.221777920465684
63890.69361228385,167524.0,95085.0,5013.0,34.2318668880107
63890.703701251405,167570.0,95122.0,5031.0,34.24195585556299
63890.71379021895,167546.0,95083.0,5046.0,34.25204482310801
63890.723879186495,167576.0,95117.0,5057.0,34.262133790653024
63890.73396815405,167576.0,95114.0,5063.0,34.27222275820532
63890.74405712159,167636.0,95148.0,5087.0,34.28231172575033
63890.75414608914,167549.0,95085.0,5049.0,34.29240069329535
63890.76423505668,167617.0,95137.0,5079.0,34.302489660840365
63890.774324024234,167640.0,95134.0,5066.0,34.31257862839266
63890.78441299178,167676.0,95150.0,5112.0,34.32266759593767
63890.794501959324,167675.0,95163.0,5103.0,34.33275656348269
63890.80459092688,167700.0,95143.0,5103.0,34.34284553103498
63890.81467989442,167719.0,95173.0,5107.0,34.35293449858
63890.82476886197,167706.0,95123.0,5106.0,34.363023466125014
63890.83485782952,167748.0,95175.0,5109.0,34.373112433677306
63890.844946797064,167748.0,95157.0,5134.0,34.38320140122232
63890.85503576461,167751.0,95176.0,5161.0,34.39329036876734
63890.86512473216,167754.0,95169.0,5127.0,34.40337933631963
63890.87521369971,167781.0,95208.0,5166.0,34.41346830386465
63890.88530266725,167828.0,95198.0,5172.0,34.42355727140966
63890.895391634804,167824.0,95180.0,5151.0,34.433646238961956
63890.90548060235,167831.0,95178.0,5149.0,34.44373520650697
63890.915569569894,167831.0,95199.0,5181.0,34.45382417405199
63890.92565853744,167860.0,95183.0,5175.0,34.463913141597004
63890.93574750499,167817.0,95177.0,5148.0,34.474002109149296
63890.945836472536,167843.0,95187.0,5184.0,34.48409107669431
63890.95592544008,167783.0,95174.0,5165.0,34.49418004423933
63890.96601440763,167770.0,95166.0,5145.0,34.50426901179162
63890.97610337518,167709.0,95149.0,5114.0,34.51435797933664
63890.98619234272,167708.0,95162.0,5104.0,34.52444694688165
63890.996281310276,167610.0,95109.0,5072.0,34.534535914433945
63891.00637027782,167617.0,95121.0,5048.0,34.54462488197896
63891.016459245366,167624.0,95136.0,5045.0,34.55471384952398
63891.02654821292,167554.0,95101.0,4994.0,34.56480281707627
63891.03663718046,167541.0,95120.0,4983.0,34.574891784621286
63891.04672614801,167518.0,95079.0,4982.0,34.5849807521663
63891.05681511556,167506.0,95068.0,4975.0,34.595069719718595
63891.066904083105,167474.0,95061.0,4964.0,34.60515868726361
63891.07699305065,167466.0,95085.0,4951.0,34.61524765480863
63891.0870820182,167525.0,95074.0,4986.0,34.62533662236092
63891.09717098575,167504.0,95085.0,4954.0,34.635425589905935
63891.10725995329,167483.0,95053.0,4953.0,34.64551455745095
63891.11734892084,167528.0,95072.0,4946.0,34.65560352499597
63891.12743788839,167477.0,95055.0,4963.0,34.66569249254826
63891.137526855935,167501.0,95061.0,4951.0,34.675781460093276
63891.14761582348,167497.0,95075.0,4982.0,34.68587042763829
63891.15770479103,167518.0,95062.0,4969.0,34.695959395190584
63891.16779375858,167489.0,95038.0,4938.0,34.7060483627356
63891.17788272612,167495.0,95065.0,4945.0,34.71613733028062
63891.187971693675,167486.0,95052.0,4947.0,34.72622629783291
63891.19806066122,167493.0,95046.0,4939.0,34.736315265377925
63891.208149628765,167476.0,95069.0,4950.0,34.74640423292294
63891.21823859632,167524.0,95070.0,4952.0,34.756493200475234
63891.22832756386,167536.0,95069.0,4980.0,34.76658216802025
63891.23841653141,167520.0,95050.0,4958.0,34.776671135565266
63891.24850549896,167558.0,95055.0,4976.0,34.78676010311756
63891.258594466504,167542.0,95075.0,4965.0,34.796849070662574
63891.26868343405,167567.0,95093.0,4985.0,34.80693803820759
63891.278772401594,167528.0,95072.0,4929.0,34.81702700575261
63891.28886136915,167540.0,95086.0,4954.0,34.8271159733049
63891.29895033669,167548.0,95075.0,4964.0,34.837204940849915
63891.30903930424,167555.0,95078.0,4958.0,34.84729390839493
63891.31912827179,167551.0,95058.0,4955.0,34.85738287594722
63891.329217239334,167537.0,95080.0,4973.0,34.86747184349224
63891.33930620688,167573.0,95084.0,4976.0,34.877560811037256
63891.34939517443,167549.0,95103.0,4945.0,34.88764977858955
63891.359484141976,167612.0,95106.0,4994.0,34.897738746134564
63891.36957310952,167598.0,95062.0,4998.0,34.90782771367958
63891.37966207707,167606.0,95097.0,4977.0,34.91791668123187
63891.38975104462,167596.0,95089.0,4955.0,34.92800564877689
63891.39984001216,167650.0,95142.0,4984.0,34.938094616321905
63891.409928979716,167614.0,95106.0,4964.0,34.9481835838742
63891.42001794726,167652.0,95098.0,4998.0,34.95827255141921
63891.430106914806,167674.0,95130.0,4996.0,34.96836151896423
63891.44019588236,167670.0,95096.0,4995.0,34.97845048651652
63891.4502848499,167715.0,95085.0,5011.0,34.98853945406154
63891.46037381745,167731.0,95126.0,5013.0,34.998628421606554
63891.47046278499,167754.0,95152.0,5011.0,35.00871738915157
63891.480551752546,167735.0,95133.0,5057.0,35.01880635670386
63891.49064072009,167773.0,95149.0,5039.0,35.02889532424888
63891.500729687636,167780.0,95152.0,5043.0,35.038984291793895
63891.51081865519,167823.0,95178.0,5051.0,35.04907325934619
63891.52090762273,167784.0,95161.0,5040.0,35.0591622268912
63891.53099659028,167832.0,95154.0,5061.0,35.06925119443622
63891.54108555783,167834.0,95163.0,5090.0,35.07934016198851
63891.551174525375,167832.0,95150.0,5096.0,35.08942912953353
63891.56126349292,167873.0,95183.0,5100.0,35.099518097078544
63891.57135246047,167897.0,95167.0,5099.0,35.109607064630836
63891.58144142802,167856.0,95180.0,5074.0,35.11969603217585
63891.59153039556,167905.0,95171.0,5085.0,35.12978499972087
63891.601619363115,167924.0,95188.0,5062.0,35.13987396727316
63891.61170833066,167911.0,95187.0,5133.0,35.14996293481818
63891.621797298205,167983.0,95196.0,5110.0,35.16005190236319
63891.63188626575,167960.0,95222.0,5115.0,35.17014086990821
63891.6419752333,167948.0,95173.0,5125.0,35.1802298374605
63891.65206420085,167972.0,95178.0,5122.0,35.19031880500552
63891.66215316839,167992.0,95210.0,5099.0,35.200407772550534
63891.672242135945,168010.0,95218.0,5132.0,35.210496740102826
63891.68233110349,167994.0,95203.0,5146.0,35.22058570764784
63891.692420071035,168023.0,95205.0,5130.0,35.23067467519286
63891.70250903859,168035.0,95228.0,5158.0,35.24076364274515
63891.71259800613,168051.0,95223.0,5145.0,35.25085261029017
63891.72268697368,168076.0,95213.0,5158.0,35.26094157783518
63891.73277594123,168078.0,95214.0,5143.0,35.271030545387475
63891.742864908774,168122.0,95248.0,5190.0,35.28111951293249
63891.75295387632,168113.0,95245.0,5174.0,35.29120848047751
63891.76304284387,168137.0,95223.0,5176.0,35.3012974480298
63891.77313181142,168128.0,95269.0,5201.0,35.311386415574816
63891.78322077896,168171.0,95230.0,5203.0,35.32147538311983
63891.793309746514,168182.0,95256.0,5204.0,35.331564350672124
63891.80339871406,168164.0,95247.0,5176.0,35.34165331821714
63891.813487681604,168186.0,95242.0,5210.0,35.35174228576216
63891.823576649156,168157.0,95216.0,5182.0,35.36183125331445
63891.8336656167,168222.0,95258.0,5211.0,35.371920220859465
63891.843754584246,168260.0,95263.0,5233.0,35.38200918840448
63891.85384355179,168261.0,95266.0,5233.0,35.3920981559495
63891.86393251934,168285.0,95270.0,5209.0,35.40218712350179
63891.87402148689,168271.0,95284.0,5238.0,35.412276091046806
63891.88411045443,168254.0,95289.0,5243.0,35.42236505859182
63891.894199421986,168226.0,95253.0,5221.0,35.432454026144114
63891.90428838953,168181.0,95271.0,5212.0,35.44254299368913
63891.914377357076,168188.0,95271.0,5210.0,35.45263196123415
63891.92446632463,168185.0,95260.0,5209.0,35.46272092878644
63891.93455529217,168113.0,95224.0,5171.0,35.472809896331455
63891.94464425972,168126.0,95249.0,5161.0,35.48289886387647
63891.95473322727,168077.0,95217.0,5125.0,35.49298783142876
63891.964822194815,168039.0,95203.0,5107.0,35.50307679897378
63891.97491116236,167994.0,95200.0,5095.0,35.513165766518796
63891.98500012991,168045.0,95230.0,5100.0,35.52325473407109
63891.99508909746,168013.0,95203.0,5072.0,35.533343701616104
63892.005178065,167979.0,95191.0,5070.0,35.54343266916112
63892.01526703255,168031.0,95195.0,5059.0,35.55352163670614
63892.0253560001,168008.0,95210.0,5087.0,35.56361060425843
63892.035444967645,168010.0,95190.0,5069.0,35.573699571803445
63892.04553393519,168028.0,95198.0,5060.0,35.58378853934846
63892.05562290274,168026.0,95222.0,5087.0,35.59387750690075
63892.06571187029,168011.0,95177.0,5051.0,35.60396647444577
63892.07580083783,168003.0,95190.0,5048.0,35.614055441990786
63892.085889805385,168047.0,95183.0,5086.0,35.62414440954308
63892.09597877293,167992.0,95170.0,5076.0,35.634233377088094
63892.106067740475,167983.0,95165.0,5062.0,35.64432234463311
63892.11615670803,168053.0,95195.0,5081.0,35.6544113121854
63892.12624567557,168027.0,95221.0,5062.0,35.66450027973042
63892.13633464312,168039.0,95190.0,5070.0,35.674589247275435
63892.14642361067,168062.0,95173.0,5062.0,35.68467821482773
63892.156512578214,168049.0,95180.0,5069.0,35.69476718237274
63892.16660154576,168061.0,95202.0,5070.0,35.70485614991776
63892.17669051331,168032.0,95183.0,5079.0,35.71494511747005
63892.18677948086,168076.0,95218.0,5073.0,35.72503408501507
63892.1968684484,168051.0,95181.0,5053.0,35.735123052560084
63892.20695741595,168070.0,95200.0,5074.0,35.7452120201051
63892.2170463835,168075.0,95211.0,5075.0,35.75530098765739
63892.227135351044,168083.0,95212.0,5087.0,35.76538995520241
63892.23722431859,168061.0,95186.0,5081.0,35.775478922747425
63892.24731328614,168080.0,95201.0,5077.0,35.78556789029972
63892.25740225369,168089.0,95205.0,5093.0,35.79565685784473
63892.26749122123,168082.0,95174.0,5091.0,35.80574582538975
63892.277580188784,168078.0,95240.0,5076.0,35.81583479294204
63892.28766915633,168110.0,95219.0,5082.0,35.82592376048706
63892.297758123874,168122.0,95243.0,5080.0,35.836012728032074
63892.307847091426,168097.0,95211.0,5113.0,35.846101695584366
63892.31793605897,168106.0,95204.0,5083.0,35.85619066312938
63892.328025026516,168138.0,95229.0,5095.0,35.8662796306744
63892.33811399407,168179.0,95251.0,5106.0,35.87636859822669
63892.34820296161,168159.0,95203.0,5090.0,35.88645756577171
63892.35829192916,168186.0,95241.0,5104.0,35.89654653331672
63892.3683808967,168182.0,95232.0,5119.0,35.90663550086174
63892.378469864256,168168.0,95218.0,5113.0,35.91672446841403
63892.3885588318,168207.0,95232.0,5122.0,35.92681343595905
63892.398647799346,168226.0,95237.0,5153.0,35.936902403504064
63892.4087367669,168237.0,95247.0,5127.0,35.946991371056356
63892.41882573444,168245.0,95236.0,5124.0,35.95708033860137
63892.42891470199,168267.0,95264.0,5125.0,35.96716930614639
63892.43900366954,168293.0,95254.0,5177.0,35.97725827369868
63892.449092637085,168282.0,95268.0,5155.0,35.9873472412437
63892.45918160463,168296.0,95275.0,5157.0,35.99743620878871
63892.46927057218,168298.0,95249.0,5166.0,36.007525176341005
63892.47935953973,168306.0,95271.0,5166.0,36.01761414388602
63892.48944850727,168337.0,95270.0,5147.0,36.02770311143104
63892.499537474825,168336.0,95292.0,5165.0,36.03779207898333
63892.50962644237,168358.0,95242.0,5186.0,36.047881046528346
63892.519715409915,168347.0,95278.0,5215.0,36.05797001407336
63892.52980437747,168379.0,95298.0,5201.0,36.068058981625654
63892.53989334501,168410.0,95300.0,5206.0,36.07814794917067
63892.54998231256,168415.0,95319.0,5227.0,36.08823691671569
63892.5600712801,168439.0,95316.0,5186.0,36.0983258842607
63892.570160247655,168415.0,95296.0,5205.0,36.108414851812995
63892.5802492152,168419.0,95291.0,5240.0,36.11850381935801
63892.590338182745,168435.0,95278.0,5209.0,36.12859278690303
63892.6004271503,168431.0,95314.0,5211.0,36.13868175445532
63892.61051611784,168462.0,95311.0,5227.0,36.148770722000336
63892.62060508539,168482.0,95329.0,5234.0,36.15885968954535
63892.63069405294,168482.0,95317.0,5231.0,36.168948657097644
63892.640783020484,168473.0,95296.0,5241.0,36.17903762464266
63892.65087198803,168512.0,95330.0,5248.0,36.18912659218768
63892.66096095558,168535.0,95329.0,5254.0,36.19921555973997
63892.67104992313,168523.0,95319.0,5262.0,36.209304527284985
63892.68113889067,168550.0,95345.0,5279.0,36.21939349483
63892.691227858224,168546.0,95326.0,5274.0,36.22948246238229
63892.70131682577,168581.0,95334.0,5282.0,36.23957142992731
63892.711405793314,168597.0,95339.0,5272.0,36.249660397472326
63892.72149476086,168617.0,95375.0,5310.0,36.25974936501734
63892.73158372841,168611.0,95335.0,5287.0,36.269838332569634
63892.74167269596,168643.0,95362.0,5303.0,36.27992730011465
63892.7517616635,168650.0,95385.0,5266.0,36.29001626765967
63892.761850631054,168631.0,95337.0,5305.0,36.30010523521196
63892.7719395986,168683.0,95376.0,5346.0,36.310194202756975
63892.782028566144,168674.0,95375.0,5318.0,36.32028317030199
63892.792117533696,168714.0,95392.0,5318.0,36.33037213785428
63892.80220650124,168712.0,95383.0,5320.0,36.3404611053993
63892.812295468786,168732.0,95408.0,5372.0,36.350550072944316
63892.82238443634,168742.0,95383.0,5344.0,36.36063904049661
63892.83247340388,168726.0,95375.0,5357.0,36.370728008041624
63892.84256237143,168708.0,95356.0,5335.0,36.38081697558664
63892.85265133898,168680.0,95354.0,5319.0,36.39090594313893
63892.862740306526,168675.0,95366.0,5325.0,36.40099491068395
63892.87282927407,168626.0,95360.0,5307.0,36.411083878228965
63892.88291824162,168644.0,95370.0,5333.0,36.42117284578126
63892.89300720917,168581.0,95301.0,5309.0,36.43126181332627
63892.90309617671,168566.0,95329.0,5264.0,36.44135078087129
63892.91318514426,168527.0,95323.0,5238.0,36.451439748416306
63892.92327411181,168520.0,95316.0,5249.0,36.4615287159686
63892.933363079355,168524.0,95323.0,5233.0,36.471617683513614
63892.9434520469,168510.0,95309.0,5211.0,36.48170665105863
63892.95354101445,168473.0,95309.0,5205.0,36.49179561861092
63892.963629982,168476.0,95293.0,5191.0,36.50188458615594
63892.97371894954,168524.0,95324.0,5205.0,36.511973553700955
63892.983807917095,168484.0,95308.0,5185.0,36.52206252125325
63892.99389688464,168508.0,95323.0,5173.0,36.53215148879826
63893.003985852185,168518.0,95328.0,5215.0,36.54224045634328
63893.01407481974,168495.0,95274.0,5176.0,36.55232942389557
63893.02416378728,168500.0,95284.0,5220.0,36.56241839144059
63893.03425275483,168490.0,95280.0,5203.0,36.572507358985604
63893.04434172238,168490.0,95288.0,5212.0,36.582596326537896
63893.054430689925,168536.0,95309.0,5178.0,36.59268529408291
63893.06451965747,168532.0,95307.0,5179.0,36.60277426162793
63893.074608625015,168519.0,95307.0,5229.0,36.612863229172945
63893.08469759257,168562.0,95343.0,5212.0,36.62295219672524
63893.09478656011,168540.0,95333.0,5218.0,36.63304116427025
63893.10487552766,168581.0,95318.0,5225.0,36.64313013181527
63893.11496449521,168574.0,95338.0,5208.0,36.65321909936756
63893.125053462754,168553.0,95306.0,5198.0,36.66330806691258
63893.1351424303,168599.0,95326.0,5230.0,36.673397034457594
63893.14523139785,168541.0,95295.0,5223.0,36.683486002009886
63893.1553203654,168594.0,95333.0,5196.0,36.6935749695549
63893.16540933294,168545.0,95290.0,5211.0,36.70366393709992
63893.175498300494,168578.0,95319.0,5237.0,36.71375290465221
63893.18558726804,168581.0,95340.0,5225.0,36.72384187219723
63893.195676235584,168554.0,95321.0,5214.0,36.73393083974224
63893.205765203136,168554.0,95294.0,5223.0,36.744019807294535
63893.21585417068,168538.0,95298.0,5203.0,36.75410877483955
63893.225943138226,168534.0,95335.0,5197.0,36.76419774238457
63893.23603210578,168567.0,95321.0,5208.0,36.77428670993686
63893.24612107332,168599.0,95320.0,5224.0,36.784375677481876
63893.25621004087,168559.0,95291.0,5198.0,36.79446464502689
63893.26629900842,168577.0,95297.0,5203.0,36.804553612579184
63893.276387975966,168602.0,95327.0,5211.0,36.8146425801242
63893.28647694351,168606.0,95340.0,5210.0,36.82473154766922
63893.296565911056,168571.0,95336.0,5207.0,36.83482051521423
63893.30665487861,168638.0,95360.0,5237.0,36.844909482766525
63893.31674384615,168629.0,95318.0,5221.0,36.85499845031154
63893.3268328137,168625.0,95316.0,5235.0,36.86508741785656
63893.33692178125,168654.0,95323.0,5233.0,36.87517638540885
63893.347010748796,168696.0,95369.0,5267.0,36.885265352953866
63893.35709971634,168689.0,95349.0,5245.0,36.89535432049888
63893.36718868389,168679.0,95369.0,5260.0,36.905443288051174
63893.37727765144,168736.0,95378.0,5276.0,36.91553225559619
63893.38736661898,168734.0,95391.0,5258.0,36.925621223141206
63893.397455586535,168738.0,95366.0,5269.0,36.9357101906935
63893.40754455408,168757.0,95341.0,5254.0,36.945799158238515
63893.417633521625,168754.0,95383.0,5273.0,36.95588812578353
63893.42772248918,168717.0,95357.0,5267.0,36.96597709333582
63893.43781145672,168776.0,95368.0,5281.0,36.97606606088084
63893.44790042427,168802.0,95362.0,5302.0,36.986155028425856
63893.45798939181,168802.0,95367.0,5296.0,36.99624399597087
63893.468078359365,168788.0,95376.0,5323.0,37.006332963523164
63893.47816732691,168822.0,95394.0,5303.0,37.01642193106818
63893.488256294455,168852.0,95378.0,5322.0,37.026510898613196
63893.49834526201,168820.0,95403.0,5294.0,37.03659986616549
63893.50843422955,168874.0,95397.0,5329.0,37.046688833710505
63893.5185231971,168856.0,95389.0,5322.0,37.05677780125552
63893.52861216465,168887.0,95401.0,5337.0,37.06686676880781
63893.538701132195,168879.0,95375.0,5317.0,37.07695573635283
63893.54879009974,168914.0,95422.0,5317.0,37.087044703897845
63893.55887906729,168873.0,95396.0,5300.0,37.09713367145014
63893.56896803484,168900.0,95393.0,5377.0,37.107222638995154
63893.57905700238,168931.0,95434.0,5373.0,37.11731160654017
63893.589145969934,168957.0,95445.0,5352.0,37.12740057409246
63893.59923493748,168950.0,95425.0,5343.0,37.13748954163748
63893.609323905024,168957.0,95411.0,5363.0,37.147578509182495
63893.61941287258,168990.0,95444.0,5375.0,37.15766747673479
63893.62950184012,169004.0,95453.0,5401.0,37.1677564442798
63893.63959080767,169028.0,95431.0,5374.0,37.17784541182482
63893.64967977521,169011.0,95446.0,5381.0,37.187934379369835
63893.659768742764,169024.0,95423.0,5380.0,37.19802334692213
63893.66985771031,169024.0,95423.0,5385.0,37.208112314467144
63893.679946677854,169067.0,95464.0,5377.0,37.21820128201216
63893.690035645406,169030.0,95454.0,5389.0,37.22829024956445
63893.70012461295,169029.0,95446.0,5430.0,37.23837921710947
63893.710213580496,169075.0,95465.0,5402.0,37.248468184654485
63893.72030254805,169111.0,95487.0,5432.0,37.25855715220678
63893.73039151559,169114.0,95479.0,5429.0,37.26864611975179
63893.74048048314,169081.0,95454.0,5413.0,37.27873508729681
63893.75056945069,169148.0,95510.0,5398.0,37.2888240548491
63893.760658418236,169124.0,95475.0,5451.0,37.29891302239412
63893.77074738578,169139.0,95496.0,5445.0,37.309001989939134
63893.78083635333,169159.0,95486.0,5434.0,37.319090957491426
63893.79092532088,169140.0,95489.0,5432.0,37.32917992503644
63893.80101428842,169086.0,95486.0,5435.0,37.33926889258146
63893.81110325597,169106.0,95470.0,5440.0,37.349357860126474
63893.82119222352,169118.0,95491.0,5427.0,37.35944682767877
63893.831281191066,169041.0,95466.0,5410.0,37.36953579522378
63893.84137015861,169004.0,95441.0,5384.0,37.3796247627688
63893.85145912616,168986.0,95446.0,5371.0,37.38971373032109
63893.86154809371,168962.0,95448.0,5356.0,37.39980269786611
63893.87163706125,168909.0,95417.0,5309.0,37.40989166541112
63893.881726028805,168929.0,95440.0,5313.0,37.419980632963416
63893.89181499635,168919.0,95416.0,5311.0,37.43006960050843
63893.901903963895,168883.0,95416.0,5289.0,37.44015856805345
63893.91199293145,168883.0,95387.0,5276.0,37.45024753560574
63893.92208189899,168894.0,95421.0,5294.0,37.46033650315076
63893.93217086654,168890.0,95396.0,5293.0,37.47042547069577
63893.94225983409,168891.0,95394.0,5273.0,37.480514438248065
63893.952348801635,168905.0,95409.0,5264.0,37.49060340579308
63893.96243776918,168904.0,95419.0,5305.0,37.5006923733381
63893.97252673673,168891.0,95398.0,5277.0,37.51078134089039
63893.98261570428,168895.0,95383.0,5270.0,37.520870308435406
63893.99270467182,168911.0,95410.0,5308.0,37.53095927598042
63894.00279363937,168899.0,95389.0,5281.0,37.54104824352544
63894.01288260692,168931.0,95400.0,5278.0,37.55113721107773
63894.022971574464,168932.0,95404.0,5271.0,37.561226178622746
63894.03306054201,168954.0,95428.0,5313.0,37.57131514616776
63894.04314950956,168916.0,95384.0,5277.0,37.581404113720055
63894.05323847711,168960.0,95411.0,5296.0,37.59149308126507
63894.06332744465,168951.0,95416.0,5293.0,37.60158204881009
63894.073416412204,168961.0,95402.0,5312.0,37.61167101636238
63894.08350537975,168935.0,95409.0,5283.0,37.621759983907396
63894.093594347294,168949.0,95432.0,5310.0,37.63184895145241
63894.10368331485,168943.0,95391.0,5323.0,37.641937919004704
63894.11377228239,168916.0,95383.0,5298.0,37.65202688654972
63894.12386124994,168929.0,95411.0,5301.0,37.662115854094736
63894.13395021749,168979.0,95418.0,5319.0,37.67220482164703
63894.144039185034,168939.0,95393.0,5288.0,37.682293789192045
63894.15412815258,168931.0,95400.0,5281.0,37.69238275673706
63894.164217120124,168948.0,95423.0,5306.0,37.70247172428208
63894.174306087676,168926.0,95385.0,5277.0,37.71256069183437
63894.18439505522,168949.0,95409.0,5288.0,37.722649659379385
63894.194484022766,168915.0,95403.0,5266.0,37.7327386269244
63894.20457299032,168925.0,95403.0,5270.0,37.742827594476694
63894.21466195786,168942.0,95411.0,5266.0,37.75291656202171
63894.22475092541,168952.0,95404.0,5273.0,37.763005529566726
63894.23483989296,168960.0,95428.0,5317.0,37.77309449711902
63894.244928860506,168956.0,95386.0,5304.0,37.783183464664035
63894.25501782805,168948.0,95405.0,5293.0,37.79327243220905
63894.2651067956,168998.0,95407.0,5300.0,37.80336139976134
63894.27519576315,169030.0,95415.0,5328.0,37.81345036730636
63894.28528473069,169003.0,95406.0,5314.0,37.823539334851375
63894.295373698245,169053.0,95441.0,5320.0,37.83362830240367
63894.30546266579,169039.0,95437.0,5327.0,37.843717269948684
63894.315551633335,169019.0,95426.0,5345.0,37.8538062374937
63894.32564060089,169024.0,95431.0,5312.0,37.86389520504599
63894.33572956843,169085.0,95445.0,5376.0,37.87398417259101
63894.34581853598,169082.0,95444.0,5346.0,37.884073140136024
63894.35590750352,169053.0,95394.0,5305.0,37.89416210768104
63894.365996471075,169084.0,95417.0,5380.0,37.90425107523333
63894.37608543862,169090.0,95469.0,5377.0,37.91434004277835
63894.386174406165,169124.0,95446.0,5365.0,37.924429010323365
63894.39626337372,169103.0,95433.0,5381.0,37.93451797787566
63894.40635234126,169121.0,95458.0,5367.0,37.944606945420674
63894.41644130881,169133.0,95437.0,5374.0,37.95469591296569
63894.42653027636,169157.0,95464.0,5394.0,37.96478488051798
63894.436619243905,169136.0,95432.0,5379.0,37.974873848063
63894.44670821145,169187.0,95483.0,5410.0,37.984962815608014
63894.456797179,169150.0,95454.0,5391.0,37.99505178316031
63894.46688614655,169163.0,95470.0,5409.0,38.00514075070532
63894.47697511409,169191.0,95462.0,5400.0,38.01522971825034
63894.487064081644,169147.0,95423.0,5378.0,38.02531868580263
63894.49715304919,169200.0,95444.0,5415.0,38.03540765334765
63894.507242016734,169206.0,95472.0,5400.0,38.04549662089266
63894.51733098429,169204.0,95460.0,5428.0,38.055585588444956
63894.52741995183,169221.0,95448.0,5418.0,38.06567455598997
63894.53750891938,169259.0,95503.0,5442.0,38.07576352353499
63894.54759788692,169229.0,95496.0,5434.0,38.085852491080004
63894.557686854474,169288.0,95506.0,5464.0,38.095941458632296
63894.56777582202,169238.0,95473.0,5436.0,38.10603042617731
63894.577864789564,169293.0,95516.0,5446.0,38.11611939372233
63894.587953757116,169281.0,95497.0,5433.0,38.12620836127462
63894.59804272466,169290.0,95486.0,5464.0,38.13629732881964
63894.60813169221,169301.0,95504.0,5476.0,38.14638629636465
63894.61822065976,169319.0,95489.0,5480.0,38.156475263916946
63894.628309627304,169298.0,95514.0,5464.0,38.16656423146196
63894.63839859485,169330.0,95489.0,5467.0,38.17665319900698
63894.6484875624,169333.0,95508.0,5476.0,38.18674216655927
63894.658576529946,169379.0,95544.0,5490.0,38.196831134104286
63894.66866549749,169329.0,95490.0,5477.0,38.2069201016493
63894.67875446504,169371.0,95515.0,5492.0,38.217009069201595
63894.68884343259,169330.0,95526.0,5477.0,38.22709803674661
63894.69893240013,169415.0,95547.0,5511.0,38.23718700429163
63894.709021367686,169374.0,95505.0,5482.0,38.24727597184392
63894.71911033523,169390.0,95523.0,5503.0,38.257364939388935
63894.729199302776,169379.0,95499.0,5503.0,38.26745390693395
63894.73928827032,169347.0,95505.0,5479.0,38.27754287447897
63894.74937723787,169343.0,95487.0,5479.0,38.28763184203126
63894.75946620542,169322.0,95521.0,5508.0,38.297720809576276
63894.76955517296,169289.0,95482.0,5441.0,38.30780977712129
63894.779644140515,169222.0,95480.0,5405.0,38.317898744673585
63894.78973310806,169199.0,95487.0,5445.0,38.3279877122186
63894.799822075605,169164.0,95466.0,5406.0,38.33807667976362
63894.80991104316,169107.0,95453.0,5371.0,38.34816564731591
63894.8200000107,169089.0,95466.0,5359.0,38.358254614860925
63894.83008897825,169069.0,95441.0,5340.0,38.36834358240594
63894.8401779458,169086.0,95437.0,5341.0,38.378432549958234
63894.850266913345,169090.0,95452.0,5318.0,38.38852151750325
63894.86035588089,169110.0,95437.0,5351.0,38.398610485048266
63894.87044484844,169069.0,95415.0,5322.0,38.40869945260056
63894.88053381599,169083.0,95423.0,5322.0,38.418788420145574
63894.89062278353,169041.0,95426.0,5329.0,38.42887738769059
63894.90071175108,169100.0,95415.0,5321.0,38.43896635523561
63894.91080071863,169070.0,95407.0,5327.0,38.4490553227879
63894.920889686175,169084.0,95415.0,5332.0,38.459144290332915
63894.93097865372,169081.0,95435.0,5370.0,38.46923325787793
63894.94106762127,169071.0,95401.0,5350.0,38.479322225430224
63894.95115658882,169067.0,95432.0,5346.0,38.48941119297524
63894.96124555636,169101.0,95430.0,5347.0,38.499500160520256
63894.971334523914,169138.0,95417.0,5353.0,38.50958912807255
63894.98142349146,169084.0,95395.0,5354.0,38.519678095617564
63894.991512459004,169133.0,95414.0,5336.0,38.52976706316258
63895.00160142656,169130.0,95420.0,5355.0,38.53985603071487
63895.0116903941,169083.0,95430.0,5365.0,38.54994499825989
63895.02177936165,169125.0,95429.0,5350.0,38.560033965804905
63895.0318683292,169117.0,95438.0,5367.0,38.5701229333572
63895.041957296744,169083.0,95416.0,5352.0,38.58021190090221
63895.05204626429,169083.0,95423.0,5336.0,38.59030086844723
63895.06213523184,169096.0,95397.0,5357.0,38.60038983599952
63895.072224199386,169093.0,95436.0,5364.0,38.61047880354454
63895.08231316693,169074.0,95417.0,5308.0,38.620567771089554
63895.092402134476,169044.0,95409.0,5362.0,38.63065673863457
63895.10249110203,169094.0,95429.0,5347.0,38.64074570618686
63895.11258006957,169061.0,95412.0,5330.0,38.65083467373188
63895.12266903712,169052.0,95399.0,5311.0,38.660923641276895
63895.13275800467,169053.0,95377.0,5332.0,38.67101260882919
63895.142846972216,169041.0,95398.0,5344.0,38.6811015763742
63895.15293593976,169038.0,95421.0,5344.0,38.69119054391922
63895.16302490731,169101.0,95403.0,5347.0,38.70127951147151
63895.17311387486,169079.0,95428.0,5341.0,38.71136847901653
63895.1832028424,169085.0,95385.0,5330.0,38.721457446561544
63895.193291809956,169073.0,95389.0,5323.0,38.731546414113836
63895.2033807775,169091.0,95419.0,5352.0,38.74163538165885
63895.213469745046,169100.0,95421.0,5346.0,38.75172434920387
63895.2235587126,169113.0,95395.0,5369.0,38.76181331675616
63895.23364768014,169105.0,95434.0,5365.0,38.77190228430118
63895.24373664769,169122.0,95402.0,5374.0,38.78199125184619
63895.25382561523,169134.0,95422.0,5362.0,38.79208021939121
63895.263914582785,169127.0,95399.0,5359.0,38.8021691869435
63895.27400355033,169171.0,95450.0,5385.0,38.81225815448852
63895.284092517875,169144.0,95418.0,5392.0,38.822347122033534
63895.29418148543,169153.0,95423.0,5393.0,38.832436089585826
63895.30427045297,169151.0,95399.0,5384.0,38.84252505713084
63895.31435942052,169182.0,95427.0,5402.0,38.85261402467586
63895.32444838807,169160.0,95406.0,5378.0,38.86270299222815
63895.334537355615,169188.0,95439.0,5399.0,38.87279195977317
63895.34462632316,169172.0,95474.0,5423.0,38.88288092731818
63895.35471529071,169160.0,95429.0,5379.0,38.892969894870475
63895.36480425826,169214.0,95442.0,5416.0,38.90305886241549
63895.3748932258,169212.0,95452.0,5417.0,38.91314782996051
63895.384982193355,169232.0,95424.0,5420.0,38.9232367975128
63895.3950711609,169192.0,95441.0,5408.0,38.933325765057816
63895.405160128445,169229.0,95451.0,5400.0,38.94341473260283
63895.415249096,169228.0,95441.0,5430.0,38.953503700155125
63895.42533806354,169190.0,95433.0,5438.0,38.96359266770014
63895.43542703109,169255.0,95460.0,5448.0,38.97368163524516
63895.44551599863,169234.0,95469.0,5450.0,38.98377060279017
63895.455604966184,169246.0,95449.0,5440.0,38.993859570342465
63895.46569393373,169224.0,95428.0,5412.0,39.00394853788748
63895.475782901274,169253.0,95451.0,5419.0,39.0140375054325
63895.48587186883,169285.0,95474.0,5452.0,39.02412647298479
63895.49596083637,169270.0,95453.0,5453.0,39.034215440529806
63895.50604980392,169249.0,95446.0,5451.0,39.04430440807482
63895.51613877147,169305.0,95476.0,5478.0,39.054393375627114
63895.526227739014,169277.0,95453.0,5446.0,39.06448234317213
63895.53631670656,169312.0,95461.0,5462.0,39.07457131071715
63895.54640567411,169310.0,95493.0,5489.0,39.08466027826944
63895.556494641656,169301.0,95424.0,5460.0,39.094749245814455
63895.5665836092,169287.0,95431.0,5462.0,39.10483821335947
63895.57667257675,169309.0,95462.0,5477.0,39.114927180911764
63895.5867615443,169280.0,95491.0,5487.0,39.12501614845678
63895.59685051184,169311.0,95448.0,5469.0,39.135105116001796
63895.60693947939,169313.0,95457.0,5487.0,39.14519408354681
63895.61702844694,169332.0,95475.0,5502.0,39.155283051099104
63895.627117414486,169307.0,95467.0,5488.0,39.16537201864412
63895.63720638203,169256.0,95423.0,5481.0,39.17546098618914
63895.64729534958,169256.0,95476.0,5500.0,39.18554995374143
63895.65738431713,169202.0,95437.0,5442.0,39.195638921286445
63895.66747328467,169198.0,95400.0,5441.0,39.20572788883146
63895.677562252225,169162.0,95434.0,5389.0,39.21581685638375
63895.68765121977,169116.0,95413.0,5422.0,39.22590582392877
63895.697740187316,169042.0,95346.0,5360.0,39.235994791473786
63895.70782915487,169069.0,95391.0,5371.0,39.24608375902608
63895.71791812241,169016.0,95377.0,5358.0,39.256172726571094
63895.72800708996,169059.0,95398.0,5374.0,39.26626169411611
63895.73809605751,169049.0,95401.0,5340.0,39.2763506616684
63895.748185025055,169010.0,95378.0,5349.0,39.28643962921342
63895.7582739926,169022.0,95383.0,5349.0,39.296528596758435
63895.76836296015,168997.0,95357.0,5318.0,39.30661756431073
63895.7784519277,169020.0,95355.0,5322.0,39.31670653185574
63895.78854089524,169047.0,95370.0,5340.0,39.32679549940076
63895.798629862795,169045.0,95352.0,5356.0,39.33688446695305
63895.80871883034,169027.0,95383.0,5383.0,39.34697343449807
63895.818807797885,169034.0,95351.0,5339.0,39.357062402043084
63895.82889676543,169067.0,95396.0,5366.0,39.3671513695881
63895.83898573298,169041.0,95409.0,5368.0,39.37724033714039
63895.84907470053,169039.0,95400.0,5354.0,39.38732930468541
63895.85916366807,169065.0,95333.0,5348.0,39.397418272230425
63895.869252635624,169075.0,95384.0,5364.0,39.40750723978272
63895.87934160317,169077.0,95367.0,5363.0,39.41759620732773
63895.889430570714,169052.0,95387.0,5352.0,39.42768517487275
63895.89951953827,169096.0,95403.0,5398.0,39.43777414242504
63895.90960850581,169074.0,95384.0,5374.0,39.44786310997006
63895.91969747336,169041.0,95383.0,5375.0,39.457952077515074
63895.92978644091,169073.0,95383.0,5409.0,39.468041045067366
63895.939875408454,169029.0,95352.0,5378.0,39.47813001261238
63895.949964376,169050.0,95370.0,5364.0,39.4882189801574
63895.96005334355,169042.0,95357.0,5361.0,39.49830794770969
63895.9701423111,169006.0,95346.0,5356.0,39.50839691525471
63895.98023127864,169033.0,95370.0,5365.0,39.51848588279972
63895.99032024619,169021.0,95366.0,5361.0,39.52857485034474
63896.00040921374,168997.0,95337.0,5330.0,39.53866381789703
63896.010498181284,168981.0,95375.0,5345.0,39.54875278544205
63896.02058714883,169010.0,95342.0,5334.0,39.558841752987064
63896.03067611638,169017.0,95372.0,5358.0,39.568930720539356
63896.040765083926,169019.0,95365.0,5346.0,39.57901968808437
63896.05085405147,169008.0,95359.0,5332.0,39.58910865562939
63896.06094301902,169065.0,95383.0,5386.0,39.59919762318168
63896.07103198657,169036.0,95351.0,5369.0,39.6092865907267
63896.08112095411,169078.0,95379.0,5385.0,39.61937555827171
63896.091209921666,169066.0,95391.0,5403.0,39.629464525824005
63896.10129888921,169086.0,95381.0,5373.0,39.63955349336902
63896.111387856756,169075.0,95354.0,5390.0,39.64964246091404
63896.12147682431,169078.0,95394.0,5386.0,39.65973142846633
63896.13156579185,169112.0,95386.0,5409.0,39.669820396011346
63896.1416547594,169094.0,95408.0,5390.0,39.67990936355636
63896.15174372695,169072.0,95374.0,5384.0,39.689998331108654
63896.161832694495,169118.0,95377.0,5404.0,39.70008729865367
63896.17192166204,169139.0,95404.0,5416.0,39.71017626619869
63896.182010629585,169140.0,95372.0,5431.0,39.7202652337437
63896.19209959714,169116.0,95374.0,5427.0,39.730354201295995
63896.20218856468,169152.0,95384.0,5419.0,39.74044316884101
63896.21227753223,169171.0,95386.0,5420.0,39.75053213638603
63896.22236649978,169135.0,95400.0,5404.0,39.76062110393832
63896.232455467325,169139.0,95388.0,5404.0,39.770710071483336
63896.24254443487,169174.0,95399.0,5455.0,39.78079903902835
63896.25263340242,169167.0,95388.0,5449.0,39.790888006580644
63896.26272236997,169201.0,95377.0,5458.0,39.80097697412566
63896.27281133751,169198.0,95389.0,5462.0,39.81106594167068
63896.282900305065,169200.0,95404.0,5461.0,39.82115490922297
63896.29298927261,169215.0,95400.0,5475.0,39.831243876767985
63896.303078240155,169184.0,95384.0,5461.0,39.841332844313
63896.31316720771,169212.0,95396.0,5455.0,39.85142181186529
63896.32325617525,169226.0,95416.0,5460.0,39.86151077941031
63896.3333451428,169215.0,95407.0,5491.0,39.871599746955326
63896.34343411034,169207.0,95399.0,5464.0,39.88168871450034
63896.353523077894,169201.0,95395.0,5435.0,39.891777682052634
63896.36361204544,169223.0,95384.0,5475.0,39.90186664959765
63896.373701012984,169270.0,95419.0,5482.0,39.91195561714267
63896.38378998054,169259.0,95378.0,5477.0,39.92204458469496
63896.39387894808,169286.0,95433.0,5508.0,39.932133552239975
63896.40396791563,169268.0,95420.0,5493.0,39.94222251978499
63896.41405688318,169265.0,95406.0,5502.0,39.95231148733728
63896.424145850724,169286.0,95440.0,5495.0,39.9624004548823
63896.43423481827,169260.0,95401.0,5495.0,39.972489422427316
63896.44432378582,169242.0,95421.0,5492.0,39.98257838997961
63896.454412753366,169215.0,95410.0,5502.0,39.992667357524624
63896.46450172091,169213.0,95419.0,5473.0,40.00275632506964
63896.474590688464,169149.0,95418.0,5483.0,40.01284529262193
63896.48467965601,169115.0,95384.0,5434.0,40.02293426016695
63896.494768623554,169063.0,95340.0,5432.0,40.033023227711965
63896.504857591106,169052.0,95346.0,5416.0,40.04311219526426
63896.51494655865,168976.0,95336.0,5369.0,40.05320116280927
63896.525035526196,168989.0,95356.0,5371.0,40.06329013035429
63896.53512449374,168943.0,95310.0,5336.0,40.073379097899306
63896.54521346129,168939.0,95325.0,5335.0,40.0834680654516
63896.55530242884,168946.0,95327.0,5346.0,40.093557032996614
63896.56539139638,168943.0,95330.0,5347.0,40.10364600054163
63896.575480363936,168970.0,95322.0,5316.0,40.11373496809392
63896.58556933148,168933.0,95308.0,5316.0,40.12382393563894
63896.595658299026,168953.0,95344.0,5316.0,40.133912903183955
63896.60574726658,168938.0,95316.0,5347.0,40.14400187073625
63896.61583623412,168924.0,95337.0,5332.0,40.15409083828126
63896.62592520167,168953.0,95338.0,5341.0,40.16417980582628
63896.63601416922,168971.0,95343.0,5357.0,40.17426877337857
63896.646103136765,168913.0,95323.0,5310.0,40.18435774092359
63896.65619210431,168962.0,95317.0,5342.0,40.194446708468604
63896.66628107186,168985.0,95328.0,5369.0,40.204535676020896
63896.67637003941,168985.0,95331.0,5367.0,40.21462464356591
63896.68645900695,168972.0,95329.0,5343.0,40.22471361111093
63896.6965479745,168980.0,95328.0,5351.0,40.234802578655945
63896.70663694205,168987.0,95341.0,5357.0,40.24489154620824
63896.716725909595,168949.0,95306.0,5345.0,40.25498051375325
63896.72681487714,168967.0,95322.0,5348.0,40.26506948129827
63896.73690384469,168974.0,95322.0,5354.0,40.27515844885056
63896.74699281224,168953.0,95322.0,5355.0,40.28524741639558
63896.75708177978,168962.0,95334.0,5373.0,40.295336383940594
63896.767170747335,168918.0,95364.0,5333.0,40.305425351492886
63896.77725971488,168933.0,95307.0,5349.0,40.3155143190379
63896.787348682425,168930.0,95300.0,5328.0,40.32560328658292
63896.79743764998,168928.0,95306.0,5323.0,40.33569225413521
63896.80752661752,168951.0,95313.0,5343.0,40.34578122168023
63896.81761558507,168923.0,95317.0,5342.0,40.35587018922524
63896.82770455262,168884.0,95314.0,5323.0,40.365959156777535
63896.837793520164,168920.0,95318.0,5332.0,40.37604812432255
63896.84788248771,168896.0,95331.0,5307.0,40.38613709186757
63896.85797145526,168924.0,95303.0,5324.0,40.39622605941986
63896.86806042281,168952.0,95326.0,5344.0,40.406315026964876
63896.87814939035,168915.0,95308.0,5325.0,40.41640399450989
63896.8882383579,168911.0,95289.0,5335.0,40.42649296205491
63896.89832732545,168950.0,95324.0,5352.0,40.4365819296072
63896.908416292994,168929.0,95328.0,5338.0,40.44667089715222
63896.91850526054,168951.0,95321.0,5335.0,40.45675986469723
63896.92859422809,168942.0,95315.0,5380.0,40.466848832249525
63896.938683195636,168973.0,95313.0,5366.0,40.47693779979454
63896.94877216318,168985.0,95335.0,5381.0,40.48702676733956
63896.95886113073,169029.0,95349.0,5399.0,40.49711573489185
63896.96895009828,168984.0,95345.0,5391.0,40.507204702436866
63896.97903906582,169010.0,95321.0,5384.0,40.51729366998188
63896.989128033376,169017.0,95319.0,5354.0,40.527382637534174
63896.99921700092,169022.0,95324.0,5370.0,40.53747160507919
63897.009305968466,169042.0,95317.0,5417.0,40.54756057262421
63897.01939493602,169041.0,95329.0,5391.0,40.5576495401765
63897.02948390356,168992.0,95324.0,5385.0,40.567738507721515
63897.03957287111,169025.0,95345.0,5400.0,40.57782747526653
63897.04966183866,169083.0,95360.0,5436.0,40.58791644281882
63897.059750806206,169058.0,95335.0,5418.0,40.59800541036384
63897.06983977375,169090.0,95360.0,5414.0,40.608094377908856
63897.079928741296,169038.0,95318.0,5416.0,40.61818334545387
63897.09001770885,169055.0,95323.0,5439.0,40.628272313006164
63897.10010667639,169103.0,95337.0,5419.0,40.63836128055118
63897.11019564394,169066.0,95339.0,5444.0,40.648450248096196
63897.12028461149,169108.0,95365.0,5468.0,40.65853921564849
63897.130373579035,169075.0,95320.0,5436.0,40.668628183193505
63897.14046254658,169129.0,95347.0,5466.0,40.67871715073852
63897.15055151413,169116.0,95327.0,5433.0,40.68880611829081
63897.16064048168,169092.0,95364.0,5447.0,40.69889508583583
63897.17072944922,169095.0,95352.0,5441.0,40.708984053380846
63897.180818416775,169087.0,95347.0,5433.0,40.71907302093314
63897.19090738432,169141.0,95356.0,5460.0,40.729161988478154
63897.200996351865,169137.0,95347.0,5449.0,40.73925095602317
63897.21108531942,169153.0,95331.0,5465.0,40.74933992357546
63897.22117428696,169180.0,95382.0,5492.0,40.75942889112048
63897.23126325451,169144.0,95356.0,5456.0,40.769517858665495
63897.24135222206,169103.0,95352.0,5441.0,40.77960682621779
63897.251441189605,169124.0,95369.0,5487.0,40.7896957937628
63897.26153015715,169063.0,95346.0,5419.0,40.79978476130782
63897.271619124695,169021.0,95327.0,5429.0,40.809873728852835
63897.28170809225,168982.0,95308.0,5401.0,40.81996269640513
63897.29179705979,168919.0,95297.0,5387.0,40.830051663950144
63897.30188602734,168850.0,95281.0,5366.0,40.84014063149516
63897.31197499489,168861.0,95290.0,5335.0,40.85022959904745
63897.322063962434,168857.0,95293.0,5348.0,40.86031856659247
63897.33215292998,168823.0,95246.0,5321.0,40.870407534137485
63897.34224189753,168802.0,95228.0,5279.0,40.88049650168978
63897.35233086508,168790.0,95258.0,5279.0,40.89058546923479
63897.36241983262,168807.0,95276.0,5298.0,40.90067443677981
63897.372508800174,168763.0,95223.0,5250.0,40.9107634043321
63897.38259776772,168774.0,95270.0,5300.0,40.92085237187712
63897.392686735264,168760.0,95242.0,5270.0,40.930941339422134
63897.402775702816,168761.0,95218.0,5269.0,40.941030306974426
63897.41286467036,168742.0,95217.0,5265.0,40.95111927451944
63897.422953637906,168778.0,95271.0,5286.0,40.96120824206446
63897.43304260545,168771.0,95230.0,5287.0,40.971297209609475
63897.443131573,168716.0,95234.0,5282.0,40.98138617716177
63897.45322054055,168747.0,95237.0,5277.0,40.99147514470678
63897.46330950809,168764.0,95242.0,5291.0,41.0015641122518
63897.473398475646,168757.0,95244.0,5272.0,41.01165307980409
63897.48348744319,168734.0,95213.0,5258.0,41.02174204734911
63897.493576410736,168766.0,95255.0,5251.0,41.031831014894124
63897.50366537829,168740.0,95219.0,5270.0,41.041919982446416
63897.51375434583,168751.0,95239.0,5291.0,41.05200894999143
63897.52384331338,168744.0,95225.0,5279.0,41.06209791753645
63897.53393228093,168760.0,95220.0,5299.0,41.07218688508874
63897.544021248475,168769.0,95227.0,5288.0,41.08227585263376
63897.55411021602,168718.0,95225.0,5276.0,41.09236482017877
63897.56419918357,168759.0,95261.0,5276.0,41.102453787731065
63897.57428815112,168687.0,95213.0,5249.0,41.11254275527608
63897.58437711866,168682.0,95227.0,5256.0,41.1226317228211
63897.594466086215,168681.0,95216.0,5260.0,41.13272069037339
63897.60455505376,168716.0,95209.0,5267.0,41.142809657918406
63897.614644021305,168665.0,95194.0,5238.0,41.15289862546342
63897.62473298885,168684.0,95210.0,5227.0,41.16298759300844
63897.6348219564,168688.0,95204.0,5287.0,41.17307656056073
63897.64491092395,168674.0,95225.0,5258.0,41.18316552810575
63897.65499989149,168674.0,95207.0,5254.0,41.19325449565076
63897.665088859045,168696.0,95231.0,5278.0,41.203343463203055
63897.67517782659,168667.0,95208.0,5247.0,41.21343243074807
63897.685266794135,168715.0,95211.0,5260.0,41.22352139829309
63897.69535576169,168742.0,95222.0,5260.0,41.23361036584538
63897.70544472923,168688.0,95206.0,5245.0,41.243699333390396
63897.71553369678,168708.0,95203.0,5255.0,41.25378830093541
63897.72562266433,168741.0,95210.0,5285.0,41.263877268487704
63897.735711631874,168722.0,95238.0,5282.0,41.27396623603272
63897.74580059942,168719.0,95218.0,5268.0,41.284055203577736
63897.75588956697,168757.0,95231.0,5264.0,41.29414417113003
63897.76597853452,168768.0,95223.0,5305.0,41.304233138675045
63897.77606750206,168776.0,95244.0,5332.0,41.31432210622006
63897.78615646961,168771.0,95246.0,5287.0,41.32441107376508
63897.79624543716,168806.0,95259.0,5335.0,41.33450004131737
63897.806334404704,168819.0,95249.0,5319.0,41.344589008862386
63897.81642337225,168841.0,95242.0,5344.0,41.3546779764074
63897.8265123398,168813.0,95245.0,5312.0,41.364766943959694
63897.83660130735,168827.0,95266.0,5372.0,41.37485591150471
63897.84669027489,168828.0,95242.0,5341.0,41.384944879049726
63897.856779242444,168809.0,95249.0,5349.0,41.39503384660202
63897.86686820999,168820.0,95273.0,5331.0,41.405122814147035
63897.876957177534,168817.0,95240.0,5314.0,41.41521178169205
63897.887046145086,168852.0,95258.0,5356.0,41.42530074924434
63897.89713511263,168835.0,95242.0,5352.0,41.43538971678936
63897.907224080176,168884.0,95276.0,5371.0,41.445478684334375
63897.91731304773,168848.0,95252.0,5370.0,41.45556765188667
63897.92740201527,168883.0,95271.0,5368.0,41.465656619431684
63897.93749098282,168848.0,95271.0,5366.0,41.4757455869767
63897.94757995037,168903.0,95264.0,5377.0,41.48583455452899
63897.957668917916,168861.0,95255.0,5369.0,41.49592352207401
63897.96775788546,168888.0,95251.0,5364.0,41.506012489619025
63897.977846853006,168884.0,95248.0,5382.0,41.51610145716404
63897.98793582056,168891.0,95257.0,5386.0,41.52619042471633
63897.9980247881,168892.0,95283.0,5402.0,41.53627939226135
63898.00811375565,168935.0,95275.0,5399.0,41.546368359806365
63898.0182027232,168964.0,95263.0,5416.0,41.55645732735866
63898.028291690745,168920.0,95264.0,5402.0,41.566546294903674
63898.03838065829,168959.0,95269.0,5401.0,41.57663526244869
63898.04846962584,168928.0,95274.0,5396.0,41.58672423000098
63898.05855859339,168921.0,95298.0,5414.0,41.596813197546
63898.06864756093,168847.0,95251.0,5386.0,41.606902165091014
63898.078736528485,168860.0,95255.0,5388.0,41.61699113264331
63898.08882549603,168804.0,95245.0,5358.0,41.62708010018832
63898.098914463575,168724.0,95223.0,5317.0,41.63716906773334
63898.10900343113,168735.0,95212.0,5323.0,41.64725803528563
63898.11909239867,168688.0,95255.0,5316.0,41.65734700283065
63898.12918136622,168649.0,95212.0,5265.0,41.667435970375664
63898.13927033376,168588.0,95182.0,5304.0,41.67752493792068
63898.149359301315,168604.0,95224.0,5272.0,41.68761390547297
63898.15944826886,168564.0,95150.0,5240.0,41.69770287301799
63898.169537236405,168543.0,95185.0,5213.0,41.707791840563004
63898.17962620396,168544.0,95138.0,5227.0,41.7178808081153
63898.1897151715,168543.0,95155.0,5224.0,41.72796977566031
63898.19980413905,168540.0,95167.0,5220.0,41.73805874320533
63898.2098931066,168582.0,95149.0,5257.0,41.74814771075762
63898.219982074144,168552.0,95200.0,5211.0,41.75823667830264
63898.23007104169,168539.0,95142.0,5223.0,41.76832564584765
63898.24016000924,168539.0,95141.0,5223.0,41.778414613399946
63898.25024897679,168557.0,95186.0,5230.0,41.78850358094496
63898.26033794433,168542.0,95168.0,5221.0,41.79859254848998
63898.270426911884,168531.0,95148.0,5267.0,41.80868151604227
63898.28051587943,168548.0,95168.0,5221.0,41.818770483587286
63898.290604846974,168565.0,95149.0,5248.0,41.8288594511323
63898.300693814526,168553.0,95157.0,5237.0,41.838948418684595
63898.31078278207,168537.0,95154.0,5246.0,41.84903738622961
63898.320871749616,168569.0,95187.0,5213.0,41.85912635377463
63898.33096071717,168543.0,95153.0,5235.0,41.86921532132692
63898.341049684714,168553.0,95160.0,5227.0,41.879304288871936
63898.35113865226,168546.0,95160.0,5231.0,41.88939325641695
63898.361227619804,168551.0,95178.0,5263.0,41.89948222396197
63898.371316587356,168491.0,95142.0,5208.0,41.90957119151426
63898.3814055549,168516.0,95152.0,5223.0,41.919660159059276
63898.391494522446,168542.0,95178.0,5242.0,41.92974912660429
63898.40158349,168512.0,95155.0,5246.0,41.939838094156585
63898.41167245754,168508.0,95144.0,5225.0,41.9499270617016
63898.42176142509,168509.0,95134.0,5216.0,41.96001602924662
63898.43185039264,168520.0,95160.0,5210.0,41.97010499679891
63898.441939360186,168478.0,95123.0,5192.0,41.980193964343925
63898.45202832773,168513.0,95149.0,5190.0,41.99028293188894
63898.46211729528,168521.0,95154.0,5224.0,42.000371899441234
63898.47220626283,168509.0,95160.0,5256.0,42.01046086698625
63898.48229523037,168495.0,95122.0,5216.0,42.020549834531266
63898.492384197925,168551.0,95150.0,5247.0,42.03063880208356
63898.50247316547,168565.0,95177.0,5260.0,42.040727769628575
63898.512562133015,168493.0,95123.0,5219.0,42.05081673717359
63898.52265110056,168542.0,95163.0,5230.0,42.06090570471861
63898.53274006811,168593.0,95185.0,5261.0,42.0709946722709
63898.54282903566,168565.0,95162.0,5251.0,42.081083639815915
63898.5529180032,168596.0,95181.0,5275.0,42.09117260736093
63898.563006970755,168560.0,95192.0,5263.0,42.101261574913224
63898.5730959383,168591.0,95162.0,5279.0,42.11135054245824
63898.583184905845,168601.0,95177.0,5270.0,42.121439510003256
63898.5932738734,168610.0,95185.0,5257.0,42.13152847755555
63898.60336284094,168622.0,95178.0,5287.0,42.141617445100565
63898.61345180849,168628.0,95190.0,5287.0,42.15170641264558
63898.62354077604,168632.0,95192.0,5270.0,42.16179538019787
63898.633629743585,168636.0,95212.0,5308.0,42.17188434774289
63898.64371871113,168666.0,95185.0,5300.0,42.181973315287905
63898.65380767868,168648.0,95172.0,5289.0,42.1920622828402
63898.66389664623,168673.0,95190.0,5295.0,42.202151250385214
63898.67398561377,168668.0,95183.0,5309.0,42.21224021793023
63898.684074581324,168674.0,95186.0,5299.0,42.22232918548252
63898.69416354887,168712.0,95237.0,5342.0,42.23241815302754
63898.704252516414,168714.0,95205.0,5346.0,42.242507120572554
63898.71434148396,168710.0,95228.0,5323.0,42.25259608811757
63898.72443045151,168698.0,95205.0,5319.0,42.26268505566986
63898.73451941906,168753.0,95212.0,5320.0,42.27277402321488
63898.7446083866,168715.0,95240.0,5347.0,42.282862990759895
63898.754697354154,168747.0,95217.0,5337.0,42.29295195831219
63898.7647863217,168727.0,95226.0,5356.0,42.3030409258572
63898.774875289244,168758.0,95241.0,5370.0,42.31312989340222
63898.784964256796,168726.0,95179.0,5342.0,42.32321886095451
63898.79505322434,168758.0,95205.0,5358.0,42.33330782849953
63898.805142191886,168770.0,95238.0,5366.0,42.343396796044544
63898.81523115944,168751.0,95214.0,5339.0,42.35348576359684
63898.82532012698,168770.0,95205.0,5354.0,42.36357473114185
63898.83540909453,168801.0,95230.0,5367.0,42.37366369868687
63898.84549806208,168831.0,95243.0,5394.0,42.38375266623916
63898.855587029626,168803.0,95221.0,5373.0,42.39384163378418
63898.86567599717,168807.0,95213.0,5373.0,42.40393060132919
63898.875764964716,168839.0,95252.0,5386.0,42.41401956887421
63898.88585393227,168806.0,95238.0,5394.0,42.4241085364265
63898.89594289981,168801.0,95246.0,5381.0,42.43419750397152
63898.90603186736,168817.0,95254.0,5405.0,42.444286471516534
63898.91612083491,168763.0,95230.0,5374.0,42.454375439068826
63898.926209802456,168702.0,95200.0,5357.0,42.46446440661384
63898.93629877,168681.0,95174.0,5328.0,42.47455337415886
63898.94638773755,168668.0,95206.0,5333.0,42.48464234171115
63898.9564767051,168616.0,95192.0,5304.0,42.49473130925617
63898.96656567264,168549.0,95157.0,5287.0,42.50482027680118
63898.976654640195,168550.0,95185.0,5278.0,42.514909244353476
63898.98674360774,168525.0,95153.0,5276.0,42.52499821189849
63898.996832575285,168475.0,95142.0,5231.0,42.53508717944351
63899.00692154284,168430.0,95116.0,5229.0,42.5451761469958
63899.01701051038,168417.0,95108.0,5213.0,42.555265114540816
63899.02709947793,168411.0,95111.0,5229.0,42.56535408208583
63899.03718844548,168411.0,95113.0,5200.0,42.575443049638125
63899.047277413025,168430.0,95116.0,5200.0,42.58553201718314
63899.05736638057,168432.0,95129.0,5210.0,42.59562098472816
63899.067455348115,168381.0,95095.0,5189.0,42.60570995227317
63899.07754431567,168437.0,95122.0,5204.0,42.615798919825465
63899.08763328321,168442.0,95125.0,5180.0,42.62588788737048
63899.09772225076,168406.0,95101.0,5184.0,42.6359768549155
63899.10781121831,168427.0,95126.0,5209.0,42.64606582246779
63899.117900185855,168447.0,95130.0,5211.0,42.656154790012806
63899.1279891534,168407.0,95098.0,5203.0,42.66624375755782
63899.13807812095,168414.0,95101.0,5186.0,42.676332725110115
63899.1481670885,168446.0,95109.0,5199.0,42.68642169265513
63899.15825605604,168443.0,95116.0,5196.0,42.69651066020015
63899.168345023594,168401.0,95075.0,5218.0,42.70659962775244
63899.17843399114,168417.0,95082.0,5214.0,42.716688595297455
63899.188522958684,168418.0,95102.0,5209.0,42.72677756284247
63899.19861192624,168419.0,95110.0,5201.0,42.736866530394764
63899.20870089378,168422.0,95092.0,5214.0,42.74695549793978
63899.21878986133,168400.0,95102.0,5212.0,42.757044465484796
63899.22887882887,168420.0,95128.0,5237.0,42.76713343302981
63899.238967796424,168384.0,95088.0,5194.0,42.777222400582104
63899.24905676397,168407.0,95101.0,5196.0,42.78731136812712
63899.259145731514,168358.0,95127.0,5191.0,42.79740033567214
63899.269234699066,168407.0,95137.0,5215.0,42.80748930322443
63899.27932366661,168391.0,95098.0,5178.0,42.817578270769445
63899.289412634156,168395.0,95096.0,5190.0,42.82766723831446
63899.29950160171,168366.0,95058.0,5209.0,42.837756205866754
63899.30959056925,168363.0,95072.0,5170.0,42.84784517341177
63899.3196795368,168404.0,95094.0,5215.0,42.857934140956786
63899.32976850435,168394.0,95104.0,5211.0,42.86802310850908
63899.339857471896,168441.0,95114.0,5237.0,42.878112076054094
63899.34994643944,168447.0,95095.0,5243.0,42.88820104359911
63899.36003540699,168447.0,95090.0,5215.0,42.8982900111514
63899.37012437454,168444.0,95115.0,5228.0,42.90837897869642
63899.38021334208,168484.0,95151.0,5242.0,42.918467946241435
63899.390302309635,168475.0,95124.0,5224.0,42.92855691379373
63899.40039127718,168467.0,95116.0,5218.0,42.93864588133874
63899.410480244725,168481.0,95130.0,5238.0,42.94873484888376
63899.42056921227,168500.0,95130.0,5226.0,42.958823816428776
63899.43065817982,168523.0,95150.0,5267.0,42.96891278398107
63899.44074714737,168505.0,95135.0,5258.0,42.979001751526084
63899.45083611491,168523.0,95130.0,5259.0,42.9890907190711
63899.460925082465,168505.0,95108.0,5279.0,42.99917968662339
63899.47101405001,168534.0,95147.0,5254.0,43.00926865416841
63899.481103017555,168529.0,95132.0,5269.0,43.019357621713425
63899.49119198511,168541.0,95141.0,5278.0,43.02944658926572
63899.50128095265,168516.0,95116.0,5284.0,43.03953555681073
63899.5113699202,168533.0,95125.0,5276.0,43.04962452435575
63899.52145888775,168564.0,95167.0,5308.0,43.05971349190804
63899.531547855295,168586.0,95155.0,5294.0,43.06980245945306
63899.54163682284,168598.0,95151.0,5309.0,43.079891426998074
63899.55172579039,168565.0,95150.0,5289.0,43.089980394550366
63899.56181475794,168590.0,95128.0,5291.0,43.10006936209538
63899.57190372548,168619.0,95175.0,5316.0,43.1101583296404
63899.58199269303,168621.0,95181.0,5305.0,43.120247297185415
63899.59208166058,168570.0,95166.0,5298.0,43.13033626473771
63899.602170628124,168634.0,95175.0,5330.0,43.14042523228272
63899.61225959567,168629.0,95169.0,5324.0,43.15051419982774
63899.62234856322,168623.0,95162.0,5321.0,43.16060316738003
63899.63243753077,168661.0,95159.0,5321.0,43.17069213492505
63899.64252649831,168663.0,95193.0,5318.0,43.180781102470064
63899.652615465864,168661.0,95185.0,5356.0,43.190870070022356
63899.66270443341,168664.0,95201.0,5346.0,43.20095903756737
63899.672793400954,168690.0,95202.0,5372.0,43.21104800511239
63899.68288236851,168666.0,95163.0,5342.0,43.22113697266468
63899.69297133605,168682.0,95191.0,5349.0,43.2312259402097
63899.7030603036,168711.0,95194.0,5349.0,43.24131490775471
63899.71314927115,168681.0,95188.0,5378.0,43.251403875307005
63899.723238238694,168679.0,95197.0,5362.0,43.26149284285202
63899.73332720624,168750.0,95197.0,5384.0,43.27158181039704
63899.74341617379,168754.0,95220.0,5366.0,43.28167077794933
63899.753505141336,168730.0,95214.0,5373.0,43.291759745494346
63899.76359410888,168760.0,95231.0,5411.0,43.30184871303936
63899.77368307643,168765.0,95194.0,5382.0,43.311937680591654
63899.78377204398,168754.0,95204.0,5384.0,43.32202664813667
63899.79386101152,168717.0,95175.0,5403.0,43.33211561568169
63899.80394997907,168689.0,95160.0,5387.0,43.3422045832267
63899.81403894662,168639.0,95206.0,5368.0,43.352293550778995
63899.824127914166,168614.0,95150.0,5330.0,43.36238251832401
63899.83421688171,168596.0,95167.0,5355.0,43.37247148586903
63899.84430584926,168546.0,95156.0,5311.0,43.38256045342132
63899.85439481681,168509.0,95119.0,5292.0,43.392649420966336
63899.86448378435,168450.0,95118.0,5264.0,43.40273838851135
63899.874572751905,168413.0,95096.0,5277.0,43.412827356063644
63899.88466171945,168404.0,95094.0,5247.0,43.42291632360866
63899.894750686995,168403.0,95074.0,5251.0,43.43300529115368
63899.90483965455,168362.0,95090.0,5212.0,43.44309425870597
63899.91492862209,168334.0,95069.0,5204.0,43.453183226250985
63899.92501758964,168348.0,95093.0,5237.0,43.463272193796
63899.93510655719,168333.0,95063.0,5203.0,43.47336116134829
63899.945195524735,168344.0,95094.0,5200.0,43.48345012889331
63899.95528449228,168359.0,95067.0,5193.0,43.493539096438326
63899.965373459825,168385.0,95091.0,5195.0,43.50362806398334
63899.97546242738,168333.0,95070.0,5188.0,43.513717031535634
63899.98555139492,168357.0,95070.0,5215.0,43.52380599908065
63899.99564036247,168343.0,95060.0,5207.0,43.53389496662567
63900.00572933002,168350.0,95059.0,5223.0,43.54398393417796
63900.015818297565,168394.0,95100.0,5224.0,43.554072901722975
63900.02590726511,168381.0,95082.0,5214.0,43.56416186926799
63900.03599623266,168407.0,95104.0,5239.0,43.57425083682028
63900.04608520021,168414.0,95098.0,5225.0,43.5843398043653
63900.05617416775,168397.0,95076.0,5213.0,43.594428771910316
63900.066263135304,168379.0,95082.0,5217.0,43.60451773946261
63900.07635210285,168358.0,95081.0,5219.0,43.614606707007624
63900.086441070394,168347.0,95072.0,5204.0,43.62469567455264
63900.09653003795,168391.0,95089.0,5239.0,43.63478464210493
63900.10661900549,168371.0,95066.0,5199.0,43.64487360964995
63900.11670797304,168346.0,95065.0,5205.0,43.654962577194965
63900.12679694059,168369.0,95049.0,5219.0,43.66505154474726
63900.136885908134,168348.0,95096.0,5219.0,43.67514051229227
63900.14697487568,168340.0,95073.0,5187.0,43.68522947983729
63900.157063843224,168322.0,95065.0,5205.0,43.695318447382306
63900.167152810776,168297.0,95041.0,5187.0,43.7054074149346
63900.17724177832,168329.0,95045.0,5200.0,43.715496382479614
63900.187330745866,168341.0,95062.0,5185.0,43.72558535002463
63900.19741971342,168336.0,95045.0,5201.0,43.73567431757692
63900.207508680964,168373.0,95063.0,5230.0,43.74576328512194
63900.21759764851,168360.0,95102.0,5226.0,43.755852252666955
63900.22768661606,168381.0,95063.0,5229.0,43.76594122021925
63900.237775583606,168385.0,95081.0,5175.0,43.77603018776426
63900.24786455115,168364.0,95062.0,5213.0,43.78611915530928
63900.2579535187,168375.0,95039.0,5208.0,43.79620812286157
63900.26804248625,168395.0,95086.0,5224.0,43.80629709040659
63900.27813145379,168429.0,95083.0,5228.0,43.816386057951604
63900.288220421346,168403.0,95074.0,5235.0,43.826475025503896
63900.29830938889,168471.0,95122.0,5256.0,43.83656399304891
63900.308398356436,168460.0,95084.0,5259.0,43.84665296059393
63900.31848732398,168469.0,95103.0,5253.0,43.856741928138945
63900.32857629153,168442.0,95093.0,5239.0,43.86683089569124
63900.33866525908,168508.0,95137.0,5278.0,43.87691986323625
63900.34875422662,168469.0,95093.0,5248.0,43.88700883078127
63900.358843194175,168490.0,95112.0,5271.0,43.89709779833356
63900.36893216172,168531.0,95070.0,5301.0,43.90718676587858
63900.379021129265,168495.0,95094.0,5281.0,43.917275733423594
63900.38911009682,168495.0,95102.0,5262.0,43.927364700975886
63900.39919906436,168525.0,95110.0,5286.0,43.9374536685209
63900.40928803191,168552.0,95134.0,5301.0,43.94754263606592
63900.41937699946,168522.0,95108.0,5273.0,43.95763160361821
63900.429465967005,168547.0,95140.0,5300.0,43.96772057116323
63900.43955493455,168556.0,95132.0,5298.0,43.97780953870824
63900.4496439021,168539.0,95115.0,5296.0,43.987898506260535
63900.45973286965,168556.0,95108.0,5296.0,43.99798747380555
63900.46982183719,168602.0,95161.0,5294.0,44.00807644135057
63900.479910804745,168573.0,95134.0,5312.0,44.01816540890286
63900.48999977229,168581.0,95121.0,5330.0,44.028254376447876
63900.500088739835,168595.0,95164.0,5358.0,44.03834334399289
63900.51017770738,168623.0,95149.0,5343.0,44.04843231153791
63900.52026667493,168601.0,95140.0,5332.0,44.0585212790902
63900.53035564248,168594.0,95125.0,5308.0,44.06861024663522
63900.54044461002,168636.0,95172.0,5362.0,44.07869921418023
63900.550533577574,168609.0,95149.0,5334.0,44.088788181732525
63900.56062254512,168652.0,95164.0,5341.0,44.09887714927754
63900.570711512664,168662.0,95151.0,5344.0,44.10896611682256
63900.58080048022,168665.0,95139.0,5363.0,44.11905508437485
63900.59088944776,168669.0,95172.0,5344.0,44.129144051919866
63900.60097841531,168694.0,95177.0,5358.0,44.13923301946488
63900.61106738286,168729.0,95203.0,5349.0,44.149321987017174
63900.621156350404,168705.0,95163.0,5401.0,44.15941095456219
63900.63124531795,168718.0,95188.0,5377.0,44.16949992210721
63900.6413342855,168745.0,95206.0,5396.0,44.1795888896595
63900.651423253046,168757.0,95181.0,5413.0,44.189677857204515
63900.66151222059,168699.0,95156.0,5389.0,44.19976682474953
63900.671601188136,168695.0,95145.0,5381.0,44.20985579229455
63900.68169015569,168673.0,95182.0,5377.0,44.21994475984684
63900.69177912323,168602.0,95159.0,5407.0,44.230033727391856
63900.70186809078,168573.0,95137.0,5367.0,44.24012269493687
63900.71195705833,168509.0,95151.0,5386.0,44.250211662489164
63900.722046025876,168470.0,95119.0,5314.0,44.26030063003418
63900.73213499342,168451.0,95102.0,5327.0,44.2703895975792
63900.74222396097,168444.0,95118.0,5288.0,44.28047856513149
63900.75231292852,168411.0,95113.0,5313.0,44.290567532676505
63900.76240189606,168367.0,95088.0,5266.0,44.30065650022152
63900.772490863616,168360.0,95117.0,5269.0,44.31074546777381
63900.78257983116,168361.0,95062.0,5259.0,44.32083443531883
63900.792668798706,168332.0,95077.0,5231.0,44.330923402863846
63900.80275776626,168361.0,95086.0,5229.0,44.34101237041614
63900.8128467338,168378.0,95084.0,5248.0,44.351101337961154
63900.82293570135,168367.0,95089.0,5272.0,44.36119030550617
63900.8330246689,168379.0,95083.0,5235.0,44.37127927305846
63900.843113636445,168401.0,95100.0,5257.0,44.38136824060348
63900.85320260399,168383.0,95095.0,5251.0,44.391457208148495
63900.863291571535,168388.0,95078.0,5215.0,44.40154617569351
63900.87338053909,168393.0,95087.0,5235.0,44.4116351432458
63900.88346950663,168393.0,95098.0,5237.0,44.42172411079082
63900.89355847418,168412.0,95091.0,5246.0,44.431813078335836
63900.90364744173,168367.0,95076.0,5206.0,44.44190204588813
63900.913736409275,168417.0,95104.0,5283.0,44.451991013433144
63900.92382537682,168389.0,95093.0,5229.0,44.46207998097816
63900.93391434437,168402.0,95093.0,5254.0,44.47216894853045
63900.94400331192,168403.0,95103.0,5210.0,44.48225791607547
63900.95409227946,168432.0,95115.0,5260.0,44.492346883620485
63900.964181247014,168369.0,95063.0,5235.0,44.50243585117278
63900.97427021456,168396.0,95093.0,5230.0,44.51252481871779
63900.984359182105,168400.0,95086.0,5250.0,44.52261378626281
63900.99444814966,168392.0,95075.0,5259.0,44.5327027538151
63901.0045371172,168367.0,95081.0,5214.0,44.54279172136012
63901.01462608475,168367.0,95071.0,5217.0,44.552880688905134
63901.0247150523,168351.0,95089.0,5234.0,44.562969656457426
63901.034804019844,168292.0,95064.0,5198.0,44.57305862400244
63901.04489298739,168350.0,95041.0,5228.0,44.58314759154746
63901.054981954934,168337.0,95057.0,5204.0,44.593236559092475
63901.06507092249,168383.0,95039.0,5222.0,44.60332552664477
63901.07515989003,168319.0,95061.0,5192.0,44.61341449418978
63901.08524885758,168332.0,95057.0,5182.0,44.6235034617348
63901.09533782513,168352.0,95056.0,5200.0,44.63359242928709
63901.105426792674,168319.0,95073.0,5208.0,44.64368139683211
63901.11551576022,168333.0,95063.0,5193.0,44.653770364377124
63901.12560472777,168385.0,95061.0,5236.0,44.663859331929416
63901.135693695316,168375.0,95062.0,5204.0,44.67394829947443
63901.14578266286,168361.0,95039.0,5200.0,44.68403726701945
63901.15587163041,168427.0,95053.0,5212.0,44.69412623457174
63901.16596059796,168381.0,95053.0,5202.0,44.70421520211676
63901.1760495655,168387.0,95054.0,5188.0,44.71430416966177
63901.186138533056,168401.0,95093.0,5225.0,44.724393137214065
63901.1962275006,168454.0,95101.0,5245.0,44.73448210475908
63901.206316468146,168412.0,95055.0,5230.0,44.7445710723041
63901.2164054357,168453.0,95090.0,5240.0,44.75466003985639
63901.22649440324,168453.0,95097.0,5234.0,44.764749007401406
63901.23658337079,168455.0,95079.0,5265.0,44.77483797494642
63901.24667233833,168521.0,95108.0,5263.0,44.78492694249144
63901.256761305885,168502.0,95086.0,5251.0,44.79501591004373
63901.26685027343,168547.0,95139.0,5290.0,44.80510487758875
63901.276939240975,168503.0,95109.0,5262.0,44.81519384513376
63901.28702820853,168541.0,95113.0,5291.0,44.825282812686055
63901.29711717607,168582.0,95118.0,5289.0,44.83537178023107
63901.30720614362,168562.0,95100.0,5306.0,44.84546074777609
63901.31729511117,168546.0,95082.0,5275.0,44.85554971532838
63901.327384078715,168575.0,95124.0,5297.0,44.865638682873396
63901.33747304626,168622.0,95128.0,5303.0,44.87572765041841
63901.34756201381,168614.0,95141.0,5328.0,44.885816617970704
63901.35765098136,168600.0,95146.0,5294.0,44.89590558551572
63901.3677399489,168605.0,95127.0,5311.0,44.90599455306074
63901.377828916455,168630.0,95109.0,5322.0,44.91608352061303
63901.387917884,168625.0,95081.0,5298.0,44.926172488158045
63901.398006851545,168633.0,95156.0,5326.0,44.93626145570306
63901.40809581909,168603.0,95124.0,5316.0,44.94635042324808
63901.41818478664,168530.0,95097.0,5305.0,44.95643939080037
63901.42827375419,168506.0,95089.0,5290.0,44.966528358345386
63901.43836272173,168435.0,95044.0,5275.0,44.9766173258904
63901.448451689284,168364.0,95044.0,5266.0,44.986706293442694
63901.45854065683,168257.0,94962.0,5244.0,44.99679526098771
63901.468629624374,168200.0,94951.0,5198.0,45.006884228532726
63901.47871859193,168055.0,94879.0,5196.0,45.01697319608502
63901.48880755947,167977.0,94875.0,5198.0,45.027062163630035
63901.49889652702,167948.0,94831.0,5211.0,45.03715113117505
63901.50898549457,167923.0,94842.0,5214.0,45.04724009872734
63901.519074462114,167840.0,94809.0,5150.0,45.05732906627236
63901.52916342966,167827.0,94803.0,5180.0,45.067418033817376
63901.53925239721,167829.0,94795.0,5159.0,45.07750700136967
63901.54934136476,167809.0,94787.0,5180.0,45.087595968914684
63901.5594303323,167813.0,94793.0,5179.0,45.0976849364597
63901.569519299854,167829.0,94802.0,5184.0,45.10777390401199
63901.5796082674,167863.0,94777.0,5180.0,45.11786287155701
63901.589697234944,167842.0,94818.0,5191.0,45.127951839102025
63901.59978620249,167843.0,94826.0,5204.0,45.13804080664704
63901.60987517004,167904.0,94817.0,5240.0,45.14812977419933
63901.619964137586,167875.0,94832.0,5219.0,45.15821874174435
63901.63005310513,167875.0,94794.0,5188.0,45.168307709289365
63901.64014207268,167897.0,94843.0,5218.0,45.17839667684166
63901.65023104023,167903.0,94834.0,5210.0,45.188485644386674
63901.66032000777,167938.0,94837.0,5215.0,45.19857461193169
63901.670408975326,167958.0,94840.0,5205.0,45.20866357948398
63901.68049794287,167925.0,94823.0,5217.0,45.218752547029
63901.690586910416,167980.0,94863.0,5224.0,45.228841514574015
63901.70067587797,167987.0,94874.0,5225.0,45.23893048212631
63901.71076484551,168001.0,94892.0,5219.0,45.24901944967132
63901.72085381306,168019.0,94896.0,5236.0,45.25910841721634
63901.73094278061,168005.0,94894.0,5190.0,45.26919738476863
63901.741031748155,168000.0,94911.0,5219.0,45.27928635231365
63901.7511207157,168012.0,94903.0,5211.0,45.289375319858664
63901.761209683245,168006.0,94865.0,5171.0,45.29946428740368
63901.7712986508,168001.0,94921.0,5213.0,45.30955325495597
63901.78138761834,168048.0,94906.0,5203.0,45.31964222250099
63901.79147658589,168054.0,94892.0,5174.0,45.329731190046004
63901.80156555344,168068.0,94932.0,5208.0,45.3398201575983
63901.811654520985,168077.0,94920.0,5234.0,45.34990912514331
63901.82174348853,168073.0,94930.0,5201.0,45.35999809268833
63901.83183245608,168047.0,94928.0,5190.0,45.37008706024062
63901.84192142363,168054.0,94925.0,5211.0,45.38017602778564
63901.85201039117,168104.0,94927.0,5235.0,45.390264995330654
63901.862099358725,168105.0,94933.0,5218.0,45.400353962882946
63901.87218832627,168086.0,94904.0,5224.0,45.41044293042796
63901.882277293815,168119.0,94919.0,5234.0,45.42053189797298
63901.89236626137,168087.0,94911.0,5227.0,45.43062086552527
63901.90245522891,168156.0,94947.0,5237.0,45.44070983307029
63901.91254419646,168163.0,94973.0,5252.0,45.4507988006153
63901.92263316401,168200.0,94966.0,5264.0,45.460887768167595
63901.932722131554,168151.0,94929.0,5257.0,45.47097673571261
63901.9428110991,168189.0,94966.0,5259.0,45.48106570325763
63901.952900066644,168206.0,94984.0,5257.0,45.49115467080264
63901.9629890342,168187.0,94942.0,5276.0,45.501243638354936
63901.97307800174,168200.0,94961.0,5246.0,45.51133260589995
63901.98316696929,168214.0,94965.0,5281.0,45.52142157344497
63901.99325593684,168250.0,94972.0,5308.0,45.53151054099726
63902.003344904384,168233.0,94955.0,5240.0,45.54159950854228
63902.01343387193,168267.0,94986.0,5296.0,45.55168847608729
63902.02352283948,168242.0,94966.0,5289.0,45.561777443639585
63902.033611807026,168239.0,95005.0,5283.0,45.5718664111846
63902.04370077457,168260.0,94962.0,5258.0,45.58195537872962
63902.05378974212,168298.0,94974.0,5314.0,45.59204434628191
63902.06387870967,168276.0,94979.0,5290.0,45.602133313826926
63902.073967677214,168281.0,94981.0,5299.0,45.61222228137194
63902.084056644766,168280.0,94960.0,5285.0,45.622311248924234
63902.09414561231,168277.0,94969.0,5315.0,45.63240021646925
63902.104234579856,168303.0,94985.0,5291.0,45.642489184014266
63902.1143235474,168302.0,95014.0,5314.0,45.65257815155928
63902.12441251495,168344.0,95015.0,5344.0,45.662667119111575
63902.1345014825,168328.0,94982.0,5329.0,45.67275608665659
63902.14459045004,168289.0,94982.0,5291.0,45.68284505420161
63902.154679417596,168322.0,94960.0,5320.0,45.6929340217539
63902.16476838514,168375.0,95016.0,5345.0,45.703022989298915
63902.174857352686,168337.0,94972.0,5312.0,45.71311195684393
63902.18494632024,168352.0,94982.0,5349.0,45.723200924396224
63902.19503528778,168312.0,95010.0,5325.0,45.73328989194124
63902.20512425533,168291.0,94971.0,5315.0,45.743378859486256
63902.21521322288,168264.0,94974.0,5315.0,45.75346782703855
63902.225302190425,168217.0,94980.0,5281.0,45.763556794583565
63902.23539115797,168126.0,94945.0,5249.0,45.77364576212858
63902.24548012552,168094.0,94936.0,5279.0,45.78373472968087
63902.25556909307,168058.0,94915.0,5218.0,45.79382369722589
63902.26565806061,168018.0,94887.0,5208.0,45.803912664770905
63902.275747028165,167956.0,94881.0,5158.0,45.8140016323232
63902.28583599571,167938.0,94867.0,5136.0,45.824090599868214
63902.295924963255,167920.0,94877.0,5163.0,45.83417956741323
63902.30601393081,167893.0,94899.0,5113.0,45.84426853496552
63902.31610289835,167920.0,94881.0,5138.0,45.85435750251054
63902.3261918659,167897.0,94848.0,5125.0,45.864446470055555
63902.33628083344,167934.0,94878.0,5142.0,45.87453543760057
63902.346369800995,167876.0,94851.0,5104.0,45.88462440515286
63902.35645876854,167924.0,94876.0,5132.0,45.89471337269788
63902.366547736085,167935.0,94890.0,5111.0,45.904802340242895
63902.37663670364,167908.0,94857.0,5166.0,45.91489130779519
63902.38672567118,167923.0,94857.0,5121.0,45.924980275340204
63902.39681463873,167917.0,94864.0,5141.0,45.93506924288522
63902.40690360628,167919.0,94871.0,5086.0,45.94515821043751
63902.416992573824,167915.0,94856.0,5155.0,45.95524717798253
63902.42708154137,167934.0,94877.0,5119.0,45.965336145527544
63902.43717050892,167936.0,94867.0,5142.0,45.97542511307984
63902.44725947647,167906.0,94848.0,5167.0,45.98551408062485
63902.45734844401,167919.0,94899.0,5142.0,45.99560304816987
63902.467437411564,167905.0,94847.0,5119.0,46.00569201572216
63902.47752637911,167912.0,94864.0,5136.0,46.01578098326718
63902.487615346654,167901.0,94865.0,5151.0,46.025869950812194
63902.4977043142,167928.0,94890.0,5156.0,46.03595891835721
63902.50779328175,167912.0,94862.0,5147.0,46.0460478859095
63902.517882249296,167878.0,94851.0,5131.0,46.05613685345452
63902.52797121684,167884.0,94846.0,5122.0,46.066225820999534
63902.53806018439,167876.0,94871.0,5132.0,46.07631478855183
63902.54814915194,167869.0,94847.0,5140.0,46.08640375609684
63902.55823811948,167854.0,94854.0,5122.0,46.09649272364186
63902.568327087036,167839.0,94851.0,5116.0,46.10658169119415
63902.57841605458,167848.0,94838.0,5113.0,46.11667065873917
63902.588505022126,167850.0,94846.0,5110.0,46.12675962628418
63902.59859398968,167850.0,94858.0,5117.0,46.136848593836476
63902.60868295722,167868.0,94889.0,5107.0,46.14693756138149
63902.61877192477,167872.0,94826.0,5118.0,46.15702652892651
63902.62886089232,167899.0,94835.0,5149.0,46.1671154964788
63902.638949859866,167888.0,94866.0,5135.0,46.177204464023816
63902.64903882741,167898.0,94851.0,5134.0,46.18729343156883
63902.65912779496,167935.0,94874.0,5165.0,46.197382399121125
63902.66921676251,167917.0,94860.0,5127.0,46.20747136666614
63902.67930573005,167956.0,94878.0,5199.0,46.21756033421116
63902.6893946976,167925.0,94897.0,5150.0,46.22764930175617
63902.69948366515,167968.0,94886.0,5141.0,46.237738269308466
63902.709572632695,167945.0,94851.0,5155.0,46.24782723685348
63902.71966160024,167952.0,94872.0,5153.0,46.2579162043985
63902.72975056779,167981.0,94890.0,5179.0,46.26800517195079
63902.73983953534,167966.0,94897.0,5193.0,46.278094139495806
63902.74992850288,167998.0,94879.0,5174.0,46.28818310704082
63902.760017470435,167998.0,94876.0,5190.0,46.298272074593115
63902.77010643798,168009.0,94901.0,5195.0,46.30836104213813
63902.780195405525,168010.0,94878.0,5191.0,46.31845000968315
63902.79028437308,167987.0,94881.0,5181.0,46.32853897723544
63902.80037334062,168020.0,94925.0,5214.0,46.338627944780455
63902.81046230817,168046.0,94906.0,5234.0,46.34871691232547
63902.82055127572,168072.0,94890.0,5230.0,46.358805879877764
63902.830640243264,168021.0,94900.0,5191.0,46.36889484742278
63902.84072921081,168042.0,94888.0,5200.0,46.378983814967796
63902.850818178355,168063.0,94914.0,5224.0,46.38907278251281
63902.86090714591,168071.0,94929.0,5216.0,46.399161750065105
63902.87099611345,168075.0,94921.0,5227.0,46.40925071761012
63902.881085081,168092.0,94931.0,5227.0,46.41933968515514
63902.89117404855,168099.0,94922.0,5241.0,46.42942865270743
63902.901263016094,168128.0,94949.0,5240.0,46.439517620252445
63902.91135198364,168138.0,94959.0,5255.0,46.44960658779746
63902.92144095119,168077.0,94923.0,5256.0,46.459695555349754
63902.93152991874,168121.0,94933.0,5252.0,46.46978452289477
63902.94161888628,168106.0,94940.0,5289.0,46.479873490439786
63902.951707853834,168104.0,94928.0,5241.0,46.48996245799208
63902.96179682138,168060.0,94889.0,5248.0,46.500051425537094
63902.971885788924,168048.0,94905.0,5241.0,46.51014039308211
63902.981974756476,168013.0,94892.0,5207.0,46.5202293606344
63902.99206372402,167959.0,94901.0,5191.0,46.53031832817942
63903.002152691566,167864.0,94884.0,5173.0,46.540407295724435
63903.01224165912,167868.0,94864.0,5153.0,46.55049626327673
63903.02233062666,167814.0,94838.0,5136.0,46.560585230821744
63903.03241959421,167752.0,94839.0,5102.0,46.57067419836676
63903.04250856175,167728.0,94835.0,5093.0,46.580763165911776
63903.052597529306,167714.0,94834.0,5088.0,46.59085213346407
63903.06268649685,167683.0,94818.0,5033.0,46.600941101009084
63903.072775464396,167712.0,94855.0,5096.0,46.6110300685541
63903.08286443195,167640.0,94804.0,5034.0,46.62111903610639
63903.09295339949,167666.0,94802.0,5058.0,46.63120800365141
63903.10304236704,167633.0,94804.0,5046.0,46.641296971196425
63903.11313133459,167660.0,94809.0,5042.0,46.65138593874872
63903.123220302135,167614.0,94770.0,5028.0,46.66147490629373
63903.13330926968,167631.0,94788.0,5056.0,46.67156387383875
63903.14339823723,167618.0,94796.0,5048.0,46.68165284139104
63903.15348720478,167587.0,94774.0,5048.0,46.69174180893606
63903.16357617232,167588.0,94772.0,5031.0,46.701830776481074
63903.173665139875,167601.0,94782.0,5047.0,46.711919744033366
63903.18375410742,167602.0,94784.0,5037.0,46.72200871157838
63903.193843074965,167581.0,94773.0,5002.0,46.7320976791234
63903.20393204251,167592.0,94789.0,5056.0,46.742186646668415
63903.21402101006,167603.0,94777.0,5045.0,46.75227561422071
63903.22410997761,167579.0,94791.0,5031.0,46.76236458176572
63903.23419894515,167589.0,94774.0,5019.0,46.77245354931074
63903.244287912705,167556.0,94773.0,5042.0,46.78254251686303
63903.25437688025,167570.0,94773.0,5014.0,46.79263148440805
63903.264465847795,167578.0,94780.0,5031.0,46.802720451953064
63903.27455481535,167562.0,94766.0,5048.0,46.812809419505356
63903.28464378289,167527.0,94752.0,5023.0,46.82289838705037
63903.29473275044,167520.0,94784.0,5029.0,46.83298735459539
63903.30482171799,167557.0,94776.0,5025.0,46.84307632214768
63903.314910685534,167523.0,94754.0,5021.0,46.8531652896927
63903.32499965308,167523.0,94764.0,5014.0,46.86325425723771
63903.33508862063,167561.0,94785.0,5040.0,46.873343224790005
63903.34517758818,167475.0,94742.0,5012.0,46.88343219233502
63903.35526655572,167490.0,94771.0,5023.0,46.89352115988004
63903.365355523274,167536.0,94767.0,5041.0,46.90361012743233
63903.37544449082,167554.0,94780.0,5051.0,46.913699094977346
63903.385533458364,167552.0,94784.0,5029.0,46.92378806252236
63903.39562242591,167509.0,94772.0,5051.0,46.93387703006738
63903.40571139346,167542.0,94765.0,5056.0,46.94396599761967
63903.41580036101,167554.0,94781.0,5045.0,46.95405496516469
63903.42588932855,167552.0,94780.0,5050.0,46.9641439327097
63903.435978296104,167542.0,94750.0,5038.0,46.974232900261995
63903.44606726365,167543.0,94794.0,5071.0,46.98432186780701
63903.456156231194,167540.0,94770.0,5039.0,46.99441083535203
63903.466245198746,167550.0,94762.0,5064.0,47.00449980290432
63903.47633416629,167507.0,94719.0,5088.0,47.014588770449336
63903.486423133836,167504.0,94723.0,5080.0,47.02467773799435
63903.49651210139,167500.0,94757.0,5091.0,47.034766705546645
63903.50660106893,167497.0,94735.0,5080.0,47.04485567309166
63903.51669003648,167474.0,94704.0,5075.0,47.05494464063668
63903.52677900403,167441.0,94685.0,5093.0,47.06503360818897
63903.536867971576,167476.0,94718.0,5132.0,47.075122575733985
63903.54695693912,167440.0,94706.0,5122.0,47.085211543279
63903.55704590667,167401.0,94695.0,5130.0,47.095300510831294
63903.56713487422,167399.0,94693.0,5118.0,47.10538947837631
63903.57722384176,167444.0,94691.0,5158.0,47.115478445921326
63903.58731280931,167414.0,94672.0,5142.0,47.12556741346634
63903.59740177686,167375.0,94644.0,5132.0,47.135656381018634
63903.607490744405,167401.0,94662.0,5164.0,47.14574534856365
63903.61757971195,167363.0,94661.0,5160.0,47.15583431610867
63903.6276686795,167320.0,94626.0,5148.0,47.16592328366096
63903.63775764705,167284.0,94619.0,5174.0,47.176012251205975
63903.64784661459,167296.0,94633.0,5183.0,47.18610121875099
63903.657935582145,167218.0,94584.0,5163.0,47.196190186303284
63903.66802454969,167224.0,94593.0,5183.0,47.2062791538483
63903.678113517235,167179.0,94552.0,5179.0,47.216368121393316
63903.68820248479,167155.0,94579.0,5193.0,47.22645708894561
63903.69829145233,167101.0,94575.0,5177.0,47.236546056490624
63903.70838041988,167138.0,94580.0,5195.0,47.24663502403564
63903.71846938743,167094.0,94579.0,5187.0,47.25672399158793
63903.728558354975,167052.0,94530.0,5207.0,47.26681295913295
63903.73864732252,167058.0,94548.0,5193.0,47.276901926677965
63903.74873629007,167032.0,94558.0,5208.0,47.28699089423026
63903.75882525762,167004.0,94566.0,5189.0,47.29707986177527
63903.76891422516,166936.0,94532.0,5184.0,47.30716882932029
63903.77900319271,166914.0,94551.0,5198.0,47.317257796865306
63903.78909216026,166851.0,94490.0,5171.0,47.3273467644176
63903.799181127804,166766.0,94501.0,5136.0,47.337435731962614
63903.80927009535,166700.0,94456.0,5106.0,47.34752469950763
63903.8193590629,166614.0,94447.0,5088.0,47.35761366705992
63903.82944803045,166567.0,94442.0,5038.0,47.36770263460494
63903.83953699799,166553.0,94438.0,5047.0,47.377791602149955
63903.849625965544,166565.0,94439.0,5041.0,47.38788056970225
63903.85971493309,166513.0,94394.0,5005.0,47.39796953724726
63903.869803900634,166531.0,94401.0,4988.0,47.40805850479228
63903.879892868186,166545.0,94445.0,4980.0,47.41814747234457
63903.88998183573,166567.0,94461.0,4991.0,47.42823643988959
63903.900070803276,166562.0,94432.0,4956.0,47.438325407434604
63903.91015977083,166607.0,94478.0,4975.0,47.448414374986896
63903.92024873837,166613.0,94466.0,4961.0,47.45850334253191
63903.93033770592,166623.0,94444.0,4954.0,47.46859231007693
63903.940426673464,166666.0,94501.0,4984.0,47.478681277621945
63903.950515641016,166685.0,94514.0,4952.0,47.48877024517424
63903.96060460856,166683.0,94502.0,4965.0,47.49885921271925
63903.970693576106,166686.0,94483.0,4971.0,47.50894818026427
63903.98078254366,166732.0,94543.0,4969.0,47.51903714781656
63903.9908715112,166755.0,94509.0,4978.0,47.52912611536158
63904.00096047875,166765.0,94529.0,4957.0,47.539215082906594
63904.0110494463,166801.0,94526.0,4929.0,47.549304050458886
63904.021138413846,166809.0,94546.0,4980.0,47.5593930180039
63904.03122738139,166824.0,94548.0,4940.0,47.56948198554892
63904.04131634894,166866.0,94572.0,4969.0,47.57957095310121
63904.05140531649,166896.0,94571.0,4980.0,47.58965992064623
63904.06149428403,166922.0,94568.0,4990.0,47.59974888819124
63904.071583251585,166871.0,94571.0,4950.0,47.609837855743535
63904.08167221913,166907.0,94589.0,4984.0,47.61992682328855
63904.091761186675,166938.0,94600.0,4968.0,47.63001579083357
63904.10185015423,166888.0,94583.0,4981.0,47.64010475838586
63904.11193912177,166952.0,94592.0,4967.0,47.650193725930876
63904.12202808932,166959.0,94600.0,4985.0,47.66028269347589
63904.13211705686,166960.0,94589.0,4993.0,47.67037166102091
63904.142206024415,166964.0,94588.0,4986.0,47.6804606285732
63904.15229499196,166981.0,94625.0,4986.0,47.69054959611822
63904.162383959505,166976.0,94607.0,5012.0,47.70063856366323
63904.17247292706,166989.0,94631.0,5016.0,47.710727531215525
63904.1825618946,167020.0,94622.0,5003.0,47.72081649876054
63904.19265086215,167061.0,94668.0,5038.0,47.73090546630556
63904.2027398297,167026.0,94640.0,4996.0,47.74099443385785
63904.212828797245,167083.0,94633.0,5027.0,47.751083401402866
63904.22291776479,167114.0,94680.0,5015.0,47.76117236894788
63904.23300673234,167151.0,94678.0,5032.0,47.771261336500174
63904.24309569989,167150.0,94694.0,5045.0,47.78135030404519
63904.25318466743,167194.0,94699.0,5058.0,47.79143927159021
63904.263273634984,167233.0,94733.0,5062.0,47.8015282391425
63904.27336260253,167257.0,94723.0,5058.0,47.811617206687515
63904.283451570074,167286.0,94710.0,5040.0,47.82170617423253
63904.29354053762,167295.0,94733.0,5094.0,47.83179514177755
63904.30362950517,167298.0,94752.0,5100.0,47.84188410932984
63904.31371847272,167323.0,94727.0,5075.0,47.851973076874856
63904.32380744026,167388.0,94802.0,5124.0,47.86206204441987
63904.333896407814,167374.0,94778.0,5091.0,47.872151011972164
63904.34398537536,167391.0,94775.0,5107.0,47.88223997951718
63904.354074342904,167444.0,94814.0,5089.0,47.8923289470622
63904.364163310456,167458.0,94808.0,5122.0,47.90241791461449
63904.374252278,167452.0,94809.0,5097.0,47.912506882159505
63904.384341245546,167441.0,94783.0,5095.0,47.92259584970452
63904.3944302131,167446.0,94833.0,5115.0,47.93268481725681
63904.40451918064,167506.0,94815.0,5123.0,47.94277378480183
63904.41460814819,167568.0,94854.0,5174.0,47.952862752346846
63904.42469711574,167592.0,94828.0,5158.0,47.96295171989914
63904.434786083286,167628.0,94868.0,5177.0,47.973040687444154
63904.44487505083,167653.0,94872.0,5160.0,47.98312965498917
63904.45496401838,167674.0,94823.0,5201.0,47.99321862254146
63904.46505298593,167673.0,94874.0,5158.0,48.00330759008648
63904.47514195347,167698.0,94892.0,5191.0,48.013396557631495
63904.48523092102,167695.0,94881.0,5182.0,48.02348552517651
63904.49531988857,167675.0,94896.0,5188.0,48.0335744927288
63904.505408856116,167688.0,94892.0,5172.0,48.04366346027382
63904.51549782366,167727.0,94898.0,5214.0,48.053752427818836
63904.52558679121,167708.0,94900.0,5182.0,48.06384139537113
63904.53567575876,167658.0,94871.0,5162.0,48.073930362916144
63904.5457647263,167668.0,94894.0,5170.0,48.08401933046116
63904.555853693855,167589.0,94875.0,5111.0,48.09410829801345
63904.5659426614,167580.0,94874.0,5096.0,48.10419726555847
63904.576031628945,167496.0,94868.0,5080.0,48.114286233103485
63904.5861205965,167479.0,94853.0,5075.0,48.12437520065578
63904.59620956404,167417.0,94819.0,5003.0,48.13446416820079
63904.60629853159,167408.0,94807.0,4983.0,48.14455313574581
63904.61638749914,167360.0,94813.0,4963.0,48.1546421032981
63904.626476466685,167354.0,94832.0,4951.0,48.16473107084312
63904.63656543423,167289.0,94788.0,4903.0,48.174820038388134
63904.646654401775,167304.0,94795.0,4918.0,48.18490900593315
63904.65674336933,167261.0,94806.0,4892.0,48.19499797348544
63904.66683233687,167231.0,94787.0,4874.0,48.20508694103046
63904.67692130442,167227.0,94736.0,4857.0,48.215175908575475
63904.68701027197,167259.0,94808.0,4849.0,48.22526487612777
63904.697099239515,167239.0,94766.0,4865.0,48.23535384367278
63904.70718820706,167196.0,94771.0,4842.0,48.2454428112178
63904.71727717461,167223.0,94770.0,4831.0,48.25553177877009
63904.72736614216,167260.0,94812.0,4878.0,48.26562074631511
63904.7374551097,167233.0,94748.0,4836.0,48.275709713860124
63904.747544077254,167211.0,94743.0,4806.0,48.285798681412416
63904.7576330448,167258.0,94772.0,4811.0,48.29588764895743
63904.767722012344,167236.0,94789.0,4828.0,48.30597661650245
63904.7778109799,167256.0,94765.0,4823.0,48.31606558405474
63904.78789994744,167272.0,94768.0,4851.0,48.32615455159976
63904.79798891499,167219.0,94736.0,4804.0,48.33624351914477
63904.80807788254,167219.0,94730.0,4814.0,48.346332486697065
63904.818166850084,167229.0,94752.0,4828.0,48.35642145424208
63904.82825581763,167223.0,94772.0,4829.0,48.3665104217871
63904.83834478518,167166.0,94718.0,4808.0,48.37659938933939
63904.848433752726,167157.0,94732.0,4805.0,48.386688356884406
63904.85852272027,167127.0,94723.0,4827.0,48.39677732442942
63904.868611687816,167100.0,94699.0,4808.0,48.40686629197444
63904.87870065537,167099.0,94686.0,4814.0,48.41695525952673
63904.88878962291,167101.0,94724.0,4782.0,48.42704422707175
63904.89887859046,167081.0,94701.0,4794.0,48.43713319461676
63904.90896755801,167037.0,94710.0,4790.0,48.447222162169055
63904.919056525556,167076.0,94708.0,4785.0,48.45731112971407
63904.9291454931,167105.0,94708.0,4818.0,48.46740009725909
63904.93923446065,167081.0,94706.0,4791.0,48.47748906481138
63904.9493234282,167060.0,94693.0,4781.0,48.487578032356396
63904.95941239574,167111.0,94725.0,4788.0,48.49766699990141
63904.969501363295,167092.0,94724.0,4811.0,48.507755967453704
63904.97959033084,167114.0,94731.0,4818.0,48.51784493499872
63904.989679298385,167143.0,94758.0,4812.0,48.52793390254374
63904.99976826594,167102.0,94706.0,4815.0,48.53802287009603
63905.00985723348,167124.0,94704.0,4803.0,48.548111837641045
63905.01994620103,167147.0,94738.0,4825.0,48.55820080518606
63905.03003516857,167172.0,94750.0,4806.0,48.56828977273108
63905.040124136125,167157.0,94734.0,4843.0,48.57837874028337
63905.05021310367,167179.0,94731.0,4830.0,48.588467707828386
63905.060302071215,167202.0,94766.0,4846.0,48.5985566753734
63905.07039103877,167234.0,94789.0,4841.0,48.608645642925694
63905.08048000631,167200.0,94744.0,4830.0,48.61873461047071
63905.09056897386,167252.0,94793.0,4843.0,48.62882357801573
63905.10065794141,167247.0,94776.0,4844.0,48.63891254556802
63905.110746908955,167247.0,94749.0,4874.0,48.649001513113035
63905.1208358765,167247.0,94753.0,4863.0,48.65909048065805
63905.13092484405,167280.0,94807.0,4901.0,48.66917944821034
63905.1410138116,167263.0,94761.0,4885.0,48.67926841575536
63905.15110277914,167283.0,94764.0,4884.0,48.689357383300376
63905.161191746694,167306.0,94777.0,4855.0,48.69944635085267
63905.17128071424,167336.0,94802.0,4911.0,48.709535318397684
63905.181369681784,167315.0,94796.0,4888.0,48.7196242859427
63905.19145864934,167328.0,94804.0,4897.0,48.72971325349499
63905.20154761688,167312.0,94763.0,4895.0,48.73980222104001
63905.21163658443,167317.0,94793.0,4882.0,48.749891188585025
63905.22172555197,167345.0,94806.0,4893.0,48.75998015613004
63905.231814519524,167357.0,94808.0,4914.0,48.77006912368233
63905.24190348707,167364.0,94832.0,4934.0,48.78015809122735
63905.251992454614,167364.0,94792.0,4911.0,48.790247058772366
63905.26208142217,167382.0,94820.0,4931.0,48.80033602632466
63905.27217038971,167389.0,94808.0,4926.0,48.810424993869674
63905.28225935726,167417.0,94808.0,4966.0,48.82051396141469
63905.29234832481,167440.0,94830.0,4894.0,48.83060292896698
63905.302437292354,167420.0,94819.0,4966.0,48.840691896512
63905.3125262599,167435.0,94831.0,4942.0,48.850780864057015
63905.32261522745,167424.0,94841.0,4944.0,48.86086983160931
63905.332704194996,167433.0,94830.0,4966.0,48.87095879915432
63905.34279316254,167504.0,94842.0,4991.0,48.88104776669934
63905.35288213009,167493.0,94847.0,4973.0,48.89113673425163
63905.36297109764,167500.0,94842.0,4966.0,48.90122570179665
63905.37306006518,167552.0,94861.0,5004.0,48.911314669341664
63905.38314903273,167560.0,94863.0,5010.0,48.92140363688668
63905.39323800028,167524.0,94854.0,4980.0,48.93149260443897
63905.403326967826,167541.0,94867.0,5009.0,48.94158157198399
63905.41341593537,167530.0,94848.0,4987.0,48.951670539529005
63905.42350490292,167561.0,94859.0,4971.0,48.9617595070813
63905.43359387047,167546.0,94841.0,5006.0,48.97184847462631
63905.44368283801,167492.0,94851.0,4992.0,48.98193744217133
63905.453771805565,167486.0,94868.0,4954.0,48.99202640972362
63905.46386077311,167385.0,94824.0,4948.0,49.00211537726864
63905.473949740655,167378.0,94822.0,4923.0,49.012204344813654
63905.48403870821,167321.0,94793.0,4941.0,49.022293312365946
63905.49412767575,167263.0,94787.0,4877.0,49.03238227991096
63905.5042166433,167217.0,94767.0,4890.0,49.04247124745598
63905.51430561085,167200.0,94765.0,4850.0,49.05256021500827
63905.524394578395,167099.0,94744.0,4799.0,49.06264918255329
63905.53448354594,167093.0,94746.0,4798.0,49.0727381500983
63905.54457251349,167148.0,94758.0,4817.0,49.082827117650595
63905.55466148104,167114.0,94738.0,4793.0,49.09291608519561
63905.56475044858,167086.0,94715.0,4792.0,49.10300505274063
63905.57483941613,167078.0,94722.0,4776.0,49.113094020285644
63905.58492838368,167083.0,94712.0,4774.0,49.123182987837936
63905.595017351225,167104.0,94728.0,4769.0,49.13327195538295
63905.60510631877,167067.0,94728.0,4810.0,49.14336092292797
63905.61519528632,167118.0,94768.0,4814.0,49.15344989048026
63905.62528425387,167091.0,94701.0,4807.0,49.16353885802528
63905.63537322141,167064.0,94735.0,4773.0,49.17362782557029
63905.645462188964,167098.0,94735.0,4795.0,49.183716793122585
63905.65555115651,167117.0,94736.0,4830.0,49.1938057606676
63905.665640124054,167038.0,94731.0,4761.0,49.20389472821262
63905.67572909161,167067.0,94705.0,4777.0,49.21398369576491
63905.68581805915,167080.0,94727.0,4806.0,49.224072663309926
63905.6959070267,167079.0,94724.0,4793.0,49.23416163085494
63905.70599599425,167071.0,94753.0,4825.0,49.244250598407234
63905.716084961794,167110.0,94739.0,4825.0,49.25433956595225
63905.72617392934,167075.0,94726.0,4798.0,49.26442853349727
63905.736262896884,167065.0,94712.0,4801.0,49.27451750104228
63905.746351864436,167049.0,94711.0,4775.0,49.284606468594575
63905.75644083198,167041.0,94736.0,4799.0,49.29469543613959
63905.766529799526,167053.0,94715.0,4792.0,49.30478440368461
63905.77661876708,167042.0,94723.0,4783.0,49.3148733712369
63905.78670773462,167037.0,94705.0,4789.0,49.324962338781916
63905.79679670217,166992.0,94704.0,4766.0,49.33505130632693
63905.80688566972,167054.0,94717.0,4785.0,49.345140273879224
63905.816974637266,167064.0,94728.0,4779.0,49.35522924142424
63905.82706360481,167044.0,94741.0,4802.0,49.365318208969256
63905.83715257236,167037.0,94732.0,4793.0,49.37540717652155
63905.84724153991,167055.0,94722.0,4801.0,49.385496144066565
63905.85733050745,167081.0,94733.0,4768.0,49.39558511161158
63905.867419475006,167100.0,94739.0,4831.0,49.40567407916387
63905.87750844255,167056.0,94707.0,4811.0,49.41576304670889
63905.887597410096,167103.0,94743.0,4804.0,49.425852014253906
63905.89768637765,167095.0,94722.0,4819.0,49.4359409818062
63905.90777534519,167099.0,94732.0,4790.0,49.446029949351214
63905.91786431274,167119.0,94768.0,4833.0,49.45611891689623
63905.92795328028,167157.0,94734.0,4847.0,49.466207884441246
63905.938042247835,167166.0,94743.0,4845.0,49.47629685199354
63905.94813121538,167171.0,94763.0,4842.0,49.486385819538555
63905.958220182925,167191.0,94751.0,4844.0,49.49647478708357
63905.96830915048,167205.0,94765.0,4859.0,49.50656375463586
63905.97839811802,167187.0,94737.0,4861.0,49.51665272218088
63905.98848708557,167254.0,94796.0,4895.0,49.526741689725895
63905.99857605312,167208.0,94760.0,4862.0,49.53683065727819
63906.008665020665,167243.0,94791.0,4874.0,49.546919624823204
63906.01875398821,167283.0,94780.0,4907.0,49.55700859236822
63906.02884295576,167241.0,94814.0,4884.0,49.56709755992051
63906.03893192331,167248.0,94771.0,4876.0,49.57718652746553
63906.04902089085,167275.0,94798.0,4895.0,49.587275495010545
63906.059109858405,167292.0,94796.0,4898.0,49.59736446256284
63906.06919882595,167296.0,94802.0,4919.0,49.60745343010785
63906.079287793495,167281.0,94782.0,4911.0,49.61754239765287
63906.08937676104,167309.0,94808.0,4909.0,49.627631365197885
63906.09946572859,167331.0,94808.0,4927.0,49.63772033275018
63906.10955469614,167322.0,94820.0,4942.0,49.647809300295194
63906.11964366368,167357.0,94832.0,4933.0,49.65789826784021
63906.129732631234,167342.0,94819.0,4931.0,49.6679872353925
63906.13982159878,167347.0,94796.0,4922.0,49.67807620293752
63906.149910566324,167369.0,94843.0,4945.0,49.688165170482534
63906.15999953388,167376.0,94791.0,4920.0,49.69825413803483
63906.17008850142,167412.0,94829.0,4943.0,49.70834310557984
63906.18017746897,167410.0,94845.0,4939.0,49.71843207312486
63906.19026643652,167410.0,94880.0,4966.0,49.72852104067715
63906.200355404064,167413.0,94825.0,4975.0,49.73861000822217
63906.21044437161,167394.0,94810.0,4956.0,49.748698975767184
63906.22053333916,167436.0,94843.0,4963.0,49.758787943319476
63906.230622306706,167433.0,94839.0,4968.0,49.76887691086449
63906.24071127425,167496.0,94852.0,4991.0,49.77896587840951
63906.2508002418,167488.0,94839.0,5012.0,49.7890548459618
63906.26088920935,167505.0,94851.0,4982.0,49.79914381350682
63906.27097817689,167494.0,94836.0,5002.0,49.80923278105183
63906.281067144446,167544.0,94877.0,5006.0,49.819321748604125
63906.29115611199,167523.0,94856.0,4984.0,49.82941071614914
63906.301245079536,167564.0,94868.0,5016.0,49.83949968369416
63906.31133404708,167561.0,94864.0,5005.0,49.84958865123917
63906.32142301463,167602.0,94872.0,5033.0,49.859677618791466
63906.33151198218,167569.0,94860.0,5011.0,49.86976658633648
63906.34160094972,167573.0,94871.0,5031.0,49.8798555538815
63906.351689917276,167576.0,94873.0,5015.0,49.88994452143379
63906.36177888482,167541.0,94842.0,5011.0,49.900033488978806
63906.371867852366,167484.0,94871.0,5005.0,49.91012245652382
63906.38195681992,167467.0,94837.0,4989.0,49.920211424076115
63906.39204578746,167439.0,94836.0,4953.0,49.93030039162113
63906.40213475501,167365.0,94815.0,4960.0,49.94038935916615
63906.41222372256,167345.0,94831.0,4944.0,49.95047832671844
63906.422312690105,167295.0,94797.0,4908.0,49.960567294263456
63906.43240165765,167263.0,94782.0,4883.0,49.97065626180847
63906.4424906252,167245.0,94791.0,4866.0,49.980745229360764
63906.45257959275,167241.0,94779.0,4879.0,49.99083419690578
63906.46266856029,167177.0,94744.0,4852.0,50.000923164450796
63906.47275752784,167184.0,94744.0,4830.0,50.01101213199581
63906.48284649539,167174.0,94781.0,4866.0,50.021101099548105
63906.492935462935,167189.0,94749.0,4831.0,50.03119006709312
63906.50302443048,167208.0,94773.0,4853.0,50.04127903463814
63906.51311339803,167226.0,94771.0,4859.0,50.05136800219043
63906.52320236558,167213.0,94762.0,4832.0,50.061456969735445
63906.53329133312,167238.0,94745.0,4855.0,50.07154593728046
63906.543380300674,167224.0,94764.0,4873.0,50.081634904832754
63906.55346926822,167195.0,94760.0,4846.0,50.09172387237777
63906.563558235765,167265.0,94791.0,4869.0,50.101812839922786
63906.57364720332,167230.0,94777.0,4865.0,50.11190180747508
63906.58373617086,167243.0,94771.0,4888.0,50.121990775020095
63906.59382513841,167217.0,94741.0,4845.0,50.13207974256511
63906.60391410596,167222.0,94776.0,4871.0,50.1421687101174
63906.614003073504,167279.0,94799.0,4862.0,50.15225767766242
63906.62409204105,167264.0,94785.0,4894.0,50.162346645207435
63906.6341810086,167252.0,94795.0,4886.0,50.17243561275973
63906.64426997615,167232.0,94786.0,4860.0,50.182524580304744
63906.65435894369,167242.0,94802.0,4904.0,50.19261354784976
63906.66444791124,167210.0,94773.0,4863.0,50.202702515394776
63906.67453687879,167250.0,94755.0,4877.0,50.21279148294707
63906.684625846334,167238.0,94784.0,4856.0,50.222880450492084
63906.69471481388,167220.0,94772.0,4870.0,50.2329694180371
63906.70480378143,167184.0,94768.0,4867.0,50.24305838558939
63906.714892748976,167221.0,94775.0,4872.0,50.25314735313441
63906.72498171652,167202.0,94750.0,4875.0,50.263236320679425
63906.73507068407,167193.0,94723.0,4865.0,50.27332528823172
63906.74515965162,167237.0,94783.0,4862.0,50.283414255776734
63906.75524861916,167226.0,94767.0,4872.0,50.29350322332175
63906.765337586716,167231.0,94795.0,4912.0,50.30359219087404
63906.77542655426,167209.0,94766.0,4869.0,50.31368115841906
63906.785515521806,167255.0,94791.0,4909.0,50.323770125964074
63906.79560448936,167260.0,94794.0,4885.0,50.33385909351637
63906.8056934569,167269.0,94757.0,4881.0,50.34394806106138
63906.81578242445,167296.0,94805.0,4874.0,50.3540370286064
63906.82587139199,167297.0,94783.0,4931.0,50.364125996151415
63906.835960359545,167315.0,94808.0,4926.0,50.37421496370371
63906.84604932709,167320.0,94807.0,4928.0,50.38430393124872
63906.856138294635,167323.0,94829.0,4940.0,50.39439289879374
63906.86622726219,167316.0,94809.0,4931.0,50.40448186634603
63906.87631622973,167368.0,94807.0,4940.0,50.41457083389105
63906.88640519728,167343.0,94800.0,4954.0,50.424659801436064
63906.89649416483,167411.0,94817.0,4990.0,50.43474876898836
63906.906583132375,167372.0,94802.0,4938.0,50.44483773653337
63906.91667209992,167416.0,94819.0,4973.0,50.45492670407839
63906.92676106747,167375.0,94833.0,4968.0,50.46501567163068
63906.93685003502,167407.0,94820.0,4966.0,50.4751046391757
63906.94693900256,167416.0,94822.0,4968.0,50.48519360672071
63906.957027970115,167451.0,94822.0,4988.0,50.495282574273006
63906.96711693766,167441.0,94861.0,4996.0,50.50537154181802
63906.977205905205,167435.0,94826.0,4987.0,50.51546050936304
63906.98729487276,167465.0,94868.0,4995.0,50.52554947691533
63906.9973838403,167459.0,94841.0,4993.0,50.535638444460346
63907.00747280785,167459.0,94822.0,4990.0,50.54572741200536
63907.01756177539,167502.0,94858.0,4998.0,50.55581637955038
63907.027650742944,167514.0,94864.0,5035.0,50.56590534710267
63907.03773971049,167520.0,94854.0,5013.0,50.57599431464769
63907.047828678034,167494.0,94837.0,5027.0,50.5860832821927
63907.05791764559,167491.0,94855.0,5024.0,50.596172249744995
63907.06800661313,167556.0,94846.0,5025.0,50.60626121729001
63907.07809558068,167559.0,94856.0,5036.0,50.61635018483503
63907.08818454823,167553.0,94848.0,5038.0,50.62643915238732
63907.098273515774,167599.0,94875.0,5042.0,50.636528119932336
63907.10836248332,167557.0,94859.0,5050.0,50.64661708747735
63907.11845145087,167605.0,94866.0,5049.0,50.656706055029645
63907.12854041842,167590.0,94902.0,5094.0,50.66679502257466
63907.13862938596,167590.0,94862.0,5037.0,50.67688399011968
63907.148718353514,167621.0,94862.0,5056.0,50.68697295767197
63907.15880732106,167650.0,94886.0,5091.0,50.697061925216985
63907.168896288604,167662.0,94905.0,5082.0,50.707150892762
63907.17898525615,167657.0,94876.0,5088.0,50.71723986030702
63907.1890742237,167685.0,94911.0,5108.0,50.72732882785931
63907.199163191246,167685.0,94902.0,5118.0,50.737417795404326
63907.20925215879,167675.0,94918.0,5093.0,50.74750676294934
63907.21934112634,167623.0,94862.0,5079.0,50.757595730501635
63907.22943009389,167649.0,94875.0,5084.0,50.76768469804665
63907.23951906143,167564.0,94854.0,5069.0,50.77777366559167
63907.249608028986,167535.0,94859.0,5045.0,50.78786263314396
63907.25969699653,167469.0,94849.0,5032.0,50.797951600688975
63907.269785964076,167453.0,94839.0,5026.0,50.80804056823399
63907.27987493163,167385.0,94804.0,4978.0,50.818129535786284
63907.28996389917,167380.0,94823.0,4968.0,50.8282185033313
63907.30005286672,167340.0,94799.0,4952.0,50.838307470876316
63907.31014183427,167327.0,94799.0,4946.0,50.84839643842861
63907.320230801815,167329.0,94791.0,4909.0,50.858485405973624
63907.33031976936,167327.0,94791.0,4922.0,50.86857437351864
63907.34040873691,167285.0,94752.0,4906.0,50.87866334107093
63907.35049770446,167292.0,94765.0,4936.0,50.88875230861595
63907.360586672,167327.0,94753.0,4913.0,50.898841276160965
63907.37067563955,167318.0,94790.0,4925.0,50.90893024370598
63907.3807646071,167322.0,94782.0,4932.0,50.919019211258274
63907.390853574645,167298.0,94784.0,4913.0,50.92910817880329
63907.40094254219,167363.0,94808.0,4973.0,50.939197146348306
63907.41103150974,167315.0,94780.0,4929.0,50.9492861139006
63907.42112047729,167327.0,94769.0,4929.0,50.959375081445614
63907.43120944483,167359.0,94808.0,4917.0,50.96946404899063
63907.441298412385,167322.0,94777.0,4944.0,50.97955301654292
63907.45138737993,167352.0,94795.0,4936.0,50.98964198408794
63907.461476347475,167335.0,94779.0,4957.0,50.999730951632955
63907.47156531503,167384.0,94801.0,4946.0,51.00981991918525
63907.48165428257,167362.0,94762.0,4944.0,51.01990888673026
63907.49174325012,167370.0,94793.0,4940.0,51.02999785427528
63907.50183221767,167310.0,94763.0,4916.0,51.04008682182757
63907.511921185214,167373.0,94801.0,4948.0,51.05017578937259
63907.52201015276,167341.0,94790.0,4924.0,51.060264756917604
63907.53209912031,167309.0,94776.0,4928.0,51.070353724469896
63907.54218808786,167344.0,94793.0,4961.0,51.08044269201491
63907.5522770554,167339.0,94777.0,4925.0,51.09053165955993
63907.56236602295,167323.0,94773.0,4934.0,51.100620627104945
63907.5724549905,167334.0,94799.0,4927.0,51.11070959465724
63907.582543958044,167359.0,94803.0,4944.0,51.12079856220225
63907.59263292559,167321.0,94767.0,4931.0,51.13088752974727
63907.60272189314,167360.0,94818.0,4949.0,51.14097649729956
63907.612810860686,167343.0,94795.0,4935.0,51.15106546484458
63907.62289982823,167373.0,94789.0,4937.0,51.161154432389594
63907.63298879578,167367.0,94780.0,4948.0,51.171243399941886
63907.64307776333,167346.0,94819.0,4953.0,51.1813323674869
63907.65316673087,167390.0,94796.0,4955.0,51.19142133503192
63907.663255698426,167365.0,94766.0,4959.0,51.20151030258421
63907.67334466597,167385.0,94823.0,4962.0,51.21159927012923
63907.683433633516,167408.0,94828.0,4991.0,51.22168823767424
63907.69352260107,167381.0,94810.0,4954.0,51.231777205226535
63907.70361156861,167446.0,94800.0,4965.0,51.24186617277155
63907.71370053616,167476.0,94849.0,4994.0,51.25195514031657
63907.72378950371,167440.0,94819.0,4966.0,51.26204410786886
63907.733878471256,167483.0,94828.0,4996.0,51.272133075413876
63907.7439674388,167511.0,94844.0,5005.0,51.28222204295889
63907.754056406346,167536.0,94830.0,5008.0,51.29231101050391
63907.7641453739,167506.0,94847.0,5017.0,51.3023999780562
63907.77423434144,167534.0,94860.0,4986.0,51.31248894560122
63907.78432330899,167537.0,94853.0,5032.0,51.32257791314623
63907.79441227654,167512.0,94833.0,5054.0,51.332666880698525
63907.804501244085,167570.0,94861.0,5054.0,51.34275584824354
63907.81459021163,167578.0,94883.0,5071.0,51.35284481578856
63907.82467917918,167599.0,94857.0,5048.0,51.36293378334085
63907.83476814673,167583.0,94829.0,5039.0,51.373022750885866
63907.84485711427,167642.0,94901.0,5048.0,51.38311171843088
63907.854946081825,167628.0,94890.0,5094.0,51.393200685983174
63907.86503504937,167631.0,94882.0,5067.0,51.40328965352819
63907.875124016915,167643.0,94883.0,5059.0,51.41337862107321
63907.88521298447,167650.0,94893.0,5091.0,51.4234675886255
63907.89530195201,167672.0,94886.0,5076.0,51.433556556170515
63907.90539091956,167676.0,94892.0,5084.0,51.44364552371553
63907.9154798871,167677.0,94913.0,5068.0,51.45373449126055
63907.925568854655,167709.0,94920.0,5106.0,51.46382345881284
63907.9356578222,167669.0,94863.0,5056.0,51.473912426357856
63907.945746789745,167709.0,94898.0,5094.0,51.48400139390287
63907.9558357573,167734.0,94893.0,5094.0,51.494090361455164
63907.96592472484,167726.0,94916.0,5115.0,51.50417932900018
63907.97601369239,167742.0,94913.0,5103.0,51.5142682965452
63907.98610265994,167762.0,94916.0,5121.0,51.52435726409749
63907.996191627484,167770.0,94951.0,5155.0,51.534446231642505
63908.00628059503,167775.0,94909.0,5123.0,51.54453519918752
63908.01636956258,167776.0,94933.0,5144.0,51.55462416673981
63908.02645853013,167806.0,94926.0,5137.0,51.56471313428483
63908.03654749767,167799.0,94918.0,5129.0,51.574802101829846
63908.046636465224,167867.0,94963.0,5147.0,51.58489106938214
63908.05672543277,167869.0,94946.0,5184.0,51.594980036927154
63908.066814400314,167831.0,94936.0,5157.0,51.60506900447217
63908.076903367866,167838.0,94910.0,5151.0,51.61515797202446
63908.08699233541,167810.0,94935.0,5167.0,51.62524693956948
63908.097081302956,167852.0,94959.0,5179.0,51.635335907114495
63908.1071702705,167808.0,94926.0,5155.0,51.64542487465951
63908.11725923805,167753.0,94895.0,5121.0,51.6555138422118
63908.1273482056,167739.0,94918.0,5139.0,51.66560280975682
63908.13743717314,167633.0,94878.0,5087.0,51.675691777301836
63908.147526140696,167622.0,94881.0,5074.0,51.68578074485413
63908.15761510824,167591.0,94882.0,5060.0,51.695869712399144
63908.167704075786,167527.0,94834.0,5014.0,51.70595867994416
63908.17779304334,167496.0,94833.0,5021.0,51.71604764749645
63908.18788201088,167504.0,94847.0,4995.0,51.72613661504147
63908.19797097843,167479.0,94844.0,4993.0,51.736225582586485
63908.20805994598,167432.0,94823.0,4963.0,51.74631455013878
63908.218148913526,167408.0,94819.0,4934.0,51.75640351768379
63908.22823788107,167421.0,94818.0,4959.0,51.76649248522881
63908.23832684862,167431.0,94808.0,4954.0,51.7765814527811
63908.24841581617,167401.0,94783.0,4964.0,51.78667042032612
63908.25850478371,167450.0,94820.0,4955.0,51.796759387871134
63908.26859375126,167403.0,94817.0,4972.0,51.80684835541615
63908.27868271881,167426.0,94817.0,4962.0,51.81693732296844
63908.288771686355,167387.0,94808.0,4949.0,51.82702629051346
63908.2988606539,167439.0,94832.0,4958.0,51.837115258058475
63908.30894962145,167408.0,94782.0,4961.0,51.84720422561077
63908.319038589,167408.0,94816.0,4944.0,51.85729319315578
63908.32912755654,167402.0,94800.0,4955.0,51.8673821607008
63908.339216524095,167357.0,94786.0,4943.0,51.87747112825309
63908.34930549164,167373.0,94801.0,4922.0,51.88756009579811
63908.359394459185,167413.0,94804.0,4952.0,51.897649063343124
63908.36948342674,167425.0,94812.0,4972.0,51.907738030895416
63908.37957239428,167380.0,94789.0,4956.0,51.91782699844043
63908.38966136183,167400.0,94791.0,4944.0,51.92791596598545
63908.39975032938,167407.0,94819.0,4951.0,51.93800493353774
63908.409839296924,167391.0,94813.0,4967.0,51.94809390108276
63908.41992826447,167394.0,94797.0,4946.0,51.95818286862777
63908.43001723202,167387.0,94843.0,4947.0,51.968271836180065
63908.44010619957,167392.0,94821.0,4936.0,51.97836080372508
63908.45019516711,167394.0,94815.0,4927.0,51.9884497712701
63908.46028413466,167418.0,94837.0,4953.0,51.998538738815114
63908.47037310221,167430.0,94861.0,4985.0,52.008627706367406
63908.480462069754,167391.0,94811.0,4935.0,52.01871667391242
63908.4905510373,167361.0,94800.0,4937.0,52.02880564145744
63908.50064000485,167398.0,94822.0,4942.0,52.03889460900973
63908.5107289724,167412.0,94802.0,4950.0,52.04898357655475
63908.52081793994,167418.0,94822.0,4942.0,52.05907254409976
63908.530906907494,167398.0,94789.0,4935.0,52.069161511652055
63908.54099587504,167449.0,94857.0,4967.0,52.07925047919707
63908.551084842584,167443.0,94828.0,4944.0,52.08933944674209
63908.561173810136,167461.0,94829.0,4957.0,52.09942841429438
63908.57126277768,167489.0,94842.0,4964.0,52.109517381839396
63908.581351745226,167511.0,94862.0,4981.0,52.11960634938441
63908.59144071278,167461.0,94835.0,4952.0,52.129695316936704
63908.60152968032,167487.0,94849.0,4968.0,52.13978428448172
63908.61161864787,167433.0,94823.0,4949.0,52.14987325202674
63908.62170761541,167465.0,94841.0,4992.0,52.15996221957175
63908.631796582966,167439.0,94831.0,4963.0,52.170051187124045
63908.64188555051,167453.0,94827.0,4968.0,52.18014015466906
63908.651974518056,167431.0,94807.0,4976.0,52.19022912221408
63908.66206348561,167423.0,94788.0,4975.0,52.20031808976637
63908.67215245315,167461.0,94843.0,4986.0,52.210407057311386
63908.6822414207,167420.0,94832.0,5009.0,52.2204960248564
63908.69233038825,167414.0,94827.0,4994.0,52.230584992408694
63908.702419355795,167407.0,94798.0,4973.0,52.24067395995371
63908.71250832334,167440.0,94808.0,5008.0,52.25076292749873
63908.72259729089,167407.0,94821.0,4982.0,52.26085189505102
63908.73268625844,167471.0,94814.0,4968.0,52.270940862596035
63908.74277522598,167440.0,94832.0,5002.0,52.28102983014105
63908.752864193535,167406.0,94804.0,4972.0,52.29111879769334
63908.76295316108,167449.0,94813.0,5012.0,52.30120776523836
63908.773042128625,167438.0,94850.0,4990.0,52.311296732783376
63908.78313109618,167449.0,94839.0,4993.0,52.32138570033567
63908.79322006372,167436.0,94820.0,4992.0,52.331474667880684
63908.80330903127,167459.0,94832.0,4970.0,52.3415636354257
63908.81339799882,167445.0,94819.0,5006.0,52.35165260297799
63908.823486966365,167468.0,94835.0,5033.0,52.36174157052301
63908.83357593391,167442.0,94816.0,5020.0,52.371830538068025
63908.843664901455,167488.0,94824.0,5032.0,52.38191950561304
63908.85375386901,167472.0,94824.0,5016.0,52.39200847316533
63908.86384283655,167517.0,94813.0,5020.0,52.40209744071035
63908.8739318041,167494.0,94842.0,4995.0,52.412186408255366
63908.88402077165,167513.0,94853.0,5037.0,52.42227537580766
63908.894109739194,167483.0,94826.0,5030.0,52.432364343352674
63908.90419870674,167468.0,94832.0,5023.0,52.44245331089769
63908.91428767429,167476.0,94808.0,5010.0,52.45254227844998
63908.92437664184,167519.0,94831.0,5051.0,52.462631245995
63908.93446560938,167501.0,94836.0,5038.0,52.472720213540015
63908.944554576934,167488.0,94811.0,5028.0,52.48280918109231
63908.95464354448,167466.0,94823.0,5060.0,52.49289814863732
63908.964732512024,167440.0,94810.0,5017.0,52.50298711618234
63908.974821479576,167436.0,94827.0,5015.0,52.51307608373463
63908.98491044712,167353.0,94822.0,4979.0,52.52316505127965
63908.99499941467,167377.0,94804.0,5024.0,52.533254018824664
63909.00508838221,167266.0,94748.0,4943.0,52.54334298636968
63909.015177349764,167236.0,94766.0,4936.0,52.55343195392197
63909.02526631731,167179.0,94763.0,4915.0,52.56352092146699
63909.035355284854,167132.0,94733.0,4871.0,52.573609889012005
63909.045444252406,167109.0,94748.0,4901.0,52.5836988565643
63909.05553321995,167064.0,94712.0,4836.0,52.59378782410931
63909.065622187496,167046.0,94688.0,4842.0,52.60387679165433
63909.07571115505,167036.0,94709.0,4818.0,52.61396575920662
63909.08580012259,166992.0,94652.0,4807.0,52.62405472675164
63909.09588909014,166973.0,94674.0,4796.0,52.634143694296654
63909.10597805769,166991.0,94698.0,4774.0,52.644232661848946
63909.116067025236,166947.0,94676.0,4777.0,52.65432162939396
63909.12615599278,166965.0,94678.0,4811.0,52.66441059693898
63909.13624496033,166919.0,94648.0,4799.0,52.67449956449127
63909.14633392788,166957.0,94646.0,4795.0,52.68458853203629
63909.15642289542,166968.0,94682.0,4809.0,52.6946774995813
63909.166511862975,166944.0,94672.0,4815.0,52.704766467133595
63909.17660083052,166951.0,94670.0,4795.0,52.71485543467861
63909.186689798065,166952.0,94685.0,4811.0,52.72494440222363
63909.19677876561,166986.0,94696.0,4813.0,52.735033369768644
63909.20686773316,166981.0,94662.0,4809.0,52.745122337320936
63909.21695670071,166983.0,94673.0,4806.0,52.75521130486595
63909.22704566825,166986.0,94697.0,4822.0,52.76530027241097
63909.237134635805,166992.0,94700.0,4779.0,52.77538923996326
63909.24722360335,166967.0,94693.0,4797.0,52.78547820750828
63909.257312570895,167048.0,94696.0,4839.0,52.79556717505329
63909.26740153845,167001.0,94677.0,4842.0,52.805656142605585
63909.27749050599,167004.0,94697.0,4799.0,52.8157451101506
63909.28757947354,167016.0,94680.0,4816.0,52.82583407769562
63909.29766844109,167025.0,94705.0,4820.0,52.83592304524791
63909.307757408635,167053.0,94701.0,4826.0,52.846012012792926
63909.31784637618,167053.0,94696.0,4842.0,52.85610098033794
63909.32793534373,167047.0,94725.0,4839.0,52.866189947890234
63909.33802431128,167010.0,94739.0,4836.0,52.87627891543525
63909.34811327882,167043.0,94717.0,4838.0,52.88636788298027
63909.35820224637,167037.0,94700.0,4819.0,52.89645685052528
63909.36829121392,167098.0,94739.0,4824.0,52.906545818077575
63909.378380181464,167083.0,94737.0,4870.0,52.91663478562259
63909.38846914901,167093.0,94723.0,4856.0,52.92672375316761
63909.39855811656,167080.0,94751.0,4860.0,52.9368127207199
63909.40864708411,167141.0,94758.0,4892.0,52.946901688264916
63909.41873605165,167133.0,94713.0,4873.0,52.95699065580993
63909.428825019204,167159.0,94751.0,4874.0,52.967079623362224
63909.43891398675,167211.0,94789.0,4894.0,52.97716859090724
63909.449002954294,167188.0,94778.0,4907.0,52.98725755845226
63909.459091921846,167226.0,94790.0,4912.0,52.99734652600455
63909.46918088939,167220.0,94764.0,4895.0,53.007435493549565
63909.479269856936,167262.0,94789.0,4900.0,53.01752446109458
63909.48935882449,167258.0,94755.0,4909.0,53.02761342864687
63909.49944779203,167237.0,94778.0,4923.0,53.03770239619189
63909.50953675958,167283.0,94785.0,4934.0,53.047791363736906
63909.51962572713,167298.0,94809.0,4953.0,53.0578803312892
63909.529714694676,167291.0,94765.0,4920.0,53.067969298834214
63909.53980366222,167317.0,94765.0,4932.0,53.07805826637923
63909.549892629766,167349.0,94790.0,4956.0,53.088147233924246
63909.55998159732,167343.0,94792.0,4987.0,53.09823620147654
63909.57007056486,167388.0,94839.0,4993.0,53.108325169021555
63909.58015953241,167344.0,94804.0,4963.0,53.11841413656657
63909.59024849996,167402.0,94818.0,4985.0,53.12850310411886
63909.600337467506,167379.0,94827.0,4973.0,53.13859207166388
63909.61042643505,167390.0,94836.0,4994.0,53.148681039208896
63909.6205154026,167405.0,94838.0,4980.0,53.15877000676119
63909.63060437015,167443.0,94823.0,4998.0,53.168858974306204
63909.64069333769,167427.0,94817.0,4992.0,53.17894794185122
63909.650782305245,167480.0,94842.0,5020.0,53.18903690940351
63909.66087127279,167467.0,94873.0,5038.0,53.19912587694853
63909.670960240335,167477.0,94833.0,4997.0,53.209214844493545
63909.68104920789,167503.0,94859.0,5040.0,53.21930381204584
63909.69113817543,167464.0,94827.0,5015.0,53.22939277959085
63909.70122714298,167495.0,94825.0,5052.0,53.23948174713587
63909.71131611052,167533.0,94859.0,5060.0,53.249570714680885
63909.721405078075,167550.0,94868.0,5063.0,53.25965968223318
63909.73149404562,167531.0,94840.0,5077.0,53.269748649778194
63909.741583013165,167544.0,94864.0,5047.0,53.27983761732321
63909.75167198072,167587.0,94867.0,5093.0,53.2899265848755
63909.76176094826,167591.0,94902.0,5083.0,53.30001555242052
63909.77184991581,167645.0,94898.0,5095.0,53.310104519965535
63909.78193888336,167592.0,94878.0,5070.0,53.32019348751783
63909.792027850905,167628.0,94865.0,5112.0,53.33028245506284
63909.80211681845,167612.0,94886.0,5085.0,53.34037142260786
63909.812205786,167627.0,94896.0,5096.0,53.35046039016015
63909.82229475355,167703.0,94910.0,5135.0,53.36054935770517
63909.83238372109,167672.0,94864.0,5111.0,53.370638325250184
63909.842472688644,167692.0,94890.0,5123.0,53.380727292802476
63909.85256165619,167669.0,94900.0,5128.0,53.39081626034749
63909.862650623734,167627.0,94887.0,5124.0,53.40090522789251
63909.87273959129,167580.0,94868.0,5079.0,53.4109941954448
63909.88282855883,167565.0,94871.0,5083.0,53.42108316298982
63909.89291752638,167539.0,94845.0,5076.0,53.43117213053483
63909.90300649392,167508.0,94860.0,5034.0,53.44126109807985
63909.913095461474,167441.0,94805.0,5034.0,53.45135006563214
63909.92318442902,167416.0,94836.0,5010.0,53.46143903317716
63909.933273396564,167334.0,94829.0,4996.0,53.471528000722174
63909.943362364116,167353.0,94784.0,4957.0,53.481616968274466
63909.95345133166,167360.0,94820.0,4984.0,53.49170593581948
63909.963540299206,167330.0,94801.0,4960.0,53.5017949033645
63909.97362926676,167310.0,94768.0,4948.0,53.51188387091679
63909.9837182343,167325.0,94779.0,4944.0,53.52197283846181
63909.99380720185,167338.0,94794.0,4962.0,53.53206180600682
63910.0038961694,167316.0,94806.0,4958.0,53.542150773559115
63910.013985136946,167291.0,94803.0,4947.0,53.55223974110413
63910.02407410449,167344.0,94818.0,4971.0,53.56232870864915
63910.03416307204,167334.0,94776.0,4983.0,53.57241767620144
63910.04425203959,167334.0,94786.0,4967.0,53.582506643746456
63910.05434100713,167330.0,94779.0,4959.0,53.59259561129147
63910.06442997468,167335.0,94828.0,4922.0,53.60268457883649
63910.07451894223,167337.0,94809.0,4991.0,53.61277354638878
63910.084607909776,167342.0,94802.0,4973.0,53.622862513933796
63910.09469687732,167377.0,94786.0,5003.0,53.63295148147881
63910.10478584487,167352.0,94791.0,4965.0,53.643040449031105
63910.11487481242,167368.0,94787.0,4965.0,53.65312941657612
63910.12496377996,167368.0,94808.0,4991.0,53.66321838412114
63910.135052747515,167408.0,94825.0,4993.0,53.67330735167343
63910.14514171506,167381.0,94788.0,4956.0,53.683396319218446
63910.155230682605,167381.0,94838.0,4992.0,53.69348528676346
63910.16531965016,167380.0,94816.0,4980.0,53.703574254315754
63910.1754086177,167382.0,94803.0,4977.0,53.71366322186077
63910.18549758525,167365.0,94804.0,4978.0,53.723752189405786
63910.1955865528,167399.0,94827.0,4981.0,53.73384115695808
63910.205675520345,167342.0,94802.0,4953.0,53.743930124503095
63910.21576448789,167361.0,94794.0,5006.0,53.75401909204811
63910.22585345544,167400.0,94841.0,5018.0,53.7641080596004
63910.23594242299,167405.0,94839.0,5016.0,53.77419702714542
63910.24603139053,167355.0,94817.0,4977.0,53.784285994690435
63910.256120358084,167380.0,94791.0,4988.0,53.79437496224273
63910.26620932563,167420.0,94859.0,4972.0,53.804463929787744
63910.276298293174,167391.0,94819.0,5000.0,53.81455289733276
63910.28638726072,167414.0,94820.0,4995.0,53.824641864877776
63910.29647622827,167427.0,94849.0,5013.0,53.83473083243007
63910.30656519582,167442.0,94806.0,5007.0,53.844819799975085
63910.31665416336,167455.0,94821.0,4993.0,53.8549087675201
63910.326743130914,167482.0,94859.0,5014.0,53.86499773507239
63910.33683209846,167496.0,94820.0,5062.0,53.87508670261741
63910.346921066004,167464.0,94839.0,5025.0,53.885175670162425
63910.35701003356,167507.0,94835.0,5032.0,53.89526463771472
63910.3670990011,167545.0,94864.0,5066.0,53.905353605259734
63910.37718796865,167535.0,94855.0,5058.0,53.91544257280475
63910.3872769362,167524.0,94834.0,5040.0,53.92553154035704
63910.397365903744,167559.0,94877.0,5057.0,53.93562050790206
63910.40745487129,167565.0,94842.0,5073.0,53.945709475447075
63910.41754383884,167587.0,94877.0,5082.0,53.95579844299937
63910.427632806386,167601.0,94858.0,5081.0,53.96588741054438
63910.43772177393,167580.0,94862.0,5082.0,53.9759763780894
63910.447810741476,167601.0,94878.0,5078.0,53.986065345634415
63910.45789970903,167632.0,94886.0,5100.0,53.99615431318671
63910.46798867657,167664.0,94918.0,5090.0,54.006243280731724
63910.47807764412,167659.0,94904.0,5136.0,54.01633224827674
63910.48816661167,167647.0,94892.0,5100.0,54.02642121582903
63910.498255579216,167680.0,94902.0,5115.0,54.03651018337405
63910.50834454676,167709.0,94900.0,5137.0,54.046599150919064
63910.51843351431,167691.0,94897.0,5114.0,54.05668811847136
63910.52852248186,167707.0,94914.0,5108.0,54.06677708601637
63910.5386114494,167717.0,94908.0,5147.0,54.07686605356139
63910.548700416955,167715.0,94908.0,5166.0,54.08695502111368
63910.5587893845,167723.0,94915.0,5150.0,54.0970439886587
63910.568878352045,167753.0,94942.0,5184.0,54.10713295620371
63910.5789673196,167756.0,94925.0,5159.0,54.117221923756006
63910.58905628714,167776.0,94923.0,5146.0,54.12731089130102
63910.59914525469,167806.0,94938.0,5169.0,54.13739985884604
63910.60923422224,167765.0,94946.0,5201.0,54.14748882639833
63910.619323189785,167803.0,94935.0,5173.0,54.15757779394335
63910.62941215733,167789.0,94935.0,5174.0,54.16766676148836
63910.639501124875,167851.0,94954.0,5209.0,54.17775572903338
63910.64959009243,167822.0,94953.0,5184.0,54.18784469658567
63910.65967905997,167850.0,94945.0,5196.0,54.19793366413069
63910.66976802752,167853.0,94956.0,5200.0,54.2080226316757
63910.67985699507,167903.0,94966.0,5228.0,54.218111599227996
63910.689945962615,167859.0,94931.0,5201.0,54.22820056677301
63910.70003493016,167742.0,94923.0,5172.0,54.23828953431803
63910.71012389771,167732.0,94937.0,5186.0,54.24837850187032
63910.72021286526,167693.0,94908.0,5171.0,54.258467469415336
63910.7303018328,167650.0,94911.0,5127.0,54.26855643696035
63910.740390800354,167628.0,94891.0,5125.0,54.278645404512645
63910.7504797679,167628.0,94861.0,5107.0,54.28873437205766
63910.760568735444,167570.0,94855.0,5085.0,54.29882333960268
63910.770657703,167557.0,94872.0,5071.0,54.30891230715497
63910.78074667054,167555.0,94875.0,5090.0,54.319001274699986
63910.79083563809,167545.0,94883.0,5088.0,54.329090242245
63910.80092460563,167544.0,94872.0,5073.0,54.33917920979002
63910.811013573184,167579.0,94871.0,5065.0,54.34926817734231
63910.82110254073,167547.0,94860.0,5085.0,54.359357144887326
63910.831191508274,167550.0,94852.0,5056.0,54.36944611243234
63910.841280475826,167612.0,94883.0,5108.0,54.379535079984635
63910.85136944337,167589.0,94867.0,5083.0,54.38962404752965
63910.86145841092,167581.0,94889.0,5091.0,54.39971301507467
63910.87154737847,167588.0,94875.0,5069.0,54.40980198262696
63910.881636346014,167643.0,94910.0,5116.0,54.419890950171975
63910.89172531356,167629.0,94872.0,5090.0,54.42997991771699
63910.90181428111,167612.0,94825.0,5083.0,54.440068885269284
63910.911903248656,167641.0,94868.0,5112.0,54.4501578528143
63910.9219922162,167602.0,94861.0,5125.0,54.460246820359316
63910.93208118375,167636.0,94884.0,5110.0,54.47033578791161
63910.9421701513,167598.0,94874.0,5118.0,54.480424755456625
63910.95225911884,167661.0,94867.0,5125.0,54.49051372300164
63910.962348086396,167627.0,94863.0,5106.0,54.50060269055393
63910.97243705394,167621.0,94879.0,5104.0,54.51069165809895
63910.982526021486,167571.0,94833.0,5104.0,54.520780625643965
63910.99261498903,167617.0,94880.0,5124.0,54.53086959318898
63911.00270395658,167574.0,94862.0,5080.0,54.540958560741274
63911.01279292413,167601.0,94876.0,5095.0,54.55104752828629
63911.02288189167,167615.0,94876.0,5105.0,54.561136495831306
63911.032970859225,167571.0,94814.0,5091.0,54.5712254633836
63911.04305982677,167600.0,94835.0,5101.0,54.581314430928614
63911.053148794315,167597.0,94858.0,5086.0,54.59140339847363
63911.06323776187,167614.0,94888.0,5100.0,54.60149236602592
63911.07332672941,167600.0,94842.0,5077.0,54.61158133357094
63911.08341569696,167631.0,94888.0,5108.0,54.621670301115955
63911.09350466451,167642.0,94875.0,5100.0,54.63175926866825
63911.103593632055,167663.0,94889.0,5106.0,54.641848236213264
63911.1136825996,167645.0,94855.0,5108.0,54.65193720375828
63911.12377156715,167659.0,94862.0,5137.0,54.66202617131057
63911.1338605347,167691.0,94878.0,5110.0,54.67211513885559
63911.14394950224,167670.0,94876.0,5148.0,54.682204106400604
63911.15403846979,167706.0,94921.0,5151.0,54.69229307394562
63911.16412743734,167735.0,94911.0,5152.0,54.70238204149791
63911.174216404885,167667.0,94885.0,5106.0,54.71247100904293
63911.18430537243,167745.0,94882.0,5156.0,54.722559976587945
63911.19439433998,167761.0,94925.0,5144.0,54.73264894414024
63911.20448330753,167744.0,94881.0,5151.0,54.74273791168525
63911.21457227507,167783.0,94900.0,5177.0,54.75282687923027
63911.224661242624,167788.0,94928.0,5180.0,54.76291584678256
63911.23475021017,167800.0,94905.0,5184.0,54.77300481432758
63911.244839177714,167819.0,94906.0,5182.0,54.783093781872594
63911.25492814527,167856.0,94938.0,5179.0,54.793182749424886
63911.26501711281,167840.0,94938.0,5187.0,54.8032717169699
63911.27510608036,167826.0,94943.0,5234.0,54.81336068451492
63911.28519504791,167870.0,94966.0,5226.0,54.82344965206721
63911.295284015454,167865.0,94961.0,5227.0,54.83353861961223
63911.305372983,167837.0,94921.0,5207.0,54.84362758715724
63911.31546195055,167824.0,94908.0,5201.0,54.853716554709536
63911.325550918096,167865.0,94933.0,5232.0,54.86380552225455
63911.33563988564,167898.0,94965.0,5255.0,54.87389448979957
63911.34572885319,167884.0,94951.0,5223.0,54.88398345735186
63911.35581782074,167896.0,94955.0,5248.0,54.894072424896876
63911.36590678828,167919.0,94971.0,5258.0,54.90416139244189
63911.37599575583,167898.0,94960.0,5232.0,54.91425035998691
63911.38608472338,167923.0,94952.0,5249.0,54.9243393275392
63911.396173690926,167944.0,94961.0,5225.0,54.93442829508422
63911.40626265847,167931.0,94942.0,5239.0,54.94451726262923
63911.41635162602,167946.0,94937.0,5237.0,54.954606230181525
63911.42644059357,167976.0,94979.0,5255.0,54.96469519772654
63911.43652956111,168032.0,95008.0,5299.0,54.97478416527156
63911.446618528666,167987.0,94956.0,5271.0,54.98487313282385
63911.45670749621,168034.0,95008.0,5284.0,54.994962100368866
63911.466796463756,168019.0,94981.0,5291.0,55.00505106791388
63911.47688543131,168020.0,95012.0,5306.0,55.015140035466175
63911.48697439885,167998.0,94965.0,5270.0,55.02522900301119
63911.4970633664,168000.0,95000.0,5304.0,55.03531797055621
63911.50715233395,167993.0,94977.0,5274.0,55.0454069381085
63911.517241301495,167959.0,94967.0,5271.0,55.055495905653515
63911.52733026904,167953.0,94972.0,5261.0,55.06558487319853
63911.537419236585,167927.0,94965.0,5272.0,55.07567384074355
63911.54750820414,167859.0,94942.0,5237.0,55.08576280829584
63911.55759717168,167837.0,94942.0,5222.0,55.095851775840856
63911.56768613923,167787.0,94944.0,5232.0,55.10594074338587
63911.57777510678,167768.0,94917.0,5179.0,55.116029710938164
63911.587864074325,167739.0,94904.0,5176.0,55.12611867848318
63911.59795304187,167702.0,94880.0,5148.0,55.1362076460282
63911.60804200942,167741.0,94906.0,5178.0,55.14629661358049
63911.61813097697,167688.0,94862.0,5135.0,55.156385581125505
63911.62821994451,167688.0,94891.0,5144.0,55.16647454867052
63911.638308912065,167713.0,94883.0,5136.0,55.176563516222814
63911.64839787961,167669.0,94885.0,5122.0,55.18665248376783
63911.658486847155,167681.0,94872.0,5138.0,55.196741451312846
63911.66857581471,167710.0,94884.0,5143.0,55.20683041886514
63911.67866478225,167714.0,94883.0,5140.0,55.216919386410154
63911.6887537498,167698.0,94874.0,5161.0,55.22700835395517
63911.69884271735,167678.0,94881.0,5135.0,55.23709732150746
63911.708931684894,167753.0,94904.0,5196.0,55.24718628905248
63911.71902065244,167741.0,94885.0,5158.0,55.257275256597495
63911.729109619984,167734.0,94872.0,5157.0,55.26736422414251
63911.73919858754,167791.0,94926.0,5177.0,55.2774531916948
63911.74928755508,167780.0,94883.0,5158.0,55.28754215923982
63911.75937652263,167785.0,94918.0,5175.0,55.297631126784836
63911.76946549018,167769.0,94907.0,5179.0,55.30772009433713
63911.779554457724,167814.0,94920.0,5190.0,55.317809061882144
63911.78964342527,167768.0,94891.0,5185.0,55.32789802942716
63911.79973239282,167789.0,94892.0,5175.0,55.33798699697945
63911.809821360366,167775.0,94882.0,5171.0,55.34807596452447
63911.81991032791,167789.0,94917.0,5198.0,55.358164932069485
63911.82999929546,167785.0,94906.0,5206.0,55.36825389962178
63911.84008826301,167777.0,94894.0,5174.0,55.37834286716679
63911.85017723055,167775.0,94879.0,5184.0,55.38843183471181
63911.860266198106,167740.0,94864.0,5149.0,55.3985208022641
63911.87035516565,167753.0,94863.0,5163.0,55.40860976980912
63911.880444133196,167758.0,94895.0,5164.0,55.418698737354134
63911.89053310074,167783.0,94916.0,5181.0,55.42878770489915
63911.90062206829,167738.0,94878.0,5143.0,55.43887667245144
63911.91071103584,167794.0,94905.0,5186.0,55.44896563999646
63911.92080000338,167767.0,94895.0,5165.0,55.459054607541475
63911.930888970935,167768.0,94871.0,5156.0,55.46914357509377
63911.94097793848,167832.0,94892.0,5167.0,55.47923254263878
63911.951066906026,167781.0,94876.0,5172.0,55.4893215101838
63911.96115587358,167811.0,94914.0,5193.0,55.49941047773609
63911.97124484112,167793.0,94907.0,5189.0,55.50949944528111
63911.98133380867,167847.0,94934.0,5206.0,55.519588412826124
63911.99142277622,167840.0,94912.0,5207.0,55.529677380378416
63912.001511743765,167853.0,94907.0,5206.0,55.53976634792343
63912.01160071131,167853.0,94884.0,5197.0,55.54985531546845
63912.02168967886,167903.0,94947.0,5230.0,55.55994428302074
63912.03177864641,167898.0,94914.0,5197.0,55.57003325056576
63912.04186761395,167911.0,94933.0,5220.0,55.58012221811077
63912.051956581505,167955.0,94932.0,5243.0,55.590211185663065
63912.06204554905,167926.0,94933.0,5228.0,55.60030015320808
63912.072134516595,167940.0,94917.0,5212.0,55.6103891207531
63912.08222348414,167968.0,94951.0,5248.0,55.620478088298114
63912.09231245169,167992.0,94980.0,5267.0,55.630567055850406
63912.10240141924,167959.0,94913.0,5240.0,55.64065602339542
63912.11249038678,168020.0,94970.0,5280.0,55.65074499094044
63912.122579354334,167989.0,94945.0,5268.0,55.66083395849273
63912.13266832188,168001.0,94946.0,5258.0,55.67092292603775
63912.142757289424,168050.0,94957.0,5273.0,55.68101189358276
63912.15284625698,168010.0,94956.0,5284.0,55.691100861135055
63912.16293522452,168026.0,94966.0,5267.0,55.70118982868007
63912.17302419207,168023.0,94951.0,5297.0,55.71127879622509
63912.18311315962,168053.0,94990.0,5285.0,55.72136776377738
63912.193202127164,168033.0,95011.0,5291.0,55.731456731322396
63912.20329109471,168022.0,94968.0,5264.0,55.74154569886741
63912.21338006226,168063.0,94978.0,5289.0,55.751634666419704
63912.22346902981,168107.0,95000.0,5298.0,55.76172363396472
63912.23355799735,168075.0,94973.0,5292.0,55.77181260150974
63912.2436469649,168106.0,94979.0,5327.0,55.78190156905475
63912.25373593245,168088.0,95004.0,5311.0,55.791990536607045
63912.263824899994,168052.0,94955.0,5308.0,55.80207950415206
63912.27391386754,168039.0,94983.0,5292.0,55.81216847169708
63912.28400283509,168044.0,94995.0,5315.0,55.82225743924937
63912.294091802636,168003.0,94957.0,5294.0,55.832346406794386
63912.30418077018,167932.0,94943.0,5289.0,55.8424353743394
63912.31426973773,167911.0,94941.0,5246.0,55.852524341891694
63912.32435870528,167872.0,94958.0,5242.0,55.86261330943671
63912.33444767282,167860.0,94930.0,5211.0,55.87270227698173
63912.344536640376,167780.0,94876.0,5200.0,55.88279124453402
63912.35462560792,167793.0,94917.0,5174.0,55.892880212079035
63912.364714575466,167749.0,94875.0,5138.0,55.90296917962405
63912.37480354302,167723.0,94869.0,5147.0,55.91305814717634
63912.38489251056,167693.0,94875.0,5130.0,55.92314711472136
63912.39498147811,167703.0,94895.0,5154.0,55.933236082266376
63912.40507044566,167746.0,94885.0,5152.0,55.94332504981867
63912.415159413205,167721.0,94874.0,5129.0,55.953414017363684
63912.42524838075,167736.0,94900.0,5113.0,55.9635029849087
63912.435337348295,167743.0,94891.0,5149.0,55.97359195245372
63912.44542631585,167736.0,94895.0,5135.0,55.98368092000601
63912.45551528339,167736.0,94871.0,5121.0,55.993769887551025
63912.46560425094,167726.0,94859.0,5122.0,56.00385885509604
63912.47569321849,167740.0,94840.0,5127.0,56.01394782264833
63912.485782186035,167714.0,94864.0,5119.0,56.02403679019335
63912.49587115358,167739.0,94868.0,5132.0,56.034125757738366
63912.50596012113,167698.0,94826.0,5140.0,56.04421472529066
63912.51604908868,167725.0,94858.0,5144.0,56.054303692835674
63912.52613805622,167737.0,94909.0,5146.0,56.06439266038069
63912.536227023775,167762.0,94879.0,5151.0,56.07448162793298
63912.54631599132,167765.0,94870.0,5164.0,56.084570595478
63912.556404958865,167768.0,94873.0,5129.0,56.094659563023015
63912.56649392642,167767.0,94864.0,5129.0,56.10474853057531
63912.57658289396,167764.0,94876.0,5135.0,56.11483749812032
63912.58667186151,167734.0,94865.0,5145.0,56.12492646566534
63912.59676082905,167719.0,94903.0,5156.0,56.135015433210356
63912.606849796604,167773.0,94898.0,5154.0,56.14510440076265
63912.61693876415,167747.0,94880.0,5126.0,56.155193368307664
63912.627027731694,167708.0,94922.0,5137.0,56.16528233585268
63912.63711669925,167720.0,94828.0,5120.0,56.17537130340497
63912.64720566679,167740.0,94903.0,5162.0,56.18546027094999
63912.65729463434,167731.0,94868.0,5131.0,56.195549238495005
63912.66738360189,167715.0,94834.0,5126.0,56.2056382060473
63912.677472569434,167754.0,94888.0,5150.0,56.21572717359231
63912.68756153698,167750.0,94837.0,5121.0,56.22581614113733
63912.69765050453,167749.0,94880.0,5125.0,56.23590510868962
63912.707739472076,167778.0,94863.0,5130.0,56.24599407623464
63912.71782843962,167802.0,94866.0,5159.0,56.256083043779654
63912.727917407174,167759.0,94872.0,5128.0,56.266172011331946
63912.73800637472,167825.0,94888.0,5173.0,56.27626097887696
63912.748095342264,167811.0,94907.0,5157.0,56.28634994642198
63912.758184309816,167820.0,94900.0,5142.0,56.29643891397427
63912.76827327736,167817.0,94893.0,5153.0,56.30652788151929
63912.778362244906,167837.0,94896.0,5154.0,56.3166168490643
63912.78845121246,167861.0,94896.0,5176.0,56.326705816616595
63912.79854018,167869.0,94900.0,5184.0,56.33679478416161
63912.80862914755,167884.0,94937.0,5208.0,56.34688375170663
63912.81871811509,167899.0,94923.0,5175.0,56.356972719251644
63912.828807082646,167928.0,94932.0,5189.0,56.367061686803936
63912.83889605019,167924.0,94907.0,5188.0,56.37715065434895
63912.848985017736,167943.0,94951.0,5213.0,56.38723962189397
63912.85907398529,167935.0,94951.0,5199.0,56.39732858944626
63912.86916295283,167959.0,94948.0,5216.0,56.40741755699128
63912.87925192038,167958.0,94889.0,5215.0,56.41750652453629
63912.88934088793,168001.0,94931.0,5246.0,56.427595492088585
63912.899429855475,167966.0,94923.0,5202.0,56.4376844596336
63912.90951882302,168016.0,94961.0,5236.0,56.44777342717862
63912.91960779057,168014.0,94966.0,5235.0,56.45786239473091
63912.92969675812,168002.0,94935.0,5268.0,56.467951362275926
63912.93978572566,168027.0,94964.0,5244.0,56.47804032982094
63912.949874693215,168038.0,94964.0,5250.0,56.488129297373234
63912.95996366076,168043.0,94951.0,5238.0,56.49821826491825
63912.970052628305,168022.0,94942.0,5278.0,56.50830723246327
63912.98014159585,168087.0,94979.0,5233.0,56.51839620000828
63912.9902305634,168079.0,94967.0,5268.0,56.528485167560575
63913.00031953095,168038.0,94965.0,5269.0,56.53857413510559
63913.01040849849,168080.0,94969.0,5260.0,56.54866310265061
63913.020497466045,168080.0,94967.0,5266.0,56.5587520702029
63913.03058643359,168082.0,94972.0,5270.0,56.568841037747916
63913.040675401135,168050.0,94949.0,5260.0,56.57893000529293
63913.05076436869,168001.0,94931.0,5245.0,56.589018972845224
63913.06085333623,167983.0,94951.0,5260.0,56.59910794039024
63913.07094230378,167963.0,94944.0,5233.0,56.60919690793526
63913.08103127133,167939.0,94928.0,5236.0,56.61928587548755
63913.091120238874,167898.0,94948.0,5240.0,56.629374843032565
63913.10120920642,167815.0,94919.0,5164.0,56.63946381057758
63913.11129817397,167809.0,94888.0,5159.0,56.64955277812987
63913.12138714152,167794.0,94919.0,5116.0,56.65964174567489
63913.13147610906,167738.0,94877.0,5140.0,56.669730713219906
63913.141565076614,167713.0,94870.0,5094.0,56.6798196807722
63913.15165404416,167705.0,94852.0,5086.0,56.689908648317214
63913.161743011704,167669.0,94843.0,5087.0,56.69999761586223
63913.17183197925,167715.0,94895.0,5107.0,56.71008658340725
63913.1819209468,167682.0,94877.0,5069.0,56.72017555095954
63913.192009914346,167657.0,94845.0,5079.0,56.730264518504555
63913.20209888189,167665.0,94857.0,5078.0,56.74035348604957
63913.21218784944,167638.0,94821.0,5058.0,56.75044245360186
63913.22227681699,167674.0,94845.0,5064.0,56.76053142114688
63913.23236578453,167641.0,94845.0,5056.0,56.770620388691896
63913.242454752086,167665.0,94854.0,5064.0,56.78070935624419
63913.25254371963,167668.0,94871.0,5048.0,56.790798323789204
63913.262632687176,167661.0,94821.0,5059.0,56.80088729133422
63913.27272165473,167684.0,94838.0,5087.0,56.81097625888651
63913.28281062227,167666.0,94856.0,5067.0,56.82106522643153
63913.29289958982,167676.0,94880.0,5078.0,56.831154193976545
63913.30298855737,167642.0,94827.0,5050.0,56.84124316152884
63913.313077524916,167671.0,94860.0,5035.0,56.85133212907385
63913.32316649246,167677.0,94847.0,5076.0,56.86142109661887
63913.333255460006,167651.0,94845.0,5093.0,56.871510064163886
63913.34334442756,167681.0,94835.0,5066.0,56.88159903171618
63913.3534333951,167681.0,94819.0,5078.0,56.891687999261194
63913.36352236265,167682.0,94849.0,5068.0,56.90177696680621
63913.3736113302,167689.0,94857.0,5043.0,56.9118659343585
63913.383700297745,167708.0,94872.0,5043.0,56.92195490190352
63913.39378926529,167691.0,94876.0,5074.0,56.932043869448535
63913.40387823284,167649.0,94842.0,5064.0,56.94213283700083
63913.41396720039,167609.0,94798.0,5035.0,56.95222180454584
63913.42405616793,167553.0,94847.0,5040.0,56.96231077209086
63913.434145135485,167504.0,94777.0,5050.0,56.97239973964315
63913.44423410303,167482.0,94765.0,5004.0,56.98248870718817
63913.454323070575,167452.0,94739.0,4980.0,56.992577674733184
63913.46441203813,167353.0,94744.0,4980.0,57.002666642285476
63913.47450100567,167366.0,94760.0,5000.0,57.01275560983049
63913.48458997322,167295.0,94711.0,4976.0,57.02284457737551
63913.49467894077,167280.0,94699.0,4976.0,57.0329335449278
63913.504767908315,167181.0,94681.0,4935.0,57.04302251247282
63913.51485687586,167125.0,94638.0,4941.0,57.05311148001783
63913.524945843405,167102.0,94645.0,4941.0,57.06320044756285
63913.53503481096,167065.0,94635.0,4954.0,57.07328941511514
63913.5451237785,167016.0,94590.0,4911.0,57.08337838266016
63913.55521274605,166950.0,94604.0,4927.0,57.093467350205174
63913.5653017136,166905.0,94558.0,4906.0,57.103556317757466
63913.575390681144,166846.0,94525.0,4909.0,57.11364528530248
63913.58547964869,166723.0,94503.0,4874.0,57.1237342528475
63913.59556861624,166686.0,94495.0,4880.0,57.13382322039979
63913.60565758379,166574.0,94450.0,4858.0,57.14391218794481
63913.61574655133,166491.0,94438.0,4831.0,57.15400115548982
63913.625835518884,166424.0,94448.0,4836.0,57.164090123042115
63913.63592448643,166422.0,94401.0,4836.0,57.17417909058713
63913.646013453974,166335.0,94386.0,4817.0,57.18426805813215
63913.656102421526,166246.0,94348.0,4776.0,57.19435702568444
63913.66619138907,166225.0,94351.0,4809.0,57.204445993229456
63913.676280356616,166122.0,94297.0,4756.0,57.21453496077447
63913.68636932416,166096.0,94298.0,4741.0,57.22462392831949
63913.69645829171,166017.0,94287.0,4744.0,57.23471289587178
63913.70654725926,166008.0,94265.0,4752.0,57.2448018634168
63913.7166362268,165954.0,94236.0,4692.0,57.25489083096181
63913.726725194356,165934.0,94247.0,4708.0,57.264979798514105
63913.7368141619,165904.0,94247.0,4705.0,57.27506876605912
63913.746903129446,165875.0,94212.0,4693.0,57.28515773360414
63913.756992097,165838.0,94218.0,4670.0,57.29524670115643
63913.76708106454,165890.0,94210.0,4688.0,57.305335668701446
63913.77717003209,165892.0,94210.0,4667.0,57.31542463624646
63913.78725899964,165882.0,94219.0,4645.0,57.325513603798754
63913.797347967185,165937.0,94221.0,4661.0,57.33560257134377
63913.80743693473,165954.0,94217.0,4666.0,57.34569153888879
63913.81752590228,166019.0,94255.0,4670.0,57.35578050644108
63913.82761486983,166039.0,94266.0,4671.0,57.365869473986095
63913.83770383737,166151.0,94306.0,4708.0,57.37595844153111
63913.847792804925,166135.0,94267.0,4689.0,57.3860474090834
63913.85788177247,166235.0,94308.0,4697.0,57.39613637662842
63913.867970740015,166264.0,94326.0,4697.0,57.406225344173436
63913.87805970756,166288.0,94354.0,4694.0,57.41631431171845
63913.88814867511,166297.0,94346.0,4671.0,57.426403279270744
63913.89823764266,166337.0,94349.0,4655.0,57.43649224681576
63913.9083266102,166344.0,94346.0,4667.0,57.446581214360776
63913.918415577755,166337.0,94329.0,4657.0,57.45667018191307
63913.9285045453,166353.0,94329.0,4624.0,57.466759149458085
63913.938593512845,166351.0,94362.0,4623.0,57.4768481170031
63913.9486824804,166370.0,94393.0,4634.0,57.48693708455539
63913.95877144794,166333.0,94371.0,4596.0,57.49702605210041
63913.96886041549,166380.0,94389.0,4631.0,57.507115019645425
63913.97894938304,166354.0,94365.0,4630.0,57.51720398719772
63913.989038350584,166417.0,94376.0,4630.0,57.527292954742734
63913.99912731813,166411.0,94349.0,4603.0,57.53738192228775
63914.00921628568,166480.0,94426.0,4613.0,57.54747088984004
63914.01930525323,166470.0,94400.0,4625.0,57.55755985738506
63914.02939422077,166465.0,94399.0,4659.0,57.567648824930075
63914.039483188324,166512.0,94456.0,4658.0,57.57773779248237
63914.04957215587,166512.0,94410.0,4635.0,57.58782676002738
63914.059661123414,166514.0,94431.0,4656.0,57.5979157275724
63914.06975009096,166501.0,94413.0,4654.0,57.608004695117415
63914.07983905851,166562.0,94478.0,4685.0,57.61809366266971
63914.08992802606,166533.0,94438.0,4667.0,57.628182630214724
63914.1000169936,166548.0,94452.0,4675.0,57.63827159775974
63914.110105961154,166585.0,94467.0,4706.0,57.64836056531203
63914.1201949287,166589.0,94460.0,4703.0,57.65844953285705
63914.130283896244,166564.0,94437.0,4679.0,57.668538500402065
63914.140372863796,166602.0,94470.0,4696.0,57.67862746795436
63914.15046183134,166631.0,94494.0,4704.0,57.68871643549937
63914.160550798886,166634.0,94464.0,4708.0,57.69880540304439
63914.17063976644,166638.0,94511.0,4743.0,57.70889437059668
63914.18072873398,166621.0,94488.0,4709.0,57.7189833381417
63914.19081770153,166630.0,94489.0,4704.0,57.729072305686714
63914.20090666908,166590.0,94476.0,4691.0,57.739161273239006
63914.210995636626,166632.0,94519.0,4708.0,57.74925024078402
63914.22108460417,166608.0,94501.0,4726.0,57.75933920832904
63914.23117357172,166593.0,94473.0,4727.0,57.76942817588133
63914.24126253927,166593.0,94539.0,4719.0,57.77951714342635
63914.25135150681,166554.0,94466.0,4728.0,57.78960611097136
63914.26144047436,166486.0,94475.0,4690.0,57.79969507851638
63914.27152944191,166434.0,94452.0,4687.0,57.80978404606867
63914.281618409455,166368.0,94437.0,4684.0,57.81987301361369
63914.291707377,166252.0,94426.0,4656.0,57.829961981158704
63914.30179634455,166170.0,94366.0,4636.0,57.840050948710996
63914.3118853121,166107.0,94353.0,4627.0,57.85013991625601
63914.32197427964,166039.0,94358.0,4625.0,57.86022888380103
63914.332063247195,165937.0,94299.0,4590.0,57.87031785135332
63914.34215221474,165927.0,94304.0,4582.0,57.88040681889834
63914.352241182285,165882.0,94276.0,4591.0,57.89049578644335
63914.36233014984,165823.0,94274.0,4613.0,57.900584753995645
63914.37241911738,165812.0,94274.0,4581.0,57.91067372154066
63914.38250808493,165803.0,94261.0,4583.0,57.92076268908568
63914.39259705248,165767.0,94234.0,4574.0,57.93085165663797
63914.402686020025,165780.0,94208.0,4539.0,57.940940624182986
63914.41277498757,165782.0,94231.0,4535.0,57.951029591728
63914.422863955115,165816.0,94250.0,4594.0,57.96111855927302
63914.43295292267,165812.0,94230.0,4558.0,57.97120752682531
63914.44304189021,165803.0,94218.0,4555.0,57.981296494370326
63914.45313085776,165864.0,94276.0,4587.0,57.99138546191534
63914.46321982531,165844.0,94241.0,4537.0,58.001474429467635
63914.473308792854,165889.0,94267.0,4555.0,58.01156339701265
63914.4833977604,165928.0,94289.0,4549.0,58.02165236455767
63914.49348672795,165906.0,94278.0,4595.0,58.03174133210996
63914.5035756955,165909.0,94247.0,4553.0,58.041830299654976
63914.51366466304,165935.0,94293.0,4561.0,58.05191926719999
63914.523753630594,165936.0,94304.0,4574.0,58.062008234752284
63914.53384259814,165976.0,94275.0,4579.0,58.0720972022973
63914.543931565684,165979.0,94286.0,4579.0,58.082186169842316
63914.554020533236,166000.0,94305.0,4586.0,58.09227513739461
63914.56410950078,165997.0,94309.0,4598.0,58.102364104939625
63914.574198468326,166018.0,94291.0,4577.0,58.11245307248464
63914.58428743588,166064.0,94335.0,4621.0,58.12254204003693
63914.594376403424,166068.0,94315.0,4590.0,58.13263100758195
63914.60446537097,166088.0,94300.0,4582.0,58.142719975126965
63914.614554338514,166081.0,94315.0,4599.0,58.15280894267198
63914.624643306066,166116.0,94334.0,4642.0,58.162897910224274
63914.63473227361,166124.0,94337.0,4614.0,58.17298687776929
63914.644821241156,166078.0,94321.0,4589.0,58.183075845314306
63914.65491020871,166132.0,94360.0,4626.0,58.1931648128666
63914.66499917625,166178.0,94351.0,4648.0,58.203253780411615
63914.6750881438,166177.0,94356.0,4629.0,58.21334274795663
63914.68517711135,166199.0,94364.0,4611.0,58.22343171550892
63914.695266078896,166192.0,94335.0,4666.0,58.23352068305394
63914.70535504644,166207.0,94341.0,4629.0,58.243609650598955
63914.71544401399,166253.0,94371.0,4640.0,58.25369861815125
63914.72553298154,166210.0,94371.0,4658.0,58.263787585696264
63914.73562194908,166280.0,94401.0,4673.0,58.27387655324128
63914.745710916635,166199.0,94348.0,4654.0,58.28396552079357
63914.75579988418,166215.0,94370.0,4646.0,58.29405448833859
63914.765888851725,166188.0,94348.0,4630.0,58.304143455883604
63914.77597781927,166100.0,94348.0,4607.0,58.31423242342862
63914.78606678682,166060.0,94338.0,4584.0,58.32432139098091
63914.79615575437,166087.0,94318.0,4591.0,58.33441035852593
63914.80624472191,166036.0,94318.0,4552.0,58.344499326070945
63914.816333689465,165995.0,94309.0,4522.0,58.35458829362324
63914.82642265701,165938.0,94266.0,4503.0,58.364677261168254
63914.836511624555,165963.0,94313.0,4522.0,58.37476622871327
63914.84660059211,165926.0,94285.0,4487.0,58.38485519626556
63914.85668955965,165888.0,94318.0,4508.0,58.39494416381058
63914.8667785272,165904.0,94327.0,4500.0,58.405033131355594
63914.87686749475,165912.0,94273.0,4503.0,58.41512209890789
63914.886956462295,165885.0,94290.0,4478.0,58.4252110664529
63914.89704542984,165868.0,94243.0,4453.0,58.43530003399792
63914.90713439739,165883.0,94299.0,4490.0,58.44538900155021
63914.91722336494,165828.0,94310.0,4479.0,58.45547796909523
63914.92731233248,165873.0,94276.0,4481.0,58.46556693664024
63914.937401300034,165899.0,94288.0,4506.0,58.475655904192536
63914.94749026758,165858.0,94267.0,4476.0,58.48574487173755
63914.957579235124,165884.0,94278.0,4498.0,58.49583383928257
63914.96766820267,165888.0,94284.0,4489.0,58.505922806827584
63914.97775717022,165932.0,94323.0,4511.0,58.516011774379876
63914.98784613777,165896.0,94282.0,4478.0,58.52610074192489
63914.99793510531,165946.0,94329.0,4527.0,58.53618970946991
63915.008024072864,165941.0,94307.0,4515.0,58.5462786770222
63915.01811304041,165981.0,94299.0,4534.0,58.55636764456722
63915.028202007954,166002.0,94309.0,4540.0,58.56645661211223
63915.038290975506,165981.0,94308.0,4532.0,58.576545579664526
63915.04837994305,166009.0,94328.0,4525.0,58.58663454720954
63915.058468910596,166040.0,94325.0,4549.0,58.59672351475456
63915.06855787815,166085.0,94362.0,4548.0,58.60681248230685
63915.07864684569,166154.0,94379.0,4595.0,58.616901449851866
63915.08873581324,166141.0,94373.0,4571.0,58.62699041739688
63915.09882478079,166162.0,94334.0,4568.0,58.637079384949175
63915.108913748336,166219.0,94404.0,4602.0,58.64716835249419
63915.11900271588,166183.0,94392.0,4575.0,58.65725732003921
63915.129091683426,166247.0,94396.0,4603.0,58.66734628758422
63915.13918065098,166290.0,94397.0,4620.0,58.677435255136515
63915.14926961852,166311.0,94410.0,4639.0,58.68752422268153
63915.15935858607,166325.0,94413.0,4617.0,58.69761319022655
63915.16944755362,166363.0,94447.0,4643.0,58.70770215777884
63915.179536521166,166395.0,94457.0,4636.0,58.717791125323856
63915.18962548871,166423.0,94444.0,4655.0,58.72788009286887
63915.19971445626,166410.0,94455.0,4654.0,58.737969060421165
63915.20980342381,166449.0,94486.0,4675.0,58.74805802796618
63915.21989239135,166480.0,94514.0,4696.0,58.7581469955112
63915.229981358905,166466.0,94477.0,4685.0,58.76823596306349
63915.24007032645,166476.0,94517.0,4685.0,58.778324930608505
63915.250159293995,166491.0,94516.0,4692.0,58.78841389815352
63915.26024826155,166490.0,94490.0,4731.0,58.798502865705814
63915.27033722909,166499.0,94503.0,4701.0,58.80859183325083
63915.28042619664,166537.0,94540.0,4747.0,58.818680800795846
63915.29051516419,166499.0,94529.0,4721.0,58.82876976834814
63915.300604131735,166573.0,94504.0,4742.0,58.838858735893155
63915.31069309928,166601.0,94517.0,4738.0,58.84894770343817
63915.32078206683,166594.0,94510.0,4779.0,58.85903667099046
63915.33087103438,166615.0,94535.0,4764.0,58.86912563853548
63915.34096000192,166639.0,94548.0,4770.0,58.879214606080495
63915.35104896947,166652.0,94523.0,4768.0,58.88930357362551
63915.36113793702,166685.0,94545.0,4765.0,58.899392541177804
63915.371226904565,166700.0,94555.0,4760.0,58.90948150872282
63915.38131587211,166706.0,94555.0,4805.0,58.919570476267836
63915.39140483966,166718.0,94570.0,4839.0,58.92965944382013
63915.40149380721,166726.0,94541.0,4794.0,58.939748411365144
63915.41158277475,166735.0,94569.0,4812.0,58.94983737891016
63915.421671742304,166783.0,94587.0,4818.0,58.95992634646245
63915.43176070985,166777.0,94569.0,4817.0,58.97001531400747
63915.441849677394,166820.0,94587.0,4828.0,58.980104281552485
63915.45193864495,166837.0,94581.0,4902.0,58.99019324910478
63915.46202761249,166852.0,94598.0,4855.0,59.000282216649794
63915.47211658004,166840.0,94589.0,4844.0,59.01037118419481
63915.48220554759,166908.0,94646.0,4888.0,59.0204601517471
63915.492294515134,166933.0,94645.0,4889.0,59.03054911929212
63915.50238348268,166926.0,94624.0,4889.0,59.040638086837134
63915.512472450224,166937.0,94610.0,4876.0,59.05072705438215
63915.522561417776,166972.0,94647.0,4921.0,59.06081602193444
63915.53265038532,166969.0,94621.0,4895.0,59.07090498947946
63915.542739352866,166987.0,94651.0,4915.0,59.080993957024475
63915.55282832042,167013.0,94659.0,4936.0,59.09108292457677
63915.56291728796,167042.0,94652.0,4940.0,59.10117189212178
63915.57300625551,167043.0,94640.0,4936.0,59.1112608596668
63915.58309522306,167046.0,94666.0,4942.0,59.12134982721909
63915.593184190606,167049.0,94686.0,4977.0,59.13143879476411
63915.60327315815,167087.0,94692.0,4936.0,59.141527762309124
63915.6133621257,167056.0,94669.0,4917.0,59.151616729861416
63915.62345109325,167037.0,94669.0,4953.0,59.16170569740643
63915.63354006079,166988.0,94640.0,4922.0,59.17179466495145
63915.643629028345,166946.0,94644.0,4921.0,59.18188363250374
63915.65371799589,166926.0,94650.0,4917.0,59.19197260004876
63915.663806963435,166928.0,94642.0,4897.0,59.20206156759377
63915.67389593099,166915.0,94636.0,4866.0,59.212150535146066
63915.68398489853,166879.0,94628.0,4847.0,59.22223950269108
63915.69407386608,166870.0,94620.0,4853.0,59.2323284702361
63915.70416283362,166826.0,94587.0,4829.0,59.242417437781114
63915.714251801175,166773.0,94556.0,4801.0,59.252506405333406
63915.72434076872,166764.0,94559.0,4831.0,59.26259537287842
63915.734429736265,166759.0,94547.0,4806.0,59.27268434042344
63915.74451870382,166796.0,94581.0,4831.0,59.28277330797573
63915.75460767136,166832.0,94601.0,4827.0,59.29286227552075
63915.76469663891,166833.0,94615.0,4834.0,59.30295124306576
63915.77478560646,166831.0,94584.0,4843.0,59.313040210618055
63915.784874574005,166799.0,94585.0,4803.0,59.32312917816307
63915.79496354155,166831.0,94576.0,4838.0,59.33321814570809
63915.8050525091,166851.0,94607.0,4819.0,59.34330711326038
63915.81514147665,166866.0,94583.0,4829.0,59.353396080805396
63915.82523044419,166859.0,94600.0,4846.0,59.36348504835041
63915.835319411744,166876.0,94611.0,4863.0,59.373574015902705
63915.84540837929,166860.0,94567.0,4883.0,59.38366298344772
63915.855497346834,166921.0,94594.0,4876.0,59.39375195099274
63915.86558631438,166936.0,94620.0,4858.0,59.40384091853775
63915.87567528193,166929.0,94616.0,4880.0,59.413929886090045
63915.88576424948,166936.0,94617.0,4902.0,59.42401885363506
63915.89585321702,166956.0,94625.0,4877.0,59.43410782118008
63915.905942184574,166976.0,94606.0,4926.0,59.44419678873237
63915.91603115212,166958.0,94628.0,4899.0,59.454285756277386
63915.926120119664,166956.0,94610.0,4898.0,59.4643747238224
63915.93620908722,166935.0,94605.0,4905.0,59.474463691374694
63915.94629805476,166931.0,94611.0,4882.0,59.48455265891971
63915.95638702231,166967.0,94625.0,4899.0,59.49464162646473
63915.96647598986,166988.0,94617.0,4888.0,59.50473059401702
63915.976564957404,166947.0,94644.0,4903.0,59.514819561562035
63915.98665392495,166926.0,94584.0,4870.0,59.52490852910705
63915.9967428925,166985.0,94628.0,4907.0,59.534997496659344
63916.006831860046,166962.0,94634.0,4917.0,59.54508646420436
63916.01692082759,167041.0,94655.0,4928.0,59.555175431749376
63916.02700979514,166996.0,94625.0,4913.0,59.56526439930167
63916.03709876269,167023.0,94637.0,4918.0,59.575353366846684
63916.04718773023,167037.0,94628.0,4914.0,59.5854423343917
63916.05727669778,167068.0,94665.0,4950.0,59.59553130193672
63916.06736566533,167081.0,94677.0,4913.0,59.60562026948901
63916.077454632876,167093.0,94660.0,4949.0,59.615709237034025
63916.08754360042,167091.0,94633.0,4969.0,59.62579820457904
63916.09763256797,167099.0,94641.0,4957.0,59.63588717213133
63916.10772153552,167113.0,94683.0,4951.0,59.64597613967635
63916.11781050306,167124.0,94704.0,4959.0,59.656065107221366
63916.127899470615,167149.0,94663.0,4978.0,59.66615407477366
63916.13798843816,167209.0,94723.0,4992.0,59.676243042318674
63916.148077405705,167230.0,94710.0,5002.0,59.68633200986369
63916.15816637326,167232.0,94701.0,4999.0,59.69642097741598
63916.1682553408,167264.0,94683.0,5008.0,59.706509944961
63916.17834430835,167233.0,94722.0,5009.0,59.716598912506015
63916.1884332759,167284.0,94736.0,5057.0,59.72668788005831
63916.198522243445,167291.0,94719.0,5022.0,59.73677684760332
63916.20861121099,167285.0,94692.0,5027.0,59.74686581514834
63916.218700178535,167341.0,94743.0,5045.0,59.756954782693356
63916.22878914609,167327.0,94706.0,5051.0,59.76704375024565
63916.23887811363,167352.0,94742.0,5061.0,59.777132717790664
63916.24896708118,167371.0,94790.0,5096.0,59.78722168533568
63916.25905604873,167379.0,94746.0,5065.0,59.79731065288797
63916.269145016275,167358.0,94730.0,5055.0,59.80739962043299
63916.27923398382,167401.0,94749.0,5081.0,59.817488587978005
63916.28932295137,167400.0,94745.0,5082.0,59.8275775555303
63916.29941191892,167410.0,94728.0,5068.0,59.83766652307531
63916.30950088646,167431.0,94768.0,5072.0,59.84775549062033
63916.319589854014,167433.0,94760.0,5094.0,59.85784445817262
63916.32967882156,167485.0,94748.0,5097.0,59.86793342571764
63916.339767789104,167488.0,94779.0,5093.0,59.878022393262654
63916.34985675666,167499.0,94757.0,5105.0,59.888111360814946
63916.3599457242,167514.0,94771.0,5106.0,59.89820032835996
63916.37003469175,167534.0,94800.0,5130.0,59.90828929590498
63916.3801236593,167528.0,94791.0,5142.0,59.91837826345727
63916.390212626844,167586.0,94833.0,5147.0,59.92846723100229
63916.40030159439,167584.0,94763.0,5140.0,59.9385561985473
63916.410390561934,167597.0,94809.0,5158.0,59.94864516609232
63916.420479529486,167602.0,94791.0,5163.0,59.95873413364461
63916.43056849703,167636.0,94827.0,5174.0,59.96882310118963
63916.440657464576,167629.0,94827.0,5191.0,59.978912068734644
63916.45074643213,167599.0,94808.0,5163.0,59.989001036286936
63916.460835399674,167615.0,94798.0,5167.0,59.99909000383195
63916.47092436722,167588.0,94824.0,5133.0,60.00917897137697
63916.48101333477,167561.0,94768.0,5137.0,60.01926793892926
63916.491102302316,167535.0,94797.0,5132.0,60.02935690647428
63916.50119126986,167528.0,94782.0,5118.0,60.03944587401929
63916.51128023741,167473.0,94779.0,5092.0,60.049534841571585
63916.52136920496,167449.0,94770.0,5085.0,60.0596238091166
63916.5314581725,167456.0,94773.0,5087.0,60.06971277666162
63916.541547140056,167454.0,94756.0,5083.0,60.07980174421391
63916.5516361076,167463.0,94776.0,5099.0,60.089890711758926
63916.561725075146,167452.0,94753.0,5079.0,60.09997967930394
63916.57181404269,167458.0,94781.0,5081.0,60.11006864684896
63916.58190301024,167437.0,94765.0,5074.0,60.12015761440125
63916.59199197779,167484.0,94796.0,5096.0,60.13024658194627
63916.60208094533,167500.0,94748.0,5111.0,60.14033554949128
63916.612169912885,167486.0,94779.0,5090.0,60.150424517043575
63916.62225888043,167508.0,94760.0,5076.0,60.16051348458859
63916.632347847975,167507.0,94802.0,5097.0,60.17060245213361
63916.64243681553,167494.0,94763.0,5086.0,60.1806914196859
63916.65252578307,167526.0,94807.0,5113.0,60.190780387230916
63916.66261475062,167536.0,94763.0,5100.0,60.20086935477593
63916.67270371817,167546.0,94799.0,5111.0,60.210958322328224
63916.682792685715,167537.0,94787.0,5096.0,60.22104728987324
63916.69288165326,167561.0,94803.0,5113.0,60.23113625741826
63916.70297062081,167586.0,94828.0,5097.0,60.24122522497055
63916.71305958836,167564.0,94788.0,5094.0,60.251314192515565
63916.7231485559,167587.0,94810.0,5096.0,60.26140316006058
63916.733237523455,167581.0,94804.0,5126.0,60.27149212761287
63916.743326491,167603.0,94823.0,5141.0,60.28158109515789
63916.753415458545,167606.0,94814.0,5139.0,60.291670062702906
63916.7635044261,167612.0,94825.0,5120.0,60.3017590302552
63916.77359339364,167598.0,94826.0,5114.0,60.311847997800214
63916.78368236119,167566.0,94776.0,5146.0,60.32193696534523
63916.79377132873,167585.0,94804.0,5119.0,60.33202593289025
63916.803860296284,167608.0,94824.0,5157.0,60.34211490044254
63916.81394926383,167580.0,94810.0,5104.0,60.352203867987555
63916.824038231374,167619.0,94816.0,5136.0,60.36229283553257
63916.83412719893,167643.0,94836.0,5137.0,60.37238180308486
63916.84421616647,167629.0,94840.0,5175.0,60.38247077062988
63916.85430513402,167675.0,94818.0,5182.0,60.392559738174896
63916.86439410157,167664.0,94849.0,5148.0,60.40264870572719
63916.874483069114,167684.0,94843.0,5164.0,60.412737673272204
63916.88457203666,167646.0,94831.0,5134.0,60.42282664081722
63916.89466100421,167691.0,94844.0,5141.0,60.43291560836951
63916.904749971756,167712.0,94833.0,5179.0,60.44300457591453
63916.9148389393,167687.0,94844.0,5181.0,60.453093543459545
63916.92492790685,167726.0,94840.0,5166.0,60.46318251101184
63916.9350168744,167718.0,94860.0,5204.0,60.47327147855685
63916.94510584194,167767.0,94843.0,5189.0,60.48336044610187
63916.95519480949,167760.0,94832.0,5177.0,60.493449413646886
63916.96528377704,167811.0,94861.0,5180.0,60.50353838119918
63916.975372744586,167808.0,94876.0,5203.0,60.513627348744194
63916.98546171213,167831.0,94874.0,5210.0,60.52371631628921
63916.99555067968,167825.0,94855.0,5192.0,60.5338052838415
63917.00563964723,167842.0,94887.0,5236.0,60.54389425138652
63917.01572861477,167855.0,94878.0,5229.0,60.553983218931535
63917.025817582326,167885.0,94896.0,5227.0,60.56407218648383
63917.03590654987,167886.0,94898.0,5213.0,60.57416115402884
63917.045995517416,167924.0,94904.0,5263.0,60.58425012157386
63917.05608448497,167871.0,94870.0,5233.0,60.59433908912615
63917.06617345251,167919.0,94889.0,5249.0,60.60442805667117
63917.07626242006,167923.0,94913.0,5268.0,60.614517024216184
63917.08635138761,167938.0,94908.0,5253.0,60.624605991768476
63917.096440355155,167969.0,94910.0,5250.0,60.63469495931349
63917.1065293227,167990.0,94914.0,5277.0,60.64478392685851
63917.11661829025,167986.0,94930.0,5285.0,60.6548728944108
63917.1267072578,167981.0,94885.0,5292.0,60.66496186195582
63917.13679622534,167976.0,94941.0,5283.0,60.67505082950083
63917.14688519289,168025.0,94925.0,5289.0,60.68513979704585
63917.15697416044,168027.0,94920.0,5275.0,60.69522876459814
63917.167063127985,168037.0,94932.0,5274.0,60.70531773214316
63917.17715209553,168085.0,94947.0,5320.0,60.715406699688174
63917.18724106308,168047.0,94912.0,5323.0,60.725495667240466
63917.19733003063,168028.0,94958.0,5312.0,60.73558463478548
63917.20741899817,168041.0,94947.0,5301.0,60.7456736023305
63917.217507965725,168112.0,94963.0,5354.0,60.75576256988279
63917.22759693327,168119.0,94962.0,5328.0,60.76585153742781
63917.237685900815,168111.0,94942.0,5315.0,60.77594050497282
63917.24777486837,168164.0,94966.0,5343.0,60.786029472525115
63917.25786383591,168141.0,94962.0,5324.0,60.79611844007013
63917.26795280346,168141.0,94961.0,5337.0,60.80620740761515
63917.27804177101,168117.0,94946.0,5335.0,60.81629637516744
63917.288130738554,168146.0,94993.0,5355.0,60.826385342712456
63917.2982197061,168125.0,94950.0,5312.0,60.83647431025747
63917.308308673644,168109.0,94974.0,5318.0,60.84656327780249
63917.3183976412,168115.0,94966.0,5324.0,60.85665224535478
63917.32848660874,168036.0,94936.0,5327.0,60.8667412128998
63917.33857557629,167998.0,94936.0,5281.0,60.87683018044481
63917.34866454384,168027.0,94958.0,5305.0,60.886919147997105
63917.358753511384,168003.0,94954.0,5273.0,60.89700811554212
63917.36884247893,167980.0,94910.0,5252.0,60.90709708308714
63917.37893144648,167998.0,94935.0,5287.0,60.91718605063943
63917.389020414026,167975.0,94911.0,5255.0,60.927275018184446
63917.39910938157,167989.0,94925.0,5243.0,60.93736398572946
63917.40919834912,167966.0,94910.0,5251.0,60.947452953281754
63917.41928731667,168008.0,94963.0,5254.0,60.95754192082677
63917.42937628421,167981.0,94908.0,5237.0,60.96763088837179
63917.439465251766,167996.0,94932.0,5258.0,60.97771985592408
63917.44955421931,167986.0,94889.0,5256.0,60.987808823469095
63917.459643186856,167970.0,94905.0,5229.0,60.99789779101411
63917.46973215441,167966.0,94917.0,5219.0,61.0079867585664
63917.47982112195,168004.0,94930.0,5246.0,61.01807572611142
63917.4899100895,168023.0,94941.0,5269.0,61.028164693656436
63917.49999905704,167991.0,94923.0,5234.0,61.03825366120145
63917.510088024595,168001.0,94903.0,5238.0,61.048342628753744
63917.52017699214,168013.0,94946.0,5243.0,61.05843159629876
63917.530265959685,168041.0,94947.0,5259.0,61.06852056384378
63917.54035492724,168005.0,94941.0,5228.0,61.07860953139607
63917.55044389478,168024.0,94954.0,5261.0,61.088698498941085
63917.56053286233,168030.0,94944.0,5259.0,61.0987874664861
63917.57062182988,168031.0,94909.0,5254.0,61.10887643403839
63917.580710797425,168036.0,94916.0,5250.0,61.11896540158341
63917.59079976497,168073.0,94978.0,5294.0,61.129054369128426
63917.60088873252,168041.0,94929.0,5258.0,61.13914333668072
63917.61097770007,168020.0,94916.0,5278.0,61.149232304225734
63917.62106666761,168049.0,94957.0,5258.0,61.15932127177075
63917.631155635165,168025.0,94909.0,5259.0,61.16941023932304
63917.64124460271,168059.0,94944.0,5264.0,61.17949920686806
63917.651333570255,168038.0,94939.0,5249.0,61.189588174413075
63917.6614225378,168095.0,94961.0,5268.0,61.19967714195809
63917.67151150535,168052.0,94932.0,5248.0,61.20976610951038
63917.6816004729,168081.0,94949.0,5265.0,61.2198550770554
63917.69168944044,168090.0,94953.0,5290.0,61.229944044600416
63917.701778407994,168113.0,94979.0,5306.0,61.24003301215271
63917.71186737554,168078.0,94931.0,5255.0,61.250121979697724
63917.721956343084,168103.0,94962.0,5263.0,61.26021094724274
63917.73204531064,168127.0,94980.0,5253.0,61.27029991479503
63917.74213427818,168138.0,94938.0,5290.0,61.28038888234005
63917.75222324573,168145.0,94955.0,5284.0,61.290477849885065
63917.76231221328,168146.0,94969.0,5287.0,61.30056681743736
63917.772401180824,168195.0,94945.0,5304.0,61.31065578498237
63917.78249014837,168166.0,94955.0,5288.0,61.32074475252739
63917.79257911592,168202.0,95004.0,5314.0,61.33083372007968
63917.80266808347,168210.0,94987.0,5324.0,61.3409226876247
63917.81275705101,168207.0,95005.0,5332.0,61.351011655169714
63917.822846018564,168202.0,94962.0,5305.0,61.361100622722006
63917.83293498611,168237.0,95014.0,5353.0,61.37118959026702
63917.843023953654,168228.0,95001.0,5321.0,61.38127855781204
63917.853112921206,168256.0,94988.0,5313.0,61.39136752536433
63917.86320188875,168263.0,95001.0,5311.0,61.40145649290935
63917.873290856296,168252.0,94993.0,5358.0,61.41154546045436
63917.88337982384,168277.0,95000.0,5325.0,61.42163442799938
63917.89346879139,168294.0,95013.0,5351.0,61.43172339555167
63917.90355775894,168307.0,95029.0,5368.0,61.44181236309669
63917.91364672648,168333.0,94986.0,5349.0,61.451901330641704
63917.923735694036,168348.0,95002.0,5345.0,61.461990298193996
63917.93382466158,168340.0,95033.0,5362.0,61.47207926573901
63917.943913629126,168353.0,95041.0,5382.0,61.48216823328403
63917.95400259668,168342.0,94981.0,5369.0,61.49225720083632
63917.96409156422,168400.0,95029.0,5403.0,61.50234616838134
63917.97418053177,168389.0,95037.0,5386.0,61.51243513592635
63917.98426949932,168393.0,95014.0,5351.0,61.522524103478645
63917.994358466865,168424.0,95047.0,5370.0,61.53261307102366
63918.00444743441,168438.0,95057.0,5418.0,61.54270203856868
63918.01453640196,168429.0,95044.0,5393.0,61.55279100612097
63918.02462536951,168429.0,95053.0,5397.0,61.562879973665986
63918.03471433705,168430.0,95046.0,5397.0,61.572968941211
63918.0448033046,168485.0,95060.0,5433.0,61.58305790875602
63918.05489227215,168472.0,95059.0,5419.0,61.59314687630831
63918.064981239695,168479.0,95044.0,5412.0,61.60323584385333
63918.07507020724,168504.0,95089.0,5439.0,61.61332481139834
63918.08515917479,168501.0,95058.0,5412.0,61.623413778950635
63918.09524814234,168512.0,95059.0,5430.0,61.63350274649565
63918.10533710988,168510.0,95064.0,5425.0,61.64359171404067
63918.115426077435,168564.0,95084.0,5485.0,61.65368068159296
63918.12551504498,168517.0,95049.0,5437.0,61.663769649137976
63918.135604012525,168557.0,95083.0,5445.0,61.67385861668299
63918.14569298008,168549.0,95094.0,5453.0,61.683947584235284
63918.15578194762,168551.0,95098.0,5466.0,61.6940365517803
63918.16587091517,168529.0,95100.0,5481.0,61.704125519325316
63918.17595988272,168533.0,95071.0,5449.0,61.71421448687761
63918.186048850264,168538.0,95078.0,5451.0,61.724303454422625
63918.19613781781,168505.0,95070.0,5391.0,61.73439242196764
63918.20622678536,168478.0,95043.0,5409.0,61.74448138951993
63918.21631575291,168436.0,95059.0,5400.0,61.75457035706495
63918.22640472045,168444.0,95079.0,5406.0,61.764659324609966
63918.236493688,168413.0,95022.0,5358.0,61.77474829215498
63918.24658265555,168403.0,95056.0,5378.0,61.784837259707274
63918.256671623094,168358.0,95018.0,5377.0,61.79492622725229
63918.26676059064,168339.0,94997.0,5343.0,61.805015194797306
63918.27684955819,168368.0,95045.0,5364.0,61.8151041623496
63918.286938525736,168319.0,95005.0,5352.0,61.825193129894615
63918.29702749328,168345.0,95007.0,5321.0,61.83528209743963
63918.307116460834,168311.0,95022.0,5334.0,61.84537106499192
63918.31720542838,168340.0,95021.0,5328.0,61.85546003253694
63918.327294395924,168323.0,94995.0,5331.0,61.865549000081955
63918.337383363476,168339.0,95021.0,5327.0,61.87563796763425
63918.34747233102,168329.0,95021.0,5333.0,61.885726935179264
63918.357561298566,168358.0,95042.0,5331.0,61.89581590272428
63918.36765026612,168328.0,94990.0,5329.0,61.90590487027657
63918.37773923366,168331.0,95023.0,5353.0,61.91599383782159
63918.38782820121,168354.0,95061.0,5352.0,61.926082805366605
63918.39791716875,168346.0,95004.0,5316.0,61.93617177291162
63918.408006136306,168310.0,94988.0,5312.0,61.94626074046391
63918.41809510385,168352.0,95006.0,5314.0,61.95634970800893
63918.428184071396,168346.0,95013.0,5336.0,61.966438675553945
63918.43827303895,168344.0,94995.0,5357.0,61.97652764310624
63918.44836200649,168353.0,95017.0,5337.0,61.986616610651254
63918.45845097404,168377.0,95002.0,5367.0,61.99670557819627
63918.46853994159,168355.0,95024.0,5338.0,62.00679454574856
63918.478628909135,168354.0,95009.0,5337.0,62.01688351329358
63918.48871787668,168383.0,95034.0,5333.0,62.026972480838594
63918.49880684423,168352.0,95004.0,5330.0,62.03706144839089
63918.50889581178,168347.0,95017.0,5336.0,62.0471504159359
63918.51898477932,168358.0,95017.0,5329.0,62.05723938348092
63918.529073746875,168350.0,95030.0,5356.0,62.06732835103321
63918.53916271442,168352.0,94994.0,5341.0,62.07741731857823
63918.549251681965,168350.0,95020.0,5346.0,62.087506286123244
63918.55934064952,168375.0,95025.0,5302.0,62.097595253675536
63918.56942961706,168375.0,95012.0,5360.0,62.10768422122055
63918.57951858461,168353.0,95014.0,5347.0,62.11777318876557
63918.58960755215,168383.0,95017.0,5349.0,62.127862156310584
63918.599696519705,168358.0,94993.0,5342.0,62.13795112386288
63918.60978548725,168364.0,95005.0,5332.0,62.14804009140789
63918.619874454795,168396.0,95027.0,5343.0,62.15812905895291
63918.62996342235,168402.0,95026.0,5362.0,62.1682180265052
63918.64005238989,168405.0,95020.0,5384.0,62.17830699405022
63918.65014135744,168365.0,95002.0,5339.0,62.18839596159523
63918.66023032499,168448.0,95061.0,5391.0,62.198484929147526
63918.670319292534,168436.0,95024.0,5375.0,62.20857389669254
63918.68040826008,168430.0,95022.0,5377.0,62.21866286423756
63918.69049722763,168457.0,95049.0,5343.0,62.22875183178985
63918.70058619518,168470.0,95019.0,5383.0,62.23884079933487
63918.71067516272,168481.0,95031.0,5397.0,62.24892976687988
63918.720764130274,168465.0,95043.0,5398.0,62.259018734432175
63918.73085309782,168506.0,95065.0,5409.0,62.26910770197719
63918.740942065364,168531.0,95063.0,5407.0,62.27919666952221
63918.75103103291,168525.0,95067.0,5417.0,62.28928563706722
63918.76112000046,168512.0,95055.0,5400.0,62.299374604619516
63918.771208968006,168576.0,95071.0,5412.0,62.30946357216453
63918.78129793555,168521.0,95012.0,5412.0,62.31955253970955
63918.7913869031,168526.0,95068.0,5392.0,62.32964150726184
63918.80147587065,168573.0,95088.0,5419.0,62.339730474806856
63918.81156483819,168560.0,95061.0,5443.0,62.34981944235187
63918.821653805746,168544.0,95057.0,5426.0,62.359908409904165
63918.83174277329,168594.0,95076.0,5421.0,62.36999737744918
63918.841831740836,168577.0,95074.0,5439.0,62.3800863449942
63918.85192070839,168592.0,95081.0,5448.0,62.39017531254649
63918.86200967593,168609.0,95107.0,5427.0,62.400264280091505
63918.87209864348,168641.0,95085.0,5464.0,62.41035324763652
63918.88218761103,168641.0,95108.0,5450.0,62.420442215188814
63918.892276578576,168638.0,95094.0,5447.0,62.43053118273383
63918.90236554612,168683.0,95112.0,5474.0,62.440620150278846
63918.91245451367,168690.0,95131.0,5436.0,62.45070911783114
63918.92254348122,168634.0,95101.0,5459.0,62.460798085376155
63918.93263244876,168633.0,95092.0,5455.0,62.47088705292117
63918.94272141631,168669.0,95085.0,5440.0,62.48097602046619
63918.95281038386,168673.0,95075.0,5478.0,62.49106498801848
63918.962899351405,168712.0,95112.0,5476.0,62.501153955563495
63918.97298831895,168713.0,95122.0,5503.0,62.51124292310851
63918.9830772865,168687.0,95093.0,5459.0,62.521331890660804
63918.99316625405,168725.0,95112.0,5462.0,62.53142085820582
63919.00325522159,168744.0,95118.0,5492.0,62.541509825750836
63919.013344189145,168763.0,95131.0,5501.0,62.55159879330313
63919.02343315669,168748.0,95151.0,5511.0,62.561687760848145
63919.033522124235,168752.0,95118.0,5488.0,62.57177672839316
63919.04361109179,168774.0,95125.0,5505.0,62.58186569594545
63919.05370005933,168799.0,95133.0,5470.0,62.59195466349047
63919.06378902688,168744.0,95145.0,5498.0,62.602043631035485
63919.07387799443,168726.0,95118.0,5478.0,62.61213259858778
63919.083966961975,168699.0,95114.0,5472.0,62.622221566132794
63919.09405592952,168666.0,95086.0,5451.0,62.63231053367781
63919.104144897065,168642.0,95100.0,5454.0,62.642399501222826
63919.11423386462,168634.0,95101.0,5418.0,62.65248846877512
63919.12432283216,168567.0,95075.0,5419.0,62.662577436320134
63919.13441179971,168524.0,95058.0,5424.0,62.67266640386515
63919.14450076726,168510.0,95046.0,5371.0,62.68275537141744
63919.154589734804,168526.0,95044.0,5397.0,62.69284433896246
63919.16467870235,168496.0,95054.0,5388.0,62.702933306507475
63919.1747676699,168495.0,95055.0,5356.0,62.71302227405977
63919.18485663745,168445.0,95046.0,5351.0,62.723111241604784
63919.19494560499,168451.0,95009.0,5345.0,62.7332002091498
63919.205034572544,168461.0,95043.0,5370.0,62.74328917670209
63919.21512354009,168491.0,95053.0,5373.0,62.75337814424711
63919.225212507634,168431.0,95068.0,5349.0,62.763467111792124
63919.235301475186,168456.0,95052.0,5376.0,62.77355607934442
63919.24539044273,168454.0,95038.0,5359.0,62.78364504688943
63919.255479410276,168435.0,95025.0,5338.0,62.79373401443445
63919.26556837783,168427.0,95040.0,5337.0,62.80382298198674
63919.27565734537,168431.0,95018.0,5342.0,62.81391194953176
63919.28574631292,168449.0,95033.0,5356.0,62.82400091707677
63919.29583528047,168427.0,95007.0,5370.0,62.834089884629066
63919.305924248016,168422.0,95014.0,5342.0,62.84417885217408
63919.31601321556,168461.0,95044.0,5343.0,62.8542678197191
63919.326102183106,168452.0,95016.0,5389.0,62.864356787264114
63919.33619115066,168431.0,95040.0,5354.0,62.874445754816406
63919.3462801182,168407.0,94998.0,5352.0,62.88453472236142
63919.35636908575,168444.0,95062.0,5366.0,62.89462368990644
63919.3664580533,168429.0,95025.0,5380.0,62.90471265745873
63919.376547020845,168412.0,95042.0,5344.0,62.91480162500375
63919.38663598839,168418.0,94991.0,5347.0,62.92489059254876
63919.39672495594,168402.0,94989.0,5332.0,62.934979560101056
63919.40681392349,168394.0,94988.0,5327.0,62.94506852764607
63919.41690289103,168376.0,95019.0,5332.0,62.95515749519109
63919.426991858585,168361.0,94984.0,5340.0,62.96524646274338
63919.43708082613,168376.0,95024.0,5350.0,62.975335430288396
63919.447169793675,168340.0,94974.0,5333.0,62.98542439783341
63919.45725876123,168349.0,95001.0,5326.0,62.995513365385705
63919.46734772877,168345.0,94971.0,5322.0,63.00560233293072
63919.47743669632,168354.0,94969.0,5338.0,63.01569130047574
63919.48752566386,168379.0,95007.0,5358.0,63.02578026802075
63919.497614631415,168352.0,94996.0,5330.0,63.035869235573045
63919.50770359896,168382.0,94986.0,5349.0,63.04595820311806
63919.517792566505,168398.0,95010.0,5344.0,63.05604717066308
63919.52788153406,168362.0,94981.0,5328.0,63.06613613821537
63919.5379705016,168379.0,94998.0,5319.0,63.076225105760386
63919.54805946915,168400.0,95016.0,5325.0,63.0863140733054
63919.5581484367,168373.0,94984.0,5329.0,63.096403040857695
63919.568237404244,168395.0,95031.0,5347.0,63.10649200840271
63919.57832637179,168406.0,94998.0,5341.0,63.11658097594773
63919.58841533934,168446.0,94984.0,5360.0,63.12666994350002
63919.59850430689,168440.0,95008.0,5375.0,63.136758911045035
63919.60859327443,168413.0,94975.0,5344.0,63.14684787859005
63919.618682241984,168438.0,95007.0,5362.0,63.156936846142344
63919.62877120953,168410.0,95017.0,5337.0,63.16702581368736
63919.638860177074,168448.0,95008.0,5363.0,63.177114781232376
63919.64894914463,168475.0,95019.0,5395.0,63.18720374878467
63919.65903811217,168479.0,95024.0,5363.0,63.197292716329684
63919.66912707972,168455.0,95014.0,5349.0,63.2073816838747
63919.67921604726,168501.0,95046.0,5365.0,63.21747065141972
63919.689305014814,168483.0,95005.0,5397.0,63.22755961897201
63919.69939398236,168497.0,95023.0,5388.0,63.237648586517025
63919.709482949904,168520.0,94999.0,5402.0,63.24773755406204
63919.719571917456,168527.0,95019.0,5371.0,63.257826521614334
63919.729660885,168478.0,95014.0,5370.0,63.26791548915935
63919.739749852546,168514.0,95019.0,5395.0,63.278004456704366
63919.7498388201,168533.0,95045.0,5374.0,63.28809342425666
63919.75992778764,168525.0,95010.0,5383.0,63.298182391801674
63919.77001675519,168537.0,95034.0,5401.0,63.30827135934669
63919.78010572274,168550.0,95048.0,5408.0,63.31836032689898
63919.790194690286,168556.0,95036.0,5425.0,63.328449294444
63919.80028365783,168565.0,95075.0,5437.0,63.338538261989015
63919.81037262538,168548.0,95041.0,5394.0,63.34862722954131
63919.82046159293,168554.0,95048.0,5410.0,63.35871619708632
63919.83055056047,168554.0,95055.0,5437.0,63.36880516463134
63919.84063952802,168559.0,95047.0,5418.0,63.378894132176356
63919.85072849557,168581.0,95061.0,5453.0,63.38898309972865
63919.860817463115,168514.0,95029.0,5393.0,63.399072067273664
63919.87090643066,168570.0,95034.0,5432.0,63.40916103481868
63919.88099539821,168594.0,95072.0,5426.0,63.41925000237097
63919.89108436576,168585.0,95055.0,5474.0,63.42933896991599
63919.9011733333,168619.0,95064.0,5435.0,63.439427937461005
63919.911262300855,168632.0,95067.0,5450.0,63.4495169050133
63919.9213512684,168607.0,95041.0,5452.0,63.45960587255831
63919.931440235945,168669.0,95070.0,5477.0,63.46969484010333
63919.9415292035,168638.0,95074.0,5446.0,63.47978380765562
63919.95161817104,168645.0,95076.0,5472.0,63.48987277520064
63919.96170713859,168617.0,95081.0,5481.0,63.499961742745654
63919.97179610614,168579.0,95028.0,5442.0,63.510050710297946
63919.981885073685,168563.0,95066.0,5464.0,63.52013967784296
63919.99197404123,168583.0,95069.0,5447.0,63.53022864538798
63920.00206300878,168514.0,95021.0,5418.0,63.54031761294027
63920.01215197633,168468.0,95020.0,5383.0,63.55040658048529
63920.02224094387,168461.0,95042.0,5393.0,63.5604955480303
63920.03232991142,168415.0,95001.0,5369.0,63.57058451557532
63920.04241887897,168363.0,95010.0,5340.0,63.58067348312761
63920.052507846514,168345.0,95025.0,5352.0,63.59076245067263
63920.06259681406,168353.0,94987.0,5312.0,63.600851418217644
63920.07268578161,168311.0,94986.0,5306.0,63.610940385769936
63920.08277474916,168297.0,94970.0,5292.0,63.62102935331495
63920.0928637167,168304.0,94986.0,5326.0,63.63111832085997
63920.102952684254,168246.0,94936.0,5312.0,63.64120728841226
63920.1130416518,168288.0,94968.0,5300.0,63.65129625595728
63920.123130619344,168284.0,95023.0,5334.0,63.66138522350229
63920.133219586896,168241.0,94960.0,5297.0,63.671474191054585
63920.14330855444,168264.0,94977.0,5276.0,63.6815631585996
63920.153397521986,168288.0,94962.0,5311.0,63.69165212614462
63920.16348648954,168286.0,94977.0,5341.0,63.70174109369691
63920.173575457084,168252.0,94954.0,5310.0,63.711830061241926
63920.18366442463,168264.0,94987.0,5297.0,63.72191902878694
63920.193753392174,168288.0,94967.0,5307.0,63.73200799633196
63920.203842359726,168302.0,94978.0,5340.0,63.74209696388425
63920.21393132727,168284.0,94971.0,5284.0,63.75218593142927
63920.224020294816,168325.0,94966.0,5332.0,63.76227489897428
63920.23410926237,168287.0,94972.0,5314.0,63.772363866526575
63920.24419822991,168258.0,94956.0,5301.0,63.78245283407159
63920.25428719746,168259.0,94974.0,5306.0,63.79254180161661
63920.26437616501,168264.0,94971.0,5303.0,63.8026307691689
63920.274465132556,168267.0,94960.0,5319.0,63.812719736713916
63920.2845541001,168243.0,94926.0,5304.0,63.82280870425893
63920.29464306765,168280.0,94962.0,5305.0,63.832897671811224
63920.3047320352,168229.0,94947.0,5307.0,63.84298663935624
63920.31482100274,168262.0,94957.0,5280.0,63.85307560690126
63920.324909970295,168232.0,94967.0,5300.0,63.86316457445355
63920.33499893784,168276.0,94972.0,5319.0,63.873253541998565
63920.345087905385,168231.0,94926.0,5285.0,63.88334250954358
63920.35517687294,168244.0,94948.0,5306.0,63.893431477095874
63920.36526584048,168243.0,94926.0,5290.0,63.90352044464089
63920.37535480803,168235.0,94932.0,5292.0,63.913609412185906
63920.38544377557,168244.0,94965.0,5266.0,63.92369837973092
63920.395532743125,168277.0,94945.0,5328.0,63.933787347283214
63920.40562171067,168269.0,94967.0,5297.0,63.94387631482823
63920.415710678215,168260.0,94929.0,5301.0,63.95396528237325
63920.42579964577,168298.0,94918.0,5309.0,63.96405424992554
63920.43588861331,168264.0,94923.0,5314.0,63.974143217470555
63920.44597758086,168293.0,94967.0,5320.0,63.98423218501557
63920.45606654841,168279.0,94964.0,5309.0,63.99432115256786
63920.466155515955,168293.0,94950.0,5304.0,64.00441012011288
63920.4762444835,168321.0,94954.0,5330.0,64.0144990876579
63920.48633345105,168356.0,94980.0,5323.0,64.02458805521019
63920.4964224186,168334.0,94965.0,5337.0,64.0346770227552
63920.50651138614,168353.0,94976.0,5353.0,64.04476599030022
63920.516600353694,168363.0,94985.0,5326.0,64.05485495785251
63920.52668932124,168376.0,94996.0,5351.0,64.06494392539753
63920.536778288784,168404.0,94988.0,5370.0,64.07503289294255
63920.54686725634,168360.0,94981.0,5375.0,64.08512186049484
63920.55695622388,168349.0,95000.0,5372.0,64.09521082803985
63920.56704519143,168268.0,94969.0,5346.0,64.10529979558487
63920.57713415897,168169.0,94923.0,5338.0,64.11538876312989
63920.587223126524,168068.0,94898.0,5304.0,64.12547773068218
63920.59731209407,167986.0,94904.0,5337.0,64.1355666982272
63920.607401061614,167835.0,94834.0,5279.0,64.14565566577221
63920.617490029166,167746.0,94801.0,5269.0,64.1557446333245
63920.62757899671,167711.0,94780.0,5259.0,64.16583360086952
63920.637667964256,167761.0,94809.0,5259.0,64.17592256841453
63920.64775693181,167784.0,94848.0,5234.0,64.18601153596683
63920.65784589935,167752.0,94811.0,5214.0,64.19610050351184
63920.6679348669,167767.0,94822.0,5220.0,64.20618947105686
63920.67802383445,167679.0,94792.0,5200.0,64.21627843860915
63920.688112801996,167579.0,94800.0,5175.0,64.22636740615417
63920.69820176954,167444.0,94716.0,5141.0,64.23645637369918
63920.70829073709,167391.0,94732.0,5126.0,64.24654534125148
63920.71837970464,167261.0,94665.0,5135.0,64.25663430879649
63920.72846867218,167170.0,94647.0,5100.0,64.26672327634151
63920.738557639736,167081.0,94610.0,5079.0,64.2768122438938
63920.74864660728,167046.0,94616.0,5084.0,64.28690121143882
63920.758735574826,167003.0,94564.0,5034.0,64.29699017898383
63920.76882454237,166965.0,94572.0,5024.0,64.30707914652885
63920.77891350992,166902.0,94590.0,5023.0,64.31716811408114
63920.78900247747,166763.0,94480.0,4997.0,64.32725708162616
63920.79909144501,166721.0,94472.0,4971.0,64.33734604917117
63920.809180412565,166689.0,94439.0,4971.0,64.34743501672347
63920.81926938011,166640.0,94431.0,4948.0,64.35752398426848
63920.829358347655,166489.0,94372.0,4888.0,64.3676129518135
63920.83944731521,166403.0,94342.0,4875.0,64.37770191936579
63920.84953628275,166197.0,94280.0,4855.0,64.3877908869108
63920.8596252503,165967.0,94220.0,4842.0,64.39787985445582
63920.86971421785,165774.0,94150.0,4763.0,64.40796882200812
63920.879803185395,165563.0,94098.0,4749.0,64.41805778955313
63920.88989215294,165254.0,93999.0,4692.0,64.42814675709815
63920.89998112049,165013.0,93879.0,4642.0,64.43823572465044
63920.91007008804,164734.0,93789.0,4573.0,64.44832469219546
63920.92015905558,164492.0,93721.0,4586.0,64.45841365974047
63920.93024802313,164197.0,93584.0,4506.0,64.46850262728549
63920.94033699068,163844.0,93466.0,4498.0,64.47859159483778
63920.950425958225,163461.0,93337.0,4464.0,64.4886805623828
63920.96051492577,163252.0,93212.0,4421.0,64.49876952992781
63920.97060389332,163182.0,93196.0,4445.0,64.5088584974801
63920.98069286087,163165.0,93182.0,4419.0,64.51894746502512
63920.99078182841,163108.0,93172.0,4443.0,64.52903643257014
63921.000870795964,163008.0,93108.0,4380.0,64.53912540012243
63921.01095976351,162940.0,93122.0,4423.0,64.54921436766745
63921.021048731054,162895.0,93087.0,4387.0,64.55930333521246
63921.03113769861,162916.0,93070.0,4408.0,64.56939230276475
63921.04122666615,162906.0,93085.0,4373.0,64.57948127030977
63921.0513156337,162942.0,93093.0,4387.0,64.58957023785479
63921.06140460125,162959.0,93096.0,4364.0,64.59965920540708
63921.071493568794,162978.0,93137.0,4363.0,64.6097481729521
63921.08158253634,162967.0,93132.0,4405.0,64.61983714049711
63921.09167150389,162891.0,93100.0,4371.0,64.6299261080494
63921.101760471436,162742.0,93055.0,4362.0,64.64001507559442
63921.11184943898,162601.0,93014.0,4345.0,64.65010404313944
63921.121938406526,162488.0,92971.0,4352.0,64.66019301068445
63921.13202737408,162319.0,92895.0,4325.0,64.67028197823674
63921.14211634162,162218.0,92876.0,4326.0,64.68037094578176
63921.15220530917,162058.0,92828.0,4298.0,64.69045991332678
63921.16229427672,161931.0,92784.0,4325.0,64.70054888087907
63921.172383244266,161828.0,92757.0,4280.0,64.71063784842408
63921.18247221181,161748.0,92744.0,4300.0,64.7207268159691
63921.19256117936,161590.0,92715.0,4309.0,64.7308157835214
63921.20265014691,161393.0,92593.0,4283.0,64.74090475106641
63921.21273911445,161230.0,92554.0,4247.0,64.75099371861143
63921.222828082005,161144.0,92512.0,4278.0,64.76108268616372
63921.23291704955,161077.0,92480.0,4291.0,64.77117165370873
63921.243006017095,160938.0,92416.0,4277.0,64.78126062125375
63921.25309498465,160928.0,92449.0,4280.0,64.79134958880604
63921.26318395219,160868.0,92413.0,4280.0,64.80143855635106
63921.27327291974,160848.0,92442.0,4275.0,64.81152752389607
63921.28336188728,160912.0,92472.0,4305.0,64.82161649144109
63921.293450854835,161006.0,92492.0,4299.0,64.83170545899338
63921.30353982238,161067.0,92516.0,4286.0,64.8417944265384
63921.313628789925,161164.0,92558.0,4261.0,64.85188339408342
63921.32371775748,161310.0,92614.0,4300.0,64.86197236163571
63921.33380672502,161368.0,92634.0,4305.0,64.87206132918072
63921.34389569257,161533.0,92705.0,4282.0,64.88215029672574
63921.35398466012,161679.0,92759.0,4336.0,64.89223926427803
63921.364073627665,161850.0,92852.0,4330.0,64.90232823182305
63921.37416259521,162014.0,92884.0,4317.0,64.91241719936806
63921.38425156276,162201.0,92952.0,4350.0,64.92250616692036
63921.39434053031,162362.0,93066.0,4335.0,64.93259513446537
63921.40442949785,162595.0,93136.0,4359.0,64.94268410201039
63921.414518465404,162815.0,93191.0,4337.0,64.95277306956268
63921.42460743295,163093.0,93314.0,4359.0,64.9628620371077
63921.434696400494,163367.0,93442.0,4370.0,64.97295100465271
63921.44478536805,163616.0,93509.0,4373.0,64.983039972205
63921.45487433559,163904.0,93627.0,4394.0,64.99312893975002
63921.46496330314,164085.0,93702.0,4384.0,65.00321790729504
63921.47505227068,164337.0,93803.0,4390.0,65.01330687484005
63921.485141238234,164511.0,93885.0,4408.0,65.02339584239235
63921.49523020578,164753.0,93974.0,4424.0,65.03348480993736
63921.505319173324,164901.0,94020.0,4450.0,65.04357377748238
63921.51540814088,165069.0,94085.0,4437.0,65.05366274503467
63921.52549710842,165181.0,94115.0,4421.0,65.06375171257969
63921.53558607597,165322.0,94188.0,4440.0,65.0738406801247
63921.54567504352,165346.0,94197.0,4447.0,65.083929647677
63921.555764011064,165365.0,94210.0,4457.0,65.09401861522201
63921.56585297861,165304.0,94187.0,4453.0,65.10410758276703
63921.57594194616,165246.0,94156.0,4448.0,65.11419655031932
63921.586030913706,165190.0,94145.0,4453.0,65.12428551786434
63921.59611988125,165069.0,94115.0,4456.0,65.13437448540935
63921.6062088488,164983.0,94093.0,4458.0,65.14446345296165
63921.61629781635,164861.0,94052.0,4465.0,65.15455242050666
63921.62638678389,164755.0,94027.0,4438.0,65.16464138805168
63921.63647575144,164656.0,93984.0,4414.0,65.1747303555967
63921.64656471899,164533.0,93932.0,4391.0,65.18481932314899
63921.656653686536,164423.0,93893.0,4368.0,65.194908290694
63921.66674265408,164295.0,93878.0,4371.0,65.20499725823902
63921.67683162163,164149.0,93837.0,4329.0,65.21508622579131
63921.68692058918,164020.0,93792.0,4311.0,65.22517519333633
63921.69700955672,163894.0,93748.0,4279.0,65.23526416088134
63921.707098524275,163796.0,93735.0,4281.0,65.24535312843363
63921.71718749182,163684.0,93682.0,4250.0,65.25544209597865
63921.727276459365,163595.0,93649.0,4198.0,65.26553106352367
63921.73736542692,163468.0,93630.0,4202.0,65.27562003107596
63921.74745439446,163360.0,93589.0,4248.0,65.28570899862098
63921.75754336201,163281.0,93553.0,4212.0,65.29579796616599
63921.76763232956,163183.0,93515.0,4182.0,65.30588693371828
63921.777721297105,163149.0,93509.0,4200.0,65.3159759012633
63921.78781026465,163100.0,93474.0,4197.0,65.32606486880832
63921.7978992322,163034.0,93501.0,4203.0,65.33615383636061
63921.80798819975,163015.0,93486.0,4171.0,65.34624280390562
63921.81807716729,162967.0,93479.0,4221.0,65.35633177145064
63921.828166134845,162901.0,93430.0,4188.0,65.36642073900293
63921.83825510239,162902.0,93447.0,4193.0,65.37650970654795
63921.848344069935,162862.0,93465.0,4191.0,65.38659867409297
63921.85843303748,162844.0,93423.0,4193.0,65.39668764163798
63921.86852200503,162870.0,93470.0,4217.0,65.40677660919027
63921.87861097258,162859.0,93450.0,4220.0,65.41686557673529
63921.88869994012,162868.0,93498.0,4202.0,65.4269545442803
63921.898788907674,162889.0,93493.0,4210.0,65.4370435118326
63921.90887787522,162904.0,93511.0,4217.0,65.44713247937761
63921.918966842764,162973.0,93508.0,4209.0,65.45722144692263
63921.92905581032,162987.0,93511.0,4210.0,65.46731041447492
63921.93914477786,162996.0,93536.0,4197.0,65.47739938201994
63921.94923374541,163053.0,93564.0,4224.0,65.48748834956496
63921.95932271296,163031.0,93544.0,4192.0,65.49757731711725
63921.969411680504,163064.0,93575.0,4207.0,65.50766628466226
63921.97950064805,163102.0,93571.0,4193.0,65.51775525220728
63921.9895896156,163084.0,93573.0,4180.0,65.52784421975957
63921.999678583146,163113.0,93585.0,4177.0,65.53793318730459
63922.00976755069,163147.0,93619.0,4186.0,65.5480221548496
63922.019856518236,163173.0,93640.0,4200.0,65.55811112239462
63922.02994548579,163168.0,93610.0,4194.0,65.56820008994691
63922.040034453334,163165.0,93649.0,4189.0,65.57828905749193
63922.05012342088,163203.0,93659.0,4204.0,65.58837802503695
63922.06021238843,163206.0,93638.0,4203.0,65.59846699258924
63922.070301355976,163223.0,93661.0,4199.0,65.60855596013425
63922.08039032352,163234.0,93695.0,4248.0,65.61864492767927
63922.09047929107,163259.0,93686.0,4226.0,65.62873389523156
63922.10056825862,163275.0,93676.0,4221.0,65.63882286277658
63922.11065722616,163281.0,93699.0,4222.0,65.6489118303216
63922.120746193716,163381.0,93742.0,4255.0,65.65900079787389
63922.13083516126,163380.0,93735.0,4259.0,65.6690897654189
63922.140924128806,163408.0,93725.0,4251.0,65.67917873296392
63922.15101309636,163480.0,93777.0,4254.0,65.68926770051621
63922.1611020639,163472.0,93788.0,4276.0,65.69935666806123
63922.17119103145,163539.0,93795.0,4262.0,65.70944563560624
63922.181279999,163583.0,93827.0,4281.0,65.71953460315854
63922.191368966545,163619.0,93831.0,4300.0,65.72962357070355
63922.20145793409,163635.0,93836.0,4262.0,65.73971253824857
63922.211546901635,163678.0,93848.0,4285.0,65.74980150579358
63922.22163586919,163721.0,93848.0,4282.0,65.75989047334588
63922.23172483673,163767.0,93910.0,4318.0,65.76997944089089
63922.24181380428,163807.0,93915.0,4292.0,65.78006840843591
63922.25190277183,163816.0,93903.0,4314.0,65.7901573759882
63922.261991739375,163830.0,93892.0,4302.0,65.80024634353322
63922.27208070692,163894.0,93924.0,4297.0,65.81033531107823
63922.28216967447,163927.0,93952.0,4340.0,65.82042427863053
63922.29225864202,163936.0,93960.0,4318.0,65.83051324617554
63922.30234760956,163954.0,93935.0,4304.0,65.84060221372056
63922.312436577115,163976.0,94007.0,4322.0,65.85069118127285
63922.32252554466,164017.0,93987.0,4318.0,65.86078014881787
63922.332614512205,164051.0,94006.0,4333.0,65.87086911636288
63922.34270347976,164058.0,93978.0,4313.0,65.88095808391517
63922.3527924473,164068.0,94001.0,4323.0,65.89104705146019
63922.36288141485,164119.0,94041.0,4329.0,65.90113601900521
63922.37297038239,164132.0,94020.0,4341.0,65.91122498655022
63922.383059349944,164125.0,94011.0,4375.0,65.92131395410252
63922.39314831749,164154.0,94041.0,4404.0,65.93140292164753
63922.403237285034,164171.0,94038.0,4331.0,65.94149188919255
63922.41332625259,164158.0,94054.0,4335.0,65.95158085674484
63922.42341522013,164152.0,94015.0,4339.0,65.96166982428986
63922.43350418768,164163.0,94048.0,4291.0,65.97175879183487
63922.44359315523,164149.0,94036.0,4319.0,65.98184775938716
63922.453682122774,164080.0,94006.0,4287.0,65.99193672693218
63922.46377109032,164059.0,94027.0,4263.0,66.0020256944772
63922.47386005787,164021.0,94032.0,4280.0,66.01211466202949
63922.483949025416,164002.0,93993.0,4243.0,66.0222036295745
63922.49403799296,163956.0,94002.0,4212.0,66.03229259711952
63922.50412696051,163903.0,93985.0,4223.0,66.04238156467181
63922.51421592806,163839.0,93985.0,4191.0,66.05247053221683
63922.5243048956,163855.0,94001.0,4217.0,66.06255949976185
63922.534393863156,163842.0,93992.0,4244.0,66.07264846731414
63922.5444828307,163800.0,93971.0,4198.0,66.08273743485915
63922.554571798246,163795.0,93960.0,4192.0,66.09282640240417
63922.56466076579,163766.0,93954.0,4218.0,66.10291536994919
63922.57474973334,163763.0,93968.0,4213.0,66.11300433750148
63922.58483870089,163780.0,93968.0,4204.0,66.1230933050465
63922.59492766843,163777.0,93979.0,4205.0,66.13318227259151
63922.605016635986,163757.0,93960.0,4177.0,66.1432712401438
63922.61510560353,163763.0,93975.0,4224.0,66.15336020768882
63922.625194571076,163762.0,93977.0,4210.0,66.16344917523384
63922.63528353863,163771.0,93977.0,4185.0,66.17353814278613
63922.64537250617,163782.0,93943.0,4205.0,66.18362711033114
63922.65546147372,163769.0,93964.0,4222.0,66.19371607787616
63922.66555044127,163787.0,94007.0,4217.0,66.20380504542845
63922.675639408815,163789.0,94020.0,4220.0,66.21389401297347
63922.68572837636,163819.0,94033.0,4227.0,66.22398298051849
63922.69581734391,163849.0,94033.0,4215.0,66.23407194807078
63922.70590631146,163822.0,94011.0,4220.0,66.2441609156158
63922.715995279,163799.0,94003.0,4232.0,66.25424988316081
63922.72608424655,163807.0,94003.0,4235.0,66.26433885070583
63922.7361732141,163819.0,94010.0,4232.0,66.27442781825812
63922.746262181645,163840.0,94024.0,4219.0,66.28451678580313
63922.75635114919,163857.0,94029.0,4249.0,66.29460575334815
63922.76644011674,163860.0,94004.0,4230.0,66.30469472090044
63922.77652908429,163870.0,94019.0,4240.0,66.31478368844546
63922.78661805183,163870.0,94041.0,4227.0,66.32487265599048
63922.796707019384,163840.0,94052.0,4226.0,66.33496162354277
63922.80679598693,163842.0,94032.0,4219.0,66.34505059108778
63922.816884954475,163842.0,94016.0,4210.0,66.3551395586328
63922.82697392203,163884.0,94039.0,4241.0,66.36522852618509
63922.83706288957,163866.0,94035.0,4227.0,66.37531749373011
63922.84715185712,163902.0,94036.0,4235.0,66.38540646127512
63922.85724082467,163925.0,94062.0,4256.0,66.39549542882742
63922.867329792214,163928.0,94071.0,4246.0,66.40558439637243
63922.87741875976,163909.0,94088.0,4250.0,66.41567336391745
63922.88750772731,163975.0,94111.0,4291.0,66.42576233146974
63922.89759669486,163992.0,94109.0,4248.0,66.43585129901476
63922.9076856624,164004.0,94101.0,4297.0,66.44594026655977
63922.91777462995,163975.0,94092.0,4286.0,66.45602923410479
63922.9278635975,164005.0,94125.0,4246.0,66.46611820165708
63922.937952565044,164008.0,94092.0,4272.0,66.4762071692021
63922.94804153259,164063.0,94127.0,4317.0,66.48629613674711
63922.95813050014,164084.0,94157.0,4304.0,66.4963851042994
63922.968219467686,164088.0,94137.0,4293.0,66.50647407184442
63922.97830843523,164144.0,94155.0,4344.0,66.51656303938944
63922.98839740278,164108.0,94131.0,4304.0,66.52665200694173
63922.99848637033,164146.0,94152.0,4310.0,66.53674097448675
63923.00857533787,164151.0,94145.0,4321.0,66.54682994203176
63923.018664305426,164171.0,94149.0,4309.0,66.55691890958406
63923.02875327297,164223.0,94160.0,4335.0,66.56700787712907
63923.038842240516,164215.0,94179.0,4327.0,66.57709684467409
63923.04893120807,164203.0,94173.0,4319.0,66.58718581222638
63923.05902017561,164274.0,94210.0,4337.0,66.5972747797714
63923.06910914316,164232.0,94195.0,4319.0,66.60736374731641
63923.0791981107,164276.0,94193.0,4351.0,66.61745271486143
63923.089287078255,164283.0,94194.0,4352.0,66.62754168241372
63923.0993760458,164310.0,94207.0,4342.0,66.63763064995874
63923.109465013345,164311.0,94198.0,4370.0,66.64771961750375
63923.1195539809,164356.0,94228.0,4360.0,66.65780858505605
63923.12964294844,164387.0,94255.0,4354.0,66.66789755260106
63923.13973191599,164372.0,94208.0,4338.0,66.67798652014608
63923.14982088354,164395.0,94240.0,4361.0,66.68807548769837
63923.159909851085,164403.0,94244.0,4365.0,66.69816445524339
63923.16999881863,164427.0,94249.0,4378.0,66.7082534227884
63923.18008778618,164412.0,94233.0,4354.0,66.7183423903407
63923.19017675373,164454.0,94269.0,4376.0,66.72843135788571
63923.20026572127,164415.0,94253.0,4365.0,66.73852032543073
63923.210354688825,164429.0,94274.0,4383.0,66.74860929298302
63923.22044365637,164426.0,94247.0,4370.0,66.75869826052804
63923.230532623915,164493.0,94265.0,4404.0,66.76878722807305
63923.24062159147,164474.0,94257.0,4382.0,66.77887619562534
63923.25071055901,164441.0,94259.0,4351.0,66.78896516317036
63923.26079952656,164423.0,94266.0,4327.0,66.79905413071538
63923.27088849411,164394.0,94231.0,4331.0,66.80914309826767
63923.280977461654,164351.0,94227.0,4318.0,66.81923206581268
63923.2910664292,164311.0,94235.0,4291.0,66.8293210333577
63923.301155396744,164270.0,94198.0,4288.0,66.83941000090272
63923.3112443643,164254.0,94181.0,4288.0,66.84949896845501
63923.32133333184,164234.0,94192.0,4272.0,66.85958793600003
63923.33142229939,164255.0,94206.0,4263.0,66.86967690354504
63923.34151126694,164171.0,94175.0,4245.0,66.87976587109733
63923.351600234484,164192.0,94178.0,4258.0,66.88985483864235
63923.36168920203,164197.0,94201.0,4260.0,66.89994380618737
63923.37177816958,164154.0,94205.0,4268.0,66.91003277373966
63923.38186713713,164151.0,94187.0,4233.0,66.92012174128467
63923.39195610467,164199.0,94208.0,4245.0,66.93021070882969
63923.402045072224,164165.0,94199.0,4255.0,66.94029967638198
63923.41213403977,164152.0,94198.0,4280.0,66.950388643927
63923.422223007314,164193.0,94174.0,4290.0,66.96047761147202
63923.432311974866,164186.0,94222.0,4306.0,66.97056657902431
63923.44240094241,164155.0,94199.0,4271.0,66.98065554656932
63923.452489909956,164183.0,94197.0,4287.0,66.99074451411434
63923.4625788775,164217.0,94209.0,4285.0,67.00083348165936
63923.47266784505,164199.0,94216.0,4295.0,67.01092244921165
63923.4827568126,164182.0,94198.0,4283.0,67.02101141675666
63923.49284578014,164219.0,94216.0,4297.0,67.03110038430168
63923.502934747696,164228.0,94253.0,4297.0,67.04118935185397
63923.51302371524,164228.0,94209.0,4292.0,67.05127831939899
63923.523112682786,164248.0,94231.0,4268.0,67.061367286944
63923.53320165034,164259.0,94235.0,4307.0,67.0714562544963
63923.54329061788,164237.0,94215.0,4310.0,67.08154522204131
63923.55337958543,164246.0,94213.0,4285.0,67.09163418958633
63923.56346855298,164229.0,94266.0,4302.0,67.10172315713862
63923.573557520525,164252.0,94246.0,4303.0,67.11181212468364
63923.58364648807,164284.0,94241.0,4298.0,67.12190109222865
63923.59373545562,164281.0,94247.0,4284.0,67.13199005978095
63923.60382442317,164297.0,94264.0,4338.0,67.14207902732596
63923.61391339071,164287.0,94249.0,4312.0,67.15216799487098
63923.624002358265,164296.0,94253.0,4303.0,67.16225696242327
63923.63409132581,164312.0,94274.0,4321.0,67.17234592996829
63923.644180293355,164311.0,94269.0,4308.0,67.1824348975133
63923.6542692609,164336.0,94277.0,4323.0,67.19252386505832
63923.66435822845,164345.0,94275.0,4317.0,67.20261283261061
63923.674447196,164368.0,94291.0,4344.0,67.21270180015563
63923.68453616354,164349.0,94259.0,4322.0,67.22279076770064
63923.694625131095,164379.0,94296.0,4348.0,67.23287973525294
63923.70471409864,164388.0,94303.0,4335.0,67.24296870279795
63923.714803066185,164420.0,94317.0,4335.0,67.25305767034297
63923.72489203374,164431.0,94314.0,4354.0,67.26314663789526
63923.73498100128,164461.0,94330.0,4379.0,67.27323560544028
63923.74506996883,164471.0,94305.0,4390.0,67.2833245729853
63923.75515893638,164474.0,94315.0,4380.0,67.29341354053759
63923.765247903924,164483.0,94330.0,4376.0,67.3035025080826
63923.77533687147,164561.0,94353.0,4393.0,67.31359147562762
63923.78542583902,164596.0,94340.0,4407.0,67.32368044317991
63923.79551480657,164559.0,94344.0,4389.0,67.33376941072493
63923.80560377411,164610.0,94340.0,4421.0,67.34385837826994
63923.81569274166,164625.0,94374.0,4398.0,67.35394734581496
63923.82578170921,164598.0,94369.0,4416.0,67.36403631336725
63923.835870676754,164611.0,94363.0,4410.0,67.37412528091227
63923.8459596443,164667.0,94397.0,4446.0,67.38421424845728
63923.85604861185,164677.0,94369.0,4423.0,67.39430321600958
63923.866137579396,164663.0,94352.0,4406.0,67.40439218355459
63923.87622654694,164704.0,94397.0,4455.0,67.41448115109961
63923.88631551449,164709.0,94370.0,4442.0,67.4245701186519
63923.89640448204,164718.0,94379.0,4416.0,67.43465908619692
63923.906493449584,164696.0,94388.0,4446.0,67.44474805374193
63923.916582417136,164749.0,94416.0,4468.0,67.45483702129422
63923.92667138468,164742.0,94392.0,4432.0,67.46492598883924
63923.936760352226,164755.0,94424.0,4438.0,67.47501495638426
63923.94684931978,164760.0,94379.0,4447.0,67.48510392393655
63923.95693828732,164794.0,94437.0,4477.0,67.49519289148157
63923.96702725487,164772.0,94405.0,4437.0,67.50528185902658
63923.97711622242,164819.0,94420.0,4485.0,67.51537082657887
63923.987205189966,164820.0,94449.0,4469.0,67.52545979412389
63923.99729415751,164809.0,94388.0,4446.0,67.5355487616689
63924.007383125056,164848.0,94407.0,4480.0,67.54563772921392
63924.01747209261,164853.0,94425.0,4500.0,67.55572669676621
63924.02756106015,164882.0,94427.0,4485.0,67.56581566431123
63924.0376500277,164873.0,94454.0,4472.0,67.57590463185625
63924.04773899525,164933.0,94480.0,4521.0,67.58599359940854
63924.057827962795,164926.0,94454.0,4521.0,67.59608256695356
63924.06791693034,164947.0,94467.0,4514.0,67.60617153449857
63924.07800589789,164942.0,94457.0,4499.0,67.61626050205086
63924.08809486544,164985.0,94481.0,4524.0,67.62634946959588
63924.09818383298,164957.0,94437.0,4502.0,67.6364384371409
63924.108272800535,164976.0,94460.0,4512.0,67.64652740469319
63924.11836176808,164972.0,94454.0,4529.0,67.6566163722382
63924.128450735625,164974.0,94477.0,4511.0,67.66670533978322
63924.13853970318,164914.0,94381.0,4456.0,67.67679430733551
63924.14862867072,164921.0,94443.0,4468.0,67.68688327488053
63924.15871763827,164900.0,94456.0,4448.0,67.69697224242555
63924.16880660581,164827.0,94411.0,4431.0,67.70706120997056
63924.178895573365,164813.0,94410.0,4425.0,67.71715017752285
63924.18898454091,164787.0,94406.0,4420.0,67.72723914506787
63924.199073508455,164785.0,94415.0,4399.0,67.73732811261289
63924.20916247601,164721.0,94374.0,4396.0,67.74741708016518
63924.21925144355,164744.0,94398.0,4411.0,67.7575060477102
63924.2293404111,164734.0,94394.0,4394.0,67.76759501525521
63924.23942937865,164700.0,94376.0,4391.0,67.7776839828075
63924.249518346194,164737.0,94395.0,4392.0,67.78777295035252
63924.25960731374,164752.0,94426.0,4431.0,67.79786191789754
63924.26969628129,164727.0,94403.0,4376.0,67.80795088544983
63924.27978524884,164735.0,94389.0,4404.0,67.81803985299484
63924.28987421638,164745.0,94403.0,4382.0,67.82812882053986
63924.299963183934,164761.0,94415.0,4433.0,67.83821778809215
63924.31005215148,164770.0,94403.0,4410.0,67.84830675563717
63924.320141119024,164763.0,94411.0,4427.0,67.85839572318218
63924.330230086576,164779.0,94427.0,4443.0,67.86848469073448
63924.34031905412,164768.0,94394.0,4396.0,67.87857365827949
63924.350408021666,164784.0,94416.0,4429.0,67.88866262582451
63924.36049698922,164792.0,94421.0,4416.0,67.8987515933768
63924.37058595676,164802.0,94427.0,4458.0,67.90884056092182
63924.38067492431,164770.0,94406.0,4418.0,67.91892952846683
63924.39076389185,164806.0,94424.0,4438.0,67.92901849601185
63924.400852859406,164836.0,94458.0,4478.0,67.93910746356414
63924.41094182695,164781.0,94425.0,4434.0,67.94919643110916
63924.421030794496,164816.0,94446.0,4421.0,67.95928539865417
63924.43111976205,164800.0,94428.0,4437.0,67.96937436620647
63924.44120872959,164777.0,94412.0,4469.0,67.97946333375148
63924.45129769714,164771.0,94409.0,4416.0,67.9895523012965
63924.46138666469,164791.0,94446.0,4444.0,67.99964126884879
63924.471475632236,164777.0,94431.0,4414.0,68.0097302363938
63924.48156459978,164808.0,94416.0,4446.0,68.01981920393882
63924.49165356733,164800.0,94423.0,4429.0,68.02990817149112
63924.50174253488,164834.0,94454.0,4454.0,68.03999713903613
63924.51183150242,164791.0,94424.0,4432.0,68.05008610658115
63924.521920469975,164841.0,94442.0,4451.0,68.06017507413344
63924.53200943752,164823.0,94464.0,4480.0,68.07026404167846
63924.542098405065,164816.0,94404.0,4435.0,68.08035300922347
63924.55218737261,164880.0,94453.0,4447.0,68.09044197676849
63924.56227634016,164852.0,94445.0,4476.0,68.10053094432078
63924.57236530771,164877.0,94466.0,4494.0,68.1106199118658
63924.58245427525,164872.0,94430.0,4481.0,68.12070887941081
63924.592543242805,164850.0,94453.0,4477.0,68.1307978469631
63924.60263221035,164897.0,94466.0,4495.0,68.14088681450812
63924.612721177895,164947.0,94458.0,4514.0,68.15097578205314
63924.62281014545,164921.0,94473.0,4484.0,68.16106474960543
63924.63289911299,164964.0,94485.0,4518.0,68.17115371715045
63924.64298808054,164941.0,94460.0,4490.0,68.18124268469546
63924.65307704809,164957.0,94493.0,4500.0,68.19133165224775
63924.663166015634,164938.0,94472.0,4505.0,68.20142061979277
63924.67325498318,165019.0,94496.0,4552.0,68.21150958733779
63924.68334395073,165007.0,94489.0,4526.0,68.22159855489008
63924.69343291828,165015.0,94470.0,4524.0,68.2316875224351
63924.70352188582,165055.0,94502.0,4539.0,68.24177648998011
63924.713610853374,165048.0,94498.0,4556.0,68.2518654575324
63924.72369982092,165065.0,94500.0,4553.0,68.26195442507742
63924.733788788464,165016.0,94505.0,4543.0,68.27204339262244
63924.74387775601,165055.0,94500.0,4580.0,68.28213236016745
63924.75396672356,165061.0,94493.0,4562.0,68.29222132771974
63924.76405569111,165077.0,94507.0,4554.0,68.30231029526476
63924.77414465865,165098.0,94487.0,4563.0,68.31239926280978
63924.784233626204,165115.0,94554.0,4575.0,68.32248823036207
63924.79432259375,165096.0,94505.0,4562.0,68.33257719790709
63924.804411561294,165121.0,94523.0,4565.0,68.3426661654521
63924.814500528846,165175.0,94527.0,4593.0,68.3527551330044
63924.82458949639,165127.0,94499.0,4582.0,68.36284410054941
63924.834678463936,165184.0,94548.0,4579.0,68.37293306809443
63924.84476743149,165182.0,94539.0,4588.0,68.38302203564672
63924.85485639903,165161.0,94538.0,4589.0,68.39311100319173
63924.86494536658,165154.0,94531.0,4575.0,68.40319997073675
63924.87503433413,165209.0,94550.0,4623.0,68.41328893828904
63924.885123301676,165199.0,94542.0,4603.0,68.42337790583406
63924.89521226922,165199.0,94521.0,4602.0,68.43346687337907
63924.905301236766,165233.0,94505.0,4601.0,68.44355584092409
63924.91539020432,165261.0,94581.0,4628.0,68.45364480847638
63924.92547917186,165248.0,94553.0,4617.0,68.4637337760214
63924.93556813941,165230.0,94547.0,4614.0,68.47382274356642
63924.94565710696,165269.0,94580.0,4650.0,68.48391171111871
63924.955746074505,165245.0,94529.0,4649.0,68.49400067866372
63924.96583504205,165259.0,94557.0,4615.0,68.50408964620874
63924.9759240096,165290.0,94538.0,4620.0,68.51417861376103
63924.98601297715,165320.0,94586.0,4639.0,68.52426758130605
63924.99610194469,165271.0,94547.0,4600.0,68.53435654885106
63925.006190912245,165250.0,94545.0,4605.0,68.54444551640336
63925.01627987979,165254.0,94554.0,4585.0,68.55453448394837
63925.026368847335,165246.0,94552.0,4575.0,68.56462345149339
63925.03645781489,165215.0,94529.0,4556.0,68.57471241904568
63925.04654678243,165149.0,94505.0,4555.0,68.5848013865907
63925.05663574998,165151.0,94519.0,4545.0,68.59489035413571
63925.06672471753,165078.0,94462.0,4570.0,68.604979321688
63925.076813685075,165080.0,94484.0,4516.0,68.61506828923302
63925.08690265262,165062.0,94494.0,4523.0,68.62515725677804
63925.096991620165,165080.0,94485.0,4520.0,68.63524622432305
63925.10708058772,165085.0,94480.0,4537.0,68.64533519187535
63925.11716955526,165061.0,94495.0,4503.0,68.65542415942036
63925.12725852281,165075.0,94502.0,4546.0,68.66551312696538
63925.13734749036,165071.0,94495.0,4531.0,68.67560209451767
63925.147436457904,165083.0,94506.0,4518.0,68.68569106206269
63925.15752542545,165032.0,94512.0,4535.0,68.6957800296077
63925.167614393,165082.0,94488.0,4534.0,68.70586899716
63925.17770336055,165078.0,94499.0,4543.0,68.71595796470501
63925.18779232809,165105.0,94522.0,4546.0,68.72604693225003
63925.197881295644,165088.0,94499.0,4568.0,68.73613589980232
63925.20797026319,165064.0,94473.0,4540.0,68.74622486734734
63925.218059230734,165097.0,94505.0,4555.0,68.75631383489235
63925.22814819829,165106.0,94520.0,4572.0,68.76640280244465
63925.23823716583,165098.0,94505.0,4548.0,68.77649176998966
63925.24832613338,165136.0,94516.0,4536.0,68.78658073753468
63925.25841510092,165152.0,94524.0,4569.0,68.7966697050797
63925.268504068474,165128.0,94540.0,4571.0,68.80675867263199
63925.27859303602,165173.0,94538.0,4589.0,68.816847640177
63925.288682003564,165154.0,94505.0,4556.0,68.82693660772202
63925.298770971116,165151.0,94514.0,4559.0,68.83702557527431
63925.30885993866,165173.0,94524.0,4559.0,68.84711454281933
63925.318948906206,165182.0,94543.0,4539.0,68.85720351036434
63925.32903787376,165190.0,94536.0,4586.0,68.86729247791664
63925.3391268413,165133.0,94496.0,4543.0,68.87738144546165
63925.34921580885,165138.0,94525.0,4544.0,68.88747041300667
63925.3593047764,165162.0,94546.0,4580.0,68.89755938055896
63925.369393743946,165189.0,94499.0,4564.0,68.90764834810398
63925.37948271149,165194.0,94526.0,4572.0,68.91773731564899
63925.38957167904,165196.0,94538.0,4562.0,68.92782628320128
63925.39966064659,165196.0,94505.0,4573.0,68.9379152507463
63925.40974961413,165218.0,94531.0,4578.0,68.94800421829132
63925.419838581685,165263.0,94554.0,4581.0,68.95809318584361
63925.42992754923,165249.0,94567.0,4598.0,68.96818215338863
63925.440016516775,165309.0,94577.0,4621.0,68.97827112093364
63925.45010548432,165299.0,94559.0,4595.0,68.98836008847866
63925.46019445187,165321.0,94578.0,4611.0,68.99844905603095
63925.47028341942,165296.0,94562.0,4608.0,69.00853802357597
63925.48037238696,165314.0,94540.0,4611.0,69.01862699112098
63925.490461354515,165364.0,94599.0,4656.0,69.02871595867327
63925.50055032206,165374.0,94579.0,4649.0,69.03880492621829
63925.510639289605,165364.0,94582.0,4630.0,69.0488938937633
63925.52072825716,165366.0,94563.0,4639.0,69.0589828613156
63925.5308172247,165409.0,94598.0,4651.0,69.06907182886061
63925.54090619225,165362.0,94586.0,4629.0,69.07916079640563
63925.5509951598,165415.0,94602.0,4645.0,69.08924976395792
63925.561084127345,165440.0,94630.0,4656.0,69.09933873150294
63925.57117309489,165458.0,94603.0,4686.0,69.10942769904796
63925.58126206244,165437.0,94603.0,4636.0,69.11951666660025
63925.59135102999,165451.0,94611.0,4672.0,69.12960563414526
63925.60143999753,165453.0,94651.0,4672.0,69.13969460169028
63925.61152896508,165419.0,94585.0,4658.0,69.1497835692353
63925.62161793263,165465.0,94624.0,4669.0,69.15987253678759
63925.631706900174,165463.0,94623.0,4673.0,69.1699615043326
63925.64179586772,165512.0,94631.0,4690.0,69.18005047187762
63925.65188483527,165483.0,94609.0,4656.0,69.19013943942991
63925.66197380282,165470.0,94619.0,4663.0,69.20022840697493
63925.67206277036,165501.0,94622.0,4684.0,69.21031737451995
63925.682151737914,165503.0,94611.0,4674.0,69.22040634207224
63925.69224070546,165499.0,94639.0,4675.0,69.23049530961725
63925.702329673004,165563.0,94625.0,4711.0,69.24058427716227
63925.712418640556,165546.0,94637.0,4702.0,69.25067324471456
63925.7225076081,165554.0,94620.0,4716.0,69.26076221225958
63925.732596575646,165584.0,94623.0,4696.0,69.2708511798046
63925.7426855432,165600.0,94664.0,4695.0,69.28094014735689
63925.75277451074,165568.0,94637.0,4718.0,69.2910291149019
63925.76286347829,165573.0,94648.0,4729.0,69.30111808244692
63925.77295244584,165642.0,94671.0,4739.0,69.31120704999921
63925.783041413386,165598.0,94642.0,4700.0,69.32129601754423
63925.79313038093,165598.0,94648.0,4709.0,69.33138498508924
63925.80321934848,165586.0,94659.0,4710.0,69.34147395264154
63925.81330831603,165582.0,94660.0,4700.0,69.35156292018655
63925.82339728357,165584.0,94656.0,4684.0,69.36165188773157
63925.83348625112,165540.0,94629.0,4655.0,69.37174085527658
63925.84357521867,165510.0,94608.0,4648.0,69.38182982282888
63925.853664186216,165493.0,94634.0,4670.0,69.3919187903739
63925.86375315376,165441.0,94634.0,4610.0,69.40200775791891
63925.87384212131,165473.0,94616.0,4615.0,69.4120967254712
63925.88393108886,165459.0,94635.0,4646.0,69.42218569301622
63925.8940200564,165420.0,94605.0,4592.0,69.43227466056123
63925.904109023955,165411.0,94608.0,4621.0,69.44236362811353
63925.9141979915,165388.0,94583.0,4602.0,69.45245259565854
63925.924286959045,165405.0,94586.0,4607.0,69.46254156320356
63925.9343759266,165362.0,94571.0,4588.0,69.47263053075585
63925.94446489414,165354.0,94585.0,4587.0,69.48271949830087
63925.95455386169,165372.0,94584.0,4620.0,69.49280846584588
63925.96464282924,165372.0,94606.0,4591.0,69.50289743339818
63925.974731796785,165399.0,94627.0,4613.0,69.51298640094319
63925.98482076433,165380.0,94573.0,4604.0,69.52307536848821
63925.994909731875,165381.0,94590.0,4608.0,69.53316433603322
63926.00499869943,165386.0,94600.0,4626.0,69.54325330358552
63926.01508766697,165377.0,94595.0,4581.0,69.55334227113053
63926.02517663452,165398.0,94564.0,4647.0,69.56343123867555
63926.03526560207,165389.0,94565.0,4619.0,69.57352020622784
63926.045354569615,165396.0,94590.0,4613.0,69.58360917377286
63926.05544353716,165382.0,94600.0,4609.0,69.59369814131787
63926.06553250471,165430.0,94622.0,4649.0,69.60378710887016
63926.07562147226,165391.0,94567.0,4619.0,69.61387607641518
63926.0857104398,165418.0,94604.0,4622.0,69.6239650439602
63926.095799407354,165403.0,94585.0,4620.0,69.63405401151249
63926.1058883749,165435.0,94633.0,4645.0,69.6441429790575
63926.115977342444,165386.0,94596.0,4627.0,69.65423194660252
63926.12606631,165416.0,94605.0,4612.0,69.66432091415481
63926.13615527754,165446.0,94588.0,4613.0,69.67440988169983
63926.14624424509,165387.0,94584.0,4604.0,69.68449884924485
63926.15633321264,165416.0,94574.0,4630.0,69.69458781679714
63926.166422180184,165415.0,94591.0,4616.0,69.70467678434215
63926.17651114773,165410.0,94614.0,4622.0,69.71476575188717
63926.186600115274,165385.0,94579.0,4614.0,69.72485471943219
63926.196689082826,165446.0,94634.0,4630.0,69.73494368698448
63926.20677805037,165436.0,94603.0,4618.0,69.7450326545295
63926.216867017916,165454.0,94616.0,4632.0,69.75512162207451
63926.22695598547,165445.0,94584.0,4628.0,69.7652105896268
63926.23704495301,165447.0,94598.0,4659.0,69.77529955717182
63926.24713392056,165456.0,94603.0,4638.0,69.78538852471684
63926.25722288811,165430.0,94604.0,4644.0,69.79547749226913
63926.267311855656,165494.0,94634.0,4641.0,69.80556645981414
63926.2774008232,165447.0,94587.0,4658.0,69.81565542735916
63926.28748979075,165488.0,94609.0,4653.0,69.82574439491145
63926.2975787583,165477.0,94614.0,4684.0,69.83583336245647
63926.30766772584,165519.0,94640.0,4679.0,69.84592233000149
63926.317756693395,165550.0,94662.0,4683.0,69.85601129755378
63926.32784566094,165542.0,94644.0,4669.0,69.8661002650988
63926.337934628486,165581.0,94639.0,4709.0,69.87618923264381
63926.34802359603,165567.0,94621.0,4673.0,69.88627820018883
63926.35811256358,165603.0,94627.0,4679.0,69.89636716774112
63926.36820153113,165600.0,94646.0,4685.0,69.90645613528613
63926.37829049867,165643.0,94655.0,4723.0,69.91654510283115
63926.388379466225,165649.0,94674.0,4727.0,69.92663407038344
63926.39846843377,165643.0,94693.0,4712.0,69.93672303792846
63926.408557401315,165631.0,94641.0,4709.0,69.94681200547348
63926.41864636887,165652.0,94689.0,4719.0,69.95690097302577
63926.42873533641,165646.0,94629.0,4698.0,69.96698994057078
63926.43882430396,165714.0,94657.0,4725.0,69.9770789081158
63926.44891327151,165693.0,94693.0,4707.0,69.98716787566809
63926.459002239055,165700.0,94676.0,4733.0,69.99725684321311
63926.4690912066,165740.0,94721.0,4723.0,70.00734581075812
63926.47918017415,165732.0,94687.0,4739.0,70.01743477831042
63926.4892691417,165746.0,94694.0,4755.0,70.02752374585543
63926.49935810924,165727.0,94696.0,4722.0,70.03761271340045
63926.509447076794,165753.0,94707.0,4731.0,70.04770168095274
63926.51953604434,165755.0,94677.0,4715.0,70.05779064849776
63926.529625011884,165818.0,94716.0,4744.0,70.06787961604277
63926.53971397943,165789.0,94722.0,4743.0,70.07796858358779
63926.54980294698,165813.0,94698.0,4740.0,70.08805755114008
63926.55989191453,165798.0,94714.0,4718.0,70.0981465186851
63926.56998088207,165837.0,94738.0,4770.0,70.10823548623011
63926.580069849624,165823.0,94714.0,4750.0,70.1183244537824
63926.59015881717,165815.0,94732.0,4736.0,70.12841342132742
63926.600247784714,165855.0,94747.0,4758.0,70.13850238887244
63926.61033675227,165836.0,94733.0,4762.0,70.14859135642473
63926.62042571981,165829.0,94720.0,4737.0,70.15868032396975
63926.63051468736,165801.0,94712.0,4698.0,70.16876929151476
63926.64060365491,165806.0,94712.0,4680.0,70.17885825906706
63926.650692622454,165718.0,94696.0,4673.0,70.18894722661207
63926.66078159,165726.0,94696.0,4670.0,70.19903619415709
63926.67087055755,165695.0,94699.0,4661.0,70.20912516170938
63926.680959525096,165661.0,94692.0,4649.0,70.2192141292544
63926.69104849264,165634.0,94664.0,4641.0,70.22930309679941
63926.701137460186,165595.0,94646.0,4599.0,70.23939206434443
63926.71122642774,165600.0,94653.0,4573.0,70.24948103189672
63926.72131539528,165569.0,94622.0,4577.0,70.25956999944174
63926.73140436283,165565.0,94651.0,4582.0,70.26965896698675
63926.74149333038,165561.0,94634.0,4583.0,70.27974793453905
63926.751582297926,165570.0,94626.0,4581.0,70.28983690208406
63926.76167126547,165506.0,94623.0,4574.0,70.29992586962908
63926.77176023302,165539.0,94657.0,4582.0,70.31001483718137
63926.78184920057,165529.0,94648.0,4567.0,70.32010380472639
63926.79193816811,165520.0,94655.0,4583.0,70.3301927722714
63926.802027135665,165550.0,94637.0,4591.0,70.3402817398237
63926.81211610321,165549.0,94653.0,4599.0,70.35037070736871
63926.822205070755,165549.0,94651.0,4593.0,70.36045967491373
63926.83229403831,165552.0,94658.0,4556.0,70.37054864246602
63926.84238300585,165559.0,94664.0,4552.0,70.38063761001104
63926.8524719734,165534.0,94643.0,4599.0,70.39072657755605
63926.86256094095,165554.0,94646.0,4574.0,70.40081554510834
63926.872649908495,165532.0,94664.0,4546.0,70.41090451265336
63926.88273887604,165566.0,94657.0,4604.0,70.42099348019838
63926.892827843585,165505.0,94646.0,4554.0,70.43108244774339
63926.90291681114,165538.0,94642.0,4563.0,70.44117141529568
63926.91300577868,165533.0,94671.0,4540.0,70.4512603828407
63926.92309474623,165521.0,94642.0,4553.0,70.46134935038572
63926.93318371378,165521.0,94631.0,4552.0,70.47143831793801
63926.943272681325,165526.0,94659.0,4566.0,70.48152728548303
63926.95336164887,165476.0,94665.0,4559.0,70.49161625302804
63926.96345061642,165458.0,94634.0,4546.0,70.50170522058033
63926.97353958397,165456.0,94624.0,4552.0,70.51179418812535
63926.98362855151,165341.0,94591.0,4558.0,70.52188315567037
63926.993717519064,165135.0,94556.0,4545.0,70.53197212322266
63927.00380648661,164868.0,94429.0,4526.0,70.54206109076767
63927.013895454154,164591.0,94303.0,4516.0,70.55215005831269
63927.02398442171,164255.0,94222.0,4502.0,70.56223902586498
63927.03407338925,163955.0,94105.0,4489.0,70.57232799341
63927.0441623568,163718.0,94026.0,4452.0,70.58241696095502
63927.05425132435,163515.0,93968.0,4499.0,70.59250592850731
63927.064340291894,163239.0,93848.0,4477.0,70.60259489605232
63927.07442925944,163078.0,93817.0,4477.0,70.61268386359734
63927.084518226984,163007.0,93813.0,4477.0,70.62277283114236
63927.09460719454,163058.0,93799.0,4474.0,70.63286179869465
63927.10469616208,163112.0,93826.0,4496.0,70.64295076623966
63927.11478512963,163210.0,93871.0,4495.0,70.65303973378468
63927.12487409718,163303.0,93923.0,4546.0,70.66312870133697
63927.134963064724,163392.0,93911.0,4515.0,70.67321766888199
63927.14505203227,163458.0,93991.0,4539.0,70.683306636427
63927.15514099982,163576.0,94008.0,4553.0,70.6933956039793
63927.165229967366,163634.0,94006.0,4593.0,70.70348457152431
63927.17531893491,163584.0,94022.0,4585.0,70.71357353906933
63927.18540790246,163588.0,94044.0,4591.0,70.72366250662162
63927.19549687001,163541.0,94026.0,4602.0,70.73375147416664
63927.20558583755,163441.0,94007.0,4572.0,70.74384044171165
63927.215674805106,163476.0,94007.0,4642.0,70.75392940926395
63927.22576377265,163487.0,93997.0,4649.0,70.76401837680896
63927.235852740196,163525.0,93999.0,4651.0,70.77410734435398
63927.24594170775,163598.0,94010.0,4659.0,70.78419631190627
63927.25603067529,163701.0,94053.0,4689.0,70.79428527945129
63927.26611964284,163726.0,94046.0,4691.0,70.8043742469963
63927.27620861038,163822.0,94090.0,4690.0,70.81446321454132
63927.286297577935,163855.0,94108.0,4703.0,70.82455218209361
63927.29638654548,163957.0,94130.0,4743.0,70.83464114963863
63927.306475513025,163994.0,94143.0,4734.0,70.84473011718364
63927.31656448058,164077.0,94164.0,4726.0,70.85481908473594
63927.32665344812,164131.0,94220.0,4748.0,70.86490805228095
63927.33674241567,164083.0,94177.0,4736.0,70.87499701982597
63927.34683138322,164134.0,94213.0,4756.0,70.88508598737826
63927.356920350765,164179.0,94218.0,4749.0,70.89517495492328
63927.36700931831,164223.0,94232.0,4794.0,70.9052639224683
63927.37709828586,164206.0,94209.0,4762.0,70.91535289002059
63927.38718725341,164266.0,94224.0,4808.0,70.9254418575656
63927.39727622095,164294.0,94265.0,4779.0,70.93553082511062
63927.407365188505,164316.0,94301.0,4805.0,70.94561979266291
63927.41745415605,164360.0,94292.0,4814.0,70.95570876020793
63927.427543123595,164443.0,94318.0,4823.0,70.96579772775294
63927.43763209114,164451.0,94314.0,4819.0,70.97588669529796
63927.44772105869,164480.0,94292.0,4821.0,70.98597566285025
63927.45781002624,164540.0,94312.0,4821.0,70.99606463039527
63927.46789899378,164576.0,94358.0,4833.0,71.00615359794028
63927.477987961334,164554.0,94328.0,4841.0,71.01624256549258
63927.48807692888,164536.0,94335.0,4817.0,71.02633153303759
63927.498165896424,164591.0,94365.0,4818.0,71.03642050058261
63927.50825486398,164563.0,94331.0,4793.0,71.0465094681349
63927.51834383152,164550.0,94351.0,4770.0,71.05659843567992
63927.52843279907,164527.0,94310.0,4759.0,71.06668740322493
63927.53852176662,164516.0,94336.0,4769.0,71.07677637077722
63927.548610734164,164509.0,94349.0,4729.0,71.08686533832224
63927.55869970171,164540.0,94326.0,4745.0,71.09695430586726
63927.56878866926,164541.0,94350.0,4715.0,71.10704327341955
63927.578877636806,164549.0,94322.0,4694.0,71.11713224096457
63927.58896660435,164562.0,94330.0,4701.0,71.12722120850958
63927.5990555719,164607.0,94374.0,4718.0,71.13731017606187
63927.60914453945,164553.0,94357.0,4670.0,71.14739914360689
63927.61923350699,164579.0,94340.0,4712.0,71.1574881111519
63927.62932247454,164597.0,94329.0,4681.0,71.16757707869692
63927.63941144209,164659.0,94359.0,4704.0,71.17766604624921
63927.649500409636,164686.0,94380.0,4689.0,71.18775501379423
63927.65958937718,164725.0,94384.0,4704.0,71.19784398133925
63927.66967834473,164784.0,94419.0,4693.0,71.20793294889154
63927.67976731228,164830.0,94405.0,4729.0,71.21802191643656
63927.68985627982,164918.0,94434.0,4717.0,71.22811088398157
63927.699945247376,165016.0,94431.0,4708.0,71.23819985153386
63927.71003421492,165052.0,94445.0,4697.0,71.24828881907888
63927.720123182466,165140.0,94464.0,4698.0,71.2583777866239
63927.73021215002,165248.0,94475.0,4704.0,71.26846675417619
63927.74030111756,165352.0,94503.0,4734.0,71.2785557217212
63927.75039008511,165351.0,94463.0,4698.0,71.28864468926622
63927.76047905266,165402.0,94493.0,4694.0,71.29873365681851
63927.770568020205,165429.0,94505.0,4670.0,71.30882262436353
63927.78065698775,165492.0,94535.0,4686.0,71.31891159190855
63927.790745955295,165475.0,94497.0,4655.0,71.32900055945356
63927.80083492285,165495.0,94533.0,4630.0,71.33908952700585
63927.81092389039,165516.0,94535.0,4665.0,71.34917849455087
63927.82101285794,165504.0,94516.0,4657.0,71.35926746209589
63927.83110182549,165582.0,94549.0,4671.0,71.36935642964818
63927.841190793035,165601.0,94575.0,4674.0,71.3794453971932
63927.85127976058,165627.0,94567.0,4650.0,71.38953436473821
63927.86136872813,165639.0,94577.0,4636.0,71.3996233322905
63927.87145769568,165712.0,94591.0,4636.0,71.40971229983552
63927.88154666322,165720.0,94613.0,4657.0,71.41980126738054
63927.891635630775,165757.0,94627.0,4648.0,71.42989023493283
63927.90172459832,165776.0,94634.0,4623.0,71.43997920247784
63927.911813565865,165838.0,94663.0,4672.0,71.45006817002286
63927.92190253342,165841.0,94632.0,4626.0,71.46015713757515
63927.93199150096,165900.0,94659.0,4658.0,71.47024610512017
63927.94208046851,165944.0,94701.0,4673.0,71.48033507266518
63927.95216943606,165947.0,94705.0,4681.0,71.49042404021748
63927.962258403604,165938.0,94673.0,4650.0,71.50051300776249
63927.97234737115,165997.0,94704.0,4655.0,71.51060197530751
63927.982436338694,165988.0,94725.0,4670.0,71.52069094285253
63927.99252530625,166015.0,94693.0,4660.0,71.53077991040482
63928.00261427379,166088.0,94723.0,4660.0,71.54086887794983
63928.01270324134,166125.0,94754.0,4675.0,71.55095784549485
63928.02279220889,166123.0,94723.0,4704.0,71.56104681304714
63928.032881176434,166155.0,94732.0,4677.0,71.57113578059216
63928.04297014398,166224.0,94789.0,4722.0,71.58122474813717
63928.05305911153,166268.0,94788.0,4719.0,71.59131371568947
63928.063148079076,166273.0,94810.0,4724.0,71.60140268323448
63928.07323704662,166301.0,94805.0,4697.0,71.6114916507795
63928.08332601417,166334.0,94839.0,4734.0,71.62158061833179
63928.09341498172,166311.0,94802.0,4714.0,71.6316695858768
63928.10350394926,166359.0,94813.0,4728.0,71.64175855342182
63928.113592916816,166345.0,94832.0,4737.0,71.65184752097412
63928.12368188436,166363.0,94847.0,4721.0,71.66193648851913
63928.133770851906,166432.0,94844.0,4729.0,71.67202545606415
63928.14385981945,166440.0,94862.0,4738.0,71.68211442360916
63928.153948787,166456.0,94854.0,4766.0,71.69220339116146
63928.16403775455,166453.0,94845.0,4755.0,71.70229235870647
63928.17412672209,166469.0,94862.0,4738.0,71.71238132625149
63928.184215689645,166497.0,94860.0,4761.0,71.72247029380378
63928.19430465719,166546.0,94870.0,4781.0,71.7325592613488
63928.204393624736,166507.0,94856.0,4764.0,71.74264822889381
63928.21448259229,166540.0,94882.0,4793.0,71.7527371964461
63928.22457155983,166558.0,94895.0,4761.0,71.76282616399112
63928.23466052738,166555.0,94891.0,4783.0,71.77291513153614
63928.24474949493,166581.0,94913.0,4792.0,71.78300409908843
63928.254838462475,166646.0,94930.0,4799.0,71.79309306663345
63928.26492743002,166664.0,94919.0,4784.0,71.80318203417846
63928.27501639757,166625.0,94880.0,4799.0,71.81327100173075
63928.28510536512,166749.0,94942.0,4792.0,71.82335996927577
63928.29519433266,166749.0,94944.0,4791.0,71.83344893682079
63928.305283300215,166842.0,94946.0,4820.0,71.84353790437308
63928.31537226776,166833.0,94960.0,4813.0,71.8536268719181
63928.325461235305,166909.0,94998.0,4836.0,71.86371583946311
63928.33555020286,166975.0,95004.0,4820.0,71.8738048070154
63928.3456391704,167038.0,95029.0,4828.0,71.88389377456042
63928.35572813795,167070.0,95067.0,4842.0,71.89398274210544
63928.36581710549,167135.0,95064.0,4821.0,71.90407170965045
63928.375906073044,167111.0,95037.0,4775.0,71.91416067720274
63928.38599504059,167137.0,95071.0,4793.0,71.92424964474776
63928.396084008134,167174.0,95079.0,4809.0,71.93433861229278
63928.40617297569,167125.0,95032.0,4739.0,71.94442757984507
63928.41626194323,167147.0,95051.0,4750.0,71.95451654739009
63928.42635091078,167161.0,95076.0,4745.0,71.9646055149351
63928.43643987833,167141.0,95072.0,4723.0,71.9746944824874
63928.446528845874,167150.0,95085.0,4729.0,71.98478345003241
63928.45661781342,167156.0,95098.0,4724.0,71.99487241757743
63928.46670678097,167149.0,95079.0,4706.0,72.00496138512972
63928.47679574852,167172.0,95068.0,4701.0,72.01505035267473
63928.48688471606,167143.0,95069.0,4689.0,72.02513932021975
63928.496973683614,167213.0,95107.0,4704.0,72.03522828777204
63928.50706265116,167212.0,95102.0,4681.0,72.04531725531706
63928.517151618704,167199.0,95087.0,4723.0,72.05540622286208
63928.52724058625,167261.0,95125.0,4715.0,72.06549519040709
63928.5373295538,167249.0,95090.0,4722.0,72.07558415795938
63928.547418521346,167212.0,95086.0,4707.0,72.0856731255044
63928.55750748889,167222.0,95113.0,4711.0,72.09576209304942
63928.56759645644,167255.0,95124.0,4735.0,72.10585106060171
63928.57768542399,167242.0,95093.0,4718.0,72.11594002814672
63928.58777439153,167264.0,95126.0,4732.0,72.12602899569174
63928.597863359086,167269.0,95147.0,4723.0,72.13611796324403
63928.60795232663,167285.0,95144.0,4741.0,72.14620693078905
63928.618041294176,167249.0,95118.0,4715.0,72.15629589833406
63928.62813026173,167303.0,95140.0,4748.0,72.16638486588636
63928.63821922927,167300.0,95132.0,4729.0,72.17647383343137
63928.64830819682,167287.0,95167.0,4729.0,72.18656280097639
63928.65839716437,167323.0,95140.0,4749.0,72.19665176852868
63928.668486131915,167318.0,95176.0,4757.0,72.2067407360737
63928.67857509946,167296.0,95152.0,4718.0,72.21682970361871
63928.68866406701,167301.0,95130.0,4713.0,72.226918671171
63928.69875303456,167328.0,95155.0,4703.0,72.23700763871602
63928.7088420021,167308.0,95164.0,4759.0,72.24709660626104
63928.71893096965,167359.0,95165.0,4732.0,72.25718557380605
63928.7290199372,167357.0,95143.0,4716.0,72.26727454135835
63928.739108904745,167390.0,95183.0,4761.0,72.27736350890336
63928.74919787229,167402.0,95165.0,4761.0,72.28745247644838
63928.75928683984,167366.0,95177.0,4748.0,72.29754144400067
63928.76937580739,167348.0,95160.0,4715.0,72.30763041154569
63928.77946477493,167321.0,95125.0,4760.0,72.3177193790907
63928.789553742485,167263.0,95145.0,4743.0,72.327808346643
63928.79964271003,167248.0,95139.0,4748.0,72.33789731418801
63928.809731677575,167228.0,95172.0,4761.0,72.34798628173303
63928.81982064513,167196.0,95121.0,4761.0,72.35807524928532
63928.82990961267,167205.0,95126.0,4775.0,72.36816421683034
63928.83999858022,167197.0,95113.0,4768.0,72.37825318437535
63928.85008754777,167197.0,95149.0,4811.0,72.38834215192765
63928.860176515314,167232.0,95147.0,4781.0,72.39843111947266
63928.87026548286,167261.0,95163.0,4794.0,72.40852008701768
63928.880354450404,167283.0,95165.0,4783.0,72.4186090545627
63928.89044341796,167330.0,95169.0,4821.0,72.42869802211499
63928.9005323855,167342.0,95178.0,4781.0,72.43878698966
63928.91062135305,167342.0,95206.0,4820.0,72.44887595720502
63928.9207103206,167368.0,95194.0,4807.0,72.45896492475731
63928.930799288144,167395.0,95214.0,4801.0,72.46905389230233
63928.94088825569,167423.0,95260.0,4859.0,72.47914285984734
63928.95097722324,167402.0,95189.0,4812.0,72.48923182739964
63928.96106619079,167420.0,95224.0,4818.0,72.49932079494465
63928.97115515833,167424.0,95226.0,4818.0,72.50940976248967
63928.981244125884,167440.0,95220.0,4837.0,72.51949873004196
63928.99133309343,167439.0,95224.0,4831.0,72.52958769758698
63929.001422060974,167446.0,95248.0,4835.0,72.53967666513199
63929.011511028526,167439.0,95269.0,4845.0,72.54976563268428
63929.02159999607,167496.0,95254.0,4866.0,72.5598546002293
63929.031688963616,167489.0,95257.0,4854.0,72.56994356777432
63929.04177793117,167499.0,95269.0,4861.0,72.58003253532661
63929.05186689871,167536.0,95271.0,4875.0,72.59012150287163
63929.06195586626,167533.0,95288.0,4882.0,72.60021047041664
63929.0720448338,167548.0,95262.0,4851.0,72.61029943796166
63929.082133801356,167606.0,95284.0,4900.0,72.62038840551395
63929.0922227689,167612.0,95291.0,4897.0,72.63047737305897
63929.102311736446,167599.0,95272.0,4908.0,72.64056634060398
63929.112400704,167675.0,95297.0,4897.0,72.65065530815627
63929.12248967154,167709.0,95340.0,4902.0,72.66074427570129
63929.13257863909,167723.0,95324.0,4922.0,72.6708332432463
63929.14266760664,167689.0,95351.0,4912.0,72.6809222107986
63929.152756574185,167711.0,95318.0,4919.0,72.69101117834362
63929.16284554173,167732.0,95329.0,4934.0,72.70110014588863
63929.17293450928,167714.0,95338.0,4951.0,72.71118911344092
63929.18302347683,167664.0,95315.0,4957.0,72.72127808098594
63929.19311244437,167688.0,95377.0,4950.0,72.73136704853096
63929.203201411925,167591.0,95346.0,4964.0,72.74145601608325
63929.21329037947,167634.0,95342.0,5005.0,72.75154498362826
63929.223379347015,167622.0,95325.0,4983.0,72.76163395117328
63929.23346831456,167593.0,95312.0,4990.0,72.7717229187183
63929.24355728211,167578.0,95329.0,4976.0,72.78181188627059
63929.25364624966,167534.0,95300.0,4971.0,72.7919008538156
63929.2637352172,167497.0,95301.0,4951.0,72.80198982136062
63929.273824184755,167500.0,95309.0,4960.0,72.81207878891291
63929.2839131523,167437.0,95265.0,4920.0,72.82216775645793
63929.294002119845,167403.0,95257.0,4902.0,72.83225672400295
63929.3040910874,167379.0,95236.0,4890.0,72.84234569155524
63929.31418005494,167308.0,95213.0,4853.0,72.85243465910025
63929.32426902249,167269.0,95201.0,4859.0,72.86252362664527
63929.33435799004,167243.0,95201.0,4841.0,72.87261259419756
63929.344446957584,167193.0,95203.0,4811.0,72.88270156174258
63929.35453592513,167217.0,95194.0,4849.0,72.8927905292876
63929.36462489268,167146.0,95149.0,4802.0,72.90287949683989
63929.37471386023,167189.0,95156.0,4805.0,72.9129684643849
63929.38480282777,167197.0,95182.0,4793.0,72.92305743192992
63929.394891795324,167210.0,95166.0,4784.0,72.93314639948221
63929.40498076287,167234.0,95191.0,4823.0,72.94323536702723
63929.415069730414,167241.0,95187.0,4810.0,72.95332433457224
63929.42515869796,167222.0,95210.0,4787.0,72.96341330211726
63929.43524766551,167275.0,95210.0,4833.0,72.97350226966955
63929.445336633056,167287.0,95177.0,4826.0,72.98359123721457
63929.4554256006,167304.0,95198.0,4824.0,72.99368020475958
63929.46551456815,167294.0,95169.0,4799.0,73.00376917231188
63929.4756035357,167345.0,95210.0,4836.0,73.0138581398569
63929.48569250324,167314.0,95202.0,4831.0,73.02394710740191
63929.495781470796,167347.0,95225.0,4834.0,73.0340360749542
63929.50587043834,167304.0,95249.0,4826.0,73.04412504249922
63929.515959405886,167342.0,95229.0,4836.0,73.05421401004423
63929.52604837344,167244.0,95219.0,4841.0,73.06430297759653
63929.53613734098,167238.0,95212.0,4868.0,73.07439194514154
63929.54622630853,167205.0,95229.0,4841.0,73.08448091268656
63929.55631527608,167140.0,95193.0,4841.0,73.09456988023885
63929.566404243626,167129.0,95182.0,4815.0,73.10465884778387
63929.57649321117,167147.0,95185.0,4847.0,73.11474781532888
63929.586582178716,167141.0,95197.0,4835.0,73.1248367828739
63929.59667114627,167110.0,95180.0,4814.0,73.13492575042619
63929.60676011381,167137.0,95156.0,4842.0,73.14501471797121
63929.61684908136,167073.0,95121.0,4824.0,73.15510368551622
63929.62693804891,167131.0,95184.0,4826.0,73.16519265306852
63929.637027016455,167098.0,95179.0,4821.0,73.17528162061353
63929.647115984,167133.0,95145.0,4811.0,73.18537058815855
63929.65720495155,167174.0,95213.0,4846.0,73.19545955571084
63929.6672939191,167167.0,95178.0,4835.0,73.20554852325586
63929.67738288664,167172.0,95193.0,4836.0,73.21563749080087
63929.687471854195,167139.0,95169.0,4846.0,73.22572645835317
63929.69756082174,167194.0,95211.0,4856.0,73.23581542589818
63929.707649789285,167204.0,95192.0,4845.0,73.2459043934432
63929.71773875684,167245.0,95186.0,4882.0,73.25599336099549
63929.72782772438,167225.0,95183.0,4842.0,73.2660823285405
63929.73791669193,167263.0,95197.0,4874.0,73.27617129608552
63929.74800565948,167247.0,95179.0,4860.0,73.28626026363781
63929.758094627025,167270.0,95225.0,4878.0,73.29634923118283
63929.76818359457,167302.0,95211.0,4876.0,73.30643819872785
63929.77827256212,167360.0,95251.0,4905.0,73.31652716628014
63929.78836152967,167358.0,95238.0,4879.0,73.32661613382515
63929.79845049721,167370.0,95218.0,4905.0,73.33670510137017
63929.80853946476,167405.0,95227.0,4906.0,73.34679406891519
63929.81862843231,167405.0,95233.0,4916.0,73.35688303646748
63929.828717399854,167432.0,95260.0,4910.0,73.3669720040125
63929.8388063674,167421.0,95245.0,4915.0,73.37706097155751
63929.84889533495,167437.0,95248.0,4901.0,73.3871499391098
63929.8589843025,167475.0,95257.0,4932.0,73.39723890665482
63929.86907327004,167502.0,95285.0,4918.0,73.40732787419984
63929.879162237594,167532.0,95310.0,4944.0,73.41741684175213
63929.88925120514,167517.0,95284.0,4952.0,73.42750580929714
63929.899340172684,167556.0,95279.0,4911.0,73.43759477684216
63929.909429140236,167599.0,95316.0,4948.0,73.44768374439445
63929.91951810778,167635.0,95318.0,4968.0,73.45777271193947
63929.929607075326,167640.0,95283.0,4972.0,73.46786167948449
63929.93969604288,167641.0,95318.0,4957.0,73.47795064703678
63929.94978501042,167662.0,95334.0,4961.0,73.4880396145818
63929.95987397797,167668.0,95340.0,4991.0,73.49812858212681
63929.96996294551,167680.0,95307.0,4982.0,73.50821754967183
63929.980051913066,167749.0,95349.0,4979.0,73.51830651722412
63929.99014088061,167743.0,95359.0,4986.0,73.52839548476913
63930.000229848156,167766.0,95329.0,4999.0,73.53848445231415
63930.01031881571,167812.0,95369.0,4999.0,73.54857341986644
63930.02040778325,167835.0,95384.0,5018.0,73.55866238741146
63930.0304967508,167824.0,95377.0,4983.0,73.56875135495648
63930.04058571835,167843.0,95357.0,5044.0,73.57884032250877
63930.050674685896,167892.0,95413.0,5028.0,73.58892929005378
63930.06076365344,167893.0,95384.0,5028.0,73.5990182575988
63930.07085262099,167898.0,95409.0,5052.0,73.60910722515109
63930.08094158854,167888.0,95410.0,5029.0,73.61919619269611
63930.09103055608,167915.0,95425.0,5016.0,73.62928516024112
63930.101119523635,167863.0,95379.0,5019.0,73.63937412779342
63930.11120849118,167848.0,95390.0,5013.0,73.64946309533843
63930.121297458725,167849.0,95410.0,4996.0,73.65955206288345
63930.13138642628,167826.0,95385.0,4982.0,73.66964103043574
63930.14147539382,167756.0,95351.0,4941.0,73.67972999798076
63930.15156436137,167792.0,95404.0,4968.0,73.68981896552577
63930.16165332891,167737.0,95339.0,4935.0,73.69990793307079
63930.171742296465,167694.0,95326.0,4930.0,73.70999690062308
63930.18183126401,167694.0,95347.0,4931.0,73.7200858681681
63930.191920231555,167685.0,95363.0,4942.0,73.73017483571311
63930.20200919911,167648.0,95327.0,4897.0,73.7402638032654
63930.21209816665,167637.0,95307.0,4895.0,73.75035277081042
63930.2221871342,167633.0,95316.0,4867.0,73.76044173835544
63930.23227610175,167597.0,95324.0,4923.0,73.77053070590773
63930.242365069294,167615.0,95314.0,4899.0,73.78061967345275
63930.25245403684,167576.0,95287.0,4887.0,73.79070864099776
63930.26254300439,167602.0,95315.0,4909.0,73.80079760855006
63930.27263197194,167577.0,95289.0,4875.0,73.81088657609507
63930.28272093948,167553.0,95281.0,4888.0,73.82097554364009
63930.292809907034,167601.0,95316.0,4896.0,73.83106451119238
63930.30289887458,167552.0,95285.0,4909.0,73.8411534787374
63930.312987842124,167587.0,95301.0,4894.0,73.85124244628241
63930.32307680967,167567.0,95292.0,4913.0,73.86133141382743
63930.33316577722,167556.0,95307.0,4914.0,73.87142038137972
63930.34325474477,167541.0,95278.0,4890.0,73.88150934892474
63930.35334371231,167583.0,95289.0,4897.0,73.89159831646975
63930.363432679864,167553.0,95291.0,4912.0,73.90168728402205
63930.37352164741,167524.0,95283.0,4950.0,73.91177625156706
63930.383610614954,167513.0,95285.0,4882.0,73.92186521911208
63930.393699582506,167550.0,95307.0,4910.0,73.93195418666437
63930.40378855005,167527.0,95278.0,4907.0,73.94204315420939
63930.413877517596,167502.0,95258.0,4857.0,73.9521321217544
63930.42396648515,167491.0,95269.0,4879.0,73.9622210893067
63930.43405545269,167481.0,95271.0,4902.0,73.97231005685171
63930.44414442024,167473.0,95271.0,4875.0,73.98239902439673
63930.45423338779,167444.0,95243.0,4861.0,73.99248799194902
63930.464322355336,167465.0,95280.0,4895.0,74.00257695949404
63930.47441132288,167421.0,95249.0,4882.0,74.01266592703905
63930.48450029043,167449.0,95259.0,4878.0,74.02275489459134
63930.49458925798,167443.0,95279.0,4858.0,74.03284386213636
63930.50467822552,167453.0,95277.0,4899.0,74.04293282968138
63930.51476719307,167422.0,95238.0,4862.0,74.05302179722639
63930.52485616062,167435.0,95249.0,4886.0,74.06311076477868
63930.534945128165,167418.0,95268.0,4882.0,74.0731997323237
63930.54503409571,167429.0,95240.0,4889.0,74.08328869986872
63930.55512306326,167406.0,95249.0,4873.0,74.09337766742101
63930.56521203081,167401.0,95247.0,4915.0,74.10346663496603
63930.57530099835,167400.0,95236.0,4897.0,74.11355560251104
63930.585389965905,167376.0,95219.0,4896.0,74.12364457006333
63930.59547893345,167411.0,95266.0,4932.0,74.13373353760835
63930.605567900995,167375.0,95244.0,4895.0,74.14382250515337
63930.61565686855,167404.0,95245.0,4910.0,74.15391147270566
63930.62574583609,167397.0,95239.0,4900.0,74.16400044025067
63930.63583480364,167417.0,95241.0,4948.0,74.17408940779569
63930.64592377119,167363.0,95212.0,4906.0,74.18417837534798
63930.656012738735,167376.0,95235.0,4918.0,74.194267342893
63930.66610170628,167370.0,95244.0,4909.0,74.20435631043802
63930.676190673825,167381.0,95222.0,4934.0,74.21444527798303
63930.68627964138,167332.0,95197.0,4930.0,74.22453424553532
63930.69636860892,167364.0,95210.0,4918.0,74.23462321308034
63930.70645757647,167351.0,95239.0,4938.0,74.24471218062536
63930.71654654402,167327.0,95183.0,4925.0,74.25480114817765
63930.726635511564,167329.0,95215.0,4917.0,74.26489011572266
63930.73672447911,167336.0,95209.0,4937.0,74.27497908326768
63930.74681344666,167338.0,95191.0,4967.0,74.28506805081997
63930.75690241421,167294.0,95185.0,4932.0,74.29515701836499
63930.76699138175,167318.0,95192.0,4941.0,74.30524598591
63930.777080349304,167280.0,95184.0,4934.0,74.3153349534623
63930.78716931685,167235.0,95208.0,4947.0,74.32542392100731
63930.797258284394,167226.0,95186.0,4935.0,74.33551288855233
63930.807347251946,167276.0,95201.0,4948.0,74.34560185610462
63930.81743621949,167212.0,95159.0,4964.0,74.35569082364964
63930.82752518704,167219.0,95161.0,4922.0,74.36577979119465
63930.83761415459,167257.0,95166.0,4943.0,74.37586875874695
63930.847703122134,167230.0,95173.0,4955.0,74.38595772629196
63930.85779208968,167221.0,95164.0,4950.0,74.39604669383698
63930.86788105723,167195.0,95151.0,4950.0,74.40613566138927
63930.877970024776,167219.0,95163.0,4975.0,74.41622462893429
63930.88805899232,167182.0,95141.0,4945.0,74.4263135964793
63930.898147959866,167204.0,95162.0,4952.0,74.43640256402432
63930.90823692742,167213.0,95179.0,4970.0,74.44649153157661
63930.91832589496,167202.0,95142.0,4939.0,74.45658049912163
63930.92841486251,167170.0,95139.0,4914.0,74.46666946666664
63930.93850383006,167165.0,95140.0,4917.0,74.47675843421894
63930.948592797606,167173.0,95140.0,4928.0,74.48684740176395
63930.95868176515,167059.0,95092.0,4862.0,74.49693636930897
63930.9687707327,167052.0,95083.0,4869.0,74.50702533686126
63930.97885970025,167030.0,95098.0,4831.0,74.51711430440628
63930.98894866779,167016.0,95101.0,4837.0,74.5272032719513
63930.999037635345,166920.0,95073.0,4777.0,74.53729223950359
63931.00912660289,166923.0,95098.0,4792.0,74.5473812070486
63931.019215570435,166882.0,95053.0,4759.0,74.55747017459362
63931.02930453799,166844.0,95012.0,4741.0,74.56755914214591
63931.03939350553,166826.0,95005.0,4744.0,74.57764810969093
63931.04948247308,166836.0,95062.0,4736.0,74.58773707723594
63931.05957144062,166806.0,95025.0,4724.0,74.59782604478096
63931.069660408175,166795.0,95009.0,4751.0,74.60791501233325
63931.07974937572,166798.0,95060.0,4777.0,74.61800397987827
63931.089838343265,166786.0,95029.0,4748.0,74.62809294742328
63931.09992731082,166793.0,95019.0,4734.0,74.63818191497558
63931.11001627836,166801.0,95001.0,4719.0,74.64827088252059
63931.12010524591,166767.0,95010.0,4733.0,74.65835985006561
63931.13019421346,166807.0,95015.0,4707.0,74.6684488176179
63931.140283181005,166813.0,95015.0,4722.0,74.67853778516292
63931.15037214855,166822.0,95043.0,4724.0,74.68862675270793
63931.1604611161,166845.0,95024.0,4728.0,74.69871572026022
63931.17055008365,166813.0,95013.0,4708.0,74.70880468780524
63931.18063905119,166887.0,95058.0,4713.0,74.71889365535026
63931.190728018744,166877.0,95061.0,4714.0,74.72898262290255
63931.20081698629,166888.0,95055.0,4758.0,74.73907159044757
63931.210905953834,166885.0,95064.0,4714.0,74.74916055799258
63931.22099492139,166889.0,95064.0,4727.0,74.75924952554487
63931.23108388893,166885.0,95063.0,4732.0,74.76933849308989
63931.24117285648,166884.0,95039.0,4709.0,74.7794274606349
63931.25126182402,166933.0,95096.0,4699.0,74.78951642817992
63931.261350791574,166920.0,95073.0,4739.0,74.79960539573221
63931.27143975912,166914.0,95072.0,4706.0,74.80969436327723
63931.281528726664,166932.0,95057.0,4718.0,74.81978333082225
63931.291617694216,166935.0,95054.0,4740.0,74.82987229837454
63931.30170666176,166902.0,95053.0,4691.0,74.83996126591956
63931.311795629306,166926.0,95079.0,4722.0,74.85005023346457
63931.32188459686,166947.0,95078.0,4686.0,74.86013920101686
63931.3319735644,166930.0,95082.0,4705.0,74.87022816856188
63931.34206253195,166934.0,95058.0,4698.0,74.8803171361069
63931.3521514995,166967.0,95122.0,4722.0,74.89040610365919
63931.362240467046,166994.0,95108.0,4732.0,74.9004950712042
63931.37232943459,166976.0,95082.0,4730.0,74.91058403874922
63931.38241840214,166984.0,95104.0,4717.0,74.92067300630151
63931.39250736969,166986.0,95102.0,4745.0,74.93076197384653
63931.40259633723,167010.0,95120.0,4772.0,74.94085094139155
63931.41268530478,167016.0,95105.0,4740.0,74.95093990893656
63931.42277427233,167052.0,95112.0,4781.0,74.96102887648885
63931.432863239876,167066.0,95120.0,4760.0,74.97111784403387
63931.44295220742,167068.0,95113.0,4749.0,74.98120681157889
63931.45304117497,167073.0,95126.0,4760.0,74.99129577913118
63931.46313014252,167126.0,95149.0,4796.0,75.0013847466762
63931.47321911006,167119.0,95138.0,4784.0,75.01147371422121
63931.483308077615,167075.0,95127.0,4759.0,75.0215626817735
63931.49339704516,167138.0,95110.0,4807.0,75.03165164931852
63931.503486012705,167120.0,95123.0,4781.0,75.04174061686354
63931.51357498026,167159.0,95149.0,4795.0,75.05182958441583
63931.5236639478,167181.0,95154.0,4787.0,75.06191855196084
63931.53375291535,167190.0,95150.0,4811.0,75.07200751950586
63931.5438418829,167177.0,95140.0,4794.0,75.08209648705815
63931.553930850445,167224.0,95168.0,4807.0,75.09218545460317
63931.56401981799,167199.0,95182.0,4811.0,75.10227442214818
63931.57410878554,167237.0,95181.0,4800.0,75.11236338970048
63931.58419775309,167236.0,95145.0,4823.0,75.12245235724549
63931.59428672063,167293.0,95190.0,4817.0,75.13254132479051
63931.60437568818,167282.0,95174.0,4825.0,75.14263029233553
63931.61446465573,167269.0,95165.0,4822.0,75.15271925988782
63931.624553623275,167332.0,95206.0,4862.0,75.16280822743283
63931.63464259082,167367.0,95195.0,4866.0,75.17289719497785
63931.64473155837,167351.0,95214.0,4845.0,75.18298616253014
63931.65482052592,167329.0,95186.0,4857.0,75.19307513007516
63931.66490949346,167407.0,95221.0,4875.0,75.20316409762017
63931.674998461014,167404.0,95222.0,4882.0,75.21325306517247
63931.68508742856,167415.0,95211.0,4858.0,75.22334203271748
63931.695176396104,167408.0,95227.0,4859.0,75.2334310002625
63931.70526536366,167457.0,95245.0,4901.0,75.24351996781479
63931.7153543312,167448.0,95229.0,4861.0,75.25360893535981
63931.72544329875,167478.0,95237.0,4886.0,75.26369790290482
63931.7355322663,167492.0,95267.0,4907.0,75.27378687045712
63931.745621233844,167520.0,95282.0,4891.0,75.28387583800213
63931.75571020139,167445.0,95228.0,4866.0,75.29396480554715
63931.765799168934,167511.0,95254.0,4896.0,75.30405377309216
63931.775888136486,167535.0,95250.0,4924.0,75.31414274064446
63931.78597710403,167465.0,95216.0,4900.0,75.32423170818947
63931.796066071576,167453.0,95219.0,4858.0,75.33432067573449
63931.80615503913,167441.0,95240.0,4857.0,75.34440964328678
63931.81624400667,167386.0,95214.0,4831.0,75.3544986108318
63931.82633297422,167356.0,95220.0,4802.0,75.36458757837681
63931.83642194177,167351.0,95216.0,4818.0,75.3746765459291
63931.846510909316,167301.0,95179.0,4779.0,75.38476551347412
63931.85659987686,167276.0,95163.0,4779.0,75.39485448101914
63931.86668884441,167207.0,95157.0,4743.0,75.40494344857143
63931.87677781196,167222.0,95186.0,4732.0,75.41503241611645
63931.8868667795,167172.0,95155.0,4708.0,75.42512138366146
63931.896955747055,167151.0,95141.0,4726.0,75.43521035121375
63931.9070447146,167164.0,95173.0,4727.0,75.44529931875877
63931.917133682146,167134.0,95125.0,4708.0,75.45538828630379
63931.9272226497,167160.0,95143.0,4718.0,75.46547725385608
63931.93731161724,167185.0,95160.0,4741.0,75.4755662214011
63931.94740058479,167164.0,95179.0,4705.0,75.48565518894611
63931.95748955233,167162.0,95141.0,4705.0,75.49574415649113
63931.967578519885,167173.0,95154.0,4717.0,75.50583312404342
63931.97766748743,167176.0,95147.0,4714.0,75.51592209158844
63931.987756454975,167169.0,95145.0,4730.0,75.52601105913345
63931.99784542253,167156.0,95130.0,4714.0,75.53610002668574
63932.00793439007,167180.0,95156.0,4715.0,75.54618899423076
63932.01802335762,167224.0,95183.0,4765.0,75.55627796177578
63932.02811232517,167186.0,95148.0,4720.0,75.56636692932807
63932.038201292715,167211.0,95189.0,4753.0,75.57645589687309
63932.04829026026,167194.0,95184.0,4734.0,75.5865448644181
63932.05837922781,167240.0,95205.0,4733.0,75.5966338319704
63932.06846819536,167183.0,95162.0,4710.0,75.60672279951541
63932.0785571629,167209.0,95160.0,4720.0,75.61681176706043
63932.088646130454,167212.0,95166.0,4760.0,75.62690073461272
63932.098735098,167186.0,95158.0,4746.0,75.63698970215773
63932.108824065544,167211.0,95175.0,4726.0,75.64707866970275
63932.11891303309,167183.0,95143.0,4733.0,75.65716763724777
63932.12900200064,167162.0,95168.0,4721.0,75.66725660480006
63932.13909096819,167193.0,95147.0,4726.0,75.67734557234508
63932.14917993573,167208.0,95182.0,4712.0,75.68743453989009
63932.159268903284,167199.0,95181.0,4750.0,75.69752350744238
63932.16935787083,167170.0,95158.0,4722.0,75.7076124749874
63932.179446838374,167208.0,95181.0,4737.0,75.71770144253242
63932.18953580593,167232.0,95200.0,4732.0,75.72779041008471
63932.19962477347,167255.0,95221.0,4760.0,75.73787937762972
63932.20971374102,167227.0,95185.0,4728.0,75.74796834517474
63932.21980270857,167229.0,95197.0,4740.0,75.75805731272703
63932.229891676114,167237.0,95174.0,4759.0,75.76814628027205
63932.23998064366,167284.0,95227.0,4759.0,75.77823524781707
63932.25006961121,167258.0,95218.0,4761.0,75.78832421536936
63932.260158578756,167282.0,95208.0,4759.0,75.79841318291437
63932.2702475463,167318.0,95211.0,4774.0,75.80850215045939
63932.28033651385,167317.0,95225.0,4769.0,75.81859111801168
63932.2904254814,167345.0,95246.0,4810.0,75.8286800855567
63932.30051444894,167348.0,95241.0,4785.0,75.83876905310171
63932.310603416496,167346.0,95236.0,4785.0,75.848858020654
63932.32069238404,167406.0,95260.0,4820.0,75.85894698819902
63932.330781351586,167353.0,95234.0,4778.0,75.86903595574404
63932.34087031913,167418.0,95254.0,4818.0,75.87912492328906
63932.35095928668,167414.0,95256.0,4779.0,75.88921389084135
63932.36104825423,167451.0,95290.0,4833.0,75.89930285838636
63932.37113722177,167462.0,95285.0,4836.0,75.90939182593138
63932.381226189325,167456.0,95265.0,4830.0,75.91948079348367
63932.39131515687,167466.0,95279.0,4827.0,75.92956976102869
63932.401404124415,167500.0,95311.0,4857.0,75.9396587285737
63932.41149309197,167495.0,95265.0,4821.0,75.949747696126
63932.42158205951,167517.0,95264.0,4863.0,75.95983666367101
63932.43167102706,167508.0,95308.0,4872.0,75.96992563121603
63932.44175999461,167508.0,95266.0,4835.0,75.98001459876832
63932.451848962155,167543.0,95304.0,4880.0,75.99010356631334
63932.4619379297,167548.0,95304.0,4857.0,76.00019253385835
63932.47202689725,167554.0,95296.0,4855.0,76.01028150141065
63932.4821158648,167576.0,95278.0,4885.0,76.02037046895566
63932.49220483234,167569.0,95288.0,4850.0,76.03045943650068
63932.50229379989,167604.0,95328.0,4880.0,76.0405484040457
63932.51238276744,167575.0,95287.0,4868.0,76.05063737159799
63932.522471734985,167623.0,95301.0,4855.0,76.060726339143
63932.53256070253,167652.0,95308.0,4911.0,76.07081530668802
63932.54264967008,167663.0,95344.0,4895.0,76.08090427424031
63932.55273863763,167632.0,95310.0,4885.0,76.09099324178533
63932.56282760517,167699.0,95325.0,4900.0,76.10108220933034
63932.572916572724,167685.0,95331.0,4918.0,76.11117117688264
63932.58300554027,167723.0,95352.0,4894.0,76.12126014442765
63932.593094507814,167695.0,95358.0,4929.0,76.13134911197267
63932.60318347537,167715.0,95363.0,4905.0,76.14143807952496
63932.61327244291,167749.0,95347.0,4958.0,76.15152704706998
63932.62336141046,167785.0,95371.0,4945.0,76.16161601461499
63932.63345037801,167815.0,95399.0,4933.0,76.17170498216728
63932.643539345554,167851.0,95416.0,4937.0,76.1817939497123
63932.6536283131,167783.0,95377.0,4933.0,76.19188291725732
63932.66371728065,167824.0,95386.0,4981.0,76.20197188480961
63932.673806248196,167787.0,95405.0,4939.0,76.21206085235463
63932.68389521574,167757.0,95349.0,4904.0,76.22214981989964
63932.69398418329,167724.0,95343.0,4908.0,76.23223878744466
63932.70407315084,167692.0,95379.0,4914.0,76.24232775499695
63932.714162118384,167681.0,95351.0,4880.0,76.25241672254197
63932.72425108593,167631.0,95355.0,4875.0,76.26250569008698
63932.73434005348,167637.0,95330.0,4870.0,76.27259465763927
63932.744429021026,167583.0,95313.0,4796.0,76.28268362518429
63932.75451798857,167569.0,95312.0,4817.0,76.2927725927293
63932.76460695612,167531.0,95293.0,4804.0,76.3028615602816
63932.77469592367,167514.0,95293.0,4785.0,76.31295052782662
63932.78478489121,167522.0,95279.0,4803.0,76.32303949537163
63932.794873858766,167510.0,95287.0,4800.0,76.33312846292392
63932.80496282631,167476.0,95306.0,4783.0,76.34321743046894
63932.815051793856,167496.0,95323.0,4792.0,76.35330639801396
63932.82514076141,167492.0,95284.0,4796.0,76.36339536556625
63932.83522972895,167496.0,95292.0,4797.0,76.37348433311126
63932.8453186965,167532.0,95305.0,4790.0,76.38357330065628
63932.85540766404,167475.0,95305.0,4788.0,76.3936622682013
63932.865496631595,167520.0,95301.0,4812.0,76.40375123575359
63932.87558559914,167529.0,95298.0,4799.0,76.4138402032986
63932.885674566685,167502.0,95307.0,4811.0,76.42392917084362
63932.89576353424,167560.0,95321.0,4838.0,76.43401813839591
63932.90585250178,167506.0,95320.0,4798.0,76.44410710594093
63932.91594146933,167559.0,95317.0,4822.0,76.45419607348595
63932.92603043688,167554.0,95340.0,4846.0,76.46428504103824
63932.936119404425,167574.0,95332.0,4822.0,76.47437400858325
63932.94620837197,167547.0,95307.0,4817.0,76.48446297612827
63932.95629733952,167540.0,95314.0,4816.0,76.49455194368056
63932.96638630707,167545.0,95336.0,4812.0,76.50464091122558
63932.97647527461,167540.0,95293.0,4823.0,76.5147298787706
63932.986564242165,167576.0,95309.0,4824.0,76.52481884632289
63932.99665320971,167562.0,95318.0,4822.0,76.5349078138679
63933.006742177255,167538.0,95313.0,4811.0,76.54499678141292
63933.01683114481,167527.0,95312.0,4803.0,76.55508574896521
63933.02692011235,167575.0,95345.0,4828.0,76.56517471651023
63933.0370090799,167572.0,95330.0,4816.0,76.57526368405524
63933.04709804744,167584.0,95345.0,4798.0,76.58535265160026
63933.057187014994,167550.0,95315.0,4813.0,76.59544161915255
63933.06727598254,167551.0,95312.0,4843.0,76.60553058669757
63933.077364950084,167594.0,95342.0,4820.0,76.61561955424258
63933.08745391764,167578.0,95358.0,4849.0,76.62570852179488
63933.09754288518,167619.0,95355.0,4859.0,76.6357974893399
63933.10763185273,167641.0,95344.0,4821.0,76.64588645688491
63933.11772082028,167643.0,95352.0,4842.0,76.6559754244372
63933.127809787824,167648.0,95342.0,4865.0,76.66606439198222
63933.13789875537,167654.0,95359.0,4854.0,76.67615335952723
63933.14798772292,167654.0,95355.0,4843.0,76.68624232707953
63933.158076690466,167656.0,95369.0,4842.0,76.69633129462454
63933.16816565801,167699.0,95357.0,4882.0,76.70642026216956
63933.17825462556,167719.0,95357.0,4889.0,76.71650922972185
63933.18834359311,167721.0,95368.0,4888.0,76.72659819726687
63933.19843256065,167758.0,95379.0,4900.0,76.73668716481188
63933.2085215282,167750.0,95380.0,4907.0,76.7467761323569
63933.21861049575,167755.0,95403.0,4918.0,76.75686509990919
63933.228699463296,167789.0,95418.0,4923.0,76.76695406745421
63933.23878843084,167779.0,95390.0,4903.0,76.77704303499922
63933.24887739839,167796.0,95397.0,4925.0,76.78713200255152
63933.25896636594,167820.0,95409.0,4960.0,76.79722097009653
63933.26905533348,167835.0,95420.0,4947.0,76.80730993764155
63933.279144301036,167846.0,95406.0,4927.0,76.81739890519384
63933.28923326858,167868.0,95422.0,4948.0,76.82748787273886
63933.299322236126,167855.0,95432.0,4939.0,76.83757684028387
63933.30941120368,167909.0,95435.0,4959.0,76.84766580783617
63933.31950017122,167890.0,95420.0,4933.0,76.85775477538118
63933.32958913877,167932.0,95435.0,4961.0,76.8678437429262
63933.33967810632,167942.0,95479.0,4973.0,76.87793271047849
63933.349767073865,167907.0,95456.0,4952.0,76.8880216780235
63933.35985604141,167907.0,95435.0,4957.0,76.89811064556852
63933.36994500896,167939.0,95452.0,4976.0,76.90819961312081
63933.38003397651,167965.0,95427.0,4986.0,76.91828858066583
63933.39012294405,167954.0,95442.0,4964.0,76.92837754821085
63933.4002119116,168002.0,95503.0,4972.0,76.93846651575586
63933.41030087915,168002.0,95472.0,4995.0,76.94855548330816
63933.420389846695,167994.0,95452.0,5010.0,76.95864445085317
63933.43047881424,168011.0,95477.0,4979.0,76.96873341839819
63933.44056778179,168047.0,95471.0,5027.0,76.97882238595048
63933.45065674934,168048.0,95497.0,5011.0,76.9889113534955
63933.46074571688,168056.0,95463.0,5007.0,76.99900032104051
63933.470834684435,168078.0,95514.0,5035.0,77.0090892885928
63933.48092365198,168084.0,95469.0,5038.0,77.01917825613782
63933.491012619525,168089.0,95485.0,5038.0,77.02926722368284
63933.50110158708,168113.0,95483.0,5046.0,77.03935619123513
63933.51119055462,168139.0,95512.0,5057.0,77.04944515878014
63933.52127952217,168127.0,95501.0,5029.0,77.05953412632516
63933.53136848972,168152.0,95510.0,5054.0,77.06962309387745
63933.541457457264,168162.0,95531.0,5053.0,77.07971206142247
63933.55154642481,168152.0,95522.0,5072.0,77.08980102896749
63933.56163539236,168151.0,95544.0,5082.0,77.09988999651978
63933.57172435991,168105.0,95501.0,5037.0,77.1099789640648
63933.58181332745,168103.0,95520.0,5017.0,77.12006793160981
63933.591902295,168022.0,95484.0,4980.0,77.13015689915483
63933.60199126255,168028.0,95475.0,4973.0,77.14024586670712
63933.612080230094,167979.0,95461.0,4993.0,77.15033483425213
63933.62216919764,167905.0,95436.0,4973.0,77.16042380179715
63933.63225816519,167915.0,95450.0,4930.0,77.17051276934944
63933.642347132736,167925.0,95463.0,4959.0,77.18060173689446
63933.65243610028,167869.0,95440.0,4913.0,77.19069070443948
63933.66252506783,167883.0,95416.0,4923.0,77.20077967199177
63933.67261403538,167859.0,95426.0,4910.0,77.21086863953678
63933.68270300292,167882.0,95447.0,4933.0,77.2209576070818
63933.692791970476,167855.0,95416.0,4907.0,77.23104657463409
63933.70288093802,167869.0,95430.0,4901.0,77.24113554217911
63933.712969905566,167879.0,95455.0,4930.0,77.25122450972412
63933.72305887312,167844.0,95410.0,4925.0,77.26131347727642
63933.73314784066,167865.0,95431.0,4888.0,77.27140244482143
63933.74323680821,167873.0,95426.0,4914.0,77.28149141236645
63933.75332577576,167838.0,95442.0,4922.0,77.29158037991874
63933.763414743305,167866.0,95422.0,4921.0,77.30166934746376
63933.77350371085,167889.0,95443.0,4948.0,77.31175831500877
63933.783592678396,167892.0,95432.0,4928.0,77.32184728255379
63933.79368164595,167906.0,95417.0,4931.0,77.33193625010608
63933.80377061349,167923.0,95441.0,4915.0,77.3420252176511
63933.81385958104,167924.0,95457.0,4970.0,77.35211418519611
63933.82394854859,167911.0,95452.0,4954.0,77.3622031527484
63933.834037516135,167894.0,95431.0,4929.0,77.37229212029342
63933.84412648368,167913.0,95467.0,4950.0,77.38238108783844
63933.85421545123,167887.0,95441.0,4935.0,77.39247005539073
63933.86430441878,167914.0,95447.0,4937.0,77.40255902293575
63933.87439338632,167910.0,95456.0,4932.0,77.41264799048076
63933.884482353875,167935.0,95458.0,4954.0,77.42273695803306
63933.89457132142,167867.0,95362.0,4920.0,77.43282592557807
63933.904660288965,167905.0,95437.0,4936.0,77.44291489312309
63933.91474925652,167855.0,95450.0,4930.0,77.45300386067538
63933.92483822406,167930.0,95454.0,4977.0,77.4630928282204
63933.93492719161,167895.0,95439.0,4924.0,77.47318179576541
63933.94501615915,167903.0,95435.0,4943.0,77.48327076331043
63933.955105126704,167931.0,95447.0,4965.0,77.49335973086272
63933.96519409425,167902.0,95432.0,4930.0,77.50344869840774
63933.975283061794,167924.0,95462.0,4971.0,77.51353766595275
63933.98537202935,167937.0,95449.0,4953.0,77.52362663350505
63933.99546099689,167965.0,95449.0,4987.0,77.53371560105006
63934.00554996444,167941.0,95447.0,4937.0,77.54380456859508
63934.01563893199,167988.0,95469.0,4988.0,77.55389353614737
63934.025727899534,167978.0,95473.0,4971.0,77.56398250369239
63934.03581686708,167971.0,95462.0,4987.0,77.5740714712374
63934.04590583463,167955.0,95457.0,4966.0,77.5841604387897
63934.05599480218,168027.0,95467.0,5022.0,77.59424940633471
63934.06608376972,168024.0,95474.0,4987.0,77.60433837387973
63934.076172737274,168025.0,95470.0,4982.0,77.61442734143202
63934.08626170482,168048.0,95457.0,5002.0,77.62451630897704
63934.096350672364,168021.0,95469.0,5016.0,77.63460527652205
63934.106439639916,168066.0,95494.0,4984.0,77.64469424407434
63934.11652860746,168063.0,95489.0,5056.0,77.65478321161936
63934.126617575006,168113.0,95507.0,5044.0,77.66487217916438
63934.13670654255,168078.0,95472.0,5034.0,77.67496114670939
63934.1467955101,168118.0,95506.0,5026.0,77.68505011426168
63934.15688447765,168065.0,95465.0,5029.0,77.6951390818067
63934.16697344519,168108.0,95484.0,5044.0,77.70522804935172
63934.177062412746,168124.0,95492.0,5056.0,77.71531701690401
63934.18715138029,168169.0,95511.0,5059.0,77.72540598444903
63934.197240347836,168154.0,95519.0,5057.0,77.73549495199404
63934.20732931539,168140.0,95495.0,5041.0,77.74558391954633
63934.21741828293,168170.0,95509.0,5060.0,77.75567288709135
63934.22750725048,168200.0,95541.0,5084.0,77.76576185463637
63934.23759621803,168178.0,95521.0,5075.0,77.77585082218866
63934.247685185575,168186.0,95503.0,5067.0,77.78593978973367
63934.25777415312,168227.0,95545.0,5097.0,77.79602875727869
63934.26786312067,168206.0,95522.0,5078.0,77.80611772483098
63934.27795208822,168218.0,95527.0,5093.0,77.816206692376
63934.28804105576,168225.0,95539.0,5087.0,77.82629565992102
63934.29813002331,168220.0,95535.0,5103.0,77.83638462746603
63934.30821899086,168247.0,95511.0,5092.0,77.84647359501832
63934.318307958405,168254.0,95536.0,5094.0,77.85656256256334
63934.32839692595,168310.0,95551.0,5123.0,77.86665153010836
63934.3384858935,168258.0,95531.0,5111.0,77.87674049766065
63934.34857486105,168271.0,95537.0,5090.0,77.88682946520566
63934.35866382859,168314.0,95555.0,5127.0,77.89691843275068
63934.368752796145,168337.0,95546.0,5148.0,77.90700740030297
63934.37884176369,168284.0,95552.0,5105.0,77.91709636784799
63934.388930731235,168306.0,95540.0,5123.0,77.927185335393
63934.39901969879,168302.0,95552.0,5124.0,77.9372743029453
63934.40910866633,168261.0,95524.0,5100.0,77.94736327049031
63934.41919763388,168220.0,95510.0,5086.0,77.95745223803533
63934.42928660143,168227.0,95553.0,5077.0,77.96754120558762
63934.439375568974,168190.0,95519.0,5073.0,77.97763017313264
63934.44946453652,168158.0,95512.0,5098.0,77.98771914067765
63934.45955350407,168157.0,95534.0,5061.0,77.99780810822995
63934.46964247162,168116.0,95511.0,5043.0,78.00789707577496
63934.47973143916,168086.0,95496.0,5017.0,78.01798604331998
63934.48982040671,168070.0,95494.0,5013.0,78.028075010865
63934.49990937426,168089.0,95491.0,4999.0,78.03816397841729
63934.509998341804,168042.0,95460.0,5022.0,78.0482529459623
63934.52008730935,168045.0,95475.0,4991.0,78.05834191350732
63934.5301762769,168021.0,95442.0,4995.0,78.06843088105961
63934.540265244446,168055.0,95485.0,5003.0,78.07851984860463
63934.55035421199,168004.0,95448.0,4983.0,78.08860881614964
63934.560443179544,168031.0,95461.0,4967.0,78.09869778370194
63934.57053214709,168049.0,95479.0,4996.0,78.10878675124695
63934.580621114634,168025.0,95448.0,4970.0,78.11887571879197
63934.590710082186,168040.0,95450.0,4975.0,78.12896468634426
63934.60079904973,168065.0,95469.0,5005.0,78.13905365388928
63934.610888017276,168069.0,95506.0,5011.0,78.1491426214343
63934.62097698483,168048.0,95466.0,4993.0,78.15923158898659
63934.63106595237,168105.0,95498.0,5001.0,78.1693205565316
63934.64115491992,168096.0,95489.0,5030.0,78.17940952407662
63934.65124388746,168088.0,95482.0,5026.0,78.18949849162163
63934.661332855016,168069.0,95462.0,5005.0,78.19958745917393
63934.67142182256,168121.0,95472.0,5053.0,78.20967642671894
63934.681510790106,168105.0,95483.0,5021.0,78.21976539426396
63934.69159975766,168111.0,95468.0,5023.0,78.22985436181625
63934.7016887252,168100.0,95501.0,5014.0,78.23994332936127
63934.71177769275,168070.0,95447.0,5025.0,78.25003229690628
63934.7218666603,168058.0,95463.0,5009.0,78.26012126445858
63934.731955627845,168083.0,95476.0,5018.0,78.27021023200359
63934.74204459539,168045.0,95493.0,5002.0,78.28029919954861
63934.75213356294,168053.0,95475.0,4998.0,78.2903881671009
63934.76222253049,168094.0,95508.0,4990.0,78.30047713464592
63934.77231149803,168081.0,95482.0,5009.0,78.31056610219093
63934.782400465585,168081.0,95497.0,5049.0,78.32065506974322
63934.79248943313,168068.0,95465.0,5003.0,78.33074403728824
63934.802578400675,168074.0,95505.0,5017.0,78.34083300483326
63934.81266736823,168103.0,95482.0,5035.0,78.35092197238555
63934.82275633577,168128.0,95455.0,5031.0,78.36101093993057
63934.83284530332,168106.0,95483.0,5020.0,78.37109990747558
63934.84293427087,168133.0,95489.0,5054.0,78.38118887502787
63934.853023238415,168130.0,95492.0,5051.0,78.39127784257289
63934.86311220596,168126.0,95504.0,5059.0,78.4013668101179
63934.873201173505,168182.0,95529.0,5072.0,78.41145577766292
63934.88329014106,168142.0,95497.0,5036.0,78.42154474521521
63934.8933791086,168181.0,95519.0,5066.0,78.43163371276023
63934.90346807615,168187.0,95511.0,5038.0,78.44172268030525
63934.9135570437,168220.0,95541.0,5086.0,78.45181164785754
63934.923646011244,168194.0,95540.0,5092.0,78.46190061540256
63934.93373497879,168233.0,95531.0,5085.0,78.47198958294757
63934.94382394634,168202.0,95521.0,5082.0,78.48207855049986
63934.95391291389,168263.0,95537.0,5144.0,78.49216751804488
63934.96400188143,168234.0,95482.0,5082.0,78.5022564855899
63934.974090848984,168270.0,95536.0,5105.0,78.51234545314219
63934.98417981653,168254.0,95548.0,5124.0,78.5224344206872
63934.994268784074,168280.0,95531.0,5087.0,78.53252338823222
63935.004357751626,168284.0,95553.0,5124.0,78.54261235578451
63935.01444671917,168309.0,95531.0,5127.0,78.55270132332953
63935.024535686716,168330.0,95543.0,5134.0,78.56279029087455
63935.03462465426,168308.0,95531.0,5120.0,78.57287925841956
63935.04471362181,168322.0,95520.0,5124.0,78.58296822597185
63935.05480258936,168349.0,95564.0,5130.0,78.59305719351687
63935.0648915569,168350.0,95573.0,5144.0,78.60314616106189
63935.074980524456,168374.0,95593.0,5169.0,78.61323512861418
63935.085069492,168391.0,95594.0,5156.0,78.6233240961592
63935.095158459546,168357.0,95548.0,5166.0,78.63341306370421
63935.1052474271,168378.0,95553.0,5135.0,78.6435020312565
63935.11533639464,168411.0,95554.0,5154.0,78.65359099880152
63935.12542536219,168378.0,95554.0,5159.0,78.66367996634654
63935.13551432974,168434.0,95582.0,5147.0,78.67376893389883
63935.145603297286,168420.0,95577.0,5197.0,78.68385790144384
63935.15569226483,168452.0,95610.0,5174.0,78.69394686898886
63935.16578123238,168453.0,95563.0,5200.0,78.70403583654115
63935.17587019993,168450.0,95580.0,5208.0,78.71412480408617
63935.18595916747,168422.0,95597.0,5191.0,78.72421377163118
63935.196048135025,168383.0,95545.0,5165.0,78.73430273918348
63935.20613710257,168379.0,95542.0,5148.0,78.74439170672849
63935.216226070115,168356.0,95565.0,5141.0,78.75448067427351
63935.22631503766,168297.0,95557.0,5134.0,78.76456964181853
63935.23640400521,168270.0,95529.0,5114.0,78.77465860937082
63935.24649297276,168214.0,95509.0,5067.0,78.78474757691583
63935.2565819403,168255.0,95547.0,5075.0,78.79483654446085
63935.266670907855,168218.0,95521.0,5062.0,78.80492551201314
63935.2767598754,168184.0,95486.0,5066.0,78.81501447955816
63935.286848842945,168173.0,95530.0,5058.0,78.82510344710317
63935.2969378105,168134.0,95475.0,5026.0,78.83519241465547
63935.30702677804,168145.0,95487.0,5024.0,78.84528138220048
63935.31711574559,168130.0,95484.0,5064.0,78.8553703497455
63935.32720471314,168116.0,95480.0,5032.0,78.86545931729779
63935.337293680685,168122.0,95473.0,5035.0,78.87554828484281
63935.34738264823,168135.0,95483.0,5017.0,78.88563725238782
63935.35747161578,168089.0,95481.0,5002.0,78.89572621994012
63935.36756058333,168096.0,95453.0,5024.0,78.90581518748513
63935.37764955087,168131.0,95510.0,5050.0,78.91590415503015
63935.38773851842,168125.0,95481.0,5026.0,78.92599312257516
63935.39782748597,168116.0,95469.0,5022.0,78.93608209012746
63935.407916453514,168091.0,95490.0,5009.0,78.94617105767247
63935.41800542106,168126.0,95509.0,5046.0,78.95626002521749
63935.42809438861,168138.0,95489.0,5033.0,78.96634899276978
63935.43818335616,168131.0,95474.0,5046.0,78.9764379603148
63935.4482723237,168091.0,95479.0,5015.0,78.98652692785981
63935.458361291254,168129.0,95490.0,5028.0,78.9966158954121
63935.4684502588,168128.0,95477.0,5038.0,79.00670486295712
63935.478539226344,168111.0,95463.0,5068.0,79.01679383050214
63935.488628193896,168123.0,95468.0,5015.0,79.02688279805443
63935.49871716144,168134.0,95530.0,5060.0,79.03697176559945
63935.508806128986,168102.0,95477.0,5036.0,79.04706073314446
63935.51889509654,168082.0,95433.0,5028.0,79.05714970069675
63935.52898406408,168116.0,95479.0,5006.0,79.06723866824177
63935.53907303163,168066.0,95476.0,5012.0,79.07732763578679
63935.54916199918,168095.0,95486.0,5027.0,79.08741660333908
63935.559250966726,168085.0,95438.0,5019.0,79.0975055708841
63935.56933993427,168072.0,95489.0,5025.0,79.10759453842911
63935.579428901816,168100.0,95515.0,5045.0,79.11768350597413
63935.58951786937,168108.0,95473.0,5034.0,79.12777247352642
63935.59960683691,168145.0,95513.0,5050.0,79.13786144107144
63935.60969580446,168116.0,95460.0,5026.0,79.14795040861645
63935.61978477201,168113.0,95485.0,5024.0,79.15803937616874
63935.629873739555,168124.0,95524.0,5037.0,79.16812834371376
63935.6399627071,168097.0,95468.0,5043.0,79.17821731125878
63935.65005167465,168122.0,95483.0,5046.0,79.18830627881107
63935.6601406422,168145.0,95491.0,5028.0,79.19839524635609
63935.67022960974,168160.0,95506.0,5046.0,79.2084842139011
63935.680318577295,168178.0,95483.0,5084.0,79.2185731814534
63935.69040754484,168168.0,95507.0,5068.0,79.22866214899841
63935.700496512385,168277.0,95545.0,5116.0,79.23875111654343
63935.71058547994,168292.0,95510.0,5117.0,79.24884008409572
63935.72067444748,168298.0,95532.0,5110.0,79.25892905164073
63935.73076341503,168328.0,95561.0,5149.0,79.26901801918575
63935.74085238257,168302.0,95541.0,5132.0,79.27910698673077
63935.750941350125,168339.0,95533.0,5113.0,79.28919595428306
63935.76103031767,168321.0,95533.0,5125.0,79.29928492182808
63935.771119285215,168319.0,95528.0,5129.0,79.30937388937309
63935.78120825277,168344.0,95553.0,5152.0,79.31946285692538
63935.79129722031,168342.0,95578.0,5120.0,79.3295518244704
63935.80138618786,168333.0,95535.0,5122.0,79.33964079201542
63935.81147515541,168383.0,95579.0,5179.0,79.34972975956771
63935.821564122954,168383.0,95561.0,5156.0,79.35981872711272
63935.8316530905,168393.0,95561.0,5152.0,79.36990769465774
63935.84174205805,168410.0,95582.0,5184.0,79.37999666221003
63935.8518310256,168385.0,95562.0,5163.0,79.39008562975505
63935.86191999314,168410.0,95578.0,5165.0,79.40017459730007
63935.872008960694,168428.0,95596.0,5165.0,79.41026356485236
63935.88209792824,168412.0,95576.0,5162.0,79.42035253239737
63935.892186895784,168411.0,95601.0,5199.0,79.43044149994239
63935.90227586334,168377.0,95564.0,5166.0,79.44053046749468
63935.91236483088,168353.0,95573.0,5146.0,79.4506194350397
63935.92245379843,168313.0,95583.0,5144.0,79.46070840258471
63935.93254276597,168237.0,95536.0,5088.0,79.47079737012973
63935.942631733524,168236.0,95522.0,5100.0,79.48088633768202
63935.95272070107,168223.0,95497.0,5105.0,79.49097530522704
63935.962809668614,168170.0,95490.0,5077.0,79.50106427277206
63935.972898636166,168096.0,95496.0,5028.0,79.51115324032435
63935.98298760371,168098.0,95475.0,5028.0,79.52124220786936
63935.993076571256,168042.0,95487.0,5019.0,79.53133117541438
63936.00316553881,168032.0,95451.0,4965.0,79.54142014296667
63936.01325450635,168004.0,95430.0,4970.0,79.55150911051169
63936.0233434739,168022.0,95448.0,4983.0,79.5615980780567
63936.03343244145,167971.0,95436.0,4976.0,79.571687045609
63936.043521408996,168013.0,95461.0,4996.0,79.58177601315401
63936.05361037654,167987.0,95447.0,4960.0,79.59186498069903
63936.06369934409,167988.0,95424.0,5016.0,79.60195394825132
63936.07378831164,167949.0,95448.0,4975.0,79.61204291579634
63936.08387727918,167912.0,95426.0,4958.0,79.62213188334135
63936.09396624673,167934.0,95448.0,4978.0,79.63222085088637
63936.10405521428,167931.0,95430.0,4959.0,79.64230981843866
63936.114144181825,167936.0,95405.0,4960.0,79.65239878598368
63936.12423314937,167925.0,95458.0,4936.0,79.6624877535287
63936.13432211692,167898.0,95432.0,4945.0,79.67257672108099
63936.14441108447,167942.0,95430.0,4964.0,79.682665688626
63936.15450005201,167915.0,95454.0,4956.0,79.69275465617102
63936.164589019565,167887.0,95422.0,4961.0,79.70284362372331
63936.17467798711,167931.0,95430.0,4954.0,79.71293259126833
63936.184766954655,167888.0,95408.0,4947.0,79.72302155881334
63936.19485592221,167923.0,95416.0,4975.0,79.73311052636564
63936.20494488975,167886.0,95434.0,4956.0,79.74319949391065
63936.2150338573,167860.0,95397.0,4958.0,79.75328846145567
63936.22512282485,167863.0,95400.0,4945.0,79.76337742900796
63936.235211792395,167889.0,95424.0,4942.0,79.77346639655298
63936.24530075994,167880.0,95410.0,4929.0,79.78355536409799
63936.25538972749,167871.0,95436.0,4956.0,79.79364433165028
63936.26547869504,167865.0,95391.0,4971.0,79.8037332991953
63936.27556766258,167872.0,95423.0,4944.0,79.81382226674032
63936.285656630134,167856.0,95425.0,4943.0,79.82391123429261
63936.29574559768,167830.0,95405.0,4922.0,79.83400020183763
63936.305834565224,167891.0,95441.0,4971.0,79.84408916938264
63936.31592353277,167884.0,95432.0,4934.0,79.85417813692766
63936.32601250032,167894.0,95388.0,4958.0,79.86426710447995
63936.33610146787,167892.0,95438.0,4950.0,79.87435607202497
63936.34619043541,167897.0,95418.0,4962.0,79.88444503956998
63936.356279402964,167898.0,95429.0,4951.0,79.89453400712227
63936.36636837051,167867.0,95435.0,4967.0,79.90462297466729
63936.376457338054,167935.0,95451.0,4984.0,79.9147119422123
63936.386546305606,167937.0,95441.0,4947.0,79.9248009097646
63936.39663527315,167941.0,95455.0,4977.0,79.93488987730962
63936.406724240696,167946.0,95445.0,4992.0,79.94497884485463
63936.41681320825,167959.0,95475.0,4998.0,79.95506781240692
63936.426902175794,167969.0,95445.0,4977.0,79.96515677995194
63936.43699114334,167990.0,95470.0,4988.0,79.97524574749696
63936.44708011089,168011.0,95478.0,5033.0,79.98533471504925
63936.457169078436,168006.0,95471.0,5016.0,79.99542368259426
63936.46725804598,167999.0,95457.0,5006.0,80.00551265013928
63936.477347013526,168015.0,95475.0,5006.0,80.0156016176843
63936.48743598108,168044.0,95466.0,5029.0,80.02569058523659
63936.49752494862,168014.0,95470.0,4994.0,80.0357795527816
63936.50761391617,168057.0,95491.0,5043.0,80.04586852032662
63936.51770288372,168055.0,95485.0,5016.0,80.05595748787891
63936.527791851266,168053.0,95473.0,5024.0,80.06604645542393
63936.53788081881,168060.0,95490.0,5041.0,80.07613542296895
63936.54796978636,168080.0,95487.0,5030.0,80.08622439052124
63936.55805875391,168085.0,95499.0,5032.0,80.09631335806625
63936.56814772145,168079.0,95511.0,5029.0,80.10640232561127
63936.578236689005,168120.0,95526.0,5071.0,80.11649129316356
63936.58832565655,168127.0,95481.0,5060.0,80.12658026070858
63936.598414624095,168112.0,95489.0,5014.0,80.1366692282536
63936.60850359165,168115.0,95486.0,5058.0,80.14675819580589
63936.61859255919,168137.0,95523.0,5065.0,80.1568471633509
63936.62868152674,168152.0,95509.0,5042.0,80.16693613089592
63936.63877049429,168141.0,95513.0,5080.0,80.17702509844821
63936.648859461835,168158.0,95520.0,5073.0,80.18711406599323
63936.65894842938,168167.0,95489.0,5044.0,80.19720303353824
63936.669037396925,168205.0,95496.0,5065.0,80.20729200108326
63936.67912636448,168224.0,95552.0,5059.0,80.21738096863555
63936.68921533202,168222.0,95524.0,5081.0,80.22746993618057
63936.69930429957,168200.0,95512.0,5078.0,80.23755890372558
63936.70939326712,168241.0,95534.0,5089.0,80.24764787127788
63936.719482234665,168241.0,95516.0,5112.0,80.2577368388229
63936.72957120221,168190.0,95498.0,5065.0,80.26782580636791
63936.73966016976,168172.0,95487.0,5083.0,80.2779147739202
63936.74974913731,168191.0,95537.0,5070.0,80.28800374146522
63936.75983810485,168126.0,95491.0,5046.0,80.29809270901023
63936.769927072404,168115.0,95494.0,5042.0,80.30818167656253
63936.78001603995,168062.0,95486.0,5012.0,80.31827064410754
63936.790105007494,168040.0,95462.0,5019.0,80.32835961165256
63936.80019397505,167959.0,95426.0,4958.0,80.33844857920485
63936.81028294259,167926.0,95448.0,4971.0,80.34853754674987
63936.82037191014,167793.0,95411.0,4903.0,80.35862651429488
63936.83046087768,167775.0,95401.0,4881.0,80.3687154818399
63936.840549845234,167813.0,95429.0,4878.0,80.37880444939219
63936.85063881278,167773.0,95399.0,4873.0,80.38889341693721
63936.860727780324,167794.0,95409.0,4901.0,80.39898238448222
63936.870816747876,167764.0,95384.0,4884.0,80.40907135203452
63936.88090571542,167804.0,95411.0,4936.0,80.41916031957953
63936.890994682966,167754.0,95406.0,4874.0,80.42924928712455
63936.90108365052,167792.0,95400.0,4899.0,80.43933825467684
63936.91117261806,167801.0,95414.0,4881.0,80.44942722222186
63936.92126158561,167789.0,95414.0,4919.0,80.45951618976687
63936.93135055316,167752.0,95404.0,4879.0,80.46960515731917
63936.941439520706,167781.0,95410.0,4886.0,80.47969412486418
63936.95152848825,167784.0,95433.0,4911.0,80.4897830924092
63936.9616174558,167757.0,95389.0,4879.0,80.49987205996149
63936.97170642335,167752.0,95412.0,4881.0,80.5099610275065
63936.98179539089,167748.0,95411.0,4920.0,80.52004999505152
63936.991884358446,167745.0,95424.0,4899.0,80.53013896260381
63937.00197332599,167719.0,95386.0,4858.0,80.54022793014883
63937.012062293536,167750.0,95385.0,4885.0,80.55031689769385
63937.02215126108,167767.0,95425.0,4893.0,80.56040586523886
63937.03224022863,167756.0,95408.0,4881.0,80.57049483279116
63937.04232919618,167777.0,95411.0,4876.0,80.58058380033617
63937.05241816372,167790.0,95430.0,4899.0,80.59067276788119
63937.062507131275,167780.0,95406.0,4885.0,80.60076173543348
63937.07259609882,167805.0,95442.0,4906.0,80.6108507029785
63937.082685066365,167780.0,95454.0,4916.0,80.62093967052351
63937.09277403392,167808.0,95409.0,4901.0,80.6310286380758
63937.10286300146,167823.0,95431.0,4900.0,80.64111760562082
63937.11295196901,167852.0,95442.0,4918.0,80.65120657316584
63937.12304093656,167855.0,95439.0,4933.0,80.66129554071813
63937.133129904105,167846.0,95426.0,4922.0,80.67138450826315
63937.14321887165,167880.0,95471.0,4974.0,80.68147347580816
63937.1533078392,167904.0,95468.0,4962.0,80.69156244336045
63937.16339680675,167889.0,95433.0,4921.0,80.70165141090547
63937.17348577429,167910.0,95461.0,4935.0,80.71174037845049
63937.18357474184,167955.0,95480.0,4990.0,80.7218293459955
63937.19366370939,167951.0,95460.0,4962.0,80.7319183135478
63937.203752676935,167917.0,95472.0,4958.0,80.74200728109281
63937.21384164448,167956.0,95447.0,4983.0,80.75209624863783
63937.22393061203,167988.0,95470.0,4984.0,80.76218521619012
63937.23401957958,167969.0,95488.0,4988.0,80.77227418373514
63937.24410854712,167964.0,95469.0,4992.0,80.78236315128015
63937.254197514674,168016.0,95505.0,5009.0,80.79245211883244
63937.26428648222,167988.0,95462.0,4987.0,80.80254108637746
63937.274375449764,168018.0,95491.0,5001.0,80.81263005392248
63937.28446441732,167998.0,95515.0,4991.0,80.82271902147477
63937.29455338486,168044.0,95508.0,5015.0,80.83280798901978
63937.30464235241,168015.0,95483.0,4993.0,80.8428969565648
63937.31473131996,168055.0,95502.0,5012.0,80.85298592411709
63937.324820287504,168060.0,95481.0,5008.0,80.86307489166211
63937.33490925505,168039.0,95504.0,5014.0,80.87316385920712
63937.3449982226,168052.0,95530.0,5014.0,80.88325282675942
63937.355087190146,168104.0,95515.0,5031.0,80.89334179430443
63937.36517615769,168073.0,95496.0,5003.0,80.90343076184945
63937.37526512524,168073.0,95497.0,5034.0,80.91351972940174
63937.38535409279,168155.0,95527.0,5037.0,80.92360869694676
63937.39544306033,168137.0,95517.0,5042.0,80.93369766449177
63937.40553202788,168106.0,95503.0,5056.0,80.94378663203679
63937.41562099543,168155.0,95533.0,5040.0,80.95387559958908
63937.425709962976,168203.0,95548.0,5068.0,80.9639645671341
63937.43579893052,168182.0,95545.0,5062.0,80.97405353467911
63937.44588789807,168174.0,95528.0,5056.0,80.9841425022314
63937.45597686562,168174.0,95503.0,5044.0,80.99423146977642
63937.46606583316,168155.0,95511.0,5075.0,81.00432043732144
63937.476154800715,168166.0,95528.0,5063.0,81.01440940487373
63937.48624376826,168150.0,95514.0,5077.0,81.02449837241875
63937.496332735805,168143.0,95528.0,5064.0,81.03458733996376
63937.50642170336,168084.0,95497.0,5018.0,81.04467630751606
63937.5165106709,168027.0,95510.0,4981.0,81.05476527506107
63937.52659963845,168000.0,95471.0,4984.0,81.06485424260609
63937.536688606,167975.0,95490.0,4953.0,81.07494321015838
63937.546777573545,167882.0,95454.0,4906.0,81.0850321777034
63937.55686654109,167906.0,95461.0,4968.0,81.09512114524841
63937.566955508635,167839.0,95458.0,4901.0,81.10521011279343
63937.57704447619,167785.0,95400.0,4878.0,81.11529908034572
63937.58713344373,167775.0,95404.0,4875.0,81.12538804789074
63937.59722241128,167797.0,95435.0,4877.0,81.13547701543575
63937.60731137883,167773.0,95420.0,4866.0,81.14556598298805
63937.617400346375,167755.0,95401.0,4908.0,81.15565495053306
63937.62748931392,167761.0,95428.0,4878.0,81.16574391807808
63937.63757828147,167777.0,95423.0,4861.0,81.17583288563037
63937.64766724902,167731.0,95419.0,4854.0,81.18592185317539
63937.65775621656,167792.0,95445.0,4899.0,81.1960108207204
63937.667845184114,167755.0,95415.0,4878.0,81.2060997882727
63937.67793415166,167771.0,95437.0,4886.0,81.21618875581771
63937.688023119204,167739.0,95390.0,4865.0,81.22627772336273
63937.69811208676,167755.0,95430.0,4875.0,81.23636669091502
63937.7082010543,167733.0,95421.0,4867.0,81.24645565846004
63937.71829002185,167729.0,95423.0,4904.0,81.25654462600505
63937.7283789894,167717.0,95432.0,4849.0,81.26663359355734
63937.738467956944,167715.0,95432.0,4897.0,81.27672256110236
63937.74855692449,167716.0,95415.0,4850.0,81.28681152864738
63937.758645892034,167698.0,95397.0,4841.0,81.29690049619239
63937.76873485959,167747.0,95428.0,4870.0,81.30698946374469
63937.77882382713,167715.0,95388.0,4858.0,81.3170784312897
63937.78891279468,167725.0,95421.0,4866.0,81.32716739883472
63937.79900176223,167723.0,95385.0,4853.0,81.33725636638701
63937.809090729774,167731.0,95442.0,4888.0,81.34734533393203
63937.81917969732,167778.0,95408.0,4915.0,81.35743430147704
63937.82926866487,167763.0,95433.0,4876.0,81.36752326902933
63937.839357632416,167777.0,95427.0,4865.0,81.37761223657435
63937.84944659996,167780.0,95422.0,4874.0,81.38770120411937
63937.85953556751,167783.0,95434.0,4877.0,81.39779017167166
63937.86962453506,167812.0,95437.0,4895.0,81.40787913921667
63937.8797135026,167848.0,95478.0,4909.0,81.41796810676169
63937.889802470156,167831.0,95444.0,4928.0,81.42805707431398
63937.8998914377,167849.0,95455.0,4900.0,81.438146041859
63937.909980405246,167857.0,95466.0,4950.0,81.44823500940402
63937.92006937279,167870.0,95481.0,4924.0,81.45832397694903
63937.93015834034,167881.0,95458.0,4920.0,81.46841294450132
63937.94024730789,167868.0,95495.0,4954.0,81.47850191204634
63937.95033627543,167892.0,95478.0,4924.0,81.48859087959136
63937.960425242985,167920.0,95461.0,4940.0,81.49867984714365
63937.97051421053,167948.0,95489.0,4955.0,81.50876881468866
63937.980603178075,167951.0,95490.0,4985.0,81.51885778223368
63937.99069214563,167902.0,95461.0,4938.0,81.52894674978597
63938.00078111317,167944.0,95487.0,4962.0,81.53903571733099
63938.01087008072,167925.0,95489.0,4949.0,81.549124684876
63938.02095904827,167992.0,95499.0,5004.0,81.5592136524283
63938.031048015815,167982.0,95489.0,4948.0,81.56930261997331
63938.04113698336,167986.0,95493.0,4974.0,81.57939158751833
63938.05122595091,167970.0,95495.0,4972.0,81.58948055507062
63938.06131491846,167997.0,95498.0,4972.0,81.59956952261564
63938.071403886,168020.0,95500.0,5009.0,81.60965849016065
63938.081492853555,168012.0,95511.0,4981.0,81.61974745771295
63938.0915818211,168050.0,95512.0,5002.0,81.62983642525796
63938.101670788645,168009.0,95495.0,4978.0,81.63992539280298
63938.11175975619,168041.0,95496.0,4996.0,81.650014360348
63938.12184872374,168051.0,95518.0,4983.0,81.66010332790029
63938.13193769129,168054.0,95492.0,4985.0,81.6701922954453
63938.14202665883,168036.0,95514.0,4995.0,81.68028126299032
63938.152115626384,168063.0,95528.0,5006.0,81.69037023054261
63938.16220459393,168092.0,95531.0,5026.0,81.70045919808763
63938.172293561474,168081.0,95491.0,5040.0,81.71054816563264
63938.18238252903,168130.0,95545.0,5054.0,81.72063713318494
63938.19247149657,168082.0,95536.0,5038.0,81.73072610072995
63938.20256046412,168076.0,95530.0,5025.0,81.74081506827497
63938.21264943167,168017.0,95515.0,5011.0,81.75090403582726
63938.222738399214,168039.0,95540.0,5018.0,81.76099300337228
63938.23282736676,167966.0,95474.0,4980.0,81.7710819709173
63938.24291633431,167930.0,95495.0,4964.0,81.78117093846959
63938.253005301856,167867.0,95468.0,4966.0,81.7912599060146
63938.2630942694,167851.0,95466.0,4924.0,81.80134887355962
63938.273183236946,167844.0,95465.0,4930.0,81.81143784110463
63938.2832722045,167800.0,95442.0,4887.0,81.82152680865693
63938.293361172044,167800.0,95446.0,4884.0,81.83161577620194
63938.30345013959,167786.0,95450.0,4844.0,81.84170474374696
63938.31353910714,167716.0,95399.0,4847.0,81.85179371129925
63938.323628074686,167728.0,95426.0,4845.0,81.86188267884427
63938.33371704223,167704.0,95428.0,4849.0,81.87197164638928
63938.34380600978,167716.0,95411.0,4827.0,81.88206061394158
63938.35389497733,167725.0,95441.0,4866.0,81.89214958148659
63938.36398394487,167711.0,95421.0,4850.0,81.90223854903161
63938.374072912426,167693.0,95407.0,4863.0,81.9123275165839
63938.38416187997,167755.0,95437.0,4857.0,81.92241648412892
63938.394250847516,167726.0,95452.0,4864.0,81.93250545167393
63938.40433981507,167718.0,95426.0,4834.0,81.94259441922622
63938.41442878261,167712.0,95400.0,4883.0,81.95268338677124
63938.42451775016,167739.0,95450.0,4868.0,81.96277235431626
63938.43460671771,167748.0,95414.0,4894.0,81.97286132186855
63938.444695685255,167722.0,95426.0,4856.0,81.98295028941357
63938.4547846528,167767.0,95417.0,4871.0,81.99303925695858
63938.464873620345,167730.0,95415.0,4891.0,82.0031282245036
63938.4749625879,167742.0,95402.0,4867.0,82.01321719205589
63938.48505155544,167750.0,95434.0,4876.0,82.0233061596009
63938.49514052299,167739.0,95446.0,4877.0,82.03339512714592
63938.50522949054,167747.0,95435.0,4887.0,82.04348409469821
63938.515318458085,167693.0,95395.0,4840.0,82.05357306224323
63938.52540742563,167751.0,95444.0,4874.0,82.06366202978825
63938.53549639318,167720.0,95423.0,4863.0,82.07375099734054
63938.54558536073,167692.0,95401.0,4899.0,82.08383996488556
63938.55567432827,167710.0,95421.0,4850.0,82.09392893243057
63938.565763295825,167728.0,95405.0,4873.0,82.10401789998286
63938.57585226337,167720.0,95430.0,4858.0,82.11410686752788
63938.585941230915,167705.0,95405.0,4844.0,82.1241958350729
63938.59603019847,167726.0,95452.0,4842.0,82.13428480262519
63938.60611916601,167735.0,95438.0,4884.0,82.1443737701702
63938.61620813356,167744.0,95437.0,4866.0,82.15446273771522
63938.6262971011,167720.0,95438.0,4851.0,82.16455170526024
63938.636386068654,167738.0,95410.0,4868.0,82.17464067281253
63938.6464750362,167744.0,95449.0,4873.0,82.18472964035755
63938.656564003744,167764.0,95438.0,4861.0,82.19481860790256
63938.6666529713,167794.0,95470.0,4900.0,82.20490757545485
63938.67674193884,167780.0,95456.0,4914.0,82.21499654299987
63938.68683090639,167801.0,95435.0,4897.0,82.22508551054489
63938.69691987394,167839.0,95455.0,4901.0,82.23517447809718
63938.707008841484,167848.0,95440.0,4913.0,82.2452634456422
63938.71709780903,167873.0,95497.0,4939.0,82.25535241318721
63938.72718677658,167896.0,95496.0,4936.0,82.2654413807395
63938.737275744126,167890.0,95470.0,4930.0,82.27553034828452
63938.74736471167,167871.0,95462.0,4959.0,82.28561931582954
63938.75745367922,167902.0,95459.0,4951.0,82.29570828338183
63938.76754264677,167939.0,95492.0,4960.0,82.30579725092684
63938.77763161431,167924.0,95483.0,4956.0,82.31588621847186
63938.787720581866,167963.0,95489.0,4910.0,82.32597518602415
63938.79780954941,167945.0,95494.0,4928.0,82.33606415356917
63938.807898516956,167965.0,95501.0,4974.0,82.34615312111418
63938.81798748451,167968.0,95505.0,4967.0,82.35624208866648
63938.82807645205,167963.0,95518.0,4989.0,82.3663310562115
63938.8381654196,167961.0,95484.0,4948.0,82.37642002375651
63938.84825438714,168013.0,95525.0,4993.0,82.38650899130153
63938.858343354696,167998.0,95513.0,4980.0,82.39659795885382
63938.86843232224,168035.0,95544.0,4992.0,82.40668692639883
63938.878521289786,168027.0,95499.0,4969.0,82.41677589394385
63938.88861025734,168025.0,95531.0,4989.0,82.42686486149614
63938.89869922488,168036.0,95527.0,4965.0,82.43695382904116
63938.90878819243,168018.0,95514.0,5013.0,82.44704279658617
63938.91887715998,168060.0,95504.0,4989.0,82.45713176413847
63938.928966127525,168094.0,95538.0,5001.0,82.46722073168348
63938.93905509507,168077.0,95534.0,5010.0,82.4773096992285
63938.94914406262,168055.0,95516.0,5017.0,82.48739866678079
63938.95923303017,168131.0,95562.0,4979.0,82.49748763432581
63938.96932199771,168093.0,95535.0,5041.0,82.50757660187082
63938.979410965265,168060.0,95522.0,5013.0,82.51766556942312
63938.98949993281,168032.0,95516.0,5004.0,82.52775453696813
63938.999588900355,167991.0,95491.0,4992.0,82.53784350451315
63939.0096778679,167960.0,95486.0,4947.0,82.54793247205816
63939.01976683545,167953.0,95511.0,4926.0,82.55802143961046
63939.029855803,167886.0,95471.0,4928.0,82.56811040715547
63939.03994477054,167842.0,95479.0,4901.0,82.57819937470049
63939.050033738094,167843.0,95478.0,4904.0,82.58828834225278
63939.06012270564,167771.0,95405.0,4908.0,82.5983773097978
63939.070211673185,167769.0,95438.0,4862.0,82.60846627734281
63939.08030064074,167727.0,95448.0,4876.0,82.6185552448951
63939.09038960828,167717.0,95392.0,4820.0,82.62864421244012
63939.10047857583,167700.0,95413.0,4812.0,82.63873317998514
63939.11056754338,167720.0,95419.0,4832.0,82.64882214753743
63939.120656510924,167722.0,95440.0,4813.0,82.65891111508245
63939.13074547847,167726.0,95396.0,4837.0,82.66900008262746
63939.14083444602,167721.0,95384.0,4840.0,82.67908905017975
63939.15092341357,167735.0,95429.0,4854.0,82.68917801772477
63939.16101238111,167741.0,95456.0,4832.0,82.69926698526979
63939.171101348664,167702.0,95455.0,4850.0,82.70935595282208
63939.18119031621,167757.0,95456.0,4870.0,82.7194449203671
63939.191279283754,167728.0,95414.0,4870.0,82.72953388791211
63939.2013682513,167733.0,95425.0,4854.0,82.73962285545713
63939.21145721885,167722.0,95436.0,4853.0,82.74971182300942
63939.221546186396,167768.0,95449.0,4849.0,82.75980079055444
63939.23163515394,167770.0,95445.0,4859.0,82.76988975809945
63939.24172412149,167766.0,95465.0,4885.0,82.77997872565174
63939.25181308904,167737.0,95430.0,4857.0,82.79006769319676
63939.26190205658,167782.0,95460.0,4893.0,82.80015666074178
63939.271991024136,167766.0,95438.0,4878.0,82.81024562829407
63939.28207999168,167761.0,95450.0,4866.0,82.82033459583909
63939.292168959226,167734.0,95424.0,4864.0,82.8304235633841
63939.30225792678,167744.0,95454.0,4885.0,82.8405125309364
63939.31234689432,167752.0,95443.0,4864.0,82.85060149848141
63939.32243586187,167703.0,95467.0,4878.0,82.86069046602643
63939.33252482942,167755.0,95467.0,4893.0,82.87077943357872
63939.342613796965,167726.0,95423.0,4854.0,82.88086840112373
63939.35270276451,167759.0,95443.0,4853.0,82.89095736866875
63939.362791732055,167750.0,95440.0,4843.0,82.90104633621377
63939.37288069961,167748.0,95457.0,4864.0,82.91113530376606
63939.38296966715,167752.0,95430.0,4847.0,82.92122427131108
63939.3930586347,167796.0,95448.0,4872.0,82.93131323885609
63939.40314760225,167789.0,95445.0,4865.0,82.94140220640838
63939.413236569795,167787.0,95461.0,4870.0,82.9514911739534
63939.42332553734,167818.0,95455.0,4882.0,82.96158014149842
63939.43341450489,167835.0,95465.0,4905.0,82.97166910905071
63939.44350347244,167842.0,95483.0,4895.0,82.98175807659572
63939.45359243998,167831.0,95451.0,4888.0,82.99184704414074
63939.463681407535,167847.0,95479.0,4931.0,83.00193601169303
63939.47377037508,167883.0,95486.0,4923.0,83.01202497923805
63939.483859342625,167888.0,95467.0,4932.0,83.02211394678307
63939.49394831018,167909.0,95525.0,4939.0,83.03220291433536
63939.50403727772,167959.0,95505.0,4952.0,83.04229188188037
63939.51412624527,167910.0,95474.0,4936.0,83.05238084942539
63939.52421521282,167967.0,95514.0,4953.0,83.06246981697768
63939.534304180364,167956.0,95490.0,4939.0,83.0725587845227
63939.54439314791,167982.0,95511.0,4972.0,83.08264775206771
63939.554482115454,167980.0,95520.0,4972.0,83.09273671961273
63939.56457108301,168017.0,95528.0,4961.0,83.10282568716502
63939.57466005055,168004.0,95532.0,5001.0,83.11291465471004
63939.5847490181,168013.0,95501.0,4974.0,83.12300362225506
63939.59483798565,167977.0,95490.0,4984.0,83.13309258980735
63939.604926953194,168041.0,95530.0,4990.0,83.14318155735236
63939.61501592074,168032.0,95542.0,5025.0,83.15327052489738
63939.62510488829,168056.0,95523.0,4987.0,83.16335949244967
63939.63519385584,168065.0,95519.0,5025.0,83.17344845999469
63939.64528282338,168088.0,95540.0,4994.0,83.1835374275397
63939.655371790934,168079.0,95528.0,5002.0,83.193626395092
63939.66546075848,168090.0,95571.0,5018.0,83.20371536263701
63939.675549726024,168107.0,95568.0,4996.0,83.21380433018203
63939.685638693576,168131.0,95555.0,5022.0,83.22389329773432
63939.69572766112,168123.0,95532.0,5030.0,83.23398226527934
63939.705816628666,168115.0,95565.0,5017.0,83.24407123282435
63939.71590559621,168148.0,95551.0,5054.0,83.25416020036937
63939.72599456376,168149.0,95560.0,5025.0,83.26424916792166
63939.73608353131,168155.0,95560.0,5040.0,83.27433813546668
63939.74617249885,168230.0,95597.0,5059.0,83.2844271030117
63939.756261466406,168173.0,95554.0,5043.0,83.29451607056399
63939.76635043395,168179.0,95568.0,5040.0,83.304605038109
63939.776439401496,168136.0,95585.0,5036.0,83.31469400565402
63939.78652836905,168107.0,95545.0,5025.0,83.32478297320631
63939.79661733659,168073.0,95553.0,5008.0,83.33487194075133
63939.80670630414,168053.0,95529.0,4973.0,83.34496090829634
63939.81679527169,168031.0,95513.0,4975.0,83.35504987584864
63939.826884239235,167949.0,95489.0,4921.0,83.36513884339365
63939.83697320678,167943.0,95460.0,4927.0,83.37522781093867
63939.84706217433,167895.0,95493.0,4904.0,83.38531677849096
63939.85715114188,167849.0,95520.0,4891.0,83.39540574603598
63939.86724010942,167791.0,95464.0,4862.0,83.40549471358099
63939.877329076975,167849.0,95482.0,4889.0,83.41558368113328
63939.88741804452,167823.0,95464.0,4857.0,83.4256726486783
63939.897507012065,167779.0,95430.0,4856.0,83.43576161622332
63939.90759597961,167833.0,95462.0,4852.0,83.44585058376833
63939.91768494716,167820.0,95468.0,4882.0,83.45593955132063
63939.92777391471,167806.0,95463.0,4832.0,83.46602851886564
63939.93786288225,167784.0,95447.0,4868.0,83.47611748641066
63939.947951849805,167810.0,95464.0,4855.0,83.48620645396295
63939.95804081735,167791.0,95419.0,4849.0,83.49629542150797
63939.968129784895,167774.0,95462.0,4843.0,83.50638438905298
63939.97821875245,167767.0,95434.0,4848.0,83.51647335660527
63939.98830771999,167735.0,95434.0,4860.0,83.52656232415029
63939.99839668754,167755.0,95422.0,4831.0,83.5366512916953
63940.00848565509,167804.0,95450.0,4873.0,83.5467402592476
63940.018574622634,167793.0,95463.0,4849.0,83.55682922679262
63940.02866359018,167779.0,95441.0,4850.0,83.56691819433763
63940.03875255773,167791.0,95445.0,4858.0,83.57700716188992
63940.04884152528,167799.0,95468.0,4865.0,83.58709612943494
63940.05893049282,167787.0,95462.0,4865.0,83.59718509697996
63940.069019460374,167774.0,95445.0,4867.0,83.60727406453225
63940.07910842792,167779.0,95467.0,4861.0,83.61736303207726
63940.089197395464,167782.0,95446.0,4855.0,83.62745199962228
63940.09928636301,167804.0,95459.0,4859.0,83.6375409671673
63940.10937533056,167780.0,95467.0,4880.0,83.64762993471959
63940.119464298106,167787.0,95477.0,4844.0,83.6577189022646
63940.12955326565,167786.0,95444.0,4917.0,83.66780786980962
63940.1396422332,167781.0,95454.0,4870.0,83.67789683736191
63940.14973120075,167758.0,95454.0,4861.0,83.68798580490693
63940.159820168294,167794.0,95498.0,4896.0,83.69807477245195
63940.169909135846,167768.0,95478.0,4851.0,83.70816374000424
63940.17999810339,167804.0,95462.0,4874.0,83.71825270754925
63940.190087070936,167838.0,95480.0,4855.0,83.72834167509427
63940.20017603849,167846.0,95492.0,4899.0,83.73843064264656
63940.21026500603,167838.0,95485.0,4875.0,83.74851961019158
63940.22035397358,167845.0,95494.0,4888.0,83.7586085777366
63940.23044294113,167865.0,95474.0,4900.0,83.76869754528889
63940.240531908676,167842.0,95479.0,4878.0,83.7787865128339
63940.25062087622,167912.0,95502.0,4894.0,83.78887548037892
63940.26070984377,167925.0,95490.0,4933.0,83.79896444793121
63940.27079881132,167883.0,95477.0,4918.0,83.80905341547623
63940.28088777886,167920.0,95505.0,4926.0,83.81914238302124
63940.29097674641,167952.0,95522.0,4955.0,83.82923135056626
63940.30106571396,167953.0,95512.0,4937.0,83.83932031811855
63940.311154681505,167949.0,95491.0,4917.0,83.84940928566357
63940.32124364905,167997.0,95550.0,4911.0,83.85949825320859
63940.3313326166,167981.0,95507.0,4941.0,83.86958722076088
63940.34142158415,167996.0,95544.0,4959.0,83.8796761883059
63940.35151055169,168023.0,95532.0,4953.0,83.88976515585091
63940.361599519245,168048.0,95561.0,4988.0,83.8998541234032
63940.37168848679,168016.0,95536.0,4950.0,83.90994309094822
63940.381777454335,168048.0,95552.0,4966.0,83.92003205849323
63940.39186642189,168090.0,95544.0,4981.0,83.93012102604553
63940.40195538943,168079.0,95556.0,5000.0,83.94020999359054
63940.41204435698,168056.0,95533.0,4972.0,83.95029896113556
63940.42213332453,168089.0,95548.0,4997.0,83.96038792868785
63940.432222292075,168110.0,95544.0,4992.0,83.97047689623287
63940.44231125962,168079.0,95550.0,4983.0,83.98056586377788
63940.452400227165,168114.0,95565.0,4982.0,83.9906548313229
63940.46248919472,168128.0,95570.0,5028.0,84.00074379887519
63940.47257816226,168119.0,95574.0,5021.0,84.01083276642021
63940.48266712981,168118.0,95555.0,5000.0,84.02092173396522
63940.49275609736,168188.0,95590.0,5045.0,84.03101070151752
63940.502845064904,168161.0,95576.0,5001.0,84.04109966906253
63940.51293403245,168190.0,95559.0,5030.0,84.05118863660755
63940.523023,168229.0,95563.0,5046.0,84.06127760415984
63940.53311196755,168214.0,95602.0,5064.0,84.07136657170486
63940.54320093509,168244.0,95583.0,5051.0,84.08145553924987
63940.553289902644,168240.0,95610.0,5047.0,84.09154450680217
63940.56337887019,168270.0,95629.0,5074.0,84.10163347434718
63940.573467837734,168293.0,95600.0,5052.0,84.1117224418922
63940.583556805286,168288.0,95612.0,5047.0,84.12181140944449
63940.59364577283,168293.0,95618.0,5081.0,84.1319003769895
63940.603734740376,168302.0,95623.0,5104.0,84.14198934453452
63940.61382370793,168277.0,95583.0,5068.0,84.15207831208681
63940.62391267547,168284.0,95620.0,5099.0,84.16216727963183
63940.63400164302,168263.0,95602.0,5066.0,84.17225624717685
63940.64409061056,168249.0,95587.0,5087.0,84.18234521472186
63940.654179578116,168185.0,95590.0,5028.0,84.19243418227416
63940.66426854566,168174.0,95570.0,5065.0,84.20252314981917
63940.674357513206,168113.0,95551.0,5001.0,84.21261211736419
63940.68444648076,168052.0,95555.0,4981.0,84.22270108491648
63940.6945354483,168014.0,95525.0,4948.0,84.2327900524615
63940.70462441585,167995.0,95520.0,4931.0,84.24287902000651
63940.7147133834,167988.0,95516.0,4926.0,84.2529679875588
63940.724802350946,167958.0,95491.0,4920.0,84.26305695510382
63940.73489131849,167988.0,95536.0,4948.0,84.27314592264884
63940.74498028604,167945.0,95496.0,4888.0,84.28323489020113
63940.75506925359,167951.0,95507.0,4895.0,84.29332385774615
63940.76515822113,167909.0,95504.0,4906.0,84.30341282529116
63940.775247188685,167957.0,95512.0,4918.0,84.31350179284345
63940.78533615623,167921.0,95488.0,4885.0,84.32359076038847
63940.795425123775,167927.0,95482.0,4884.0,84.33367972793349
63940.80551409132,167921.0,95481.0,4911.0,84.3437686954785
63940.81560305887,167906.0,95504.0,4908.0,84.3538576630308
63940.82569202642,167913.0,95522.0,4910.0,84.36394663057581
63940.83578099396,167933.0,95506.0,4900.0,84.37403559812083
63940.845869961515,167968.0,95501.0,4924.0,84.38412456567312
63940.85595892906,167935.0,95503.0,4887.0,84.39421353321814
63940.866047896605,167951.0,95515.0,4921.0,84.40430250076315
63940.87613686416,167946.0,95499.0,4917.0,84.41439146831544
63940.8862258317,167953.0,95524.0,4934.0,84.42448043586046
63940.89631479925,167914.0,95506.0,4883.0,84.43456940340548
63940.9064037668,167960.0,95526.0,4949.0,84.44465837095777
63940.916492734345,167950.0,95510.0,4930.0,84.45474733850278
63940.92658170189,167910.0,95455.0,4901.0,84.4648363060478
63940.93667066944,167964.0,95516.0,4942.0,84.47492527360009
63940.94675963699,167918.0,95501.0,4920.0,84.48501424114511
63940.95684860453,167954.0,95521.0,4894.0,84.49510320869013
63940.966937572084,167905.0,95509.0,4917.0,84.50519217624242
63940.97702653963,167943.0,95527.0,4943.0,84.51528114378743
63940.987115507174,167935.0,95493.0,4900.0,84.52537011133245
63940.99720447472,167948.0,95516.0,4921.0,84.53545907887747
63941.00729344227,167933.0,95491.0,4928.0,84.54554804642976
63941.01738240982,167978.0,95531.0,4946.0,84.55563701397477
63941.02747137736,167930.0,95517.0,4908.0,84.56572598151979
63941.037560344914,167944.0,95521.0,4913.0,84.57581494907208
63941.04764931246,167977.0,95515.0,4927.0,84.5859039166171
63941.057738280004,167965.0,95491.0,4898.0,84.59599288416211
63941.067827247556,168020.0,95504.0,4935.0,84.6060818517144
63941.0779162151,168022.0,95543.0,4963.0,84.61617081925942
63941.088005182646,168027.0,95542.0,4946.0,84.62625978680444
63941.0980941502,168014.0,95531.0,4977.0,84.63634875435673
63941.10818311774,168036.0,95575.0,4978.0,84.64643772190175
63941.11827208529,168048.0,95538.0,4971.0,84.65652668944676
63941.12836105284,168083.0,95551.0,4967.0,84.66661565699906
63941.138450020386,168063.0,95535.0,5002.0,84.67670462454407
63941.14853898793,168096.0,95573.0,5004.0,84.68679359208909
63941.158627955476,168085.0,95576.0,4978.0,84.6968825596341
63941.16871692303,168139.0,95572.0,4996.0,84.7069715271864
63941.17880589057,168145.0,95566.0,4993.0,84.71706049473141
63941.18889485812,168151.0,95556.0,5017.0,84.72714946227643
63941.19898382567,168120.0,95531.0,4967.0,84.73723842982872
63941.209072793215,168171.0,95578.0,5021.0,84.74732739737374
63941.21916176076,168207.0,95610.0,5036.0,84.75741636491875
63941.22925072831,168180.0,95590.0,5008.0,84.76750533247105
63941.23933969586,168236.0,95612.0,5063.0,84.77759430001606
63941.2494286634,168226.0,95599.0,5036.0,84.78768326756108
63941.259517630955,168256.0,95604.0,5059.0,84.79777223511337
63941.2696065985,168255.0,95597.0,5056.0,84.80786120265839
63941.279695566045,168281.0,95627.0,5048.0,84.8179501702034
63941.2897845336,168281.0,95614.0,5055.0,84.8280391377557
63941.29987350114,168276.0,95597.0,5085.0,84.83812810530071
63941.30996246869,168296.0,95600.0,5062.0,84.84821707284573
63941.32005143624,168288.0,95596.0,5078.0,84.85830604039802
63941.330140403785,168295.0,95617.0,5071.0,84.86839500794304
63941.34022937133,168314.0,95601.0,5059.0,84.87848397548805
63941.35031833888,168356.0,95647.0,5093.0,84.88857294304034
63941.36040730643,168326.0,95633.0,5075.0,84.89866191058536
63941.37049627397,168371.0,95639.0,5102.0,84.90875087813038
63941.38058524152,168384.0,95620.0,5105.0,84.9188398456754
63941.39067420907,168411.0,95662.0,5128.0,84.92892881322769
63941.400763176614,168387.0,95639.0,5100.0,84.9390177807727
63941.41085214416,168416.0,95639.0,5113.0,84.94910674831772
63941.42094111171,168436.0,95660.0,5108.0,84.95919571587001
63941.43103007926,168428.0,95646.0,5111.0,84.96928468341503
63941.4411190468,168477.0,95674.0,5167.0,84.97937365096004
63941.451208014354,168472.0,95663.0,5136.0,84.98946261851233
63941.4612969819,168475.0,95706.0,5156.0,84.99955158605735
63941.471385949444,168466.0,95644.0,5137.0,85.00964055360237
63941.481474917,168538.0,95690.0,5148.0,85.01972952115466
63941.49156388454,168524.0,95673.0,5186.0,85.02981848869968
63941.50165285209,168550.0,95709.0,5169.0,85.03990745624469
63941.51174181964,168537.0,95659.0,5153.0,85.04999642379698
63941.521830787184,168565.0,95716.0,5193.0,85.060085391342
63941.53191975473,168578.0,95678.0,5175.0,85.07017435888702
63941.542008722274,168532.0,95673.0,5163.0,85.08026332643203
63941.552097689826,168518.0,95692.0,5153.0,85.09035229398432
63941.56218665737,168448.0,95650.0,5116.0,85.10044126152934
63941.572275624916,168404.0,95625.0,5123.0,85.11053022907436
63941.58236459247,168390.0,95642.0,5102.0,85.12061919662665
63941.59245356001,168351.0,95668.0,5111.0,85.13070816417166
63941.60254252756,168295.0,95617.0,5053.0,85.14079713171668
63941.61263149511,168275.0,95601.0,5041.0,85.15088609926897
63941.622720462656,168271.0,95588.0,5044.0,85.16097506681399
63941.6328094302,168236.0,95571.0,5030.0,85.171064034359
63941.64289839775,168221.0,95573.0,5014.0,85.1811530019113
63941.6529873653,168218.0,95604.0,5011.0,85.19124196945631
63941.66307633284,168248.0,95593.0,5003.0,85.20133093700133
63941.673165300395,168227.0,95564.0,4998.0,85.21141990455362
63941.68325426794,168227.0,95573.0,4993.0,85.22150887209864
63941.693343235485,168255.0,95588.0,5002.0,85.23159783964365
63941.70343220304,168223.0,95576.0,5018.0,85.24168680719595
63941.71352117058,168227.0,95567.0,4999.0,85.25177577474096
63941.72361013813,168197.0,95585.0,5003.0,85.26186474228598
63941.73369910567,168227.0,95596.0,5023.0,85.271953709831
63941.743788073225,168217.0,95578.0,5009.0,85.28204267738329
63941.75387704077,168246.0,95596.0,5006.0,85.2921316449283
63941.763966008315,168263.0,95601.0,5038.0,85.30222061247332
63941.77405497587,168226.0,95559.0,5002.0,85.31230958002561
63941.78414394341,168260.0,95592.0,5022.0,85.32239854757063
63941.79423291096,168221.0,95575.0,5043.0,85.33248751511564
63941.80432187851,168284.0,95577.0,5062.0,85.34257648266794
63941.814410846055,168221.0,95548.0,5015.0,85.35266545021295
63941.8244998136,168264.0,95591.0,5028.0,85.36275441775797
63941.83458878115,168256.0,95604.0,5058.0,85.37284338531026
63941.8446777487,168229.0,95571.0,5033.0,85.38293235285528
63941.85476671624,168225.0,95585.0,5007.0,85.3930213204003
63941.864855683794,168271.0,95588.0,5051.0,85.40311028795259
63941.87494465134,168235.0,95557.0,4990.0,85.4131992554976
63941.885033618884,168239.0,95564.0,5012.0,85.42328822304262
63941.89512258643,168236.0,95573.0,5012.0,85.43337719058763
63941.90521155398,168246.0,95590.0,5025.0,85.44346615813993
63941.91530052153,168253.0,95611.0,5047.0,85.45355512568494
63941.92538948907,168237.0,95590.0,4999.0,85.46364409322996
63941.935478456624,168282.0,95622.0,5046.0,85.47373306078225
63941.94556742417,168255.0,95587.0,5017.0,85.48382202832727
63941.955656391714,168253.0,95568.0,5031.0,85.49391099587228
63941.965745359266,168278.0,95573.0,5024.0,85.50399996342458
63941.97583432681,168262.0,95582.0,5027.0,85.51408893096959
63941.985923294356,168308.0,95601.0,5029.0,85.52417789851461
63941.99601226191,168293.0,95608.0,5051.0,85.5342668660669
63942.00610122945,168327.0,95623.0,5068.0,85.54435583361192
63942.016190197,168305.0,95610.0,5054.0,85.55444480115693
63942.02627916455,168318.0,95582.0,5055.0,85.56453376870923
63942.036368132096,168323.0,95603.0,5047.0,85.57462273625424
63942.04645709964,168286.0,95571.0,5043.0,85.58471170379926
63942.05654606719,168275.0,95579.0,5047.0,85.59480067135155
63942.06663503474,168295.0,95567.0,5080.0,85.60488963889657
63942.07672400228,168301.0,95578.0,5045.0,85.61497860644158
63942.08681296983,168255.0,95524.0,5028.0,85.6250675739866
63942.09690193738,168274.0,95526.0,5046.0,85.63515654153889
63942.106990904926,168272.0,95578.0,5023.0,85.6452455090839
63942.11707987247,168241.0,95545.0,5062.0,85.65533447662892
63942.12716884002,168193.0,95516.0,5059.0,85.66542344418122
63942.13725780757,168177.0,95515.0,5040.0,85.67551241172623
63942.14734677511,168180.0,95511.0,5079.0,85.68560137927125
63942.157435742665,168159.0,95500.0,5047.0,85.69569034682354
63942.16752471021,168134.0,95497.0,5052.0,85.70577931436856
63942.177613677755,168124.0,95464.0,5042.0,85.71586828191357
63942.18770264531,168140.0,95489.0,5052.0,85.72595724946586
63942.19779161285,168129.0,95488.0,5041.0,85.73604621701088
63942.2078805804,168105.0,95469.0,5035.0,85.7461351845559
63942.21796954795,168097.0,95489.0,5048.0,85.75622415210819
63942.228058515495,168108.0,95460.0,5014.0,85.7663131196532
63942.23814748304,168119.0,95478.0,5043.0,85.77640208719822
63942.248236450585,168141.0,95483.0,5007.0,85.78649105474324
63942.25832541814,168119.0,95448.0,5035.0,85.79658002229553
63942.26841438568,168101.0,95445.0,5042.0,85.80666898984055
63942.27850335323,168133.0,95468.0,5035.0,85.81675795738556
63942.28859232078,168125.0,95449.0,5040.0,85.82684692493785
63942.298681288325,168191.0,95490.0,5088.0,85.83693589248287
63942.30877025587,168154.0,95440.0,5065.0,85.84702486002789
63942.31885922342,168189.0,95479.0,5049.0,85.85711382758018
63942.32894819097,168151.0,95492.0,5042.0,85.8672027951252
63942.33903715851,168158.0,95457.0,5083.0,85.87729176267021
63942.349126126064,168188.0,95502.0,5056.0,85.8873807302225
63942.35921509361,168220.0,95500.0,5068.0,85.89746969776752
63942.369304061154,168205.0,95464.0,5051.0,85.90755866531254
63942.37939302871,168229.0,95486.0,5080.0,85.91764763286483
63942.38948199625,168247.0,95480.0,5082.0,85.92773660040984
63942.3995709638,168219.0,95477.0,5067.0,85.93782556795486
63942.40965993135,168257.0,95496.0,5078.0,85.94791453550715
63942.419748898894,168242.0,95485.0,5055.0,85.95800350305217
63942.42983786644,168263.0,95520.0,5081.0,85.96809247059718
63942.439926833984,168217.0,95486.0,5046.0,85.9781814381422
63942.450015801536,168193.0,95496.0,5003.0,85.9882704056945
63942.46010476908,168166.0,95445.0,5015.0,85.99835937323951
63942.470193736626,168114.0,95470.0,4986.0,86.00844834078453
63942.48028270418,168087.0,95458.0,4977.0,86.01853730833682
63942.49037167172,168070.0,95445.0,4960.0,86.02862627588183
63942.50046063927,168060.0,95453.0,4952.0,86.03871524342685
63942.51054960682,168010.0,95421.0,4920.0,86.04880421097914
63942.520638574366,167989.0,95422.0,4903.0,86.05889317852416
63942.53072754191,167948.0,95375.0,4877.0,86.06898214606917
63942.54081650946,167989.0,95423.0,4891.0,86.07907111362147
63942.55090547701,167938.0,95391.0,4870.0,86.08916008116648
63942.56099444455,167938.0,95408.0,4874.0,86.0992490487115
63942.571083412106,167974.0,95399.0,4883.0,86.10933801626379
63942.58117237965,167984.0,95447.0,4897.0,86.11942698380881
63942.591261347196,167962.0,95384.0,4879.0,86.12951595135382
63942.60135031474,167971.0,95428.0,4898.0,86.13960491889884
63942.61143928229,167964.0,95413.0,4901.0,86.14969388645113
63942.62152824984,167957.0,95404.0,4910.0,86.15978285399615
63942.63161721738,167986.0,95419.0,4900.0,86.16987182154116
63942.641706184935,167951.0,95403.0,4898.0,86.17996078909346
63942.65179515248,167994.0,95422.0,4912.0,86.19004975663847
63942.661884120025,167946.0,95353.0,4877.0,86.20013872418349
63942.67197308758,168017.0,95424.0,4915.0,86.21022769173578
63942.68206205512,168011.0,95430.0,4952.0,86.2203166592808
63942.69215102267,168010.0,95428.0,4908.0,86.23040562682581
63942.70223999022,168001.0,95409.0,4928.0,86.2404945943781
63942.712328957765,167984.0,95399.0,4911.0,86.25058356192312
63942.72241792531,167965.0,95410.0,4888.0,86.26067252946814
63942.73250689286,167995.0,95411.0,4916.0,86.27076149702043
63942.74259586041,167998.0,95432.0,4913.0,86.28085046456545
63942.75268482795,167963.0,95411.0,4891.0,86.29093943211046
63942.762773795504,167952.0,95407.0,4901.0,86.30102839966275
63942.77286276305,167968.0,95415.0,4904.0,86.31111736720777
63942.782951730595,167968.0,95432.0,4904.0,86.32120633475279
63942.79304069815,167944.0,95390.0,4874.0,86.33129530230508
63942.80312966569,167964.0,95408.0,4893.0,86.3413842698501
63942.81321863324,167939.0,95390.0,4896.0,86.35147323739511
63942.82330760078,167914.0,95407.0,4919.0,86.36156220494013
63942.833396568334,167901.0,95376.0,4873.0,86.37165117249242
63942.84348553588,167905.0,95377.0,4910.0,86.38174014003744
63942.853574503424,167837.0,95348.0,4887.0,86.39182910758245
63942.86366347098,167813.0,95343.0,4868.0,86.40191807513474
63942.87375243852,167736.0,95296.0,4879.0,86.41200704267976
63942.88384140607,167707.0,95317.0,4896.0,86.42209601022478
63942.89393037362,167657.0,95293.0,4882.0,86.43218497777707
63942.904019341164,167565.0,95256.0,4870.0,86.44227394532209
63942.91410830871,167506.0,95241.0,4899.0,86.4523629128671
63942.92419727626,167383.0,95158.0,4842.0,86.4624518804194
63942.934286243806,167290.0,95145.0,4880.0,86.47254084796441
63942.94437521135,167209.0,95116.0,4872.0,86.48262981550943
63942.9544641789,167230.0,95107.0,4878.0,86.49271878306172
63942.96455314645,167197.0,95092.0,4860.0,86.50280775060673
63942.97464211399,167231.0,95090.0,4877.0,86.51289671815175
63942.98473108154,167242.0,95127.0,4861.0,86.52298568569677
63942.99482004909,167266.0,95083.0,4869.0,86.53307465324906
63943.004909016636,167344.0,95133.0,4859.0,86.54316362079408
63943.01499798418,167395.0,95132.0,4900.0,86.55325258833909
63943.02508695173,167458.0,95164.0,4873.0,86.56334155589138
63943.03517591928,167482.0,95153.0,4874.0,86.5734305234364
63943.04526488682,167590.0,95164.0,4908.0,86.58351949098142
63943.055353854375,167637.0,95196.0,4872.0,86.59360845853371
63943.06544282192,167723.0,95216.0,4863.0,86.60369742607872
63943.075531789465,167772.0,95240.0,4904.0,86.61378639362374
63943.08562075702,167863.0,95261.0,4928.0,86.62387536117603
63943.09570972456,167874.0,95237.0,4883.0,86.63396432872105
63943.10579869211,167912.0,95271.0,4899.0,86.64405329626607
63943.11588765966,167914.0,95273.0,4909.0,86.65414226381836
63943.125976627205,167962.0,95281.0,4897.0,86.66423123136337
63943.13606559475,167975.0,95287.0,4909.0,86.67432019890839
63943.1461545623,168036.0,95288.0,4919.0,86.68440916646068
63943.15624352985,168046.0,95323.0,4944.0,86.6944981340057
63943.16633249739,168044.0,95292.0,4902.0,86.70458710155071
63943.17642146494,168028.0,95325.0,4926.0,86.71467606909573
63943.18651043249,168040.0,95290.0,4920.0,86.72476503664802
63943.196599400035,168029.0,95260.0,4928.0,86.73485400419304
63943.20668836758,168017.0,95292.0,4908.0,86.74494297173806
63943.21677733513,167993.0,95254.0,4953.0,86.75503193929035
63943.22686630268,167939.0,95266.0,4937.0,86.76512090683536
63943.23695527022,167896.0,95261.0,4915.0,86.77520987438038
63943.247044237774,167868.0,95265.0,4931.0,86.78529884193267
63943.25713320532,167857.0,95255.0,4939.0,86.79538780947769
63943.267222172864,167820.0,95237.0,4901.0,86.8054767770227
63943.27731114042,167764.0,95224.0,4864.0,86.815565744575
63943.28740010796,167696.0,95197.0,4853.0,86.82565471212001
63943.29748907551,167556.0,95131.0,4844.0,86.83574367966503
63943.30757804306,167507.0,95128.0,4801.0,86.84583264721732
63943.317667010604,167381.0,95096.0,4765.0,86.85592161476234
63943.32775597815,167338.0,95069.0,4730.0,86.86601058230735
63943.337844945694,167210.0,95008.0,4741.0,86.87609954985237
63943.34793391325,167163.0,95012.0,4718.0,86.88618851740466
63943.35802288079,167110.0,95010.0,4715.0,86.89627748494968
63943.36811184834,167065.0,94988.0,4715.0,86.9063664524947
63943.37820081589,167090.0,94993.0,4684.0,86.91645542004699
63943.388289783434,167107.0,94999.0,4699.0,86.926544387592
63943.39837875098,167119.0,94991.0,4720.0,86.93663335513702
63943.40846771853,167146.0,94993.0,4683.0,86.94672232268931
63943.418556686076,167187.0,95006.0,4684.0,86.95681129023433
63943.42864565362,167195.0,95035.0,4695.0,86.96690025777934
63943.43873462117,167217.0,95064.0,4699.0,86.97698922533164
63943.44882358872,167192.0,95045.0,4689.0,86.98707819287665
63943.45891255626,167226.0,95061.0,4704.0,86.99716716042167
63943.469001523816,167198.0,95045.0,4717.0,87.00725612797396
63943.47909049136,167180.0,94997.0,4678.0,87.01734509551898
63943.489179458906,167188.0,95008.0,4699.0,87.02743406306399
63943.49926842646,167149.0,94999.0,4713.0,87.03752303061628
63943.509357394,167152.0,95044.0,4686.0,87.0476119981613
63943.51944636155,167123.0,95024.0,4715.0,87.05770096570632
63943.52953532909,167168.0,95026.0,4717.0,87.06778993325133
63943.539624296645,167155.0,94994.0,4709.0,87.07787890080363
63943.54971326419,167156.0,95028.0,4688.0,87.08796786834864
63943.559802231735,167201.0,95012.0,4694.0,87.09805683589366
63943.56989119929,167278.0,95081.0,4716.0,87.10814580344595
63943.57998016683,167338.0,95075.0,4677.0,87.11823477099097
63943.59006913438,167436.0,95139.0,4686.0,87.12832373853598
63943.60015810193,167511.0,95170.0,4704.0,87.13841270608827
63943.610247069475,167546.0,95184.0,4714.0,87.14850167363329
63943.62033603702,167634.0,95188.0,4714.0,87.15859064117831
63943.63042500457,167740.0,95268.0,4737.0,87.1686796087306
63943.64051397212,167780.0,95282.0,4741.0,87.17876857627562
63943.65060293966,167809.0,95297.0,4759.0,87.18885754382063
63943.660691907215,167885.0,95341.0,4768.0,87.19894651137292
63943.67078087476,167936.0,95375.0,4784.0,87.20903547891794
63943.680869842305,167942.0,95381.0,4786.0,87.21912444646296
63943.69095880985,167940.0,95357.0,4796.0,87.22921341400797
63943.7010477774,167983.0,95391.0,4845.0,87.23930238156026
63943.71113674495,168028.0,95402.0,4821.0,87.24939134910528
63943.72122571249,168040.0,95430.0,4862.0,87.2594803166503
63943.731314680044,168084.0,95415.0,4902.0,87.26956928420259
63943.74140364759,168128.0,95459.0,4934.0,87.2796582517476
63943.751492615134,168102.0,95465.0,4904.0,87.28974721929262
63943.76158158269,168194.0,95495.0,4945.0,87.29983618684491
63943.77167055023,168229.0,95540.0,4949.0,87.30992515438993
63943.78175951778,168234.0,95548.0,4950.0,87.32001412193495
63943.79184848533,168281.0,95543.0,4998.0,87.33010308948724
63943.801937452874,168325.0,95572.0,5019.0,87.34019205703225
63943.81202642042,168329.0,95579.0,5020.0,87.35028102457727
63943.82211538797,168345.0,95588.0,5020.0,87.36036999212956
63943.832204355516,168407.0,95619.0,5031.0,87.37045895967458
63943.84229332306,168408.0,95623.0,5058.0,87.3805479272196
63943.85238229061,168406.0,95624.0,5099.0,87.39063689477189
63943.86247125816,168382.0,95605.0,5055.0,87.4007258623169
63943.8725602257,168409.0,95636.0,5099.0,87.41081482986192
63943.882649193256,168373.0,95604.0,5088.0,87.42090379741421
63943.8927381608,168315.0,95574.0,5051.0,87.43099276495923
63943.902827128346,168238.0,95581.0,5060.0,87.44108173250424
63943.91291609589,168080.0,95499.0,5093.0,87.45117070004926
63943.92300506344,167958.0,95471.0,5066.0,87.46125966760155
63943.93309403099,167807.0,95386.0,5049.0,87.47134863514657
63943.94318299853,167706.0,95403.0,5076.0,87.48143760269159
63943.953271966086,167560.0,95333.0,5031.0,87.49152657024388
63943.96336093363,167457.0,95269.0,5020.0,87.5016155377889
63943.973449901176,167346.0,95240.0,4982.0,87.51170450533391
63943.98353886873,167251.0,95220.0,5030.0,87.5217934728862
63943.99362783627,167096.0,95089.0,4990.0,87.53188244043122
63944.00371680382,166663.0,94911.0,4945.0,87.54197140797623
63944.01380577137,165804.0,94552.0,4923.0,87.55206037552853
63944.023894738915,165316.0,94403.0,4925.0,87.56214934307354
63944.03398370646,164881.0,94267.0,4859.0,87.57223831061856
63944.04407267401,164334.0,94091.0,4860.0,87.58232727817085
63944.05416164156,164176.0,94011.0,4843.0,87.59241624571587
63944.0642506091,164166.0,93989.0,4810.0,87.60250521326088
63944.07433957665,163914.0,93908.0,4781.0,87.6125941808059
63944.0844285442,163806.0,93865.0,4754.0,87.62268314835819
63944.094517511745,163723.0,93813.0,4750.0,87.63277211590321
63944.10460647929,163469.0,93741.0,4704.0,87.64286108344822
63944.11469544684,163213.0,93662.0,4687.0,87.65295005100052
63944.12478441439,162959.0,93567.0,4624.0,87.66303901854553
63944.13487338193,162814.0,93509.0,4567.0,87.67312798609055
63944.144962349485,162676.0,93469.0,4548.0,87.68321695364284
63944.15505131703,162597.0,93428.0,4546.0,87.69330592118786
63944.165140284575,162476.0,93404.0,4463.0,87.70339488873287
63944.17522925213,162376.0,93361.0,4456.0,87.71348385628517
63944.18531821967,162269.0,93333.0,4436.0,87.72357282383018
63944.19540718722,162145.0,93283.0,4409.0,87.7336617913752
63944.20549615477,162067.0,93247.0,4386.0,87.74375075892749
63944.215585122314,161995.0,93245.0,4378.0,87.7538397264725
63944.22567408986,161945.0,93222.0,4390.0,87.76392869401752
63944.23576305741,161813.0,93181.0,4354.0,87.77401766156981
63944.24585202496,161753.0,93170.0,4348.0,87.78410662911483
63944.2559409925,161686.0,93133.0,4315.0,87.79419559665985
63944.26602996005,161604.0,93142.0,4316.0,87.80428456420486
63944.2761189276,161557.0,93110.0,4293.0,87.81437353175716
63944.286207895144,161543.0,93082.0,4317.0,87.82446249930217
63944.29629686269,161546.0,93100.0,4306.0,87.83455146684719
63944.30638583024,161518.0,93068.0,4282.0,87.84464043439948
63944.316474797786,161578.0,93141.0,4314.0,87.8547294019445
63944.32656376533,161614.0,93167.0,4280.0,87.86481836948951
63944.33665273288,161671.0,93165.0,4278.0,87.8749073370418
63944.34674170043,161738.0,93185.0,4277.0,87.88499630458682
63944.35683066797,161845.0,93257.0,4280.0,87.89508527213184
63944.366919635526,161972.0,93249.0,4280.0,87.90517423968413
63944.37700860307,162148.0,93349.0,4271.0,87.91526320722915
63944.387097570616,162330.0,93429.0,4295.0,87.92535217477416
63944.39718653817,162544.0,93510.0,4255.0,87.93544114232645
63944.40727550571,162848.0,93604.0,4252.0,87.94553010987147
63944.41736447326,163211.0,93749.0,4281.0,87.95561907741649
63944.4274534408,163590.0,93899.0,4310.0,87.9657080449615
63944.437542408356,163849.0,93962.0,4304.0,87.9757970125138
63944.4476313759,163924.0,93998.0,4292.0,87.98588598005881
63944.457720343446,164068.0,94073.0,4300.0,87.99597494760383
63944.467809311,164191.0,94147.0,4333.0,88.00606391515612
63944.47789827854,164217.0,94125.0,4299.0,88.01615288270114
63944.48798724609,164196.0,94145.0,4311.0,88.02624185024615
63944.49807621364,164124.0,94116.0,4310.0,88.03633081779844
63944.508165181185,164015.0,94068.0,4320.0,88.04641978534346
63944.51825414873,163939.0,94033.0,4311.0,88.05650875288848
63944.52834311628,163713.0,93958.0,4291.0,88.06659772044077
63944.53843208383,163469.0,93825.0,4306.0,88.07668668798578
63944.54852105137,163225.0,93755.0,4316.0,88.0867756555308
63944.558610018925,163080.0,93700.0,4280.0,88.09686462308309
63944.56869898647,162937.0,93667.0,4301.0,88.10695359062811
63944.578787954015,162712.0,93594.0,4266.0,88.11704255817313
63944.58887692157,162492.0,93482.0,4260.0,88.12713152572542
63944.59896588911,162218.0,93412.0,4265.0,88.13722049327043
63944.60905485666,162031.0,93318.0,4244.0,88.14730946081545
63944.6191438242,161865.0,93269.0,4247.0,88.15739842836047
63944.629232791754,161684.0,93215.0,4234.0,88.16748739591276
63944.6393217593,161557.0,93194.0,4251.0,88.17757636345777
63944.649410726845,161417.0,93127.0,4212.0,88.18766533100279
63944.6594996944,161403.0,93104.0,4248.0,88.19775429855508
63944.66958866194,161428.0,93096.0,4258.0,88.2078432661001
63944.67967762949,161414.0,93136.0,4264.0,88.21793223364512
63944.68976659704,161466.0,93123.0,4217.0,88.22802120119741
63944.699855564584,161499.0,93143.0,4217.0,88.23811016874242
63944.70994453213,161568.0,93192.0,4241.0,88.24819913628744
63944.72003349968,161647.0,93183.0,4233.0,88.25828810383973
63944.73012246723,161786.0,93251.0,4220.0,88.26837707138475
63944.74021143477,161874.0,93286.0,4254.0,88.27846603892976
63944.750300402324,161981.0,93306.0,4236.0,88.28855500648206
63944.76038936987,162025.0,93350.0,4223.0,88.29864397402707
63944.770478337414,162124.0,93405.0,4258.0,88.30873294157209
63944.78056730496,162207.0,93394.0,4243.0,88.3188219091171
63944.79065627251,162326.0,93443.0,4242.0,88.3289108766694
63944.800745240056,162450.0,93463.0,4257.0,88.33899984421441
63944.8108342076,162543.0,93542.0,4289.0,88.34908881175943
63944.82092317515,162665.0,93565.0,4262.0,88.35917777931172
63944.8310121427,162783.0,93595.0,4272.0,88.36926674685674
63944.84110111024,162839.0,93665.0,4283.0,88.37935571440175
63944.851190077796,162895.0,93641.0,4276.0,88.38944468195405
63944.86127904534,162967.0,93682.0,4253.0,88.39953364949906
63944.871368012886,163002.0,93693.0,4301.0,88.40962261704408
63944.88145698044,163035.0,93720.0,4316.0,88.41971158459637
63944.89154594798,163029.0,93684.0,4290.0,88.42980055214139
63944.90163491553,163075.0,93690.0,4300.0,88.4398895196864
63944.91172388308,163081.0,93722.0,4317.0,88.4499784872387
63944.921812850625,163117.0,93703.0,4308.0,88.46006745478371
63944.93190181817,163133.0,93758.0,4301.0,88.47015642232873
63944.94199078572,163127.0,93771.0,4289.0,88.48024538988102
63944.95207975327,163153.0,93745.0,4255.0,88.49033435742604
63944.96216872081,163151.0,93767.0,4249.0,88.50042332497105
63944.97225768836,163159.0,93772.0,4218.0,88.51051229251607
63944.98234665591,163217.0,93788.0,4235.0,88.52060126006836
63944.992435623455,163215.0,93793.0,4197.0,88.53069022761338
63945.002524591,163220.0,93799.0,4183.0,88.5407791951584
63945.01261355855,163295.0,93811.0,4178.0,88.55086816271069
63945.0227025261,163350.0,93848.0,4191.0,88.5609571302557
63945.03279149364,163376.0,93867.0,4170.0,88.57104609780072
63945.042880461195,163395.0,93897.0,4192.0,88.58113506535301
63945.05296942874,163474.0,93903.0,4178.0,88.59122403289803
63945.063058396285,163527.0,93930.0,4185.0,88.60131300044304
63945.07314736384,163582.0,93958.0,4200.0,88.61140196799533
63945.08323633138,163637.0,93986.0,4220.0,88.62149093554035
63945.09332529893,163680.0,94016.0,4227.0,88.63157990308537
63945.10341426648,163763.0,94047.0,4258.0,88.64166887063766
63945.113503234024,163819.0,94055.0,4221.0,88.65175783818268
63945.12359220157,163906.0,94095.0,4242.0,88.66184680572769
63945.133681169114,163966.0,94106.0,4244.0,88.67193577327271
63945.14377013667,164082.0,94147.0,4264.0,88.682024740825
63945.15385910421,164155.0,94197.0,4280.0,88.69211370837002
63945.16394807176,164241.0,94216.0,4266.0,88.70220267591503
63945.17403703931,164296.0,94276.0,4281.0,88.71229164346732
63945.184126006854,164422.0,94298.0,4294.0,88.72238061101234
63945.1942149744,164469.0,94284.0,4303.0,88.73246957855736
63945.20430394195,164578.0,94340.0,4319.0,88.74255854610965
63945.2143929095,164631.0,94329.0,4322.0,88.75264751365467
63945.22448187704,164713.0,94380.0,4310.0,88.76273648119968
63945.234570844594,164767.0,94407.0,4321.0,88.77282544875197
63945.24465981214,164850.0,94432.0,4345.0,88.78291441629699
63945.254748779684,164863.0,94457.0,4337.0,88.793003383842
63945.264837747236,164919.0,94503.0,4347.0,88.8030923513943
63945.27492671478,164970.0,94480.0,4352.0,88.81318131893931
63945.285015682326,165015.0,94489.0,4360.0,88.82327028648433
63945.29510464988,165044.0,94498.0,4348.0,88.83335925403662
63945.30519361742,165128.0,94538.0,4389.0,88.84344822158164
63945.31528258497,165110.0,94521.0,4378.0,88.85353718912665
63945.32537155252,165191.0,94564.0,4392.0,88.86362615667895
63945.335460520066,165215.0,94590.0,4397.0,88.87371512422396
63945.34554948761,165286.0,94609.0,4439.0,88.88380409176898
63945.355638455156,165339.0,94634.0,4424.0,88.893893059314
63945.36572742271,165383.0,94625.0,4431.0,88.90398202686629
63945.37581639025,165403.0,94652.0,4440.0,88.9140709944113
63945.3859053578,165474.0,94680.0,4472.0,88.92415996195632
63945.39599432535,165490.0,94703.0,4476.0,88.93424892950861
63945.406083292895,165558.0,94694.0,4472.0,88.94433789705363
63945.41617226044,165586.0,94688.0,4467.0,88.95442686459864
63945.42626122799,165646.0,94717.0,4480.0,88.96451583215094
63945.43635019554,165715.0,94749.0,4524.0,88.97460479969595
63945.44643916308,165735.0,94742.0,4518.0,88.98469376724097
63945.456528130635,165804.0,94761.0,4540.0,88.99478273479326
63945.46661709818,165787.0,94741.0,4502.0,89.00487170233828
63945.476706065725,165841.0,94778.0,4531.0,89.0149606698833
63945.48679503328,165914.0,94811.0,4567.0,89.02504963743559
63945.49688400082,165958.0,94821.0,4554.0,89.0351386049806
63945.50697296837,166027.0,94852.0,4599.0,89.04522757252562
63945.51706193591,166050.0,94866.0,4580.0,89.05531654007063
63945.527150903465,166083.0,94873.0,4608.0,89.06540550762293
63945.53723987101,166111.0,94895.0,4610.0,89.07549447516794
63945.547328838555,166163.0,94893.0,4625.0,89.08558344271296
63945.55741780611,166179.0,94891.0,4616.0,89.09567241026525
63945.56750677365,166236.0,94916.0,4625.0,89.10576137781027
63945.5775957412,166239.0,94916.0,4667.0,89.11585034535528
63945.58768470875,166266.0,94914.0,4645.0,89.12593931290758
63945.597773676294,166308.0,94929.0,4651.0,89.13602828045259
63945.60786264384,166299.0,94953.0,4648.0,89.14611724799761
63945.61795161139,166384.0,94941.0,4685.0,89.1562062155499
63945.62804057894,166399.0,94969.0,4687.0,89.16629518309492
63945.63812954648,166452.0,94955.0,4692.0,89.17638415063993
63945.648218514034,166490.0,94996.0,4722.0,89.18647311819223
63945.65830748158,166496.0,95028.0,4713.0,89.19656208573724
63945.668396449124,166517.0,94984.0,4715.0,89.20665105328226
63945.678485416676,166583.0,95050.0,4747.0,89.21674002083455
63945.68857438422,166594.0,95021.0,4713.0,89.22682898837957
63945.698663351766,166620.0,95050.0,4738.0,89.23691795592458
63945.70875231931,166630.0,95026.0,4751.0,89.2470069234696
63945.71884128686,166674.0,95047.0,4742.0,89.25709589102189
63945.72893025441,166680.0,95045.0,4761.0,89.2671848585669
63945.739019221954,166725.0,95073.0,4773.0,89.27727382611192
63945.749108189506,166696.0,95040.0,4752.0,89.28736279366422
63945.75919715705,166713.0,95072.0,4753.0,89.29745176120923
63945.769286124596,166682.0,95061.0,4785.0,89.30754072875425
63945.77937509215,166674.0,95059.0,4745.0,89.31762969630654
63945.78946405969,166624.0,95102.0,4739.0,89.32771866385156
63945.79955302724,166603.0,95017.0,4682.0,89.33780763139657
63945.80964199479,166608.0,95054.0,4707.0,89.34789659894886
63945.819730962336,166549.0,95028.0,4678.0,89.35798556649388
63945.82981992988,166520.0,94998.0,4654.0,89.3680745340389
63945.83990889743,166522.0,94992.0,4642.0,89.37816350159119
63945.84999786498,166502.0,95020.0,4632.0,89.3882524691362
63945.86008683252,166487.0,95005.0,4633.0,89.39834143668122
63945.87017580007,166437.0,95017.0,4630.0,89.40843040422624
63945.88026476762,166489.0,95028.0,4628.0,89.41851937177853
63945.890353735165,166482.0,94995.0,4620.0,89.42860833932355
63945.90044270271,166498.0,95009.0,4639.0,89.43869730686856
63945.91053167026,166488.0,94989.0,4635.0,89.44878627442085
63945.92062063781,166509.0,95016.0,4666.0,89.45887524196587
63945.93070960535,166540.0,95043.0,4671.0,89.46896420951089
63945.940798572905,166526.0,95024.0,4654.0,89.47905317706318
63945.95088754045,166581.0,95036.0,4675.0,89.4891421446082
63945.960976507995,166562.0,95028.0,4622.0,89.49923111215321
63945.97106547555,166588.0,95049.0,4685.0,89.5093200797055
63945.98115444309,166574.0,95041.0,4675.0,89.51940904725052
63945.99124341064,166619.0,95073.0,4683.0,89.52949801479554
63946.00133237819,166583.0,95052.0,4688.0,89.53958698234783
63946.011421345735,166628.0,95067.0,4675.0,89.54967594989284
63946.02151031328,166607.0,95055.0,4682.0,89.55976491743786
63946.03159928083,166599.0,95037.0,4682.0,89.56985388499015
63946.04168824838,166608.0,95046.0,4678.0,89.57994285253517
63946.05177721592,166630.0,95049.0,4676.0,89.59003182008018
63946.06186618347,166638.0,95066.0,4683.0,89.6001207876252
63946.07195515102,166622.0,95027.0,4709.0,89.6102097551775
63946.082044118564,166635.0,95030.0,4692.0,89.62029872272251
63946.09213308611,166659.0,95054.0,4707.0,89.63038769026753
63946.10222205366,166623.0,95059.0,4666.0,89.64047665781982
63946.11231102121,166662.0,95053.0,4697.0,89.65056562536483
63946.12239998875,166676.0,95090.0,4662.0,89.66065459290985
63946.132488956304,166656.0,95063.0,4676.0,89.67074356046214
63946.14257792385,166624.0,95046.0,4655.0,89.68083252800716
63946.152666891394,166668.0,95063.0,4697.0,89.69092149555217
63946.162755858946,166690.0,95081.0,4675.0,89.70101046310447
63946.17284482649,166724.0,95090.0,4735.0,89.71109943064948
63946.182933794036,166732.0,95097.0,4698.0,89.7211883981945
63946.19302276159,166742.0,95089.0,4715.0,89.73127736574679
63946.20311172913,166722.0,95099.0,4732.0,89.74136633329181
63946.21320069668,166778.0,95094.0,4726.0,89.75145530083682
63946.22328966422,166801.0,95113.0,4760.0,89.76154426838184
63946.233378631776,166784.0,95104.0,4735.0,89.77163323593413
63946.24346759932,166806.0,95106.0,4723.0,89.78172220347915
63946.253556566866,166835.0,95137.0,4729.0,89.79181117102416
63946.26364553442,166844.0,95109.0,4751.0,89.80190013857646
63946.27373450196,166865.0,95106.0,4771.0,89.81198910612147
63946.28382346951,166865.0,95105.0,4764.0,89.82207807366649
63946.29391243706,166891.0,95160.0,4801.0,89.83216704121878
63946.304001404606,166881.0,95133.0,4762.0,89.8422560087638
63946.31409037215,166930.0,95147.0,4790.0,89.85234497630881
63946.3241793397,166964.0,95180.0,4782.0,89.8624339438611
63946.33426830725,166916.0,95164.0,4802.0,89.87252291140612
63946.34435727479,166994.0,95152.0,4835.0,89.88261187895114
63946.354446242345,166987.0,95156.0,4813.0,89.89270084650343
63946.36453520989,166993.0,95166.0,4804.0,89.90278981404845
63946.374624177435,166981.0,95172.0,4818.0,89.91287878159346
63946.38471314499,166984.0,95150.0,4822.0,89.92296774914576
63946.39480211253,167035.0,95177.0,4833.0,89.93305671669077
63946.40489108008,167028.0,95178.0,4842.0,89.94314568423579
63946.41498004762,167075.0,95201.0,4865.0,89.9532346517808
63946.425069015175,167081.0,95201.0,4876.0,89.9633236193331
63946.43515798272,167072.0,95186.0,4850.0,89.97341258687811
63946.445246950265,167059.0,95180.0,4832.0,89.98350155442313
63946.45533591782,167094.0,95208.0,4850.0,89.99359052197542
63946.46542488536,167092.0,95211.0,4898.0,90.00367948952044
63946.47551385291,167124.0,95206.0,4875.0,90.01376845706545
63946.48560282046,167149.0,95188.0,4849.0,90.02385742461774
63946.495691788004,167183.0,95231.0,4914.0,90.03394639216276
63946.50578075555,167157.0,95200.0,4866.0,90.04403535970778
63946.5158697231,167190.0,95227.0,4899.0,90.05412432726007
63946.52595869065,167184.0,95224.0,4894.0,90.06421329480509
63946.53604765819,167203.0,95218.0,4916.0,90.0743022623501
63946.546136625744,167250.0,95235.0,4936.0,90.0843912299024
63946.55622559329,167226.0,95235.0,4916.0,90.09448019744741
63946.566314560834,167168.0,95255.0,4925.0,90.10456916499243
63946.57640352839,167172.0,95225.0,4927.0,90.11465813254472
63946.58649249593,167191.0,95226.0,4875.0,90.12474710008973
63946.59658146348,167173.0,95221.0,4917.0,90.13483606763475
63946.60667043102,167156.0,95216.0,4882.0,90.14492503517977
63946.616759398574,167084.0,95197.0,4850.0,90.15501400273206
63946.62684836612,167086.0,95216.0,4873.0,90.16510297027708
63946.636937333664,167044.0,95178.0,4836.0,90.17519193782209
63946.647026301216,167017.0,95164.0,4823.0,90.18528090537438
63946.65711526876,167009.0,95159.0,4786.0,90.1953698729194
63946.667204236306,167005.0,95176.0,4811.0,90.20545884046442
63946.67729320386,166988.0,95136.0,4792.0,90.21554780801671
63946.6873821714,166966.0,95146.0,4785.0,90.22563677556172
63946.69747113895,166947.0,95172.0,4776.0,90.23572574310674
63946.7075601065,166965.0,95150.0,4773.0,90.24581471065903
63946.717649074046,166984.0,95146.0,4778.0,90.25590367820405
63946.72773804159,166984.0,95157.0,4781.0,90.26599264574907
63946.73782700914,166992.0,95172.0,4816.0,90.27608161330136
63946.74791597669,167000.0,95175.0,4807.0,90.28617058084637
63946.75800494423,166987.0,95174.0,4797.0,90.29625954839139
63946.768093911785,167026.0,95172.0,4797.0,90.30634851594368
63946.77818287933,167008.0,95166.0,4815.0,90.3164374834887
63946.788271846875,167050.0,95191.0,4784.0,90.32652645103371
63946.79836081442,167063.0,95185.0,4839.0,90.33661541857873
63946.80844978197,167087.0,95192.0,4837.0,90.34670438613102
63946.81853874952,167054.0,95182.0,4817.0,90.35679335367604
63946.82862771706,167051.0,95194.0,4832.0,90.36688232122106
63946.838716684615,167111.0,95207.0,4862.0,90.37697128877335
63946.84880565216,167091.0,95194.0,4842.0,90.38706025631836
63946.858894619705,167083.0,95173.0,4832.0,90.39714922386338
63946.86898358726,167122.0,95213.0,4865.0,90.40723819141567
63946.8790725548,167070.0,95175.0,4852.0,90.41732715896069
63946.88916152235,167116.0,95187.0,4834.0,90.4274161265057
63946.8992504899,167077.0,95189.0,4825.0,90.437505094058
63946.909339457445,167119.0,95184.0,4870.0,90.44759406160301
63946.91942842499,167093.0,95178.0,4857.0,90.45768302914803
63946.92951739254,167105.0,95185.0,4845.0,90.46777199670032
63946.93960636009,167120.0,95208.0,4855.0,90.47786096424534
63946.94969532763,167104.0,95157.0,4837.0,90.48794993179035
63946.95978429518,167099.0,95192.0,4824.0,90.49803889933537
63946.96987326273,167140.0,95196.0,4850.0,90.50812786688766
63946.979962230274,167138.0,95194.0,4858.0,90.51821683443268
63946.99005119782,167160.0,95229.0,4824.0,90.5283058019777
63947.00014016537,167190.0,95198.0,4847.0,90.53839476952999
63947.01022913292,167186.0,95217.0,4861.0,90.548483737075
63947.02031810046,167175.0,95219.0,4877.0,90.55857270462002
63947.030407068014,167204.0,95215.0,4859.0,90.56866167217231
63947.04049603556,167242.0,95256.0,4900.0,90.57875063971733
63947.050585003104,167242.0,95241.0,4894.0,90.58883960726234
63947.060673970656,167258.0,95202.0,4891.0,90.59892857481464
63947.0707629382,167338.0,95257.0,4919.0,90.60901754235965
63947.08085190575,167279.0,95224.0,4920.0,90.61910650990467
63947.0909408733,167324.0,95250.0,4918.0,90.62919547745696
63947.101029840844,167321.0,95267.0,4935.0,90.63928444500198
63947.11111880839,167392.0,95284.0,4957.0,90.64937341254699
63947.12120777594,167392.0,95243.0,4955.0,90.65946238009928
63947.131296743486,167383.0,95287.0,4935.0,90.6695513476443
63947.14138571103,167420.0,95251.0,4958.0,90.67964031518932
63947.151474678576,167448.0,95308.0,4982.0,90.68972928273433
63947.16156364613,167440.0,95272.0,4955.0,90.69981825028663
63947.17165261367,167481.0,95295.0,4985.0,90.70990721783164
63947.18174158122,167481.0,95343.0,4977.0,90.71999618537666
63947.19183054877,167482.0,95272.0,4994.0,90.73008515292895
63947.201919516316,167518.0,95268.0,4980.0,90.74017412047397
63947.21200848386,167541.0,95331.0,5001.0,90.75026308801898
63947.22209745141,167541.0,95311.0,5000.0,90.76035205557127
63947.23218641896,167524.0,95293.0,5031.0,90.77044102311629
63947.2422753865,167573.0,95325.0,5002.0,90.78052999066131
63947.252364354055,167587.0,95306.0,5028.0,90.7906189582136
63947.2624533216,167597.0,95315.0,5014.0,90.80070792575862
63947.272542289145,167570.0,95291.0,5002.0,90.81079689330363
63947.2826312567,167631.0,95328.0,5016.0,90.82088586085592
63947.29272022424,167622.0,95329.0,5023.0,90.83097482840094
63947.30280919179,167645.0,95340.0,5036.0,90.84106379594596
63947.31289815933,167668.0,95342.0,5039.0,90.85115276349097
63947.322987126885,167691.0,95363.0,5068.0,90.86124173104326
63947.33307609443,167653.0,95338.0,5037.0,90.87133069858828
63947.343165061975,167720.0,95366.0,5046.0,90.8814196661333
63947.35325402953,167680.0,95381.0,5068.0,90.89150863368559
63947.36334299707,167679.0,95357.0,5095.0,90.9015976012306
63947.37343196462,167689.0,95352.0,5047.0,90.91168656877562
63947.38352093217,167644.0,95344.0,5042.0,90.92177553632791
63947.393609899715,167638.0,95315.0,5039.0,90.93186450387293
63947.40369886726,167580.0,95301.0,5003.0,90.94195347141795
63947.41378783481,167575.0,95320.0,4990.0,90.95204243897024
63947.42387680236,167551.0,95311.0,4999.0,90.96213140651525
63947.4339657699,167514.0,95275.0,4968.0,90.97222037406027
63947.444054737454,167467.0,95274.0,4948.0,90.98230934161256
63947.454143705,167457.0,95306.0,4948.0,90.99239830915758
63947.464232672544,167466.0,95281.0,4940.0,91.0024872767026
63947.4743216401,167461.0,95265.0,4917.0,91.01257624425489
63947.48441060764,167461.0,95299.0,4914.0,91.0226652117999
63947.49449957519,167443.0,95247.0,4925.0,91.03275417934492
63947.50458854273,167459.0,95275.0,4930.0,91.04284314688994
63947.514677510284,167461.0,95245.0,4933.0,91.05293211444223
63947.52476647783,167467.0,95294.0,4964.0,91.06302108198724
63947.534855445374,167490.0,95273.0,4946.0,91.07311004953226
63947.544944412926,167469.0,95284.0,4947.0,91.08319901708455
63947.55503338047,167481.0,95280.0,4915.0,91.09328798462957
63947.565122348016,167508.0,95306.0,4976.0,91.10337695217459
63947.57521131557,167476.0,95263.0,4929.0,91.11346591972688
63947.58530028311,167499.0,95291.0,4957.0,91.1235548872719
63947.59538925066,167531.0,95304.0,4961.0,91.13364385481691
63947.60547821821,167489.0,95243.0,4922.0,91.1437328223692
63947.615567185756,167522.0,95297.0,4937.0,91.15382178991422
63947.6256561533,167505.0,95299.0,4998.0,91.16391075745923
63947.63574512085,167530.0,95304.0,4981.0,91.17399972501153
63947.6458340884,167511.0,95271.0,4960.0,91.18408869255654
63947.65592305594,167521.0,95331.0,4971.0,91.19417766010156
63947.66601202349,167545.0,95297.0,4975.0,91.20426662764658
63947.67610099104,167538.0,95288.0,4976.0,91.21435559519887
63947.686189958586,167570.0,95322.0,4943.0,91.22444456274388
63947.69627892613,167577.0,95308.0,4999.0,91.2345335302889
63947.70636789368,167542.0,95289.0,4968.0,91.24462249784119
63947.71645686123,167550.0,95308.0,4978.0,91.25471146538621
63947.72654582877,167555.0,95327.0,4965.0,91.26480043293122
63947.736634796325,167568.0,95299.0,4981.0,91.27488940048352
63947.74672376387,167525.0,95294.0,4930.0,91.28497836802853
63947.756812731415,167568.0,95305.0,4971.0,91.29506733557355
63947.76690169897,167541.0,95315.0,5006.0,91.30515630312584
63947.77699066651,167554.0,95296.0,4975.0,91.31524527067086
63947.78707963406,167598.0,95356.0,5006.0,91.32533423821587
63947.79716860161,167593.0,95321.0,4994.0,91.33542320576817
63947.807257569155,167610.0,95299.0,4976.0,91.34551217331318
63947.8173465367,167604.0,95346.0,4973.0,91.3556011408582
63947.82743550425,167656.0,95336.0,5014.0,91.36569010841049
63947.8375244718,167632.0,95337.0,5011.0,91.3757790759555
63947.84761343934,167667.0,95379.0,5021.0,91.38586804350052
63947.857702406895,167628.0,95335.0,4992.0,91.39595701105281
63947.86779137444,167701.0,95334.0,5043.0,91.40604597859783
63947.877880341985,167667.0,95324.0,5041.0,91.41613494614285
63947.88796930953,167713.0,95348.0,5022.0,91.42622391368786
63947.89805827708,167709.0,95335.0,5045.0,91.43631288124016
63947.90814724463,167713.0,95333.0,5029.0,91.44640184878517
63947.91823621217,167741.0,95353.0,5054.0,91.45649081633019
63947.928325179724,167735.0,95369.0,5061.0,91.46657978388248
63947.93841414727,167792.0,95378.0,5088.0,91.4766687514275
63947.948503114814,167750.0,95343.0,5079.0,91.48675771897251
63947.95859208237,167794.0,95373.0,5070.0,91.4968466865248
63947.96868104991,167810.0,95393.0,5076.0,91.50693565406982
63947.97877001746,167813.0,95404.0,5107.0,91.51702462161484
63947.98885898501,167815.0,95400.0,5097.0,91.52711358916713
63947.998947952554,167840.0,95380.0,5101.0,91.53720255671215
63948.0090369201,167787.0,95346.0,5097.0,91.54729152425716
63948.01912588765,167838.0,95365.0,5103.0,91.55738049180945
63948.029214855196,167847.0,95354.0,5095.0,91.56746945935447
63948.03930382274,167876.0,95383.0,5101.0,91.57755842689949
63948.049392790286,167900.0,95426.0,5137.0,91.5876473944445
63948.05948175784,167866.0,95399.0,5096.0,91.5977363619968
63948.06957072538,167921.0,95422.0,5148.0,91.60782532954181
63948.07965969293,167924.0,95403.0,5127.0,91.61791429708683
63948.08974866048,167910.0,95370.0,5122.0,91.62800326463912
63948.099837628026,167937.0,95392.0,5144.0,91.63809223218414
63948.10992659557,167915.0,95392.0,5132.0,91.64818119972915
63948.12001556312,167946.0,95410.0,5128.0,91.65827016728144
63948.13010453067,167945.0,95398.0,5169.0,91.66835913482646
63948.14019349821,167959.0,95431.0,5167.0,91.67844810237148
63948.150282465765,167972.0,95392.0,5162.0,91.68853706992377
63948.16037143331,167993.0,95416.0,5185.0,91.69862603746878
63948.170460400856,167998.0,95430.0,5166.0,91.7087150050138
63948.18054936841,168022.0,95445.0,5161.0,91.71880397256609
63948.19063833595,167976.0,95449.0,5156.0,91.72889294011111
63948.2007273035,167976.0,95416.0,5159.0,91.73898190765613
63948.21081627105,167948.0,95431.0,5153.0,91.74907087520842
63948.220905238595,167915.0,95385.0,5137.0,91.75915984275343
63948.23099420614,167884.0,95358.0,5123.0,91.76924881029845
63948.241083173685,167874.0,95401.0,5096.0,91.77933777784347
63948.25117214124,167852.0,95381.0,5086.0,91.78942674539576
63948.26126110878,167792.0,95369.0,5065.0,91.79951571294077
63948.27135007633,167799.0,95392.0,5074.0,91.80960468048579
63948.28143904388,167773.0,95343.0,5059.0,91.81969364803808
63948.291528011425,167758.0,95343.0,5026.0,91.8297826155831
63948.30161697897,167698.0,95317.0,5015.0,91.83987158312812
63948.31170594652,167705.0,95350.0,5023.0,91.84996055068041
63948.32179491407,167727.0,95316.0,4989.0,91.86004951822542
63948.33188388161,167733.0,95320.0,5002.0,91.87013848577044
63948.341972849164,167714.0,95329.0,4998.0,91.88022745332273
63948.35206181671,167713.0,95335.0,4986.0,91.89031642086775
63948.362150784254,167705.0,95306.0,4989.0,91.90040538841276
63948.37223975181,167717.0,95333.0,5016.0,91.91049435596506
63948.38232871935,167742.0,95331.0,4987.0,91.92058332351007
63948.3924176869,167687.0,95343.0,5005.0,91.93067229105509
63948.40250665444,167716.0,95347.0,5013.0,91.9407612586001
63948.412595621994,167719.0,95354.0,5011.0,91.9508502261524
63948.42268458954,167710.0,95327.0,5013.0,91.96093919369741
63948.432773557084,167703.0,95320.0,4993.0,91.97102816124243
63948.44286252464,167727.0,95333.0,4991.0,91.98111712879472
63948.45295149218,167728.0,95336.0,5026.0,91.99120609633974
63948.46304045973,167734.0,95345.0,5049.0,92.00129506388475
63948.47312942728,167735.0,95341.0,5020.0,92.01138403143705
63948.483218394824,167752.0,95359.0,5039.0,92.02147299898206
63948.49330736237,167740.0,95334.0,5015.0,92.03156196652708
63948.50339632992,167702.0,95311.0,5018.0,92.04165093407937
63948.513485297466,167729.0,95358.0,5034.0,92.05173990162439
63948.52357426501,167726.0,95329.0,5042.0,92.0618288691694
63948.53366323256,167734.0,95334.0,5020.0,92.0719178367217
63948.54375220011,167707.0,95341.0,4989.0,92.08200680426671
63948.55384116765,167706.0,95366.0,5008.0,92.09209577181173
63948.563930135206,167693.0,95308.0,4994.0,92.10218473936402
63948.57401910275,167728.0,95329.0,5008.0,92.11227370690904
63948.584108070296,167726.0,95330.0,4993.0,92.12236267445405
63948.59419703784,167736.0,95294.0,5035.0,92.13245164199907
63948.60428600539,167721.0,95313.0,5005.0,92.14254060955136
63948.61437497294,167736.0,95336.0,5023.0,92.15262957709638
63948.62446394048,167748.0,95308.0,5013.0,92.1627185446414
63948.634552908035,167779.0,95371.0,5048.0,92.17280751219369
63948.64464187558,167762.0,95337.0,5026.0,92.1828964797387
63948.654730843125,167775.0,95352.0,5054.0,92.19298544728372
63948.66481981068,167770.0,95370.0,5024.0,92.20307441483601
63948.67490877822,167742.0,95345.0,5032.0,92.21316338238103
63948.68499774577,167784.0,95365.0,5056.0,92.22325234992604
63948.69508671332,167786.0,95349.0,5019.0,92.23334131747833
63948.705175680865,167828.0,95331.0,5045.0,92.24343028502335
63948.71526464841,167837.0,95331.0,5065.0,92.25351925256837
63948.72535361596,167839.0,95354.0,5066.0,92.26360822012066
63948.73544258351,167875.0,95391.0,5060.0,92.27369718766568
63948.74553155105,167877.0,95373.0,5081.0,92.28378615521069
63948.7556205186,167855.0,95402.0,5066.0,92.29387512275571
63948.76570948615,167863.0,95347.0,5062.0,92.303964090308
63948.775798453695,167919.0,95349.0,5117.0,92.31405305785302
63948.78588742124,167920.0,95385.0,5095.0,92.32414202539803
63948.79597638879,167911.0,95358.0,5092.0,92.33423099295032
63948.80606535634,167893.0,95357.0,5083.0,92.34431996049534
63948.81615432388,167899.0,95358.0,5094.0,92.35440892804036
63948.826243291434,167944.0,95388.0,5120.0,92.36449789559265
63948.83633225898,167980.0,95391.0,5142.0,92.37458686313767
63948.846421226524,167968.0,95363.0,5119.0,92.38467583068268
63948.85651019408,167948.0,95379.0,5101.0,92.39476479823497
63948.86659916162,167983.0,95410.0,5124.0,92.40485376577999
63948.87668812917,167985.0,95414.0,5137.0,92.414942733325
63948.88677709672,167984.0,95377.0,5126.0,92.4250317008773
63948.896866064264,168030.0,95414.0,5147.0,92.43512066842231
63948.90695503181,168017.0,95411.0,5136.0,92.44520963596733
63948.91704399936,167995.0,95398.0,5142.0,92.45529860351962
63948.927132966906,168052.0,95422.0,5165.0,92.46538757106464
63948.93722193445,168054.0,95431.0,5129.0,92.47547653860966
63948.947310902,168026.0,95413.0,5127.0,92.48556550615467
63948.95739986955,168032.0,95415.0,5163.0,92.49565447370696
63948.967488837094,168060.0,95439.0,5189.0,92.50574344125198
63948.97757780464,168049.0,95451.0,5180.0,92.515832408797
63948.98766677219,168096.0,95437.0,5171.0,92.52592137634929
63948.997755739736,168092.0,95418.0,5164.0,92.5360103438943
63949.00784470728,168085.0,95414.0,5173.0,92.54609931143932
63949.01793367483,168084.0,95453.0,5183.0,92.55618827899161
63949.02802264238,168119.0,95441.0,5185.0,92.56627724653663
63949.03811160992,168090.0,95448.0,5174.0,92.57636621408165
63949.048200577476,168094.0,95422.0,5196.0,92.58645518163394
63949.05828954502,168087.0,95435.0,5173.0,92.59654414917895
63949.068378512566,168044.0,95422.0,5161.0,92.60663311672397
63949.07846748012,168036.0,95425.0,5138.0,92.61672208427626
63949.08855644766,167940.0,95378.0,5127.0,92.62681105182128
63949.09864541521,167920.0,95359.0,5110.0,92.6369000193663
63949.10873438275,167915.0,95376.0,5083.0,92.64698898691131
63949.118823350305,167854.0,95352.0,5065.0,92.6570779544636
63949.12891231785,167872.0,95368.0,5060.0,92.66716692200862
63949.139001285395,167829.0,95357.0,5035.0,92.67725588955363
63949.14909025295,167833.0,95358.0,5009.0,92.68734485710593
63949.15917922049,167805.0,95336.0,5035.0,92.69743382465094
63949.16926818804,167798.0,95340.0,5013.0,92.70752279219596
63949.17935715559,167783.0,95318.0,5019.0,92.71761175974825
63949.189446123135,167768.0,95335.0,5009.0,92.72770072729327
63949.19953509068,167805.0,95346.0,5013.0,92.73778969483828
63949.20962405823,167809.0,95327.0,5018.0,92.74787866239058
63949.21971302578,167812.0,95324.0,5029.0,92.75796762993559
63949.22980199332,167788.0,95334.0,4986.0,92.76805659748061
63949.239890960875,167802.0,95336.0,5002.0,92.7781455650329
63949.24997992842,167798.0,95361.0,4994.0,92.78823453257792
63949.260068895965,167813.0,95345.0,5020.0,92.79832350012293
63949.27015786352,167802.0,95322.0,4993.0,92.80841246767523
63949.28024683106,167826.0,95349.0,5006.0,92.81850143522024
63949.29033579861,167812.0,95362.0,5009.0,92.82859040276526
63949.30042476616,167807.0,95324.0,5022.0,92.83867937031755
63949.310513733704,167829.0,95330.0,5021.0,92.84876833786257
63949.32060270125,167827.0,95340.0,5010.0,92.85885730540758
63949.330691668794,167823.0,95352.0,5017.0,92.8689462729526
63949.34078063635,167810.0,95335.0,5003.0,92.87903524050489
63949.35086960389,167867.0,95341.0,5056.0,92.8891242080499
63949.36095857144,167802.0,95339.0,5013.0,92.89921317559492
63949.37104753899,167816.0,95338.0,5015.0,92.90930214314722
63949.381136506534,167773.0,95347.0,4999.0,92.91939111069223
63949.39122547408,167785.0,95328.0,4983.0,92.92948007823725
63949.40131444163,167800.0,95346.0,5002.0,92.93956904578954
63949.411403409176,167825.0,95375.0,5012.0,92.94965801333456
63949.42149237672,167815.0,95327.0,5000.0,92.95974698087957
63949.43158134427,167811.0,95351.0,5003.0,92.96983594843186
63949.44167031182,167807.0,95334.0,4994.0,92.97992491597688
63949.45175927936,167775.0,95333.0,4968.0,92.9900138835219
63949.461848246916,167836.0,95361.0,5027.0,93.00010285107419
63949.47193721446,167806.0,95318.0,5000.0,93.0101918186192
63949.482026182006,167820.0,95356.0,5008.0,93.02028078616422
63949.49211514955,167803.0,95365.0,5029.0,93.03036975370924
63949.5022041171,167793.0,95332.0,5024.0,93.04045872126153
63949.51229308465,167861.0,95346.0,5025.0,93.05054768880655
63949.52238205219,167868.0,95348.0,5025.0,93.06063665635156
63949.532471019746,167844.0,95336.0,5006.0,93.07072562390385
63949.54255998729,167863.0,95344.0,5039.0,93.08081459144887
63949.552648954836,167903.0,95354.0,5045.0,93.09090355899389
63949.56273792239,167920.0,95383.0,5039.0,93.10099252654618
63949.57282688993,167910.0,95417.0,5068.0,93.1110814940912
63949.58291585748,167930.0,95375.0,5039.0,93.12117046163621
63949.59300482503,167950.0,95406.0,5089.0,93.1312594291885
63949.603093792575,167944.0,95385.0,5065.0,93.14134839673352
63949.61318276012,167951.0,95380.0,5096.0,93.15143736427854
63949.62327172767,167962.0,95351.0,5078.0,93.16152633183083
63949.63336069522,167982.0,95392.0,5090.0,93.17161529937584
63949.64344966276,167979.0,95399.0,5068.0,93.18170426692086
63949.653538630315,167975.0,95397.0,5115.0,93.19179323447315
63949.66362759786,168038.0,95427.0,5107.0,93.20188220201817
63949.673716565405,168038.0,95391.0,5111.0,93.21197116956318
63949.68380553295,168029.0,95397.0,5093.0,93.2220601371082
63949.6938945005,168024.0,95384.0,5104.0,93.2321491046605
63949.70398346805,168046.0,95422.0,5115.0,93.24223807220551
63949.71407243559,168051.0,95438.0,5109.0,93.25232703975053
63949.724161403145,168085.0,95422.0,5126.0,93.26241600730282
63949.73425037069,168069.0,95443.0,5114.0,93.27250497484783
63949.744339338235,168088.0,95395.0,5113.0,93.28259394239285
63949.75442830579,168090.0,95393.0,5125.0,93.29268290994514
63949.76451727333,168111.0,95453.0,5157.0,93.30277187749016
63949.77460624088,168109.0,95432.0,5130.0,93.31286084503517
63949.78469520843,168114.0,95405.0,5131.0,93.32294981258747
63949.794784175974,168173.0,95461.0,5170.0,93.33303878013248
63949.80487314352,168140.0,95410.0,5151.0,93.3431277476775
63949.81496211107,168150.0,95438.0,5157.0,93.35321671522979
63949.82505107862,168143.0,95428.0,5159.0,93.36330568277481
63949.83514004616,168164.0,95438.0,5146.0,93.37339465031982
63949.84522901371,168174.0,95433.0,5145.0,93.38348361786484
63949.85531798126,168200.0,95449.0,5171.0,93.39357258541713
63949.865406948804,168209.0,95432.0,5166.0,93.40366155296215
63949.87549591635,168208.0,95446.0,5202.0,93.41375052050716
63949.8855848839,168152.0,95383.0,5139.0,93.42383948805946
63949.895673851446,168171.0,95431.0,5179.0,93.43392845560447
63949.90576281899,168167.0,95445.0,5146.0,93.44401742314949
63949.91585178654,168089.0,95428.0,5135.0,93.45410639070178
63949.92594075409,168075.0,95443.0,5123.0,93.4641953582468
63949.93602972163,168049.0,95409.0,5104.0,93.47428432579181
63949.946118689186,168043.0,95399.0,5092.0,93.4843732933441
63949.95620765673,167972.0,95379.0,5049.0,93.49446226088912
63949.966296624276,167984.0,95408.0,5054.0,93.50455122843414
63949.97638559183,167942.0,95372.0,5029.0,93.51464019598643
63949.98647455937,167918.0,95366.0,5001.0,93.52472916353145
63949.99656352692,167895.0,95370.0,5014.0,93.53481813107646
63950.00665249447,167918.0,95355.0,5019.0,93.54490709862876
63950.016741462015,167853.0,95327.0,5010.0,93.55499606617377
63950.02683042956,167871.0,95359.0,4973.0,93.56508503371879
63950.036919397106,167828.0,95315.0,4981.0,93.5751740012638
63950.04700836466,167854.0,95340.0,4983.0,93.5852629688161
63950.0570973322,167877.0,95349.0,4993.0,93.59535193636111
63950.06718629975,167874.0,95352.0,4981.0,93.60544090390613
63950.0772752673,167901.0,95381.0,5016.0,93.61552987145842
63950.087364234845,167857.0,95339.0,4979.0,93.62561883900344
63950.09745320239,167898.0,95353.0,5002.0,93.63570780654845
63950.10754216994,167894.0,95360.0,4960.0,93.64579677410075
63950.11763113749,167892.0,95364.0,5027.0,93.65588574164576
63950.12772010503,167897.0,95356.0,5001.0,93.66597470919078
63950.137809072585,167906.0,95357.0,5005.0,93.67606367674307
63950.14789804013,167855.0,95344.0,4975.0,93.68615264428809
63950.157987007675,167875.0,95367.0,4995.0,93.6962416118331
63950.16807597523,167911.0,95356.0,4979.0,93.7063305793854
63950.17816494277,167893.0,95354.0,5043.0,93.71641954693041
63950.18825391032,167880.0,95366.0,5033.0,93.72650851447543
63950.19834287786,167859.0,95326.0,4988.0,93.73659748202044
63950.208431845414,167887.0,95370.0,5027.0,93.74668644957274
63950.21852081296,167847.0,95350.0,4977.0,93.75677541711775
63950.228609780504,167885.0,95347.0,4997.0,93.76686438466277
63950.23869874806,167890.0,95375.0,4981.0,93.77695335221506
63950.2487877156,167872.0,95370.0,5010.0,93.78704231976008
63950.25887668315,167836.0,95317.0,4967.0,93.79713128730509
63950.2689656507,167863.0,95342.0,4988.0,93.80722025485738
63950.279054618244,167864.0,95382.0,5011.0,93.8173092224024
63950.28914358579,167835.0,95338.0,4977.0,93.82739818994742
63950.29923255334,167880.0,95339.0,4963.0,93.83748715749971
63950.30932152089,167972.0,95359.0,5036.0,93.84757612504472
63950.31941048843,168012.0,95374.0,5049.0,93.85766509258974
63950.329499455984,167983.0,95360.0,5056.0,93.86775406014203
63950.33958842353,168022.0,95404.0,5051.0,93.87784302768705
63950.349677391074,167985.0,95389.0,5052.0,93.88793199523207
63950.359766358626,168041.0,95395.0,5060.0,93.89802096278436
63950.36985532617,168026.0,95388.0,5053.0,93.90810993032937
63950.379944293716,168057.0,95390.0,5068.0,93.91819889787439
63950.39003326127,168031.0,95381.0,5080.0,93.92828786542668
63950.40012222881,168027.0,95372.0,5089.0,93.9383768329717
63950.41021119636,168040.0,95400.0,5069.0,93.94846580051671
63950.4203001639,168060.0,95393.0,5092.0,93.95855476806173
63950.430389131456,168080.0,95396.0,5103.0,93.96864373561402
63950.440478099,168065.0,95386.0,5076.0,93.97873270315904
63950.450567066546,168091.0,95391.0,5117.0,93.98882167070406
63950.4606560341,168093.0,95411.0,5090.0,93.99891063825635
63950.47074500164,168116.0,95421.0,5119.0,94.00899960580136
63950.48083396919,168099.0,95407.0,5077.0,94.01908857334638
63950.49092293674,168142.0,95433.0,5115.0,94.02917754089867
63950.501011904285,168103.0,95427.0,5105.0,94.03926650844369
63950.51110087183,168137.0,95392.0,5114.0,94.0493554759887
63950.52118983938,168151.0,95399.0,5112.0,94.059444443541
63950.53127880693,168178.0,95407.0,5147.0,94.06953341108601
63950.54136777447,168175.0,95436.0,5103.0,94.07962237863103
63950.551456742025,168166.0,95418.0,5154.0,94.08971134618332
63950.56154570957,168196.0,95434.0,5163.0,94.09980031372834
63950.571634677115,168189.0,95425.0,5161.0,94.10988928127335
63950.58172364466,168166.0,95417.0,5123.0,94.11997824881837
63950.59181261221,168188.0,95421.0,5139.0,94.13006721637066
63950.60190157976,168148.0,95429.0,5145.0,94.14015618391568
63950.6119905473,168132.0,95396.0,5107.0,94.1502451514607
63950.622079514855,168117.0,95408.0,5094.0,94.16033411901299
63950.6321684824,168094.0,95407.0,5091.0,94.170423086558
63950.642257449945,168032.0,95371.0,5071.0,94.18051205410302
63950.6523464175,168022.0,95334.0,5067.0,94.19060102165531
63950.66243538504,168013.0,95378.0,5033.0,94.20068998920033
63950.67252435259,167967.0,95355.0,5015.0,94.21077895674534
63950.68261332014,167916.0,95306.0,5021.0,94.22086792429764
63950.692702287684,167916.0,95361.0,4990.0,94.23095689184265
63950.70279125523,167933.0,95349.0,5000.0,94.24104585938767
63950.71288022278,167920.0,95333.0,4985.0,94.25113482693996
63950.72296919033,167888.0,95335.0,4963.0,94.26122379448498
63950.73305815787,167940.0,95356.0,4955.0,94.27131276202999
63950.743147125424,167903.0,95323.0,4954.0,94.28140172958229
63950.75323609297,167932.0,95342.0,4964.0,94.2914906971273
63950.763325060514,167927.0,95343.0,4980.0,94.30157966467232
63950.77341402806,167946.0,95362.0,4987.0,94.31166863221733
63950.78350299561,167916.0,95333.0,4960.0,94.32175759976963
63950.793591963156,167951.0,95354.0,4971.0,94.33184656731464
63950.8036809307,167957.0,95364.0,4964.0,94.34193553485966
63950.813769898254,167943.0,95362.0,4995.0,94.35202450241195
63950.8238588658,167880.0,95299.0,4955.0,94.36211346995697
63950.833947833344,167929.0,95347.0,4983.0,94.37220243750198
63950.844036800896,167922.0,95333.0,4984.0,94.38229140505427
63950.85412576844,167919.0,95362.0,4980.0,94.39238037259929
63950.864214735986,167940.0,95341.0,4975.0,94.40246934014431
63950.87430370354,167933.0,95352.0,4988.0,94.4125583076966
63950.88439267108,167907.0,95347.0,5002.0,94.42264727524162
63950.89448163863,167891.0,95324.0,4977.0,94.43273624278663
63950.90457060618,167873.0,95339.0,4986.0,94.44282521033892
63950.914659573726,167886.0,95325.0,4973.0,94.45291417788394
63950.92474854127,167897.0,95310.0,4965.0,94.46300314542896
63950.934837508816,167887.0,95337.0,4949.0,94.47309211297397
63950.94492647637,167880.0,95355.0,4983.0,94.48318108052626
63950.95501544391,167806.0,95300.0,4935.0,94.49327004807128
63950.96510441146,167856.0,95325.0,4952.0,94.5033590156163
63950.97519337901,167822.0,95336.0,4955.0,94.51344798316859
63950.985282346555,167866.0,95322.0,4959.0,94.5235369507136
63950.9953713141,167846.0,95325.0,4943.0,94.53362591825862
63951.00546028165,167843.0,95306.0,4944.0,94.54371488581091
63951.0155492492,167835.0,95334.0,4978.0,94.55380385335593
63951.02563821674,167840.0,95312.0,4966.0,94.56389282090095
63951.035727184295,167855.0,95318.0,4969.0,94.57398178845324
63951.04581615184,167889.0,95345.0,4968.0,94.58407075599825
63951.055905119385,167893.0,95327.0,5000.0,94.59415972354327
63951.06599408694,167879.0,95347.0,4952.0,94.60424869109556
63951.07608305448,167904.0,95345.0,4987.0,94.61433765864058
63951.08617202203,167902.0,95372.0,4975.0,94.6244266261856
63951.09626098958,167874.0,95305.0,4981.0,94.63451559373789
63951.106349957125,167879.0,95339.0,4972.0,94.6446045612829
63951.11643892467,167945.0,95331.0,5014.0,94.65469352882792
63951.126527892215,167932.0,95355.0,4995.0,94.66478249637294
63951.13661685977,167937.0,95343.0,4991.0,94.67487146392523
63951.14670582731,167962.0,95359.0,5022.0,94.68496043147024
63951.15679479486,167950.0,95339.0,4996.0,94.69504939901526
63951.16688376241,167968.0,95353.0,5012.0,94.70513836656755
63951.176972729954,167944.0,95363.0,5009.0,94.71522733411257
63951.1870616975,168006.0,95400.0,5052.0,94.72531630165759
63951.19715066505,167996.0,95345.0,5044.0,94.73540526920988
63951.2072396326,168023.0,95374.0,5039.0,94.7454942367549
63951.21732860014,168040.0,95391.0,5050.0,94.75558320429991
63951.227417567694,168038.0,95376.0,5054.0,94.7656721718522
