timestamp,PPG_1,PPG_2,PPG_3,time_from_segment_start_sec
63856.457900024594,155020.0,89520.0,3857.0,0.0
63856.46799389265,155063.0,89533.0,3870.0,0.010093868055264466
63856.47808776071,155096.0,89558.0,3878.0,0.02018773611780489
63856.48818162877,155079.0,89508.0,3880.0,0.030281604173069354
63856.49827549682,155088.0,89565.0,3903.0,0.04037547222833382
63856.50836936488,155088.0,89557.0,3881.0,0.050469340283598285
63856.51846323294,155087.0,89531.0,3916.0,0.06056320834613871
63856.528557100995,155065.0,89524.0,3878.0,0.07065707640140317
63856.53865096905,155050.0,89554.0,3898.0,0.08075094445666764
63856.548744837106,155001.0,89541.0,3867.0,0.0908448125119321
63856.55883870517,154973.0,89517.0,3877.0,0.10093868057447253
63856.568932573224,154962.0,89537.0,3865.0,0.111032548629737
63856.57902644128,154836.0,89468.0,3881.0,0.12112641668500146
63856.589120309334,154776.0,89456.0,3836.0,0.13122028474026592
63856.59921417739,154736.0,89468.0,3838.0,0.1413141527955304
63856.60930804545,154726.0,89466.0,3853.0,0.1514080208580708
63856.61940191351,154699.0,89446.0,3845.0,0.16150188891333528
63856.62949578156,154684.0,89472.0,3836.0,0.17159575696859974
63856.63958964962,154650.0,89436.0,3819.0,0.1816896250238642
63856.64968351768,154652.0,89420.0,3815.0,0.19178349308640463
63856.659777385736,154643.0,89464.0,3811.0,0.2018773611416691
63856.66987125379,154652.0,89435.0,3814.0,0.21197122919693356
63856.679965121846,154658.0,89443.0,3826.0,0.22206509725219803
63856.69005898991,154646.0,89421.0,3801.0,0.23215896531473845
63856.700152857964,154659.0,89466.0,3829.0,0.24225283337000292
63856.71024672602,154631.0,89443.0,3779.0,0.2523467014252674
63856.720340594075,154684.0,89451.0,3806.0,0.26244056948053185
63856.73043446214,154699.0,89455.0,3836.0,0.27253443754307227
63856.74052833019,154662.0,89432.0,3813.0,0.28262830559833674
63856.75062219825,154684.0,89455.0,3818.0,0.2927221736536012
63856.7607160663,154694.0,89460.0,3811.0,0.30281604170886567
63856.77080993436,154654.0,89437.0,3808.0,0.31290990976413013
63856.78090380242,154668.0,89464.0,3794.0,0.32300377782667056
63856.790997670476,154725.0,89477.0,3842.0,0.333097645881935
63856.80109153853,154700.0,89455.0,3809.0,0.3431915139371995
63856.81118540659,154683.0,89431.0,3814.0,0.35328538199246395
63856.82127927465,154719.0,89448.0,3799.0,0.3633792500550044
63856.831373142704,154700.0,89452.0,3818.0,0.37347311811026884
63856.84146701076,154700.0,89467.0,3818.0,0.3835669861655333
63856.851560878815,154687.0,89479.0,3803.0,0.3936608542207978
63856.86165474688,154713.0,89469.0,3825.0,0.4037547222833382
63856.87174861493,154667.0,89450.0,3799.0,0.41384859033860266
63856.88184248299,154705.0,89461.0,3814.0,0.4239424583938671
63856.89193635104,154680.0,89467.0,3828.0,0.4340363264491316
63856.902030219106,154665.0,89440.0,3804.0,0.444130194511672
63856.91212408716,154683.0,89486.0,3815.0,0.4542240625669365
63856.922217955216,154702.0,89453.0,3813.0,0.46431793062220095
63856.93231182327,154686.0,89471.0,3808.0,0.4744117986774654
63856.94240569133,154714.0,89483.0,3794.0,0.4845056667327299
63856.95249955939,154729.0,89486.0,3833.0,0.4945995347952703
63856.962593427445,154722.0,89469.0,3819.0,0.5046934028505348
63856.9726872955,154689.0,89453.0,3797.0,0.5147872709057992
63856.982781163555,154724.0,89489.0,3838.0,0.5248811389610637
63856.99287503162,154735.0,89471.0,3799.0,0.5349750070236041
63857.00296889967,154762.0,89480.0,3817.0,0.5450688750788686
63857.01306276773,154765.0,89480.0,3811.0,0.555162743134133
63857.02315663578,154793.0,89499.0,3841.0,0.5652566111893975
63857.033250503846,154775.0,89479.0,3830.0,0.5753504792519379
63857.0433443719,154785.0,89481.0,3824.0,0.5854443473072024
63857.05343823996,154798.0,89478.0,3835.0,0.5955382153624669
63857.06353210801,154765.0,89468.0,3808.0,0.6056320834177313
63857.073625976074,154827.0,89483.0,3804.0,0.6157259514802718
63857.08371984413,154823.0,89488.0,3852.0,0.6258198195355362
63857.093813712185,154808.0,89496.0,3839.0,0.6359136875908007
63857.10390758024,154823.0,89489.0,3827.0,0.6460075556460652
63857.114001448295,154842.0,89519.0,3848.0,0.6561014237013296
63857.12409531636,154815.0,89485.0,3826.0,0.66619529176387
63857.13418918441,154840.0,89505.0,3838.0,0.6762891598191345
63857.14428305247,154855.0,89510.0,3821.0,0.686383027874399
63857.154376920524,154837.0,89474.0,3824.0,0.6964768959296634
63857.164470788586,154842.0,89498.0,3832.0,0.7065707639922039
63857.17456465664,154859.0,89500.0,3836.0,0.7166646320474683
63857.1846585247,154870.0,89504.0,3833.0,0.7267585001027328
63857.19475239275,154834.0,89475.0,3826.0,0.7368523681579973
63857.204846260815,154887.0,89515.0,3840.0,0.7469462362205377
63857.21494012887,154865.0,89509.0,3839.0,0.7570401042758022
63857.225033996925,154850.0,89482.0,3858.0,0.7671339723310666
63857.23512786498,154898.0,89531.0,3858.0,0.7772278403863311
63857.24522173304,154845.0,89488.0,3851.0,0.7873217084488715
63857.2553156011,154874.0,89506.0,3854.0,0.797415576504136
63857.26540946915,154871.0,89483.0,3848.0,0.8075094445594004
63857.27550333721,154921.0,89514.0,3866.0,0.8176033126146649
63857.285597205264,154890.0,89504.0,3836.0,0.8276971806699294
63857.29569107333,154910.0,89518.0,3856.0,0.8377910487324698
63857.30578494138,154933.0,89532.0,3868.0,0.8478849167877343
63857.31587880944,154907.0,89500.0,3858.0,0.8579787848429987
63857.32597267749,154939.0,89501.0,3876.0,0.8680726528982632
63857.336066545555,154939.0,89517.0,3855.0,0.8781665209608036
63857.34616041361,154928.0,89533.0,3865.0,0.8882603890160681
63857.356254281665,154934.0,89530.0,3859.0,0.8983542570713325
63857.36634814972,154972.0,89542.0,3870.0,0.908448125126597
63857.37644201778,154929.0,89501.0,3882.0,0.9185419931891374
63857.38653588584,154945.0,89494.0,3853.0,0.9286358612444019
63857.396629753894,154990.0,89526.0,3872.0,0.9387297292996664
63857.40672362195,154951.0,89510.0,3855.0,0.9488235973549308
63857.41681749001,154992.0,89538.0,3869.0,0.9589174654174712
63857.42691135807,154969.0,89537.0,3855.0,0.9690113334727357
63857.43700522612,154967.0,89541.0,3860.0,0.9791052015280002
63857.44709909418,155034.0,89548.0,3865.0,0.9891990695832646
63857.45719296223,155014.0,89537.0,3879.0,0.9992929376385291
63857.467286830295,155036.0,89560.0,3892.0,1.0093868057010695
63857.47738069835,154995.0,89506.0,3860.0,1.019480673756334
63857.487474566406,155052.0,89517.0,3894.0,1.0295745418115985
63857.49756843446,155034.0,89530.0,3871.0,1.039668409866863
63857.50766230252,155009.0,89493.0,3877.0,1.0497622779294034
63857.51775617058,154973.0,89530.0,3838.0,1.0598561459846678
63857.527850038634,154934.0,89540.0,3890.0,1.0699500140399323
63857.53794390669,154864.0,89501.0,3849.0,1.0800438820951968
63857.54803777475,154801.0,89470.0,3838.0,1.0901377501577372
63857.55813164281,154763.0,89470.0,3840.0,1.1002316182130016
63857.56822551086,154691.0,89457.0,3802.0,1.110325486268266
63857.57831937892,154681.0,89448.0,3827.0,1.1204193543235306
63857.58841324697,154662.0,89454.0,3799.0,1.130513222378795
63857.598507115035,154626.0,89454.0,3830.0,1.1406070904413355
63857.60860098309,154629.0,89435.0,3816.0,1.1507009584966
63857.618694851146,154642.0,89443.0,3810.0,1.1607948265518644
63857.6287887192,154674.0,89467.0,3819.0,1.1708886946071289
63857.638882587264,154648.0,89433.0,3785.0,1.1809825626696693
63857.64897645532,154690.0,89479.0,3805.0,1.1910764307249337
63857.659070323374,154672.0,89452.0,3798.0,1.2011702987801982
63857.66916419143,154649.0,89427.0,3834.0,1.2112641668354627
63857.67925805949,154673.0,89459.0,3806.0,1.221358034898003
63857.68935192755,154706.0,89472.0,3819.0,1.2314519029532676
63857.6994457956,154664.0,89463.0,3795.0,1.241545771008532
63857.70953966366,154709.0,89456.0,3818.0,1.2516396390637965
63857.71963353172,154739.0,89493.0,3831.0,1.261733507126337
63857.729727399776,154717.0,89445.0,3801.0,1.2718273751816014
63857.73982126783,154734.0,89480.0,3833.0,1.2819212432368658
63857.749915135886,154731.0,89502.0,3818.0,1.2920151112921303
63857.76000900394,154726.0,89470.0,3820.0,1.3021089793473948
63857.770102872004,154748.0,89465.0,3840.0,1.3122028474099352
63857.78019674006,154776.0,89503.0,3852.0,1.3222967154651997
63857.790290608114,154738.0,89486.0,3813.0,1.3323905835204641
63857.80038447617,154717.0,89448.0,3829.0,1.3424844515757286
63857.81047834423,154752.0,89511.0,3823.0,1.352578319638269
63857.82057221229,154705.0,89450.0,3814.0,1.3626721876935335
63857.83066608034,154714.0,89472.0,3811.0,1.372766055748798
63857.8407599484,154708.0,89459.0,3812.0,1.3828599238040624
63857.85085381646,154722.0,89479.0,3834.0,1.3929537918666028
63857.860947684516,154676.0,89461.0,3800.0,1.4030476599218673
63857.87104155257,154710.0,89473.0,3818.0,1.4131415279771318
63857.88113542063,154727.0,89468.0,3816.0,1.4232353960323962
63857.89122928869,154696.0,89456.0,3809.0,1.4333292640949367
63857.901323156744,154720.0,89447.0,3813.0,1.4434231321502011
63857.9114170248,154719.0,89483.0,3800.0,1.4535170002054656
63857.921510892855,154706.0,89470.0,3803.0,1.46361086826073
63857.93160476091,154732.0,89477.0,3807.0,1.4737047363159945
63857.94169862897,154744.0,89480.0,3812.0,1.483798604378535
63857.95179249703,154772.0,89503.0,3827.0,1.4938924724337994
63857.96188636508,154779.0,89486.0,3804.0,1.5039863404890639
63857.97198023314,154818.0,89486.0,3835.0,1.5140802085443283
63857.9820741012,154767.0,89469.0,3829.0,1.5241740766068688
63857.992167969256,154800.0,89491.0,3825.0,1.5342679446621332
63858.00226183731,154805.0,89490.0,3824.0,1.5443618127173977
63858.01235570537,154846.0,89509.0,3852.0,1.5544556807726622
63858.02244957343,154830.0,89499.0,3820.0,1.5645495488352026
63858.032543441484,154835.0,89496.0,3833.0,1.574643416890467
63858.04263730954,154838.0,89472.0,3826.0,1.5847372849457315
63858.052731177595,154804.0,89482.0,3828.0,1.594831153000996
63858.06282504566,154867.0,89525.0,3861.0,1.6049250210635364
63858.07291891371,154856.0,89513.0,3836.0,1.6150188891188009
63858.08301278177,154895.0,89505.0,3864.0,1.6251127571740653
63858.09310664982,154864.0,89488.0,3825.0,1.6352066252293298
63858.10320051788,154903.0,89528.0,3848.0,1.6453004932845943
63858.11329438594,154877.0,89498.0,3832.0,1.6553943613471347
63858.123388254,154853.0,89501.0,3837.0,1.6654882294023992
63858.13348212205,154872.0,89533.0,3848.0,1.6755820974576636
63858.14357599011,154855.0,89497.0,3829.0,1.685675965512928
63858.15366985817,154893.0,89509.0,3851.0,1.6957698335754685
63858.163763726225,154921.0,89533.0,3839.0,1.705863701630733
63858.17385759428,154873.0,89482.0,3875.0,1.7159575696859974
63858.183951462335,154883.0,89487.0,3838.0,1.726051437741262
63858.1940453304,154905.0,89511.0,3859.0,1.7361453058038023
63858.20413919845,154896.0,89535.0,3838.0,1.7462391738590668
63858.21423306651,154892.0,89516.0,3849.0,1.7563330419143313
63858.22432693456,154964.0,89553.0,3879.0,1.7664269099695957
63858.23442080262,154944.0,89527.0,3869.0,1.7765207780248602
63858.24451467068,154944.0,89546.0,3859.0,1.7866146460874006
63858.25460853874,154977.0,89548.0,3875.0,1.796708514142665
63858.26470240679,154975.0,89556.0,3877.0,1.8068023821979295
63858.27479627485,154952.0,89528.0,3853.0,1.816896250253194
63858.28489014291,154972.0,89540.0,3862.0,1.8269901183157344
63858.294984010965,155005.0,89529.0,3851.0,1.837083986370999
63858.30507787902,155002.0,89564.0,3891.0,1.8471778544262634
63858.315171747076,154975.0,89513.0,3887.0,1.8572717224815278
63858.32526561514,154992.0,89560.0,3867.0,1.8673655905440683
63858.33535948319,155017.0,89551.0,3872.0,1.8774594585993327
63858.34545335125,155017.0,89515.0,3862.0,1.8875533266545972
63858.355547219304,155057.0,89569.0,3861.0,1.8976471947098617
63858.36564108737,155036.0,89540.0,3874.0,1.907741062772402
63858.37573495542,155030.0,89547.0,3862.0,1.9178349308276665
63858.38582882348,155050.0,89559.0,3873.0,1.927928798882931
63858.39592269153,155080.0,89584.0,3907.0,1.9380226669381955
63858.40601655959,155056.0,89539.0,3877.0,1.94811653499346
63858.41611042765,155028.0,89534.0,3846.0,1.9582104030560004
63858.426204295705,155009.0,89577.0,3887.0,1.9683042711112648
63858.43629816376,154984.0,89543.0,3907.0,1.9783981391665293
63858.446392031816,154891.0,89503.0,3858.0,1.9884920072217938
63858.45648589988,154865.0,89498.0,3875.0,1.9985858752843342
63858.46657976793,154746.0,89456.0,3847.0,2.0086797433395986
63858.47667363599,154715.0,89459.0,3811.0,2.018773611394863
63858.486767504044,154687.0,89461.0,3838.0,2.0288674794501276
63858.49686137211,154641.0,89475.0,3817.0,2.038961347512668
63858.50695524016,154634.0,89425.0,3807.0,2.0490552155679325
63858.51704910822,154631.0,89452.0,3807.0,2.059149083623197
63858.52714297627,154643.0,89452.0,3801.0,2.0692429516784614
63858.537236844335,154626.0,89442.0,3788.0,2.079336819741002
63858.54733071239,154624.0,89437.0,3779.0,2.0894306877962663
63858.557424580446,154623.0,89443.0,3808.0,2.0995245558515307
63858.5675184485,154668.0,89466.0,3815.0,2.109618423906795
63858.577612316556,154680.0,89486.0,3841.0,2.1197122919620597
63858.58770618462,154705.0,89463.0,3833.0,2.1298061600246
63858.597800052674,154655.0,89442.0,3802.0,2.1399000280798646
63858.60789392073,154693.0,89460.0,3813.0,2.149993896135129
63858.617987788784,154692.0,89465.0,3812.0,2.1600877641903935
63858.62808165685,154705.0,89501.0,3819.0,2.170181632252934
63858.6381755249,154666.0,89471.0,3774.0,2.1802755003081984
63858.64826939296,154691.0,89472.0,3808.0,2.190369368363463
63858.65836326101,154690.0,89467.0,3783.0,2.2004632364187273
63858.668457129075,154655.0,89460.0,3799.0,2.2105571044812677
63858.67855099713,154743.0,89513.0,3819.0,2.220650972536532
63858.688644865186,154747.0,89476.0,3814.0,2.2307448405917967
63858.69873873324,154692.0,89502.0,3832.0,2.240838708647061
63858.7088326013,154737.0,89511.0,3814.0,2.2509325767096016
63858.71892646936,154736.0,89495.0,3836.0,2.261026444764866
63858.729020337414,154714.0,89471.0,3814.0,2.2711203128201305
63858.73911420547,154730.0,89472.0,3814.0,2.281214180875395
63858.749208073525,154697.0,89467.0,3795.0,2.2913080489306594
63858.75930194159,154703.0,89474.0,3802.0,2.3014019169932
63858.76939580964,154716.0,89476.0,3807.0,2.3114957850484643
63858.7794896777,154692.0,89447.0,3817.0,2.321589653103729
63858.78958354575,154690.0,89465.0,3800.0,2.3316835211589932
63858.799677413816,154699.0,89460.0,3791.0,2.3417773892215337
63858.80977128187,154718.0,89482.0,3809.0,2.351871257276798
63858.819865149926,154721.0,89458.0,3815.0,2.3619651253320626
63858.82995901798,154708.0,89454.0,3792.0,2.372058993387327
63858.840052886044,154721.0,89518.0,3824.0,2.3821528614498675
63858.8501467541,154735.0,89498.0,3835.0,2.392246729505132
63858.860240622154,154721.0,89459.0,3816.0,2.4023405975603964
63858.87033449021,154764.0,89448.0,3842.0,2.412434465615661
63858.88042835827,154775.0,89471.0,3803.0,2.4225283336782013
63858.89052222633,154770.0,89475.0,3823.0,2.4326222017334658
63858.90061609438,154793.0,89486.0,3838.0,2.4427160697887302
63858.91070996244,154803.0,89474.0,3817.0,2.4528099378439947
63858.92080383049,154839.0,89520.0,3845.0,2.462903805899259
63858.930897698556,154796.0,89494.0,3809.0,2.4729976739617996
63858.94099156661,154808.0,89505.0,3828.0,2.483091542017064
63858.951085434666,154823.0,89476.0,3841.0,2.4931854100723285
63858.96117930272,154849.0,89525.0,3844.0,2.503279278127593
63858.971273170784,154817.0,89537.0,3849.0,2.5133731461901334
63858.98136703884,154808.0,89497.0,3816.0,2.523467014245398
63858.991460906895,154815.0,89483.0,3827.0,2.5335608823006623
63859.00155477495,154818.0,89495.0,3859.0,2.543654750355927
63859.01164864301,154887.0,89518.0,3848.0,2.5537486184184672
63859.02174251107,154872.0,89514.0,3835.0,2.5638424864737317
63859.03183637912,154831.0,89488.0,3852.0,2.573936354528996
63859.04193024718,154895.0,89537.0,3861.0,2.5840302225842606
63859.05202411524,154901.0,89505.0,3876.0,2.594124090646801
63859.062117983296,154889.0,89528.0,3845.0,2.6042179587020655
63859.07221185135,154920.0,89545.0,3867.0,2.61431182675733
63859.08230571941,154885.0,89513.0,3822.0,2.6244056948125944
63859.09239958746,154878.0,89496.0,3834.0,2.634499562867859
63859.102493455524,154905.0,89517.0,3857.0,2.6445934309303993
63859.11258732358,154850.0,89537.0,3834.0,2.654687298985664
63859.122681191635,154897.0,89512.0,3839.0,2.6647811670409283
63859.13277505969,154926.0,89521.0,3824.0,2.6748750350961927
63859.14286892775,154923.0,89522.0,3848.0,2.684968903158733
63859.15296279581,154932.0,89528.0,3882.0,2.6950627712139976
63859.16305666386,154916.0,89519.0,3838.0,2.705156639269262
63859.17315053192,154969.0,89520.0,3860.0,2.7152505073245266
63859.18324439998,154954.0,89532.0,3857.0,2.725344375387067
63859.193338268036,154941.0,89554.0,3882.0,2.7354382434423314
63859.20343213609,154988.0,89556.0,3837.0,2.745532111497596
63859.21352600415,154963.0,89526.0,3889.0,2.7556259795528604
63859.2236198722,154981.0,89539.0,3877.0,2.765719847608125
63859.233713740265,154978.0,89542.0,3842.0,2.7758137156706653
63859.24380760832,154971.0,89491.0,3865.0,2.7859075837259297
63859.253901476375,154961.0,89523.0,3851.0,2.796001451781194
63859.26399534443,155010.0,89539.0,3867.0,2.8060953198364587
63859.27408921249,154987.0,89536.0,3845.0,2.816189187898999
63859.28418308055,155020.0,89577.0,3877.0,2.8262830559542635
63859.2942769486,155039.0,89573.0,3889.0,2.836376924009528
63859.30437081666,155064.0,89551.0,3877.0,2.8464707920647925
63859.31446468472,155081.0,89544.0,3901.0,2.856564660127333
63859.32455855278,155067.0,89543.0,3866.0,2.8666585281825974
63859.33465242083,155096.0,89586.0,3891.0,2.876752396237862
63859.34474628889,155087.0,89558.0,3860.0,2.8868462642931263
63859.35484015695,155085.0,89559.0,3904.0,2.8969401323556667
63859.364934025005,155096.0,89599.0,3902.0,2.907034000410931
63859.37502789306,155076.0,89540.0,3887.0,2.9171278684661957
63859.385121761115,155069.0,89567.0,3863.0,2.92722173652146
63859.39521562917,155015.0,89535.0,3901.0,2.9373156045767246
63859.40530949723,154986.0,89520.0,3886.0,2.947409472639265
63859.41540336529,154886.0,89506.0,3844.0,2.9575033406945295
63859.425497233344,154847.0,89501.0,3877.0,2.967597208749794
63859.4355911014,154778.0,89512.0,3837.0,2.9776910768050584
63859.44568496946,154753.0,89489.0,3841.0,2.987784944867599
63859.45577883752,154709.0,89461.0,3834.0,2.9978788129228633
63859.46587270557,154663.0,89473.0,3832.0,3.0079726809781278
63859.47596657363,154650.0,89478.0,3811.0,3.018066549033392
63859.48606044169,154664.0,89444.0,3806.0,3.0281604170959326
63859.496154309745,154606.0,89449.0,3790.0,3.038254285151197
63859.5062481778,154625.0,89445.0,3802.0,3.0483481532064616
63859.516342045856,154662.0,89478.0,3816.0,3.058442021261726
63859.52643591392,154663.0,89478.0,3828.0,3.0685358893242665
63859.53652978197,154617.0,89450.0,3815.0,3.078629757379531
63859.54662365003,154629.0,89493.0,3801.0,3.0887236254347954
63859.556717518084,154678.0,89473.0,3800.0,3.09881749349006
63859.56681138614,154652.0,89473.0,3826.0,3.1089113615453243
63859.5769052542,154674.0,89463.0,3794.0,3.1190052296078647
63859.58699912226,154677.0,89484.0,3828.0,3.129099097663129
63859.59709299031,154669.0,89461.0,3805.0,3.1391929657183937
63859.60718685837,154614.0,89473.0,3785.0,3.149286833773658
63859.61728072643,154654.0,89483.0,3813.0,3.1593807018361986
63859.627374594485,154652.0,89469.0,3793.0,3.169474569891463
63859.63746846254,154672.0,89476.0,3798.0,3.1795684379467275
63859.647562330596,154703.0,89503.0,3803.0,3.189662306001992
63859.65765619866,154697.0,89486.0,3832.0,3.1997561740645324
63859.667750066714,154697.0,89491.0,3831.0,3.209850042119797
63859.67784393477,154708.0,89478.0,3807.0,3.2199439101750613
63859.687937802824,154729.0,89504.0,3819.0,3.230037778230326
63859.69803167089,154677.0,89472.0,3798.0,3.240131646292866
63859.70812553894,154718.0,89496.0,3796.0,3.2502255143481307
63859.718219407,154705.0,89480.0,3809.0,3.260319382403395
63859.72831327505,154689.0,89457.0,3816.0,3.2704132504586596
63859.73840714311,154692.0,89487.0,3806.0,3.280507118513924
63859.74850101117,154700.0,89483.0,3829.0,3.2906009865764645
63859.758594879226,154682.0,89466.0,3800.0,3.300694854631729
63859.76868874728,154673.0,89467.0,3789.0,3.3107887226869934
63859.778782615336,154767.0,89479.0,3821.0,3.320882590742258
63859.7888764834,154698.0,89491.0,3822.0,3.3309764588047983
63859.798970351454,154692.0,89481.0,3797.0,3.341070326860063
63859.80906421951,154730.0,89472.0,3836.0,3.3511641949153272
63859.819158087565,154731.0,89448.0,3819.0,3.3612580629705917
63859.82925195563,154715.0,89465.0,3799.0,3.371351931033132
63859.83934582368,154739.0,89496.0,3814.0,3.3814457990883966
63859.84943969174,154781.0,89506.0,3824.0,3.391539667143661
63859.85953355979,154737.0,89473.0,3780.0,3.4016335351989255
63859.86962742785,154776.0,89489.0,3817.0,3.41172740325419
63859.87972129591,154776.0,89487.0,3814.0,3.4218212713167304
63859.889815163966,154786.0,89489.0,3830.0,3.431915139371995
63859.89990903202,154789.0,89486.0,3818.0,3.4420090074272593
63859.91000290008,154814.0,89519.0,3833.0,3.452102875482524
63859.92009676814,154782.0,89477.0,3814.0,3.4621967435450642
63859.930190636194,154807.0,89469.0,3842.0,3.4722906116003287
63859.94028450425,154838.0,89521.0,3836.0,3.482384479655593
63859.950378372305,154824.0,89481.0,3817.0,3.4924783477108576
63859.96047224037,154833.0,89506.0,3821.0,3.502572215773398
63859.97056610842,154824.0,89480.0,3822.0,3.5126660838286625
63859.98065997648,154828.0,89500.0,3848.0,3.522759951883927
63859.99075384453,154861.0,89489.0,3812.0,3.5328538199391915
63860.000847712596,154871.0,89518.0,3860.0,3.542947688001732
63860.01094158065,154871.0,89536.0,3831.0,3.5530415560569963
63860.021035448706,154842.0,89490.0,3830.0,3.563135424112261
63860.03112931676,154860.0,89497.0,3830.0,3.5732292921675253
63860.04122318482,154870.0,89494.0,3851.0,3.5833231602227897
63860.05131705288,154847.0,89519.0,3807.0,3.59341702828533
63860.061410920935,154853.0,89518.0,3828.0,3.6035108963405946
63860.07150478899,154910.0,89539.0,3878.0,3.613604764395859
63860.081598657045,154869.0,89494.0,3848.0,3.6236986324511236
63860.09169252511,154892.0,89515.0,3846.0,3.633792500513664
63860.10178639316,154894.0,89516.0,3864.0,3.6438863685689284
63860.11188026122,154901.0,89510.0,3859.0,3.653980236624193
63860.12197412927,154894.0,89531.0,3841.0,3.6640741046794574
63860.132067997336,154928.0,89527.0,3859.0,3.674167972741998
63860.14216186539,154968.0,89524.0,3861.0,3.6842618407972623
63860.15225573345,154935.0,89524.0,3846.0,3.6943557088525267
63860.1623496015,154939.0,89538.0,3879.0,3.704449576907791
63860.172443469564,154950.0,89536.0,3854.0,3.7145434449703316
63860.18253733762,154895.0,89512.0,3824.0,3.724637313025596
63860.192631205675,154928.0,89543.0,3856.0,3.7347311810808606
63860.20272507373,154960.0,89549.0,3871.0,3.744825049136125
63860.212818941785,154967.0,89537.0,3858.0,3.7549189171913895
63860.22291280985,154991.0,89533.0,3858.0,3.76501278525393
63860.2330066779,155019.0,89566.0,3871.0,3.7751066533091944
63860.24310054596,154973.0,89527.0,3858.0,3.785200521364459
63860.253194414014,155009.0,89548.0,3863.0,3.7952943894197233
63860.263288282076,155019.0,89574.0,3882.0,3.8053882574822637
63860.27338215013,155016.0,89535.0,3868.0,3.815482125537528
63860.28347601819,155047.0,89568.0,3856.0,3.8255759935927927
63860.29356988624,155042.0,89555.0,3877.0,3.835669861648057
63860.303663754305,155017.0,89556.0,3856.0,3.8457637297105975
63860.31375762236,155014.0,89547.0,3838.0,3.855857597765862
63860.323851490415,155070.0,89579.0,3895.0,3.8659514658211265
63860.33394535847,155067.0,89561.0,3877.0,3.876045333876391
63860.34403922653,155067.0,89549.0,3882.0,3.8861392019389314
63860.35413309459,155093.0,89563.0,3875.0,3.896233069994196
63860.36422696264,155100.0,89577.0,3906.0,3.9063269380494603
63860.3743208307,155090.0,89568.0,3886.0,3.9164208061047248
63860.384414698754,155075.0,89557.0,3883.0,3.9265146741599892
63860.39450856682,155075.0,89585.0,3892.0,3.9366085422225296
63860.40460243487,154985.0,89520.0,3861.0,3.946702410277794
63860.41469630293,154907.0,89524.0,3859.0,3.9567962783330586
63860.42479017098,154871.0,89512.0,3839.0,3.966890146388323
63860.434884039045,154790.0,89505.0,3867.0,3.9769840144508635
63860.4449779071,154706.0,89469.0,3834.0,3.987077882506128
63860.455071775155,154704.0,89494.0,3826.0,3.9971717505613924
63860.46516564321,154677.0,89445.0,3820.0,4.007265618616657
63860.47525951127,154627.0,89447.0,3805.0,4.017359486679197
63860.48535337933,154679.0,89465.0,3810.0,4.027453354734462
63860.495447247384,154650.0,89460.0,3803.0,4.037547222789726
63860.50554111544,154645.0,89484.0,3812.0,4.047641090844991
63860.5156349835,154645.0,89474.0,3803.0,4.057734958907531
63860.52572885156,154682.0,89469.0,3816.0,4.067828826962796
63860.53582271961,154645.0,89468.0,3790.0,4.07792269501806
63860.54591658767,154676.0,89462.0,3804.0,4.0880165630733245
63860.55601045572,154707.0,89503.0,3817.0,4.098110431128589
63860.566104323785,154682.0,89450.0,3804.0,4.108204299191129
63860.57619819184,154679.0,89474.0,3813.0,4.118298167246394
63860.586292059896,154653.0,89477.0,3825.0,4.128392035301658
63860.59638592795,154669.0,89429.0,3785.0,4.138485903356923
63860.60647979601,154696.0,89491.0,3816.0,4.148579771419463
63860.61657366407,154694.0,89504.0,3815.0,4.158673639474728
63860.626667532124,154679.0,89478.0,3804.0,4.168767507529992
63860.63676140018,154678.0,89455.0,3818.0,4.178861375585257
63860.64685526824,154709.0,89495.0,3831.0,4.188955243647797
63860.6569491363,154694.0,89449.0,3818.0,4.1990491117030615
63860.66704300435,154708.0,89476.0,3811.0,4.209142979758326
63860.67713687241,154679.0,89475.0,3786.0,4.21923684781359
63860.68723074047,154707.0,89448.0,3822.0,4.229330715876131
63860.697324608525,154684.0,89484.0,3793.0,4.239424583931395
63860.70741847658,154718.0,89489.0,3798.0,4.24951845198666
63860.717512344636,154727.0,89466.0,3849.0,4.259612320041924
63860.72760621269,154694.0,89457.0,3820.0,4.269706188097189
63860.737700080754,154694.0,89471.0,3802.0,4.279800056159729
63860.74779394881,154707.0,89485.0,3807.0,4.289893924214994
63860.757887816864,154725.0,89503.0,3826.0,4.299987792270258
63860.76798168492,154683.0,89464.0,3784.0,4.3100816603255225
63860.77807555298,154731.0,89494.0,3826.0,4.320175528388063
63860.78816942104,154729.0,89486.0,3813.0,4.330269396443327
63860.79826328909,154702.0,89499.0,3803.0,4.340363264498592
63860.80835715715,154747.0,89487.0,3839.0,4.350457132553856
63860.81845102521,154708.0,89466.0,3784.0,4.360551000616397
63860.828544893266,154753.0,89485.0,3807.0,4.370644868671661
63860.83863876132,154739.0,89531.0,3813.0,4.380738736726926
63860.848732629376,154785.0,89512.0,3837.0,4.39083260478219
63860.85882649744,154745.0,89457.0,3808.0,4.400926472844731
63860.868920365494,154773.0,89496.0,3821.0,4.411020340899995
63860.87901423355,154792.0,89518.0,3807.0,4.4211142089552595
63860.889108101605,154772.0,89503.0,3809.0,4.431208077010524
63860.89920196966,154796.0,89529.0,3824.0,4.4413019450657885
63860.90929583772,154813.0,89510.0,3828.0,4.451395813128329
63860.91938970578,154827.0,89501.0,3818.0,4.461489681183593
63860.92948357383,154824.0,89504.0,3814.0,4.471583549238858
63860.93957744189,154870.0,89531.0,3855.0,4.481677417294122
63860.94967130995,154854.0,89520.0,3839.0,4.491771285356663
63860.959765178006,154831.0,89525.0,3837.0,4.501865153411927
63860.96985904606,154832.0,89532.0,3823.0,4.511959021467192
63860.97995291412,154883.0,89529.0,3856.0,4.522052889522456
63860.99004678218,154852.0,89488.0,3807.0,4.5321467575849965
63861.000140650234,154885.0,89518.0,3816.0,4.542240625640261
63861.01023451829,154843.0,89497.0,3853.0,4.5523344936955255
63861.020328386345,154868.0,89495.0,3823.0,4.56242836175079
63861.0304222544,154876.0,89527.0,3845.0,4.572522229806054
63861.04051612246,154906.0,89540.0,3843.0,4.582616097868595
63861.05060999052,154905.0,89518.0,3828.0,4.592709965923859
63861.06070385857,154922.0,89544.0,3840.0,4.602803833979124
63861.07079772663,154902.0,89527.0,3866.0,4.612897702034388
63861.08089159469,154909.0,89529.0,3856.0,4.622991570096929
63861.090985462746,154891.0,89506.0,3834.0,4.633085438152193
63861.1010793308,154936.0,89512.0,3857.0,4.643179306207458
63861.11117319886,154897.0,89534.0,3822.0,4.653273174262722
63861.12126706692,154937.0,89519.0,3829.0,4.6633670423252624
63861.131360934975,154953.0,89541.0,3844.0,4.673460910380527
63861.14145480303,154948.0,89540.0,3873.0,4.683554778435791
63861.151548671085,154945.0,89521.0,3842.0,4.693648646491056
63861.16164253915,154962.0,89541.0,3857.0,4.703742514553596
63861.1717364072,154987.0,89528.0,3844.0,4.713836382608861
63861.18183027526,154947.0,89551.0,3842.0,4.723930250664125
63861.19192414331,154969.0,89532.0,3846.0,4.73402411871939
63861.20201801137,154992.0,89551.0,3861.0,4.744117986774654
63861.21211187943,154974.0,89546.0,3903.0,4.7542118548371946
63861.22220574749,155013.0,89576.0,3873.0,4.764305722892459
63861.23229961554,155036.0,89557.0,3873.0,4.7743995909477235
63861.2423934836,155022.0,89553.0,3871.0,4.784493459002988
63861.25248735166,155038.0,89552.0,3850.0,4.794587327065528
63861.262581219715,155051.0,89567.0,3867.0,4.804681195120793
63861.27267508777,155040.0,89535.0,3852.0,4.814775063176057
63861.282768955825,155043.0,89556.0,3866.0,4.824868931231322
63861.29286282389,155064.0,89562.0,3875.0,4.834962799293862
63861.30295669194,155044.0,89545.0,3866.0,4.845056667349127
63861.31305056,155074.0,89541.0,3906.0,4.855150535404391
63861.32314442805,155080.0,89568.0,3867.0,4.865244403459656
63861.333238296116,155110.0,89596.0,3893.0,4.875338271522196
63861.34333216417,155111.0,89550.0,3869.0,4.8854321395774605
63861.35342603223,155098.0,89598.0,3889.0,4.895526007632725
63861.36351990028,155112.0,89578.0,3886.0,4.905619875687989
63861.37361376834,155124.0,89566.0,3885.0,4.915713743743254
63861.3837076364,155117.0,89565.0,3872.0,4.925807611805794
63861.393801504455,155128.0,89583.0,3901.0,4.935901479861059
63861.40389537251,155111.0,89567.0,3880.0,4.945995347916323
63861.413989240566,155054.0,89565.0,3866.0,4.956089215971588
63861.42408310863,155000.0,89561.0,3867.0,4.966183084034128
63861.43417697668,154917.0,89514.0,3864.0,4.976276952089393
63861.44427084474,154876.0,89516.0,3860.0,4.986370820144657
63861.454364712794,154805.0,89477.0,3839.0,4.9964646881999215
63861.46445858086,154746.0,89471.0,3846.0,5.006558556262462
63861.47455244891,154715.0,89479.0,3812.0,5.016652424317726
63861.48464631697,154707.0,89485.0,3828.0,5.026746292372991
63861.49474018502,154694.0,89481.0,3846.0,5.036840160428255
63861.50483405308,154702.0,89484.0,3799.0,5.04693402848352
63861.51492792114,154698.0,89475.0,3827.0,5.05702789654606
63861.525021789195,154657.0,89488.0,3799.0,5.067121764601325
63861.53511565725,154652.0,89479.0,3792.0,5.077215632656589
63861.545209525306,154665.0,89470.0,3800.0,5.087309500711854
63861.55530339337,154727.0,89470.0,3833.0,5.097403368774394
63861.565397261424,154710.0,89481.0,3811.0,5.1074972368296585
63861.57549112948,154700.0,89451.0,3814.0,5.117591104884923
63861.585584997534,154719.0,89474.0,3820.0,5.127684972940187
63861.5956788656,154694.0,89454.0,3799.0,5.137778841002728
63861.60577273365,154705.0,89485.0,3814.0,5.147872709057992
63861.61586660171,154708.0,89501.0,3803.0,5.157966577113257
63861.62596046976,154682.0,89449.0,3795.0,5.168060445168521
63861.636054337825,154723.0,89490.0,3801.0,5.178154313231062
63861.64614820588,154702.0,89490.0,3801.0,5.188248181286326
63861.656242073936,154746.0,89492.0,3822.0,5.198342049341591
63861.66633594199,154718.0,89500.0,3823.0,5.208435917396855
63861.676429810046,154735.0,89474.0,3790.0,5.2185297854521195
63861.68652367811,154756.0,89487.0,3796.0,5.22862365351466
63861.696617546164,154769.0,89480.0,3821.0,5.238717521569924
63861.70671141422,154784.0,89535.0,3825.0,5.248811389625189
63861.716805282274,154767.0,89481.0,3819.0,5.258905257680453
63861.72689915034,154785.0,89530.0,3774.0,5.268999125742994
63861.73699301839,154751.0,89507.0,3812.0,5.279092993798258
63861.74708688645,154751.0,89470.0,3812.0,5.289186861853523
63861.7571807545,154728.0,89496.0,3801.0,5.299280729908787
63861.767274622565,154754.0,89502.0,3797.0,5.309374597971328
63861.77736849062,154742.0,89500.0,3817.0,5.319468466026592
63861.787462358676,154721.0,89485.0,3821.0,5.3295623340818565
63861.79755622673,154758.0,89522.0,3828.0,5.339656202137121
63861.807650094794,154700.0,89490.0,3803.0,5.349750070199661
63861.81774396285,154761.0,89512.0,3810.0,5.359843938254926
63861.827837830904,154780.0,89490.0,3823.0,5.36993780631019
63861.83793169896,154794.0,89510.0,3822.0,5.380031674365455
63861.848025567015,154776.0,89501.0,3810.0,5.390125542420719
63861.85811943508,154806.0,89510.0,3812.0,5.40021941048326
63861.86821330313,154843.0,89503.0,3840.0,5.410313278538524
63861.87830717119,154828.0,89525.0,3841.0,5.420407146593789
63861.88840103924,154813.0,89507.0,3812.0,5.430501014649053
63861.898494907306,154839.0,89521.0,3831.0,5.4405948827115935
63861.90858877536,154820.0,89513.0,3836.0,5.450688750766858
63861.918682643416,154845.0,89497.0,3825.0,5.4607826188221225
63861.92877651147,154834.0,89502.0,3823.0,5.470876486877387
63861.938870379534,154859.0,89524.0,3838.0,5.480970354939927
63861.94896424759,154853.0,89513.0,3825.0,5.491064222995192
63861.959058115644,154852.0,89508.0,3810.0,5.501158091050456
63861.9691519837,154903.0,89545.0,3853.0,5.511251959105721
63861.97924585176,154904.0,89528.0,3845.0,5.521345827168261
63861.98933971982,154889.0,89548.0,3863.0,5.531439695223526
63861.99943358787,154905.0,89529.0,3848.0,5.54153356327879
63862.00952745593,154894.0,89558.0,3863.0,5.551627431334055
63862.01962132398,154918.0,89527.0,3846.0,5.561721299389319
63862.029715192046,154923.0,89531.0,3827.0,5.5718151674518595
63862.0398090601,154913.0,89548.0,3840.0,5.581909035507124
63862.04990292816,154924.0,89525.0,3848.0,5.592002903562388
63862.05999679621,154935.0,89530.0,3856.0,5.602096771617653
63862.070090664274,154925.0,89523.0,3839.0,5.612190639680193
63862.08018453233,154945.0,89524.0,3855.0,5.622284507735458
63862.090278400385,154912.0,89552.0,3837.0,5.632378375790722
63862.10037226844,154954.0,89539.0,3856.0,5.642472243845987
63862.1104661365,154972.0,89552.0,3837.0,5.652566111908527
63862.12056000456,154967.0,89545.0,3876.0,5.662659979963792
63862.13065387261,154979.0,89546.0,3859.0,5.672753848019056
63862.14074774067,154977.0,89562.0,3861.0,5.6828477160743205
63862.15084160873,154975.0,89544.0,3866.0,5.692941584136861
63862.160935476786,154972.0,89555.0,3838.0,5.703035452192125
63862.17102934484,154974.0,89523.0,3851.0,5.71312932024739
63862.1811232129,155010.0,89554.0,3859.0,5.723223188302654
63862.19121708095,154995.0,89532.0,3893.0,5.733317056357919
63862.201310949014,155029.0,89571.0,3879.0,5.743410924420459
63862.21140481707,155009.0,89575.0,3871.0,5.753504792475724
63862.221498685125,155006.0,89557.0,3847.0,5.763598660530988
63862.23159255318,155052.0,89552.0,3873.0,5.773692528586253
63862.24168642124,155066.0,89592.0,3868.0,5.783786396648793
63862.2517802893,155037.0,89592.0,3881.0,5.7938802647040575
63862.26187415735,155086.0,89572.0,3897.0,5.803974132759322
63862.27196802541,155085.0,89574.0,3880.0,5.814068000814586
63862.28206189347,155066.0,89548.0,3885.0,5.824161868877127
63862.29215576153,155063.0,89562.0,3848.0,5.834255736932391
63862.30224962958,155112.0,89590.0,3872.0,5.844349604987656
63862.31234349764,155103.0,89569.0,3875.0,5.85444347304292
63862.3224373657,155122.0,89585.0,3872.0,5.864537341105461
63862.332531233755,155122.0,89596.0,3913.0,5.874631209160725
63862.34262510181,155108.0,89571.0,3880.0,5.88472507721599
63862.352718969865,155116.0,89574.0,3875.0,5.894818945271254
63862.36281283792,155118.0,89587.0,3903.0,5.9049128133265185
63862.37290670598,155115.0,89559.0,3893.0,5.915006681389059
63862.38300057404,155144.0,89563.0,3866.0,5.925100549444323
63862.39309444209,155166.0,89585.0,3904.0,5.935194417499588
63862.40318831015,155172.0,89591.0,3898.0,5.945288285554852
63862.41328217821,155183.0,89585.0,3917.0,5.955382153617393
63862.42337604627,155196.0,89615.0,3913.0,5.965476021672657
63862.43346991432,155157.0,89580.0,3903.0,5.975569889727922
63862.44356378238,155171.0,89614.0,3885.0,5.985663757783186
63862.45365765044,155100.0,89605.0,3911.0,5.995757625845727
63862.463751518495,155050.0,89576.0,3921.0,6.005851493900991
63862.47384538655,154946.0,89527.0,3867.0,6.0159453619562555
63862.483939254606,154917.0,89539.0,3846.0,6.02603923001152
63862.49403312267,154839.0,89508.0,3846.0,6.03613309807406
63862.50412699072,154762.0,89489.0,3831.0,6.046226966129325
63862.51422085878,154760.0,89493.0,3831.0,6.056320834184589
63862.524314726834,154718.0,89478.0,3833.0,6.066414702239854
63862.53440859489,154732.0,89477.0,3840.0,6.076508570295118
63862.54450246295,154709.0,89501.0,3835.0,6.086602438357659
63862.55459633101,154729.0,89479.0,3827.0,6.096696306412923
63862.56469019906,154727.0,89471.0,3821.0,6.106790174468188
63862.57478406712,154737.0,89491.0,3811.0,6.116884042523452
63862.58487793518,154741.0,89497.0,3812.0,6.1269779105859925
63862.594971803235,154772.0,89505.0,3842.0,6.137071778641257
63862.60506567129,154782.0,89487.0,3841.0,6.147165646696521
63862.615159539346,154742.0,89474.0,3820.0,6.157259514751786
63862.62525340741,154789.0,89516.0,3847.0,6.167353382814326
63862.63534727546,154770.0,89505.0,3822.0,6.177447250869591
63862.64544114352,154744.0,89515.0,3830.0,6.187541118924855
63862.655535011574,154768.0,89483.0,3804.0,6.19763498698012
63862.66562887963,154747.0,89501.0,3805.0,6.207728855035384
63862.67572274769,154770.0,89507.0,3833.0,6.217822723097925
63862.68581661575,154817.0,89526.0,3834.0,6.227916591153189
63862.6959104838,154790.0,89480.0,3839.0,6.2380104592084535
63862.70600435186,154784.0,89488.0,3828.0,6.248104327263718
63862.71609821992,154808.0,89510.0,3816.0,6.258198195326258
63862.726192087976,154779.0,89528.0,3835.0,6.268292063381523
63862.73628595603,154831.0,89539.0,3856.0,6.278385931436787
63862.746379824086,154775.0,89526.0,3853.0,6.288479799492052
63862.75647369215,154811.0,89511.0,3815.0,6.298573667554592
63862.766567560204,154787.0,89508.0,3830.0,6.308667535609857
63862.77666142826,154832.0,89527.0,3840.0,6.318761403665121
63862.786755296314,154787.0,89523.0,3839.0,6.328855271720386
63862.79684916438,154800.0,89515.0,3841.0,6.338949139782926
63862.80694303243,154809.0,89523.0,3829.0,6.3490430078381905
63862.81703690049,154802.0,89525.0,3818.0,6.359136875893455
63862.82713076854,154821.0,89530.0,3850.0,6.3692307439487195
63862.8372246366,154807.0,89517.0,3827.0,6.379324612003984
63862.84731850466,154816.0,89520.0,3835.0,6.389418480066524
63862.857412372716,154783.0,89508.0,3823.0,6.399512348121789
63862.86750624077,154790.0,89506.0,3821.0,6.409606216177053
63862.877600108826,154801.0,89482.0,3825.0,6.419700084232318
63862.88769397689,154832.0,89522.0,3844.0,6.429793952294858
63862.897787844944,154867.0,89545.0,3866.0,6.439887820350123
63862.907881713,154825.0,89524.0,3818.0,6.449981688405387
63862.917975581055,154888.0,89545.0,3867.0,6.460075556460652
63862.92806944912,154877.0,89528.0,3840.0,6.470169424523192
63862.93816331717,154896.0,89518.0,3825.0,6.4802632925784565
63862.94825718523,154881.0,89553.0,3836.0,6.490357160633721
63862.95835105328,154887.0,89551.0,3843.0,6.500451028688985
63862.968444921346,154918.0,89535.0,3846.0,6.510544896751526
63862.9785387894,154913.0,89552.0,3837.0,6.52063876480679
63862.988632657456,154949.0,89568.0,3878.0,6.530732632862055
63862.99872652551,154867.0,89492.0,3809.0,6.540826500917319
63863.00882039357,154934.0,89544.0,3852.0,6.550920368972584
63863.01891426163,154955.0,89568.0,3833.0,6.561014237035124
63863.029008129684,154956.0,89555.0,3843.0,6.571108105090389
63863.03910199774,154943.0,89565.0,3853.0,6.581201973145653
63863.049195865795,154960.0,89550.0,3854.0,6.5912958412009175
63863.05928973386,154974.0,89536.0,3867.0,6.601389709263458
63863.06938360191,154965.0,89549.0,3858.0,6.611483577318722
63863.07947746997,154964.0,89551.0,3855.0,6.621577445373987
63863.08957133802,154973.0,89553.0,3866.0,6.631671313429251
63863.099665206086,154964.0,89531.0,3844.0,6.641765181491792
63863.10975907414,154999.0,89566.0,3859.0,6.651859049547056
63863.119852942196,154983.0,89533.0,3858.0,6.661952917602321
63863.12994681025,154981.0,89532.0,3847.0,6.672046785657585
63863.140040678314,154986.0,89534.0,3870.0,6.682140653720126
63863.15013454637,154973.0,89536.0,3847.0,6.69223452177539
63863.160228414425,155038.0,89596.0,3884.0,6.7023283898306545
63863.17032228248,155019.0,89565.0,3869.0,6.712422257885919
63863.180416150535,155052.0,89567.0,3897.0,6.722516125941183
63863.1905100186,155058.0,89580.0,3863.0,6.732609994003724
63863.20060388665,155063.0,89571.0,3867.0,6.742703862058988
63863.21069775471,155047.0,89563.0,3873.0,6.752797730114253
63863.22079162276,155052.0,89601.0,3876.0,6.762891598169517
63863.230885490826,155050.0,89572.0,3853.0,6.772985466232058
63863.24097935888,155082.0,89587.0,3905.0,6.783079334287322
63863.25107322694,155076.0,89574.0,3885.0,6.793173202342587
63863.26116709499,155089.0,89537.0,3903.0,6.803267070397851
63863.271260963054,155115.0,89584.0,3894.0,6.8133609384603915
63863.28135483111,155060.0,89573.0,3888.0,6.823454806515656
63863.291448699165,155114.0,89571.0,3879.0,6.83354867457092
63863.30154256722,155105.0,89580.0,3892.0,6.843642542626185
63863.311636435275,155155.0,89604.0,3911.0,6.853736410681449
63863.32173030334,155108.0,89584.0,3867.0,6.86383027874399
63863.33182417139,155134.0,89594.0,3899.0,6.873924146799254
63863.34191803945,155163.0,89615.0,3902.0,6.884018014854519
63863.352011907504,155120.0,89575.0,3885.0,6.894111882909783
63863.362105775566,155140.0,89627.0,3904.0,6.904205750972324
63863.37219964362,155178.0,89600.0,3905.0,6.914299619027588
63863.38229351168,155181.0,89609.0,3898.0,6.9243934870828525
63863.39238737973,155222.0,89650.0,3894.0,6.934487355138117
63863.402481247795,155185.0,89620.0,3929.0,6.944581223200657
63863.41257511585,155170.0,89588.0,3900.0,6.954675091255922
63863.422668983905,155203.0,89601.0,3909.0,6.964768959311186
63863.43276285196,155194.0,89628.0,3906.0,6.974862827366451
63863.44285672002,155231.0,89615.0,3909.0,6.984956695428991
63863.45295058808,155202.0,89612.0,3917.0,6.995050563484256
63863.46304445613,155202.0,89601.0,3906.0,7.00514443153952
63863.47313832419,155115.0,89566.0,3918.0,7.015238299594785
63863.483232192244,155044.0,89539.0,3864.0,7.025332167650049
63863.49332606031,154961.0,89582.0,3898.0,7.0354260357125895
63863.50341992836,154918.0,89543.0,3871.0,7.045519903767854
63863.51351379642,154854.0,89515.0,3845.0,7.055613771823118
63863.52360766447,154817.0,89517.0,3822.0,7.065707639878383
63863.533701532535,154814.0,89516.0,3885.0,7.075801507940923
63863.54379540059,154760.0,89494.0,3848.0,7.085895375996188
63863.553889268645,154739.0,89483.0,3832.0,7.095989244051452
63863.5639831367,154778.0,89502.0,3849.0,7.106083112106717
63863.57407700476,154732.0,89519.0,3808.0,7.116176980169257
63863.58417087282,154767.0,89501.0,3838.0,7.126270848224522
63863.594264740874,154744.0,89491.0,3803.0,7.136364716279786
63863.60435860893,154773.0,89503.0,3821.0,7.1464585843350505
63863.61445247699,154783.0,89517.0,3834.0,7.156552452397591
63863.62454634505,154795.0,89510.0,3836.0,7.166646320452855
63863.6346402131,154820.0,89533.0,3843.0,7.17674018850812
63863.64473408116,154786.0,89518.0,3827.0,7.186834056563384
63863.65482794921,154833.0,89532.0,3811.0,7.196927924618649
63863.664921817275,154831.0,89508.0,3861.0,7.207021792681189
63863.67501568533,154795.0,89499.0,3852.0,7.217115660736454
63863.685109553386,154814.0,89531.0,3843.0,7.227209528791718
63863.69520342144,154799.0,89481.0,3833.0,7.237303396846983
63863.7052972895,154831.0,89524.0,3848.0,7.247397264909523
63863.71539115756,154811.0,89507.0,3819.0,7.2574911329647875
63863.725485025614,154871.0,89548.0,3831.0,7.267585001020052
63863.73557889367,154856.0,89502.0,3828.0,7.2776788690753165
63863.74567276173,154858.0,89537.0,3844.0,7.287772737137857
63863.75576662979,154847.0,89511.0,3845.0,7.297866605193121
63863.76586049784,154860.0,89508.0,3828.0,7.307960473248386
63863.7759543659,154857.0,89500.0,3841.0,7.31805434130365
63863.78604823396,154851.0,89531.0,3840.0,7.328148209366191
63863.796142102015,154831.0,89538.0,3835.0,7.338242077421455
63863.80623597007,154799.0,89529.0,3826.0,7.34833594547672
63863.816329838126,154844.0,89531.0,3863.0,7.358429813531984
63863.82642370618,154838.0,89517.0,3844.0,7.368523681587249
63863.836517574244,154834.0,89526.0,3837.0,7.378617549649789
63863.8466114423,154846.0,89518.0,3835.0,7.3887114177050535
63863.856705310354,154862.0,89536.0,3853.0,7.398805285760318
63863.86679917841,154845.0,89530.0,3824.0,7.408899153815582
63863.87689304647,154842.0,89524.0,3845.0,7.418993021878123
63863.88698691453,154876.0,89541.0,3856.0,7.429086889933387
63863.89708078258,154864.0,89523.0,3851.0,7.439180757988652
63863.90717465064,154886.0,89539.0,3837.0,7.449274626043916
63863.9172685187,154881.0,89531.0,3843.0,7.459368494106457
63863.927362386756,154880.0,89567.0,3826.0,7.469462362161721
63863.93745625481,154882.0,89538.0,3841.0,7.479556230216986
63863.947550122866,154941.0,89552.0,3878.0,7.48965009827225
63863.95764399093,154933.0,89565.0,3856.0,7.4997439663347905
63863.967737858984,154918.0,89538.0,3848.0,7.509837834390055
63863.97783172704,154953.0,89539.0,3881.0,7.519931702445319
63863.987925595095,154942.0,89548.0,3867.0,7.530025570500584
63863.99801946315,154965.0,89564.0,3862.0,7.540119438555848
63864.00811333121,154958.0,89574.0,3849.0,7.550213306618389
63864.01820719927,155001.0,89580.0,3896.0,7.560307174673653
63864.02830106732,154956.0,89536.0,3870.0,7.570401042728918
63864.03839493538,154987.0,89570.0,3868.0,7.580494910784182
63864.04848880344,155001.0,89547.0,3861.0,7.590588778846723
63864.058582671496,154970.0,89543.0,3862.0,7.600682646901987
63864.06867653955,154946.0,89554.0,3821.0,7.6107765149572515
63864.07877040761,155008.0,89560.0,3882.0,7.620870383012516
63864.08886427567,155031.0,89560.0,3866.0,7.630964251075056
63864.098958143724,155010.0,89567.0,3855.0,7.641058119130321
63864.10905201178,155038.0,89577.0,3874.0,7.651151987185585
63864.119145879835,155041.0,89577.0,3875.0,7.66124585524085
63864.1292397479,154998.0,89597.0,3896.0,7.67133972330339
63864.13933361595,155010.0,89576.0,3862.0,7.681433591358655
63864.14942748401,155064.0,89573.0,3880.0,7.691527459413919
63864.15952135206,155060.0,89578.0,3883.0,7.701621327469184
63864.16961522012,155060.0,89591.0,3863.0,7.711715195524448
63864.17970908818,155086.0,89597.0,3882.0,7.7218090635869885
63864.189802956236,155061.0,89559.0,3879.0,7.731902931642253
63864.19989682429,155034.0,89575.0,3875.0,7.741996799697517
63864.20999069235,155089.0,89593.0,3884.0,7.752090667752782
63864.22008456041,155111.0,89571.0,3902.0,7.762184535815322
63864.230178428465,155075.0,89570.0,3876.0,7.772278403870587
63864.24027229652,155101.0,89589.0,3892.0,7.782372271925851
63864.250366164575,155079.0,89599.0,3905.0,7.792466139981116
63864.26046003264,155084.0,89567.0,3889.0,7.802560008043656
63864.27055390069,155095.0,89622.0,3877.0,7.812653876098921
63864.28064776875,155118.0,89589.0,3896.0,7.822747744154185
63864.2907416368,155105.0,89576.0,3871.0,7.8328416122094495
63864.30083550486,155129.0,89606.0,3884.0,7.842935480264714
63864.31092937292,155159.0,89606.0,3916.0,7.853029348327254
63864.32102324098,155158.0,89602.0,3900.0,7.863123216382519
63864.33111710903,155158.0,89595.0,3873.0,7.873217084437783
63864.34121097709,155170.0,89635.0,3922.0,7.883310952493048
63864.35130484515,155159.0,89601.0,3880.0,7.893404820555588
63864.361398713205,155186.0,89614.0,3904.0,7.903498688610853
63864.37149258126,155213.0,89613.0,3899.0,7.913592556666117
63864.381586449315,155176.0,89593.0,3935.0,7.923686424721382
63864.39168031738,155200.0,89586.0,3901.0,7.933780292783922
63864.40177418543,155210.0,89617.0,3914.0,7.9438741608391865
63864.41186805349,155223.0,89610.0,3902.0,7.953968028894451
63864.421961921544,155193.0,89616.0,3881.0,7.9640618969497154
63864.432055789606,155258.0,89624.0,3899.0,7.974155765012256
63864.44214965766,155243.0,89623.0,3933.0,7.98424963306752
63864.45224352572,155253.0,89628.0,3923.0,7.994343501122785
63864.46233739377,155242.0,89646.0,3914.0,8.00443736917805
63864.47243126183,155234.0,89640.0,3941.0,8.014531237233314
63864.48252512989,155171.0,89621.0,3916.0,8.024625105295854
63864.492618997945,155100.0,89590.0,3904.0,8.034718973351119
63864.502712866,155070.0,89596.0,3879.0,8.044812841406383
63864.512806734056,154957.0,89551.0,3872.0,8.054906709461648
63864.52290060212,154916.0,89537.0,3871.0,8.065000577524188
63864.53299447017,154861.0,89557.0,3867.0,8.075094445579452
63864.54308833823,154846.0,89516.0,3871.0,8.085188313634717
63864.553182206284,154780.0,89501.0,3832.0,8.095282181689981
63864.56327607435,154813.0,89538.0,3860.0,8.105376049752522
63864.5733699424,154798.0,89513.0,3839.0,8.115469917807786
63864.58346381046,154793.0,89506.0,3856.0,8.12556378586305
63864.59355767851,154804.0,89548.0,3849.0,8.135657653918315
63864.603651546575,154789.0,89492.0,3870.0,8.145751521980856
63864.61374541463,154815.0,89523.0,3849.0,8.15584539003612
63864.623839282685,154817.0,89496.0,3846.0,8.165939258091385
63864.63393315074,154857.0,89557.0,3840.0,8.176033126146649
63864.644027018796,154809.0,89512.0,3837.0,8.186126994201913
63864.65412088686,154855.0,89533.0,3842.0,8.196220862264454
63864.664214754914,154845.0,89527.0,3850.0,8.206314730319718
63864.67430862297,154856.0,89532.0,3846.0,8.216408598374983
63864.684402491024,154858.0,89555.0,3867.0,8.226502466430247
63864.69449635909,154850.0,89536.0,3854.0,8.236596334492788
63864.70459022714,154885.0,89575.0,3863.0,8.246690202548052
63864.7146840952,154856.0,89551.0,3850.0,8.256784070603317
63864.72477796325,154877.0,89569.0,3856.0,8.266877938658581
63864.734871831315,154846.0,89528.0,3865.0,8.276971806721122
63864.74496569937,154849.0,89531.0,3860.0,8.287065674776386
63864.755059567426,154859.0,89527.0,3848.0,8.29715954283165
63864.76515343548,154863.0,89524.0,3848.0,8.307253410886915
63864.77524730354,154892.0,89549.0,3856.0,8.317347278949455
63864.7853411716,154853.0,89537.0,3847.0,8.32744114700472
63864.795435039654,154891.0,89531.0,3848.0,8.337535015059984
63864.80552890771,154874.0,89533.0,3844.0,8.347628883115249
63864.815622775764,154873.0,89530.0,3849.0,8.357722751170513
63864.82571664383,154859.0,89552.0,3866.0,8.367816619233054
63864.83581051188,154851.0,89544.0,3863.0,8.377910487288318
63864.84590437994,154849.0,89544.0,3857.0,8.388004355343583
63864.85599824799,154871.0,89545.0,3854.0,8.398098223398847
63864.866092116055,154886.0,89498.0,3894.0,8.408192091461387
63864.87618598411,154843.0,89522.0,3849.0,8.418285959516652
63864.886279852166,154900.0,89545.0,3854.0,8.428379827571916
63864.89637372022,154882.0,89539.0,3853.0,8.43847369562718
63864.906467588284,154886.0,89535.0,3834.0,8.448567563689721
63864.91656145634,154920.0,89566.0,3875.0,8.458661431744986
63864.926655324394,154942.0,89570.0,3880.0,8.46875529980025
63864.93674919245,154932.0,89555.0,3853.0,8.478849167855515
63864.946843060505,154932.0,89551.0,3838.0,8.48894303591078
63864.95693692857,154983.0,89578.0,3888.0,8.49903690397332
63864.96703079662,154958.0,89571.0,3863.0,8.509130772028584
63864.97712466468,154963.0,89551.0,3852.0,8.519224640083848
63864.98721853273,154931.0,89560.0,3852.0,8.529318508139113
63864.997312400796,154946.0,89542.0,3849.0,8.539412376201653
63865.00740626885,154981.0,89554.0,3859.0,8.549506244256918
63865.017500136906,154990.0,89566.0,3882.0,8.559600112312182
63865.02759400496,154978.0,89568.0,3878.0,8.569693980367447
63865.037687873024,154980.0,89566.0,3862.0,8.579787848429987
63865.04778174108,154992.0,89572.0,3866.0,8.589881716485252
63865.057875609134,155044.0,89579.0,3895.0,8.599975584540516
63865.06796947719,155021.0,89571.0,3875.0,8.61006945259578
63865.07806334525,155019.0,89562.0,3869.0,8.620163320658321
63865.08815721331,155067.0,89586.0,3906.0,8.630257188713585
63865.09825108136,155038.0,89577.0,3872.0,8.64035105676885
63865.10834494942,155044.0,89593.0,3887.0,8.650444924824114
63865.11843881747,155068.0,89557.0,3869.0,8.660538792879379
63865.128532685536,155051.0,89574.0,3895.0,8.67063266094192
63865.13862655359,155040.0,89569.0,3842.0,8.680726528997184
63865.14872042165,155049.0,89577.0,3876.0,8.690820397052448
63865.1588142897,155067.0,89610.0,3895.0,8.700914265107713
63865.168908157764,155060.0,89620.0,3896.0,8.711008133170253
63865.17900202582,155085.0,89596.0,3883.0,8.721102001225518
63865.189095893875,155074.0,89586.0,3892.0,8.731195869280782
63865.19918976193,155102.0,89587.0,3886.0,8.741289737336047
63865.20928362999,155112.0,89608.0,3894.0,8.751383605398587
63865.21937749805,155089.0,89577.0,3871.0,8.761477473453851
63865.2294713661,155103.0,89586.0,3890.0,8.771571341509116
63865.23956523416,155103.0,89572.0,3879.0,8.78166520956438
63865.24965910222,155090.0,89606.0,3893.0,8.79175907762692
63865.259752970276,155096.0,89595.0,3877.0,8.801852945682185
63865.26984683833,155113.0,89601.0,3873.0,8.81194681373745
63865.27994070639,155147.0,89630.0,3913.0,8.822040681792714
63865.29003457444,155159.0,89615.0,3911.0,8.832134549847979
63865.300128442505,155169.0,89615.0,3919.0,8.842228417910519
63865.31022231056,155150.0,89606.0,3910.0,8.852322285965784
63865.320316178615,155186.0,89612.0,3918.0,8.862416154021048
63865.33041004667,155175.0,89575.0,3911.0,8.872510022076312
63865.34050391473,155196.0,89646.0,3910.0,8.882603890138853
63865.35059778279,155196.0,89623.0,3909.0,8.892697758194117
63865.36069165084,155185.0,89609.0,3942.0,8.902791626249382
63865.3707855189,155220.0,89618.0,3917.0,8.912885494304646
63865.38087938696,155241.0,89612.0,3937.0,8.922979362367187
63865.39097325502,155221.0,89621.0,3913.0,8.933073230422451
63865.40106712307,155253.0,89640.0,3894.0,8.943167098477716
63865.41116099113,155252.0,89621.0,3921.0,8.95326096653298
63865.42125485919,155212.0,89619.0,3899.0,8.96335483459552
63865.431348727245,155255.0,89622.0,3921.0,8.973448702650785
63865.4414425953,155226.0,89630.0,3900.0,8.98354257070605
63865.451536463355,155262.0,89612.0,3919.0,8.993636438761314
63865.46163033141,155198.0,89624.0,3899.0,9.003730306816578
63865.47172419947,155159.0,89616.0,3908.0,9.013824174879119
63865.48181806753,155095.0,89584.0,3887.0,9.023918042934383
63865.49191193558,155003.0,89573.0,3884.0,9.034011910989648
63865.50200580364,154994.0,89540.0,3912.0,9.044105779044912
63865.5120996717,154917.0,89548.0,3881.0,9.054199647107453
63865.52219353976,154848.0,89507.0,3880.0,9.064293515162717
63865.53228740781,154874.0,89547.0,3876.0,9.074387383217982
63865.54238127587,154817.0,89521.0,3865.0,9.084481251273246
63865.55247514393,154816.0,89535.0,3878.0,9.094575119335786
63865.562569011985,154791.0,89526.0,3867.0,9.104668987391051
63865.57266288004,154859.0,89534.0,3851.0,9.114762855446315
63865.582756748096,154864.0,89552.0,3851.0,9.12485672350158
63865.59285061616,154818.0,89540.0,3827.0,9.13495059156412
63865.60294448421,154864.0,89535.0,3857.0,9.145044459619385
63865.61303835227,154858.0,89516.0,3838.0,9.15513832767465
63865.623132220324,154904.0,89574.0,3872.0,9.165232195729914
63865.63322608838,154889.0,89563.0,3856.0,9.175326063785178
63865.64331995644,154909.0,89558.0,3856.0,9.185419931847719
63865.6534138245,154902.0,89526.0,3862.0,9.195513799902983
63865.66350769255,154947.0,89552.0,3869.0,9.205607667958247
63865.67360156061,154957.0,89597.0,3854.0,9.215701536013512
63865.68369542867,154915.0,89555.0,3864.0,9.225795404076052
63865.693789296725,154927.0,89533.0,3869.0,9.235889272131317
63865.70388316478,154938.0,89565.0,3865.0,9.245983140186581
63865.713977032836,154969.0,89560.0,3852.0,9.256077008241846
63865.7240709009,154951.0,89549.0,3860.0,9.266170876304386
63865.73416476895,154948.0,89546.0,3887.0,9.27626474435965
63865.74425863701,154984.0,89561.0,3879.0,9.286358612414915
63865.754352505064,154954.0,89568.0,3865.0,9.29645248047018
63865.76444637313,154955.0,89557.0,3863.0,9.30654634853272
63865.77454024118,154960.0,89554.0,3865.0,9.316640216587984
63865.78463410924,154917.0,89531.0,3858.0,9.326734084643249
63865.79472797729,154917.0,89557.0,3857.0,9.336827952698513
63865.80482184535,154888.0,89535.0,3846.0,9.346921820753778
63865.81491571341,154912.0,89543.0,3873.0,9.357015688816318
63865.825009581466,154890.0,89549.0,3844.0,9.367109556871583
63865.83510344952,154893.0,89535.0,3849.0,9.377203424926847
63865.845197317576,154932.0,89571.0,3865.0,9.387297292982112
63865.85529118564,154950.0,89567.0,3850.0,9.397391161044652
63865.865385053694,154929.0,89545.0,3869.0,9.407485029099917
63865.87547892175,154958.0,89578.0,3861.0,9.417578897155181
63865.885572789804,154962.0,89565.0,3865.0,9.427672765210446
63865.89566665787,154961.0,89558.0,3869.0,9.437766633272986
63865.90576052592,155013.0,89607.0,3879.0,9.44786050132825
63865.91585439398,155022.0,89589.0,3895.0,9.457954369383515
63865.92594826203,155004.0,89569.0,3873.0,9.46804823743878
63865.93604213009,154975.0,89531.0,3859.0,9.478142105494044
63865.94613599815,155019.0,89565.0,3881.0,9.488235973556584
63865.956229866206,155009.0,89575.0,3862.0,9.498329841611849
63865.96632373426,155037.0,89584.0,3893.0,9.508423709667113
63865.976417602316,155077.0,89591.0,3904.0,9.518517577722378
63865.98651147038,155038.0,89563.0,3880.0,9.528611445784918
63865.996605338434,155068.0,89577.0,3883.0,9.538705313840182
63866.00669920649,155079.0,89601.0,3892.0,9.548799181895447
63866.016793074545,155052.0,89595.0,3896.0,9.558893049950711
63866.02688694261,155074.0,89584.0,3893.0,9.568986918013252
63866.03698081066,155073.0,89565.0,3885.0,9.579080786068516
63866.04707467872,155108.0,89600.0,3896.0,9.58917465412378
63866.05716854677,155087.0,89578.0,3886.0,9.599268522179045
63866.067262414836,155083.0,89588.0,3900.0,9.609362390241586
63866.07735628289,155074.0,89569.0,3897.0,9.61945625829685
63866.087450150946,155111.0,89595.0,3895.0,9.629550126352115
63866.097544019,155098.0,89598.0,3900.0,9.639643994407379
63866.10763788706,155140.0,89596.0,3924.0,9.649737862462644
63866.11773175512,155130.0,89627.0,3925.0,9.659831730525184
63866.127825623174,155127.0,89603.0,3916.0,9.669925598580448
63866.13791949123,155149.0,89622.0,3907.0,9.680019466635713
63866.148013359285,155168.0,89645.0,3924.0,9.690113334690977
63866.15810722735,155128.0,89634.0,3911.0,9.700207202753518
63866.1682010954,155127.0,89600.0,3913.0,9.710301070808782
63866.17829496346,155170.0,89611.0,3906.0,9.720394938864047
63866.18838883151,155147.0,89616.0,3904.0,9.730488806919311
63866.198482699576,155192.0,89634.0,3931.0,9.740582674981852
63866.20857656763,155120.0,89587.0,3875.0,9.750676543037116
63866.21867043569,155182.0,89615.0,3916.0,9.76077041109238
63866.22876430374,155180.0,89608.0,3893.0,9.770864279147645
63866.238858171804,155171.0,89620.0,3904.0,9.780958147210185
63866.24895203986,155211.0,89637.0,3884.0,9.79105201526545
63866.259045907915,155207.0,89622.0,3908.0,9.801145883320714
63866.26913977597,155219.0,89638.0,3951.0,9.811239751375979
63866.279233644025,155236.0,89616.0,3901.0,9.821333619431243
63866.28932751209,155235.0,89647.0,3935.0,9.831427487493784
63866.29942138014,155243.0,89633.0,3918.0,9.841521355549048
63866.3095152482,155262.0,89623.0,3897.0,9.851615223604313
63866.31960911625,155286.0,89651.0,3909.0,9.861709091659577
63866.329702984316,155261.0,89619.0,3912.0,9.871802959722118
63866.33979685237,155272.0,89625.0,3928.0,9.881896827777382
63866.34989072043,155313.0,89615.0,3945.0,9.891990695832646
63866.35998458848,155295.0,89630.0,3949.0,9.902084563887911
63866.370078456544,155272.0,89651.0,3900.0,9.912178431950451
63866.3801723246,155311.0,89646.0,3927.0,9.922272300005716
63866.390266192655,155341.0,89658.0,3927.0,9.93236616806098
63866.40036006071,155322.0,89652.0,3927.0,9.942460036116245
63866.41045392877,155329.0,89661.0,3928.0,9.952553904178785
63866.42054779683,155290.0,89646.0,3914.0,9.96264777223405
63866.43064166488,155241.0,89628.0,3906.0,9.972741640289314
63866.44073553294,155153.0,89603.0,3933.0,9.982835508344579
63866.450829400994,155097.0,89600.0,3926.0,9.992929376399843
63866.46092326906,155023.0,89583.0,3903.0,10.003023244462383
63866.47101713711,154947.0,89546.0,3880.0,10.013117112517648
63866.48111100517,154935.0,89569.0,3898.0,10.023210980572912
63866.49120487322,154899.0,89536.0,3873.0,10.033304848628177
63866.501298741285,154857.0,89540.0,3865.0,10.043398716690717
63866.51139260934,154857.0,89520.0,3873.0,10.053492584745982
63866.521486477395,154851.0,89558.0,3857.0,10.063586452801246
63866.53158034545,154825.0,89519.0,3841.0,10.07368032085651
63866.54167421351,154863.0,89536.0,3862.0,10.083774188919051
63866.55176808157,154864.0,89547.0,3855.0,10.093868056974316
63866.56186194962,154879.0,89525.0,3863.0,10.10396192502958
63866.57195581768,154888.0,89525.0,3859.0,10.114055793084844
63866.582049685734,154895.0,89552.0,3857.0,10.124149661140109
63866.5921435538,154879.0,89578.0,3883.0,10.13424352920265
63866.60223742185,154891.0,89559.0,3874.0,10.144337397257914
63866.61233128991,154916.0,89554.0,3879.0,10.154431265313178
63866.62242515796,154902.0,89539.0,3862.0,10.164525133368443
63866.632519026025,154890.0,89544.0,3847.0,10.174619001430983
63866.64261289408,154909.0,89532.0,3874.0,10.184712869486248
63866.652706762135,154864.0,89525.0,3862.0,10.194806737541512
63866.66280063019,154895.0,89549.0,3851.0,10.204900605596777
63866.67289449825,154875.0,89561.0,3868.0,10.214994473659317
63866.68298836631,154943.0,89572.0,3878.0,10.225088341714581
63866.693082234364,154907.0,89540.0,3840.0,10.235182209769846
63866.70317610242,154928.0,89563.0,3882.0,10.24527607782511
63866.71326997048,154926.0,89584.0,3862.0,10.25536994588765
63866.72336383854,154908.0,89537.0,3853.0,10.265463813942915
63866.73345770659,154892.0,89563.0,3868.0,10.27555768199818
63866.74355157465,154915.0,89585.0,3851.0,10.285651550053444
63866.7536454427,154892.0,89540.0,3856.0,10.295745418108709
63866.763739310765,154923.0,89571.0,3846.0,10.30583928617125
63866.77383317882,154927.0,89557.0,3855.0,10.315933154226514
63866.783927046876,154870.0,89542.0,3858.0,10.326027022281778
63866.79402091493,154908.0,89556.0,3860.0,10.336120890337043
63866.80411478299,154857.0,89552.0,3854.0,10.346214758399583
63866.81420865105,154941.0,89549.0,3895.0,10.356308626454847
63866.824302519104,154918.0,89545.0,3835.0,10.366402494510112
63866.83439638716,154909.0,89557.0,3859.0,10.376496362565376
63866.84449025522,154937.0,89558.0,3874.0,10.386590230627917
63866.85458412328,154917.0,89552.0,3851.0,10.396684098683181
63866.86467799133,154949.0,89552.0,3841.0,10.406777966738446
63866.87477185939,154930.0,89543.0,3853.0,10.41687183479371
63866.88486572745,154959.0,89568.0,3845.0,10.42696570285625
63866.894959595505,154957.0,89552.0,3861.0,10.437059570911515
63866.90505346356,154979.0,89553.0,3866.0,10.44715343896678
63866.915147331616,155005.0,89587.0,3879.0,10.457247307022044
63866.92524119967,155006.0,89578.0,3867.0,10.467341175077308
63866.935335067734,155038.0,89611.0,3897.0,10.477435043139849
63866.94542893579,155008.0,89568.0,3846.0,10.487528911195113
63866.955522803844,155028.0,89588.0,3884.0,10.497622779250378
63866.9656166719,155061.0,89616.0,3857.0,10.507716647305642
63866.97571053996,155040.0,89569.0,3860.0,10.517810515368183
63866.98580440802,155055.0,89590.0,3882.0,10.527904383423447
63866.99589827607,155061.0,89591.0,3877.0,10.537998251478712
63867.00599214413,155044.0,89579.0,3845.0,10.548092119533976
63867.01608601219,155041.0,89577.0,3878.0,10.558185987596516
63867.026179880246,155088.0,89608.0,3879.0,10.568279855651781
63867.0362737483,155072.0,89595.0,3885.0,10.578373723707045
63867.046367616356,155054.0,89583.0,3895.0,10.58846759176231
63867.05646148442,155094.0,89607.0,3887.0,10.59856145982485
63867.066555352474,155067.0,89584.0,3866.0,10.608655327880115
63867.07664922053,155090.0,89595.0,3893.0,10.61874919593538
63867.086743088585,155109.0,89582.0,3890.0,10.628843063990644
63867.09683695664,155082.0,89584.0,3905.0,10.638936932045908
63867.1069308247,155105.0,89581.0,3879.0,10.649030800108449
63867.11702469276,155117.0,89605.0,3889.0,10.659124668163713
63867.12711856081,155124.0,89613.0,3892.0,10.669218536218978
63867.13721242887,155102.0,89579.0,3893.0,10.679312404274242
63867.14730629693,155107.0,89587.0,3892.0,10.689406272336782
63867.157400164986,155140.0,89604.0,3892.0,10.699500140392047
63867.16749403304,155164.0,89641.0,3903.0,10.709594008447311
63867.1775879011,155122.0,89607.0,3906.0,10.719687876502576
63867.18768176916,155184.0,89612.0,3917.0,10.729781744565116
63867.197775637214,155164.0,89617.0,3906.0,10.73987561262038
63867.20786950527,155130.0,89592.0,3900.0,10.749969480675645
63867.217963373325,155190.0,89604.0,3901.0,10.76006334873091
63867.22805724139,155172.0,89638.0,3923.0,10.77015721679345
63867.23815110944,155191.0,89621.0,3894.0,10.780251084848715
63867.2482449775,155178.0,89621.0,3917.0,10.790344952903979
63867.25833884555,155219.0,89634.0,3922.0,10.800438820959243
63867.26843271361,155199.0,89618.0,3896.0,10.810532689014508
63867.27852658167,155246.0,89607.0,3934.0,10.820626557077048
63867.288620449726,155201.0,89598.0,3919.0,10.830720425132313
63867.29871431778,155246.0,89656.0,3946.0,10.840814293187577
63867.30880818584,155213.0,89632.0,3918.0,10.850908161242842
63867.3189020539,155275.0,89635.0,3944.0,10.861002029305382
63867.328995921955,155254.0,89655.0,3921.0,10.871095897360647
63867.33908979001,155256.0,89608.0,3921.0,10.881189765415911
63867.349183658065,155305.0,89640.0,3928.0,10.891283633471176
63867.35927752613,155274.0,89644.0,3932.0,10.901377501533716
63867.36937139418,155272.0,89644.0,3925.0,10.91147136958898
63867.37946526224,155268.0,89665.0,3913.0,10.921565237644245
63867.38955913029,155314.0,89619.0,3943.0,10.93165910569951
63867.399652998356,155255.0,89637.0,3910.0,10.94175297376205
63867.40974686641,155200.0,89642.0,3920.0,10.951846841817314
63867.41984073447,155147.0,89625.0,3931.0,10.961940709872579
63867.42993460252,155060.0,89576.0,3903.0,10.972034577927843
63867.44002847058,154981.0,89571.0,3881.0,10.982128445983108
63867.45012233864,154965.0,89559.0,3888.0,10.992222314045648
63867.460216206695,154932.0,89540.0,3906.0,11.002316182100913
63867.47031007475,154880.0,89536.0,3840.0,11.012410050156177
63867.480403942805,154846.0,89529.0,3854.0,11.022503918211441
63867.49049781087,154836.0,89533.0,3859.0,11.032597786273982
63867.50059167892,154825.0,89509.0,3859.0,11.042691654329246
63867.51068554698,154833.0,89548.0,3883.0,11.05278552238451
63867.520779415034,154812.0,89522.0,3831.0,11.062879390439775
63867.530873283096,154849.0,89531.0,3857.0,11.072973258502316
63867.54096715115,154847.0,89559.0,3847.0,11.08306712655758
63867.55106101921,154869.0,89545.0,3871.0,11.093160994612845
63867.56115488726,154831.0,89517.0,3830.0,11.10325486266811
63867.571248755325,154864.0,89530.0,3859.0,11.11334873073065
63867.58134262338,154842.0,89565.0,3843.0,11.123442598785914
63867.591436491435,154847.0,89522.0,3840.0,11.133536466841178
63867.60153035949,154883.0,89570.0,3832.0,11.143630334896443
63867.611624227546,154869.0,89547.0,3849.0,11.153724202951707
63867.62171809561,154850.0,89537.0,3893.0,11.163818071014248
63867.63181196366,154870.0,89545.0,3843.0,11.173911939069512
63867.64190583172,154879.0,89572.0,3875.0,11.184005807124777
63867.651999699774,154895.0,89556.0,3857.0,11.194099675180041
63867.66209356784,154905.0,89555.0,3847.0,11.204193543242582
63867.67218743589,154930.0,89552.0,3845.0,11.214287411297846
63867.68228130395,154889.0,89521.0,3824.0,11.22438127935311
63867.692375172,154900.0,89561.0,3855.0,11.234475147408375
63867.702469040065,154899.0,89538.0,3853.0,11.244569015470915
63867.71256290812,154911.0,89549.0,3869.0,11.25466288352618
63867.722656776175,154890.0,89554.0,3842.0,11.264756751581444
63867.73275064423,154911.0,89570.0,3857.0,11.274850619636709
63867.742844512286,154925.0,89549.0,3843.0,11.284944487691973
63867.75293838035,154875.0,89545.0,3863.0,11.295038355754514
63867.763032248404,154876.0,89551.0,3853.0,11.305132223809778
63867.77312611646,154891.0,89556.0,3853.0,11.315226091865043
63867.783219984514,154907.0,89588.0,3855.0,11.325319959920307
63867.79331385258,154909.0,89549.0,3858.0,11.335413827982848
63867.80340772063,154905.0,89586.0,3871.0,11.345507696038112
63867.81350158869,154926.0,89538.0,3877.0,11.355601564093377
63867.82359545674,154899.0,89534.0,3873.0,11.365695432148641
63867.833689324805,154924.0,89569.0,3854.0,11.375789300211181
63867.84378319286,154929.0,89554.0,3849.0,11.385883168266446
63867.853877060916,154916.0,89567.0,3840.0,11.39597703632171
63867.86397092897,154951.0,89539.0,3871.0,11.406070904376975
63867.87406479703,154991.0,89583.0,3848.0,11.416164772439515
63867.88415866509,154965.0,89553.0,3838.0,11.42625864049478
63867.894252533144,154998.0,89576.0,3878.0,11.436352508550044
63867.9043464012,154986.0,89603.0,3869.0,11.446446376605309
63867.914440269255,154973.0,89562.0,3863.0,11.456540244660573
63867.92453413732,154996.0,89541.0,3867.0,11.466634112723114
63867.93462800537,155019.0,89605.0,3875.0,11.476727980778378
63867.94472187343,154998.0,89569.0,3854.0,11.486821848833642
63867.95481574148,155002.0,89571.0,3869.0,11.496915716888907
63867.964909609545,155023.0,89601.0,3875.0,11.507009584951447
63867.9750034776,155011.0,89567.0,3873.0,11.517103453006712
63867.985097345656,155032.0,89590.0,3884.0,11.527197321061976
63867.99519121371,155048.0,89599.0,3907.0,11.53729118911724
63868.005285081774,155066.0,89619.0,3906.0,11.547385057179781
63868.01537894983,155026.0,89589.0,3865.0,11.557478925235046
63868.025472817884,155056.0,89591.0,3889.0,11.56757279329031
63868.03556668594,155065.0,89594.0,3900.0,11.577666661345575
63868.045660554,155046.0,89564.0,3872.0,11.587760529408115
63868.05575442206,155057.0,89564.0,3882.0,11.59785439746338
63868.06584829011,155061.0,89588.0,3889.0,11.607948265518644
63868.07594215817,155048.0,89614.0,3883.0,11.618042133573908
63868.08603602622,155033.0,89585.0,3873.0,11.628136001629173
63868.096129894286,155099.0,89576.0,3886.0,11.638229869691713
63868.10622376234,155080.0,89591.0,3894.0,11.648323737746978
63868.116317630396,155112.0,89605.0,3872.0,11.658417605802242
63868.12641149845,155111.0,89591.0,3893.0,11.668511473857507
63868.136505366514,155127.0,89616.0,3918.0,11.678605341920047
63868.14659923457,155105.0,89611.0,3885.0,11.688699209975312
63868.156693102625,155102.0,89599.0,3898.0,11.698793078030576
63868.16678697068,155119.0,89616.0,3892.0,11.70888694608584
63868.17688083874,155119.0,89598.0,3894.0,11.71898081414838
63868.1869747068,155133.0,89617.0,3904.0,11.729074682203645
63868.19706857485,155134.0,89608.0,3931.0,11.73916855025891
63868.20716244291,155119.0,89595.0,3871.0,11.749262418314174
63868.21725631096,155169.0,89633.0,3912.0,11.759356286369439
63868.227350179026,155162.0,89606.0,3897.0,11.76945015443198
63868.23744404708,155192.0,89609.0,3917.0,11.779544022487244
63868.24753791514,155166.0,89588.0,3897.0,11.789637890542508
63868.25763178319,155206.0,89631.0,3911.0,11.799731758597773
63868.267725651254,155184.0,89624.0,3906.0,11.809825626660313
63868.27781951931,155178.0,89608.0,3926.0,11.819919494715577
63868.287913387365,155242.0,89642.0,3926.0,11.830013362770842
63868.29800725542,155194.0,89621.0,3898.0,11.840107230826106
63868.30810112348,155219.0,89629.0,3901.0,11.850201098888647
63868.31819499154,155254.0,89657.0,3929.0,11.860294966943911
63868.32828885959,155240.0,89640.0,3924.0,11.870388834999176
63868.33838272765,155216.0,89628.0,3908.0,11.88048270305444
63868.34847659571,155255.0,89625.0,3918.0,11.89057657111698
63868.358570463766,155237.0,89638.0,3916.0,11.900670439172245
63868.36866433182,155272.0,89624.0,3943.0,11.91076430722751
63868.37875819988,155258.0,89631.0,3895.0,11.920858175282774
63868.38885206793,155274.0,89635.0,3956.0,11.930952043338038
63868.398945935995,155264.0,89654.0,3920.0,11.941045911400579
63868.40903980405,155226.0,89628.0,3916.0,11.951139779455843
63868.419133672105,155200.0,89610.0,3937.0,11.961233647511108
63868.42922754016,155127.0,89601.0,3894.0,11.971327515566372
63868.43932140822,155053.0,89571.0,3899.0,11.981421383628913
63868.44941527628,154987.0,89573.0,3869.0,11.991515251684177
63868.45950914433,154939.0,89580.0,3889.0,12.001609119739442
63868.46960301239,154874.0,89525.0,3849.0,12.011702987794706
63868.47969688045,154875.0,89567.0,3865.0,12.021796855857247
63868.48979074851,154822.0,89514.0,3837.0,12.031890723912511
63868.49988461656,154791.0,89508.0,3844.0,12.041984591967775
63868.50997848462,154823.0,89543.0,3829.0,12.05207846002304
63868.52007235268,154829.0,89524.0,3863.0,12.06217232808558
63868.530166220735,154804.0,89527.0,3852.0,12.072266196140845
63868.54026008879,154817.0,89507.0,3824.0,12.08236006419611
63868.550353956845,154836.0,89551.0,3881.0,12.092453932251374
63868.5604478249,154858.0,89538.0,3855.0,12.102547800306638
63868.57054169296,154845.0,89543.0,3818.0,12.112641668369179
63868.58063556102,154880.0,89572.0,3853.0,12.122735536424443
63868.590729429074,154853.0,89559.0,3874.0,12.132829404479708
63868.60082329713,154881.0,89538.0,3857.0,12.142923272534972
63868.61091716519,154900.0,89573.0,3870.0,12.153017140597512
63868.62101103325,154851.0,89522.0,3842.0,12.163111008652777
63868.6311049013,154820.0,89532.0,3828.0,12.173204876708041
63868.64119876936,154853.0,89533.0,3846.0,12.183298744763306
63868.65129263742,154876.0,89566.0,3852.0,12.193392612825846
63868.661386505475,154884.0,89538.0,3856.0,12.20348648088111
63868.67148037353,154874.0,89561.0,3854.0,12.213580348936375
63868.681574241586,154889.0,89551.0,3858.0,12.22367421699164
63868.69166810965,154894.0,89543.0,3838.0,12.23376808505418
63868.7017619777,154860.0,89539.0,3840.0,12.243861953109445
63868.71185584576,154924.0,89588.0,3873.0,12.253955821164709
63868.721949713814,154902.0,89563.0,3850.0,12.264049689219974
63868.73204358187,154853.0,89560.0,3828.0,12.274143557275238
63868.74213744993,154862.0,89533.0,3883.0,12.284237425337778
63868.75223131799,154874.0,89569.0,3864.0,12.294331293393043
63868.76232518604,154867.0,89550.0,3851.0,12.304425161448307
63868.7724190541,154869.0,89538.0,3840.0,12.314519029503572
63868.78251292216,154867.0,89557.0,3845.0,12.324612897566112
63868.792606790215,154863.0,89555.0,3821.0,12.334706765621377
63868.80270065827,154882.0,89546.0,3853.0,12.344800633676641
63868.812794526326,154926.0,89550.0,3876.0,12.354894501731906
63868.82288839439,154903.0,89556.0,3829.0,12.364988369794446
63868.832982262444,154898.0,89545.0,3836.0,12.37508223784971
63868.8430761305,154921.0,89557.0,3857.0,12.385176105904975
63868.853169998554,154899.0,89550.0,3849.0,12.39526997396024
63868.86326386662,154920.0,89576.0,3836.0,12.40536384202278
63868.87335773467,154946.0,89575.0,3854.0,12.415457710078044
63868.88345160273,154931.0,89557.0,3884.0,12.425551578133309
63868.89354547078,154913.0,89537.0,3865.0,12.435645446188573
63868.90363933884,154977.0,89567.0,3864.0,12.445739314243838
63868.9137332069,154956.0,89572.0,3864.0,12.455833182306378
63868.923827074956,154990.0,89578.0,3868.0,12.465927050361643
63868.93392094301,155008.0,89598.0,3875.0,12.476020918416907
63868.944014811066,154998.0,89596.0,3877.0,12.486114786472172
63868.95410867913,155006.0,89566.0,3884.0,12.496208654534712
63868.964202547184,154993.0,89582.0,3863.0,12.506302522589976
63868.97429641524,154993.0,89561.0,3877.0,12.516396390645241
63868.984390283294,155022.0,89589.0,3867.0,12.526490258700505
63868.99448415136,155018.0,89583.0,3848.0,12.536584126763046
63869.00457801941,155005.0,89585.0,3869.0,12.54667799481831
63869.01467188747,155003.0,89566.0,3909.0,12.556771862873575
63869.02476575552,155023.0,89569.0,3884.0,12.56686573092884
63869.034859623585,155051.0,89607.0,3886.0,12.57695959899138
63869.04495349164,155069.0,89620.0,3871.0,12.587053467046644
63869.055047359696,155037.0,89598.0,3884.0,12.597147335101909
63869.06514122775,155065.0,89611.0,3887.0,12.607241203157173
63869.07523509581,155035.0,89606.0,3877.0,12.617335071212437
63869.08532896387,155066.0,89594.0,3863.0,12.627428939274978
63869.095422831924,155060.0,89593.0,3882.0,12.637522807330242
63869.10551669998,155062.0,89612.0,3862.0,12.647616675385507
63869.115610568035,155064.0,89581.0,3864.0,12.657710543440771
63869.1257044361,155081.0,89581.0,3891.0,12.667804411503312
63869.13579830415,155090.0,89597.0,3886.0,12.677898279558576
63869.14589217221,155108.0,89602.0,3909.0,12.68799214761384
63869.15598604026,155092.0,89594.0,3894.0,12.698086015669105
63869.166079908326,155069.0,89577.0,3881.0,12.708179883731646
63869.17617377638,155105.0,89609.0,3890.0,12.71827375178691
63869.186267644436,155138.0,89620.0,3862.0,12.728367619842174
63869.19636151249,155102.0,89628.0,3910.0,12.738461487897439
63869.206455380554,155120.0,89625.0,3903.0,12.74855535595998
63869.21654924861,155130.0,89609.0,3902.0,12.758649224015244
63869.226643116664,155151.0,89606.0,3868.0,12.768743092070508
63869.23673698472,155146.0,89624.0,3906.0,12.778836960125773
63869.246830852775,155162.0,89628.0,3903.0,12.788930828181037
63869.25692472084,155168.0,89621.0,3911.0,12.799024696243578
63869.26701858889,155161.0,89604.0,3899.0,12.809118564298842
63869.27711245695,155197.0,89656.0,3909.0,12.819212432354107
63869.287206325,155150.0,89585.0,3878.0,12.829306300409371
63869.297300193066,155173.0,89621.0,3904.0,12.839400168471911
63869.30739406112,155180.0,89593.0,3910.0,12.849494036527176
63869.31748792918,155182.0,89640.0,3908.0,12.85958790458244
63869.32758179723,155160.0,89610.0,3890.0,12.869681772637705
63869.337675665294,155203.0,89619.0,3910.0,12.879775640700245
63869.34776953335,155213.0,89632.0,3929.0,12.88986950875551
63869.357863401405,155176.0,89606.0,3922.0,12.899963376810774
63869.36795726946,155218.0,89629.0,3914.0,12.910057244866039
63869.378051137515,155224.0,89632.0,3911.0,12.920151112921303
63869.38814500558,155249.0,89644.0,3933.0,12.930244980983844
63869.39823887363,155201.0,89623.0,3917.0,12.940338849039108
63869.40833274169,155233.0,89644.0,3939.0,12.950432717094372
63869.41842660974,155191.0,89646.0,3913.0,12.960526585149637
63869.428520477806,155163.0,89612.0,3913.0,12.970620453212177
63869.43861434586,155089.0,89595.0,3895.0,12.980714321267442
63869.44870821392,155048.0,89581.0,3910.0,12.990808189322706
63869.45880208197,154998.0,89574.0,3868.0,13.00090205737797
63869.468895950034,154934.0,89562.0,3897.0,13.010995925440511
63869.47898981809,154896.0,89569.0,3904.0,13.021089793495776
63869.489083686145,154855.0,89540.0,3840.0,13.03118366155104
63869.4991775542,154832.0,89530.0,3868.0,13.041277529606305
63869.50927142226,154801.0,89493.0,3851.0,13.051371397668845
63869.51936529032,154777.0,89513.0,3847.0,13.06146526572411
63869.52945915837,154807.0,89517.0,3847.0,13.071559133779374
63869.53955302643,154794.0,89535.0,3842.0,13.081653001834638
63869.549646894484,154792.0,89494.0,3855.0,13.091746869889903
63869.55974076255,154807.0,89530.0,3838.0,13.101840737952443
63869.5698346306,154834.0,89547.0,3843.0,13.111934606007708
63869.57992849866,154794.0,89525.0,3862.0,13.122028474062972
63869.59002236671,154829.0,89536.0,3851.0,13.132122342118237
63869.600116234775,154789.0,89540.0,3850.0,13.142216210180777
63869.61021010283,154855.0,89514.0,3857.0,13.152310078236042
63869.620303970885,154803.0,89538.0,3852.0,13.162403946291306
63869.63039783894,154818.0,89536.0,3850.0,13.17249781434657
63869.640491707,154790.0,89530.0,3856.0,13.182591682409111
63869.65058557506,154783.0,89518.0,3843.0,13.192685550464375
63869.66067944311,154762.0,89556.0,3853.0,13.20277941851964
63869.67077331117,154815.0,89539.0,3849.0,13.212873286574904
63869.68086717923,154809.0,89529.0,3825.0,13.222967154637445
63869.69096104729,154809.0,89539.0,3822.0,13.23306102269271
63869.70105491534,154828.0,89545.0,3854.0,13.243154890747974
63869.7111487834,154831.0,89546.0,3841.0,13.253248758803238
63869.72124265145,154803.0,89553.0,3836.0,13.263342626858503
63869.731336519515,154832.0,89560.0,3858.0,13.273436494921043
63869.74143038757,154858.0,89553.0,3853.0,13.283530362976308
63869.751524255626,154811.0,89547.0,3845.0,13.293624231031572
63869.76161812368,154829.0,89553.0,3818.0,13.303718099086836
63869.77171199174,154787.0,89548.0,3856.0,13.313811967149377
63869.7818058598,154794.0,89534.0,3810.0,13.323905835204641
63869.791899727854,154796.0,89539.0,3836.0,13.333999703259906
63869.80199359591,154819.0,89561.0,3843.0,13.34409357131517
63869.81208746397,154771.0,89523.0,3802.0,13.35418743937771
63869.82218133203,154824.0,89555.0,3873.0,13.364281307432975
63869.83227520008,154801.0,89529.0,3840.0,13.37437517548824
63869.84236906814,154775.0,89546.0,3840.0,13.384469043543504
63869.8524629362,154811.0,89519.0,3838.0,13.394562911606045
63869.862556804255,154830.0,89529.0,3859.0,13.404656779661309
63869.87265067231,154830.0,89545.0,3849.0,13.414750647716573
63869.882744540366,154823.0,89536.0,3827.0,13.424844515771838
63869.89283840842,154863.0,89574.0,3862.0,13.434938383827102
63869.90293227648,154841.0,89555.0,3825.0,13.445032251889643
63869.91302614454,154857.0,89540.0,3854.0,13.455126119944907
63869.923120012594,154862.0,89546.0,3843.0,13.465219988000172
63869.93321388065,154879.0,89522.0,3839.0,13.475313856055436
63869.94330774871,154868.0,89534.0,3839.0,13.485407724117977
63869.95340161677,154891.0,89565.0,3853.0,13.495501592173241
63869.96349548482,154867.0,89559.0,3874.0,13.505595460228506
63869.97358935288,154875.0,89537.0,3841.0,13.51568932828377
63869.98368322094,154901.0,89568.0,3852.0,13.52578319634631
63869.993777088996,154901.0,89554.0,3855.0,13.535877064401575
63870.00387095705,154880.0,89546.0,3860.0,13.54597093245684
63870.013964825106,154895.0,89554.0,3856.0,13.556064800512104
63870.02405869316,154876.0,89534.0,3878.0,13.566158668567368
63870.034152561224,154907.0,89558.0,3851.0,13.576252536629909
63870.04424642928,154908.0,89553.0,3876.0,13.586346404685173
63870.054340297334,154935.0,89573.0,3884.0,13.596440272740438
63870.06443416539,154896.0,89548.0,3862.0,13.606534140795702
63870.07452803345,154904.0,89557.0,3860.0,13.616628008858243
63870.08462190151,154948.0,89572.0,3859.0,13.626721876913507
63870.09471576956,154905.0,89542.0,3866.0,13.636815744968771
63870.10480963762,154896.0,89551.0,3848.0,13.646909613024036
63870.11490350568,154948.0,89556.0,3880.0,13.657003481086576
63870.124997373736,154930.0,89581.0,3863.0,13.66709734914184
63870.13509124179,154921.0,89563.0,3857.0,13.677191217197105
63870.145185109846,154966.0,89573.0,3882.0,13.68728508525237
63870.15527897791,154957.0,89553.0,3883.0,13.69737895331491
63870.165372845964,154960.0,89574.0,3870.0,13.707472821370175
63870.17546671402,154929.0,89577.0,3844.0,13.717566689425439
63870.185560582075,154997.0,89591.0,3889.0,13.727660557480704
63870.19565445013,154961.0,89572.0,3854.0,13.737754425535968
63870.20574831819,154966.0,89587.0,3879.0,13.747848293598508
63870.21584218625,155018.0,89587.0,3888.0,13.757942161653773
63870.2259360543,154948.0,89551.0,3865.0,13.768036029709037
63870.23602992236,154956.0,89599.0,3874.0,13.778129897764302
63870.24612379042,154999.0,89588.0,3866.0,13.788223765826842
63870.256217658476,154992.0,89569.0,3852.0,13.798317633882107
63870.26631152653,154994.0,89587.0,3884.0,13.808411501937371
63870.27640539459,155031.0,89598.0,3905.0,13.818505369992636
63870.28649926265,155017.0,89581.0,3878.0,13.828599238055176
63870.296593130704,154973.0,89563.0,3864.0,13.83869310611044
63870.30668699876,154989.0,89620.0,3897.0,13.848786974165705
63870.316780866815,155057.0,89582.0,3878.0,13.85888084222097
63870.32687473488,155048.0,89587.0,3885.0,13.86897471028351
63870.33696860293,155048.0,89593.0,3863.0,13.879068578338774
63870.34706247099,155062.0,89609.0,3899.0,13.889162446394039
63870.35715633904,154988.0,89574.0,3864.0,13.899256314449303
63870.3672502071,155050.0,89591.0,3894.0,13.909350182504568
63870.37734407516,155039.0,89616.0,3905.0,13.919444050567108
63870.387437943216,155042.0,89614.0,3889.0,13.929537918622373
63870.39753181127,155060.0,89594.0,3879.0,13.939631786677637
63870.40762567933,155057.0,89586.0,3887.0,13.949725654732902
63870.41771954739,155016.0,89570.0,3909.0,13.959819522795442
63870.427813415445,154971.0,89570.0,3872.0,13.969913390850706
63870.4379072835,154961.0,89576.0,3897.0,13.980007258905971
63870.448001151555,154880.0,89548.0,3868.0,13.990101126961235
63870.45809501962,154811.0,89535.0,3862.0,14.000194995023776
63870.46818888767,154811.0,89556.0,3839.0,14.01028886307904
63870.47828275573,154749.0,89526.0,3853.0,14.020382731134305
63870.48837662378,154680.0,89480.0,3825.0,14.03047659918957
63870.498470491846,154703.0,89491.0,3823.0,14.04057046725211
63870.5085643599,154701.0,89498.0,3852.0,14.050664335307374
63870.51865822796,154653.0,89493.0,3810.0,14.060758203362639
63870.52875209601,154684.0,89506.0,3816.0,14.070852071417903
63870.53884596407,154703.0,89532.0,3837.0,14.080945939473168
63870.54893983213,154673.0,89499.0,3807.0,14.091039807535708
63870.559033700185,154707.0,89529.0,3839.0,14.101133675590972
63870.56912756824,154696.0,89511.0,3820.0,14.111227543646237
63870.579221436295,154713.0,89498.0,3828.0,14.121321411701501
63870.58931530436,154688.0,89515.0,3805.0,14.131415279764042
63870.59940917241,154725.0,89535.0,3819.0,14.141509147819306
63870.60950304047,154700.0,89519.0,3796.0,14.15160301587457
63870.619596908524,154703.0,89505.0,3840.0,14.161696883929835
63870.629690776586,154694.0,89530.0,3820.0,14.171790751992376
63870.63978464464,154677.0,89480.0,3810.0,14.18188462004764
63870.6498785127,154687.0,89518.0,3806.0,14.191978488102905
63870.65997238075,154690.0,89495.0,3809.0,14.202072356158169
63870.670066248815,154696.0,89499.0,3821.0,14.21216622422071
63870.68016011687,154688.0,89499.0,3809.0,14.222260092275974
63870.690253984925,154721.0,89525.0,3839.0,14.232353960331238
63870.70034785298,154719.0,89545.0,3819.0,14.242447828386503
63870.710441721036,154721.0,89493.0,3824.0,14.252541696441767
63870.7205355891,154686.0,89495.0,3792.0,14.262635564504308
63870.73062945715,154738.0,89533.0,3820.0,14.272729432559572
63870.74072332521,154698.0,89525.0,3815.0,14.282823300614837
63870.750817193264,154672.0,89493.0,3804.0,14.292917168670101
63870.76091106133,154691.0,89536.0,3838.0,14.303011036732642
63870.77100492938,154655.0,89489.0,3792.0,14.313104904787906
63870.78109879744,154680.0,89504.0,3806.0,14.32319877284317
63870.79119266549,154652.0,89473.0,3800.0,14.333292640898435
63870.801286533555,154703.0,89530.0,3823.0,14.343386508960975
63870.81138040161,154671.0,89501.0,3795.0,14.35348037701624
63870.821474269665,154698.0,89501.0,3814.0,14.363574245071504
63870.83156813772,154706.0,89500.0,3825.0,14.373668113126769
63870.84166200578,154683.0,89491.0,3808.0,14.38376198118931
63870.85175587384,154738.0,89528.0,3834.0,14.393855849244574
63870.861849741894,154729.0,89522.0,3812.0,14.403949717299838
63870.87194360995,154728.0,89507.0,3807.0,14.414043585355103
63870.882037478004,154698.0,89519.0,3800.0,14.424137453410367
63870.89213134607,154771.0,89534.0,3867.0,14.434231321472907
63870.90222521412,154746.0,89519.0,3816.0,14.444325189528172
63870.91231908218,154739.0,89514.0,3818.0,14.454419057583436
63870.92241295023,154768.0,89507.0,3815.0,14.4645129256387
63870.932506818295,154754.0,89506.0,3822.0,14.474606793701241
63870.94260068635,154779.0,89535.0,3825.0,14.484700661756506
63870.952694554406,154749.0,89542.0,3810.0,14.49479452981177
63870.96278842246,154767.0,89510.0,3843.0,14.504888397867035
63870.97288229052,154797.0,89519.0,3816.0,14.514982265929575
63870.98297615858,154805.0,89527.0,3837.0,14.52507613398484
63870.993070026634,154824.0,89541.0,3830.0,14.535170002040104
63871.00316389469,154800.0,89536.0,3835.0,14.545263870095368
63871.013257762745,154796.0,89531.0,3817.0,14.555357738150633
63871.02335163081,154845.0,89571.0,3853.0,14.565451606213173
63871.03344549886,154871.0,89533.0,3858.0,14.575545474268438
63871.04353936692,154828.0,89519.0,3831.0,14.585639342323702
63871.05363323497,154843.0,89526.0,3824.0,14.595733210378967
63871.063727103035,154855.0,89539.0,3839.0,14.605827078441507
63871.07382097109,154841.0,89529.0,3820.0,14.615920946496772
63871.083914839146,154829.0,89560.0,3826.0,14.626014814552036
63871.0940087072,154863.0,89525.0,3827.0,14.6361086826073
63871.104102575264,154860.0,89547.0,3847.0,14.646202550669841
63871.11419644332,154895.0,89560.0,3813.0,14.656296418725105
63871.124290311374,154907.0,89561.0,3863.0,14.66639028678037
63871.13438417943,154853.0,89536.0,3838.0,14.676484154835634
63871.14447804749,154881.0,89553.0,3848.0,14.686578022898175
63871.15457191555,154918.0,89559.0,3874.0,14.69667189095344
63871.1646657836,154875.0,89523.0,3825.0,14.706765759008704
63871.17475965166,154922.0,89567.0,3836.0,14.716859627063968
63871.18485351971,154915.0,89550.0,3851.0,14.726953495119233
63871.194947387776,154920.0,89562.0,3860.0,14.737047363181773
63871.20504125583,154933.0,89556.0,3850.0,14.747141231237038
63871.215135123886,154936.0,89588.0,3863.0,14.757235099292302
63871.22522899194,154933.0,89570.0,3831.0,14.767328967347567
63871.235322860004,154956.0,89539.0,3858.0,14.777422835410107
63871.24541672806,154953.0,89564.0,3841.0,14.787516703465371
63871.255510596115,154967.0,89560.0,3845.0,14.797610571520636
63871.26560446417,155011.0,89569.0,3882.0,14.8077044395759
63871.27569833223,154985.0,89573.0,3857.0,14.81779830763844
63871.28579220029,154987.0,89576.0,3859.0,14.827892175693705
63871.29588606834,154937.0,89553.0,3839.0,14.83798604374897
63871.3059799364,154968.0,89572.0,3844.0,14.848079911804234
63871.31607380446,154895.0,89554.0,3854.0,14.858173779866775
63871.326167672516,154814.0,89534.0,3881.0,14.868267647922039
63871.33626154057,154791.0,89510.0,3829.0,14.878361515977303
63871.34635540863,154785.0,89536.0,3856.0,14.888455384032568
63871.35644927668,154714.0,89501.0,3827.0,14.898549252087832
63871.366543144744,154661.0,89473.0,3820.0,14.908643120150373
63871.3766370128,154642.0,89477.0,3803.0,14.918736988205637
63871.386730880855,154661.0,89491.0,3814.0,14.928830856260902
63871.39682474891,154653.0,89494.0,3816.0,14.938924724316166
63871.40691861697,154668.0,89486.0,3804.0,14.949018592378707
63871.41701248503,154699.0,89514.0,3831.0,14.959112460433971
63871.42710635308,154637.0,89464.0,3789.0,14.969206328489236
63871.43720022114,154678.0,89503.0,3803.0,14.9793001965445
63871.4472940892,154716.0,89520.0,3778.0,14.98939406460704
63871.457387957256,154666.0,89515.0,3803.0,14.999487932662305
63871.46748182531,154705.0,89515.0,3797.0,15.00958180071757
63871.47757569337,154702.0,89518.0,3806.0,15.019675668772834
63871.48766956142,154702.0,89512.0,3817.0,15.029769536828098
63871.497763429485,154698.0,89505.0,3803.0,15.039863404890639
63871.50785729754,154726.0,89538.0,3815.0,15.049957272945903
63871.517951165595,154711.0,89510.0,3808.0,15.060051141001168
63871.52804503365,154698.0,89499.0,3818.0,15.070145009056432
63871.53813890171,154743.0,89526.0,3830.0,15.080238877118973
63871.54823276977,154713.0,89505.0,3795.0,15.090332745174237
63871.55832663782,154735.0,89526.0,3807.0,15.100426613229502
63871.56842050588,154710.0,89503.0,3801.0,15.110520481284766
63871.57851437394,154715.0,89495.0,3792.0,15.120614349347306
63871.588608242,154740.0,89517.0,3786.0,15.13070821740257
63871.59870211005,154752.0,89532.0,3815.0,15.140802085457835
63871.60879597811,154736.0,89520.0,3815.0,15.1508959535131
63871.61888984617,154738.0,89518.0,3826.0,15.16098982157564
63871.628983714225,154753.0,89524.0,3805.0,15.171083689630905
63871.63907758228,154716.0,89531.0,3808.0,15.18117755768617
63871.649171450335,154750.0,89545.0,3826.0,15.191271425741434
63871.65926531839,154702.0,89518.0,3787.0,15.201365293796698
63871.66935918645,154739.0,89536.0,3850.0,15.211459161859239
63871.67945305451,154738.0,89527.0,3809.0,15.221553029914503
63871.689546922564,154727.0,89556.0,3775.0,15.231646897969767
63871.69964079062,154752.0,89512.0,3813.0,15.241740766025032
63871.70973465868,154750.0,89531.0,3827.0,15.251834634087572
63871.71982852674,154756.0,89531.0,3791.0,15.261928502142837
63871.72992239479,154736.0,89527.0,3816.0,15.272022370198101
63871.74001626285,154796.0,89555.0,3838.0,15.282116238253366
63871.75011013091,154755.0,89516.0,3812.0,15.292210106315906
63871.760203998965,154787.0,89546.0,3845.0,15.30230397437117
63871.77029786702,154794.0,89552.0,3817.0,15.312397842426435
63871.780391735076,154764.0,89519.0,3814.0,15.3224917104817
63871.79048560314,154809.0,89544.0,3822.0,15.33258557854424
63871.80057947119,154838.0,89553.0,3827.0,15.342679446599504
63871.81067333925,154829.0,89564.0,3823.0,15.352773314654769
63871.820767207304,154813.0,89536.0,3822.0,15.362867182710033
63871.83086107536,154863.0,89563.0,3842.0,15.372961050765298
63871.84095494342,154817.0,89534.0,3826.0,15.383054918827838
63871.85104881148,154855.0,89554.0,3831.0,15.393148786883103
63871.86114267953,154857.0,89533.0,3835.0,15.403242654938367
63871.87123654759,154825.0,89537.0,3803.0,15.413336522993632
63871.88133041565,154871.0,89579.0,3844.0,15.423430391056172
63871.891424283705,154872.0,89575.0,3837.0,15.433524259111437
63871.90151815176,154880.0,89547.0,3845.0,15.443618127166701
63871.911612019816,154890.0,89584.0,3830.0,15.453711995221965
63871.92170588788,154921.0,89562.0,3831.0,15.463805863284506
63871.931799755934,154892.0,89556.0,3849.0,15.47389973133977
63871.94189362399,154903.0,89547.0,3844.0,15.483993599395035
63871.951987492044,154904.0,89558.0,3867.0,15.4940874674503
63871.96208136011,154892.0,89553.0,3824.0,15.50418133551284
63871.97217522816,154906.0,89560.0,3844.0,15.514275203568104
63871.98226909622,154941.0,89586.0,3858.0,15.524369071623369
63871.99236296427,154923.0,89548.0,3836.0,15.534462939678633
63872.00245683233,154893.0,89555.0,3836.0,15.544556807733898
63872.01255070039,154937.0,89578.0,3849.0,15.554650675796438
63872.022644568446,154937.0,89575.0,3835.0,15.564744543851702
63872.0327384365,154929.0,89561.0,3831.0,15.574838411906967
63872.042832304556,154931.0,89546.0,3864.0,15.584932279962231
63872.05292617262,154949.0,89573.0,3857.0,15.595026148024772
63872.063020040674,154930.0,89607.0,3847.0,15.605120016080036
63872.07311390873,154964.0,89592.0,3874.0,15.6152138841353
63872.083207776785,154964.0,89567.0,3853.0,15.625307752190565
63872.09330164485,154997.0,89559.0,3886.0,15.635401620253106
63872.1033955129,154959.0,89589.0,3887.0,15.64549548830837
63872.11348938096,154940.0,89593.0,3876.0,15.655589356363635
63872.12358324901,154886.0,89560.0,3840.0,15.665683224418899
63872.133677117075,154853.0,89563.0,3850.0,15.67577709248144
63872.14377098513,154787.0,89541.0,3825.0,15.685870960536704
63872.153864853186,154753.0,89524.0,3818.0,15.695964828591968
63872.16395872124,154729.0,89512.0,3844.0,15.706058696647233
63872.1740525893,154684.0,89524.0,3819.0,15.716152564702497
63872.18414645736,154646.0,89477.0,3811.0,15.726246432765038
63872.194240325414,154644.0,89536.0,3813.0,15.736340300820302
63872.20433419347,154698.0,89541.0,3824.0,15.746434168875567
63872.214428061525,154657.0,89513.0,3810.0,15.756528036930831
63872.22452192959,154698.0,89540.0,3796.0,15.766621904993372
63872.23461579764,154622.0,89502.0,3789.0,15.776715773048636
63872.2447096657,154636.0,89493.0,3814.0,15.7868096411039
63872.25480353375,154679.0,89518.0,3805.0,15.796903509159165
63872.264897401816,154690.0,89567.0,3816.0,15.806997377221705
63872.27499126987,154666.0,89517.0,3800.0,15.81709124527697
63872.285085137926,154681.0,89526.0,3804.0,15.827185113332234
63872.29517900598,154698.0,89531.0,3843.0,15.837278981387499
63872.305272874044,154717.0,89555.0,3800.0,15.84737284945004
63872.3153667421,154737.0,89521.0,3830.0,15.857466717505304
63872.325460610155,154682.0,89496.0,3812.0,15.867560585560568
63872.33555447821,154706.0,89530.0,3788.0,15.877654453615833
63872.345648346265,154752.0,89524.0,3812.0,15.887748321671097
63872.35574221433,154756.0,89553.0,3817.0,15.897842189733637
63872.36583608238,154770.0,89559.0,3805.0,15.907936057788902
63872.37592995044,154727.0,89536.0,3799.0,15.918029925844166
63872.38602381849,154771.0,89551.0,3817.0,15.928123793899431
63872.396117686556,154787.0,89568.0,3827.0,15.938217661961971
63872.40621155461,154802.0,89575.0,3819.0,15.948311530017236
63872.41630542267,154802.0,89575.0,3833.0,15.9584053980725
63872.42639929072,154776.0,89548.0,3822.0,15.968499266127765
63872.436493158784,154755.0,89571.0,3816.0,15.978593134190305
63872.44658702684,154763.0,89546.0,3818.0,15.98868700224557
63872.456680894895,154804.0,89580.0,3849.0,15.998780870300834
63872.46677476295,154763.0,89546.0,3820.0,16.0088747383561
63872.47686863101,154789.0,89556.0,3814.0,16.01896860641864
63872.48696249907,154809.0,89590.0,3821.0,16.029062474473903
63872.49705636712,154755.0,89548.0,3791.0,16.039156342529168
63872.50715023518,154791.0,89557.0,3829.0,16.049250210584432
63872.517244103234,154797.0,89543.0,3803.0,16.059344078639697
63872.527337971296,154820.0,89574.0,3856.0,16.069437946702237
63872.53743183935,154838.0,89572.0,3862.0,16.0795318147575
63872.54752570741,154845.0,89570.0,3829.0,16.089625682812766
63872.55761957546,154883.0,89590.0,3821.0,16.09971955086803
63872.567713443525,154853.0,89565.0,3813.0,16.10981341893057
63872.57780731158,154895.0,89583.0,3839.0,16.119907286985836
63872.587901179635,154879.0,89591.0,3843.0,16.1300011550411
63872.59799504769,154903.0,89578.0,3848.0,16.140095023096364
63872.60808891575,154900.0,89550.0,3854.0,16.150188891158905
63872.61818278381,154866.0,89565.0,3846.0,16.16028275921417
63872.62827665186,154866.0,89590.0,3828.0,16.170376627269434
63872.63837051992,154930.0,89589.0,3865.0,16.1804704953247
63872.64846438798,154934.0,89593.0,3864.0,16.19056436338724
63872.65855825604,154915.0,89568.0,3846.0,16.200658231442503
63872.66865212409,154941.0,89594.0,3864.0,16.210752099497768
63872.67874599215,154935.0,89579.0,3862.0,16.220845967553032
63872.6888398602,154925.0,89624.0,3871.0,16.230939835608297
63872.698933728265,154931.0,89599.0,3848.0,16.241033703670837
63872.70902759632,154963.0,89610.0,3870.0,16.2511275717261
63872.719121464375,154937.0,89603.0,3846.0,16.261221439781366
63872.72921533243,154985.0,89591.0,3881.0,16.27131530783663
63872.73930920049,154953.0,89605.0,3859.0,16.28140917589917
63872.74940306855,154979.0,89615.0,3867.0,16.291503043954435
63872.759496936604,154961.0,89653.0,3871.0,16.3015969120097
63872.76959080466,154978.0,89600.0,3853.0,16.311690780064964
63872.77968467272,155006.0,89629.0,3899.0,16.321784648127505
63872.78977854078,154995.0,89620.0,3880.0,16.33187851618277
63872.79987240883,155007.0,89617.0,3860.0,16.341972384238034
63872.80996627689,155051.0,89629.0,3911.0,16.352066252293298
63872.82006014494,155026.0,89604.0,3880.0,16.362160120348562
63872.830154013005,155042.0,89626.0,3880.0,16.372253988411103
63872.84024788106,155060.0,89614.0,3889.0,16.382347856466367
63872.850341749116,155052.0,89642.0,3899.0,16.392441724521632
63872.86043561717,155046.0,89624.0,3876.0,16.402535592576896
63872.87052948523,155061.0,89635.0,3872.0,16.412629460639437
63872.88062335329,155020.0,89626.0,3887.0,16.4227233286947
63872.890717221344,155008.0,89613.0,3903.0,16.432817196749966
63872.9008110894,154975.0,89630.0,3883.0,16.44291106480523
63872.91090495746,154956.0,89605.0,3868.0,16.45300493286777
63872.92099882552,154893.0,89583.0,3873.0,16.463098800923035
63872.93109269357,154842.0,89592.0,3836.0,16.4731926689783
63872.94118656163,154755.0,89569.0,3839.0,16.483286537033564
63872.95128042969,154734.0,89543.0,3831.0,16.493380405096104
63872.961374297745,154716.0,89551.0,3847.0,16.50347427315137
63872.9714681658,154690.0,89577.0,3827.0,16.513568141206633
63872.981562033856,154661.0,89544.0,3824.0,16.523662009261898
63872.99165590191,154678.0,89549.0,3802.0,16.533755877317162
63873.001749769974,154688.0,89550.0,3828.0,16.543849745379703
63873.01184363803,154672.0,89569.0,3816.0,16.553943613434967
63873.021937506084,154712.0,89563.0,3852.0,16.56403748149023
63873.03203137414,154721.0,89586.0,3865.0,16.574131349545496
63873.0421252422,154705.0,89552.0,3831.0,16.584225217608036
63873.05221911026,154705.0,89583.0,3850.0,16.5943190856633
63873.06231297831,154725.0,89570.0,3794.0,16.604412953718565
63873.07240684637,154720.0,89551.0,3818.0,16.61450682177383
63873.08250071443,154721.0,89555.0,3831.0,16.62460068983637
63873.092594582486,154722.0,89567.0,3814.0,16.634694557891635
63873.10268845054,154743.0,89590.0,3854.0,16.6447884259469
63873.112782318596,154702.0,89556.0,3815.0,16.654882294002164
63873.12287618666,154738.0,89565.0,3837.0,16.664976162064704
63873.132970054714,154775.0,89599.0,3829.0,16.67507003011997
63873.14306392277,154746.0,89606.0,3829.0,16.685163898175233
63873.153157790824,154779.0,89576.0,3822.0,16.695257766230498
63873.16325165888,154769.0,89597.0,3858.0,16.705351634285762
63873.17334552694,154790.0,89545.0,3860.0,16.715445502348302
63873.183439395,154760.0,89547.0,3821.0,16.725539370403567
63873.19353326305,154807.0,89591.0,3842.0,16.73563323845883
63873.20362713111,154775.0,89571.0,3840.0,16.745727106514096
63873.21372099917,154753.0,89555.0,3832.0,16.755820974576636
63873.223814867226,154780.0,89611.0,3855.0,16.7659148426319
63873.23390873528,154761.0,89549.0,3838.0,16.776008710687165
63873.24400260334,154775.0,89575.0,3839.0,16.78610257874243
63873.2540964714,154765.0,89547.0,3840.0,16.79619644680497
63873.264190339454,154801.0,89599.0,3865.0,16.806290314860235
63873.27428420751,154764.0,89575.0,3831.0,16.8163841829155
63873.284378075565,154793.0,89584.0,3843.0,16.826478050970763
63873.29447194362,154810.0,89585.0,3876.0,16.836571919026028
63873.30456581168,154767.0,89566.0,3852.0,16.84666578708857
63873.31465967974,154819.0,89566.0,3854.0,16.856759655143833
63873.32475354779,154817.0,89601.0,3847.0,16.866853523199097
63873.33484741585,154809.0,89583.0,3865.0,16.87694739125436
63873.34494128391,154805.0,89587.0,3865.0,16.887041259316902
63873.355035151966,154868.0,89617.0,3883.0,16.897135127372167
63873.36512902002,154855.0,89609.0,3853.0,16.90722899542743
63873.37522288808,154875.0,89587.0,3842.0,16.917322863482696
63873.38531675614,154904.0,89592.0,3855.0,16.927416731545236
63873.395410624194,154856.0,89582.0,3860.0,16.9375105996005
63873.40550449225,154904.0,89611.0,3858.0,16.947604467655765
63873.415598360305,154896.0,89611.0,3875.0,16.95769833571103
63873.42569222837,154897.0,89593.0,3861.0,16.96779220377357
63873.43578609642,154918.0,89622.0,3859.0,16.977886071828834
63873.44587996448,154917.0,89602.0,3842.0,16.9879799398841
63873.45597383253,154901.0,89598.0,3871.0,16.998073807939363
63873.46606770059,154895.0,89580.0,3863.0,17.008167675994628
63873.47616156865,154920.0,89632.0,3870.0,17.018261544057168
63873.48625543671,154964.0,89631.0,3898.0,17.028355412112433
63873.49634930476,154955.0,89621.0,3874.0,17.038449280167697
63873.50644317282,154968.0,89615.0,3861.0,17.04854314822296
63873.51653704088,154984.0,89647.0,3891.0,17.058637016285502
63873.526630908935,154941.0,89609.0,3890.0,17.068730884340766
63873.53672477699,154981.0,89638.0,3890.0,17.07882475239603
63873.546818645045,154978.0,89649.0,3883.0,17.088918620451295
63873.55691251311,154971.0,89637.0,3872.0,17.099012488513836
63873.56700638116,154958.0,89614.0,3847.0,17.1091063565691
63873.57710024922,154996.0,89639.0,3882.0,17.119200224624365
63873.58719411727,155012.0,89654.0,3904.0,17.12929409267963
63873.597287985336,154983.0,89594.0,3875.0,17.13938796074217
63873.60738185339,154996.0,89641.0,3902.0,17.149481828797434
63873.61747572145,155023.0,89635.0,3890.0,17.1595756968527
63873.6275695895,155036.0,89635.0,3870.0,17.169669564907963
63873.63766345756,155039.0,89658.0,3874.0,17.179763432963227
63873.64775732562,154984.0,89620.0,3871.0,17.189857301025768
63873.657851193675,154961.0,89624.0,3881.0,17.199951169081032
63873.66794506173,154901.0,89599.0,3860.0,17.210045037136297
63873.678038929786,154867.0,89612.0,3897.0,17.22013890519156
63873.68813279785,154767.0,89570.0,3826.0,17.2302327732541
63873.6982266659,154749.0,89562.0,3830.0,17.240326641309366
63873.70832053396,154729.0,89579.0,3833.0,17.25042050936463
63873.718414402014,154640.0,89565.0,3871.0,17.260514377419895
63873.72850827008,154649.0,89546.0,3821.0,17.270608245482435
63873.73860213813,154671.0,89559.0,3831.0,17.2807021135377
63873.74869600619,154681.0,89577.0,3847.0,17.290795981592964
63873.75878987424,154641.0,89548.0,3822.0,17.30088984964823
63873.768883742305,154693.0,89579.0,3820.0,17.31098371771077
63873.77897761036,154663.0,89564.0,3820.0,17.321077585766034
63873.789071478415,154645.0,89553.0,3853.0,17.331171453821298
63873.79916534647,154678.0,89556.0,3834.0,17.341265321876563
63873.809259214526,154706.0,89547.0,3847.0,17.351359189931827
63873.81935308259,154693.0,89567.0,3824.0,17.361453057994368
63873.82944695064,154681.0,89579.0,3829.0,17.371546926049632
63873.8395408187,154680.0,89570.0,3850.0,17.381640794104896
63873.849634686754,154692.0,89540.0,3811.0,17.39173466216016
63873.85972855482,154701.0,89570.0,3826.0,17.4018285302227
63873.86982242287,154739.0,89559.0,3849.0,17.411922398277966
63873.87991629093,154688.0,89542.0,3841.0,17.42201626633323
63873.89001015898,154721.0,89566.0,3822.0,17.432110134388495
63873.900104027045,154750.0,89587.0,3832.0,17.442204002451035
63873.9101978951,154767.0,89600.0,3852.0,17.4522978705063
63873.920291763156,154736.0,89565.0,3813.0,17.462391738561564
63873.93038563121,154799.0,89604.0,3858.0,17.47248560661683
63873.94047949927,154765.0,89583.0,3832.0,17.48257947467937
63873.95057336733,154747.0,89544.0,3833.0,17.492673342734633
63873.960667235384,154783.0,89616.0,3857.0,17.502767210789898
63873.97076110344,154718.0,89565.0,3850.0,17.512861078845162
63873.980854971494,154731.0,89573.0,3806.0,17.522954946900427
63873.99094883956,154719.0,89560.0,3828.0,17.533048814962967
63874.00104270761,154762.0,89598.0,3855.0,17.54314268301823
63874.01113657567,154742.0,89565.0,3822.0,17.553236551073496
63874.02123044372,154749.0,89574.0,3837.0,17.56333041912876
63874.031324311785,154749.0,89575.0,3826.0,17.5734242871913
63874.04141817984,154726.0,89560.0,3814.0,17.583518155246566
63874.051512047896,154736.0,89576.0,3817.0,17.59361202330183
63874.06160591595,154738.0,89575.0,3824.0,17.603705891357095
63874.07169978401,154765.0,89581.0,3835.0,17.613799759419635
63874.08179365207,154754.0,89552.0,3838.0,17.6238936274749
63874.091887520124,154785.0,89564.0,3833.0,17.633987495530164
63874.10198138818,154784.0,89594.0,3855.0,17.64408136358543
63874.11207525624,154791.0,89581.0,3839.0,17.65417523164797
63874.1221691243,154799.0,89577.0,3821.0,17.664269099703233
63874.13226299235,154840.0,89607.0,3850.0,17.674362967758498
63874.14235686041,154818.0,89584.0,3843.0,17.684456835813762
63874.15245072846,154851.0,89602.0,3846.0,17.694550703869027
63874.162544596526,154849.0,89584.0,3905.0,17.704644571931567
63874.17263846458,154831.0,89577.0,3844.0,17.71473843998683
63874.182732332636,154844.0,89598.0,3832.0,17.724832308042096
63874.19282620069,154875.0,89610.0,3858.0,17.73492617609736
63874.202920068754,154907.0,89592.0,3876.0,17.7450200441599
63874.21301393681,154887.0,89614.0,3851.0,17.755113912215165
63874.223107804864,154918.0,89617.0,3855.0,17.76520778027043
63874.23320167292,154882.0,89590.0,3878.0,17.775301648325694
63874.24329554098,154867.0,89607.0,3858.0,17.785395516388235
63874.25338940904,154909.0,89633.0,3875.0,17.7954893844435
63874.26348327709,154885.0,89638.0,3840.0,17.805583252498764
63874.27357714515,154933.0,89622.0,3857.0,17.815677120554028
63874.28367101321,154936.0,89618.0,3864.0,17.82577098861657
63874.293764881266,154968.0,89646.0,3886.0,17.835864856671833
63874.30385874932,154926.0,89589.0,3843.0,17.845958724727097
63874.313952617376,154953.0,89628.0,3869.0,17.856052592782362
63874.32404648543,154953.0,89659.0,3887.0,17.866146460837626
63874.334140353494,154957.0,89608.0,3878.0,17.876240328900167
63874.34423422155,154970.0,89647.0,3862.0,17.88633419695543
63874.354328089605,154937.0,89624.0,3864.0,17.896428065010696
63874.36442195766,154879.0,89600.0,3893.0,17.90652193306596
63874.37451582572,154864.0,89600.0,3852.0,17.9166158011285
63874.38460969378,154792.0,89600.0,3857.0,17.926709669183765
63874.39470356183,154751.0,89578.0,3850.0,17.93680353723903
63874.40479742989,154747.0,89547.0,3828.0,17.946897405294294
63874.41489129795,154669.0,89564.0,3809.0,17.956991273356834
63874.424985166006,154636.0,89559.0,3841.0,17.9670851414121
63874.43507903406,154618.0,89549.0,3835.0,17.977179009467363
63874.44517290212,154603.0,89529.0,3798.0,17.987272877522628
63874.45526677017,154605.0,89543.0,3816.0,17.997366745577892
63874.465360638234,154599.0,89521.0,3804.0,18.007460613640433
63874.47545450629,154613.0,89551.0,3803.0,18.017554481695697
63874.485548374345,154617.0,89559.0,3779.0,18.02764834975096
63874.4956422424,154568.0,89508.0,3818.0,18.037742217806226
63874.50573611046,154609.0,89542.0,3805.0,18.047836085868767
63874.51582997852,154615.0,89537.0,3815.0,18.05792995392403
63874.52592384657,154639.0,89542.0,3801.0,18.068023821979295
63874.53601771463,154613.0,89541.0,3794.0,18.07811769003456
63874.54611158269,154673.0,89545.0,3819.0,18.0882115580971
63874.556205450746,154644.0,89549.0,3811.0,18.098305426152365
63874.5662993188,154642.0,89538.0,3831.0,18.10839929420763
63874.57639318686,154673.0,89590.0,3833.0,18.118493162262894
63874.58648705492,154684.0,89585.0,3825.0,18.128587030325434
63874.596580922975,154646.0,89564.0,3798.0,18.1386808983807
63874.60667479103,154714.0,89547.0,3816.0,18.148774766435963
63874.616768659085,154720.0,89597.0,3792.0,18.158868634491228
63874.62686252714,154700.0,89560.0,3813.0,18.168962502546492
63874.6369563952,154695.0,89562.0,3824.0,18.179056370609032
63874.64705026326,154701.0,89582.0,3822.0,18.189150238664297
63874.65714413131,154680.0,89561.0,3808.0,18.19924410671956
63874.66723799937,154730.0,89560.0,3831.0,18.209337974774826
63874.67733186743,154707.0,89593.0,3830.0,18.219431842837366
63874.68742573549,154700.0,89567.0,3817.0,18.22952571089263
63874.69751960354,154686.0,89542.0,3833.0,18.239619578947895
63874.7076134716,154700.0,89595.0,3831.0,18.24971344700316
63874.71770733966,154710.0,89550.0,3843.0,18.2598073150657
63874.727801207715,154703.0,89571.0,3817.0,18.269901183120965
63874.73789507577,154664.0,89544.0,3805.0,18.27999505117623
63874.747988943825,154716.0,89585.0,3834.0,18.290088919231493
63874.75808281189,154682.0,89566.0,3794.0,18.300182787294034
63874.76817667994,154719.0,89579.0,3822.0,18.3102766553493
63874.778270548,154722.0,89566.0,3849.0,18.320370523404563
63874.788364416054,154702.0,89543.0,3807.0,18.330464391459827
63874.79845828411,154728.0,89545.0,3817.0,18.340558259515092
63874.80855215217,154744.0,89576.0,3833.0,18.350652127577632
63874.81864602023,154761.0,89611.0,3847.0,18.360745995632897
63874.82873988828,154724.0,89583.0,3806.0,18.37083986368816
63874.83883375634,154806.0,89621.0,3846.0,18.380933731743426
63874.8489276244,154779.0,89592.0,3844.0,18.391027599805966
63874.859021492455,154788.0,89589.0,3799.0,18.40112146786123
63874.86911536051,154818.0,89599.0,3841.0,18.411215335916495
63874.879209228566,154802.0,89585.0,3824.0,18.42130920397176
63874.88930309663,154813.0,89596.0,3839.0,18.4314030720343
63874.89939696468,154804.0,89603.0,3870.0,18.441496940089564
63874.90949083274,154795.0,89583.0,3836.0,18.45159080814483
63874.919584700794,154822.0,89568.0,3835.0,18.461684676200093
63874.92967856885,154843.0,89600.0,3841.0,18.471778544255358
63874.93977243691,154842.0,89594.0,3843.0,18.481872412317898
63874.94986630497,154857.0,89621.0,3862.0,18.491966280373163
63874.95996017302,154835.0,89629.0,3862.0,18.502060148428427
63874.97005404108,154870.0,89605.0,3857.0,18.51215401648369
63874.98014790914,154861.0,89609.0,3844.0,18.522247884546232
63874.990241777195,154872.0,89596.0,3853.0,18.532341752601496
63875.00033564525,154920.0,89616.0,3872.0,18.54243562065676
63875.010429513306,154890.0,89609.0,3858.0,18.552529488712025
63875.02052338137,154885.0,89633.0,3852.0,18.562623356774566
63875.030617249424,154905.0,89654.0,3873.0,18.57271722482983
63875.04071111748,154871.0,89604.0,3850.0,18.582811092885095
63875.050804985534,154820.0,89599.0,3851.0,18.59290496094036
63875.0608988536,154781.0,89567.0,3842.0,18.6029988290029
63875.07099272165,154740.0,89579.0,3868.0,18.613092697058164
63875.08108658971,154683.0,89580.0,3837.0,18.62318656511343
63875.09118045776,154638.0,89552.0,3820.0,18.633280433168693
63875.10127432582,154598.0,89558.0,3799.0,18.643374301223957
63875.11136819388,154594.0,89496.0,3805.0,18.653468169286498
63875.121462061936,154542.0,89526.0,3784.0,18.663562037341762
63875.13155592999,154555.0,89527.0,3799.0,18.673655905397027
63875.141649798046,154525.0,89527.0,3804.0,18.68374977345229
63875.15174366611,154508.0,89509.0,3776.0,18.69384364151483
63875.161837534164,154548.0,89530.0,3806.0,18.703937509570096
63875.17193140222,154521.0,89550.0,3801.0,18.71403137762536
63875.182025270275,154557.0,89534.0,3794.0,18.724125245680625
63875.19211913834,154570.0,89553.0,3810.0,18.734219113743166
63875.20221300639,154580.0,89549.0,3818.0,18.74431298179843
63875.21230687445,154586.0,89550.0,3789.0,18.754406849853694
63875.2224007425,154583.0,89551.0,3795.0,18.76450071790896
63875.232494610565,154589.0,89537.0,3791.0,18.7745945859715
63875.24258847862,154592.0,89577.0,3796.0,18.784688454026764
63875.252682346676,154607.0,89548.0,3772.0,18.79478232208203
63875.26277621473,154624.0,89560.0,3792.0,18.804876190137293
63875.27287008279,154636.0,89550.0,3815.0,18.814970058192557
63875.28296395085,154679.0,89576.0,3826.0,18.825063926255098
63875.293057818904,154679.0,89582.0,3832.0,18.835157794310362
63875.30315168696,154657.0,89590.0,3791.0,18.845251662365627
63875.313245555015,154636.0,89529.0,3777.0,18.85534553042089
63875.32333942308,154641.0,89553.0,3798.0,18.86543939848343
63875.33343329113,154652.0,89554.0,3833.0,18.875533266538696
63875.34352715919,154645.0,89555.0,3805.0,18.88562713459396
63875.35362102724,154617.0,89543.0,3816.0,18.895721002649225
63875.363714895306,154630.0,89544.0,3782.0,18.905814870711765
63875.37380876336,154642.0,89540.0,3797.0,18.91590873876703
63875.383902631416,154634.0,89548.0,3791.0,18.926002606822294
63875.39399649947,154639.0,89592.0,3816.0,18.93609647487756
63875.404090367534,154662.0,89570.0,3822.0,18.9461903429401
63875.41418423559,154632.0,89558.0,3798.0,18.956284210995364
63875.424278103645,154645.0,89562.0,3797.0,18.966378079050628
63875.4343719717,154620.0,89517.0,3775.0,18.976471947105892
63875.444465839755,154638.0,89545.0,3778.0,18.986565815161157
63875.45455970782,154678.0,89585.0,3788.0,18.996659683223697
63875.46465357587,154680.0,89550.0,3810.0,19.006753551278962
63875.47474744393,154677.0,89558.0,3811.0,19.016847419334226
63875.48484131198,154709.0,89600.0,3822.0,19.02694128738949
63875.494935180046,154701.0,89557.0,3802.0,19.03703515545203
63875.5050290481,154721.0,89568.0,3807.0,19.047129023507296
63875.51512291616,154715.0,89559.0,3791.0,19.05722289156256
63875.52521678421,154774.0,89596.0,3821.0,19.067316759617825
63875.535310652274,154731.0,89582.0,3840.0,19.077410627680365
63875.54540452033,154761.0,89583.0,3821.0,19.08750449573563
63875.555498388385,154794.0,89572.0,3844.0,19.097598363790894
63875.56559225644,154790.0,89554.0,3834.0,19.10769223184616
63875.5756861245,154785.0,89613.0,3849.0,19.1177860999087
63875.58577999256,154789.0,89582.0,3826.0,19.127879967963963
63875.59587386061,154760.0,89560.0,3806.0,19.137973836019228
63875.60596772867,154807.0,89588.0,3810.0,19.148067704074492
63875.616061596724,154822.0,89592.0,3816.0,19.158161572129757
63875.626155464786,154821.0,89591.0,3830.0,19.168255440192297
63875.63624933284,154848.0,89588.0,3855.0,19.17834930824756
63875.6463432009,154839.0,89570.0,3825.0,19.188443176302826
63875.65643706895,154874.0,89622.0,3853.0,19.19853704435809
63875.666530937015,154843.0,89597.0,3831.0,19.20863091242063
63875.67662480507,154826.0,89619.0,3841.0,19.218724780475895
63875.686718673125,154852.0,89617.0,3862.0,19.22881864853116
63875.69681254118,154790.0,89590.0,3817.0,19.238912516586424
63875.70690640924,154724.0,89563.0,3804.0,19.249006384648965
63875.7170002773,154718.0,89558.0,3833.0,19.25910025270423
63875.72709414535,154642.0,89558.0,3790.0,19.269194120759494
63875.73718801341,154557.0,89525.0,3787.0,19.279287988814758
63875.74728188147,154528.0,89524.0,3776.0,19.2893818568773
63875.75737574953,154484.0,89515.0,3775.0,19.299475724932563
63875.76746961758,154488.0,89529.0,3770.0,19.309569592987827
63875.77756348564,154446.0,89501.0,3801.0,19.319663461043092
63875.78765735369,154449.0,89507.0,3767.0,19.329757329098356
63875.797751221755,154445.0,89512.0,3753.0,19.339851197160897
63875.80784508981,154436.0,89480.0,3757.0,19.34994506521616
63875.817938957865,154449.0,89535.0,3768.0,19.360038933271426
63875.82803282592,154473.0,89505.0,3789.0,19.37013280132669
63875.83812669398,154461.0,89522.0,3759.0,19.38022666938923
63875.84822056204,154475.0,89538.0,3781.0,19.390320537444495
63875.858314430094,154497.0,89549.0,3777.0,19.40041440549976
63875.86840829815,154462.0,89517.0,3748.0,19.410508273555024
63875.87850216621,154481.0,89527.0,3763.0,19.420602141617564
63875.88859603427,154471.0,89517.0,3738.0,19.43069600967283
63875.89868990232,154484.0,89530.0,3732.0,19.440789877728093
63875.90878377038,154480.0,89507.0,3765.0,19.450883745783358
63875.91887763844,154498.0,89526.0,3766.0,19.4609776138459
63875.928971506495,154533.0,89515.0,3772.0,19.471071481901163
63875.93906537455,154494.0,89530.0,3734.0,19.481165349956427
63875.949159242606,154527.0,89544.0,3783.0,19.49125921801169
63875.95925311066,154541.0,89534.0,3766.0,19.501353086066956
63875.96934697872,154531.0,89496.0,3770.0,19.511446954129497
63875.97944084678,154528.0,89509.0,3766.0,19.52154082218476
63875.989534714834,154514.0,89508.0,3779.0,19.531634690240026
63875.99962858289,154554.0,89543.0,3768.0,19.54172855829529
63876.00972245095,154531.0,89533.0,3780.0,19.55182242635783
63876.01981631901,154555.0,89548.0,3795.0,19.561916294413095
63876.02991018706,154553.0,89506.0,3771.0,19.57201016246836
63876.04000405512,154548.0,89528.0,3760.0,19.582104030523624
63876.05009792318,154541.0,89530.0,3786.0,19.592197898586164
63876.060191791235,154520.0,89537.0,3774.0,19.60229176664143
63876.07028565929,154527.0,89536.0,3755.0,19.612385634696693
63876.080379527346,154559.0,89544.0,3764.0,19.622479502751958
63876.09047339541,154553.0,89543.0,3756.0,19.632573370814498
63876.100567263464,154599.0,89566.0,3817.0,19.642667238869763
63876.11066113152,154573.0,89499.0,3790.0,19.652761106925027
63876.120754999574,154578.0,89549.0,3775.0,19.66285497498029
63876.13084886763,154577.0,89543.0,3768.0,19.672948843035556
63876.14094273569,154582.0,89545.0,3745.0,19.683042711098096
63876.15103660375,154601.0,89545.0,3765.0,19.69313657915336
63876.1611304718,154641.0,89555.0,3781.0,19.703230447208625
63876.17122433986,154629.0,89546.0,3770.0,19.71332431526389
63876.18131820792,154633.0,89562.0,3755.0,19.72341818332643
63876.191412075976,154643.0,89546.0,3794.0,19.733512051381695
63876.20150594403,154666.0,89571.0,3793.0,19.74360591943696
63876.211599812086,154662.0,89550.0,3789.0,19.753699787492224
63876.22169368015,154676.0,89571.0,3767.0,19.763793655554764
63876.231787548204,154691.0,89579.0,3779.0,19.77388752361003
63876.24188141626,154710.0,89570.0,3790.0,19.783981391665293
63876.251975284315,154713.0,89581.0,3800.0,19.794075259720557
63876.26206915237,154683.0,89547.0,3771.0,19.804169127775822
63876.27216302043,154711.0,89594.0,3804.0,19.814262995838362
63876.28225688849,154738.0,89586.0,3799.0,19.824356863893627
63876.29235075654,154737.0,89584.0,3805.0,19.83445073194889
63876.3024446246,154728.0,89566.0,3809.0,19.844544600004156
63876.31253849266,154778.0,89616.0,3814.0,19.854638468066696
63876.322632360716,154753.0,89597.0,3788.0,19.86473233612196
63876.33272622877,154787.0,89588.0,3807.0,19.874826204177225
63876.34282009683,154790.0,89616.0,3826.0,19.88492007223249
63876.35291396489,154761.0,89625.0,3790.0,19.89501394029503
63876.363007832944,154794.0,89622.0,3789.0,19.905107808350294
63876.373101701,154781.0,89606.0,3843.0,19.91520167640556
63876.383195569055,154757.0,89605.0,3819.0,19.925295544460823
63876.39328943712,154712.0,89573.0,3800.0,19.935389412523364
63876.40338330517,154622.0,89538.0,3807.0,19.945483280578628
63876.41347717323,154600.0,89544.0,3788.0,19.955577148633893
63876.42357104128,154496.0,89525.0,3765.0,19.965671016689157
63876.43366490934,154517.0,89546.0,3752.0,19.97576488474442
63876.4437587774,154434.0,89505.0,3749.0,19.985858752806962
63876.453852645456,154406.0,89508.0,3749.0,19.995952620862226
63876.46394651351,154403.0,89524.0,3762.0,20.00604648891749
63876.47404038157,154392.0,89474.0,3754.0,20.016140356972755
63876.48413424963,154400.0,89524.0,3748.0,20.026234225035296
63876.494228117685,154382.0,89503.0,3734.0,20.03632809309056
63876.50432198574,154350.0,89521.0,3702.0,20.046421961145825
63876.514415853795,154357.0,89507.0,3724.0,20.05651582920109
63876.52450972186,154422.0,89523.0,3730.0,20.06660969726363
63876.53460358991,154412.0,89529.0,3728.0,20.076703565318894
63876.54469745797,154399.0,89484.0,3735.0,20.08679743337416
63876.55479132602,154421.0,89495.0,3734.0,20.096891301429423
63876.56488519408,154430.0,89514.0,3741.0,20.106985169484688
63876.57497906214,154439.0,89516.0,3737.0,20.117079037547228
63876.5850729302,154393.0,89521.0,3721.0,20.127172905602492
63876.59516679825,154447.0,89547.0,3749.0,20.137266773657757
63876.60526066631,154429.0,89504.0,3744.0,20.14736064171302
63876.61535453437,154455.0,89529.0,3746.0,20.15745450977556
63876.625448402425,154483.0,89526.0,3739.0,20.167548377830826
63876.63554227048,154430.0,89510.0,3743.0,20.17764224588609
63876.645636138535,154473.0,89538.0,3746.0,20.187736113941355
63876.6557300066,154497.0,89540.0,3744.0,20.197829982003896
63876.66582387465,154542.0,89519.0,3756.0,20.20792385005916
63876.67591774271,154498.0,89528.0,3733.0,20.218017718114424
63876.686011610764,154501.0,89526.0,3731.0,20.22811158616969
63876.696105478826,154518.0,89541.0,3745.0,20.23820545423223
63876.70619934688,154477.0,89505.0,3732.0,20.248299322287494
63876.71629321494,154525.0,89553.0,3765.0,20.25839319034276
63876.72638708299,154516.0,89518.0,3762.0,20.268487058398023
63876.73648095105,154505.0,89531.0,3741.0,20.278580926453287
63876.74657481911,154495.0,89533.0,3728.0,20.288674794515828
63876.756668687165,154509.0,89557.0,3775.0,20.298768662571092
63876.76676255522,154498.0,89516.0,3734.0,20.308862530626357
63876.776856423276,154518.0,89567.0,3743.0,20.31895639868162
63876.78695029134,154530.0,89556.0,3765.0,20.32905026674416
63876.79704415939,154495.0,89527.0,3729.0,20.339144134799426
63876.80713802745,154562.0,89566.0,3774.0,20.34923800285469
63876.817231895504,154557.0,89557.0,3775.0,20.359331870909955
63876.82732576357,154566.0,89559.0,3759.0,20.369425738972495
63876.83741963162,154572.0,89549.0,3746.0,20.37951960702776
63876.84751349968,154602.0,89576.0,3789.0,20.389613475083024
63876.85760736773,154580.0,89567.0,3763.0,20.39970734313829
63876.867701235795,154629.0,89551.0,3758.0,20.40980121120083
63876.87779510385,154664.0,89598.0,3756.0,20.419895079256094
63876.887888971905,154640.0,89563.0,3746.0,20.429988947311358
63876.89798283996,154659.0,89570.0,3771.0,20.440082815366623
63876.908076708016,154679.0,89597.0,3773.0,20.450176683421887
63876.91817057608,154657.0,89554.0,3762.0,20.460270551484427
63876.928264444134,154669.0,89553.0,3769.0,20.470364419539692
63876.93835831219,154705.0,89588.0,3775.0,20.480458287594956
63876.948452180244,154701.0,89578.0,3783.0,20.49055215565022
63876.95854604831,154710.0,89563.0,3797.0,20.50064602371276
63876.96863991636,154721.0,89589.0,3790.0,20.510739891768026
63876.97873378442,154722.0,89579.0,3789.0,20.52083375982329
63876.98882765247,154732.0,89601.0,3785.0,20.530927627878555
63876.998921520535,154745.0,89586.0,3784.0,20.541021495941095
63877.00901538859,154757.0,89621.0,3802.0,20.55111536399636
63877.019109256646,154730.0,89614.0,3790.0,20.561209232051624
63877.0292031247,154760.0,89599.0,3800.0,20.57130310010689
63877.03929699276,154775.0,89583.0,3796.0,20.58139696816943
63877.04939086082,154766.0,89605.0,3805.0,20.591490836224693
63877.059484728874,154741.0,89577.0,3779.0,20.601584704279958
63877.06957859693,154789.0,89588.0,3794.0,20.611678572335222
63877.079672464984,154804.0,89625.0,3782.0,20.621772440390487
63877.08976633305,154802.0,89595.0,3830.0,20.631866308453027
63877.0998602011,154820.0,89634.0,3807.0,20.64196017650829
63877.10995406916,154824.0,89605.0,3809.0,20.652054044563556
63877.12004793721,154839.0,89616.0,3819.0,20.66214791261882
63877.130141805275,154865.0,89622.0,3827.0,20.67224178068136
63877.14023567333,154819.0,89613.0,3823.0,20.682335648736625
63877.150329541386,154821.0,89605.0,3810.0,20.69242951679189
63877.16042340944,154749.0,89602.0,3799.0,20.702523384847154
63877.170517277504,154741.0,89573.0,3844.0,20.712617252909695
63877.18061114556,154585.0,89531.0,3784.0,20.72271112096496
63877.190705013614,154566.0,89545.0,3783.0,20.732804989020224
63877.20079888167,154495.0,89503.0,3765.0,20.742898857075488
63877.21089274973,154443.0,89527.0,3764.0,20.75299272513803
63877.22098661779,154413.0,89537.0,3750.0,20.763086593193293
63877.23108048584,154404.0,89516.0,3749.0,20.773180461248558
63877.2411743539,154396.0,89492.0,3746.0,20.783274329303822
63877.25126822195,154390.0,89506.0,3726.0,20.793368197359086
63877.261362090016,154425.0,89549.0,3744.0,20.803462065421627
63877.27145595807,154416.0,89517.0,3738.0,20.81355593347689
63877.281549826126,154403.0,89535.0,3746.0,20.823649801532156
63877.29164369418,154398.0,89529.0,3734.0,20.83374366958742
63877.301737562244,154479.0,89531.0,3764.0,20.84383753764996
63877.3118314303,154443.0,89519.0,3730.0,20.853931405705225
63877.321925298354,154450.0,89529.0,3727.0,20.86402527376049
63877.33201916641,154473.0,89519.0,3764.0,20.874119141815754
63877.34211303447,154454.0,89521.0,3715.0,20.884213009878295
63877.35220690253,154499.0,89548.0,3740.0,20.89430687793356
63877.36230077058,154467.0,89558.0,3743.0,20.904400745988823
63877.37239463864,154507.0,89520.0,3746.0,20.914494614044088
63877.3824885067,154509.0,89548.0,3704.0,20.92458848210663
63877.392582374756,154516.0,89552.0,3746.0,20.934682350161893
63877.40267624281,154531.0,89551.0,3744.0,20.944776218217157
63877.41277011087,154505.0,89532.0,3721.0,20.95487008627242
63877.42286397892,154550.0,89562.0,3759.0,20.964963954327686
63877.432957846984,154589.0,89549.0,3785.0,20.975057822390227
63877.44305171504,154551.0,89532.0,3730.0,20.98515169044549
63877.453145583095,154560.0,89558.0,3746.0,20.995245558500756
63877.46323945115,154538.0,89551.0,3779.0,21.00533942655602
63877.47333331921,154528.0,89537.0,3742.0,21.01543329461856
63877.48342718727,154554.0,89549.0,3751.0,21.025527162673825
63877.49352105532,154541.0,89574.0,3740.0,21.03562103072909
63877.50361492338,154524.0,89552.0,3744.0,21.045714898784354
63877.51370879144,154549.0,89560.0,3737.0,21.055808766846894
63877.523802659496,154552.0,89552.0,3751.0,21.06590263490216
63877.53389652755,154536.0,89557.0,3749.0,21.075996502957423
63877.54399039561,154562.0,89566.0,3752.0,21.086090371012688
63877.55408426367,154587.0,89540.0,3789.0,21.096184239075228
63877.564178131724,154597.0,89562.0,3755.0,21.106278107130493
63877.57427199978,154579.0,89541.0,3723.0,21.116371975185757
63877.584365867835,154611.0,89593.0,3745.0,21.12646584324102
63877.59445973589,154618.0,89570.0,3774.0,21.136559711296286
63877.60455360395,154646.0,89583.0,3764.0,21.146653579358826
63877.61464747201,154630.0,89570.0,3752.0,21.15674744741409
63877.62474134006,154678.0,89591.0,3778.0,21.166841315469355
63877.63483520812,154658.0,89562.0,3758.0,21.17693518352462
63877.64492907618,154682.0,89595.0,3775.0,21.18702905158716
63877.65502294424,154710.0,89603.0,3776.0,21.197122919642425
63877.66511681229,154663.0,89577.0,3762.0,21.20721678769769
63877.67521068035,154708.0,89590.0,3781.0,21.217310655752954
63877.68530454841,154731.0,89595.0,3782.0,21.227404523815494
63877.695398416465,154756.0,89622.0,3807.0,21.23749839187076
63877.70549228452,154703.0,89586.0,3763.0,21.247592259926023
63877.715586152575,154764.0,89625.0,3795.0,21.257686127981287
63877.72568002064,154751.0,89588.0,3792.0,21.267779996043828
63877.73577388869,154725.0,89589.0,3844.0,21.277873864099092
63877.74586775675,154792.0,89629.0,3813.0,21.287967732154357
63877.7559616248,154782.0,89587.0,3809.0,21.29806160020962
63877.76605549286,154788.0,89614.0,3794.0,21.308155468264886
63877.77614936092,154766.0,89583.0,3805.0,21.318249336327426
63877.78624322898,154827.0,89627.0,3793.0,21.32834320438269
63877.79633709703,154793.0,89587.0,3799.0,21.338437072437955
63877.80643096509,154812.0,89619.0,3791.0,21.34853094049322
63877.81652483315,154828.0,89597.0,3800.0,21.35862480855576
63877.826618701205,154840.0,89616.0,3816.0,21.368718676611024
63877.83671256926,154816.0,89595.0,3792.0,21.37881254466629
63877.846806437316,154859.0,89615.0,3819.0,21.388906412721553
63877.85690030538,154827.0,89633.0,3823.0,21.399000280784094
63877.86699417343,154824.0,89626.0,3789.0,21.40909414883936
63877.87708804149,154893.0,89651.0,3828.0,21.419188016894623
63877.887181909544,154883.0,89637.0,3830.0,21.429281884949887
63877.8972757776,154850.0,89601.0,3824.0,21.43937575300515
63877.90736964566,154897.0,89664.0,3831.0,21.449469621067692
63877.91746351372,154934.0,89649.0,3843.0,21.459563489122957
63877.92755738177,154918.0,89644.0,3815.0,21.46965735717822
63877.93765124983,154913.0,89626.0,3856.0,21.479751225233485
63877.94774511789,154942.0,89628.0,3832.0,21.489845093296026
63877.957838985945,154923.0,89642.0,3817.0,21.49993896135129
63877.967932854,154928.0,89641.0,3853.0,21.510032829406555
63877.978026722056,154910.0,89671.0,3859.0,21.52012669746182
63877.98812059012,154810.0,89618.0,3838.0,21.53022056552436
63877.99821445817,154722.0,89594.0,3805.0,21.540314433579624
63878.00830832623,154707.0,89590.0,3815.0,21.55040830163489
63878.018402194284,154612.0,89590.0,3786.0,21.560502169690153
63878.02849606235,154537.0,89533.0,3778.0,21.570596037752694
63878.0385899304,154519.0,89517.0,3766.0,21.580689905807958
63878.04868379846,154451.0,89514.0,3745.0,21.590783773863222
63878.05877766651,154480.0,89542.0,3762.0,21.600877641918487
63878.06887153457,154445.0,89539.0,3753.0,21.61097150997375
63878.07896540263,154482.0,89513.0,3754.0,21.621065378036292
63878.089059270686,154456.0,89521.0,3751.0,21.631159246091556
63878.09915313874,154506.0,89552.0,3755.0,21.64125311414682
63878.109247006796,154532.0,89551.0,3759.0,21.651346982202085
63878.11934087486,154508.0,89530.0,3758.0,21.661440850264626
63878.129434742914,154527.0,89560.0,3735.0,21.67153471831989
63878.13952861097,154583.0,89569.0,3767.0,21.681628586375155
63878.149622479024,154619.0,89583.0,3789.0,21.69172245443042
63878.15971634709,154625.0,89601.0,3748.0,21.70181632249296
63878.16981021514,154620.0,89582.0,3784.0,21.711910190548224
63878.1799040832,154622.0,89593.0,3767.0,21.72200405860349
63878.18999795125,154608.0,89575.0,3768.0,21.732097926658753
63878.20009181931,154612.0,89583.0,3776.0,21.742191794714017
63878.21018568737,154674.0,89598.0,3780.0,21.752285662776558
63878.220279555426,154658.0,89587.0,3777.0,21.762379530831822
63878.23037342348,154688.0,89591.0,3756.0,21.772473398887087
63878.240467291536,154708.0,89618.0,3794.0,21.78256726694235
63878.2505611596,154615.0,89565.0,3751.0,21.79266113500489
63878.260655027654,154681.0,89591.0,3777.0,21.802755003060156
63878.27074889571,154687.0,89578.0,3778.0,21.81284887111542
63878.280842763765,154643.0,89578.0,3762.0,21.822942739170685
63878.29093663183,154660.0,89581.0,3774.0,21.833036607233225
63878.30103049988,154666.0,89597.0,3777.0,21.84313047528849
63878.31112436794,154667.0,89594.0,3797.0,21.853224343343754
63878.32121823599,154619.0,89568.0,3774.0,21.86331821139902
63878.331312104056,154647.0,89615.0,3781.0,21.87341207946156
63878.34140597211,154651.0,89579.0,3787.0,21.883505947516824
63878.351499840166,154657.0,89596.0,3771.0,21.893599815572088
63878.36159370822,154702.0,89619.0,3780.0,21.903693683627353
63878.37168757628,154695.0,89606.0,3803.0,21.913787551682617
63878.38178144434,154691.0,89599.0,3793.0,21.923881419745157
63878.391875312394,154705.0,89596.0,3780.0,21.933975287800422
63878.40196918045,154713.0,89620.0,3817.0,21.944069155855686
63878.412063048505,154737.0,89616.0,3774.0,21.95416302391095
63878.42215691657,154748.0,89612.0,3786.0,21.96425689197349
63878.43225078462,154761.0,89613.0,3783.0,21.974350760028756
63878.44234465268,154768.0,89596.0,3787.0,21.98444462808402
63878.45243852073,154808.0,89656.0,3808.0,21.994538496139285
63878.462532388796,154795.0,89623.0,3800.0,22.004632364201825
63878.47262625685,154791.0,89604.0,3805.0,22.01472623225709
63878.482720124906,154829.0,89604.0,3794.0,22.024820100312354
63878.49281399296,154863.0,89661.0,3806.0,22.03491396836762
63878.502907861024,154843.0,89633.0,3841.0,22.04500783643016
63878.51300172908,154814.0,89614.0,3827.0,22.055101704485423
63878.523095597135,154853.0,89634.0,3828.0,22.065195572540688
63878.53318946519,154903.0,89659.0,3850.0,22.075289440595952
63878.543283333245,154846.0,89642.0,3806.0,22.085383308651217
63878.55337720131,154892.0,89617.0,3821.0,22.095477176713757
63878.56347106936,154880.0,89630.0,3813.0,22.10557104476902
63878.57356493742,154873.0,89631.0,3841.0,22.115664912824286
63878.58365880547,154923.0,89652.0,3848.0,22.12575878087955
63878.593752673536,154912.0,89651.0,3827.0,22.13585264894209
63878.60384654159,154922.0,89636.0,3822.0,22.145946516997356
63878.61394040965,154897.0,89648.0,3818.0,22.15604038505262
63878.6240342777,154943.0,89662.0,3821.0,22.166134253107884
63878.634128145764,154931.0,89652.0,3835.0,22.176228121170425
63878.64422201382,154933.0,89637.0,3821.0,22.18632198922569
63878.654315881875,154941.0,89688.0,3846.0,22.196415857280954
63878.66440974993,154938.0,89657.0,3832.0,22.20650972533622
63878.67450361799,154959.0,89668.0,3848.0,22.21660359339876
63878.68459748605,154983.0,89684.0,3859.0,22.226697461454023
63878.6946913541,154996.0,89686.0,3864.0,22.236791329509288
63878.70478522216,154967.0,89653.0,3822.0,22.246885197564552
63878.714879090214,154991.0,89669.0,3843.0,22.256979065619817
63878.724972958276,155031.0,89674.0,3870.0,22.267072933682357
63878.73506682633,155008.0,89699.0,3852.0,22.27716680173762
63878.74516069439,155044.0,89647.0,3839.0,22.287260669792886
63878.75525456244,155037.0,89683.0,3862.0,22.29735453784815
63878.765348430505,155052.0,89686.0,3863.0,22.30744840591069
63878.77544229856,155034.0,89682.0,3827.0,22.317542273965955
63878.785536166615,155100.0,89710.0,3890.0,22.32763614202122
63878.79563003467,155074.0,89680.0,3865.0,22.337730010076484
63878.80572390273,155062.0,89651.0,3843.0,22.347823878139025
63878.81581777079,155019.0,89675.0,3836.0,22.35791774619429
63878.82591163884,155043.0,89707.0,3836.0,22.368011614249554
63878.8360055069,154954.0,89666.0,3847.0,22.378105482304818
63878.84609937496,154847.0,89628.0,3839.0,22.38819935036736
63878.85619324302,154784.0,89608.0,3807.0,22.398293218422623
63878.86628711107,154706.0,89588.0,3808.0,22.408387086477887
63878.87638097913,154665.0,89578.0,3809.0,22.418480954533152
63878.88647484718,154650.0,89566.0,3771.0,22.428574822588416
63878.896568715245,154584.0,89561.0,3768.0,22.438668690650957
63878.9066625833,154577.0,89551.0,3754.0,22.44876255870622
63878.916756451355,154573.0,89582.0,3770.0,22.458856426761486
63878.92685031941,154600.0,89547.0,3781.0,22.46895029481675
63878.93694418747,154609.0,89571.0,3815.0,22.47904416287929
63878.94703805553,154656.0,89586.0,3796.0,22.489138030934555
63878.957131923584,154651.0,89587.0,3780.0,22.49923189898982
63878.96722579164,154702.0,89634.0,3800.0,22.509325767045084
63878.9773196597,154675.0,89618.0,3798.0,22.519419635107624
63878.98741352776,154683.0,89585.0,3774.0,22.52951350316289
63878.99750739581,154738.0,89616.0,3797.0,22.539607371218153
63879.00760126387,154728.0,89585.0,3813.0,22.549701239273418
63879.01769513193,154736.0,89616.0,3786.0,22.559795107335958
63879.027788999985,154815.0,89647.0,3793.0,22.569888975391223
63879.03788286804,154810.0,89626.0,3821.0,22.579982843446487
63879.047976736096,154853.0,89670.0,3845.0,22.59007671150175
63879.05807060415,154848.0,89645.0,3835.0,22.600170579557016
63879.06816447221,154834.0,89631.0,3797.0,22.610264447619556
63879.07825834027,154847.0,89635.0,3838.0,22.62035831567482
63879.088352208324,154845.0,89620.0,3823.0,22.630452183730085
63879.09844607638,154831.0,89619.0,3798.0,22.64054605178535
63879.10853994444,154831.0,89642.0,3800.0,22.65063991984789
63879.1186338125,154851.0,89648.0,3808.0,22.660733787903155
63879.12872768055,154831.0,89647.0,3812.0,22.67082765595842
63879.13882154861,154835.0,89618.0,3834.0,22.680921524013684
63879.14891541667,154798.0,89607.0,3807.0,22.691015392076224
63879.159009284725,154831.0,89634.0,3829.0,22.70110926013149
63879.16910315278,154797.0,89624.0,3812.0,22.711203128186753
63879.179197020836,154835.0,89672.0,3845.0,22.721296996242017
63879.1892908889,154800.0,89640.0,3837.0,22.731390864304558
63879.199384756954,154783.0,89615.0,3798.0,22.741484732359822
63879.20947862501,154813.0,89640.0,3812.0,22.751578600415087
63879.219572493064,154842.0,89615.0,3825.0,22.76167246847035
63879.22966636112,154828.0,89617.0,3819.0,22.771766336525616
63879.23976022918,154846.0,89636.0,3814.0,22.781860204588156
63879.24985409724,154873.0,89632.0,3832.0,22.79195407264342
63879.25994796529,154924.0,89665.0,3858.0,22.802047940698685
63879.27004183335,154902.0,89644.0,3815.0,22.81214180875395
63879.28013570141,154903.0,89640.0,3818.0,22.82223567681649
63879.290229569466,154928.0,89665.0,3830.0,22.832329544871754
63879.30032343752,154968.0,89668.0,3847.0,22.84242341292702
63879.310417305576,154938.0,89662.0,3852.0,22.852517280982283
63879.32051117364,154986.0,89692.0,3860.0,22.862611149044824
63879.330605041694,154968.0,89662.0,3845.0,22.87270501710009
63879.34069890975,154963.0,89635.0,3838.0,22.882798885155353
63879.350792777805,154994.0,89646.0,3845.0,22.892892753210617
63879.36088664587,154991.0,89668.0,3858.0,22.902986621273158
63879.37098051392,155008.0,89675.0,3856.0,22.913080489328422
63879.38107438198,155013.0,89656.0,3850.0,22.923174357383687
63879.39116825003,155011.0,89676.0,3839.0,22.93326822543895
63879.40126211809,155025.0,89685.0,3822.0,22.943362093494216
63879.41135598615,155029.0,89674.0,3857.0,22.953455961556756
63879.421449854206,155042.0,89683.0,3855.0,22.96354982961202
63879.43154372226,155023.0,89659.0,3853.0,22.973643697667285
63879.44163759032,155013.0,89681.0,3860.0,22.98373756572255
63879.45173145838,155029.0,89707.0,3862.0,22.99383143378509
63879.461825326434,155024.0,89678.0,3837.0,23.003925301840354
63879.47191919449,155039.0,89677.0,3857.0,23.01401916989562
63879.482013062545,155045.0,89684.0,3854.0,23.024113037950883
63879.49210693061,155073.0,89680.0,3863.0,23.034206906013424
63879.50220079866,155077.0,89689.0,3900.0,23.044300774068688
63879.51229466672,155055.0,89719.0,3868.0,23.054394642123953
63879.52238853477,155109.0,89686.0,3877.0,23.064488510179217
63879.53248240283,155104.0,89694.0,3881.0,23.07458237823448
63879.54257627089,155094.0,89686.0,3863.0,23.084676246297022
63879.552670138946,155135.0,89726.0,3888.0,23.094770114352286
63879.562764007,155132.0,89707.0,3866.0,23.10486398240755
63879.57285787506,155136.0,89713.0,3876.0,23.114957850462815
63879.58295174312,155096.0,89709.0,3850.0,23.125051718525356
63879.593045611175,155108.0,89712.0,3870.0,23.13514558658062
63879.60313947923,155131.0,89711.0,3885.0,23.145239454635885
63879.613233347285,155175.0,89701.0,3912.0,23.15533332269115
63879.62332721535,155189.0,89730.0,3893.0,23.16542719075369
63879.6334210834,155163.0,89706.0,3863.0,23.175521058808954
63879.64351495146,155207.0,89742.0,3915.0,23.18561492686422
63879.65360881951,155168.0,89725.0,3870.0,23.195708794919483
63879.663702687576,155203.0,89711.0,3885.0,23.205802662982023
63879.67379655563,155164.0,89736.0,3870.0,23.215896531037288
63879.68389042369,155086.0,89705.0,3882.0,23.225990399092552
63879.69398429174,155029.0,89676.0,3847.0,23.236084267147817
63879.7040781598,154955.0,89661.0,3872.0,23.24617813520308
63879.71417202786,154869.0,89635.0,3834.0,23.25627200326562
63879.724265895915,154779.0,89616.0,3817.0,23.266365871320886
63879.73435976397,154777.0,89621.0,3820.0,23.27645973937615
63879.744453632025,154733.0,89596.0,3826.0,23.286553607431415
63879.75454750009,154705.0,89583.0,3808.0,23.296647475493955
63879.76464136814,154720.0,89618.0,3815.0,23.30674134354922
63879.7747352362,154728.0,89594.0,3849.0,23.316835211604484
63879.784829104254,154733.0,89614.0,3833.0,23.32692907965975
63879.794922972316,154741.0,89597.0,3804.0,23.33702294772229
63879.80501684037,154787.0,89639.0,3840.0,23.347116815777554
63879.81511070843,154791.0,89628.0,3805.0,23.357210683832818
63879.82520457648,154827.0,89648.0,3822.0,23.367304551888083
63879.835298444545,154852.0,89628.0,3828.0,23.377398419950623
63879.8453923126,154870.0,89625.0,3827.0,23.387492288005888
63879.855486180655,154852.0,89614.0,3808.0,23.397586156061152
63879.86558004871,154900.0,89657.0,3844.0,23.407680024116416
63879.875673916766,154955.0,89683.0,3827.0,23.41777389217168
63879.88576778483,154930.0,89651.0,3827.0,23.42786776023422
63879.89586165288,154967.0,89649.0,3823.0,23.437961628289486
63879.90595552094,154985.0,89675.0,3856.0,23.44805549634475
63879.916049388994,154990.0,89651.0,3851.0,23.458149364400015
63879.92614325706,155043.0,89665.0,3861.0,23.468243232462555
63879.93623712511,155044.0,89693.0,3869.0,23.47833710051782
63879.94633099317,155025.0,89678.0,3860.0,23.488430968573084
63879.95642486122,154993.0,89659.0,3849.0,23.49852483662835
63879.966518729285,155025.0,89682.0,3886.0,23.50861870469089
63879.97661259734,154993.0,89640.0,3858.0,23.518712572746153
63879.986706465395,154976.0,89668.0,3879.0,23.528806440801418
63879.99680033345,154939.0,89644.0,3864.0,23.538900308856682
63880.006894201506,154903.0,89631.0,3825.0,23.548994176911947
63880.01698806957,154927.0,89637.0,3839.0,23.559088044974487
63880.027081937624,154932.0,89656.0,3843.0,23.56918191302975
63880.03717580568,154942.0,89666.0,3864.0,23.579275781085016
63880.047269673734,154916.0,89642.0,3853.0,23.58936964914028
63880.0573635418,154972.0,89649.0,3848.0,23.59946351720282
63880.06745740985,154947.0,89655.0,3844.0,23.609557385258086
63880.07755127791,154961.0,89693.0,3854.0,23.61965125331335
63880.08764514596,154951.0,89684.0,3843.0,23.629745121368614
63880.097739014025,155022.0,89686.0,3869.0,23.639838989431155
63880.10783288208,155022.0,89681.0,3854.0,23.64993285748642
63880.117926750136,155029.0,89698.0,3846.0,23.660026725541684
63880.12802061819,155048.0,89703.0,3865.0,23.67012059359695
63880.13811448625,155029.0,89662.0,3880.0,23.68021446165949
63880.14820835431,155073.0,89680.0,3866.0,23.690308329714753
63880.158302222364,155046.0,89677.0,3880.0,23.700402197770018
63880.16839609042,155087.0,89679.0,3865.0,23.710496065825282
63880.178489958475,155105.0,89685.0,3873.0,23.720589933880547
63880.18858382654,155122.0,89698.0,3870.0,23.730683801943087
63880.19867769459,155105.0,89691.0,3881.0,23.74077766999835
63880.20877156265,155104.0,89685.0,3870.0,23.750871538053616
63880.2188654307,155111.0,89734.0,3900.0,23.76096540610888
63880.228959298765,155119.0,89713.0,3866.0,23.77105927417142
63880.23905316682,155163.0,89713.0,3888.0,23.781153142226685
63880.249147034876,155169.0,89723.0,3890.0,23.79124701028195
63880.25924090293,155175.0,89723.0,3914.0,23.801340878337214
63880.269334770994,155134.0,89689.0,3860.0,23.811434746399755
63880.27942863905,155173.0,89714.0,3891.0,23.82152861445502
63880.289522507104,155173.0,89748.0,3909.0,23.831622482510284
63880.29961637516,155165.0,89711.0,3880.0,23.841716350565548
63880.30971024322,155160.0,89695.0,3895.0,23.85181021862809
63880.31980411128,155198.0,89726.0,3897.0,23.861904086683353
63880.32989797933,155195.0,89716.0,3920.0,23.871997954738617
63880.33999184739,155204.0,89709.0,3881.0,23.882091822793882
63880.35008571544,155222.0,89748.0,3922.0,23.892185690849146
63880.360179583506,155218.0,89729.0,3903.0,23.902279558911687
63880.37027345156,155208.0,89714.0,3889.0,23.91237342696695
63880.380367319616,155248.0,89758.0,3869.0,23.922467295022216
63880.39046118767,155231.0,89697.0,3954.0,23.93256116307748
63880.400555055734,155237.0,89730.0,3902.0,23.94265503114002
63880.41064892379,155249.0,89715.0,3904.0,23.952748899195285
63880.420742791845,155266.0,89709.0,3924.0,23.96284276725055
63880.4308366599,155239.0,89725.0,3884.0,23.972936635305814
63880.44093052796,155280.0,89735.0,3916.0,23.983030503368354
63880.45102439602,155307.0,89763.0,3905.0,23.99312437142362
63880.46111826407,155277.0,89717.0,3890.0,24.003218239478883
63880.47121213213,155310.0,89743.0,3910.0,24.013312107534148
63880.48130600019,155321.0,89750.0,3920.0,24.023405975596688
63880.491399868246,155333.0,89730.0,3915.0,24.033499843651953
63880.5014937363,155313.0,89738.0,3908.0,24.043593711707217
63880.51158760436,155326.0,89756.0,3921.0,24.05368757976248
63880.52168147241,155249.0,89738.0,3904.0,24.063781447817746
63880.531775340474,155182.0,89718.0,3884.0,24.073875315880287
63880.54186920853,155133.0,89725.0,3914.0,24.08396918393555
63880.551963076585,155045.0,89677.0,3881.0,24.094063051990815
63880.56205694464,154979.0,89664.0,3882.0,24.10415692004608
63880.5721508127,154925.0,89659.0,3867.0,24.11425078810862
63880.58224468076,154885.0,89666.0,3881.0,24.124344656163885
63880.59233854881,154827.0,89628.0,3829.0,24.13443852421915
63880.60243241687,154837.0,89635.0,3856.0,24.144532392274414
63880.61252628493,154860.0,89630.0,3872.0,24.154626260336954
63880.622620152986,154865.0,89654.0,3869.0,24.16472012839222
63880.63271402104,154845.0,89618.0,3836.0,24.174813996447483
63880.6428078891,154880.0,89646.0,3848.0,24.184907864502748
63880.65290175716,154847.0,89659.0,3854.0,24.195001732565288
63880.662995625215,154887.0,89633.0,3849.0,24.205095600620552
63880.67308949327,154958.0,89660.0,3874.0,24.215189468675817
63880.683183361325,154977.0,89670.0,3856.0,24.22528333673108
63880.69327722938,154962.0,89654.0,3864.0,24.235377204786346
63880.70337109744,155051.0,89698.0,3883.0,24.245471072848886
63880.7134649655,155009.0,89656.0,3859.0,24.25556494090415
63880.72355883355,155062.0,89684.0,3876.0,24.265658808959415
63880.73365270161,155089.0,89711.0,3890.0,24.27575267701468
63880.74374656967,155135.0,89717.0,3918.0,24.28584654507722
63880.75384043773,155133.0,89697.0,3885.0,24.295940413132485
63880.76393430578,155146.0,89712.0,3893.0,24.30603428118775
63880.77402817384,155147.0,89726.0,3896.0,24.316128149243013
63880.7841220419,155093.0,89677.0,3875.0,24.326222017305554
63880.794215909955,155122.0,89720.0,3887.0,24.33631588536082
63880.80430977801,155106.0,89699.0,3867.0,24.346409753416083
63880.814403646065,155127.0,89697.0,3893.0,24.356503621471347
63880.82449751413,155101.0,89697.0,3849.0,24.366597489533888
63880.83459138218,155107.0,89713.0,3900.0,24.376691357589152
63880.84468525024,155028.0,89665.0,3852.0,24.386785225644417
63880.854779118294,155046.0,89683.0,3876.0,24.39687909369968
63880.86487298635,155010.0,89698.0,3870.0,24.406972961754946
63880.87496685441,155009.0,89673.0,3842.0,24.417066829817486
63880.88506072247,155018.0,89676.0,3847.0,24.42716069787275
63880.89515459052,155042.0,89677.0,3884.0,24.437254565928015
63880.90524845858,155049.0,89680.0,3869.0,24.44734843398328
63880.91534232664,155053.0,89685.0,3874.0,24.45744230204582
63880.925436194695,155070.0,89686.0,3886.0,24.467536170101084
63880.93553006275,155077.0,89685.0,3885.0,24.47763003815635
63880.945623930806,155079.0,89675.0,3889.0,24.487723906211613
63880.95571779887,155127.0,89693.0,3868.0,24.497817774274154
63880.96581166692,155143.0,89680.0,3885.0,24.507911642329418
63880.97590553498,155164.0,89707.0,3891.0,24.518005510384683
63880.985999403034,155172.0,89689.0,3886.0,24.528099378439947
63880.9960932711,155213.0,89734.0,3918.0,24.538193246502487
63881.00618713915,155214.0,89701.0,3893.0,24.548287114557752
63881.01628100721,155216.0,89719.0,3904.0,24.558380982613016
63881.02637487526,155231.0,89745.0,3908.0,24.56847485066828
63881.03646874332,155219.0,89714.0,3891.0,24.578568718723545
63881.04656261138,155247.0,89734.0,3899.0,24.588662586786086
63881.056656479435,155280.0,89748.0,3914.0,24.59875645484135
63881.06675034749,155286.0,89722.0,3916.0,24.608850322896615
63881.076844215546,155249.0,89724.0,3894.0,24.61894419095188
63881.08693808361,155314.0,89755.0,3904.0,24.62903805901442
63881.097031951664,155306.0,89744.0,3916.0,24.639131927069684
63881.10712581972,155299.0,89732.0,3933.0,24.64922579512495
63881.117219687774,155317.0,89768.0,3943.0,24.659319663180213
63881.12731355584,155323.0,89746.0,3908.0,24.669413531242753
63881.13740742389,155322.0,89755.0,3926.0,24.679507399298018
63881.14750129195,155309.0,89726.0,3921.0,24.689601267353282
63881.15759516,155359.0,89778.0,3943.0,24.699695135408547
63881.16768902806,155312.0,89756.0,3903.0,24.70978900346381
63881.17778289612,155347.0,89752.0,3931.0,24.71988287152635
63881.187876764176,155342.0,89759.0,3970.0,24.729976739581616
63881.19797063223,155336.0,89725.0,3921.0,24.74007060763688
63881.208064500286,155379.0,89757.0,3952.0,24.750164475692145
63881.21815836835,155378.0,89754.0,3930.0,24.760258343754685
63881.228252236404,155357.0,89793.0,3941.0,24.77035221180995
63881.23834610446,155328.0,89763.0,3945.0,24.780446079865214
63881.248439972514,155412.0,89778.0,3953.0,24.79053994792048
63881.25853384058,155392.0,89765.0,3949.0,24.80063381598302
63881.26862770863,155384.0,89750.0,3938.0,24.810727684038284
63881.27872157669,155408.0,89740.0,3937.0,24.82082155209355
63881.28881544474,155416.0,89772.0,3965.0,24.830915420148813
63881.298909312805,155426.0,89772.0,3929.0,24.841009288211353
63881.30900318086,155411.0,89768.0,3944.0,24.851103156266618
63881.319097048916,155403.0,89756.0,3954.0,24.861197024321882
63881.32919091697,155445.0,89768.0,3931.0,24.871290892377147
63881.33928478503,155465.0,89772.0,3963.0,24.88138476043241
63881.34937865309,155447.0,89793.0,3961.0,24.89147862849495
63881.359472521144,155419.0,89761.0,3936.0,24.901572496550216
63881.3695663892,155420.0,89782.0,3949.0,24.91166636460548
63881.379660257255,155418.0,89773.0,3960.0,24.921760232660745
63881.38975412532,155318.0,89749.0,3928.0,24.931854100723285
63881.39984799337,155236.0,89715.0,3916.0,24.94194796877855
63881.40994186143,155185.0,89711.0,3932.0,24.952041836833814
63881.42003572948,155067.0,89664.0,3895.0,24.96213570488908
63881.430129597546,155055.0,89684.0,3898.0,24.97222957295162
63881.4402234656,155030.0,89654.0,3905.0,24.982323441006884
63881.450317333656,155005.0,89665.0,3899.0,24.992417309062148
63881.46041120171,154972.0,89630.0,3854.0,25.002511177117412
63881.470505069774,154971.0,89658.0,3880.0,25.012605045179953
63881.48059893783,155002.0,89654.0,3894.0,25.022698913235217
63881.490692805884,154987.0,89650.0,3873.0,25.032792781290482
63881.50078667394,155027.0,89684.0,3905.0,25.042886649345746
63881.510880541995,155054.0,89680.0,3888.0,25.05298051740101
63881.52097441006,155067.0,89673.0,3879.0,25.06307438546355
63881.53106827811,155120.0,89688.0,3873.0,25.073168253518816
63881.54116214617,155119.0,89670.0,3910.0,25.08326212157408
63881.55125601422,155157.0,89708.0,3904.0,25.093355989629345
63881.561349882286,155165.0,89700.0,3885.0,25.103449857691885
63881.57144375034,155238.0,89713.0,3921.0,25.11354372574715
63881.5815376184,155227.0,89726.0,3908.0,25.123637593802414
63881.59163148645,155274.0,89721.0,3895.0,25.13373146185768
63881.601725354514,155302.0,89725.0,3896.0,25.14382532992022
63881.61181922257,155310.0,89729.0,3947.0,25.153919197975483
63881.621913090625,155347.0,89757.0,3954.0,25.164013066030748
63881.63200695868,155332.0,89747.0,3928.0,25.174106934086012
63881.642100826735,155319.0,89710.0,3944.0,25.184200802141277
63881.6521946948,155290.0,89740.0,3917.0,25.194294670203817
63881.66228856285,155335.0,89766.0,3920.0,25.20438853825908
63881.67238243091,155297.0,89731.0,3928.0,25.214482406314346
63881.68247629896,155285.0,89745.0,3963.0,25.22457627436961
63881.692570167026,155242.0,89705.0,3904.0,25.23467014243215
63881.70266403508,155253.0,89711.0,3933.0,25.244764010487415
63881.71275790314,155223.0,89725.0,3917.0,25.25485787854268
63881.72285177119,155225.0,89733.0,3889.0,25.264951746597944
63881.732945639254,155218.0,89729.0,3915.0,25.275045614660485
63881.74303950731,155183.0,89706.0,3894.0,25.28513948271575
63881.753133375365,155205.0,89714.0,3914.0,25.295233350771014
63881.76322724342,155237.0,89705.0,3914.0,25.305327218826278
63881.77332111148,155215.0,89713.0,3926.0,25.31542108688882
63881.78341497954,155208.0,89708.0,3896.0,25.325514954944083
63881.79350884759,155269.0,89713.0,3904.0,25.335608822999347
63881.80360271565,155297.0,89745.0,3906.0,25.345702691054612
63881.813696583704,155274.0,89711.0,3927.0,25.355796559109876
63881.82379045177,155335.0,89757.0,3956.0,25.365890427172417
63881.83388431982,155326.0,89741.0,3935.0,25.37598429522768
63881.84397818788,155361.0,89737.0,3933.0,25.386078163282946
63881.85407205593,155375.0,89731.0,3937.0,25.39617203133821
63881.864165923995,155356.0,89751.0,3942.0,25.40626589940075
63881.87425979205,155379.0,89745.0,3932.0,25.416359767456015
63881.884353660105,155383.0,89728.0,3963.0,25.42645363551128
63881.89444752816,155403.0,89748.0,3940.0,25.436547503566544
63881.90454139622,155384.0,89725.0,3948.0,25.446641371629084
63881.91463526428,155402.0,89761.0,3926.0,25.45673523968435
63881.92472913233,155428.0,89741.0,3943.0,25.466829107739613
63881.93482300039,155430.0,89761.0,3954.0,25.476922975794878
63881.94491686845,155465.0,89792.0,3973.0,25.48701684385742
63881.95501073651,155429.0,89763.0,3935.0,25.497110711912683
63881.96510460456,155446.0,89761.0,3941.0,25.507204579967947
63881.97519847262,155461.0,89760.0,3940.0,25.51729844802321
63881.98529234067,155451.0,89733.0,3951.0,25.527392316078476
63881.995386208735,155489.0,89810.0,4012.0,25.537486184141017
63882.00548007679,155469.0,89757.0,3950.0,25.54758005219628
63882.015573944846,155424.0,89756.0,3948.0,25.557673920251545
63882.0256678129,155485.0,89753.0,3961.0,25.56776778830681
63882.03576168096,155477.0,89750.0,3959.0,25.57786165636935
63882.04585554902,155502.0,89781.0,3960.0,25.587955524424615
63882.055949417074,155497.0,89800.0,3979.0,25.59804939247988
63882.06604328513,155501.0,89785.0,3974.0,25.608143260535144
63882.07613715319,155529.0,89804.0,3956.0,25.618237128597684
63882.08623102125,155529.0,89793.0,3969.0,25.62833099665295
63882.0963248893,155556.0,89783.0,3974.0,25.638424864708213
63882.10641875736,155508.0,89761.0,3965.0,25.648518732763478
63882.11651262542,155509.0,89797.0,3939.0,25.658612600826018
63882.126606493475,155531.0,89774.0,3969.0,25.668706468881282
63882.13670036153,155524.0,89779.0,3964.0,25.678800336936547
63882.146794229586,155544.0,89817.0,3998.0,25.68889420499181
63882.15688809764,155549.0,89787.0,3977.0,25.698988073047076
63882.1669819657,155479.0,89773.0,3963.0,25.709081941109616
63882.17707583376,155439.0,89757.0,3960.0,25.71917580916488
63882.187169701814,155326.0,89734.0,3926.0,25.729269677220145
63882.19726356987,155300.0,89749.0,3928.0,25.73936354527541
63882.20735743793,155219.0,89704.0,3921.0,25.74945741333795
63882.21745130599,155161.0,89673.0,3938.0,25.759551281393215
63882.22754517404,155103.0,89666.0,3907.0,25.76964514944848
63882.2376390421,155105.0,89669.0,3907.0,25.779739017503744
63882.24773291016,155090.0,89681.0,3905.0,25.789832885566284
63882.257826778216,155059.0,89683.0,3896.0,25.79992675362155
63882.26792064627,155087.0,89678.0,3897.0,25.810020621676813
63882.278014514326,155091.0,89667.0,3887.0,25.820114489732077
63882.28810838239,155134.0,89682.0,3913.0,25.830208357794618
63882.298202250444,155126.0,89680.0,3879.0,25.840302225849882
63882.3082961185,155158.0,89685.0,3919.0,25.850396093905147
63882.318389986554,155202.0,89685.0,3917.0,25.86048996196041
63882.32848385461,155241.0,89708.0,3919.0,25.870583830015676
63882.33857772267,155233.0,89723.0,3932.0,25.880677698078216
63882.34867159073,155247.0,89754.0,3929.0,25.89077156613348
63882.35876545878,155350.0,89742.0,3960.0,25.900865434188745
63882.36885932684,155340.0,89727.0,3941.0,25.91095930224401
63882.3789531949,155398.0,89779.0,3919.0,25.92105317030655
63882.389047062956,155347.0,89719.0,3922.0,25.931147038361814
63882.39914093101,155384.0,89726.0,3977.0,25.94124090641708
63882.409234799066,155427.0,89751.0,3961.0,25.951334774472343
63882.41932866713,155440.0,89742.0,3945.0,25.961428642534884
63882.429422535184,155450.0,89767.0,3971.0,25.971522510590148
63882.43951640324,155435.0,89720.0,3967.0,25.981616378645413
63882.449610271295,155422.0,89761.0,3961.0,25.991710246700677
63882.45970413936,155391.0,89757.0,3954.0,26.001804114763218
63882.46979800741,155405.0,89766.0,3965.0,26.011897982818482
63882.47989187547,155335.0,89762.0,3948.0,26.021991850873746
63882.48998574352,155333.0,89746.0,3927.0,26.03208571892901
63882.50007961158,155338.0,89742.0,3939.0,26.042179586984275
63882.51017347964,155315.0,89716.0,3953.0,26.052273455046816
63882.520267347696,155329.0,89707.0,3965.0,26.06236732310208
63882.53036121575,155269.0,89681.0,3941.0,26.072461191157345
63882.54045508381,155316.0,89741.0,3934.0,26.08255505921261
63882.55054895187,155295.0,89748.0,3926.0,26.09264892727515
63882.560642819924,155368.0,89768.0,3967.0,26.102742795330414
63882.57073668798,155340.0,89728.0,3942.0,26.11283666338568
63882.580830556035,155365.0,89747.0,3943.0,26.122930531440943
63882.5909244241,155344.0,89752.0,3925.0,26.133024399503483
63882.60101829215,155380.0,89743.0,3953.0,26.143118267558748
63882.61111216021,155386.0,89760.0,3960.0,26.153212135614012
63882.62120602826,155423.0,89760.0,3949.0,26.163306003669277
63882.631299896326,155486.0,89764.0,3953.0,26.173399871731817
63882.64139376438,155432.0,89769.0,3970.0,26.18349373978708
63882.651487632436,155494.0,89784.0,3984.0,26.193587607842346
63882.66158150049,155471.0,89753.0,3971.0,26.20368147589761
63882.67167536855,155503.0,89752.0,3986.0,26.213775343952875
63882.68176923661,155459.0,89777.0,3953.0,26.223869212015416
63882.691863104665,155529.0,89792.0,3985.0,26.23396308007068
63882.70195697272,155523.0,89793.0,3966.0,26.244056948125944
63882.712050840775,155531.0,89771.0,3946.0,26.25415081618121
63882.72214470884,155547.0,89804.0,4003.0,26.26424468424375
63882.73223857689,155523.0,89781.0,3956.0,26.274338552299014
63882.74233244495,155552.0,89785.0,3976.0,26.28443242035428
63882.752426313,155546.0,89814.0,3988.0,26.294526288409543
63882.762520181066,155535.0,89788.0,3961.0,26.304620156472083
63882.77261404912,155562.0,89794.0,3979.0,26.314714024527348
63882.78270791718,155571.0,89794.0,3984.0,26.324807892582612
63882.79280178523,155573.0,89800.0,3967.0,26.334901760637877
63882.802895653294,155579.0,89787.0,3966.0,26.344995628700417
63882.81298952135,155573.0,89807.0,4007.0,26.35508949675568
63882.823083389405,155602.0,89796.0,3988.0,26.365183364810946
63882.83317725746,155603.0,89800.0,3993.0,26.37527723286621
63882.843271125515,155624.0,89831.0,3979.0,26.385371100921475
63882.85336499358,155598.0,89790.0,3978.0,26.395464968984015
63882.86345886163,155626.0,89808.0,3980.0,26.40555883703928
63882.87355272969,155611.0,89787.0,3971.0,26.415652705094544
63882.883646597744,155636.0,89792.0,4016.0,26.42574657314981
63882.893740465806,155629.0,89810.0,4007.0,26.43584044121235
63882.90383433386,155641.0,89807.0,3990.0,26.445934309267614
63882.91392820192,155643.0,89829.0,4000.0,26.456028177322878
63882.92402206997,155621.0,89791.0,3982.0,26.466122045378143
63882.934115938035,155659.0,89812.0,3998.0,26.476215913440683
63882.94420980609,155638.0,89800.0,3998.0,26.486309781495947
63882.954303674145,155643.0,89816.0,4001.0,26.496403649551212
63882.9643975422,155614.0,89782.0,3984.0,26.506497517606476
63882.974491410256,155521.0,89774.0,3964.0,26.51659138566174
63882.98458527832,155447.0,89762.0,3988.0,26.52668525372428
63882.99467914637,155341.0,89731.0,3985.0,26.536779121779546
63883.00477301443,155271.0,89713.0,3938.0,26.54687298983481
63883.014866882484,155247.0,89711.0,3958.0,26.556966857890075
63883.02496075055,155144.0,89701.0,3910.0,26.567060725952615
63883.0350546186,155120.0,89671.0,3918.0,26.57715459400788
63883.04514848666,155136.0,89707.0,3899.0,26.587248462063144
63883.05524235471,155090.0,89649.0,3892.0,26.59734233011841
63883.065336222775,155135.0,89690.0,3960.0,26.60743619818095
63883.07543009083,155102.0,89716.0,3917.0,26.617530066236213
63883.085523958885,155116.0,89684.0,3897.0,26.627623934291478
63883.09561782694,155143.0,89668.0,3890.0,26.637717802346742
63883.105711695,155199.0,89723.0,3933.0,26.647811670409283
63883.11580556306,155184.0,89705.0,3915.0,26.657905538464547
63883.125899431114,155219.0,89681.0,3921.0,26.66799940651981
63883.13599329917,155262.0,89738.0,3941.0,26.678093274575076
63883.146087167224,155247.0,89688.0,3941.0,26.68818714263034
63883.15618103529,155267.0,89725.0,3934.0,26.69828101069288
63883.16627490334,155280.0,89703.0,3942.0,26.708374878748145
63883.1763687714,155283.0,89708.0,3950.0,26.71846874680341
63883.18646263945,155298.0,89727.0,3914.0,26.728562614858674
63883.196556507515,155317.0,89750.0,3937.0,26.738656482921215
63883.20665037557,155375.0,89724.0,3976.0,26.74875035097648
63883.216744243626,155338.0,89711.0,3953.0,26.758844219031744
63883.22683811168,155402.0,89765.0,3945.0,26.768938087087008
63883.23693197974,155361.0,89748.0,3955.0,26.77903195514955
63883.2470258478,155345.0,89737.0,3956.0,26.789125823204813
63883.257119715854,155322.0,89734.0,3922.0,26.799219691260078
63883.26721358391,155352.0,89757.0,3958.0,26.809313559315342
63883.277307451965,155333.0,89748.0,3938.0,26.819407427370606
63883.28740132003,155332.0,89764.0,3963.0,26.829501295433147
63883.29749518808,155308.0,89748.0,3930.0,26.83959516348841
63883.30758905614,155254.0,89712.0,3942.0,26.849689031543676
63883.31768292419,155277.0,89728.0,3953.0,26.85978289959894
63883.327776792255,155273.0,89756.0,3961.0,26.86987676766148
63883.33787066031,155251.0,89728.0,3964.0,26.879970635716745
63883.347964528366,155261.0,89718.0,3913.0,26.89006450377201
63883.35805839642,155272.0,89736.0,3937.0,26.900158371827274
63883.368152264484,155293.0,89734.0,3959.0,26.910252239889815
63883.37824613254,155277.0,89703.0,3932.0,26.92034610794508
63883.388340000594,155315.0,89743.0,3954.0,26.930439976000343
63883.39843386865,155326.0,89737.0,3942.0,26.940533844055608
63883.40852773671,155352.0,89745.0,3951.0,26.95062771211815
63883.41862160477,155358.0,89737.0,3931.0,26.960721580173413
63883.42871547282,155406.0,89764.0,3975.0,26.970815448228677
63883.43880934088,155384.0,89753.0,3963.0,26.98090931628394
63883.44890320893,155371.0,89733.0,3944.0,26.991003184339206
63883.458997076996,155398.0,89777.0,3978.0,27.001097052401747
63883.46909094505,155385.0,89728.0,3941.0,27.01119092045701
63883.479184813106,155429.0,89750.0,3957.0,27.021284788512276
63883.48927868116,155449.0,89774.0,3959.0,27.03137865656754
63883.499372549224,155482.0,89771.0,3948.0,27.04147252463008
63883.50946641728,155449.0,89761.0,3952.0,27.051566392685345
63883.519560285335,155479.0,89770.0,3974.0,27.06166026074061
63883.52965415339,155494.0,89799.0,3985.0,27.071754128795874
63883.53974802145,155467.0,89767.0,3952.0,27.081847996858414
63883.54984188951,155492.0,89774.0,3957.0,27.09194186491368
63883.55993575756,155501.0,89763.0,3990.0,27.102035732968943
63883.57002962562,155493.0,89778.0,3983.0,27.112129601024208
63883.58012349368,155505.0,89786.0,3973.0,27.122223469086748
63883.590217361736,155538.0,89789.0,3974.0,27.132317337142013
63883.60031122979,155500.0,89763.0,3977.0,27.142411205197277
63883.61040509785,155503.0,89792.0,3990.0,27.15250507325254
63883.6204989659,155531.0,89790.0,3958.0,27.162598941307806
63883.630592833964,155510.0,89758.0,4007.0,27.172692809370346
63883.64068670202,155521.0,89777.0,3970.0,27.18278667742561
63883.650780570075,155537.0,89784.0,3983.0,27.192880545480875
63883.66087443813,155552.0,89804.0,3990.0,27.20297441353614
63883.67096830619,155546.0,89764.0,3973.0,27.21306828159868
63883.68106217425,155574.0,89806.0,3952.0,27.223162149653945
63883.6911560423,155556.0,89787.0,3981.0,27.23325601770921
63883.70124991036,155550.0,89802.0,4022.0,27.243349885764474
63883.71134377842,155592.0,89816.0,4012.0,27.253443753827014
63883.721437646476,155591.0,89780.0,3988.0,27.26353762188228
63883.73153151453,155588.0,89767.0,3989.0,27.273631489937543
63883.74162538259,155560.0,89768.0,3972.0,27.283725357992807
63883.75171925065,155610.0,89814.0,3986.0,27.293819226055348
63883.761813118705,155598.0,89767.0,3980.0,27.303913094110612
63883.77190698676,155585.0,89784.0,3995.0,27.314006962165877
63883.782000854815,155543.0,89798.0,3978.0,27.32410083022114
63883.79209472287,155495.0,89745.0,3950.0,27.334194698276406
63883.80218859093,155396.0,89736.0,3989.0,27.344288566338946
63883.81228245899,155315.0,89726.0,3956.0,27.35438243439421
63883.82237632704,155252.0,89731.0,3945.0,27.364476302449475
63883.8324701951,155173.0,89674.0,3921.0,27.37457017050474
63883.84256406316,155150.0,89709.0,3929.0,27.38466403856728
63883.85265793122,155104.0,89684.0,3925.0,27.394757906622544
63883.86275179927,155069.0,89639.0,3898.0,27.40485177467781
63883.87284566733,155071.0,89653.0,3931.0,27.414945642733073
63883.88293953539,155089.0,89683.0,3933.0,27.425039510795614
63883.893033403445,155102.0,89671.0,3910.0,27.435133378850878
63883.9031272715,155087.0,89673.0,3904.0,27.445227246906143
63883.913221139555,155145.0,89688.0,3931.0,27.455321114961407
63883.92331500762,155120.0,89671.0,3891.0,27.465414983023948
63883.93340887567,155158.0,89693.0,3921.0,27.475508851079212
63883.94350274373,155150.0,89672.0,3914.0,27.485602719134477
63883.953596611784,155170.0,89674.0,3914.0,27.49569658718974
63883.96369047984,155187.0,89696.0,3901.0,27.505790455245005
63883.9737843479,155221.0,89709.0,3915.0,27.515884323307546
63883.98387821596,155247.0,89713.0,3939.0,27.52597819136281
63883.99397208401,155224.0,89691.0,3899.0,27.536072059418075
63884.00406595207,155252.0,89696.0,3960.0,27.54616592747334
63884.01415982013,155268.0,89718.0,3929.0,27.55625979553588
63884.024253688185,155242.0,89712.0,3928.0,27.566353663591144
63884.03434755624,155281.0,89716.0,3916.0,27.57644753164641
63884.044441424296,155318.0,89751.0,3963.0,27.586541399701673
63884.05453529236,155299.0,89731.0,3935.0,27.596635267764213
63884.06462916041,155281.0,89698.0,3944.0,27.606729135819478
63884.07472302847,155306.0,89728.0,3948.0,27.616823003874742
63884.084816896524,155266.0,89711.0,3942.0,27.626916871930007
63884.09491076459,155255.0,89717.0,3938.0,27.637010739992547
63884.10500463264,155256.0,89732.0,3937.0,27.647104608047812
63884.1150985007,155224.0,89720.0,3927.0,27.657198476103076
63884.12519236875,155219.0,89695.0,3923.0,27.66729234415834
63884.13528623681,155199.0,89706.0,3922.0,27.677386212213605
63884.14538010487,155215.0,89726.0,3926.0,27.687480080276146
63884.155473972925,155196.0,89679.0,3932.0,27.69757394833141
63884.16556784098,155203.0,89712.0,3910.0,27.707667816386675
63884.175661709036,155262.0,89722.0,3941.0,27.71776168444194
63884.1857555771,155250.0,89732.0,3920.0,27.72785555250448
63884.195849445154,155271.0,89726.0,3898.0,27.737949420559744
63884.20594331321,155273.0,89730.0,3961.0,27.74804328861501
63884.216037181264,155261.0,89702.0,3923.0,27.758137156670273
63884.22613104933,155301.0,89726.0,3930.0,27.768231024732813
63884.23622491738,155301.0,89747.0,3924.0,27.778324892788078
63884.24631878544,155307.0,89728.0,3927.0,27.788418760843342
63884.25641265349,155324.0,89714.0,3926.0,27.798512628898607
63884.266506521555,155341.0,89736.0,3958.0,27.808606496961147
63884.27660038961,155350.0,89754.0,3961.0,27.81870036501641
63884.286694257666,155339.0,89701.0,3923.0,27.828794233071676
63884.29678812572,155365.0,89756.0,3966.0,27.83888810112694
63884.306881993776,155382.0,89729.0,3951.0,27.848981969182205
63884.31697586184,155379.0,89732.0,3929.0,27.859075837244745
63884.327069729894,155393.0,89742.0,3934.0,27.86916970530001
63884.33716359795,155430.0,89749.0,3971.0,27.879263573355274
63884.347257466005,155418.0,89752.0,3961.0,27.88935744141054
63884.35735133407,155385.0,89726.0,3941.0,27.89945130947308
63884.36744520212,155403.0,89771.0,3962.0,27.909545177528344
63884.37753907018,155433.0,89739.0,3943.0,27.919639045583608
63884.38763293823,155442.0,89752.0,3959.0,27.929732913638873
63884.397726806295,155457.0,89750.0,3969.0,27.939826781701413
63884.40782067435,155426.0,89733.0,3944.0,27.949920649756677
63884.417914542406,155427.0,89741.0,3944.0,27.960014517811942
63884.42800841046,155452.0,89755.0,3968.0,27.970108385867206
63884.438102278524,155484.0,89786.0,3956.0,27.980202253929747
63884.44819614658,155439.0,89760.0,3951.0,27.99029612198501
63884.458290014634,155468.0,89758.0,3949.0,28.000389990040276
63884.46838388269,155471.0,89768.0,3967.0,28.01048385809554
63884.478477750745,155482.0,89769.0,3987.0,28.020577726150805
63884.48857161881,155485.0,89787.0,3984.0,28.030671594213345
63884.49866548686,155463.0,89735.0,3960.0,28.04076546226861
63884.50875935492,155499.0,89769.0,3985.0,28.050859330323874
63884.51885322297,155461.0,89753.0,3952.0,28.06095319837914
63884.528947091036,155545.0,89778.0,3983.0,28.07104706644168
63884.53904095909,155511.0,89722.0,3981.0,28.081140934496943
63884.549134827146,155515.0,89760.0,3967.0,28.091234802552208
63884.5592286952,155537.0,89766.0,3969.0,28.101328670607472
63884.569322563264,155551.0,89806.0,3994.0,28.111422538670013
63884.57941643132,155536.0,89751.0,3982.0,28.121516406725277
63884.589510299375,155554.0,89772.0,3985.0,28.13161027478054
63884.59960416743,155553.0,89795.0,3962.0,28.141704142835806
63884.609698035485,155530.0,89757.0,3965.0,28.15179801089107
63884.61979190355,155512.0,89792.0,3981.0,28.16189187895361
63884.6298857716,155425.0,89757.0,3963.0,28.171985747008875
63884.63997963966,155335.0,89707.0,3967.0,28.18207961506414
63884.65007350771,155226.0,89690.0,3928.0,28.192173483119404
63884.660167375776,155210.0,89698.0,3946.0,28.202267351181945
63884.67026124383,155142.0,89649.0,3917.0,28.21236121923721
63884.68035511189,155072.0,89642.0,3946.0,28.222455087292474
63884.69044897994,155079.0,89671.0,3923.0,28.23254895534774
63884.700542848004,155034.0,89631.0,3897.0,28.24264282341028
63884.71063671606,155060.0,89657.0,3892.0,28.252736691465543
63884.720730584115,155048.0,89643.0,3908.0,28.262830559520808
63884.73082445217,155039.0,89643.0,3892.0,28.272924427576072
63884.74091832023,155063.0,89655.0,3890.0,28.283018295638612
63884.75101218829,155096.0,89663.0,3900.0,28.293112163693877
63884.76110605634,155109.0,89674.0,3910.0,28.30320603174914
63884.7711999244,155099.0,89655.0,3906.0,28.313299899804406
63884.781293792454,155125.0,89637.0,3895.0,28.32339376785967
63884.791387660516,155167.0,89682.0,3919.0,28.33348763592221
63884.80148152857,155148.0,89678.0,3896.0,28.343581503977475
63884.81157539663,155131.0,89708.0,3906.0,28.35367537203274
63884.82166926468,155192.0,89686.0,3921.0,28.363769240088004
63884.831763132745,155170.0,89681.0,3896.0,28.373863108150545
63884.8418570008,155197.0,89691.0,3916.0,28.38395697620581
63884.851950868855,155203.0,89678.0,3918.0,28.394050844261074
63884.86204473691,155213.0,89709.0,3941.0,28.404144712316338
63884.87213860497,155206.0,89690.0,3907.0,28.41423858037888
63884.88223247303,155228.0,89702.0,3928.0,28.424332448434143
63884.89232634108,155255.0,89698.0,3929.0,28.434426316489407
63884.90242020914,155205.0,89663.0,3907.0,28.444520184544672
63884.912514077194,155207.0,89697.0,3940.0,28.454614052599936
63884.92260794526,155194.0,89693.0,3916.0,28.464707920662477
63884.93270181331,155159.0,89699.0,3888.0,28.47480178871774
63884.94279568137,155132.0,89681.0,3908.0,28.484895656773006
63884.95288954942,155145.0,89668.0,3898.0,28.49498952482827
63884.962983417485,155152.0,89677.0,3913.0,28.50508339289081
63884.97307728554,155150.0,89660.0,3909.0,28.515177260946075
63884.983171153595,155164.0,89651.0,3911.0,28.52527112900134
63884.99326502165,155143.0,89658.0,3942.0,28.535364997056604
63885.00335888971,155183.0,89690.0,3914.0,28.545458865119144
63885.01345275777,155194.0,89663.0,3915.0,28.55555273317441
63885.023546625824,155206.0,89694.0,3928.0,28.565646601229673
63885.03364049388,155231.0,89700.0,3900.0,28.575740469284938
63885.04373436194,155219.0,89693.0,3918.0,28.585834337347478
63885.05382823,155236.0,89697.0,3926.0,28.595928205402743
63885.06392209805,155182.0,89677.0,3925.0,28.606022073458007
63885.07401596611,155210.0,89718.0,3931.0,28.61611594151327
63885.08410983416,155271.0,89696.0,3930.0,28.626209809568536
63885.094203702225,155263.0,89694.0,3921.0,28.636303677631076
63885.10429757028,155270.0,89708.0,3924.0,28.64639754568634
63885.114391438336,155281.0,89688.0,3924.0,28.656491413741605
63885.12448530639,155308.0,89712.0,3935.0,28.66658528179687
63885.13457917445,155327.0,89705.0,3946.0,28.67667914985941
63885.14467304251,155315.0,89733.0,3946.0,28.686773017914675
63885.154766910564,155367.0,89723.0,3978.0,28.69686688596994
63885.16486077862,155339.0,89715.0,3932.0,28.706960754025204
63885.17495464668,155333.0,89716.0,3934.0,28.717054622087744
63885.18504851474,155353.0,89709.0,3974.0,28.72714849014301
63885.19514238279,155332.0,89694.0,3937.0,28.737242358198273
63885.20523625085,155353.0,89726.0,3920.0,28.747336226253537
63885.21533011891,155367.0,89731.0,3949.0,28.757430094316078
63885.225423986965,155341.0,89715.0,3935.0,28.767523962371342
63885.23551785502,155362.0,89742.0,3947.0,28.777617830426607
63885.245611723076,155370.0,89734.0,3937.0,28.78771169848187
63885.25570559113,155391.0,89699.0,3980.0,28.797805566537136
63885.265799459194,155361.0,89709.0,3923.0,28.807899434599676
63885.27589332725,155356.0,89757.0,3956.0,28.81799330265494
63885.285987195304,155359.0,89732.0,3934.0,28.828087170710205
63885.29608106336,155389.0,89708.0,3955.0,28.83818103876547
63885.30617493142,155392.0,89727.0,3915.0,28.84827490682801
63885.31626879948,155391.0,89736.0,3942.0,28.858368774883274
63885.32636266753,155396.0,89733.0,3949.0,28.86846264293854
63885.33645653559,155394.0,89711.0,3985.0,28.878556510993803
63885.34655040365,155372.0,89699.0,3952.0,28.888650379056344
63885.356644271706,155398.0,89730.0,3937.0,28.89874424711161
63885.36673813976,155426.0,89736.0,3932.0,28.908838115166873
63885.376832007816,155439.0,89742.0,3962.0,28.918931983222137
63885.38692587588,155446.0,89710.0,3980.0,28.929025851284678
63885.397019743934,155461.0,89739.0,3973.0,28.939119719339942
63885.40711361199,155463.0,89759.0,3967.0,28.949213587395207
63885.417207480044,155470.0,89738.0,3968.0,28.95930745545047
63885.4273013481,155450.0,89723.0,3964.0,28.969401323505735
63885.43739521616,155468.0,89727.0,3968.0,28.979495191568276
63885.44748908422,155492.0,89719.0,3962.0,28.98958905962354
63885.45758295227,155511.0,89743.0,3980.0,28.999682927678805
63885.46767682033,155491.0,89753.0,3968.0,29.00977679573407
63885.47777068839,155464.0,89739.0,3959.0,29.01987066379661
63885.487864556446,155361.0,89689.0,3946.0,29.029964531851874
63885.4979584245,155321.0,89713.0,3954.0,29.04005839990714
63885.50805229256,155223.0,89696.0,3935.0,29.050152267962403
63885.51814616062,155167.0,89670.0,3909.0,29.060246136024944
63885.528240028674,155104.0,89672.0,3915.0,29.070340004080208
63885.53833389673,155061.0,89659.0,3910.0,29.080433872135472
63885.548427764785,155020.0,89622.0,3896.0,29.090527740190737
63885.55852163285,154998.0,89616.0,3873.0,29.100621608253277
63885.5686155009,155004.0,89630.0,3879.0,29.110715476308542
63885.57870936896,155000.0,89637.0,3884.0,29.120809344363806
63885.58880323701,154977.0,89637.0,3870.0,29.13090321241907
63885.59889710507,155021.0,89647.0,3893.0,29.140997080474335
63885.60899097313,155041.0,89640.0,3912.0,29.151090948536876
63885.619084841186,155042.0,89633.0,3894.0,29.16118481659214
63885.62917870924,155045.0,89655.0,3884.0,29.171278684647405
63885.6392725773,155048.0,89628.0,3879.0,29.18137255270267
63885.64936644536,155053.0,89664.0,3880.0,29.19146642076521
63885.659460313414,155086.0,89658.0,3886.0,29.201560288820474
63885.66955418147,155100.0,89663.0,3895.0,29.21165415687574
63885.679648049525,155124.0,89653.0,3909.0,29.221748024931003
63885.68974191759,155108.0,89642.0,3888.0,29.231841892993543
63885.69983578564,155117.0,89653.0,3900.0,29.241935761048808
63885.7099296537,155126.0,89653.0,3882.0,29.252029629104072
63885.72002352175,155128.0,89666.0,3886.0,29.262123497159337
63885.730117389816,155156.0,89684.0,3915.0,29.272217365221877
63885.74021125787,155129.0,89647.0,3922.0,29.28231123327714
63885.75030512593,155152.0,89658.0,3886.0,29.292405101332406
63885.76039899398,155117.0,89659.0,3900.0,29.30249896938767
63885.77049286204,155160.0,89678.0,3876.0,29.312592837442935
63885.7805867301,155127.0,89663.0,3924.0,29.322686705505475
63885.790680598155,155128.0,89690.0,3902.0,29.33278057356074
63885.80077446621,155142.0,89678.0,3926.0,29.342874441616004
63885.810868334265,155144.0,89682.0,3916.0,29.35296830967127
63885.82096220233,155106.0,89662.0,3911.0,29.36306217773381
63885.83105607038,155099.0,89671.0,3893.0,29.373156045789074
63885.84114993844,155109.0,89672.0,3903.0,29.383249913844338
63885.85124380649,155090.0,89682.0,3891.0,29.393343781899603
63885.861337674556,155118.0,89662.0,3886.0,29.403437649962143
63885.87143154261,155106.0,89632.0,3924.0,29.413531518017408
63885.88152541067,155137.0,89663.0,3900.0,29.423625386072672
63885.89161927872,155124.0,89663.0,3910.0,29.433719254127936
63885.901713146784,155166.0,89685.0,3874.0,29.443813122190477
63885.91180701484,155163.0,89680.0,3906.0,29.45390699024574
63885.921900882895,155151.0,89693.0,3895.0,29.464000858301006
63885.93199475095,155166.0,89685.0,3874.0,29.47409472635627
63885.942088619006,155207.0,89678.0,3884.0,29.484188594411535
63885.95218248707,155204.0,89673.0,3910.0,29.494282462474075
63885.96227635512,155216.0,89677.0,3929.0,29.50437633052934
63885.97237022318,155234.0,89707.0,3931.0,29.514470198584604
63885.982464091234,155210.0,89682.0,3886.0,29.52456406663987
63885.9925579593,155232.0,89683.0,3930.0,29.53465793470241
63886.00265182735,155247.0,89680.0,3919.0,29.544751802757673
63886.01274569541,155253.0,89708.0,3890.0,29.554845670812938
63886.02283956346,155230.0,89675.0,3939.0,29.564939538868202
63886.032933431525,155252.0,89679.0,3917.0,29.575033406930743
63886.04302729958,155282.0,89682.0,3953.0,29.585127274986007
63886.053121167635,155298.0,89715.0,3942.0,29.59522114304127
63886.06321503569,155297.0,89724.0,3940.0,29.605315011096536
63886.07330890375,155298.0,89697.0,3925.0,29.615408879159077
63886.08340277181,155270.0,89664.0,3926.0,29.62550274721434
63886.09349663986,155271.0,89677.0,3960.0,29.635596615269606
63886.10359050792,155317.0,89732.0,3947.0,29.64569048332487
63886.113684375974,155284.0,89704.0,3923.0,29.655784351380134
63886.12377824404,155279.0,89698.0,3935.0,29.665878219442675
63886.13387211209,155312.0,89725.0,3943.0,29.67597208749794
63886.14396598015,155296.0,89700.0,3942.0,29.686065955553204
63886.1540598482,155320.0,89704.0,3935.0,29.69615982360847
63886.164153716265,155294.0,89685.0,3942.0,29.70625369167101
63886.17424758432,155336.0,89734.0,3950.0,29.716347559726273
63886.184341452376,155302.0,89701.0,3915.0,29.726441427781538
63886.19443532043,155346.0,89711.0,3938.0,29.736535295836802
63886.20452918849,155351.0,89713.0,3960.0,29.746629163899343
63886.21462305655,155313.0,89687.0,3930.0,29.756723031954607
63886.224716924604,155350.0,89683.0,3945.0,29.76681690000987
63886.23481079266,155353.0,89715.0,3939.0,29.776910768065136
63886.244904660714,155360.0,89700.0,3936.0,29.7870046361204
63886.25499852878,155361.0,89709.0,3913.0,29.79709850418294
63886.26509239683,155388.0,89738.0,3974.0,29.807192372238205
63886.27518626489,155367.0,89685.0,3921.0,29.81728624029347
63886.28528013294,155368.0,89702.0,3950.0,29.827380108348734
63886.295374001005,155413.0,89733.0,3966.0,29.837473976411275
63886.30546786906,155378.0,89708.0,3961.0,29.84756784446654
63886.315561737116,155409.0,89728.0,3957.0,29.857661712521804
63886.32565560517,155400.0,89734.0,3940.0,29.867755580577068
63886.33574947323,155426.0,89701.0,3942.0,29.87784944863961
63886.34584334129,155394.0,89722.0,3952.0,29.887943316694873
63886.355937209344,155420.0,89721.0,3967.0,29.898037184750137
63886.3660310774,155398.0,89730.0,3949.0,29.908131052805402
63886.37612494546,155294.0,89670.0,3930.0,29.918224920867942
63886.38621881352,155221.0,89701.0,3928.0,29.928318788923207
63886.39631268157,155179.0,89667.0,3946.0,29.93841265697847
63886.40640654963,155124.0,89671.0,3919.0,29.948506525033736
63886.41650041768,155050.0,89636.0,3876.0,29.958600393089
63886.426594285746,155030.0,89637.0,3906.0,29.96869426115154
63886.4366881538,154975.0,89622.0,3875.0,29.978788129206805
63886.446782021856,154981.0,89619.0,3883.0,29.98888199726207
63886.45687588991,154927.0,89582.0,3867.0,29.998975865317334
63886.466969757974,154925.0,89622.0,3841.0,30.009069733379874
63886.47706362603,154954.0,89640.0,3866.0,30.01916360143514
63886.487157494084,154963.0,89615.0,3871.0,30.029257469490403
63886.49725136214,154952.0,89620.0,3913.0,30.039351337545668
63886.5073452302,154979.0,89629.0,3849.0,30.049445205608208
63886.51743909826,154984.0,89641.0,3896.0,30.059539073663473
63886.52753296631,155012.0,89629.0,3879.0,30.069632941718737
63886.53762683437,155031.0,89624.0,3861.0,30.079726809774
63886.54772070243,155057.0,89659.0,3868.0,30.089820677836542
63886.557814570486,155014.0,89620.0,3855.0,30.099914545891806
63886.56790843854,155044.0,89629.0,3880.0,30.11000841394707
63886.578002306596,155047.0,89634.0,3869.0,30.120102282002335
63886.58809617465,155059.0,89660.0,3895.0,30.1301961500576
63886.598190042714,155039.0,89621.0,3860.0,30.14029001812014
63886.60828391077,155064.0,89636.0,3883.0,30.150383886175405
63886.618377778825,155106.0,89660.0,3875.0,30.16047775423067
63886.62847164688,155073.0,89656.0,3868.0,30.170571622285934
63886.63856551494,155083.0,89655.0,3904.0,30.180665490348474
63886.648659383,155068.0,89642.0,3888.0,30.19075935840374
63886.65875325105,155044.0,89619.0,3876.0,30.200853226459003
63886.66884711911,155047.0,89643.0,3865.0,30.210947094514268
63886.67894098717,155072.0,89664.0,3888.0,30.221040962576808
63886.689034855226,155051.0,89630.0,3877.0,30.231134830632072
63886.69912872328,155006.0,89613.0,3874.0,30.241228698687337
63886.70922259134,155052.0,89641.0,3897.0,30.2513225667426
63886.71931645939,155032.0,89620.0,3891.0,30.261416434797866
63886.729410327454,155029.0,89630.0,3871.0,30.271510302860406
63886.73950419551,155015.0,89610.0,3868.0,30.28160417091567
63886.749598063565,155014.0,89621.0,3879.0,30.291698038970935
63886.75969193162,155028.0,89625.0,3871.0,30.3017919070262
63886.76978579968,155042.0,89637.0,3874.0,30.31188577508874
63886.77987966774,155062.0,89637.0,3898.0,30.321979643144005
63886.78997353579,155079.0,89625.0,3861.0,30.33207351119927
63886.80006740385,155062.0,89611.0,3870.0,30.342167379254533
63886.81016127191,155103.0,89665.0,3887.0,30.352261247317074
63886.820255139966,155104.0,89680.0,3901.0,30.36235511537234
63886.83034900802,155096.0,89632.0,3873.0,30.372448983427603
63886.84044287608,155097.0,89641.0,3882.0,30.382542851482867
63886.85053674414,155125.0,89650.0,3891.0,30.392636719545408
63886.860630612195,155104.0,89635.0,3889.0,30.402730587600672
63886.87072448025,155155.0,89629.0,3898.0,30.412824455655937
63886.880818348305,155146.0,89656.0,3906.0,30.4229183237112
63886.89091221636,155161.0,89656.0,3878.0,30.433012191766466
63886.90100608442,155134.0,89663.0,3894.0,30.443106059829006
63886.91109995248,155190.0,89687.0,3918.0,30.45319992788427
63886.92119382053,155178.0,89658.0,3889.0,30.463293795939535
63886.93128768859,155175.0,89662.0,3890.0,30.4733876639948
63886.94138155665,155151.0,89633.0,3895.0,30.48348153205734
63886.95147542471,155142.0,89633.0,3912.0,30.493575400112604
63886.96156929276,155182.0,89691.0,3928.0,30.50366926816787
63886.97166316082,155173.0,89659.0,3887.0,30.513763136223133
63886.98175702888,155192.0,89652.0,3909.0,30.523857004285674
63886.991850896935,155171.0,89647.0,3889.0,30.533950872340938
63887.00194476499,155220.0,89668.0,3908.0,30.544044740396203
63887.012038633045,155162.0,89633.0,3899.0,30.554138608451467
63887.02213250111,155186.0,89669.0,3908.0,30.564232476514007
63887.03222636916,155179.0,89676.0,3881.0,30.574326344569272
63887.04232023722,155186.0,89673.0,3928.0,30.584420212624536
63887.052414105274,155217.0,89661.0,3896.0,30.5945140806798
63887.06250797333,155225.0,89672.0,3907.0,30.604607948735065
63887.07260184139,155230.0,89715.0,3916.0,30.614701816797606
63887.08269570945,155197.0,89637.0,3896.0,30.62479568485287
63887.0927895775,155201.0,89684.0,3918.0,30.634889552908135
63887.10288344556,155249.0,89676.0,3900.0,30.6449834209634
63887.11297731362,155245.0,89679.0,3905.0,30.65507728902594
63887.123071181675,155262.0,89679.0,3902.0,30.665171157081204
63887.13316504973,155275.0,89694.0,3925.0,30.67526502513647
63887.143258917786,155265.0,89678.0,3929.0,30.685358893191733
63887.15335278585,155259.0,89691.0,3919.0,30.695452761254273
63887.1634466539,155306.0,89701.0,3933.0,30.705546629309538
63887.17354052196,155281.0,89699.0,3915.0,30.715640497364802
63887.183634390014,155294.0,89683.0,3924.0,30.725734365420067
63887.19372825808,155312.0,89689.0,3911.0,30.735828233482607
63887.20382212613,155329.0,89695.0,3935.0,30.74592210153787
63887.21391599419,155263.0,89649.0,3902.0,30.756015969593136
63887.22400986224,155318.0,89690.0,3925.0,30.7661098376484
63887.2341037303,155317.0,89710.0,3928.0,30.776203705703665
63887.24419759836,155299.0,89703.0,3912.0,30.786297573766205
63887.254291466415,155297.0,89695.0,3909.0,30.79639144182147
63887.26438533447,155232.0,89684.0,3923.0,30.806485309876734
63887.274479202526,155140.0,89658.0,3902.0,30.816579177932
63887.28457307059,155076.0,89638.0,3898.0,30.82667304599454
63887.294666938644,155041.0,89657.0,3915.0,30.836766914049804
63887.3047608067,154987.0,89610.0,3884.0,30.846860782105068
63887.314854674754,154992.0,89596.0,3902.0,30.856954650160333
63887.32494854282,154932.0,89598.0,3846.0,30.867048518222873
63887.33504241087,154932.0,89609.0,3874.0,30.877142386278138
63887.34513627893,154873.0,89575.0,3847.0,30.887236254333402
63887.35523014698,154868.0,89584.0,3848.0,30.897330122388666
63887.365324015045,154891.0,89603.0,3870.0,30.907423990451207
63887.3754178831,154923.0,89599.0,3859.0,30.91751785850647
63887.385511751156,154937.0,89609.0,3861.0,30.927611726561736
63887.39560561921,154969.0,89631.0,3863.0,30.937705594617
63887.405699487266,154928.0,89595.0,3850.0,30.947799462672265
63887.41579335533,155003.0,89628.0,3875.0,30.957893330734805
63887.425887223384,154985.0,89608.0,3860.0,30.96798719879007
63887.43598109144,155003.0,89636.0,3850.0,30.978081066845334
63887.446074959495,154956.0,89608.0,3846.0,30.9881749349006
63887.45616882756,155023.0,89638.0,3867.0,30.99826880296314
63887.46626269561,155009.0,89616.0,3867.0,31.008362671018403
63887.47635656367,154975.0,89577.0,3875.0,31.018456539073668
63887.48645043172,155017.0,89658.0,3858.0,31.028550407128932
63887.496544299785,154985.0,89607.0,3865.0,31.038644275191473
63887.50663816784,155037.0,89632.0,3908.0,31.048738143246737
63887.516732035896,155030.0,89624.0,3868.0,31.058832011302
63887.52682590395,155054.0,89644.0,3882.0,31.068925879357266
63887.536919772014,154998.0,89588.0,3853.0,31.079019747419807
63887.54701364007,155017.0,89622.0,3867.0,31.08911361547507
63887.557107508124,155012.0,89642.0,3865.0,31.099207483530336
63887.56720137618,154981.0,89594.0,3870.0,31.1093013515856
63887.577295244235,155000.0,89592.0,3868.0,31.119395219640865
63887.5873891123,154939.0,89582.0,3879.0,31.129489087703405
63887.59748298035,154978.0,89608.0,3865.0,31.13958295575867
63887.60757684841,154987.0,89623.0,3882.0,31.149676823813934
63887.61767071646,155006.0,89602.0,3873.0,31.1597706918692
63887.627764584526,154972.0,89577.0,3850.0,31.16986455993174
63887.63785845258,154988.0,89618.0,3867.0,31.179958427987003
63887.647952320636,154972.0,89588.0,3856.0,31.190052296042268
63887.65804618869,154999.0,89635.0,3884.0,31.200146164097532
63887.668140056754,154989.0,89639.0,3861.0,31.210240032160073
63887.67823392481,155022.0,89618.0,3864.0,31.220333900215337
63887.688327792865,155060.0,89629.0,3890.0,31.2304277682706
63887.69842166092,155044.0,89631.0,3864.0,31.240521636325866
63887.70851552898,155090.0,89637.0,3889.0,31.250615504388406
63887.71860939704,155064.0,89619.0,3879.0,31.26070937244367
63887.72870326509,155061.0,89648.0,3887.0,31.270803240498935
63887.73879713315,155051.0,89644.0,3875.0,31.2808971085542
63887.7488910012,155114.0,89645.0,3891.0,31.290990976609464
63887.758984869266,155084.0,89639.0,3879.0,31.301084844672005
63887.76907873732,155061.0,89608.0,3876.0,31.31117871272727
63887.77917260538,155124.0,89639.0,3867.0,31.321272580782534
63887.78926647343,155089.0,89622.0,3872.0,31.331366448837798
63887.799360341494,155113.0,89637.0,3874.0,31.34146031690034
63887.80945420955,155087.0,89646.0,3862.0,31.351554184955603
63887.819548077605,155128.0,89627.0,3884.0,31.361648053010867
63887.82964194566,155117.0,89653.0,3873.0,31.371741921066132
63887.83973581372,155122.0,89638.0,3877.0,31.381835789128672
63887.84982968178,155145.0,89656.0,3890.0,31.391929657183937
63887.85992354983,155104.0,89630.0,3881.0,31.4020235252392
63887.87001741789,155116.0,89670.0,3902.0,31.412117393294466
63887.880111285944,155169.0,89669.0,3904.0,31.42221126134973
63887.890205154006,155163.0,89630.0,3906.0,31.43230512941227
63887.90029902206,155158.0,89658.0,3903.0,31.442398997467535
63887.91039289012,155152.0,89648.0,3908.0,31.4524928655228
63887.92048675817,155158.0,89651.0,3885.0,31.462586733578064
63887.930580626235,155151.0,89652.0,3887.0,31.472680601640604
63887.94067449429,155141.0,89671.0,3888.0,31.48277446969587
63887.950768362345,155143.0,89633.0,3889.0,31.492868337751133
63887.9608622304,155183.0,89646.0,3893.0,31.502962205806398
63887.97095609846,155170.0,89653.0,3878.0,31.51305607386894
63887.98104996652,155160.0,89644.0,3884.0,31.523149941924203
63887.99114383457,155172.0,89654.0,3890.0,31.533243809979467
63888.00123770263,155191.0,89656.0,3911.0,31.54333767803473
63888.01133157069,155195.0,89689.0,3895.0,31.553431546097272
63888.02142543875,155201.0,89649.0,3905.0,31.563525414152537
63888.0315193068,155201.0,89667.0,3878.0,31.5736192822078
63888.04161317486,155213.0,89661.0,3928.0,31.583713150263065
63888.05170704291,155216.0,89656.0,3910.0,31.59380701831833
63888.061800910975,155189.0,89635.0,3892.0,31.60390088638087
63888.07189477903,155198.0,89664.0,3925.0,31.613994754436135
63888.081988647085,155109.0,89642.0,3874.0,31.6240886224914
63888.09208251514,155073.0,89636.0,3889.0,31.634182490546664
63888.1021763832,155034.0,89635.0,3898.0,31.644276358609204
63888.11227025126,154950.0,89594.0,3859.0,31.65437022666447
63888.122364119314,154911.0,89583.0,3876.0,31.664464094719733
63888.13245798737,154888.0,89604.0,3855.0,31.674557962774998
63888.14255185543,154842.0,89594.0,3839.0,31.684651830837538
63888.15264572349,154833.0,89555.0,3832.0,31.694745698892802
63888.16273959154,154843.0,89572.0,3824.0,31.704839566948067
63888.1728334596,154828.0,89554.0,3846.0,31.71493343500333
63888.18292732766,154802.0,89570.0,3806.0,31.725027303065872
63888.193021195715,154846.0,89585.0,3840.0,31.735121171121136
63888.20311506377,154837.0,89537.0,3851.0,31.7452150391764
63888.213208931826,154865.0,89590.0,3847.0,31.755308907231665
63888.22330279988,154882.0,89594.0,3853.0,31.76540277528693
63888.23339666794,154913.0,89595.0,3867.0,31.77549664334947
63888.243490536,154881.0,89569.0,3878.0,31.785590511404735
63888.253584404054,154909.0,89589.0,3845.0,31.79568437946
63888.26367827211,154962.0,89587.0,3855.0,31.805778247515264
63888.27377214017,154925.0,89584.0,3853.0,31.815872115577804
63888.28386600823,154871.0,89533.0,3818.0,31.82596598363307
63888.29395987628,154933.0,89591.0,3852.0,31.836059851688333
63888.30405374434,154963.0,89603.0,3856.0,31.846153719743597
63888.3141476124,154924.0,89600.0,3833.0,31.856247587806138
63888.324241480455,154989.0,89582.0,3869.0,31.866341455861402
63888.33433534851,154962.0,89609.0,3854.0,31.876435323916667
63888.344429216566,154939.0,89580.0,3842.0,31.88652919197193
63888.35452308462,154963.0,89587.0,3849.0,31.896623060027196
63888.364616952684,154958.0,89621.0,3863.0,31.906716928089736
63888.37471082074,154941.0,89602.0,3852.0,31.916810796145
63888.384804688794,154894.0,89593.0,3842.0,31.926904664200265
63888.39489855685,154916.0,89584.0,3843.0,31.93699853225553
63888.40499242491,154914.0,89594.0,3839.0,31.94709240031807
63888.41508629297,154901.0,89592.0,3834.0,31.957186268373334
63888.42518016102,154906.0,89600.0,3861.0,31.9672801364286
63888.43527402908,154881.0,89576.0,3829.0,31.977374004483863
63888.44536789714,154895.0,89581.0,3814.0,31.987467872546404
63888.455461765196,154928.0,89597.0,3842.0,31.997561740601668
63888.46555563325,154944.0,89601.0,3865.0,32.00765560865693
63888.475649501306,154919.0,89572.0,3837.0,32.0177494767122
63888.48574336937,154969.0,89626.0,3867.0,32.02784334477474
63888.495837237424,154949.0,89605.0,3841.0,32.03793721283
63888.50593110548,154957.0,89622.0,3860.0,32.048031080885266
63888.516024973535,154989.0,89645.0,3878.0,32.05812494894053
63888.52611884159,155003.0,89600.0,3840.0,32.068218816995795
63888.53621270965,154990.0,89620.0,3848.0,32.078312685058336
63888.54630657771,154975.0,89620.0,3844.0,32.0884065531136
63888.55640044576,155013.0,89626.0,3866.0,32.098500421168865
63888.56649431382,154976.0,89602.0,3850.0,32.10859428922413
63888.57658818188,155002.0,89614.0,3832.0,32.11868815728667
63888.586682049936,155010.0,89605.0,3869.0,32.128782025341934
63888.59677591799,155023.0,89592.0,3856.0,32.1388758933972
63888.60686978605,155020.0,89624.0,3852.0,32.14896976145246
63888.61696365411,155032.0,89629.0,3887.0,32.159063629515
63888.627057522164,155041.0,89627.0,3866.0,32.16915749757027
63888.63715139022,155037.0,89638.0,3860.0,32.17925136562553
63888.647245258275,155042.0,89642.0,3875.0,32.1893452336808
63888.65733912634,155086.0,89628.0,3891.0,32.19943910174334
63888.66743299439,155064.0,89639.0,3876.0,32.2095329697986
63888.67752686245,155047.0,89647.0,3887.0,32.219626837853866
63888.6876207305,155071.0,89634.0,3897.0,32.22972070590913
63888.69771459856,155036.0,89593.0,3889.0,32.239814573964395
63888.70780846662,155076.0,89616.0,3876.0,32.249908442026936
63888.717902334676,155086.0,89623.0,3874.0,32.2600023100822
63888.72799620273,155036.0,89599.0,3856.0,32.270096178137464
63888.73809007079,155107.0,89647.0,3853.0,32.28019004619273
63888.74818393885,155093.0,89633.0,3880.0,32.29028391425527
63888.758277806905,155083.0,89630.0,3902.0,32.300377782310534
63888.76837167496,155098.0,89613.0,3878.0,32.3104716503658
63888.778465543015,155096.0,89639.0,3883.0,32.32056551842106
63888.78855941108,155114.0,89648.0,3880.0,32.3306593864836
63888.79865327913,155089.0,89610.0,3876.0,32.34075325453887
63888.80874714719,155114.0,89624.0,3870.0,32.35084712259413
63888.81884101524,155099.0,89613.0,3871.0,32.3609409906494
63888.828934883306,155086.0,89634.0,3885.0,32.37103485871194
63888.83902875136,155071.0,89629.0,3905.0,32.3811287267672
63888.84912261942,154988.0,89616.0,3871.0,32.391222594822466
63888.85921648747,154926.0,89593.0,3831.0,32.40131646287773
63888.86931035553,154886.0,89578.0,3851.0,32.411410330932995
63888.87940422359,154855.0,89599.0,3844.0,32.421504198995535
63888.889498091645,154797.0,89546.0,3821.0,32.4315980670508
63888.8995919597,154762.0,89542.0,3816.0,32.441691935106064
63888.909685827755,154756.0,89551.0,3828.0,32.45178580316133
63888.91977969582,154722.0,89525.0,3824.0,32.46187967122387
63888.92987356387,154724.0,89515.0,3811.0,32.47197353927913
63888.93996743193,154738.0,89560.0,3837.0,32.4820674073344
63888.950061299984,154769.0,89523.0,3825.0,32.49216127538966
63888.960155168046,154723.0,89539.0,3804.0,32.5022551434522
63888.9702490361,154725.0,89516.0,3821.0,32.51234901150747
63888.98034290416,154795.0,89562.0,3845.0,32.52244287956273
63888.99043677221,154785.0,89557.0,3816.0,32.532536747617996
63889.000530640275,154782.0,89561.0,3805.0,32.54263061568054
63889.01062450833,154806.0,89575.0,3797.0,32.5527244837358
63889.020718376385,154774.0,89584.0,3811.0,32.562818351791066
63889.03081224444,154813.0,89570.0,3807.0,32.57291221984633
63889.040906112496,154834.0,89548.0,3835.0,32.583006087901595
63889.05099998056,154802.0,89583.0,3843.0,32.593099955964135
63889.06109384861,154819.0,89547.0,3806.0,32.6031938240194
63889.07118771667,154833.0,89572.0,3824.0,32.613287692074664
63889.081281584724,154803.0,89571.0,3812.0,32.62338156012993
63889.09137545279,154848.0,89572.0,3807.0,32.63347542819247
63889.10146932084,154830.0,89577.0,3816.0,32.64356929624773
63889.1115631889,154833.0,89571.0,3815.0,32.653663164303
63889.12165705695,154851.0,89584.0,3820.0,32.66375703235826
63889.131750925015,154848.0,89574.0,3815.0,32.6738509004208
63889.14184479307,154795.0,89541.0,3831.0,32.68394476847607
63889.151938661125,154811.0,89555.0,3806.0,32.69403863653133
63889.16203252918,154794.0,89551.0,3828.0,32.704132504586596
63889.17212639724,154806.0,89552.0,3794.0,32.71422637264914
63889.1822202653,154824.0,89584.0,3829.0,32.7243202407044
63889.192314133354,154783.0,89555.0,3802.0,32.734414108759665
63889.20240800141,154788.0,89531.0,3815.0,32.74450797681493
63889.212501869464,154810.0,89569.0,3781.0,32.754601844870194
63889.22259573753,154837.0,89575.0,3822.0,32.764695712932735
63889.23268960558,154845.0,89555.0,3829.0,32.774789580988
63889.24278347364,154847.0,89587.0,3813.0,32.784883449043264
63889.25287734169,154853.0,89570.0,3803.0,32.79497731709853
63889.262971209755,154873.0,89593.0,3836.0,32.80507118516107
63889.27306507781,154889.0,89589.0,3828.0,32.81516505321633
63889.283158945866,154882.0,89584.0,3814.0,32.8252589212716
63889.29325281392,154889.0,89576.0,3833.0,32.83535278932686
63889.30334668198,154914.0,89586.0,3835.0,32.8454466573894
63889.31344055004,154904.0,89578.0,3840.0,32.85554052544467
63889.323534418094,154913.0,89592.0,3834.0,32.86563439349993
63889.33362828615,154893.0,89567.0,3852.0,32.875728261555196
63889.34372215421,154886.0,89555.0,3814.0,32.885822129617736
63889.35381602227,154884.0,89582.0,3803.0,32.895915997673
63889.36390989032,154929.0,89586.0,3843.0,32.906009865728265
63889.37400375838,154940.0,89586.0,3846.0,32.91610373378353
63889.38409762643,154938.0,89573.0,3844.0,32.926197601838794
63889.394191494495,154943.0,89576.0,3838.0,32.936291469901334
63889.40428536255,154953.0,89596.0,3839.0,32.9463853379566
63889.414379230606,154975.0,89624.0,3850.0,32.95647920601186
63889.42447309866,154981.0,89577.0,3839.0,32.96657307406713
63889.434566966724,154986.0,89606.0,3864.0,32.97666694212967
63889.44466083478,154962.0,89597.0,3842.0,32.98676081018493
63889.454754702834,154995.0,89616.0,3826.0,32.9968546782402
63889.46484857089,154977.0,89586.0,3871.0,33.00694854629546
63889.47494243895,154969.0,89605.0,3868.0,33.017042414358
63889.48503630701,154954.0,89598.0,3833.0,33.02713628241327
63889.49513017506,154948.0,89590.0,3845.0,33.03723015046853
63889.50522404312,154977.0,89602.0,3844.0,33.047324018523796
63889.51531791118,154992.0,89574.0,3846.0,33.057417886586336
63889.525411779236,155014.0,89608.0,3840.0,33.0675117546416
63889.53550564729,155007.0,89570.0,3860.0,33.077605622696865
63889.545599515346,155042.0,89617.0,3882.0,33.08769949075213
63889.5556933834,155015.0,89630.0,3862.0,33.097793358807394
63889.565787251464,155039.0,89614.0,3861.0,33.107887226869934
63889.57588111952,155057.0,89594.0,3872.0,33.1179810949252
63889.585974987574,155022.0,89600.0,3842.0,33.12807496298046
63889.59606885563,155004.0,89606.0,3875.0,33.13816883103573
63889.60616272369,154971.0,89585.0,3849.0,33.14826269909827
63889.61625659175,154864.0,89599.0,3850.0,33.15835656715353
63889.6263504598,154817.0,89578.0,3843.0,33.1684504352088
63889.63644432786,154762.0,89518.0,3804.0,33.17854430326406
63889.64653819592,154729.0,89526.0,3805.0,33.1886381713266
63889.656632063976,154676.0,89526.0,3801.0,33.198732039381866
63889.66672593203,154701.0,89545.0,3811.0,33.20882590743713
63889.67681980009,154618.0,89484.0,3779.0,33.218919775492395
63889.68691366814,154638.0,89514.0,3787.0,33.22901364354766
63889.697007536204,154587.0,89543.0,3786.0,33.2391075116102
63889.70710140426,154624.0,89507.0,3766.0,33.249201379665465
63889.717195272315,154642.0,89510.0,3766.0,33.25929524772073
63889.72728914037,154658.0,89515.0,3778.0,33.269389115775994
63889.73738300843,154656.0,89542.0,3784.0,33.279482983838534
63889.74747687649,154629.0,89497.0,3786.0,33.2895768518938
63889.75757074454,154699.0,89534.0,3801.0,33.29967071994906
63889.7676646126,154632.0,89528.0,3764.0,33.30976458800433
63889.77775848066,154679.0,89512.0,3776.0,33.31985845606687
63889.787852348716,154674.0,89551.0,3760.0,33.32995232412213
63889.79794621677,154643.0,89528.0,3795.0,33.3400461921774
63889.80804008483,154669.0,89538.0,3759.0,33.35014006023266
63889.81813395289,154668.0,89526.0,3775.0,33.3602339282952
63889.828227820944,154678.0,89558.0,3779.0,33.370327796350466
63889.838321689,154654.0,89517.0,3747.0,33.38042166440573
63889.848415557055,154667.0,89525.0,3771.0,33.390515532460995
63889.85850942511,154706.0,89531.0,3776.0,33.40060940051626
63889.86860329317,154693.0,89528.0,3778.0,33.4107032685788
63889.87869716123,154725.0,89541.0,3779.0,33.420797136634064
63889.88879102928,154744.0,89533.0,3843.0,33.43089100468933
63889.89888489734,154710.0,89532.0,3774.0,33.44098487274459
63889.9089787654,154672.0,89506.0,3754.0,33.451078740807134
63889.91907263346,154726.0,89561.0,3789.0,33.4611726088624
63889.92916650151,154711.0,89546.0,3796.0,33.47126647691766
63889.93926036957,154693.0,89533.0,3782.0,33.48136034497293
63889.94935423763,154692.0,89516.0,3780.0,33.49145421303547
63889.959448105685,154685.0,89520.0,3768.0,33.50154808109073
63889.96954197374,154686.0,89520.0,3764.0,33.511641949146
63889.979635841795,154707.0,89533.0,3774.0,33.52173581720126
63889.98972970985,154747.0,89568.0,3785.0,33.531829685256525
63889.99982357791,154705.0,89524.0,3751.0,33.541923553319066
63890.00991744597,154745.0,89541.0,3793.0,33.55201742137433
63890.02001131402,154709.0,89530.0,3803.0,33.562111289429595
63890.03010518208,154753.0,89548.0,3790.0,33.57220515748486
63890.04019905014,154745.0,89521.0,3783.0,33.5822990255474
63890.0502929182,154742.0,89553.0,3800.0,33.592392893602664
63890.06038678625,154776.0,89561.0,3790.0,33.60248676165793
63890.07048065431,154780.0,89522.0,3804.0,33.61258062971319
63890.08057452237,154816.0,89567.0,3810.0,33.62267449777573
63890.090668390425,154811.0,89543.0,3803.0,33.632768365831
63890.10076225848,154824.0,89553.0,3788.0,33.64286223388626
63890.110856126536,154786.0,89530.0,3794.0,33.65295610194153
63890.1209499946,154851.0,89571.0,3801.0,33.66304997000407
63890.13104386265,154809.0,89560.0,3770.0,33.67314383805933
63890.14113773071,154844.0,89566.0,3809.0,33.683237706114596
63890.151231598764,154861.0,89560.0,3839.0,33.69333157416986
63890.16132546682,154869.0,89571.0,3808.0,33.703425442225125
63890.17141933488,154869.0,89574.0,3826.0,33.713519310287666
63890.18151320294,154859.0,89579.0,3803.0,33.72361317834293
63890.19160707099,154864.0,89594.0,3822.0,33.733707046398195
63890.20170093905,154841.0,89577.0,3794.0,33.74380091445346
63890.21179480711,154902.0,89582.0,3832.0,33.753894782516
63890.221888675165,154874.0,89582.0,3812.0,33.763988650571264
63890.23198254322,154861.0,89542.0,3814.0,33.77408251862653
63890.242076411276,154910.0,89580.0,3843.0,33.78417638668179
63890.25217027934,154873.0,89557.0,3820.0,33.79427025474433
63890.26226414739,154908.0,89566.0,3812.0,33.8043641227996
63890.27235801545,154908.0,89565.0,3827.0,33.81445799085486
63890.282451883504,154919.0,89564.0,3851.0,33.82455185891013
63890.29254575157,154881.0,89571.0,3833.0,33.83464572697267
63890.30263961962,154912.0,89576.0,3828.0,33.84473959502793
63890.31273348768,154931.0,89596.0,3815.0,33.854833463083196
63890.32282735573,154911.0,89583.0,3822.0,33.86492733113846
63890.33292122379,154933.0,89603.0,3824.0,33.875021199193725
63890.34301509185,154940.0,89599.0,3856.0,33.885115067256265
63890.353108959906,154970.0,89599.0,3844.0,33.89520893531153
63890.36320282796,155010.0,89637.0,3847.0,33.905302803366794
63890.373296696016,155004.0,89611.0,3855.0,33.91539667142206
63890.38339056408,154976.0,89596.0,3829.0,33.9254905394846
63890.393484432134,155010.0,89610.0,3841.0,33.935584407539864
63890.40357830019,155011.0,89631.0,3831.0,33.94567827559513
63890.413672168244,155013.0,89611.0,3817.0,33.95577214365039
63890.42376603631,155028.0,89597.0,3810.0,33.96586601171293
63890.43385990436,155035.0,89607.0,3851.0,33.9759598797682
63890.44395377242,155052.0,89619.0,3856.0,33.98605374782346
63890.45404764047,155061.0,89611.0,3830.0,33.996147615878726
63890.464141508535,155050.0,89637.0,3872.0,34.00624148394127
63890.47423537659,155016.0,89608.0,3844.0,34.01633535199653
63890.484329244646,154962.0,89577.0,3852.0,34.026429220051796
63890.4944231127,154904.0,89587.0,3816.0,34.03652308810706
63890.504516980756,154826.0,89582.0,3827.0,34.046616956162325
63890.51461084882,154748.0,89554.0,3817.0,34.056710824224865
63890.524704716874,154675.0,89495.0,3785.0,34.06680469228013
63890.53479858493,154618.0,89549.0,3792.0,34.076898560335394
63890.544892452985,154595.0,89495.0,3763.0,34.08699242839066
63890.55498632105,154582.0,89510.0,3751.0,34.0970862964532
63890.5650801891,154595.0,89502.0,3744.0,34.10718016450846
63890.57517405716,154556.0,89495.0,3733.0,34.11727403256373
63890.58526792521,154556.0,89487.0,3738.0,34.12736790061899
63890.595361793276,154580.0,89506.0,3761.0,34.13746176868153
63890.60545566133,154592.0,89494.0,3761.0,34.1475556367368
63890.615549529386,154552.0,89525.0,3730.0,34.15764950479206
63890.62564339744,154612.0,89532.0,3757.0,34.167743372847326
63890.635737265504,154591.0,89522.0,3756.0,34.17783724090987
63890.64583113356,154559.0,89509.0,3779.0,34.18793110896513
63890.655925001614,154580.0,89523.0,3757.0,34.198024977020395
63890.66601886967,154582.0,89508.0,3766.0,34.20811884507566
63890.676112737725,154568.0,89505.0,3744.0,34.218212713130924
63890.68620660579,154542.0,89468.0,3714.0,34.228306581193465
63890.69630047384,154554.0,89526.0,3721.0,34.23840044924873
63890.7063943419,154519.0,89494.0,3776.0,34.248494317303994
63890.71648820995,154562.0,89515.0,3746.0,34.25858818535926
63890.726582078016,154569.0,89517.0,3757.0,34.2686820534218
63890.73667594607,154601.0,89550.0,3768.0,34.27877592147706
63890.746769814126,154559.0,89512.0,3714.0,34.28886978953233
63890.75686368218,154596.0,89524.0,3745.0,34.29896365758759
63890.766957550244,154629.0,89549.0,3767.0,34.30905752565013
63890.7770514183,154598.0,89531.0,3733.0,34.3191513937054
63890.787145286355,154622.0,89507.0,3726.0,34.32924526176066
63890.79723915441,154603.0,89518.0,3750.0,34.339339129815926
63890.80733302247,154630.0,89507.0,3743.0,34.349432997878466
63890.81742689053,154601.0,89494.0,3735.0,34.35952686593373
63890.82752075858,154608.0,89543.0,3753.0,34.369620733988995
63890.83761462664,154595.0,89514.0,3724.0,34.37971460204426
63890.84770849469,154573.0,89492.0,3762.0,34.389808470099524
63890.857802362756,154608.0,89537.0,3745.0,34.399902338162065
63890.86789623081,154594.0,89482.0,3743.0,34.40999620621733
63890.87799009887,154601.0,89513.0,3734.0,34.42009007427259
63890.88808396692,154605.0,89505.0,3751.0,34.43018394232786
63890.898177834984,154650.0,89560.0,3740.0,34.4402778103904
63890.90827170304,154615.0,89496.0,3757.0,34.45037167844566
63890.918365571095,154655.0,89535.0,3767.0,34.46046554650093
63890.92845943915,154655.0,89557.0,3745.0,34.47055941455619
63890.93855330721,154646.0,89507.0,3764.0,34.48065328261873
63890.94864717527,154644.0,89519.0,3738.0,34.490747150674
63890.95874104332,154688.0,89544.0,3774.0,34.50084101872926
63890.96883491138,154686.0,89548.0,3753.0,34.510934886784526
63890.97892877944,154683.0,89548.0,3774.0,34.521028754847066
63890.989022647496,154714.0,89544.0,3767.0,34.53112262290233
63890.99911651555,154724.0,89546.0,3760.0,34.541216490957595
63891.00921038361,154717.0,89560.0,3778.0,34.55131035901286
63891.01930425166,154727.0,89533.0,3788.0,34.561404227068124
63891.029398119725,154761.0,89568.0,3785.0,34.571498095130664
63891.03949198778,154743.0,89549.0,3750.0,34.58159196318593
63891.049585855835,154740.0,89558.0,3775.0,34.59168583124119
63891.05967972389,154724.0,89557.0,3752.0,34.60177969929646
63891.06977359195,154735.0,89540.0,3775.0,34.611873567359
63891.07986746001,154772.0,89590.0,3808.0,34.62196743541426
63891.08996132806,154799.0,89574.0,3791.0,34.63206130346953
63891.10005519612,154736.0,89575.0,3777.0,34.64215517152479
63891.11014906418,154770.0,89556.0,3750.0,34.65224903958733
63891.12024293224,154812.0,89590.0,3797.0,34.662342907642596
63891.13033680029,154790.0,89569.0,3790.0,34.67243677569786
63891.14043066835,154781.0,89545.0,3786.0,34.682530643753125
63891.15052453641,154811.0,89555.0,3786.0,34.692624511815666
63891.160618404465,154802.0,89549.0,3772.0,34.70271837987093
63891.17071227252,154829.0,89569.0,3785.0,34.712812247926195
63891.180806140575,154802.0,89586.0,3790.0,34.72290611598146
63891.19090000863,154854.0,89589.0,3820.0,34.732999984036724
63891.20099387669,154821.0,89562.0,3801.0,34.743093852099264
63891.21108774475,154846.0,89578.0,3785.0,34.75318772015453
63891.221181612804,154845.0,89594.0,3789.0,34.76328158820979
63891.23127548086,154832.0,89568.0,3788.0,34.77337545626506
63891.24136934892,154851.0,89584.0,3782.0,34.7834693243276
63891.25146321698,154896.0,89585.0,3793.0,34.79356319238286
63891.26155708503,154902.0,89587.0,3829.0,34.80365706043813
63891.27165095309,154901.0,89584.0,3777.0,34.81375092849339
63891.28174482115,154914.0,89608.0,3826.0,34.82384479655593
63891.291838689205,154917.0,89600.0,3812.0,34.833938664611196
63891.30193255726,154898.0,89577.0,3796.0,34.84403253266646
63891.312026425316,154886.0,89599.0,3791.0,34.854126400721725
63891.32212029337,154952.0,89615.0,3818.0,34.86422026877699
63891.33221416143,154941.0,89599.0,3816.0,34.87431413683953
63891.34230802949,154954.0,89602.0,3798.0,34.884408004894794
63891.352401897544,154963.0,89613.0,3811.0,34.89450187295006
63891.3624957656,154957.0,89624.0,3825.0,34.90459574100532
63891.37258963366,154977.0,89601.0,3830.0,34.914689609067864
63891.38268350172,154953.0,89632.0,3832.0,34.92478347712313
63891.39277736977,154972.0,89604.0,3799.0,34.93487734517839
63891.40287123783,155001.0,89601.0,3812.0,34.94497121323366
63891.41296510589,154994.0,89622.0,3850.0,34.9550650812962
63891.423058973945,155014.0,89643.0,3824.0,34.96515894935146
63891.433152842,154999.0,89596.0,3810.0,34.97525281740673
63891.443246710056,154969.0,89639.0,3833.0,34.98534668546199
63891.45334057812,154948.0,89605.0,3820.0,34.99544055352453
63891.463434446174,154878.0,89590.0,3811.0,35.005534421579796
63891.47352831423,154821.0,89583.0,3784.0,35.01562828963506
63891.483622182284,154738.0,89542.0,3792.0,35.025722157690325
63891.49371605034,154641.0,89515.0,3770.0,35.03581602574559
63891.5038099184,154618.0,89534.0,3766.0,35.04590989380813
63891.51390378646,154564.0,89536.0,3770.0,35.056003761863394
63891.52399765451,154531.0,89504.0,3737.0,35.06609762991866
63891.53409152257,154541.0,89522.0,3731.0,35.07619149797392
63891.54418539063,154538.0,89505.0,3746.0,35.08628536603646
63891.554279258686,154531.0,89519.0,3771.0,35.09637923409173
63891.56437312674,154552.0,89539.0,3762.0,35.10647310214699
63891.574466994796,154560.0,89532.0,3766.0,35.11656697020226
63891.58456086286,154543.0,89516.0,3745.0,35.1266608382648
63891.594654730914,154531.0,89504.0,3738.0,35.13675470632006
63891.60474859897,154562.0,89548.0,3755.0,35.146848574375326
63891.614842467025,154549.0,89511.0,3764.0,35.15694244243059
63891.62493633508,154552.0,89522.0,3737.0,35.167036310485855
63891.63503020314,154537.0,89499.0,3732.0,35.177130178548396
63891.6451240712,154524.0,89537.0,3741.0,35.18722404660366
63891.65521793925,154497.0,89506.0,3714.0,35.197317914658925
63891.66531180731,154521.0,89527.0,3735.0,35.20741178271419
63891.67540567537,154521.0,89536.0,3747.0,35.21750565077673
63891.685499543426,154503.0,89508.0,3696.0,35.227599518831994
63891.69559341148,154536.0,89539.0,3736.0,35.23769338688726
63891.70568727954,154549.0,89515.0,3727.0,35.24778725494252
63891.7157811476,154580.0,89539.0,3743.0,35.25788112300506
63891.725875015654,154546.0,89520.0,3707.0,35.26797499106033
63891.73596888371,154613.0,89563.0,3715.0,35.27806885911559
63891.746062751765,154589.0,89524.0,3731.0,35.28816272717086
63891.75615661983,154546.0,89518.0,3756.0,35.2982565952334
63891.76625048788,154565.0,89519.0,3714.0,35.30835046328866
63891.77634435594,154542.0,89490.0,3715.0,35.318444331343926
63891.78643822399,154575.0,89517.0,3728.0,35.32853819939919
63891.79653209205,154541.0,89546.0,3761.0,35.338632067454455
63891.80662596011,154592.0,89547.0,3742.0,35.348725935516995
63891.816719828166,154570.0,89495.0,3719.0,35.35881980357226
63891.82681369622,154579.0,89522.0,3731.0,35.368913671627524
63891.83690756428,154576.0,89520.0,3730.0,35.37900753968279
63891.84700143234,154593.0,89540.0,3746.0,35.38910140774533
63891.857095300395,154565.0,89523.0,3707.0,35.399195275800594
63891.86718916845,154603.0,89535.0,3736.0,35.40928914385586
63891.877283036505,154590.0,89575.0,3740.0,35.41938301191112
63891.88737690457,154628.0,89518.0,3715.0,35.42947687997366
63891.89747077262,154630.0,89554.0,3753.0,35.43957074802893
63891.90756464068,154623.0,89539.0,3731.0,35.44966461608419
63891.91765850873,154632.0,89544.0,3744.0,35.459758484139456
63891.927752376796,154602.0,89528.0,3710.0,35.469852352202
63891.93784624485,154618.0,89540.0,3731.0,35.47994622025726
63891.94794011291,154642.0,89547.0,3764.0,35.490040088312526
63891.95803398096,154651.0,89552.0,3739.0,35.50013395636779
63891.96812784902,154662.0,89577.0,3747.0,35.510227824423055
63891.97822171708,154643.0,89541.0,3729.0,35.520321692485595
63891.988315585135,154652.0,89549.0,3744.0,35.53041556054086
63891.99840945319,154679.0,89567.0,3729.0,35.540509428596124
63892.008503321245,154664.0,89566.0,3746.0,35.55060329665139
63892.01859718931,154656.0,89540.0,3724.0,35.56069716471393
63892.02869105736,154699.0,89556.0,3783.0,35.57079103276919
63892.03878492542,154687.0,89572.0,3749.0,35.58088490082446
63892.048878793474,154695.0,89554.0,3750.0,35.59097876887972
63892.058972661536,154681.0,89533.0,3741.0,35.60107263694226
63892.06906652959,154663.0,89550.0,3761.0,35.61116650499753
63892.07916039765,154694.0,89568.0,3749.0,35.62126037305279
63892.0892542657,154683.0,89562.0,3744.0,35.631354241108056
63892.099348133765,154695.0,89559.0,3742.0,35.6414481091706
63892.10944200182,154687.0,89580.0,3767.0,35.65154197722586
63892.119535869875,154715.0,89567.0,3743.0,35.661635845281126
63892.12962973793,154704.0,89547.0,3750.0,35.67172971333639
63892.139723605986,154730.0,89581.0,3740.0,35.681823581391654
63892.14981747405,154729.0,89576.0,3737.0,35.691917449454195
63892.1599113421,154759.0,89587.0,3778.0,35.70201131750946
63892.17000521016,154772.0,89561.0,3781.0,35.712105185564724
63892.180099078214,154737.0,89571.0,3725.0,35.72219905361999
63892.19019294628,154735.0,89553.0,3769.0,35.73229292168253
63892.20028681433,154767.0,89576.0,3754.0,35.74238678973779
63892.21038068239,154733.0,89577.0,3768.0,35.75248065779306
63892.22047455044,154783.0,89563.0,3745.0,35.76257452584832
63892.230568418505,154787.0,89578.0,3746.0,35.77266839391086
63892.24066228656,154794.0,89573.0,3764.0,35.78276226196613
63892.250756154615,154785.0,89551.0,3763.0,35.79285613002139
63892.26085002267,154795.0,89566.0,3755.0,35.802949998076656
63892.27094389073,154790.0,89570.0,3746.0,35.813043866139196
63892.28103775879,154828.0,89586.0,3772.0,35.82313773419446
63892.291131626844,154814.0,89620.0,3785.0,35.833231602249725
63892.3012254949,154793.0,89589.0,3760.0,35.84332547030499
63892.311319362954,154844.0,89564.0,3781.0,35.853419338360254
63892.32141323102,154852.0,89585.0,3775.0,35.863513206422795
63892.33150709907,154841.0,89586.0,3777.0,35.87360707447806
63892.34160096713,154817.0,89561.0,3763.0,35.88370094253332
63892.35169483518,154846.0,89587.0,3752.0,35.89379481058859
63892.361788703245,154885.0,89593.0,3788.0,35.90388867865113
63892.3718825713,154904.0,89589.0,3785.0,35.91398254670639
63892.381976439356,154900.0,89607.0,3787.0,35.92407641476166
63892.39207030741,154915.0,89588.0,3792.0,35.93417028281692
63892.40216417547,154920.0,89600.0,3790.0,35.94426415087946
63892.41225804353,154930.0,89607.0,3817.0,35.95435801893473
63892.422351911584,154920.0,89582.0,3785.0,35.96445188698999
63892.43244577964,154950.0,89613.0,3827.0,35.974545755045256
63892.4425396477,154941.0,89606.0,3794.0,35.984639623107796
63892.45263351576,154951.0,89609.0,3783.0,35.99473349116306
63892.46272738381,154939.0,89592.0,3794.0,36.004827359218325
63892.47282125187,154965.0,89634.0,3802.0,36.01492122727359
63892.48291511992,154901.0,89598.0,3777.0,36.025015095328854
63892.493008987985,154846.0,89570.0,3803.0,36.035108963391394
63892.50310285604,154801.0,89592.0,3790.0,36.04520283144666
63892.513196724096,154722.0,89574.0,3787.0,36.05529669950192
63892.52329059215,154650.0,89542.0,3778.0,36.06539056755719
63892.533384460214,154585.0,89550.0,3739.0,36.07548443561973
63892.54347832827,154567.0,89548.0,3759.0,36.08557830367499
63892.553572196324,154480.0,89511.0,3725.0,36.09567217173026
63892.56366606438,154482.0,89522.0,3746.0,36.10576603978552
63892.57375993244,154475.0,89503.0,3708.0,36.11585990784806
63892.5838538005,154449.0,89473.0,3697.0,36.12595377590333
63892.59394766855,154485.0,89478.0,3698.0,36.13604764395859
63892.60404153661,154472.0,89499.0,3703.0,36.146141512013855
63892.61413540467,154493.0,89517.0,3703.0,36.156235380076396
63892.624229272726,154471.0,89498.0,3684.0,36.16632924813166
63892.63432314078,154523.0,89517.0,3706.0,36.176423116186925
63892.644417008836,154479.0,89492.0,3705.0,36.18651698424219
63892.65451087689,154500.0,89512.0,3702.0,36.196610852297454
63892.664604744954,154488.0,89517.0,3691.0,36.206704720359994
63892.67469861301,154437.0,89482.0,3714.0,36.21679858841526
63892.684792481065,154436.0,89502.0,3701.0,36.22689245647052
63892.69488634912,154429.0,89487.0,3690.0,36.23698632452579
63892.70498021718,154488.0,89477.0,3707.0,36.24708019258833
63892.71507408524,154493.0,89526.0,3705.0,36.25717406064359
63892.72516795329,154468.0,89488.0,3669.0,36.26726792869886
63892.73526182135,154473.0,89506.0,3691.0,36.27736179675412
63892.74535568941,154489.0,89511.0,3695.0,36.28745566481666
63892.755449557466,154480.0,89541.0,3685.0,36.297549532871926
63892.76554342552,154468.0,89506.0,3700.0,36.30764340092719
63892.77563729358,154505.0,89522.0,3680.0,36.317737268982455
63892.78573116164,154495.0,89515.0,3677.0,36.327831137044996
63892.795825029694,154512.0,89548.0,3698.0,36.33792500510026
63892.80591889775,154461.0,89495.0,3666.0,36.348018873155524
63892.816012765805,154479.0,89519.0,3684.0,36.35811274121079
63892.82610663386,154437.0,89471.0,3678.0,36.36820660926605
63892.83620050192,154451.0,89505.0,3681.0,36.378300477328594
63892.84629436998,154433.0,89501.0,3698.0,36.38839434538386
63892.85638823803,154479.0,89514.0,3687.0,36.39848821343912
63892.86648210609,154476.0,89530.0,3719.0,36.40858208149439
63892.87657597415,154460.0,89497.0,3675.0,36.41867594955693
63892.886669842206,154486.0,89543.0,3699.0,36.42876981761219
63892.89676371026,154504.0,89518.0,3689.0,36.43886368566746
63892.90685757832,154518.0,89508.0,3677.0,36.44895755372272
63892.91695144638,154514.0,89536.0,3677.0,36.45905142178526
63892.927045314435,154504.0,89524.0,3671.0,36.469145289840526
63892.93713918249,154548.0,89529.0,3688.0,36.47923915789579
63892.947233050545,154532.0,89512.0,3682.0,36.489333025951055
63892.9573269186,154522.0,89517.0,3725.0,36.49942689400632
63892.96742078666,154544.0,89512.0,3679.0,36.50952076206886
63892.97751465472,154567.0,89535.0,3698.0,36.519614630124124
63892.98760852277,154562.0,89529.0,3673.0,36.52970849817939
63892.99770239083,154608.0,89546.0,3676.0,36.53980236623465
63893.00779625889,154567.0,89539.0,3683.0,36.549896234297194
63893.01789012695,154588.0,89536.0,3700.0,36.55999010235246
63893.027983995,154613.0,89537.0,3703.0,36.57008397040772
63893.03807786306,154613.0,89522.0,3700.0,36.58017783846299
63893.04817173112,154592.0,89513.0,3683.0,36.59027170652553
63893.058265599175,154624.0,89536.0,3689.0,36.60036557458079
63893.06835946723,154608.0,89533.0,3730.0,36.610459442636056
63893.078453335285,154618.0,89533.0,3695.0,36.62055331069132
63893.08854720335,154640.0,89556.0,3721.0,36.63064717875386
63893.0986410714,154572.0,89521.0,3683.0,36.640741046809126
63893.10873493946,154623.0,89520.0,3708.0,36.65083491486439
63893.11882880751,154620.0,89509.0,3691.0,36.660928782919655
63893.12892267557,154617.0,89569.0,3717.0,36.67102265097492
63893.13901654363,154633.0,89530.0,3705.0,36.68111651903746
63893.14911041169,154650.0,89555.0,3707.0,36.691210387092724
63893.15920427974,154676.0,89531.0,3726.0,36.70130425514799
63893.1692981478,154661.0,89525.0,3713.0,36.71139812320325
63893.17939201586,154693.0,89562.0,3720.0,36.72149199126579
63893.189485883915,154670.0,89553.0,3712.0,36.73158585932106
63893.19957975197,154649.0,89537.0,3724.0,36.74167972737632
63893.209673620026,154702.0,89570.0,3711.0,36.75177359543159
63893.21976748809,154680.0,89522.0,3726.0,36.76186746349413
63893.22986135614,154697.0,89571.0,3747.0,36.77196133154939
63893.2399552242,154702.0,89541.0,3724.0,36.782055199604656
63893.250049092254,154712.0,89568.0,3732.0,36.79214906765992
63893.26014296032,154701.0,89544.0,3705.0,36.80224293572246
63893.27023682837,154727.0,89566.0,3730.0,36.812336803777725
63893.28033069643,154741.0,89557.0,3736.0,36.82243067183299
63893.29042456448,154754.0,89544.0,3749.0,36.832524539888254
63893.30051843254,154755.0,89567.0,3736.0,36.84261840794352
63893.3106123006,154749.0,89568.0,3733.0,36.85271227600606
63893.320706168655,154763.0,89573.0,3743.0,36.862806144061324
63893.33080003671,154721.0,89574.0,3734.0,36.87290001211659
63893.340893904766,154792.0,89599.0,3753.0,36.88299388017185
63893.35098777283,154775.0,89580.0,3743.0,36.89308774823439
63893.361081640884,154752.0,89562.0,3741.0,36.90318161628966
63893.37117550894,154819.0,89574.0,3776.0,36.91327548434492
63893.381269376994,154780.0,89560.0,3758.0,36.92336935240019
63893.39136324506,154805.0,89587.0,3753.0,36.93346322046273
63893.40145711311,154786.0,89581.0,3739.0,36.94355708851799
63893.41155098117,154809.0,89608.0,3772.0,36.953650956573256
63893.42164484922,154822.0,89589.0,3734.0,36.96374482462852
63893.43173871728,154841.0,89585.0,3759.0,36.973838692683785
63893.44183258534,154839.0,89611.0,3777.0,36.983932560746325
63893.451926453396,154818.0,89572.0,3739.0,36.99402642880159
63893.46202032145,154843.0,89614.0,3765.0,37.004120296856854
63893.472114189506,154863.0,89599.0,3766.0,37.01421416491212
63893.48220805757,154892.0,89604.0,3787.0,37.02430803297466
63893.492301925624,154868.0,89587.0,3762.0,37.03440190102992
63893.50239579368,154833.0,89618.0,3781.0,37.04449576908519
63893.512489661734,154772.0,89581.0,3749.0,37.05458963714045
63893.5225835298,154666.0,89551.0,3734.0,37.06468350520299
63893.53267739785,154607.0,89562.0,3740.0,37.07477737325826
63893.54277126591,154563.0,89530.0,3708.0,37.08487124131352
63893.55286513396,154531.0,89525.0,3710.0,37.094965109368786
63893.562959002025,154475.0,89539.0,3721.0,37.10505897743133
63893.57305287008,154466.0,89506.0,3711.0,37.11515284548659
63893.583146738136,154419.0,89474.0,3669.0,37.125246713541856
63893.59324060619,154427.0,89488.0,3686.0,37.13534058159712
63893.60333447425,154434.0,89525.0,3683.0,37.145434449652385
63893.61342834231,154406.0,89490.0,3654.0,37.155528317714925
63893.623522210364,154436.0,89501.0,3644.0,37.16562218577019
63893.63361607842,154464.0,89511.0,3680.0,37.175716053825454
63893.643709946475,154427.0,89512.0,3680.0,37.18580992188072
63893.65380381454,154432.0,89482.0,3673.0,37.19590378994326
63893.66389768259,154479.0,89499.0,3681.0,37.20599765799852
63893.67399155065,154443.0,89506.0,3655.0,37.21609152605379
63893.6840854187,154465.0,89515.0,3669.0,37.22618539410905
63893.694179286766,154468.0,89524.0,3647.0,37.23627926217159
63893.70427315482,154426.0,89521.0,3703.0,37.24637313022686
63893.714367022876,154452.0,89497.0,3675.0,37.25646699828212
63893.72446089093,154460.0,89516.0,3670.0,37.266560866337386
63893.734554758994,154479.0,89530.0,3673.0,37.276654734399926
63893.74464862705,154446.0,89490.0,3649.0,37.28674860245519
63893.754742495104,154506.0,89543.0,3694.0,37.296842470510455
63893.76483636316,154512.0,89511.0,3689.0,37.30693633856572
63893.774930231215,154465.0,89497.0,3701.0,37.317030206620984
63893.78502409928,154484.0,89506.0,3666.0,37.327124074683525
63893.79511796733,154498.0,89516.0,3683.0,37.33721794273879
63893.80521183539,154487.0,89526.0,3673.0,37.347311810794054
63893.81530570344,154453.0,89511.0,3647.0,37.35740567884932
63893.825399571506,154497.0,89533.0,3672.0,37.36749954691186
63893.83549343956,154454.0,89497.0,3672.0,37.37759341496712
63893.84558730762,154468.0,89522.0,3665.0,37.38768728302239
63893.85568117567,154491.0,89511.0,3688.0,37.39778115107765
63893.865775043734,154438.0,89493.0,3663.0,37.40787501914019
63893.87586891179,154456.0,89501.0,3654.0,37.41796888719546
63893.885962779845,154472.0,89512.0,3670.0,37.42806275525072
63893.8960566479,154500.0,89524.0,3659.0,37.438156623305986
63893.90615051596,154467.0,89502.0,3652.0,37.448250491368526
63893.91624438402,154489.0,89530.0,3672.0,37.45834435942379
63893.92633825207,154508.0,89524.0,3664.0,37.468438227479055
63893.93643212013,154500.0,89504.0,3665.0,37.47853209553432
63893.94652598818,154552.0,89528.0,3681.0,37.488625963589584
63893.956619856246,154536.0,89543.0,3697.0,37.498719831652124
63893.9667137243,154545.0,89538.0,3681.0,37.50881369970739
63893.97680759236,154516.0,89532.0,3667.0,37.51890756776265
63893.98690146041,154575.0,89547.0,3701.0,37.52900143581792
63893.996995328474,154544.0,89513.0,3684.0,37.53909530388046
63894.00708919653,154578.0,89529.0,3686.0,37.54918917193572
63894.017183064585,154567.0,89518.0,3709.0,37.55928303999099
63894.02727693264,154530.0,89530.0,3675.0,37.56937690804625
63894.0373708007,154564.0,89534.0,3677.0,37.57947077610879
63894.04746466876,154591.0,89549.0,3685.0,37.58956464416406
63894.05755853681,154589.0,89539.0,3677.0,37.59965851221932
63894.06765240487,154602.0,89550.0,3681.0,37.609752380274585
63894.07774627293,154628.0,89548.0,3695.0,37.619846248337126
63894.08784014099,154610.0,89553.0,3685.0,37.62994011639239
63894.09793400904,154596.0,89549.0,3705.0,37.640033984447655
63894.1080278771,154579.0,89560.0,3691.0,37.65012785250292
63894.11812174515,154644.0,89568.0,3720.0,37.660221720558184
63894.128215613215,154632.0,89550.0,3699.0,37.670315588620724
63894.13830948127,154617.0,89540.0,3682.0,37.68040945667599
63894.148403349325,154630.0,89559.0,3713.0,37.69050332473125
63894.15849721738,154612.0,89531.0,3688.0,37.70059719278652
63894.16859108544,154610.0,89561.0,3679.0,37.71069106084906
63894.1786849535,154660.0,89570.0,3708.0,37.72078492890432
63894.18877882155,154664.0,89548.0,3713.0,37.73087879695959
63894.19887268961,154634.0,89544.0,3695.0,37.74097266501485
63894.20896655767,154663.0,89555.0,3713.0,37.75106653307739
63894.21906042573,154680.0,89579.0,3714.0,37.761160401132656
63894.22915429378,154627.0,89544.0,3702.0,37.77125426918792
63894.23924816184,154660.0,89576.0,3710.0,37.781348137243185
63894.2493420299,154666.0,89575.0,3692.0,37.791442005305726
63894.259435897955,154694.0,89555.0,3711.0,37.80153587336099
63894.26952976601,154717.0,89591.0,3708.0,37.811629741416255
63894.279623634066,154719.0,89583.0,3704.0,37.82172360947152
63894.28971750212,154681.0,89548.0,3701.0,37.83181747752678
63894.29981137018,154719.0,89593.0,3722.0,37.841911345589324
63894.30990523824,154735.0,89599.0,3740.0,37.85200521364459
63894.319999106294,154698.0,89570.0,3709.0,37.86209908169985
63894.33009297435,154781.0,89593.0,3730.0,37.87219294975512
63894.34018684241,154748.0,89584.0,3722.0,37.88228681781766
63894.35028071047,154763.0,89575.0,3760.0,37.89238068587292
63894.36037457852,154769.0,89585.0,3731.0,37.90247455392819
63894.37046844658,154799.0,89601.0,3760.0,37.91256842198345
63894.38056231464,154792.0,89584.0,3745.0,37.92266229004599
63894.390656182695,154761.0,89568.0,3716.0,37.932756158101256
63894.40075005075,154799.0,89593.0,3716.0,37.94285002615652
63894.410843918806,154805.0,89606.0,3745.0,37.952943894211785
63894.42093778687,154802.0,89590.0,3746.0,37.963037762274325
63894.43103165492,154796.0,89585.0,3737.0,37.97313163032959
63894.44112552298,154762.0,89594.0,3752.0,37.983225498384854
63894.451219391034,154708.0,89546.0,3733.0,37.99331936644012
63894.46131325909,154653.0,89559.0,3726.0,38.00341323449538
63894.47140712715,154603.0,89578.0,3734.0,38.013507102557924
63894.48150099521,154520.0,89532.0,3683.0,38.02360097061319
63894.49159486326,154478.0,89529.0,3704.0,38.03369483866845
63894.50168873132,154458.0,89508.0,3687.0,38.04378870672372
63894.51178259938,154438.0,89500.0,3693.0,38.05388257478626
63894.521876467436,154400.0,89472.0,3672.0,38.06397644284152
63894.53197033549,154421.0,89520.0,3694.0,38.074070310896786
63894.542064203546,154408.0,89495.0,3664.0,38.08416417895205
63894.55215807161,154407.0,89482.0,3688.0,38.09425804701459
63894.562251939664,154441.0,89522.0,3706.0,38.104351915069856
63894.57234580772,154398.0,89510.0,3679.0,38.11444578312512
63894.582439675774,154434.0,89513.0,3668.0,38.124539651180385
63894.59253354383,154424.0,89494.0,3665.0,38.13463351923565
63894.60262741189,154477.0,89551.0,3697.0,38.14472738729819
63894.61272127995,154433.0,89518.0,3644.0,38.154821255353454
63894.622815148,154455.0,89512.0,3667.0,38.16491512340872
63894.63290901606,154442.0,89536.0,3681.0,38.17500899146398
63894.64300288412,154435.0,89501.0,3667.0,38.18510285952652
63894.653096752176,154482.0,89530.0,3703.0,38.19519672758179
63894.66319062023,154461.0,89525.0,3666.0,38.20529059563705
63894.673284488286,154455.0,89539.0,3686.0,38.21538446369232
63894.68337835635,154479.0,89548.0,3681.0,38.22547833175486
63894.693472224404,154510.0,89500.0,3687.0,38.23557219981012
63894.70356609246,154468.0,89504.0,3694.0,38.245666067865386
63894.713659960515,154473.0,89525.0,3684.0,38.25575993592065
63894.72375382858,154507.0,89504.0,3673.0,38.26585380398319
63894.73384769663,154483.0,89564.0,3672.0,38.275947672038455
63894.74394156469,154490.0,89540.0,3660.0,38.28604154009372
63894.75403543274,154473.0,89529.0,3681.0,38.296135408148984
63894.7641293008,154444.0,89521.0,3648.0,38.30622927620425
63894.77422316886,154484.0,89547.0,3659.0,38.31632314426679
63894.784317036916,154466.0,89530.0,3680.0,38.326417012322054
63894.79441090497,154466.0,89537.0,3682.0,38.33651088037732
63894.80450477303,154438.0,89521.0,3658.0,38.34660474843258
63894.81459864109,154444.0,89513.0,3648.0,38.35669861649512
63894.824692509144,154500.0,89543.0,3694.0,38.36679248455039
63894.8347863772,154485.0,89523.0,3660.0,38.37688635260565
63894.844880245255,154487.0,89525.0,3662.0,38.38698022066092
63894.85497411332,154518.0,89559.0,3682.0,38.39707408872346
63894.86506798137,154522.0,89530.0,3680.0,38.40716795677872
63894.87516184943,154539.0,89558.0,3680.0,38.417261824833986
63894.88525571748,154557.0,89575.0,3696.0,38.42735569288925
63894.895349585546,154571.0,89529.0,3693.0,38.43744956095179
63894.9054434536,154549.0,89546.0,3667.0,38.447543429007055
63894.915537321656,154573.0,89550.0,3684.0,38.45763729706232
63894.92563118971,154556.0,89561.0,3705.0,38.467731165117584
63894.93572505777,154561.0,89539.0,3679.0,38.47782503317285
63894.94581892583,154600.0,89531.0,3698.0,38.48791890123539
63894.955912793885,154581.0,89556.0,3691.0,38.49801276929065
63894.96600666194,154582.0,89517.0,3653.0,38.50810663734592
63894.976100529995,154608.0,89572.0,3684.0,38.51820050540118
63894.98619439806,154572.0,89554.0,3673.0,38.52829437346372
63894.99628826611,154615.0,89556.0,3688.0,38.53838824151899
63895.00638213417,154628.0,89571.0,3697.0,38.54848210957425
63895.01647600222,154611.0,89547.0,3698.0,38.558575977629516
63895.026569870286,154597.0,89543.0,3680.0,38.56866984569206
63895.03666373834,154624.0,89556.0,3698.0,38.57876371374732
63895.0467576064,154653.0,89592.0,3692.0,38.588857581802586
63895.05685147445,154636.0,89581.0,3726.0,38.59895144985785
63895.06694534251,154660.0,89588.0,3733.0,38.609045317913115
63895.07703921057,154656.0,89566.0,3704.0,38.619139185975655
63895.087133078625,154649.0,89560.0,3705.0,38.62923305403092
63895.09722694668,154625.0,89550.0,3683.0,38.639326922086184
63895.107320814735,154672.0,89609.0,3729.0,38.64942079014145
63895.1174146828,154669.0,89575.0,3711.0,38.65951465820399
63895.12750855085,154636.0,89563.0,3728.0,38.66960852625925
63895.13760241891,154703.0,89602.0,3724.0,38.67970239431452
63895.147696286964,154692.0,89565.0,3720.0,38.68979626236978
63895.157790155026,154698.0,89584.0,3718.0,38.69989013043232
63895.16788402308,154676.0,89572.0,3692.0,38.70998399848759
63895.17797789114,154691.0,89592.0,3730.0,38.72007786654285
63895.18807175919,154679.0,89588.0,3701.0,38.730171734598116
63895.198165627255,154718.0,89582.0,3726.0,38.740265602660656
63895.20825949531,154731.0,89580.0,3719.0,38.75035947071592
63895.218353363365,154744.0,89569.0,3735.0,38.760453338771185
63895.22844723142,154733.0,89577.0,3706.0,38.77054720682645
63895.238541099476,154770.0,89602.0,3742.0,38.780641074881714
63895.24863496754,154738.0,89612.0,3742.0,38.790734942944255
63895.25872883559,154744.0,89565.0,3722.0,38.80082881099952
63895.26882270365,154785.0,89597.0,3719.0,38.810922679054784
63895.278916571704,154773.0,89599.0,3736.0,38.82101654711005
63895.28901043977,154747.0,89579.0,3736.0,38.83111041517259
63895.29910430782,154741.0,89588.0,3734.0,38.84120428322785
63895.30919817588,154658.0,89560.0,3712.0,38.85129815128312
63895.31929204393,154626.0,89573.0,3700.0,38.86139201933838
63895.329385911995,154559.0,89543.0,3721.0,38.87148588740092
63895.33947978005,154493.0,89535.0,3689.0,38.88157975545619
63895.349573648105,154480.0,89521.0,3691.0,38.89167362351145
63895.35966751616,154425.0,89516.0,3686.0,38.901767491566716
63895.36976138422,154360.0,89485.0,3655.0,38.911861359629256
63895.37985525228,154367.0,89502.0,3685.0,38.92195522768452
63895.389949120334,154400.0,89531.0,3681.0,38.932049095739785
63895.40004298839,154408.0,89521.0,3681.0,38.94214296379505
63895.410136856444,154408.0,89524.0,3671.0,38.952236831850314
63895.42023072451,154426.0,89520.0,3673.0,38.962330699912854
63895.43032459256,154424.0,89507.0,3652.0,38.97242456796812
63895.44041846062,154423.0,89520.0,3649.0,38.98251843602338
63895.45051232867,154439.0,89532.0,3673.0,38.99261230407865
63895.460606196735,154444.0,89536.0,3651.0,39.00270617214119
63895.47070006479,154441.0,89549.0,3666.0,39.01280004019645
63895.480793932846,154445.0,89523.0,3660.0,39.02289390825172
63895.4908878009,154455.0,89529.0,3661.0,39.03298777630698
63895.50098166896,154423.0,89534.0,3685.0,39.04308164436952
63895.51107553702,154441.0,89494.0,3649.0,39.05317551242479
63895.521169405074,154454.0,89521.0,3647.0,39.06326938048005
63895.53126327313,154481.0,89541.0,3685.0,39.073363248535316
63895.54135714119,154505.0,89520.0,3685.0,39.083457116597856
63895.55145100925,154500.0,89522.0,3683.0,39.09355098465312
63895.5615448773,154494.0,89522.0,3675.0,39.103644852708385
63895.57163874536,154496.0,89550.0,3682.0,39.11373872076365
63895.58173261341,154504.0,89522.0,3681.0,39.123832588818914
63895.591826481475,154493.0,89516.0,3673.0,39.133926456881454
63895.60192034953,154476.0,89554.0,3666.0,39.14402032493672
63895.612014217586,154471.0,89538.0,3666.0,39.15411419299198
63895.62210808564,154512.0,89547.0,3677.0,39.16420806104725
63895.632201953704,154492.0,89550.0,3677.0,39.17430192910979
63895.64229582176,154400.0,89488.0,3644.0,39.18439579716505
63895.652389689814,154465.0,89532.0,3677.0,39.19448966522032
63895.66248355787,154447.0,89529.0,3667.0,39.20458353327558
63895.67257742593,154504.0,89551.0,3704.0,39.21467740133812
63895.68267129399,154502.0,89559.0,3701.0,39.224771269393386
63895.69276516204,154505.0,89544.0,3673.0,39.23486513744865
63895.7028590301,154493.0,89550.0,3656.0,39.244959005503915
63895.71295289816,154494.0,89529.0,3664.0,39.255052873566456
63895.723046766216,154537.0,89542.0,3688.0,39.26514674162172
63895.73314063427,154543.0,89561.0,3689.0,39.275240609676985
63895.743234502326,154571.0,89552.0,3703.0,39.28533447773225
63895.75332837038,154576.0,89573.0,3670.0,39.29542834578751
63895.763422238444,154581.0,89565.0,3725.0,39.305522213850054
63895.7735161065,154553.0,89545.0,3680.0,39.31561608190532
63895.783609974555,154602.0,89576.0,3714.0,39.32570994996058
63895.79370384261,154567.0,89588.0,3695.0,39.33580381801585
63895.80379771067,154559.0,89549.0,3682.0,39.34589768607839
63895.81389157873,154620.0,89576.0,3705.0,39.35599155413365
63895.82398544678,154604.0,89559.0,3692.0,39.36608542218892
63895.83407931484,154643.0,89593.0,3720.0,39.37617929024418
63895.8441731829,154588.0,89571.0,3713.0,39.38627315830672
63895.854267050956,154634.0,89579.0,3707.0,39.396367026361986
63895.86436091901,154614.0,89583.0,3709.0,39.40646089441725
63895.87445478707,154639.0,89603.0,3722.0,39.416554762472515
63895.88454865513,154665.0,89599.0,3725.0,39.426648630535055
63895.894642523184,154661.0,89584.0,3700.0,39.43674249859032
63895.90473639124,154631.0,89599.0,3699.0,39.446836366645584
63895.914830259295,154622.0,89583.0,3700.0,39.45693023470085
63895.92492412735,154645.0,89605.0,3711.0,39.46702410275611
63895.93501799541,154665.0,89587.0,3716.0,39.477117970818654
63895.94511186347,154676.0,89605.0,3723.0,39.48721183887392
63895.95520573152,154689.0,89624.0,3739.0,39.49730570692918
63895.96529959958,154713.0,89623.0,3735.0,39.50739957498445
63895.97539346764,154670.0,89567.0,3724.0,39.51749344304699
63895.985487335696,154701.0,89608.0,3721.0,39.52758731110225
63895.99558120375,154696.0,89585.0,3719.0,39.53768117915752
63896.00567507181,154744.0,89614.0,3739.0,39.54777504721278
63896.01576893987,154728.0,89600.0,3705.0,39.55786891527532
63896.025862807925,154744.0,89612.0,3737.0,39.567962783330586
63896.03595667598,154734.0,89607.0,3710.0,39.57805665138585
63896.046050544035,154734.0,89586.0,3715.0,39.588150519441115
63896.0561444121,154739.0,89636.0,3754.0,39.598244387503655
63896.06623828015,154771.0,89607.0,3749.0,39.60833825555892
63896.07633214821,154779.0,89630.0,3726.0,39.618432123614184
63896.08642601626,154747.0,89594.0,3720.0,39.62852599166945
63896.09651988432,154769.0,89634.0,3771.0,39.63861985972471
63896.10661375238,154728.0,89608.0,3732.0,39.64871372778725
63896.11670762044,154688.0,89583.0,3737.0,39.65880759584252
63896.12680148849,154629.0,89610.0,3742.0,39.66890146389778
63896.13689535655,154527.0,89560.0,3693.0,39.67899533195305
63896.14698922461,154501.0,89562.0,3705.0,39.68908920001559
63896.157083092665,154489.0,89552.0,3686.0,39.69918306807085
63896.16717696072,154416.0,89537.0,3707.0,39.709276936126116
63896.177270828775,154385.0,89516.0,3660.0,39.71937080418138
63896.18736469684,154382.0,89527.0,3682.0,39.72946467224392
63896.19745856489,154370.0,89512.0,3659.0,39.739558540299186
63896.20755243295,154389.0,89519.0,3694.0,39.74965240835445
63896.217646301004,154411.0,89539.0,3644.0,39.759746276409714
63896.227740169066,154408.0,89534.0,3671.0,39.769840144472255
63896.23783403712,154416.0,89513.0,3678.0,39.77993401252752
63896.24792790518,154428.0,89535.0,3673.0,39.790027880582784
63896.25802177323,154453.0,89543.0,3701.0,39.80012174863805
63896.26811564129,154450.0,89544.0,3672.0,39.81021561669331
63896.27820950935,154437.0,89535.0,3653.0,39.82030948475585
63896.288303377405,154438.0,89546.0,3669.0,39.83040335281112
63896.29839724546,154435.0,89552.0,3655.0,39.84049722086638
63896.308491113516,154420.0,89540.0,3663.0,39.85059108892165
63896.31858498158,154429.0,89537.0,3658.0,39.86068495698419
63896.32867884963,154474.0,89541.0,3680.0,39.87077882503945
63896.33877271769,154478.0,89557.0,3668.0,39.880872693094716
63896.348866585744,154484.0,89574.0,3677.0,39.89096656114998
63896.35896045381,154467.0,89585.0,3690.0,39.90106042921252
63896.36905432186,154478.0,89551.0,3662.0,39.911154297267785
63896.37914818992,154526.0,89579.0,3692.0,39.92124816532305
63896.38924205797,154510.0,89572.0,3675.0,39.931342033378314
63896.39933592603,154524.0,89571.0,3651.0,39.94143590143358
63896.40942979409,154473.0,89556.0,3686.0,39.95152976949612
63896.419523662145,154502.0,89576.0,3666.0,39.961623637551384
63896.4296175302,154487.0,89560.0,3656.0,39.97171750560665
63896.439711398256,154482.0,89562.0,3721.0,39.98181137366191
63896.44980526632,154503.0,89574.0,3698.0,39.99190524172445
63896.459899134374,154483.0,89545.0,3681.0,40.00199910977972
63896.46999300243,154476.0,89564.0,3667.0,40.01209297783498
63896.480086870484,154477.0,89538.0,3675.0,40.022186845890246
63896.49018073855,154486.0,89557.0,3688.0,40.03228071395279
63896.5002746066,154498.0,89547.0,3664.0,40.04237458200805
63896.51036847466,154501.0,89581.0,3678.0,40.052468450063316
63896.52046234271,154514.0,89548.0,3688.0,40.06256231811858
63896.530556210775,154533.0,89559.0,3688.0,40.07265618618112
63896.54065007883,154575.0,89547.0,3689.0,40.082750054236385
63896.550743946886,154554.0,89578.0,3699.0,40.09284392229165
63896.56083781494,154583.0,89593.0,3700.0,40.102937790346914
63896.570931682996,154578.0,89613.0,3709.0,40.11303165840218
63896.58102555106,154609.0,89616.0,3721.0,40.12312552646472
63896.591119419114,154601.0,89625.0,3698.0,40.13321939451998
63896.60121328717,154618.0,89598.0,3694.0,40.14331326257525
63896.611307155224,154614.0,89602.0,3705.0,40.15340713063051
63896.62140102329,154639.0,89624.0,3735.0,40.16350099869305
63896.63149489134,154612.0,89604.0,3704.0,40.17359486674832
63896.6415887594,154637.0,89604.0,3708.0,40.18368873480358
63896.65168262745,154666.0,89591.0,3715.0,40.193782602858846
63896.661776495515,154626.0,89611.0,3707.0,40.20387647092139
63896.67187036357,154679.0,89627.0,3704.0,40.21397033897665
63896.681964231626,154675.0,89605.0,3712.0,40.224064207031915
63896.69205809968,154658.0,89621.0,3714.0,40.23415807508718
63896.70215196774,154639.0,89636.0,3712.0,40.244251943142444
63896.7122458358,154662.0,89610.0,3720.0,40.254345811204985
63896.722339703854,154685.0,89608.0,3717.0,40.26443967926025
63896.73243357191,154675.0,89610.0,3697.0,40.274533547315514
63896.742527439965,154720.0,89633.0,3747.0,40.28462741537078
63896.75262130803,154680.0,89599.0,3715.0,40.29472128343332
63896.76271517608,154706.0,89620.0,3728.0,40.30481515148858
63896.77280904414,154720.0,89647.0,3734.0,40.31490901954385
63896.78290291219,154685.0,89623.0,3718.0,40.32500288759911
63896.792996780256,154727.0,89650.0,3711.0,40.33509675566165
63896.80309064831,154729.0,89628.0,3726.0,40.34519062371692
63896.813184516366,154719.0,89639.0,3750.0,40.35528449177218
63896.82327838442,154735.0,89622.0,3724.0,40.365378359827446
63896.833372252484,154764.0,89654.0,3756.0,40.375472227889986
63896.84346612054,154740.0,89629.0,3728.0,40.38556609594525
63896.853559988594,154780.0,89621.0,3716.0,40.395659964000515
63896.86365385665,154788.0,89631.0,3728.0,40.40575383205578
63896.873747724705,154803.0,89648.0,3770.0,40.415847700111044
63896.88384159277,154800.0,89636.0,3750.0,40.425941568173585
63896.89393546082,154802.0,89614.0,3735.0,40.43603543622885
63896.90402932888,154807.0,89677.0,3769.0,40.44612930428411
63896.91412319693,154827.0,89626.0,3758.0,40.45622317233938
63896.924217064996,154847.0,89659.0,3750.0,40.46631704040192
63896.93431093305,154874.0,89673.0,3741.0,40.47641090845718
63896.94440480111,154855.0,89667.0,3779.0,40.48650477651245
63896.95449866916,154847.0,89668.0,3746.0,40.49659864456771
63896.964592537224,154834.0,89646.0,3754.0,40.50669251263025
63896.97468640528,154809.0,89647.0,3774.0,40.51678638068552
63896.984780273335,154702.0,89602.0,3737.0,40.52688024874078
63896.99487414139,154685.0,89633.0,3720.0,40.536974116796046
63897.00496800945,154594.0,89594.0,3718.0,40.547067984858586
63897.01506187751,154539.0,89558.0,3744.0,40.55716185291385
63897.02515574556,154465.0,89550.0,3684.0,40.567255720969115
63897.03524961362,154468.0,89541.0,3713.0,40.57734958902438
63897.04534348167,154415.0,89553.0,3681.0,40.587443457079644
63897.055437349736,154385.0,89517.0,3679.0,40.597537325142184
63897.06553121779,154420.0,89560.0,3675.0,40.60763119319745
63897.07562508585,154401.0,89523.0,3668.0,40.61772506125271
63897.0857189539,154408.0,89565.0,3675.0,40.62781892930798
63897.095812821965,154406.0,89580.0,3677.0,40.63791279737052
63897.10590669002,154422.0,89532.0,3659.0,40.64800666542578
63897.116000558075,154410.0,89530.0,3659.0,40.65810053348105
63897.12609442613,154440.0,89586.0,3689.0,40.66819440153631
63897.13618829419,154438.0,89572.0,3685.0,40.67828826959885
63897.14628216225,154427.0,89545.0,3680.0,40.688382137654116
63897.1563760303,154448.0,89596.0,3682.0,40.69847600570938
63897.16646989836,154429.0,89555.0,3670.0,40.708569873764645
63897.17656376642,154427.0,89568.0,3658.0,40.718663741827186
63897.18665763448,154401.0,89549.0,3653.0,40.72875760988245
63897.19675150253,154426.0,89585.0,3660.0,40.738851477937715
63897.20684537059,154403.0,89559.0,3634.0,40.74894534599298
63897.21693923864,154418.0,89563.0,3665.0,40.759039214048244
63897.227033106705,154471.0,89590.0,3691.0,40.769133082110784
63897.23712697476,154451.0,89560.0,3666.0,40.77922695016605
63897.247220842815,154435.0,89556.0,3644.0,40.78932081822131
63897.25731471087,154472.0,89585.0,3668.0,40.79941468627658
63897.26740857893,154447.0,89582.0,3687.0,40.80950855433912
63897.27750244699,154463.0,89577.0,3645.0,40.81960242239438
63897.28759631504,154488.0,89570.0,3696.0,40.82969629044965
63897.2976901831,154463.0,89584.0,3671.0,40.83979015850491
63897.30778405116,154441.0,89559.0,3651.0,40.84988402656745
63897.31787791922,154465.0,89560.0,3688.0,40.859977894622716
63897.32797178727,154415.0,89553.0,3650.0,40.87007176267798
63897.33806565533,154467.0,89579.0,3672.0,40.880165630733245
63897.34815952339,154440.0,89582.0,3677.0,40.890259498795785
63897.358253391445,154471.0,89594.0,3689.0,40.90035336685105
63897.3683472595,154448.0,89558.0,3669.0,40.910447234906314
63897.378441127556,154471.0,89578.0,3642.0,40.92054110296158
63897.38853499561,154464.0,89566.0,3674.0,40.93063497101684
63897.39862886367,154469.0,89588.0,3684.0,40.940728839079384
63897.40872273173,154495.0,89612.0,3673.0,40.95082270713465
63897.418816599784,154513.0,89596.0,3680.0,40.96091657518991
63897.42891046784,154548.0,89598.0,3698.0,40.97101044324518
63897.4390043359,154529.0,89584.0,3671.0,40.98110431130772
63897.44909820396,154574.0,89613.0,3693.0,40.99119817936298
63897.45919207201,154567.0,89599.0,3688.0,41.00129204741825
63897.46928594007,154567.0,89626.0,3696.0,41.01138591547351
63897.47937980813,154537.0,89610.0,3678.0,41.02147978353605
63897.489473676185,154585.0,89639.0,3718.0,41.031573651591316
63897.49956754424,154600.0,89620.0,3693.0,41.04166751964658
63897.509661412296,154595.0,89603.0,3697.0,41.051761387701845
63897.51975528036,154629.0,89634.0,3713.0,41.061855255764385
63897.52984914841,154601.0,89602.0,3689.0,41.07194912381965
63897.53994301647,154609.0,89611.0,3693.0,41.082042991874914
63897.550036884524,154595.0,89631.0,3695.0,41.09213685993018
63897.56013075258,154649.0,89626.0,3714.0,41.10223072798544
63897.57022462064,154627.0,89599.0,3705.0,41.11232459604798
63897.5803184887,154638.0,89631.0,3708.0,41.12241846410325
63897.59041235675,154639.0,89613.0,3706.0,41.13251233215851
63897.60050622481,154662.0,89637.0,3728.0,41.14260620021378
63897.61060009287,154642.0,89634.0,3697.0,41.15270006827632
63897.620693960926,154667.0,89623.0,3733.0,41.16279393633158
63897.63078782898,154675.0,89621.0,3719.0,41.172887804386846
63897.640881697036,154670.0,89572.0,3735.0,41.18298167244211
63897.6509755651,154669.0,89609.0,3716.0,41.19307554050465
63897.661069433154,154668.0,89615.0,3700.0,41.203169408559916
63897.67116330121,154690.0,89642.0,3721.0,41.21326327661518
63897.681257169264,154715.0,89653.0,3720.0,41.223357144670445
63897.69135103733,154690.0,89640.0,3700.0,41.233451012732985
63897.70144490538,154720.0,89636.0,3703.0,41.24354488078825
63897.71153877344,154718.0,89650.0,3719.0,41.253638748843514
63897.72163264149,154725.0,89655.0,3742.0,41.26373261689878
63897.73172650955,154739.0,89624.0,3711.0,41.27382648495404
63897.74182037761,154747.0,89658.0,3744.0,41.28392035301658
63897.751914245666,154760.0,89640.0,3739.0,41.29401422107185
63897.76200811372,154764.0,89649.0,3725.0,41.30410808912711
63897.772101981776,154793.0,89682.0,3761.0,41.31420195718238
63897.78219584984,154814.0,89631.0,3785.0,41.32429582524492
63897.792289717894,154780.0,89659.0,3738.0,41.33438969330018
63897.80238358595,154785.0,89632.0,3736.0,41.344483561355446
63897.812477454005,154819.0,89667.0,3770.0,41.35457742941071
63897.82257132207,154793.0,89659.0,3721.0,41.36467129747325
63897.83266519012,154835.0,89670.0,3748.0,41.374765165528515
63897.84275905818,154832.0,89669.0,3731.0,41.38485903358378
63897.85285292623,154818.0,89668.0,3736.0,41.394952901639044
63897.862946794296,154855.0,89698.0,3755.0,41.405046769701585
63897.87304066235,154863.0,89687.0,3763.0,41.41514063775685
63897.883134530406,154852.0,89653.0,3760.0,41.425234505812114
63897.89322839846,154856.0,89677.0,3744.0,41.43532837386738
63897.90332226652,154910.0,89710.0,3749.0,41.44542224192264
63897.91341613458,154903.0,89664.0,3796.0,41.45551610998518
63897.923510002634,154858.0,89657.0,3803.0,41.46560997804045
63897.93360387069,154826.0,89663.0,3751.0,41.47570384609571
63897.943697738745,154785.0,89659.0,3775.0,41.485797714150976
63897.95379160681,154685.0,89633.0,3734.0,41.49589158221352
63897.96388547486,154611.0,89593.0,3740.0,41.50598545026878
63897.97397934292,154546.0,89589.0,3713.0,41.516079318324046
63897.98407321097,154506.0,89616.0,3710.0,41.52617318637931
63897.994167079036,154473.0,89589.0,3705.0,41.53626705444185
63898.00426094709,154453.0,89572.0,3689.0,41.546360922497115
63898.014354815146,154449.0,89563.0,3703.0,41.55645479055238
63898.0244486832,154396.0,89573.0,3663.0,41.566548658607644
63898.03454255126,154414.0,89574.0,3684.0,41.57664252666291
63898.04463641932,154423.0,89580.0,3680.0,41.58673639472545
63898.054730287375,154391.0,89581.0,3682.0,41.59683026278071
63898.06482415543,154459.0,89589.0,3690.0,41.60692413083598
63898.074918023485,154438.0,89593.0,3685.0,41.61701799889124
63898.08501189155,154438.0,89563.0,3673.0,41.62711186695378
63898.0951057596,154442.0,89576.0,3664.0,41.63720573500905
63898.10519962766,154472.0,89605.0,3702.0,41.64729960306431
63898.11529349571,154450.0,89583.0,3661.0,41.657393471119576
63898.125387363776,154424.0,89591.0,3687.0,41.66748733918212
63898.13548123183,154440.0,89610.0,3706.0,41.67758120723738
63898.14557509989,154412.0,89561.0,3665.0,41.687675075292645
63898.15566896794,154427.0,89587.0,3691.0,41.69776894334791
63898.165762836004,154458.0,89615.0,3670.0,41.70786281141045
63898.17585670406,154387.0,89575.0,3635.0,41.717956679465715
63898.185950572115,154430.0,89587.0,3650.0,41.72805054752098
63898.19604444017,154479.0,89584.0,3689.0,41.738144415576244
63898.206138308225,154475.0,89614.0,3682.0,41.74823828363151
63898.21623217629,154451.0,89585.0,3662.0,41.75833215169405
63898.22632604434,154509.0,89579.0,3674.0,41.76842601974931
63898.2364199124,154476.0,89599.0,3688.0,41.77851988780458
63898.246513780454,154499.0,89606.0,3686.0,41.78861375585984
63898.25660764852,154450.0,89622.0,3660.0,41.79870762392238
63898.26670151657,154491.0,89587.0,3700.0,41.80880149197765
63898.27679538463,154497.0,89620.0,3650.0,41.81889536003291
63898.28688925268,154485.0,89606.0,3677.0,41.828989228088176
63898.296983120745,154466.0,89602.0,3713.0,41.839083096150716
63898.3070769888,154470.0,89585.0,3666.0,41.84917696420598
63898.317170856855,154413.0,89602.0,3647.0,41.859270832261245
63898.32726472491,154482.0,89599.0,3682.0,41.86936470031651
63898.337358592966,154527.0,89606.0,3704.0,41.879458568371774
63898.34745246103,154481.0,89582.0,3681.0,41.889552436434315
63898.35754632908,154508.0,89585.0,3687.0,41.89964630448958
63898.36764019714,154530.0,89607.0,3674.0,41.90974017254484
63898.377734065194,154514.0,89602.0,3665.0,41.91983404060011
63898.38782793326,154552.0,89591.0,3706.0,41.92992790866265
63898.39792180131,154564.0,89625.0,3701.0,41.94002177671791
63898.40801566937,154567.0,89614.0,3687.0,41.95011564477318
63898.41810953742,154572.0,89622.0,3669.0,41.96020951282844
63898.428203405485,154597.0,89633.0,3712.0,41.97030338089098
63898.43829727354,154550.0,89618.0,3686.0,41.98039724894625
63898.448391141595,154601.0,89613.0,3680.0,41.99049111700151
63898.45848500965,154603.0,89598.0,3686.0,42.000584985056776
63898.46857887771,154578.0,89605.0,3688.0,42.010678853119316
63898.47867274577,154638.0,89630.0,3679.0,42.02077272117458
63898.488766613824,154633.0,89632.0,3704.0,42.030866589229845
63898.49886048188,154627.0,89648.0,3738.0,42.04096045728511
63898.508954349934,154618.0,89611.0,3692.0,42.051054325340374
63898.519048218,154637.0,89651.0,3708.0,42.061148193402914
63898.52914208605,154661.0,89642.0,3708.0,42.07124206145818
63898.53923595411,154654.0,89635.0,3706.0,42.08133592951344
63898.54932982216,154655.0,89650.0,3701.0,42.09142979756871
63898.559423690225,154686.0,89648.0,3740.0,42.10152366563125
63898.56951755828,154669.0,89638.0,3714.0,42.11161753368651
63898.579611426336,154696.0,89658.0,3710.0,42.12171140174178
63898.58970529439,154689.0,89634.0,3735.0,42.13180526979704
63898.59979916245,154666.0,89647.0,3707.0,42.14189913785958
63898.60989303051,154691.0,89646.0,3717.0,42.151993005914846
63898.619986898564,154691.0,89645.0,3719.0,42.16208687397011
63898.63008076662,154687.0,89631.0,3732.0,42.172180742025375
63898.64017463468,154731.0,89653.0,3730.0,42.182274610087916
63898.65026850274,154737.0,89670.0,3735.0,42.19236847814318
63898.66036237079,154719.0,89650.0,3722.0,42.202462346198445
63898.67045623885,154752.0,89635.0,3732.0,42.21255621425371
63898.6805501069,154766.0,89674.0,3714.0,42.222650082308974
63898.690643974965,154767.0,89665.0,3730.0,42.232743950371514
63898.70073784302,154758.0,89643.0,3770.0,42.24283781842678
63898.710831711076,154799.0,89688.0,3742.0,42.25293168648204
63898.72092557913,154788.0,89656.0,3758.0,42.26302555453731
63898.731019447194,154766.0,89672.0,3752.0,42.27311942259985
63898.74111331525,154816.0,89660.0,3751.0,42.28321329065511
63898.751207183304,154838.0,89708.0,3776.0,42.29330715871038
63898.76130105136,154852.0,89673.0,3765.0,42.30340102676564
63898.77139491942,154837.0,89688.0,3749.0,42.31349489482818
63898.78148878748,154825.0,89689.0,3749.0,42.323588762883446
63898.79158265553,154835.0,89680.0,3729.0,42.33368263093871
63898.80167652359,154832.0,89702.0,3751.0,42.343776498993975
63898.81177039165,154861.0,89693.0,3742.0,42.353870367056516
63898.821864259706,154866.0,89693.0,3769.0,42.36396423511178
63898.83195812776,154846.0,89669.0,3760.0,42.374058103167044
63898.842051995816,154864.0,89685.0,3745.0,42.38415197122231
63898.85214586387,154863.0,89694.0,3759.0,42.39424583927757
63898.862239731934,154888.0,89693.0,3761.0,42.404339707340114
63898.87233359999,154916.0,89718.0,3785.0,42.41443357539538
63898.882427468045,154921.0,89725.0,3814.0,42.42452744345064
63898.8925213361,154914.0,89698.0,3756.0,42.43462131150591
63898.90261520416,154936.0,89699.0,3774.0,42.44471517956845
63898.91270907222,154947.0,89710.0,3781.0,42.45480904762371
63898.92280294027,154932.0,89736.0,3790.0,42.46490291567898
63898.93289680833,154937.0,89698.0,3774.0,42.47499678373424
63898.94299067639,154959.0,89710.0,3775.0,42.48509065179678
63898.953084544446,154965.0,89729.0,3769.0,42.495184519852046
63898.9631784125,154892.0,89722.0,3778.0,42.50527838790731
63898.97327228056,154878.0,89709.0,3800.0,42.515372255962575
63898.98336614862,154767.0,89649.0,3789.0,42.525466124025115
63898.993460016674,154743.0,89668.0,3759.0,42.53555999208038
63899.00355388473,154635.0,89628.0,3737.0,42.545653860135644
63899.013647752785,154609.0,89649.0,3757.0,42.55574772819091
63899.02374162084,154551.0,89598.0,3727.0,42.56584159624617
63899.0338354889,154519.0,89583.0,3714.0,42.575935464308714
63899.04392935696,154511.0,89599.0,3691.0,42.58602933236398
63899.05402322501,154482.0,89616.0,3694.0,42.59612320041924
63899.06411709307,154486.0,89603.0,3708.0,42.60621706847451
63899.07421096113,154492.0,89583.0,3711.0,42.61631093653705
63899.084304829186,154526.0,89637.0,3724.0,42.62640480459231
63899.09439869724,154495.0,89586.0,3685.0,42.636498672647576
63899.1044925653,154513.0,89611.0,3696.0,42.64659254070284
63899.11458643336,154521.0,89592.0,3707.0,42.65668640876538
63899.124680301415,154490.0,89592.0,3694.0,42.666780276820646
63899.13477416947,154517.0,89591.0,3685.0,42.67687414487591
63899.144868037525,154532.0,89612.0,3698.0,42.686968012931175
63899.15496190559,154503.0,89627.0,3711.0,42.697061880993715
63899.16505577364,154513.0,89608.0,3685.0,42.70715574904898
63899.1751496417,154489.0,89622.0,3670.0,42.717249617104244
63899.18524350975,154533.0,89630.0,3702.0,42.72734348515951
63899.19533737781,154525.0,89675.0,3710.0,42.73743735321477
63899.20543124587,154551.0,89619.0,3699.0,42.74753122127731
63899.21552511393,154513.0,89608.0,3688.0,42.75762508933258
63899.22561898198,154552.0,89631.0,3674.0,42.76771895738784
63899.23571285004,154519.0,89620.0,3707.0,42.77781282544311
63899.2458067181,154575.0,89641.0,3697.0,42.78790669350565
63899.255900586155,154537.0,89599.0,3710.0,42.79800056156091
63899.26599445421,154559.0,89631.0,3725.0,42.808094429616176
63899.276088322265,154543.0,89653.0,3695.0,42.81818829767144
63899.28618219033,154552.0,89636.0,3698.0,42.82828216573398
63899.29627605838,154527.0,89614.0,3703.0,42.838376033789245
63899.30636992644,154512.0,89623.0,3677.0,42.84846990184451
63899.316463794494,154548.0,89624.0,3692.0,42.858563769899774
63899.326557662556,154510.0,89622.0,3696.0,42.868657637962315
63899.33665153061,154566.0,89637.0,3720.0,42.87875150601758
63899.34674539867,154525.0,89607.0,3680.0,42.888845374072844
63899.35683926672,154560.0,89625.0,3696.0,42.89893924212811
63899.36693313478,154542.0,89660.0,3698.0,42.90903311018337
63899.37702700284,154588.0,89615.0,3710.0,42.91912697824591
63899.387120870895,154609.0,89648.0,3689.0,42.92922084630118
63899.39721473895,154592.0,89637.0,3709.0,42.93931471435644
63899.407308607006,154564.0,89623.0,3709.0,42.94940858241171
63899.41740247507,154578.0,89629.0,3696.0,42.95950245047425
63899.42749634312,154596.0,89672.0,3740.0,42.96959631852951
63899.43759021118,154626.0,89633.0,3711.0,42.979690186584776
63899.447684079234,154643.0,89635.0,3703.0,42.98978405464004
63899.4577779473,154637.0,89634.0,3704.0,42.99987792270258
63899.46787181535,154659.0,89659.0,3742.0,43.009971790757845
63899.47796568341,154662.0,89649.0,3716.0,43.02006565881311
63899.48805955146,154706.0,89661.0,3744.0,43.030159526868374
63899.498153419525,154667.0,89633.0,3713.0,43.040253394930915
63899.50824728758,154646.0,89636.0,3703.0,43.05034726298618
63899.518341155635,154711.0,89683.0,3738.0,43.06044113104144
63899.52843502369,154667.0,89651.0,3713.0,43.07053499909671
63899.538528891746,154681.0,89647.0,3725.0,43.08062886715197
63899.54862275981,154706.0,89642.0,3743.0,43.09072273521451
63899.558716627864,154714.0,89656.0,3730.0,43.10081660326978
63899.56881049592,154724.0,89690.0,3727.0,43.11091047132504
63899.578904363974,154748.0,89685.0,3752.0,43.121004339380306
63899.58899823204,154735.0,89678.0,3751.0,43.13109820744285
63899.59909210009,154735.0,89667.0,3744.0,43.14119207549811
63899.60918596815,154718.0,89680.0,3746.0,43.151285943553376
63899.6192798362,154761.0,89671.0,3749.0,43.16137981160864
63899.629373704265,154715.0,89637.0,3727.0,43.17147367967118
63899.63946757232,154749.0,89668.0,3747.0,43.181567547726445
63899.649561440376,154763.0,89691.0,3728.0,43.19166141578171
63899.65965530843,154797.0,89681.0,3754.0,43.201755283836974
63899.669749176486,154739.0,89650.0,3724.0,43.21184915189224
63899.67984304455,154779.0,89678.0,3748.0,43.22194301995478
63899.689936912604,154781.0,89683.0,3724.0,43.23203688801004
63899.70003078066,154816.0,89692.0,3731.0,43.24213075606531
63899.710124648715,154778.0,89643.0,3750.0,43.25222462412057
63899.72021851678,154822.0,89686.0,3761.0,43.26231849218311
63899.73031238483,154806.0,89692.0,3756.0,43.27241236023838
63899.74040625289,154815.0,89668.0,3735.0,43.28250622829364
63899.75050012094,154835.0,89696.0,3783.0,43.292600096348906
63899.760593989005,154840.0,89699.0,3764.0,43.302693964411446
63899.77068785706,154856.0,89665.0,3783.0,43.31278783246671
63899.780781725116,154819.0,89628.0,3748.0,43.322881700521975
63899.79087559317,154838.0,89706.0,3793.0,43.33297556857724
63899.800969461234,154862.0,89685.0,3775.0,43.34306943663978
63899.81106332929,154887.0,89683.0,3762.0,43.353163304695045
63899.821157197344,154908.0,89715.0,3788.0,43.36325717275031
63899.8312510654,154877.0,89694.0,3747.0,43.373351040805574
63899.841344933455,154904.0,89700.0,3801.0,43.38344490886084
63899.85143880152,154890.0,89681.0,3778.0,43.39353877692338
63899.86153266957,154919.0,89703.0,3761.0,43.40363264497864
63899.87162653763,154929.0,89714.0,3804.0,43.41372651303391
63899.88172040568,154898.0,89710.0,3784.0,43.42382038108917
63899.891814273746,154936.0,89728.0,3778.0,43.43391424915171
63899.9019081418,154924.0,89698.0,3771.0,43.44400811720698
63899.912002009856,154954.0,89737.0,3806.0,43.45410198526224
63899.92209587791,154915.0,89683.0,3786.0,43.464195853317506
63899.932189745974,154964.0,89713.0,3793.0,43.474289721380046
63899.94228361403,154946.0,89738.0,3786.0,43.48438358943531
63899.952377482085,154973.0,89716.0,3778.0,43.494477457490575
63899.96247135014,154995.0,89746.0,3788.0,43.50457132554584
63899.9725652182,154986.0,89733.0,3807.0,43.51466519360838
63899.98265908626,154986.0,89751.0,3825.0,43.524759061663644
63899.99275295431,155003.0,89721.0,3798.0,43.53485292971891
63900.00284682237,154986.0,89738.0,3823.0,43.54494679777417
63900.01294069042,154957.0,89719.0,3799.0,43.55504066582944
63900.023034558486,154868.0,89691.0,3773.0,43.56513453389198
63900.03312842654,154846.0,89680.0,3753.0,43.57522840194724
63900.0432222946,154769.0,89677.0,3796.0,43.58532227000251
63900.05331616265,154649.0,89616.0,3748.0,43.59541613805777
63900.063410030714,154590.0,89642.0,3723.0,43.60551000612031
63900.07350389877,154580.0,89608.0,3725.0,43.61560387417558
63900.083597766825,154528.0,89622.0,3705.0,43.62569774223084
63900.09369163488,154561.0,89617.0,3729.0,43.635791610286105
63900.10378550294,154570.0,89627.0,3696.0,43.645885478348646
63900.113879371,154544.0,89605.0,3744.0,43.65597934640391
63900.12397323905,154546.0,89613.0,3699.0,43.666073214459175
63900.13406710711,154547.0,89615.0,3719.0,43.67616708251444
63900.144160975164,154586.0,89635.0,3711.0,43.686260950569704
63900.154254843226,154519.0,89609.0,3702.0,43.696354818632244
63900.16434871128,154583.0,89639.0,3707.0,43.70644868668751
63900.17444257934,154578.0,89624.0,3713.0,43.71654255474277
63900.18453644739,154573.0,89618.0,3747.0,43.72663642279804
63900.194630315455,154595.0,89667.0,3732.0,43.73673029086058
63900.20472418351,154580.0,89635.0,3735.0,43.74682415891584
63900.214818051565,154578.0,89635.0,3725.0,43.75691802697111
63900.22491191962,154569.0,89621.0,3719.0,43.76701189502637
63900.23500578768,154621.0,89671.0,3736.0,43.77710576308891
63900.24509965574,154616.0,89616.0,3709.0,43.787199631144176
63900.25519352379,154600.0,89635.0,3727.0,43.79729349919944
63900.26528739185,154615.0,89654.0,3724.0,43.807387367254705
63900.27538125991,154627.0,89619.0,3710.0,43.817481235317246
63900.28547512797,154622.0,89607.0,3716.0,43.82757510337251
63900.29556899602,154632.0,89651.0,3726.0,43.837668971427775
63900.30566286408,154605.0,89658.0,3719.0,43.84776283948304
63900.31575673213,154633.0,89684.0,3743.0,43.8578567075383
63900.325850600195,154624.0,89679.0,3746.0,43.867950575600844
63900.33594446825,154607.0,89641.0,3730.0,43.87804444365611
63900.346038336305,154588.0,89619.0,3719.0,43.88813831171137
63900.35613220436,154604.0,89631.0,3728.0,43.89823217976664
63900.36622607242,154582.0,89625.0,3750.0,43.90832604782918
63900.37631994048,154601.0,89647.0,3702.0,43.91841991588444
63900.386413808534,154592.0,89648.0,3738.0,43.92851378393971
63900.39650767659,154638.0,89660.0,3750.0,43.93860765199497
63900.40660154465,154593.0,89628.0,3716.0,43.94870152005751
63900.41669541271,154630.0,89651.0,3704.0,43.958795388112776
63900.42678928076,154626.0,89647.0,3736.0,43.96888925616804
63900.43688314882,154625.0,89649.0,3739.0,43.978983124223305
63900.44697701688,154628.0,89653.0,3718.0,43.989076992285845
63900.457070884935,154678.0,89666.0,3747.0,43.99917086034111
63900.46716475299,154672.0,89670.0,3737.0,44.009264728396374
63900.477258621046,154676.0,89641.0,3703.0,44.01935859645164
63900.4873524891,154714.0,89673.0,3752.0,44.0294524645069
63900.49744635716,154688.0,89648.0,3730.0,44.039546332569444
63900.50754022522,154710.0,89671.0,3745.0,44.04964020062471
63900.517634093274,154721.0,89681.0,3748.0,44.05973406867997
63900.52772796133,154712.0,89675.0,3736.0,44.06982793673524
63900.53782182939,154718.0,89661.0,3740.0,44.07992180479778
63900.54791569745,154744.0,89681.0,3736.0,44.09001567285304
63900.5580095655,154750.0,89693.0,3763.0,44.100109540908306
63900.56810343356,154729.0,89661.0,3744.0,44.11020340896357
63900.57819730162,154742.0,89698.0,3748.0,44.12029727702611
63900.588291169675,154774.0,89709.0,3765.0,44.130391145081376
63900.59838503773,154762.0,89666.0,3737.0,44.14048501313664
63900.608478905786,154757.0,89685.0,3738.0,44.150578881191905
63900.61857277385,154782.0,89696.0,3766.0,44.160672749254445
63900.628666641904,154786.0,89682.0,3758.0,44.17076661730971
63900.63876050996,154779.0,89667.0,3749.0,44.180860485364974
63900.648854378014,154766.0,89696.0,3767.0,44.19095435342024
63900.65894824607,154777.0,89689.0,3754.0,44.2010482214755
63900.66904211413,154794.0,89694.0,3759.0,44.21114208953804
63900.67913598219,154825.0,89708.0,3758.0,44.22123595759331
63900.68922985024,154818.0,89699.0,3794.0,44.23132982564857
63900.6993237183,154806.0,89696.0,3758.0,44.24142369370384
63900.70941758636,154820.0,89697.0,3766.0,44.25151756176638
63900.719511454416,154818.0,89706.0,3795.0,44.26161142982164
63900.72960532247,154778.0,89686.0,3742.0,44.271705297876906
63900.739699190526,154820.0,89694.0,3745.0,44.28179916593217
63900.74979305859,154853.0,89698.0,3774.0,44.29189303399471
63900.759886926644,154817.0,89685.0,3821.0,44.301986902049975
63900.7699807947,154821.0,89672.0,3762.0,44.31208077010524
63900.780074662754,154883.0,89741.0,3787.0,44.322174638160504
63900.79016853082,154888.0,89700.0,3778.0,44.332268506223045
63900.80026239887,154865.0,89706.0,3764.0,44.34236237427831
63900.81035626693,154904.0,89722.0,3759.0,44.352456242333574
63900.82045013498,154876.0,89695.0,3779.0,44.36255011038884
63900.83054400304,154907.0,89702.0,3792.0,44.3726439784441
63900.8406378711,154911.0,89716.0,3770.0,44.38273784650664
63900.850731739156,154919.0,89740.0,3788.0,44.39283171456191
63900.86082560721,154892.0,89706.0,3771.0,44.40292558261717
63900.87091947527,154921.0,89711.0,3788.0,44.41301945067244
63900.88101334333,154944.0,89741.0,3823.0,44.42311331873498
63900.891107211384,154948.0,89721.0,3827.0,44.43320718679024
63900.90120107944,154944.0,89707.0,3786.0,44.443301054845506
63900.911294947495,154961.0,89718.0,3795.0,44.45339492290077
63900.92138881556,154960.0,89713.0,3782.0,44.46348879096331
63900.93148268361,154965.0,89719.0,3799.0,44.473582659018575
63900.94157655167,155007.0,89748.0,3789.0,44.48367652707384
63900.95167041972,154993.0,89724.0,3792.0,44.493770395129104
63900.961764287786,154988.0,89716.0,3822.0,44.503864263191645
63900.97185815584,155021.0,89753.0,3825.0,44.51395813124691
63900.981952023896,155024.0,89757.0,3838.0,44.52405199930217
63900.99204589195,154962.0,89706.0,3778.0,44.53414586735744
63901.00213976001,154993.0,89711.0,3808.0,44.5442397354127
63901.01223362807,154978.0,89707.0,3828.0,44.55433360347524
63901.022327496124,154983.0,89717.0,3796.0,44.56442747153051
63901.03242136418,154957.0,89716.0,3819.0,44.57452133958577
63901.042515232235,154885.0,89714.0,3797.0,44.584615207641036
63901.0526091003,154807.0,89682.0,3792.0,44.59470907570358
63901.06270296835,154782.0,89684.0,3800.0,44.60480294375884
63901.07279683641,154699.0,89692.0,3780.0,44.614896811814106
63901.08289070446,154666.0,89650.0,3759.0,44.62499067986937
63901.092984572526,154627.0,89629.0,3733.0,44.63508454793191
63901.10307844058,154605.0,89658.0,3765.0,44.645178415987175
63901.11317230864,154580.0,89632.0,3738.0,44.65527228404244
63901.12326617669,154565.0,89612.0,3729.0,44.665366152097704
63901.133360044754,154595.0,89656.0,3750.0,44.675460020160244
63901.14345391281,154643.0,89654.0,3756.0,44.68555388821551
63901.153547780865,154604.0,89641.0,3722.0,44.69564775627077
63901.16364164892,154633.0,89644.0,3734.0,44.70574162432604
63901.173735516975,154669.0,89654.0,3756.0,44.7158354923813
63901.18382938504,154652.0,89654.0,3731.0,44.72592936044384
63901.19392325309,154693.0,89641.0,3744.0,44.73602322849911
63901.20401712115,154679.0,89669.0,3743.0,44.74611709655437
63901.2141109892,154668.0,89678.0,3736.0,44.756210964609636
63901.224204857266,154654.0,89673.0,3717.0,44.766304832672176
63901.23429872532,154668.0,89658.0,3737.0,44.77639870072744
63901.24439259338,154707.0,89671.0,3752.0,44.786492568782705
63901.25448646143,154693.0,89668.0,3734.0,44.79658643683797
63901.264580329494,154732.0,89698.0,3740.0,44.80668030490051
63901.27467419755,154705.0,89649.0,3756.0,44.816774172955775
63901.284768065605,154719.0,89678.0,3751.0,44.82686804101104
63901.29486193366,154700.0,89687.0,3740.0,44.836961909066304
63901.304955801716,154716.0,89672.0,3745.0,44.84705577712157
63901.31504966978,154719.0,89675.0,3731.0,44.85714964518411
63901.32514353783,154715.0,89677.0,3753.0,44.86724351323937
63901.33523740589,154678.0,89678.0,3740.0,44.87733738129464
63901.345331273944,154678.0,89656.0,3746.0,44.8874312493499
63901.35542514201,154676.0,89686.0,3745.0,44.89752511741244
63901.36551901006,154691.0,89664.0,3755.0,44.90761898546771
63901.37561287812,154688.0,89662.0,3726.0,44.91771285352297
63901.38570674617,154717.0,89672.0,3752.0,44.927806721578236
63901.395800614235,154700.0,89695.0,3790.0,44.937900589640776
63901.40589448229,154685.0,89666.0,3749.0,44.94799445769604
63901.415988350345,154691.0,89672.0,3749.0,44.958088325751305
63901.4260822184,154712.0,89696.0,3771.0,44.96818219380657
63901.43617608646,154695.0,89643.0,3730.0,44.97827606186911
63901.44626995452,154736.0,89680.0,3752.0,44.988369929924374
63901.45636382257,154756.0,89690.0,3730.0,44.99846379797964
63901.46645769063,154743.0,89681.0,3783.0,45.0085576660349
63901.476551558684,154741.0,89666.0,3745.0,45.01865153409017
63901.48664542675,154777.0,89691.0,3755.0,45.02874540215271
63901.4967392948,154805.0,89704.0,3770.0,45.03883927020797
63901.50683316286,154777.0,89694.0,3752.0,45.04893313826324
63901.51692703091,154801.0,89722.0,3785.0,45.0590270063185
63901.527020898975,154828.0,89696.0,3770.0,45.06912087438104
63901.53711476703,154803.0,89687.0,3787.0,45.07921474243631
63901.547208635086,154820.0,89702.0,3781.0,45.08930861049157
63901.55730250314,154866.0,89728.0,3790.0,45.099402478546835
63901.5673963712,154810.0,89706.0,3744.0,45.109496346609376
63901.57749023926,154847.0,89691.0,3772.0,45.11959021466464
63901.587584107314,154858.0,89733.0,3768.0,45.129684082719905
63901.59767797537,154842.0,89714.0,3758.0,45.13977795077517
63901.60777184343,154861.0,89708.0,3784.0,45.14987181883771
63901.61786571149,154884.0,89722.0,3784.0,45.159965686892974
63901.62795957954,154863.0,89696.0,3782.0,45.17005955494824
63901.6380534476,154910.0,89724.0,3809.0,45.1801534230035
63901.64814731565,154905.0,89732.0,3800.0,45.19024729105877
63901.658241183715,154905.0,89708.0,3776.0,45.20034115912131
63901.66833505177,154874.0,89704.0,3770.0,45.21043502717657
63901.678428919826,154930.0,89735.0,3806.0,45.22052889523184
63901.68852278788,154887.0,89694.0,3792.0,45.2306227632871
63901.69861665594,154906.0,89720.0,3798.0,45.24071663134964
63901.708710524,154902.0,89682.0,3796.0,45.250810499404906
63901.718804392054,154896.0,89697.0,3770.0,45.26090436746017
63901.72889826011,154896.0,89716.0,3783.0,45.270998235515435
63901.73899212817,154946.0,89726.0,3793.0,45.281092103577976
63901.74908599623,154962.0,89737.0,3820.0,45.29118597163324
63901.75917986428,154924.0,89713.0,3804.0,45.301279839688505
63901.76927373234,154955.0,89712.0,3796.0,45.31137370774377
63901.77936760039,154964.0,89740.0,3798.0,45.32146757579903
63901.789461468456,154930.0,89778.0,3809.0,45.331561443861574
63901.79955533651,154935.0,89734.0,3793.0,45.34165531191684
63901.809649204566,154993.0,89746.0,3831.0,45.3517491799721
63901.81974307262,154993.0,89737.0,3817.0,45.36184304802737
63901.829836940684,154998.0,89748.0,3792.0,45.37193691608991
63901.83993080874,154995.0,89733.0,3829.0,45.38203078414517
63901.850024676794,155001.0,89732.0,3813.0,45.39212465220044
63901.86011854485,155039.0,89745.0,3816.0,45.4022185202557
63901.87021241291,155010.0,89765.0,3806.0,45.41231238831824
63901.88030628097,155064.0,89779.0,3844.0,45.422406256373506
63901.89040014902,155061.0,89767.0,3807.0,45.43250012442877
63901.90049401708,155079.0,89759.0,3823.0,45.442593992484035
63901.91058788514,155078.0,89773.0,3830.0,45.452687860546575
63901.920681753196,155052.0,89730.0,3808.0,45.46278172860184
63901.93077562125,155088.0,89813.0,3858.0,45.472875596657104
63901.940869489306,155083.0,89755.0,3826.0,45.48296946471237
63901.95096335736,155048.0,89727.0,3795.0,45.49306333276763
63901.961057225424,155040.0,89744.0,3823.0,45.503157200830174
63901.97115109348,154967.0,89719.0,3822.0,45.51325106888544
63901.981244961535,154906.0,89720.0,3807.0,45.5233449369407
63901.99133882959,154825.0,89697.0,3768.0,45.53343880499597
63902.00143269765,154749.0,89684.0,3789.0,45.54353267305851
63902.01152656571,154716.0,89665.0,3771.0,45.55362654111377
63902.02162043376,154691.0,89657.0,3767.0,45.563720409169036
63902.03171430182,154664.0,89682.0,3793.0,45.5738142772243
63902.04180816988,154668.0,89655.0,3781.0,45.58390814528684
63902.051902037936,154644.0,89672.0,3756.0,45.594002013342106
63902.06199590599,154628.0,89661.0,3759.0,45.60409588139737
63902.07208977405,154612.0,89627.0,3743.0,45.614189749452635
63902.08218364211,154606.0,89651.0,3755.0,45.624283617515175
63902.092277510164,154616.0,89630.0,3757.0,45.63437748557044
63902.10237137822,154666.0,89654.0,3767.0,45.644471353625704
63902.112465246275,154670.0,89650.0,3774.0,45.65456522168097
63902.12255911433,154669.0,89657.0,3754.0,45.66465908973623
63902.13265298239,154668.0,89641.0,3760.0,45.67475295779877
63902.14274685045,154686.0,89670.0,3742.0,45.68484682585404
63902.1528407185,154683.0,89663.0,3750.0,45.6949406939093
63902.16293458656,154683.0,89688.0,3767.0,45.70503456196457
63902.17302845462,154713.0,89691.0,3773.0,45.71512843002711
63902.183122322676,154656.0,89647.0,3764.0,45.72522229808237
63902.19321619073,154700.0,89690.0,3762.0,45.735316166137636
63902.20331005879,154699.0,89682.0,3776.0,45.7454100341929
63902.21340392685,154703.0,89676.0,3733.0,45.75550390225544
63902.223497794905,154709.0,89680.0,3765.0,45.765597770310706
63902.23359166296,154732.0,89682.0,3755.0,45.77569163836597
63902.243685531015,154718.0,89687.0,3759.0,45.785785506421234
63902.25377939908,154753.0,89702.0,3771.0,45.795879374483775
63902.26387326713,154744.0,89701.0,3783.0,45.80597324253904
63902.27396713519,154727.0,89685.0,3766.0,45.816067110594304
63902.28406100324,154707.0,89654.0,3730.0,45.82616097864957
63902.2941548713,154694.0,89655.0,3747.0,45.83625484670483
63902.30424873936,154676.0,89690.0,3738.0,45.84634871476737
63902.31434260742,154710.0,89674.0,3745.0,45.85644258282264
63902.32443647547,154695.0,89667.0,3759.0,45.8665364508779
63902.33453034353,154698.0,89665.0,3748.0,45.87663031893317
63902.34462421159,154742.0,89687.0,3751.0,45.88672418699571
63902.354718079645,154712.0,89678.0,3762.0,45.89681805505097
63902.3648119477,154741.0,89698.0,3733.0,45.906911923106236
63902.374905815755,154724.0,89687.0,3740.0,45.9170057911615
63902.38499968382,154753.0,89680.0,3732.0,45.92709965922404
63902.39509355187,154759.0,89690.0,3765.0,45.937193527279305
63902.40518741993,154756.0,89674.0,3760.0,45.94728739533457
63902.415281287984,154759.0,89670.0,3740.0,45.957381263389834
63902.425375156046,154811.0,89725.0,3760.0,45.967475131452375
63902.4354690241,154810.0,89706.0,3772.0,45.97756899950764
63902.44556289216,154789.0,89714.0,3761.0,45.987662867562904
63902.45565676021,154788.0,89680.0,3778.0,45.99775673561817
63902.46575062827,154819.0,89665.0,3794.0,46.00785060367343
63902.47584449633,154839.0,89692.0,3772.0,46.01794447173597
63902.485938364385,154832.0,89696.0,3771.0,46.02803833979124
63902.49603223244,154836.0,89693.0,3773.0,46.0381322078465
63902.506126100496,154880.0,89724.0,3784.0,46.048226075901766
63902.51621996856,154873.0,89712.0,3788.0,46.05831994396431
63902.52631383661,154907.0,89708.0,3787.0,46.06841381201957
63902.53640770467,154899.0,89733.0,3765.0,46.078507680074836
63902.546501572724,154889.0,89695.0,3769.0,46.0886015481301
63902.55659544079,154894.0,89722.0,3785.0,46.09869541619264
63902.56668930884,154889.0,89705.0,3782.0,46.108789284247905
63902.5767831769,154890.0,89700.0,3770.0,46.11888315230317
63902.58687704495,154921.0,89722.0,3814.0,46.128977020358434
63902.596970913015,154893.0,89686.0,3771.0,46.139070888420974
63902.60706478107,154895.0,89700.0,3780.0,46.14916475647624
63902.617158649125,154932.0,89699.0,3781.0,46.1592586245315
63902.62725251718,154927.0,89741.0,3771.0,46.16935249258677
63902.637346385236,154926.0,89729.0,3794.0,46.17944636064203
63902.6474402533,154936.0,89727.0,3814.0,46.18954022870457
63902.657534121354,154925.0,89699.0,3792.0,46.19963409675984
63902.66762798941,154943.0,89717.0,3788.0,46.2097279648151
63902.677721857464,154948.0,89726.0,3791.0,46.219821832870366
63902.68781572553,154948.0,89711.0,3803.0,46.22991570093291
63902.69790959358,154945.0,89747.0,3821.0,46.24000956898817
63902.70800346164,154963.0,89722.0,3784.0,46.250103437043435
63902.71809732969,154999.0,89732.0,3830.0,46.2601973050987
63902.728191197755,154957.0,89744.0,3795.0,46.27029117316124
63902.73828506581,154963.0,89712.0,3808.0,46.280385041216505
63902.748378933866,155008.0,89736.0,3819.0,46.29047890927177
63902.75847280192,155006.0,89730.0,3823.0,46.300572777327034
63902.76856666998,155020.0,89737.0,3815.0,46.310666645389574
63902.77866053804,154991.0,89727.0,3831.0,46.32076051344484
63902.788754406094,155038.0,89782.0,3837.0,46.3308543815001
63902.79884827415,155047.0,89757.0,3848.0,46.34094824955537
63902.808942142205,155042.0,89761.0,3825.0,46.35104211761063
63902.81903601027,155063.0,89759.0,3835.0,46.36113598567317
63902.82912987832,155050.0,89739.0,3814.0,46.37122985372844
63902.83922374638,155063.0,89768.0,3830.0,46.3813237217837
63902.84931761443,155083.0,89762.0,3826.0,46.391417589838966
63902.859411482495,155130.0,89785.0,3821.0,46.401511457901506
63902.86950535055,155079.0,89768.0,3834.0,46.41160532595677
63902.879599218606,155095.0,89753.0,3816.0,46.421699194012035
63902.88969308666,155115.0,89762.0,3830.0,46.4317930620673
63902.899786954724,155101.0,89765.0,3822.0,46.44188693012984
63902.90988082278,155115.0,89796.0,3838.0,46.451980798185105
63902.919974690834,155092.0,89770.0,3827.0,46.46207466624037
63902.93006855889,155104.0,89776.0,3830.0,46.47216853429563
63902.94016242695,155075.0,89738.0,3804.0,46.482262402358174
63902.95025629501,154998.0,89748.0,3848.0,46.49235627041344
63902.96035016306,154905.0,89730.0,3798.0,46.5024501384687
63902.97044403112,154856.0,89701.0,3797.0,46.51254400652397
63902.98053789917,154808.0,89709.0,3778.0,46.52263787457923
63902.990631767236,154714.0,89674.0,3757.0,46.53273174264177
63903.00072563529,154721.0,89694.0,3781.0,46.54282561069704
63903.010819503346,154676.0,89653.0,3767.0,46.5529194787523
63903.0209133714,154652.0,89636.0,3777.0,46.563013346807566
63903.031007239464,154674.0,89653.0,3769.0,46.573107214870106
63903.04110110752,154676.0,89674.0,3772.0,46.58320108292537
63903.051194975575,154672.0,89655.0,3762.0,46.593294950980635
63903.06128884363,154642.0,89638.0,3746.0,46.6033888190359
63903.07138271169,154703.0,89681.0,3735.0,46.61348268709844
63903.08147657975,154687.0,89672.0,3780.0,46.623576555153704
63903.0915704478,154697.0,89677.0,3755.0,46.63367042320897
63903.10166431586,154704.0,89654.0,3729.0,46.64376429126423
63903.11175818391,154702.0,89668.0,3746.0,46.6538581593195
63903.121852051976,154717.0,89653.0,3745.0,46.66395202738204
63903.13194592003,154685.0,89664.0,3751.0,46.6740458954373
63903.14203978809,154693.0,89712.0,3778.0,46.68413976349257
63903.15213365614,154702.0,89651.0,3729.0,46.69423363154783
63903.162227524204,154707.0,89675.0,3732.0,46.70432749961037
63903.17232139226,154721.0,89684.0,3758.0,46.714421367665636
63903.182415260315,154753.0,89700.0,3759.0,46.7245152357209
63903.19250912837,154733.0,89645.0,3768.0,46.734609103776165
63903.20260299643,154717.0,89661.0,3760.0,46.744702971838706
63903.21269686449,154741.0,89682.0,3730.0,46.75479683989397
63903.22279073254,154701.0,89683.0,3754.0,46.764890707949235
63903.2328846006,154762.0,89707.0,3782.0,46.7749845760045
63903.24297846866,154721.0,89657.0,3753.0,46.78507844406704
63903.253072336716,154743.0,89673.0,3772.0,46.795172312122304
63903.26316620477,154698.0,89664.0,3751.0,46.80526618017757
63903.27326007283,154695.0,89659.0,3772.0,46.81536004823283
63903.28335394088,154680.0,89700.0,3760.0,46.8254539162881
63903.293447808945,154706.0,89665.0,3759.0,46.83554778435064
63903.303541677,154707.0,89685.0,3760.0,46.8456416524059
63903.313635545055,154701.0,89676.0,3760.0,46.85573552046117
63903.32372941311,154742.0,89685.0,3773.0,46.86582938851643
63903.33382328117,154717.0,89659.0,3744.0,46.87592325657897
63903.34391714923,154753.0,89695.0,3759.0,46.886017124634236
63903.35401101728,154709.0,89701.0,3753.0,46.8961109926895
63903.36410488534,154737.0,89675.0,3766.0,46.906204860744765
63903.3741987534,154768.0,89678.0,3750.0,46.916298728807305
63903.38429262146,154786.0,89692.0,3759.0,46.92639259686257
63903.39438648951,154775.0,89690.0,3785.0,46.936486464917834
63903.40448035757,154814.0,89693.0,3790.0,46.9465803329731
63903.41457422562,154805.0,89717.0,3797.0,46.95667420102836
63903.424668093685,154826.0,89688.0,3780.0,46.966768069090904
63903.43476196174,154815.0,89690.0,3734.0,46.97686193714617
63903.444855829795,154836.0,89703.0,3753.0,46.98695580520143
63903.45494969785,154810.0,89703.0,3809.0,46.9970496732567
63903.46504356591,154849.0,89708.0,3788.0,47.00714354131924
63903.47513743397,154865.0,89690.0,3770.0,47.0172374093745
63903.485231302024,154897.0,89729.0,3809.0,47.02733127742977
63903.49532517008,154850.0,89689.0,3756.0,47.03742514548503
63903.50541903814,154884.0,89717.0,3785.0,47.04751901354757
63903.5155129062,154908.0,89729.0,3760.0,47.057612881602836
63903.52560677425,154883.0,89687.0,3810.0,47.0677067496581
63903.53570064231,154871.0,89732.0,3792.0,47.077800617713365
63903.54579451037,154897.0,89695.0,3785.0,47.087894485775905
63903.555888378425,154911.0,89730.0,3794.0,47.09798835383117
63903.56598224648,154872.0,89703.0,3782.0,47.108082221886434
63903.576076114536,154926.0,89727.0,3809.0,47.1181760899417
63903.58616998259,154913.0,89719.0,3796.0,47.12826995799696
63903.59626385065,154893.0,89701.0,3803.0,47.1383638260595
63903.60635771871,154892.0,89712.0,3775.0,47.14845769411477
63903.616451586764,154924.0,89699.0,3789.0,47.15855156217003
63903.62654545482,154938.0,89724.0,3801.0,47.1686454302253
63903.63663932288,154935.0,89707.0,3797.0,47.17873929828784
63903.64673319094,154941.0,89738.0,3807.0,47.1888331663431
63903.65682705899,154945.0,89717.0,3784.0,47.198927034398366
63903.66692092705,154934.0,89733.0,3810.0,47.20902090245363
63903.67701479511,154969.0,89736.0,3818.0,47.21911477051617
63903.687108663165,154956.0,89712.0,3831.0,47.229208638571436
63903.69720253122,154983.0,89720.0,3807.0,47.2393025066267
63903.707296399276,154977.0,89733.0,3810.0,47.249396374681965
63903.71739026734,154999.0,89730.0,3809.0,47.259490242744505
63903.727484135394,154975.0,89734.0,3798.0,47.26958411079977
63903.73757800345,155023.0,89761.0,3839.0,47.279677978855034
63903.747671871504,155023.0,89743.0,3812.0,47.2897718469103
63903.75776573956,155010.0,89724.0,3807.0,47.29986571496556
63903.76785960762,155033.0,89722.0,3817.0,47.3099595830281
63903.77795347568,155014.0,89740.0,3821.0,47.32005345108337
63903.78804734373,155044.0,89748.0,3812.0,47.33014731913863
63903.79814121179,155040.0,89732.0,3842.0,47.3402411871939
63903.80823507985,155072.0,89758.0,3836.0,47.35033505525644
63903.818328947906,155029.0,89737.0,3825.0,47.3604289233117
63903.82842281596,155076.0,89752.0,3821.0,47.370522791366966
63903.838516684016,155066.0,89743.0,3836.0,47.38061665942223
63903.84861055208,155071.0,89744.0,3835.0,47.39071052748477
63903.858704420134,155065.0,89757.0,3829.0,47.400804395540035
63903.86879828819,155130.0,89762.0,3852.0,47.4108982635953
63903.878892156245,155110.0,89782.0,3835.0,47.420992131650564
63903.88898602431,155096.0,89738.0,3843.0,47.431085999713105
63903.89907989236,155117.0,89760.0,3845.0,47.44117986776837
63903.90917376042,155117.0,89758.0,3826.0,47.451273735823634
63903.91926762847,155144.0,89768.0,3847.0,47.4613676038789
63903.92936149653,155124.0,89810.0,3847.0,47.47146147193416
63903.93945536459,155098.0,89751.0,3841.0,47.4815553399967
63903.949549232646,155028.0,89714.0,3833.0,47.49164920805197
63903.9596431007,154989.0,89733.0,3830.0,47.50174307610723
63903.96973696876,154921.0,89716.0,3823.0,47.511836944162496
63903.97983083682,154838.0,89709.0,3800.0,47.52193081222504
63903.989924704874,154765.0,89688.0,3799.0,47.5320246802803
63904.00001857293,154741.0,89671.0,3784.0,47.542118548335566
63904.010112440985,154725.0,89674.0,3767.0,47.55221241639083
63904.02020630905,154685.0,89656.0,3748.0,47.56230628445337
63904.0303001771,154721.0,89674.0,3790.0,47.572400152508635
63904.04039404516,154685.0,89669.0,3775.0,47.5824940205639
63904.05048791321,154654.0,89649.0,3748.0,47.592587888619164
63904.060581781276,154678.0,89675.0,3784.0,47.602681756681704
63904.07067564933,154706.0,89676.0,3778.0,47.61277562473697
63904.080769517386,154695.0,89660.0,3770.0,47.62286949279223
63904.09086338544,154722.0,89671.0,3756.0,47.6329633608475
63904.1009572535,154707.0,89677.0,3784.0,47.64305722890276
63904.11105112156,154700.0,89652.0,3751.0,47.6531510969653
63904.121144989615,154742.0,89687.0,3766.0,47.66324496502057
63904.13123885767,154745.0,89702.0,3786.0,47.67333883307583
63904.141332725725,154733.0,89649.0,3763.0,47.683432701131096
63904.15142659379,154738.0,89676.0,3749.0,47.69352656919364
63904.16152046184,154750.0,89679.0,3768.0,47.7036204372489
63904.1716143299,154754.0,89688.0,3788.0,47.713714305304165
63904.18170819795,154757.0,89700.0,3778.0,47.72380817335943
63904.191802066016,154772.0,89704.0,3803.0,47.73390204142197
63904.20189593407,154744.0,89644.0,3761.0,47.743995909477235
63904.21198980213,154726.0,89666.0,3748.0,47.7540897775325
63904.22208367018,154789.0,89714.0,3770.0,47.764183645587764
63904.232177538244,154754.0,89671.0,3790.0,47.774277513650304
63904.2422714063,154767.0,89681.0,3771.0,47.78437138170557
63904.252365274355,154750.0,89670.0,3767.0,47.79446524976083
63904.26245914241,154781.0,89714.0,3780.0,47.8045591178161
63904.272553010465,154725.0,89670.0,3745.0,47.81465298587136
63904.28264687853,154740.0,89677.0,3772.0,47.8247468539339
63904.29274074658,154763.0,89692.0,3755.0,47.83484072198917
63904.30283461464,154718.0,89672.0,3754.0,47.84493459004443
63904.312928482694,154765.0,89694.0,3787.0,47.855028458099696
63904.323022350756,154751.0,89681.0,3758.0,47.865122326162236
63904.33311621881,154747.0,89640.0,3738.0,47.8752161942175
63904.34321008687,154764.0,89664.0,3761.0,47.885310062272765
63904.35330395492,154770.0,89706.0,3791.0,47.89540393032803
63904.363397822985,154776.0,89691.0,3766.0,47.90549779839057
63904.37349169104,154795.0,89664.0,3796.0,47.915591666445835
63904.383585559095,154829.0,89702.0,3810.0,47.9256855345011
63904.39367942715,154818.0,89668.0,3795.0,47.93577940255636
63904.40377329521,154811.0,89707.0,3789.0,47.945873270618904
63904.41386716327,154832.0,89664.0,3778.0,47.95596713867417
63904.42396103132,154807.0,89689.0,3794.0,47.96606100672943
63904.43405489938,154844.0,89693.0,3756.0,47.9761548747847
63904.444148767434,154863.0,89708.0,3778.0,47.98624874283996
63904.4542426355,154874.0,89735.0,3788.0,47.9963426109025
63904.46433650355,154840.0,89684.0,3775.0,48.00643647895777
63904.47443037161,154871.0,89703.0,3778.0,48.01653034701303
63904.48452423966,154892.0,89735.0,3815.0,48.026624215068296
63904.494618107725,154899.0,89703.0,3801.0,48.036718083130836
63904.50471197578,154903.0,89701.0,3804.0,48.0468119511861
63904.514805843835,154935.0,89728.0,3826.0,48.056905819241365
63904.52489971189,154916.0,89713.0,3778.0,48.06699968729663
63904.53499357995,154928.0,89720.0,3797.0,48.07709355535917
63904.54508744801,154931.0,89740.0,3801.0,48.087187423414434
63904.555181316064,154921.0,89734.0,3814.0,48.0972812914697
63904.56527518412,154923.0,89716.0,3777.0,48.10737515952496
63904.57536905218,154940.0,89723.0,3805.0,48.117469027587504
63904.58546292024,154974.0,89714.0,3821.0,48.12756289564277
63904.59555678829,154911.0,89710.0,3808.0,48.13765676369803
63904.60565065635,154951.0,89740.0,3804.0,48.1477506317533
63904.6157445244,154945.0,89728.0,3806.0,48.15784449980856
63904.625838392465,154933.0,89729.0,3821.0,48.1679383678711
63904.63593226052,154939.0,89751.0,3811.0,48.178032235926366
63904.646026128576,154992.0,89716.0,3812.0,48.18812610398163
63904.65611999663,154984.0,89732.0,3820.0,48.198219972036895
63904.66621386469,154967.0,89712.0,3820.0,48.208313840099436
63904.67630773275,155015.0,89753.0,3820.0,48.2184077081547
63904.686401600804,154979.0,89717.0,3817.0,48.228501576209965
63904.69649546886,155004.0,89744.0,3812.0,48.23859544426523
63904.70658933692,154989.0,89739.0,3812.0,48.24868931232777
63904.71668320498,154988.0,89736.0,3797.0,48.258783180383034
63904.72677707303,155034.0,89757.0,3792.0,48.2688770484383
63904.73687094109,155041.0,89739.0,3843.0,48.27897091649356
63904.74696480914,155025.0,89756.0,3838.0,48.28906478454883
63904.757058677205,155019.0,89733.0,3828.0,48.29915865261137
63904.76715254526,155026.0,89775.0,3829.0,48.30925252066663
63904.777246413316,155061.0,89746.0,3830.0,48.3193463887219
63904.78734028137,155015.0,89753.0,3845.0,48.32944025677716
63904.797434149434,155086.0,89755.0,3829.0,48.3395341248397
63904.80752801749,155067.0,89739.0,3842.0,48.349627992894966
63904.817621885544,155100.0,89761.0,3841.0,48.35972186095023
63904.8277157536,155089.0,89760.0,3828.0,48.369815729005495
63904.83780962166,155083.0,89734.0,3850.0,48.379909597068036
63904.84790348972,155144.0,89743.0,3861.0,48.3900034651233
63904.85799735777,155138.0,89753.0,3844.0,48.400097333178564
63904.86809122583,155132.0,89758.0,3819.0,48.41019120123383
63904.87818509389,155130.0,89757.0,3861.0,48.42028506929637
63904.888278961946,155140.0,89768.0,3839.0,48.430378937351634
63904.89837283,155158.0,89760.0,3855.0,48.4404728054069
63904.908466698056,155136.0,89779.0,3855.0,48.45056667346216
63904.91856056611,155153.0,89746.0,3844.0,48.46066054151743
63904.928654434174,155176.0,89776.0,3817.0,48.47075440957997
63904.93874830223,155154.0,89775.0,3847.0,48.48084827763523
63904.948842170284,155124.0,89753.0,3879.0,48.4909421456905
63904.95893603834,155056.0,89738.0,3829.0,48.50103601374576
63904.9690299064,155010.0,89764.0,3849.0,48.5111298818083
63904.97912377446,154923.0,89711.0,3803.0,48.521223749863566
63904.98921764251,154850.0,89679.0,3820.0,48.53131761791883
63904.99931151057,154854.0,89703.0,3814.0,48.541411485974095
63905.00940537863,154756.0,89682.0,3812.0,48.551505354036635
63905.019499246686,154728.0,89658.0,3806.0,48.5615992220919
63905.02959311474,154714.0,89703.0,3794.0,48.571693090147164
63905.0396869828,154710.0,89644.0,3788.0,48.58178695820243
63905.04978085086,154688.0,89662.0,3761.0,48.59188082626497
63905.059874718914,154704.0,89659.0,3760.0,48.60197469432023
63905.06996858697,154712.0,89668.0,3779.0,48.6120685623755
63905.080062455025,154695.0,89657.0,3785.0,48.62216243043076
63905.09015632308,154744.0,89697.0,3780.0,48.63225629848603
63905.10025019114,154759.0,89696.0,3799.0,48.64235016654857
63905.1103440592,154755.0,89683.0,3772.0,48.65244403460383
63905.12043792725,154757.0,89685.0,3784.0,48.662537902659096
63905.13053179531,154775.0,89703.0,3778.0,48.67263177071436
63905.14062566337,154727.0,89665.0,3756.0,48.6827256387769
63905.150719531426,154762.0,89685.0,3774.0,48.692819506832166
63905.16081339948,154770.0,89668.0,3780.0,48.70291337488743
63905.17090726754,154760.0,89675.0,3787.0,48.713007242942695
63905.1810011356,154763.0,89682.0,3764.0,48.723101111005235
63905.191095003654,154798.0,89692.0,3775.0,48.7331949790605
63905.20118887171,154806.0,89717.0,3792.0,48.743288847115764
63905.211282739765,154791.0,89672.0,3799.0,48.75338271517103
63905.22137660782,154819.0,89716.0,3810.0,48.76347658322629
63905.23147047588,154804.0,89690.0,3777.0,48.77357045128883
63905.24156434394,154786.0,89668.0,3777.0,48.7836643193441
63905.25165821199,154797.0,89665.0,3785.0,48.79375818739936
63905.26175208005,154814.0,89701.0,3776.0,48.80385205545463
63905.27184594811,154800.0,89673.0,3808.0,48.81394592351717
63905.28193981617,154759.0,89667.0,3777.0,48.82403979157243
63905.29203368422,154766.0,89696.0,3773.0,48.834133659627696
63905.30212755228,154762.0,89700.0,3783.0,48.84422752768296
63905.31222142034,154776.0,89685.0,3771.0,48.8543213957455
63905.322315288395,154768.0,89685.0,3767.0,48.864415263800765
63905.33240915645,154786.0,89719.0,3794.0,48.87450913185603
63905.342503024505,154811.0,89703.0,3803.0,48.884602999911294
63905.35259689257,154808.0,89706.0,3773.0,48.894696867973835
63905.36269076062,154830.0,89711.0,3798.0,48.9047907360291
63905.37278462868,154821.0,89689.0,3785.0,48.914884604084364
63905.38287849673,154827.0,89685.0,3781.0,48.92497847213963
63905.39297236479,154839.0,89695.0,3789.0,48.93507234019489
63905.40306623285,154825.0,89710.0,3781.0,48.94516620825743
63905.41316010091,154839.0,89691.0,3773.0,48.9552600763127
63905.42325396896,154837.0,89699.0,3776.0,48.96535394436796
63905.43334783702,154870.0,89707.0,3791.0,48.975447812423226
63905.44344170508,154850.0,89692.0,3803.0,48.98554168048577
63905.453535573135,154903.0,89739.0,3822.0,48.99563554854103
63905.46362944119,154921.0,89732.0,3780.0,49.005729416596296
63905.473723309246,154914.0,89713.0,3780.0,49.01582328465156
63905.48381717731,154880.0,89715.0,3823.0,49.0259171527141
63905.49391104536,154928.0,89719.0,3795.0,49.036011020769365
63905.50400491342,154962.0,89696.0,3830.0,49.04610488882463
63905.514098781474,154941.0,89738.0,3792.0,49.056198756879894
63905.52419264954,154942.0,89716.0,3807.0,49.066292624942434
63905.53428651759,154890.0,89732.0,3806.0,49.0763864929977
63905.54438038565,154918.0,89729.0,3793.0,49.08648036105296
63905.5544742537,154960.0,89728.0,3826.0,49.09657422910823
63905.56456812176,154959.0,89755.0,3824.0,49.10666809716349
63905.57466198982,154974.0,89729.0,3834.0,49.11676196522603
63905.584755857875,154974.0,89709.0,3809.0,49.1268558332813
63905.59484972593,154940.0,89707.0,3799.0,49.13694970133656
63905.604943593986,154972.0,89735.0,3808.0,49.147043569391826
63905.61503746205,154974.0,89736.0,3806.0,49.15713743745437
63905.6251313301,155011.0,89749.0,3840.0,49.16723130550963
63905.63522519816,155003.0,89754.0,3798.0,49.177325173564896
63905.645319066214,154998.0,89742.0,3817.0,49.18741904162016
63905.65541293428,155019.0,89725.0,3866.0,49.1975129096827
63905.66550680233,154979.0,89737.0,3827.0,49.207606777737965
63905.67560067039,154955.0,89718.0,3794.0,49.21770064579323
63905.68569453844,155021.0,89733.0,3824.0,49.227794513848494
63905.695788406505,155043.0,89739.0,3847.0,49.237888381911034
63905.70588227456,155033.0,89733.0,3824.0,49.2479822499663
63905.715976142616,155053.0,89732.0,3817.0,49.25807611802156
63905.72607001067,155054.0,89755.0,3837.0,49.26816998607683
63905.736163878726,155059.0,89746.0,3832.0,49.27826385413209
63905.74625774679,155072.0,89769.0,3856.0,49.28835772219463
63905.756351614844,155060.0,89737.0,3817.0,49.2984515902499
63905.7664454829,155091.0,89755.0,3829.0,49.30854545830516
63905.776539350954,155099.0,89743.0,3834.0,49.318639326360426
63905.78663321902,155085.0,89753.0,3870.0,49.328733194422966
63905.79672708707,155102.0,89758.0,3838.0,49.33882706247823
63905.80682095513,155102.0,89786.0,3835.0,49.348920930533495
63905.81691482318,155079.0,89751.0,3831.0,49.35901479858876
63905.827008691245,155144.0,89787.0,3857.0,49.3691086666513
63905.8371025593,155139.0,89789.0,3866.0,49.379202534706565
63905.847196427356,155131.0,89772.0,3848.0,49.38929640276183
63905.85729029541,155121.0,89773.0,3824.0,49.39939027081709
63905.86738416347,155125.0,89750.0,3864.0,49.409484138879634
63905.87747803153,155131.0,89806.0,3846.0,49.4195780069349
63905.887571899584,155164.0,89779.0,3856.0,49.42967187499016
63905.89766576764,155205.0,89780.0,3881.0,49.43976574304543
63905.907759635695,155162.0,89769.0,3852.0,49.44985961110069
63905.91785350376,155212.0,89788.0,3853.0,49.45995347916323
63905.92794737181,155193.0,89791.0,3861.0,49.4700473472185
63905.93804123987,155148.0,89775.0,3891.0,49.48014121527376
63905.94813510792,155210.0,89773.0,3878.0,49.490235083329026
63905.958228975986,155207.0,89799.0,3862.0,49.500328951391566
63905.96832284404,155171.0,89784.0,3853.0,49.51042281944683
63905.978416712096,155150.0,89778.0,3827.0,49.520516687502095
63905.98851058015,155067.0,89742.0,3826.0,49.53061055555736
63905.998604448214,155027.0,89757.0,3859.0,49.5407044236199
63906.00869831627,154933.0,89724.0,3831.0,49.550798291675164
63906.018792184324,154845.0,89737.0,3813.0,49.56089215973043
63906.02888605238,154802.0,89689.0,3815.0,49.57098602778569
63906.03897992044,154765.0,89666.0,3788.0,49.581079895848234
63906.0490737885,154769.0,89679.0,3825.0,49.5911737639035
63906.05916765655,154749.0,89672.0,3809.0,49.60126763195876
63906.06926152461,154746.0,89700.0,3830.0,49.61136150001403
63906.07935539266,154743.0,89691.0,3801.0,49.62145536806929
63906.089449260726,154748.0,89669.0,3792.0,49.63154923613183
63906.09954312878,154742.0,89685.0,3781.0,49.6416431041871
63906.109636996836,154763.0,89695.0,3770.0,49.65173697224236
63906.11973086489,154788.0,89702.0,3806.0,49.661830840297625
63906.129824732954,154764.0,89678.0,3772.0,49.671924708360166
63906.13991860101,154792.0,89681.0,3805.0,49.68201857641543
63906.150012469065,154788.0,89688.0,3768.0,49.692112444470695
63906.16010633712,154782.0,89668.0,3822.0,49.70220631252596
63906.17020020518,154827.0,89710.0,3780.0,49.7123001805885
63906.18029407324,154804.0,89687.0,3795.0,49.722394048643764
63906.19038794129,154791.0,89704.0,3785.0,49.73248791669903
63906.20048180935,154841.0,89685.0,3816.0,49.74258178475429
63906.21057567741,154805.0,89715.0,3823.0,49.75267565281683
63906.220669545466,154813.0,89702.0,3801.0,49.7627695208721
63906.23076341352,154815.0,89686.0,3774.0,49.77286338892736
63906.24085728158,154804.0,89680.0,3778.0,49.78295725698263
63906.25095114963,154846.0,89723.0,3784.0,49.79305112503789
63906.261045017694,154839.0,89696.0,3792.0,49.80314499310043
63906.27113888575,154845.0,89706.0,3808.0,49.813238861155696
63906.281232753805,154835.0,89690.0,3803.0,49.82333272921096
63906.29132662186,154791.0,89690.0,3763.0,49.833426597266225
63906.30142048992,154795.0,89702.0,3795.0,49.843520465328766
63906.31151435798,154819.0,89716.0,3776.0,49.85361433338403
63906.32160822603,154810.0,89713.0,3806.0,49.863708201439294
63906.33170209409,154806.0,89704.0,3774.0,49.87380206949456
63906.34179596215,154797.0,89674.0,3781.0,49.8838959375571
63906.351889830206,154791.0,89676.0,3801.0,49.893989805612364
63906.36198369826,154812.0,89700.0,3802.0,49.90408367366763
63906.37207756632,154826.0,89707.0,3781.0,49.91417754172289
63906.38217143437,154824.0,89713.0,3798.0,49.92427140977816
63906.392265302435,154819.0,89684.0,3798.0,49.9343652778407
63906.40235917049,154818.0,89690.0,3767.0,49.94445914589596
63906.412453038545,154859.0,89680.0,3789.0,49.95455301395123
63906.4225469066,154848.0,89703.0,3796.0,49.96464688200649
63906.43264077466,154855.0,89695.0,3780.0,49.97474075006903
63906.44273464272,154903.0,89729.0,3806.0,49.984834618124296
63906.45282851077,154837.0,89706.0,3790.0,49.99492848617956
63906.46292237883,154879.0,89726.0,3809.0,50.005022354234825
63906.47301624689,154908.0,89711.0,3821.0,50.015116222297365
63906.48311011495,154874.0,89687.0,3813.0,50.02521009035263
63906.493203983,154900.0,89694.0,3805.0,50.035303958407894
63906.50329785106,154918.0,89715.0,3811.0,50.04539782646316
63906.51339171912,154945.0,89706.0,3821.0,50.0554916945257
63906.523485587175,154893.0,89713.0,3796.0,50.065585562580964
63906.53357945523,154947.0,89756.0,3834.0,50.07567943063623
63906.543673323285,154929.0,89713.0,3812.0,50.08577329869149
63906.55376719134,154948.0,89741.0,3804.0,50.09586716674676
63906.5638610594,154925.0,89710.0,3819.0,50.1059610348093
63906.57395492746,154891.0,89700.0,3827.0,50.11605490286456
63906.584048795514,154942.0,89719.0,3813.0,50.126148770919826
63906.59414266357,154917.0,89714.0,3837.0,50.13624263897509
63906.60423653163,154988.0,89761.0,3819.0,50.14633650703763
63906.61433039969,154925.0,89703.0,3822.0,50.156430375092896
63906.62442426774,154947.0,89721.0,3849.0,50.16652424314816
63906.6345181358,154915.0,89704.0,3820.0,50.176618111203425
63906.64461200386,154926.0,89685.0,3809.0,50.186711979265965
63906.654705871915,154940.0,89716.0,3819.0,50.19680584732123
63906.66479973997,154920.0,89741.0,3815.0,50.206899715376494
63906.674893608026,154930.0,89703.0,3822.0,50.21699358343176
63906.68498747609,154965.0,89725.0,3811.0,50.2270874514943
63906.69508134414,154990.0,89727.0,3847.0,50.23718131954956
63906.7051752122,154955.0,89708.0,3823.0,50.24727518760483
63906.715269080254,154993.0,89728.0,3831.0,50.25736905566009
63906.72536294831,154988.0,89741.0,3832.0,50.26746292371536
63906.73545681637,154994.0,89739.0,3825.0,50.2775567917779
63906.74555068443,154989.0,89717.0,3808.0,50.28765065983316
63906.75564455248,155013.0,89732.0,3833.0,50.297744527888426
63906.76573842054,154994.0,89739.0,3868.0,50.30783839594369
63906.7758322886,155011.0,89741.0,3820.0,50.31793226400623
63906.785926156655,155013.0,89759.0,3845.0,50.328026132061495
63906.79602002471,155036.0,89740.0,3838.0,50.33812000011676
63906.806113892766,155045.0,89742.0,3830.0,50.348213868172024
63906.81620776083,155065.0,89768.0,3833.0,50.358307736234565
63906.826301628884,155068.0,89761.0,3877.0,50.36840160428983
63906.83639549694,155059.0,89762.0,3852.0,50.378495472345094
63906.846489364994,155055.0,89731.0,3832.0,50.38858934040036
63906.85658323305,155049.0,89782.0,3850.0,50.39868320845562
63906.86667710111,155077.0,89742.0,3836.0,50.40877707651816
63906.87677096917,155094.0,89760.0,3846.0,50.41887094457343
63906.88686483722,155112.0,89764.0,3847.0,50.42896481262869
63906.89695870528,155102.0,89749.0,3893.0,50.43905868068396
63906.90705257334,155105.0,89732.0,3840.0,50.4491525487465
63906.917146441396,155121.0,89754.0,3855.0,50.45924641680176
63906.92724030945,155125.0,89784.0,3869.0,50.469340284857026
63906.937334177506,155085.0,89747.0,3835.0,50.47943415291229
63906.94742804557,155106.0,89764.0,3833.0,50.48952802097483
63906.957521913624,155048.0,89741.0,3858.0,50.499621889030095
63906.96761578168,155002.0,89719.0,3872.0,50.50971575708536
63906.977709649735,154933.0,89725.0,3828.0,50.519809625140624
63906.9878035178,154880.0,89688.0,3827.0,50.529903493203165
63906.99789738585,154825.0,89698.0,3816.0,50.53999736125843
63907.00799125391,154788.0,89686.0,3794.0,50.55009122931369
63907.01808512196,154767.0,89683.0,3789.0,50.56018509736896
63907.02817899002,154704.0,89641.0,3825.0,50.57027896542422
63907.03827285808,154715.0,89662.0,3790.0,50.58037283348676
63907.048366726136,154712.0,89663.0,3789.0,50.59046670154203
63907.05846059419,154718.0,89643.0,3829.0,50.60056056959729
63907.06855446225,154707.0,89645.0,3771.0,50.610654437652556
63907.07864833031,154713.0,89657.0,3800.0,50.6207483057151
63907.088742198364,154726.0,89696.0,3812.0,50.63084217377036
63907.09883606642,154728.0,89659.0,3764.0,50.640936041825626
63907.108929934475,154763.0,89690.0,3810.0,50.65102990988089
63907.11902380254,154750.0,89683.0,3797.0,50.66112377794343
63907.12911767059,154765.0,89671.0,3799.0,50.671217645998695
63907.13921153865,154771.0,89696.0,3784.0,50.68131151405396
63907.1493054067,154787.0,89697.0,3808.0,50.691405382109224
63907.159399274766,154775.0,89681.0,3771.0,50.701499250171764
63907.16949314282,154756.0,89673.0,3806.0,50.71159311822703
63907.179587010876,154825.0,89704.0,3826.0,50.72168698628229
63907.18968087893,154793.0,89683.0,3813.0,50.73178085433756
63907.19977474699,154804.0,89699.0,3797.0,50.74187472239282
63907.20986861505,154799.0,89667.0,3804.0,50.75196859045536
63907.219962483105,154790.0,89677.0,3814.0,50.76206245851063
63907.23005635116,154777.0,89691.0,3795.0,50.77215632656589
63907.240150219215,154824.0,89697.0,3820.0,50.782250194621156
63907.25024408728,154793.0,89707.0,3797.0,50.792344062683696
63907.26033795533,154796.0,89697.0,3771.0,50.80243793073896
63907.27043182339,154800.0,89673.0,3814.0,50.812531798794225
63907.28052569144,154746.0,89636.0,3800.0,50.82262566684949
63907.290619559506,154766.0,89676.0,3803.0,50.83271953491203
63907.30071342756,154728.0,89682.0,3798.0,50.842813402967295
63907.31080729562,154765.0,89696.0,3822.0,50.85290727102256
63907.32090116367,154777.0,89688.0,3771.0,50.863001139077824
63907.330995031734,154774.0,89687.0,3796.0,50.873095007140364
63907.34108889979,154796.0,89695.0,3799.0,50.88318887519563
63907.351182767845,154779.0,89676.0,3801.0,50.89328274325089
63907.3612766359,154789.0,89703.0,3790.0,50.90337661130616
63907.371370503955,154805.0,89695.0,3799.0,50.91347047936142
63907.38146437202,154791.0,89700.0,3791.0,50.92356434742396
63907.39155824007,154824.0,89689.0,3791.0,50.93365821547923
63907.40165210813,154855.0,89723.0,3829.0,50.94375208353449
63907.411745976184,154815.0,89683.0,3794.0,50.953845951589756
63907.421839844246,154830.0,89708.0,3796.0,50.963939819652296
63907.4319337123,154833.0,89716.0,3812.0,50.97403368770756
63907.44202758036,154887.0,89700.0,3821.0,50.984127555762825
63907.45212144841,154875.0,89701.0,3824.0,50.99422142381809
63907.462215316475,154867.0,89694.0,3790.0,51.00431529188063
63907.47230918453,154913.0,89721.0,3839.0,51.014409159935894
63907.482403052585,154895.0,89707.0,3805.0,51.02450302799116
63907.49249692064,154911.0,89711.0,3813.0,51.03459689604642
63907.5025907887,154897.0,89721.0,3828.0,51.044690764108964
63907.51268465676,154901.0,89708.0,3817.0,51.05478463216423
63907.52277852481,154924.0,89722.0,3789.0,51.06487850021949
63907.53287239287,154930.0,89723.0,3817.0,51.07497236827476
63907.542966260924,154907.0,89737.0,3831.0,51.08506623633002
63907.55306012899,154919.0,89704.0,3816.0,51.09516010439256
63907.56315399704,154930.0,89705.0,3839.0,51.10525397244783
63907.5732478651,154927.0,89718.0,3835.0,51.11534784050309
63907.58334173315,154934.0,89719.0,3813.0,51.125441708558355
63907.593435601215,154973.0,89747.0,3819.0,51.135535576620896
63907.60352946927,154925.0,89728.0,3850.0,51.14562944467616
63907.613623337325,154949.0,89717.0,3840.0,51.155723312731425
63907.62371720538,154975.0,89715.0,3853.0,51.16581718078669
63907.63381107344,154971.0,89739.0,3854.0,51.17591104884923
63907.6439049415,154929.0,89710.0,3818.0,51.186004916904494
63907.653998809554,154970.0,89732.0,3836.0,51.19609878495976
63907.66409267761,154985.0,89747.0,3818.0,51.20619265301502
63907.67418654567,154953.0,89688.0,3805.0,51.21628652107756
63907.68428041373,155000.0,89753.0,3864.0,51.22638038913283
63907.69437428178,154985.0,89729.0,3835.0,51.23647425718809
63907.70446814984,155019.0,89751.0,3831.0,51.24656812524336
63907.71456201789,154973.0,89722.0,3826.0,51.25666199329862
63907.724655885955,155018.0,89756.0,3840.0,51.26675586136116
63907.73474975401,155022.0,89744.0,3820.0,51.276849729416426
63907.744843622066,155012.0,89730.0,3865.0,51.28694359747169
63907.75493749012,155033.0,89740.0,3842.0,51.297037465526955
63907.76503135818,155041.0,89741.0,3856.0,51.307131333589496
63907.77512522624,155043.0,89738.0,3847.0,51.31722520164476
63907.785219094294,155038.0,89741.0,3838.0,51.327319069700025
63907.79531296235,155012.0,89718.0,3857.0,51.33741293775529
63907.80540683041,154978.0,89723.0,3858.0,51.34750680581783
63907.81550069847,154907.0,89700.0,3828.0,51.357600673873094
63907.82559456652,154885.0,89706.0,3836.0,51.36769454192836
63907.83568843458,154854.0,89707.0,3818.0,51.37778840998362
63907.84578230264,154779.0,89692.0,3805.0,51.38788227804616
63907.855876170695,154773.0,89699.0,3793.0,51.39797614610143
63907.86597003875,154731.0,89676.0,3796.0,51.40807001415669
63907.876063906806,154702.0,89663.0,3835.0,51.41816388221196
63907.88615777486,154671.0,89650.0,3772.0,51.42825775026722
63907.896251642924,154671.0,89652.0,3796.0,51.43835161832976
63907.90634551098,154689.0,89660.0,3793.0,51.448445486385026
63907.916439379034,154686.0,89668.0,3801.0,51.45853935444029
63907.92653324709,154714.0,89690.0,3790.0,51.468633222495555
63907.93662711515,154658.0,89665.0,3771.0,51.478727090558095
63907.94672098321,154701.0,89666.0,3787.0,51.48882095861336
63907.95681485126,154713.0,89689.0,3820.0,51.498914826668624
63907.96690871932,154703.0,89641.0,3801.0,51.50900869472389
63907.97700258738,154723.0,89656.0,3793.0,51.51910256278643
63907.987096455436,154735.0,89679.0,3789.0,51.529196430841694
63907.99719032349,154737.0,89676.0,3794.0,51.53929029889696
63908.007284191546,154728.0,89669.0,3777.0,51.54938416695222
63908.01737805961,154772.0,89668.0,3795.0,51.55947803501476
63908.027471927664,154776.0,89677.0,3792.0,51.56957190307003
63908.03756579572,154758.0,89697.0,3802.0,51.57966577112529
63908.047659663775,154827.0,89707.0,3799.0,51.589759639180556
63908.05775353183,154807.0,89719.0,3803.0,51.59985350723582
63908.06784739989,154789.0,89688.0,3798.0,51.60994737529836
63908.07794126795,154794.0,89705.0,3836.0,51.620041243353626
63908.088035136,154807.0,89671.0,3810.0,51.63013511140889
63908.09812900406,154741.0,89661.0,3814.0,51.640228979464155
63908.10822287212,154767.0,89697.0,3794.0,51.650322847526695
63908.118316740176,154749.0,89691.0,3823.0,51.66041671558196
63908.12841060823,154747.0,89671.0,3805.0,51.670510583637224
63908.13850447629,154755.0,89686.0,3815.0,51.68060445169249
63908.14859834435,154747.0,89678.0,3788.0,51.69069831975503
63908.158692212404,154773.0,89668.0,3794.0,51.70079218781029
63908.16878608046,154715.0,89651.0,3806.0,51.71088605586556
63908.178879948515,154780.0,89687.0,3788.0,51.72097992392082
63908.18897381657,154760.0,89670.0,3795.0,51.73107379197609
63908.19906768463,154740.0,89707.0,3815.0,51.74116766003863
63908.20916155269,154737.0,89693.0,3781.0,51.75126152809389
63908.21925542074,154750.0,89673.0,3786.0,51.761355396149156
63908.2293492888,154785.0,89683.0,3797.0,51.77144926420442
63908.23944315686,154803.0,89703.0,3781.0,51.78154313226696
63908.249537024916,154830.0,89688.0,3813.0,51.791637000322226
63908.25963089297,154782.0,89658.0,3806.0,51.80173086837749
63908.26972476103,154824.0,89696.0,3787.0,51.811824736432754
63908.27981862909,154822.0,89719.0,3806.0,51.821918604495295
63908.289912497145,154823.0,89708.0,3802.0,51.83201247255056
63908.3000063652,154850.0,89697.0,3792.0,51.842106340605824
63908.310100233255,154864.0,89706.0,3820.0,51.85220020866109
63908.32019410132,154847.0,89690.0,3819.0,51.86229407672363
63908.33028796937,154861.0,89710.0,3818.0,51.87238794477889
63908.34038183743,154886.0,89734.0,3841.0,51.88248181283416
63908.35047570548,154880.0,89732.0,3826.0,51.89257568088942
63908.36056957354,154877.0,89707.0,3824.0,51.90266954894469
63908.3706634416,154869.0,89702.0,3809.0,51.91276341700723
63908.38075730966,154898.0,89725.0,3836.0,51.92285728506249
63908.39085117771,154861.0,89695.0,3798.0,51.932951153117756
63908.40094504577,154897.0,89709.0,3825.0,51.94304502117302
63908.41103891383,154883.0,89721.0,3824.0,51.95313888923556
63908.421132781885,154900.0,89702.0,3823.0,51.963232757290825
63908.43122664994,154930.0,89741.0,3858.0,51.97332662534609
63908.441320517995,154904.0,89705.0,3824.0,51.983420493401354
63908.45141438606,154896.0,89701.0,3862.0,51.993514361463895
63908.46150825411,154894.0,89695.0,3815.0,52.00360822951916
63908.47160212217,154931.0,89742.0,3852.0,52.01370209757442
63908.481695990224,154901.0,89698.0,3815.0,52.02379596562969
63908.49178985828,154948.0,89704.0,3821.0,52.03388983368495
63908.50188372634,154921.0,89711.0,3809.0,52.04398370174749
63908.5119775944,154918.0,89709.0,3860.0,52.05407756980276
63908.52207146245,154941.0,89720.0,3837.0,52.06417143785802
63908.53216533051,154965.0,89700.0,3845.0,52.074265305913286
63908.54225919857,154916.0,89700.0,3847.0,52.08435917397583
63908.552353066625,154845.0,89684.0,3812.0,52.09445304203109
63908.56244693468,154844.0,89699.0,3828.0,52.104546910086356
63908.572540802736,154816.0,89699.0,3789.0,52.11464077814162
63908.5826346708,154730.0,89661.0,3817.0,52.12473464620416
63908.59272853885,154707.0,89657.0,3799.0,52.134828514259425
63908.60282240691,154679.0,89653.0,3795.0,52.14492238231469
63908.612916274964,154638.0,89635.0,3791.0,52.155016250369954
63908.62301014303,154661.0,89657.0,3786.0,52.165110118432494
63908.63310401108,154635.0,89654.0,3761.0,52.17520398648776
63908.64319787914,154612.0,89637.0,3775.0,52.18529785454302
63908.65329174719,154599.0,89640.0,3771.0,52.19539172259829
63908.66338561525,154647.0,89667.0,3789.0,52.20548559065355
63908.67347948331,154658.0,89637.0,3790.0,52.21557945871609
63908.683573351365,154648.0,89645.0,3780.0,52.22567332677136
63908.69366721942,154636.0,89646.0,3771.0,52.23576719482662
63908.703761087476,154620.0,89627.0,3774.0,52.245861062881886
63908.71385495554,154667.0,89638.0,3766.0,52.25595493094443
63908.723948823594,154682.0,89657.0,3777.0,52.26604879899969
63908.73404269165,154718.0,89640.0,3801.0,52.276142667054955
63908.744136559704,154666.0,89650.0,3756.0,52.28623653511022
63908.75423042777,154685.0,89640.0,3787.0,52.29633040317276
63908.76432429582,154712.0,89658.0,3783.0,52.306424271228025
63908.77441816388,154720.0,89684.0,3773.0,52.31651813928329
63908.78451203193,154703.0,89637.0,3771.0,52.326612007338554
63908.794605899995,154713.0,89668.0,3782.0,52.336705875401094
63908.80469976805,154733.0,89683.0,3793.0,52.34679974345636
63908.814793636106,154726.0,89655.0,3790.0,52.35689361151162
63908.82488750416,154705.0,89654.0,3783.0,52.36698747956689
63908.834981372216,154699.0,89668.0,3808.0,52.37708134762215
63908.84507524028,154727.0,89671.0,3777.0,52.38717521568469
63908.855169108334,154667.0,89667.0,3788.0,52.39726908373996
63908.86526297639,154715.0,89684.0,3804.0,52.40736295179522
63908.875356844444,154683.0,89682.0,3802.0,52.417456819850486
63908.88545071251,154667.0,89666.0,3774.0,52.427550687913026
63908.89554458056,154673.0,89643.0,3781.0,52.43764455596829
63908.90563844862,154712.0,89677.0,3768.0,52.447738424023555
63908.91573231667,154669.0,89694.0,3778.0,52.45783229207882
63908.925826184735,154683.0,89675.0,3794.0,52.46792616014136
63908.93592005279,154707.0,89672.0,3784.0,52.478020028196624
63908.946013920846,154697.0,89649.0,3784.0,52.48811389625189
63908.9561077889,154696.0,89649.0,3801.0,52.49820776430715
63908.966201656964,154741.0,89694.0,3795.0,52.508301632369694
63908.97629552502,154734.0,89668.0,3796.0,52.51839550042496
63908.986389393074,154732.0,89672.0,3798.0,52.52848936848022
63908.99648326113,154761.0,89682.0,3770.0,52.53858323653549
63909.006577129185,154737.0,89639.0,3795.0,52.54867710459075
63909.01667099725,154758.0,89690.0,3795.0,52.55877097265329
63909.0267648653,154733.0,89654.0,3793.0,52.56886484070856
63909.03685873336,154765.0,89669.0,3797.0,52.57895870876382
63909.04695260141,154825.0,89663.0,3820.0,52.589052576819086
63909.057046469476,154811.0,89691.0,3806.0,52.599146444881626
63909.06714033753,154830.0,89697.0,3812.0,52.60924031293689
63909.077234205586,154833.0,89674.0,3808.0,52.619334180992155
63909.08732807364,154825.0,89681.0,3810.0,52.62942804904742
63909.097421941704,154825.0,89703.0,3808.0,52.63952191710996
63909.10751580976,154850.0,89729.0,3824.0,52.649615785165224
63909.117609677814,154838.0,89714.0,3829.0,52.65970965322049
63909.12770354587,154819.0,89683.0,3780.0,52.66980352127575
63909.13779741393,154854.0,89701.0,3813.0,52.679897389338294
63909.14789128199,154852.0,89699.0,3804.0,52.68999125739356
63909.15798515004,154838.0,89688.0,3844.0,52.70008512544882
63909.1680790181,154874.0,89701.0,3820.0,52.71017899350409
63909.17817288615,154862.0,89696.0,3825.0,52.72027286155935
63909.188266754216,154847.0,89689.0,3804.0,52.73036672962189
63909.19836062227,154890.0,89695.0,3839.0,52.740460597677156
63909.20845449033,154874.0,89682.0,3816.0,52.75055446573242
63909.21854835838,154871.0,89695.0,3806.0,52.760648333787685
63909.228642226444,154851.0,89676.0,3852.0,52.770742201850226
63909.2387360945,154865.0,89726.0,3830.0,52.78083606990549
63909.248829962555,154808.0,89707.0,3827.0,52.790929937960755
63909.25892383061,154797.0,89682.0,3806.0,52.80102380601602
63909.26901769867,154759.0,89650.0,3816.0,52.81111767407856
63909.27911156673,154743.0,89649.0,3837.0,52.821211542133824
63909.28920543478,154662.0,89624.0,3805.0,52.83130541018909
63909.29929930284,154611.0,89640.0,3792.0,52.84139927824435
63909.3093931709,154597.0,89659.0,3793.0,52.85149314630689
63909.319487038956,154538.0,89629.0,3763.0,52.86158701436216
63909.32958090701,154517.0,89609.0,3751.0,52.87168088241742
63909.33967477507,154531.0,89618.0,3765.0,52.88177475047269
63909.34976864312,154551.0,89643.0,3768.0,52.89186861852795
63909.359862511184,154506.0,89611.0,3744.0,52.90196248659049
63909.36995637924,154500.0,89610.0,3756.0,52.912056354645756
63909.380050247295,154531.0,89623.0,3746.0,52.92215022270102
63909.39014411535,154511.0,89612.0,3752.0,52.932244090756285
63909.40023798341,154559.0,89639.0,3752.0,52.942337958818825
63909.41033185147,154549.0,89618.0,3746.0,52.95243182687409
63909.42042571952,154583.0,89623.0,3799.0,52.962525694929354
63909.43051958758,154566.0,89639.0,3753.0,52.97261956298462
63909.44061345564,154573.0,89653.0,3775.0,52.98271343104716
63909.4507073237,154553.0,89639.0,3757.0,52.992807299102424
63909.46080119175,154595.0,89640.0,3772.0,53.00290116715769
63909.47089505981,154580.0,89664.0,3760.0,53.01299503521295
63909.48098892787,154583.0,89636.0,3772.0,53.02308890327549
63909.491082795925,154594.0,89634.0,3737.0,53.03318277133076
63909.50117666398,154587.0,89615.0,3745.0,53.04327663938602
63909.511270532035,154611.0,89640.0,3768.0,53.05337050744129
63909.52136440009,154586.0,89663.0,3756.0,53.06346437549655
63909.53145826815,154584.0,89652.0,3747.0,53.07355824355909
63909.54155213621,154591.0,89639.0,3730.0,53.083652111614356
63909.55164600426,154601.0,89606.0,3780.0,53.09374597966962
63909.56173987232,154555.0,89653.0,3759.0,53.103839847724885
63909.57183374038,154565.0,89630.0,3744.0,53.113933715787425
63909.58192760844,154562.0,89657.0,3772.0,53.12402758384269
63909.59202147649,154572.0,89624.0,3763.0,53.134121451897954
63909.60211534455,154584.0,89642.0,3743.0,53.14421531995322
63909.61220921261,154578.0,89650.0,3727.0,53.15430918801576
63909.622303080665,154578.0,89641.0,3771.0,53.16440305607102
63909.63239694872,154582.0,89634.0,3758.0,53.17449692412629
63909.642490816776,154588.0,89644.0,3754.0,53.18459079218155
63909.65258468484,154626.0,89662.0,3789.0,53.19468466024409
63909.66267855289,154601.0,89636.0,3784.0,53.20477852829936
63909.67277242095,154617.0,89642.0,3766.0,53.21487239635462
63909.682866289004,154613.0,89657.0,3728.0,53.224966264409886
63909.69296015706,154618.0,89636.0,3753.0,53.23506013246515
63909.70305402512,154627.0,89643.0,3750.0,53.24515400052769
63909.71314789318,154642.0,89648.0,3768.0,53.255247868582956
63909.72324176123,154652.0,89636.0,3773.0,53.26534173663822
63909.73333562929,154660.0,89642.0,3754.0,53.275435604693484
63909.74342949735,154638.0,89625.0,3758.0,53.285529472756025
63909.753523365405,154683.0,89652.0,3778.0,53.29562334081129
63909.76361723346,154662.0,89670.0,3761.0,53.305717208866554
63909.773711101516,154731.0,89664.0,3813.0,53.31581107692182
63909.78380496958,154727.0,89645.0,3802.0,53.32590494498436
63909.79389883763,154707.0,89664.0,3785.0,53.33599881303962
63909.80399270569,154710.0,89662.0,3773.0,53.34609268109489
63909.814086573744,154709.0,89697.0,3731.0,53.35618654915015
63909.8241804418,154681.0,89649.0,3777.0,53.36628041720542
63909.83427430986,154726.0,89665.0,3771.0,53.37637428526796
63909.84436817792,154744.0,89664.0,3795.0,53.38646815332322
63909.85446204597,154720.0,89657.0,3787.0,53.396562021378486
63909.86455591403,154768.0,89695.0,3806.0,53.40665588943375
63909.87464978209,154741.0,89664.0,3787.0,53.41674975749629
63909.884743650146,154730.0,89664.0,3805.0,53.426843625551555
63909.8948375182,154741.0,89664.0,3779.0,53.43693749360682
63909.904931386256,154783.0,89689.0,3799.0,53.447031361662084
63909.91502525432,154766.0,89673.0,3790.0,53.457125229724625
63909.925119122374,154768.0,89673.0,3771.0,53.46721909777989
63909.93521299043,154774.0,89649.0,3789.0,53.477312965835154
63909.945306858484,154773.0,89658.0,3808.0,53.48740683389042
63909.95540072655,154746.0,89673.0,3764.0,53.49750070195296
63909.9654945946,154739.0,89679.0,3799.0,53.50759457000822
63909.97558846266,154753.0,89685.0,3815.0,53.51768843806349
63909.98568233071,154718.0,89660.0,3777.0,53.52778230611875
63909.99577619877,154694.0,89663.0,3798.0,53.537876174174016
63910.00587006683,154609.0,89598.0,3779.0,53.54797004223656
63910.015963934886,154574.0,89632.0,3780.0,53.55806391029182
63910.02605780294,154511.0,89622.0,3759.0,53.568157778347086
63910.036151670996,154499.0,89613.0,3774.0,53.57825164640235
63910.04624553906,154438.0,89613.0,3750.0,53.58834551446489
63910.056339407114,154413.0,89578.0,3728.0,53.598439382520155
63910.06643327517,154386.0,89579.0,3707.0,53.60853325057542
63910.076527143225,154362.0,89563.0,3749.0,53.618627118630684
63910.08662101129,154384.0,89585.0,3707.0,53.628720986693224
63910.09671487934,154353.0,89582.0,3719.0,53.63881485474849
63910.1068087474,154410.0,89568.0,3738.0,53.64890872280375
63910.11690261545,154367.0,89586.0,3723.0,53.65900259085902
63910.12699648351,154401.0,89600.0,3719.0,53.66909645891428
63910.13709035157,154386.0,89624.0,3741.0,53.67919032697682
63910.147184219626,154374.0,89578.0,3713.0,53.68928419503209
63910.15727808768,154371.0,89611.0,3701.0,53.69937806308735
63910.16737195574,154409.0,89599.0,3712.0,53.709471931142616
63910.1774658238,154407.0,89605.0,3693.0,53.71956579920516
63910.187559691854,154397.0,89598.0,3697.0,53.72965966726042
63910.19765355991,154421.0,89612.0,3729.0,53.739753535315685
63910.207747427965,154400.0,89597.0,3716.0,53.74984740337095
63910.21784129603,154359.0,89589.0,3699.0,53.75994127143349
63910.22793516408,154399.0,89611.0,3728.0,53.770035139488755
63910.23802903214,154395.0,89594.0,3718.0,53.78012900754402
63910.24812290019,154424.0,89609.0,3710.0,53.790222875599284
63910.258216768256,154453.0,89625.0,3731.0,53.800316743661824
63910.26831063631,154423.0,89604.0,3732.0,53.81041061171709
63910.278404504366,154423.0,89611.0,3701.0,53.82050447977235
63910.28849837242,154427.0,89606.0,3713.0,53.83059834782762
63910.29859224048,154426.0,89622.0,3739.0,53.84069221588288
63910.30868610854,154401.0,89598.0,3690.0,53.85078608394542
63910.318779976595,154411.0,89600.0,3688.0,53.86087995200069
63910.32887384465,154398.0,89594.0,3714.0,53.87097382005595
63910.338967712705,154379.0,89575.0,3716.0,53.881067688111216
63910.34906158077,154395.0,89590.0,3719.0,53.891161556173756
63910.35915544882,154366.0,89603.0,3728.0,53.90125542422902
63910.36924931688,154411.0,89600.0,3707.0,53.911349292284285
63910.37934318493,154416.0,89582.0,3687.0,53.92144316033955
63910.389437052996,154433.0,89629.0,3704.0,53.93153702840209
63910.39953092105,154402.0,89591.0,3702.0,53.941630896457355
63910.40962478911,154441.0,89616.0,3716.0,53.95172476451262
63910.41971865716,154438.0,89587.0,3700.0,53.96181863256788
63910.429812525224,154487.0,89624.0,3718.0,53.971912500630424
63910.43990639328,154434.0,89584.0,3690.0,53.98200636868569
63910.450000261335,154464.0,89618.0,3722.0,53.99210023674095
63910.46009412939,154491.0,89625.0,3700.0,54.00219410479622
63910.470187997445,154489.0,89607.0,3696.0,54.01228797285148
63910.48028186551,154524.0,89626.0,3748.0,54.02238184091402
63910.49037573356,154512.0,89629.0,3727.0,54.03247570896929
63910.50046960162,154523.0,89605.0,3731.0,54.04256957702455
63910.510563469674,154497.0,89591.0,3709.0,54.052663445079816
63910.520657337736,154522.0,89639.0,3713.0,54.062757313142356
63910.53075120579,154543.0,89631.0,3694.0,54.07285118119762
63910.54084507385,154544.0,89607.0,3749.0,54.082945049252885
63910.5509389419,154537.0,89649.0,3725.0,54.09303891730815
63910.561032809965,154561.0,89606.0,3743.0,54.10313278537069
63910.57112667802,154544.0,89630.0,3721.0,54.113226653425954
63910.581220546075,154542.0,89588.0,3732.0,54.12332052148122
63910.59131441413,154583.0,89640.0,3744.0,54.13341438953648
63910.60140828219,154567.0,89620.0,3707.0,54.143508257599024
63910.61150215025,154567.0,89611.0,3740.0,54.15360212565429
63910.6215960183,154544.0,89648.0,3741.0,54.16369599370955
63910.63168988636,154555.0,89603.0,3726.0,54.17378986176482
63910.641783754414,154556.0,89588.0,3726.0,54.18388372982008
63910.65187762248,154606.0,89652.0,3764.0,54.19397759788262
63910.66197149053,154577.0,89634.0,3733.0,54.204071465937886
63910.67206535859,154553.0,89651.0,3724.0,54.21416533399315
63910.68215922664,154626.0,89632.0,3775.0,54.224259202048415
63910.692253094705,154571.0,89623.0,3739.0,54.234353070110956
63910.70234696276,154614.0,89639.0,3743.0,54.24444693816622
63910.712440830815,154616.0,89629.0,3749.0,54.254540806221485
63910.72253469887,154664.0,89651.0,3762.0,54.26463467427675
63910.73262856693,154612.0,89642.0,3740.0,54.27472854233929
63910.74272243499,154656.0,89640.0,3754.0,54.284822410394554
63910.752816303044,154675.0,89652.0,3797.0,54.29491627844982
63910.7629101711,154637.0,89648.0,3748.0,54.30501014650508
63910.77300403916,154691.0,89643.0,3774.0,54.31510401456762
63910.78309790722,154675.0,89649.0,3755.0,54.32519788262289
63910.79319177527,154647.0,89645.0,3762.0,54.33529175067815
63910.80328564333,154610.0,89655.0,3745.0,54.34538561873342
63910.81337951138,154649.0,89640.0,3765.0,54.35547948678868
63910.823473379445,154575.0,89625.0,3759.0,54.36557335485122
63910.8335672475,154495.0,89588.0,3716.0,54.375667222906486
63910.843661115556,154461.0,89581.0,3734.0,54.38576109096175
63910.85375498361,154390.0,89572.0,3724.0,54.395854959017015
63910.86384885167,154367.0,89586.0,3719.0,54.405948827079555
63910.87394271973,154341.0,89584.0,3727.0,54.41604269513482
63910.884036587784,154278.0,89566.0,3665.0,54.426136563190084
63910.89413045584,154244.0,89535.0,3680.0,54.43623043124535
63910.9042243239,154268.0,89553.0,3686.0,54.44632429930789
63910.91431819196,154274.0,89579.0,3707.0,54.456418167363154
63910.92441206001,154236.0,89553.0,3672.0,54.46651203541842
63910.93450592807,154286.0,89592.0,3710.0,54.47660590347368
63910.94459979613,154283.0,89568.0,3682.0,54.48669977153622
63910.954693664185,154267.0,89563.0,3668.0,54.49679363959149
63910.96478753224,154279.0,89555.0,3667.0,54.50688750764675
63910.974881400296,154298.0,89570.0,3701.0,54.51698137570202
63910.98497526835,154303.0,89578.0,3680.0,54.52707524375728
63910.995069136414,154297.0,89550.0,3669.0,54.53716911181982
63911.00516300447,154329.0,89594.0,3702.0,54.547262979875086
63911.015256872524,154314.0,89563.0,3675.0,54.55735684793035
63911.02535074058,154296.0,89576.0,3664.0,54.567450715985615
63911.03544460864,154321.0,89574.0,3653.0,54.577544584048155
63911.0455384767,154295.0,89563.0,3697.0,54.58763845210342
63911.05563234475,154298.0,89560.0,3656.0,54.597732320158684
63911.06572621281,154334.0,89581.0,3679.0,54.60782618821395
63911.07582008087,154351.0,89569.0,3683.0,54.61792005627649
63911.085913948926,154322.0,89598.0,3669.0,54.62801392433175
63911.09600781698,154372.0,89604.0,3668.0,54.63810779238702
63911.106101685036,154334.0,89578.0,3713.0,54.64820166044228
63911.1161955531,154322.0,89588.0,3694.0,54.65829552850482
63911.126289421154,154312.0,89561.0,3665.0,54.66838939656009
63911.13638328921,154309.0,89563.0,3693.0,54.67848326461535
63911.146477157265,154287.0,89579.0,3657.0,54.688577132670616
63911.15657102532,154317.0,89561.0,3656.0,54.69867100072588
63911.16666489338,154321.0,89606.0,3659.0,54.70876486878842
63911.17675876144,154289.0,89571.0,3650.0,54.718858736843686
63911.18685262949,154314.0,89578.0,3692.0,54.72895260489895
63911.19694649755,154325.0,89597.0,3673.0,54.739046472954215
63911.20704036561,154337.0,89590.0,3674.0,54.749140341016755
63911.217134233666,154302.0,89570.0,3659.0,54.75923420907202
63911.22722810172,154374.0,89601.0,3663.0,54.769328077127284
63911.23732196978,154372.0,89594.0,3670.0,54.77942194518255
63911.24741583784,154347.0,89586.0,3682.0,54.78951581324509
63911.257509705894,154395.0,89602.0,3680.0,54.79960968130035
63911.26760357395,154370.0,89578.0,3678.0,54.80970354935562
63911.277697442005,154402.0,89594.0,3680.0,54.81979741741088
63911.28779131007,154404.0,89590.0,3683.0,54.82989128547342
63911.29788517812,154382.0,89601.0,3706.0,54.83998515352869
63911.30797904618,154422.0,89583.0,3676.0,54.85007902158395
63911.31807291423,154443.0,89605.0,3697.0,54.860172889639216
63911.32816678229,154441.0,89600.0,3703.0,54.87026675769448
63911.33826065035,154437.0,89590.0,3695.0,54.88036062575702
63911.348354518406,154453.0,89576.0,3689.0,54.890454493812285
63911.35844838646,154467.0,89616.0,3703.0,54.90054836186755
63911.36854225452,154492.0,89642.0,3715.0,54.910642229922814
63911.37863612258,154456.0,89629.0,3700.0,54.920736097985355
63911.388729990635,154495.0,89642.0,3730.0,54.93082996604062
63911.39882385869,154483.0,89618.0,3707.0,54.940923834095884
63911.408917726745,154482.0,89604.0,3703.0,54.95101770215115
63911.41901159481,154501.0,89599.0,3714.0,54.96111157021369
63911.42910546286,154486.0,89597.0,3717.0,54.97120543826895
63911.43919933092,154502.0,89618.0,3716.0,54.98129930632422
63911.44929319897,154471.0,89617.0,3698.0,54.99139317437948
63911.45938706703,154514.0,89638.0,3731.0,55.001487042434746
63911.46948093509,154481.0,89593.0,3721.0,55.01158091049729
63911.47957480315,154532.0,89628.0,3724.0,55.02167477855255
63911.4896686712,154522.0,89646.0,3737.0,55.031768646607816
63911.49976253926,154526.0,89606.0,3700.0,55.04186251466308
63911.50985640732,154511.0,89623.0,3711.0,55.05195638272562
63911.519950275375,154543.0,89639.0,3711.0,55.062050250780885
63911.53004414343,154572.0,89626.0,3737.0,55.07214411883615
63911.540138011485,154557.0,89642.0,3703.0,55.082237986891414
63911.55023187955,154588.0,89654.0,3737.0,55.092331854953954
63911.5603257476,154548.0,89644.0,3711.0,55.10242572300922
63911.57041961566,154537.0,89621.0,3712.0,55.11251959106448
63911.580513483714,154598.0,89665.0,3758.0,55.12261345911975
63911.590607351776,154572.0,89646.0,3710.0,55.13270732718229
63911.60070121983,154608.0,89639.0,3748.0,55.14280119523755
63911.61079508789,154619.0,89663.0,3727.0,55.15289506329282
63911.62088895594,154638.0,89648.0,3748.0,55.16298893134808
63911.630982824,154611.0,89628.0,3714.0,55.173082799403346
63911.64107669206,154642.0,89657.0,3746.0,55.18317666746589
63911.651170560115,154644.0,89667.0,3746.0,55.19327053552115
63911.66126442817,154681.0,89650.0,3735.0,55.203364403576415
63911.671358296226,154693.0,89667.0,3745.0,55.21345827163168
63911.68145216429,154673.0,89651.0,3765.0,55.22355213969422
63911.69154603234,154619.0,89622.0,3755.0,55.233646007749485
63911.7016399004,154679.0,89662.0,3782.0,55.24373987580475
63911.711733768454,154692.0,89668.0,3775.0,55.253833743860014
63911.72182763652,154639.0,89656.0,3727.0,55.263927611922554
63911.73192150457,154672.0,89646.0,3748.0,55.27402147997782
63911.74201537263,154680.0,89670.0,3765.0,55.28411534803308
63911.75210924068,154605.0,89641.0,3774.0,55.29420921608835
63911.762203108745,154539.0,89618.0,3733.0,55.30430308415089
63911.7722969768,154469.0,89614.0,3728.0,55.31439695220615
63911.782390844855,154421.0,89629.0,3727.0,55.32449082026142
63911.79248471291,154357.0,89557.0,3691.0,55.33458468831668
63911.802578580966,154329.0,89582.0,3720.0,55.344678556371946
63911.81267244903,154305.0,89579.0,3685.0,55.354772424434486
63911.822766317084,154237.0,89533.0,3721.0,55.36486629248975
63911.83286018514,154261.0,89564.0,3678.0,55.374960160545015
63911.842954053194,154282.0,89597.0,3705.0,55.38505402860028
63911.85304792126,154267.0,89562.0,3674.0,55.39514789666282
63911.86314178931,154258.0,89558.0,3670.0,55.405241764718085
63911.87323565737,154321.0,89590.0,3687.0,55.41533563277335
63911.88332952542,154285.0,89571.0,3656.0,55.42542950082861
63911.893423393485,154329.0,89579.0,3678.0,55.435523368891154
63911.90351726154,154335.0,89601.0,3685.0,55.44561723694642
63911.913611129596,154347.0,89583.0,3691.0,55.45571110500168
63911.92370499765,154309.0,89571.0,3659.0,55.46580497305695
63911.933798865706,154357.0,89590.0,3675.0,55.47589884111221
63911.94389273377,154374.0,89610.0,3679.0,55.48599270917475
63911.953986601824,154356.0,89587.0,3667.0,55.49608657723002
63911.96408046988,154374.0,89598.0,3686.0,55.50618044528528
63911.974174337935,154360.0,89598.0,3697.0,55.516274313340546
63911.984268206,154400.0,89583.0,3692.0,55.526368181403086
63911.99436207405,154381.0,89574.0,3687.0,55.53646204945835
63912.00445594211,154382.0,89586.0,3676.0,55.546555917513615
63912.01454981016,154388.0,89598.0,3678.0,55.55664978556888
63912.024643678225,154373.0,89597.0,3685.0,55.56674365363142
63912.03473754628,154385.0,89620.0,3686.0,55.576837521686684
63912.044831414336,154378.0,89588.0,3711.0,55.58693138974195
63912.05492528239,154376.0,89591.0,3689.0,55.59702525779721
63912.065019150454,154356.0,89589.0,3679.0,55.607119125859754
63912.07511301851,154379.0,89613.0,3690.0,55.61721299391502
63912.085206886564,154320.0,89622.0,3683.0,55.62730686197028
63912.09530075462,154353.0,89594.0,3667.0,55.63740073002555
63912.105394622675,154368.0,89605.0,3690.0,55.64749459808081
63912.11548849074,154332.0,89589.0,3679.0,55.65758846614335
63912.12558235879,154368.0,89585.0,3683.0,55.667682334198616
63912.13567622685,154382.0,89608.0,3682.0,55.67777620225388
63912.1457700949,154392.0,89632.0,3683.0,55.687870070309145
63912.155863962966,154378.0,89610.0,3679.0,55.697963938371686
63912.16595783102,154444.0,89621.0,3709.0,55.70805780642695
63912.176051699076,154426.0,89621.0,3693.0,55.718151674482215
63912.18614556713,154423.0,89639.0,3691.0,55.72824554253748
63912.196239435194,154446.0,89624.0,3712.0,55.73833941060002
63912.20633330325,154451.0,89619.0,3702.0,55.748433278655284
63912.216427171305,154473.0,89617.0,3687.0,55.75852714671055
63912.22652103936,154454.0,89642.0,3719.0,55.76862101476581
63912.23661490742,154495.0,89626.0,3712.0,55.77871488282835
63912.24670877548,154482.0,89605.0,3684.0,55.78880875088362
63912.25680264353,154475.0,89632.0,3688.0,55.79890261893888
63912.26689651159,154524.0,89625.0,3708.0,55.80899648699415
63912.27699037964,154506.0,89625.0,3719.0,55.81909035504941
63912.287084247706,154505.0,89654.0,3708.0,55.82918422311195
63912.29717811576,154497.0,89629.0,3703.0,55.839278091167216
63912.30727198382,154522.0,89640.0,3713.0,55.84937195922248
63912.31736585187,154547.0,89664.0,3734.0,55.859465827277745
63912.327459719934,154535.0,89617.0,3707.0,55.869559695340286
63912.33755358799,154518.0,89606.0,3707.0,55.87965356339555
63912.347647456045,154540.0,89640.0,3709.0,55.889747431450814
63912.3577413241,154552.0,89684.0,3730.0,55.89984129950608
63912.36783519216,154529.0,89636.0,3705.0,55.90993516756862
63912.37792906022,154565.0,89623.0,3736.0,55.920029035623884
63912.38802292827,154562.0,89634.0,3700.0,55.93012290367915
63912.39811679633,154551.0,89634.0,3747.0,55.94021677173441
63912.40821066439,154549.0,89636.0,3723.0,55.95031063979695
63912.418304532446,154587.0,89654.0,3735.0,55.96040450785222
63912.4283984005,154587.0,89653.0,3730.0,55.97049837590748
63912.43849226856,154596.0,89646.0,3734.0,55.98059224396275
63912.44858613661,154575.0,89637.0,3712.0,55.99068611201801
63912.458680004675,154599.0,89633.0,3725.0,56.00077998008055
63912.46877387273,154621.0,89661.0,3735.0,56.010873848135816
63912.478867740785,154582.0,89655.0,3727.0,56.02096771619108
63912.48896160884,154606.0,89655.0,3719.0,56.031061584246345
63912.4990554769,154601.0,89657.0,3749.0,56.041155452308885
63912.50914934496,154632.0,89655.0,3734.0,56.05124932036415
63912.51924321301,154641.0,89681.0,3770.0,56.061343188419414
63912.52933708107,154669.0,89655.0,3744.0,56.07143705647468
63912.53943094913,154630.0,89658.0,3753.0,56.08153092453722
63912.54952481719,154666.0,89668.0,3740.0,56.091624792592484
63912.55961868524,154668.0,89696.0,3758.0,56.10171866064775
63912.5697125533,154643.0,89666.0,3719.0,56.11181252870301
63912.57980642136,154664.0,89661.0,3753.0,56.12190639676555
63912.589900289415,154685.0,89664.0,3749.0,56.13200026482082
63912.59999415747,154684.0,89661.0,3773.0,56.14209413287608
63912.610088025525,154721.0,89698.0,3770.0,56.152188000931346
63912.62018189358,154702.0,89654.0,3747.0,56.16228186898661
63912.63027576164,154682.0,89645.0,3736.0,56.17237573704915
63912.6403696297,154698.0,89670.0,3737.0,56.182469605104416
63912.650463497754,154726.0,89671.0,3743.0,56.19256347315968
63912.66055736581,154764.0,89682.0,3795.0,56.202657341214945
63912.67065123387,154757.0,89705.0,3759.0,56.212751209277485
63912.68074510193,154772.0,89684.0,3760.0,56.22284507733275
63912.69083896998,154758.0,89706.0,3794.0,56.232938945388014
63912.70093283804,154795.0,89711.0,3764.0,56.24303281344328
63912.7110267061,154760.0,89691.0,3773.0,56.25312668150582
63912.721120574155,154730.0,89706.0,3774.0,56.26322054956108
63912.73121444221,154709.0,89696.0,3786.0,56.27331441761635
63912.741308310266,154612.0,89647.0,3738.0,56.28340828567161
63912.75140217833,154574.0,89639.0,3753.0,56.29350215373415
63912.76149604638,154488.0,89600.0,3724.0,56.30359602178942
63912.77158991444,154440.0,89613.0,3711.0,56.31368988984468
63912.781683782494,154415.0,89607.0,3692.0,56.323783757899946
63912.79177765055,154387.0,89609.0,3703.0,56.33387762595521
63912.80187151861,154357.0,89603.0,3714.0,56.34397149401775
63912.81196538667,154378.0,89592.0,3737.0,56.354065362073015
63912.82205925472,154346.0,89597.0,3689.0,56.36415923012828
63912.83215312278,154354.0,89604.0,3695.0,56.374253098183544
63912.84224699084,154357.0,89591.0,3700.0,56.384346966246085
63912.852340858895,154395.0,89628.0,3692.0,56.39444083430135
63912.86243472695,154375.0,89614.0,3702.0,56.404534702356614
63912.872528595006,154418.0,89616.0,3689.0,56.41462857041188
63912.88262246307,154431.0,89620.0,3701.0,56.42472243847442
63912.892716331124,154448.0,89625.0,3686.0,56.43481630652968
63912.90281019918,154456.0,89624.0,3739.0,56.44491017458495
63912.912904067234,154474.0,89637.0,3701.0,56.45500404264021
63912.9229979353,154475.0,89615.0,3704.0,56.46509791070275
63912.93309180335,154499.0,89636.0,3716.0,56.47519177875802
63912.94318567141,154497.0,89648.0,3704.0,56.48528564681328
63912.95327953946,154536.0,89651.0,3742.0,56.495379514868546
63912.96337340752,154520.0,89635.0,3711.0,56.50547338292381
63912.97346727558,154505.0,89625.0,3695.0,56.51556725098635
63912.983561143636,154540.0,89655.0,3705.0,56.525661119041615
63912.99365501169,154516.0,89625.0,3706.0,56.53575498709688
63913.003748879746,154523.0,89649.0,3728.0,56.545848855152144
63913.01384274781,154512.0,89646.0,3710.0,56.555942723214685
63913.023936615864,154523.0,89613.0,3728.0,56.56603659126995
63913.03403048392,154471.0,89626.0,3719.0,56.57613045932521
63913.044124351974,154480.0,89616.0,3712.0,56.58622432738048
63913.05421822004,154494.0,89648.0,3723.0,56.59631819544302
63913.06431208809,154512.0,89642.0,3729.0,56.60641206349828
63913.07440595615,154494.0,89638.0,3717.0,56.61650593155355
63913.0844998242,154473.0,89628.0,3711.0,56.62659979960881
63913.09459369226,154479.0,89600.0,3693.0,56.636693667664076
63913.10468756032,154487.0,89599.0,3720.0,56.64678753572662
63913.114781428376,154506.0,89615.0,3732.0,56.65688140378188
63913.12487529643,154515.0,89628.0,3720.0,56.666975271837146
63913.13496916449,154520.0,89636.0,3696.0,56.67706913989241
63913.14506303255,154554.0,89659.0,3748.0,56.68716300795495
63913.155156900604,154523.0,89649.0,3716.0,56.697256876010215
63913.16525076866,154573.0,89635.0,3749.0,56.70735074406548
63913.175344636715,154553.0,89656.0,3718.0,56.717444612120744
63913.18543850478,154556.0,89625.0,3745.0,56.727538480183284
63913.19553237283,154599.0,89650.0,3724.0,56.73763234823855
63913.20562624089,154617.0,89649.0,3739.0,56.74772621629381
63913.21572010894,154633.0,89657.0,3761.0,56.75782008434908
63913.225813977006,154610.0,89650.0,3732.0,56.76791395241162
63913.23590784506,154639.0,89665.0,3751.0,56.77800782046688
63913.246001713116,154644.0,89670.0,3743.0,56.78810168852215
63913.25609558117,154621.0,89685.0,3744.0,56.79819555657741
63913.26618944923,154631.0,89672.0,3738.0,56.808289424632676
63913.27628331729,154683.0,89689.0,3764.0,56.818383292695216
63913.286377185344,154677.0,89673.0,3746.0,56.82847716075048
63913.2964710534,154679.0,89693.0,3738.0,56.838571028805745
63913.306564921455,154687.0,89660.0,3770.0,56.84866489686101
63913.31665878952,154652.0,89655.0,3736.0,56.85875876492355
63913.32675265757,154692.0,89674.0,3752.0,56.868852632978815
63913.33684652563,154683.0,89687.0,3745.0,56.87894650103408
63913.34694039368,154705.0,89655.0,3757.0,56.889040369089344
63913.357034261746,154694.0,89666.0,3742.0,56.899134237151884
63913.3671281298,154705.0,89678.0,3784.0,56.90922810520715
63913.37722199786,154730.0,89705.0,3776.0,56.91932197326241
63913.38731586591,154684.0,89653.0,3767.0,56.92941584131768
63913.397409733974,154720.0,89696.0,3767.0,56.93950970938022
63913.40750360203,154718.0,89684.0,3751.0,56.94960357743548
63913.417597470085,154749.0,89671.0,3763.0,56.95969744549075
63913.42769133814,154744.0,89705.0,3782.0,56.96979131354601
63913.437785206195,154767.0,89705.0,3767.0,56.979885181601276
63913.44787907426,154740.0,89669.0,3758.0,56.989979049663816
63913.45797294231,154774.0,89693.0,3769.0,57.00007291771908
63913.46806681037,154793.0,89719.0,3773.0,57.010166785774345
63913.47816067842,154761.0,89687.0,3760.0,57.02026065382961
63913.488254546486,154795.0,89699.0,3747.0,57.03035452189215
63913.49834841454,154784.0,89695.0,3777.0,57.040448389947414
63913.5084422826,154801.0,89690.0,3814.0,57.05054225800268
63913.51853615065,154793.0,89677.0,3765.0,57.06063612605794
63913.528630018714,154834.0,89741.0,3810.0,57.070729994120484
63913.53872388677,154824.0,89708.0,3789.0,57.08082386217575
63913.548817754825,154811.0,89712.0,3759.0,57.09091773023101
63913.55891162288,154856.0,89719.0,3757.0,57.10101159828628
63913.569005490936,154808.0,89692.0,3744.0,57.11110546634154
63913.579099359,154847.0,89705.0,3782.0,57.12119933440408
63913.58919322705,154851.0,89698.0,3783.0,57.13129320245935
63913.59928709511,154892.0,89728.0,3820.0,57.14138707051461
63913.609380963164,154830.0,89701.0,3777.0,57.151480938569875
63913.61947483123,154895.0,89717.0,3793.0,57.161574806632416
63913.62956869928,154914.0,89754.0,3777.0,57.17166867468768
63913.63966256734,154907.0,89712.0,3805.0,57.181762542742945
63913.64975643539,154919.0,89749.0,3812.0,57.19185641079821
63913.659850303455,154914.0,89728.0,3794.0,57.20195027886075
63913.66994417151,154916.0,89721.0,3793.0,57.212044146916014
63913.680038039565,154920.0,89713.0,3802.0,57.22213801497128
63913.69013190762,154955.0,89744.0,3796.0,57.23223188302654
63913.70022577568,154949.0,89738.0,3829.0,57.24232575108908
63913.71031964374,154900.0,89697.0,3822.0,57.25241961914435
63913.72041351179,154854.0,89710.0,3800.0,57.26251348719961
63913.73050737985,154824.0,89692.0,3812.0,57.27260735525488
63913.740601247904,154756.0,89678.0,3785.0,57.28270122331014
63913.75069511597,154684.0,89660.0,3761.0,57.29279509137268
63913.76078898402,154675.0,89696.0,3753.0,57.302888959427946
63913.77088285208,154642.0,89670.0,3803.0,57.31298282748321
63913.78097672013,154585.0,89659.0,3774.0,57.323076695538475
63913.791070588195,154585.0,89654.0,3759.0,57.333170563601016
63913.80116445625,154569.0,89622.0,3761.0,57.34326443165628
63913.811258324306,154546.0,89614.0,3746.0,57.353358299711545
63913.82135219236,154591.0,89644.0,3754.0,57.36345216776681
63913.83144606042,154594.0,89646.0,3767.0,57.37354603582935
63913.84153992848,154577.0,89667.0,3755.0,57.383639903884614
63913.851633796534,154650.0,89666.0,3779.0,57.39373377193988
63913.86172766459,154655.0,89669.0,3763.0,57.40382763999514
63913.87182153265,154664.0,89654.0,3756.0,57.41392150805768
63913.88191540071,154702.0,89661.0,3768.0,57.42401537611295
63913.89200926876,154751.0,89730.0,3791.0,57.43410924416821
63913.90210313682,154744.0,89696.0,3751.0,57.44420311222348
63913.91219700487,154750.0,89695.0,3791.0,57.45429698027874
63913.922290872935,154794.0,89724.0,3802.0,57.46439084834128
63913.93238474099,154791.0,89688.0,3787.0,57.474484716396546
63913.942478609046,154837.0,89705.0,3791.0,57.48457858445181
63913.9525724771,154845.0,89683.0,3778.0,57.494672452507075
63913.96266634516,154795.0,89695.0,3765.0,57.504766320569615
63913.97276021322,154816.0,89697.0,3787.0,57.51486018862488
63913.982854081274,154863.0,89709.0,3815.0,57.524954056680144
63913.99294794933,154829.0,89734.0,3786.0,57.53504792473541
63914.00304181739,154781.0,89678.0,3791.0,57.54514179279795
63914.01313568545,154771.0,89696.0,3805.0,57.555235660853214
63914.0232295535,154754.0,89686.0,3798.0,57.56532952890848
63914.03332342156,154771.0,89686.0,3787.0,57.57542339696374
63914.04341728962,154770.0,89677.0,3778.0,57.58551726502628
63914.053511157676,154740.0,89698.0,3767.0,57.59561113308155
63914.06360502573,154735.0,89678.0,3762.0,57.60570500113681
63914.073698893786,154749.0,89688.0,3784.0,57.615798869192076
63914.08379276184,154756.0,89717.0,3806.0,57.62589273724734
63914.093886629904,154738.0,89676.0,3771.0,57.63598660530988
63914.10398049796,154692.0,89690.0,3745.0,57.646080473365146
63914.114074366014,154783.0,89706.0,3788.0,57.65617434142041
63914.12416823407,154816.0,89686.0,3818.0,57.666268209475675
63914.13426210213,154820.0,89713.0,3775.0,57.676362077538215
63914.14435597019,154843.0,89717.0,3788.0,57.68645594559348
63914.15444983824,154840.0,89714.0,3804.0,57.696549813648744
63914.1645437063,154844.0,89711.0,3783.0,57.70664368170401
63914.17463757436,154880.0,89717.0,3782.0,57.71673754976655
63914.184731442416,154846.0,89707.0,3779.0,57.72683141782181
63914.19482531047,154893.0,89723.0,3800.0,57.73692528587708
63914.204919178526,154893.0,89719.0,3795.0,57.74701915393234
63914.21501304659,154932.0,89742.0,3810.0,57.75711302199488
63914.225106914644,154894.0,89713.0,3803.0,57.76720689005015
63914.2352007827,154930.0,89731.0,3793.0,57.77730075810541
63914.245294650755,154946.0,89756.0,3812.0,57.787394626160676
63914.25538851881,154907.0,89723.0,3808.0,57.79748849421594
63914.26548238687,154965.0,89749.0,3809.0,57.80758236227848
63914.27557625493,154943.0,89746.0,3820.0,57.817676230333745
63914.28567012298,154941.0,89731.0,3843.0,57.82777009838901
63914.29576399104,154945.0,89727.0,3799.0,57.837863966444274
63914.3058578591,154974.0,89755.0,3841.0,57.847957834506815
63914.315951727156,154966.0,89739.0,3822.0,57.85805170256208
63914.32604559521,154968.0,89736.0,3803.0,57.868145570617344
63914.33613946327,155004.0,89756.0,3808.0,57.87823943867261
63914.34623333133,154977.0,89724.0,3813.0,57.88833330673515
63914.356327199384,154993.0,89758.0,3820.0,57.89842717479041
63914.36642106744,155017.0,89756.0,3818.0,57.90852104284568
63914.376514935495,155000.0,89738.0,3836.0,57.91861491090094
63914.38660880356,154984.0,89720.0,3824.0,57.92870877896348
63914.39670267161,155006.0,89759.0,3826.0,57.93880264701875
63914.40679653967,155017.0,89755.0,3805.0,57.94889651507401
63914.41689040772,155007.0,89746.0,3851.0,57.958990383129276
63914.42698427578,155022.0,89766.0,3831.0,57.96908425118454
63914.43707814384,155027.0,89760.0,3823.0,57.97917811924708
63914.447172011896,155058.0,89759.0,3842.0,57.989271987302345
63914.45726587995,155007.0,89750.0,3821.0,57.99936585535761
63914.46735974801,155060.0,89775.0,3860.0,58.009459723412874
63914.47745361607,155053.0,89755.0,3820.0,58.019553591475415
63914.487547484125,155044.0,89762.0,3844.0,58.02964745953068
63914.49764135218,155081.0,89815.0,3854.0,58.03974132758594
63914.507735220235,155085.0,89768.0,3862.0,58.04983519564121
63914.5178290883,155056.0,89762.0,3813.0,58.05992906370375
63914.52792295635,155090.0,89759.0,3841.0,58.07002293175901
63914.53801682441,155144.0,89800.0,3833.0,58.08011679981428
63914.54811069246,155110.0,89765.0,3838.0,58.09021066786954
63914.558204560526,155150.0,89785.0,3872.0,58.10030453593208
63914.56829842858,155134.0,89805.0,3864.0,58.11039840398735
63914.57839229664,155136.0,89762.0,3852.0,58.12049227204261
63914.58848616469,155176.0,89790.0,3866.0,58.130586140097876
63914.59858003275,155191.0,89792.0,3856.0,58.14068000815314
63914.60867390081,155165.0,89784.0,3860.0,58.15077387621568
63914.618767768865,155161.0,89762.0,3865.0,58.160867744270945
63914.62886163692,155166.0,89785.0,3850.0,58.17096161232621
63914.638955504975,155131.0,89794.0,3875.0,58.181055480381474
63914.64904937304,155105.0,89771.0,3846.0,58.191149348444014
63914.65914324109,155025.0,89735.0,3853.0,58.20124321649928
63914.66923710915,154922.0,89708.0,3854.0,58.21133708455454
63914.679330977204,154852.0,89721.0,3814.0,58.22143095260981
63914.689424845266,154815.0,89713.0,3824.0,58.23152482067235
63914.69951871332,154807.0,89689.0,3841.0,58.24161868872761
63914.70961258138,154709.0,89663.0,3808.0,58.25171255678288
63914.71970644943,154706.0,89654.0,3789.0,58.26180642483814
63914.729800317495,154703.0,89678.0,3791.0,58.27190029290068
63914.73989418555,154719.0,89692.0,3811.0,58.281994160955946
63914.749988053605,154683.0,89664.0,3766.0,58.29208802901121
63914.76008192166,154744.0,89681.0,3786.0,58.302181897066475
63914.770175789716,154703.0,89668.0,3775.0,58.31227576512174
63914.78026965778,154719.0,89664.0,3788.0,58.32236963318428
63914.79036352583,154774.0,89699.0,3814.0,58.332463501239545
63914.80045739389,154770.0,89699.0,3807.0,58.34255736929481
63914.810551261944,154811.0,89703.0,3799.0,58.352651237350074
63914.82064513001,154820.0,89701.0,3790.0,58.362745105412614
63914.83073899806,154827.0,89699.0,3791.0,58.37283897346788
63914.84083286612,154856.0,89694.0,3811.0,58.38293284152314
63914.85092673417,154884.0,89714.0,3811.0,58.39302670957841
63914.861020602235,154884.0,89724.0,3814.0,58.40312057764095
63914.87111447029,154905.0,89718.0,3801.0,58.41321444569621
63914.881208338345,154903.0,89739.0,3805.0,58.42330831375148
63914.8913022064,154944.0,89730.0,3821.0,58.43340218180674
63914.901396074456,154940.0,89700.0,3830.0,58.443496049862006
63914.91148994252,154932.0,89723.0,3807.0,58.453589917924546
63914.921583810574,154947.0,89737.0,3823.0,58.46368378597981
63914.93167767863,154942.0,89722.0,3814.0,58.473777654035075
63914.941771546684,154887.0,89718.0,3807.0,58.48387152209034
63914.95186541475,154868.0,89719.0,3812.0,58.49396539015288
63914.9619592828,154902.0,89733.0,3837.0,58.504059258208144
63914.97205315086,154881.0,89720.0,3807.0,58.51415312626341
63914.98214701891,154894.0,89743.0,3802.0,58.52424699431867
63914.992240886975,154851.0,89724.0,3834.0,58.534340862381214
63915.00233475503,154841.0,89701.0,3810.0,58.54443473043648
63915.012428623086,154864.0,89722.0,3812.0,58.55452859849174
63915.02252249114,154883.0,89736.0,3833.0,58.56462246654701
63915.0326163592,154865.0,89703.0,3812.0,58.57471633460955
63915.04271022726,154878.0,89723.0,3800.0,58.58481020266481
63915.052804095314,154898.0,89718.0,3845.0,58.59490407072008
63915.06289796337,154910.0,89719.0,3849.0,58.60499793877534
63915.072991831425,154918.0,89739.0,3813.0,58.615091806830605
63915.08308569949,154950.0,89754.0,3848.0,58.625185674893146
63915.09317956754,154919.0,89740.0,3804.0,58.63527954294841
63915.1032734356,154997.0,89728.0,3829.0,58.645373411003675
63915.11336730365,155011.0,89761.0,3808.0,58.65546727905894
63915.123461171715,155035.0,89791.0,3859.0,58.66556114712148
63915.13355503977,154994.0,89736.0,3823.0,58.675655015176744
63915.143648907826,155023.0,89765.0,3837.0,58.68574888323201
63915.15374277588,155057.0,89781.0,3848.0,58.69584275128727
63915.163836643944,155026.0,89759.0,3823.0,58.705936619349814
63915.173930512,155065.0,89791.0,3845.0,58.71603048740508
63915.184024380054,155055.0,89766.0,3844.0,58.72612435546034
63915.19411824811,155065.0,89754.0,3854.0,58.73621822351561
63915.204212116165,155067.0,89764.0,3842.0,58.74631209157087
63915.21430598423,155074.0,89800.0,3865.0,58.75640595963341
63915.22439985228,155080.0,89765.0,3847.0,58.766499827688676
63915.23449372034,155076.0,89768.0,3838.0,58.77659369574394
63915.24458758839,155087.0,89781.0,3829.0,58.786687563799205
63915.254681456456,155105.0,89755.0,3872.0,58.796781431861746
63915.26477532451,155097.0,89767.0,3854.0,58.80687529991701
63915.274869192566,155091.0,89763.0,3862.0,58.816969167972275
63915.28496306062,155107.0,89769.0,3860.0,58.82706303602754
63915.295056928684,155134.0,89771.0,3858.0,58.83715690409008
63915.30515079674,155130.0,89781.0,3854.0,58.847250772145344
63915.315244664795,155131.0,89790.0,3864.0,58.85734464020061
63915.32533853285,155092.0,89757.0,3882.0,58.86743850825587
63915.33543240091,155103.0,89758.0,3863.0,58.87753237631841
63915.34552626897,155129.0,89783.0,3856.0,58.88762624437368
63915.35562013702,155119.0,89753.0,3835.0,58.89772011242894
63915.36571400508,155115.0,89772.0,3845.0,58.90781398048421
63915.37580787313,155114.0,89767.0,3875.0,58.91790784853947
63915.385901741196,155176.0,89789.0,3863.0,58.92800171660201
63915.39599560925,155155.0,89775.0,3874.0,58.938095584657276
63915.40608947731,155179.0,89791.0,3859.0,58.94818945271254
63915.41618334536,155170.0,89813.0,3871.0,58.958283320767805
63915.426277213424,155184.0,89802.0,3875.0,58.968377188830345
63915.43637108148,155188.0,89780.0,3853.0,58.97847105688561
63915.446464949535,155216.0,89811.0,3873.0,58.988564924940874
63915.45655881759,155180.0,89790.0,3847.0,58.99865879299614
63915.46665268565,155205.0,89803.0,3874.0,59.00875266105868
63915.47674655371,155228.0,89789.0,3878.0,59.018846529113944
63915.48684042176,155215.0,89773.0,3890.0,59.02894039716921
63915.49693428982,155262.0,89814.0,3898.0,59.03903426522447
63915.50702815788,155253.0,89804.0,3880.0,59.04912813328701
63915.517122025936,155290.0,89840.0,3906.0,59.05922200134228
63915.52721589399,155292.0,89820.0,3895.0,59.06931586939754
63915.53730976205,155284.0,89813.0,3864.0,59.079409737452806
63915.5474036301,155294.0,89823.0,3884.0,59.08950360550807
63915.557497498165,155312.0,89843.0,3911.0,59.09959747357061
63915.56759136622,155300.0,89825.0,3904.0,59.109691341625876
63915.577685234275,155273.0,89772.0,3875.0,59.11978520968114
63915.58777910233,155291.0,89818.0,3860.0,59.129879077736405
63915.59787297039,155248.0,89797.0,3911.0,59.139972945798945
63915.60796683845,155261.0,89817.0,3894.0,59.15006681385421
63915.6180607065,155171.0,89786.0,3881.0,59.160160681909474
63915.62815457456,155050.0,89760.0,3849.0,59.17025454996474
63915.63824844262,155009.0,89745.0,3861.0,59.18034841802728
63915.64834231068,154945.0,89750.0,3830.0,59.19044228608254
63915.65843617873,154894.0,89724.0,3852.0,59.20053615413781
63915.66853004679,154827.0,89705.0,3828.0,59.21063002219307
63915.67862391485,154803.0,89716.0,3823.0,59.22072389025561
63915.688717782905,154794.0,89693.0,3802.0,59.23081775831088
63915.69881165096,154768.0,89682.0,3799.0,59.24091162636614
63915.708905519015,154778.0,89689.0,3817.0,59.251005494421406
63915.71899938707,154792.0,89693.0,3808.0,59.26109936247667
63915.72909325513,154794.0,89709.0,3805.0,59.27119323053921
63915.73918712319,154835.0,89732.0,3824.0,59.281287098594476
63915.749280991244,154865.0,89710.0,3813.0,59.29138096664974
63915.7593748593,154862.0,89716.0,3808.0,59.301474834705004
63915.76946872736,154874.0,89721.0,3801.0,59.311568702767545
63915.77956259542,154925.0,89753.0,3843.0,59.32166257082281
63915.78965646347,154919.0,89732.0,3830.0,59.331756438878074
63915.79975033153,154928.0,89731.0,3829.0,59.34185030693334
63915.80984419959,154899.0,89702.0,3816.0,59.35194417499588
63915.819938067645,154927.0,89705.0,3815.0,59.36203804305114
63915.8300319357,154935.0,89700.0,3819.0,59.37213191110641
63915.840125803756,154956.0,89724.0,3819.0,59.38222577916167
63915.85021967182,155011.0,89777.0,3820.0,59.39231964722421
63915.86031353987,154971.0,89744.0,3833.0,59.40241351527948
63915.87040740793,155012.0,89765.0,3859.0,59.41250738333474
63915.880501275984,154992.0,89751.0,3831.0,59.422601251390006
63915.89059514404,155006.0,89763.0,3818.0,59.43269511944527
63915.9006890121,154966.0,89729.0,3812.0,59.44278898750781
63915.91078288016,154941.0,89716.0,3814.0,59.452882855563075
63915.92087674821,154957.0,89737.0,3827.0,59.46297672361834
63915.93097061627,154909.0,89726.0,3802.0,59.473070591673604
63915.94106448433,154954.0,89747.0,3835.0,59.483164459736145
63915.951158352385,154943.0,89718.0,3844.0,59.49325832779141
63915.96125222044,154933.0,89735.0,3831.0,59.503352195846674
63915.971346088496,154899.0,89696.0,3813.0,59.51344606390194
63915.98143995656,154941.0,89709.0,3845.0,59.52353993196448
63915.991533824614,154931.0,89724.0,3843.0,59.53363380001974
63916.00162769267,154941.0,89724.0,3823.0,59.54372766807501
63916.011721560724,154931.0,89719.0,3806.0,59.55382153613027
63916.02181542879,154982.0,89746.0,3801.0,59.56391540419281
63916.03190929684,154963.0,89712.0,3838.0,59.57400927224808
63916.0420031649,154980.0,89731.0,3832.0,59.58410314030334
63916.05209703295,154963.0,89737.0,3843.0,59.594197008358606
63916.06219090101,155031.0,89780.0,3874.0,59.60429087641387
63916.07228476907,155037.0,89749.0,3861.0,59.61438474447641
63916.082378637126,155035.0,89749.0,3847.0,59.624478612531675
63916.09247250518,155050.0,89728.0,3839.0,59.63457248058694
63916.102566373236,155041.0,89714.0,3852.0,59.644666348642204
63916.1126602413,155053.0,89783.0,3847.0,59.654760216704744
63916.122754109354,155070.0,89762.0,3825.0,59.66485408476001
63916.13284797741,155079.0,89752.0,3870.0,59.67494795281527
63916.142941845465,155126.0,89771.0,3886.0,59.68504182087054
63916.15303571353,155073.0,89749.0,3860.0,59.69513568893308
63916.16312958158,155114.0,89768.0,3875.0,59.70522955698834
63916.17322344964,155135.0,89746.0,3855.0,59.71532342504361
63916.18331731769,155108.0,89750.0,3869.0,59.72541729309887
63916.193411185755,155128.0,89743.0,3855.0,59.73551116116141
63916.20350505381,155157.0,89772.0,3885.0,59.74560502921668
63916.213598921866,155127.0,89798.0,3858.0,59.75569889727194
63916.22369278992,155127.0,89755.0,3847.0,59.765792765327205
63916.23378665798,155161.0,89763.0,3866.0,59.77588663338247
63916.24388052604,155078.0,89727.0,3861.0,59.78598050144501
63916.253974394094,155146.0,89780.0,3858.0,59.796074369500275
63916.26406826215,155148.0,89783.0,3852.0,59.80616823755554
63916.274162130205,155182.0,89755.0,3868.0,59.816262105610804
63916.28425599827,155137.0,89769.0,3860.0,59.826355973673344
63916.29434986632,155165.0,89779.0,3864.0,59.83644984172861
63916.30444373438,155148.0,89780.0,3836.0,59.84654370978387
63916.31453760243,155188.0,89799.0,3885.0,59.85663757783914
63916.324631470496,155150.0,89792.0,3880.0,59.86673144590168
63916.33472533855,155194.0,89777.0,3865.0,59.87682531395694
63916.344819206606,155177.0,89778.0,3889.0,59.88691918201221
63916.35491307466,155207.0,89821.0,3871.0,59.89701305006747
63916.365006942724,155211.0,89805.0,3885.0,59.90710691813001
63916.37510081078,155183.0,89763.0,3866.0,59.917200786185276
63916.385194678835,155176.0,89779.0,3860.0,59.92729465424054
63916.39528854689,155190.0,89759.0,3876.0,59.937388522295805
63916.405382414945,155222.0,89779.0,3890.0,59.94748239035107
63916.41547628301,155234.0,89785.0,3870.0,59.95757625841361
63916.42557015106,155264.0,89813.0,3905.0,59.967670126468875
63916.43566401912,155248.0,89814.0,3897.0,59.97776399452414
63916.44575788717,155242.0,89790.0,3862.0,59.9878578625794
63916.455851755236,155264.0,89794.0,3878.0,59.997951730641944
63916.46594562329,155261.0,89823.0,3887.0,60.00804559869721
63916.47603949135,155250.0,89795.0,3877.0,60.01813946675247
63916.4861333594,155296.0,89802.0,3882.0,60.02823333480774
63916.496227227464,155303.0,89810.0,3891.0,60.03832720287028
63916.50632109552,155291.0,89799.0,3904.0,60.04842107092554
63916.516414963575,155303.0,89802.0,3890.0,60.05851493898081
63916.52650883163,155313.0,89826.0,3912.0,60.06860880703607
63916.536602699685,155334.0,89808.0,3895.0,60.078702675091336
63916.54669656775,155340.0,89822.0,3885.0,60.088796543153876
63916.5567904358,155360.0,89832.0,3899.0,60.09889041120914
63916.56688430386,155366.0,89832.0,3898.0,60.108984279264405
63916.576978171914,155345.0,89819.0,3897.0,60.11907814731967
63916.587072039976,155335.0,89825.0,3920.0,60.12917201538221
63916.59716590803,155283.0,89793.0,3914.0,60.139265883437474
63916.60725977609,155180.0,89775.0,3865.0,60.14935975149274
63916.61735364414,155109.0,89768.0,3873.0,60.159453619548
63916.627447512205,155003.0,89743.0,3856.0,60.169547487610544
63916.63754138026,154948.0,89699.0,3846.0,60.17964135566581
63916.647635248315,154888.0,89703.0,3839.0,60.18973522372107
63916.65772911637,154867.0,89690.0,3836.0,60.19982909177634
63916.66782298443,154843.0,89676.0,3832.0,60.20992295983888
63916.67791685249,154790.0,89673.0,3801.0,60.22001682789414
63916.68801072054,154836.0,89714.0,3793.0,60.230110695949406
63916.6981045886,154812.0,89689.0,3798.0,60.24020456400467
63916.708198456654,154786.0,89692.0,3827.0,60.250298432059935
63916.71829232472,154822.0,89669.0,3808.0,60.260392300122476
63916.72838619277,154882.0,89668.0,3840.0,60.27048616817774
63916.73848006083,154865.0,89702.0,3801.0,60.280580036233005
63916.74857392888,154904.0,89693.0,3815.0,60.29067390428827
63916.758667796945,154934.0,89737.0,3832.0,60.30076777235081
63916.768761665,154915.0,89699.0,3808.0,60.310861640406074
63916.778855533055,154964.0,89715.0,3826.0,60.32095550846134
63916.78894940111,154939.0,89741.0,3832.0,60.3310493765166
63916.79904326917,154938.0,89694.0,3820.0,60.34114324457914
63916.80913713723,154972.0,89719.0,3827.0,60.35123711263441
63916.819231005284,154973.0,89736.0,3838.0,60.36133098068967
63916.82932487334,154987.0,89760.0,3838.0,60.37142484874494
63916.839418741394,154971.0,89713.0,3832.0,60.3815187168002
63916.84951260946,155025.0,89750.0,3847.0,60.39161258486274
63916.85960647751,154990.0,89726.0,3834.0,60.401706452918006
63916.86970034557,154997.0,89742.0,3838.0,60.41180032097327
63916.87979421362,155003.0,89727.0,3845.0,60.421894189028535
63916.889888081685,155002.0,89753.0,3841.0,60.431988057091075
63916.89998194974,154960.0,89733.0,3839.0,60.44208192514634
63916.910075817796,154965.0,89725.0,3831.0,60.452175793201604
63916.92016968585,154972.0,89720.0,3856.0,60.46226966125687
63916.93026355391,154923.0,89696.0,3801.0,60.47236352931941
63916.94035742197,154944.0,89695.0,3830.0,60.482457397374674
63916.950451290024,154932.0,89729.0,3837.0,60.49255126542994
63916.96054515808,154924.0,89735.0,3842.0,60.5026451334852
63916.97063902614,154913.0,89723.0,3815.0,60.51273900154774
63916.9807328942,154975.0,89732.0,3855.0,60.52283286960301
63916.99082676225,154954.0,89710.0,3827.0,60.53292673765827
63917.00092063031,154933.0,89704.0,3828.0,60.54302060571354
63917.01101449836,154981.0,89711.0,3855.0,60.5531144737688
63917.021108366425,154991.0,89743.0,3854.0,60.56320834183134
63917.03120223448,155002.0,89743.0,3832.0,60.573302209886606
63917.041296102536,155009.0,89747.0,3811.0,60.58339607794187
63917.05138997059,155034.0,89748.0,3860.0,60.593489945997135
63917.061483838654,155022.0,89723.0,3829.0,60.603583814059675
63917.07157770671,155045.0,89750.0,3846.0,60.61367768211494
63917.081671574764,155058.0,89769.0,3867.0,60.623771550170204
63917.09176544282,155058.0,89730.0,3845.0,60.63386541822547
63917.10185931088,155076.0,89773.0,3871.0,60.64395928628801
63917.11195317894,155102.0,89754.0,3857.0,60.65405315434327
63917.12204704699,155129.0,89756.0,3855.0,60.66414702239854
63917.13214091505,155097.0,89755.0,3856.0,60.6742408904538
63917.14223478311,155143.0,89792.0,3880.0,60.68433475851634
63917.152328651166,155119.0,89753.0,3854.0,60.69442862657161
63917.16242251922,155113.0,89740.0,3844.0,60.70452249462687
63917.172516387276,155182.0,89819.0,3909.0,60.714616362682136
63917.18261025533,155118.0,89760.0,3862.0,60.7247102307374
63917.192704123394,155129.0,89763.0,3866.0,60.73480409879994
63917.20279799145,155121.0,89752.0,3852.0,60.744897966855206
63917.212891859504,155168.0,89786.0,3895.0,60.75499183491047
63917.22298572756,155157.0,89790.0,3870.0,60.765085702965735
63917.23307959562,155168.0,89767.0,3860.0,60.775179571028275
63917.24317346368,155176.0,89787.0,3879.0,60.78527343908354
63917.25326733173,155131.0,89759.0,3843.0,60.795367307138804
63917.26336119979,155169.0,89759.0,3863.0,60.80546117519407
63917.27345506785,155175.0,89773.0,3891.0,60.81555504325661
63917.283548935906,155143.0,89771.0,3877.0,60.82564891131187
63917.29364280396,155147.0,89744.0,3861.0,60.83574277936714
63917.30373667202,155184.0,89799.0,3908.0,60.8458366474224
63917.31383054008,155116.0,89751.0,3842.0,60.85593051548494
63917.323924408134,155200.0,89759.0,3871.0,60.86602438354021
63917.33401827619,155176.0,89759.0,3862.0,60.87611825159547
63917.344112144245,155193.0,89780.0,3887.0,60.886212119650736
63917.3542060123,155211.0,89785.0,3895.0,60.896305987706
63917.36429988036,155217.0,89802.0,3887.0,60.90639985576854
63917.37439374842,155237.0,89799.0,3896.0,60.916493723823805
63917.38448761647,155202.0,89769.0,3860.0,60.92658759187907
63917.39458148453,155251.0,89801.0,3875.0,60.936681459934334
63917.40467535259,155248.0,89779.0,3882.0,60.946775327996875
63917.414769220646,155227.0,89794.0,3885.0,60.95686919605214
63917.4248630887,155265.0,89801.0,3883.0,60.966963064107404
63917.43495695676,155280.0,89785.0,3909.0,60.97705693216267
63917.44505082482,155263.0,89775.0,3922.0,60.98715080022521
63917.455144692874,155259.0,89781.0,3871.0,60.99724466828047
63917.46523856093,155300.0,89805.0,3876.0,61.00733853633574
63917.475332428985,155277.0,89772.0,3886.0,61.017432404391
63917.48542629705,155303.0,89790.0,3888.0,61.02752627245354
63917.4955201651,155295.0,89791.0,3882.0,61.03762014050881
63917.50561403316,155344.0,89816.0,3911.0,61.04771400856407
63917.51570790121,155330.0,89788.0,3901.0,61.057807876619336
63917.52580176927,155345.0,89801.0,3897.0,61.0679017446746
63917.53589563733,155362.0,89833.0,3926.0,61.07799561273714
63917.54598950539,155339.0,89788.0,3917.0,61.088089480792405
63917.55608337344,155372.0,89816.0,3906.0,61.09818334884767
63917.5661772415,155366.0,89825.0,3922.0,61.108277216902934
63917.57627110956,155361.0,89801.0,3876.0,61.118371084965474
63917.586364977615,155333.0,89783.0,3892.0,61.12846495302074
63917.59645884567,155371.0,89832.0,3915.0,61.138558821076
63917.606552713725,155303.0,89809.0,3903.0,61.14865268913127
63917.61664658179,155254.0,89767.0,3896.0,61.15874655719381
63917.62674044984,155162.0,89776.0,3899.0,61.16884042524907
63917.6368343179,155059.0,89719.0,3867.0,61.17893429330434
63917.64692818595,155006.0,89718.0,3872.0,61.1890281613596
63917.657022054016,154922.0,89692.0,3841.0,61.19912202942214
63917.66711592207,154897.0,89717.0,3837.0,61.20921589747741
63917.67720979013,154850.0,89698.0,3799.0,61.21930976553267
63917.68730365818,154849.0,89677.0,3832.0,61.229403633587935
63917.69739752624,154865.0,89689.0,3847.0,61.2394975016432
63917.7074913943,154838.0,89652.0,3818.0,61.24959136970574
63917.717585262355,154855.0,89718.0,3843.0,61.259685237761005
63917.72767913041,154845.0,89677.0,3820.0,61.26977910581627
63917.737772998466,154877.0,89713.0,3836.0,61.279872973871534
63917.74786686653,154848.0,89696.0,3817.0,61.289966841934074
63917.75796073458,154929.0,89721.0,3856.0,61.30006070998934
63917.76805460264,154920.0,89711.0,3825.0,61.3101545780446
63917.778148470694,154930.0,89693.0,3823.0,61.32024844609987
63917.78824233876,154953.0,89701.0,3832.0,61.33034231416241
63917.79833620681,154945.0,89706.0,3852.0,61.34043618221767
63917.80843007487,154977.0,89722.0,3816.0,61.35053005027294
63917.81852394292,154947.0,89709.0,3834.0,61.3606239183282
63917.828617810985,154993.0,89719.0,3839.0,61.37071778639074
63917.83871167904,154997.0,89719.0,3808.0,61.380811654446006
63917.848805547095,154987.0,89727.0,3848.0,61.39090552250127
63917.85889941515,155011.0,89725.0,3837.0,61.400999390556535
63917.868993283206,155004.0,89736.0,3850.0,61.4110932586118
63917.87908715127,155004.0,89766.0,3844.0,61.42118712667434
63917.88918101932,155038.0,89725.0,3869.0,61.431280994729605
63917.89927488738,155007.0,89738.0,3843.0,61.44137486278487
63917.909368755434,154980.0,89705.0,3834.0,61.45146873084013
63917.9194626235,154999.0,89729.0,3860.0,61.461562598902674
63917.92955649155,154946.0,89699.0,3821.0,61.47165646695794
63917.93965035961,154967.0,89720.0,3830.0,61.4817503350132
63917.94974422766,154975.0,89736.0,3840.0,61.49184420306847
63917.959838095725,154978.0,89708.0,3854.0,61.50193807113101
63917.96993196378,154950.0,89699.0,3828.0,61.51203193918627
63917.980025831836,154956.0,89721.0,3829.0,61.52212580724154
63917.99011969989,154953.0,89729.0,3837.0,61.5322196752968
63918.00021356795,154938.0,89694.0,3839.0,61.54231354335934
63918.01030743601,154949.0,89711.0,3822.0,61.552407411414606
63918.020401304064,154997.0,89727.0,3841.0,61.56250127946987
63918.03049517212,154978.0,89704.0,3823.0,61.572595147525135
63918.040589040174,155004.0,89724.0,3809.0,61.5826890155804
63918.05068290824,155022.0,89744.0,3825.0,61.59278288364294
63918.06077677629,155035.0,89733.0,3842.0,61.602876751698204
63918.07087064435,155037.0,89741.0,3853.0,61.61297061975347
63918.0809645124,155060.0,89727.0,3820.0,61.62306448780873
63918.091058380465,155110.0,89763.0,3869.0,61.633158355871274
63918.10115224852,155086.0,89734.0,3858.0,61.64325222392654
63918.111246116576,155058.0,89729.0,3858.0,61.6533460919818
63918.12133998463,155126.0,89754.0,3853.0,61.66343996003707
63918.13143385269,155103.0,89736.0,3855.0,61.67353382809961
63918.14152772075,155119.0,89749.0,3865.0,61.68362769615487
63918.151621588804,155103.0,89746.0,3826.0,61.693721564210136
63918.16171545686,155114.0,89737.0,3848.0,61.7038154322654
63918.171809324915,155146.0,89771.0,3840.0,61.713909300320665
63918.18190319298,155153.0,89765.0,3864.0,61.724003168383206
63918.19199706103,155138.0,89743.0,3885.0,61.73409703643847
63918.20209092909,155168.0,89785.0,3889.0,61.744190904493735
63918.21218479714,155170.0,89785.0,3889.0,61.754284772549
63918.222278665206,155165.0,89754.0,3861.0,61.76437864061154
63918.23237253326,155158.0,89750.0,3842.0,61.774472508666804
63918.242466401316,155193.0,89766.0,3876.0,61.78456637672207
63918.25256026937,155151.0,89721.0,3879.0,61.79466024477733
63918.262654137434,155167.0,89753.0,3862.0,61.80475411283987
63918.27274800549,155176.0,89769.0,3878.0,61.81484798089514
63918.282841873544,155204.0,89773.0,3903.0,61.8249418489504
63918.2929357416,155166.0,89745.0,3861.0,61.83503571700567
63918.30302960966,155189.0,89760.0,3872.0,61.84512958506821
63918.31312347772,155213.0,89760.0,3851.0,61.85522345312347
63918.32321734577,155216.0,89748.0,3887.0,61.865317321178736
63918.33331121383,155212.0,89764.0,3879.0,61.875411189234
63918.34340508188,155218.0,89766.0,3877.0,61.885505057289265
63918.353498949946,155229.0,89792.0,3884.0,61.895598925351806
63918.363592818,155227.0,89788.0,3892.0,61.90569279340707
63918.373686686056,155251.0,89787.0,3895.0,61.915786661462334
63918.38378055411,155244.0,89756.0,3894.0,61.9258805295176
63918.393874422174,155244.0,89762.0,3891.0,61.93597439758014
63918.40396829023,155245.0,89783.0,3889.0,61.946068265635404
63918.414062158285,155283.0,89800.0,3903.0,61.95616213369067
63918.42415602634,155239.0,89780.0,3857.0,61.96625600174593
63918.4342498944,155285.0,89773.0,3892.0,61.97634986980847
63918.44434376246,155305.0,89795.0,3889.0,61.98644373786374
63918.45443763051,155280.0,89765.0,3898.0,61.996537605919
63918.46453149857,155297.0,89775.0,3879.0,62.00663147397427
63918.47462536663,155320.0,89781.0,3895.0,62.01672534203681
63918.484719234686,155309.0,89768.0,3895.0,62.02681921009207
63918.49481310274,155326.0,89778.0,3897.0,62.036913078147336
63918.5049069708,155346.0,89816.0,3884.0,62.0470069462026
63918.51500083885,155352.0,89770.0,3910.0,62.057100814257865
63918.525094706914,155338.0,89784.0,3900.0,62.067194682320405
63918.53518857497,155347.0,89790.0,3894.0,62.07728855037567
63918.545282443025,155387.0,89786.0,3911.0,62.087382418430934
63918.55537631108,155375.0,89804.0,3909.0,62.0974762864862
63918.56547017914,155365.0,89780.0,3892.0,62.10757015454874
63918.5755640472,155356.0,89769.0,3892.0,62.117664022604
63918.58565791525,155366.0,89801.0,3894.0,62.12775789065927
63918.59575178331,155387.0,89809.0,3905.0,62.13785175871453
63918.60584565137,155401.0,89824.0,3933.0,62.14794562677707
63918.615939519426,155362.0,89788.0,3907.0,62.15803949483234
63918.62603338748,155296.0,89757.0,3897.0,62.1681333628876
63918.63612725554,155239.0,89779.0,3889.0,62.178227230942866
63918.64622112359,155147.0,89769.0,3878.0,62.18832109899813
63918.656314991655,155030.0,89729.0,3849.0,62.19841496706067
63918.66640885971,154997.0,89735.0,3881.0,62.208508835115936
63918.676502727765,154939.0,89697.0,3854.0,62.2186027031712
63918.68659659582,154903.0,89675.0,3824.0,62.228696571226465
63918.69669046388,154876.0,89680.0,3851.0,62.238790439289005
63918.70678433194,154877.0,89697.0,3852.0,62.24888430734427
63918.71687819999,154860.0,89670.0,3829.0,62.258978175399534
63918.72697206805,154846.0,89671.0,3812.0,62.2690720434548
63918.73706593611,154879.0,89708.0,3829.0,62.27916591151734
63918.74715980417,154865.0,89653.0,3826.0,62.2892597795726
63918.75725367222,154895.0,89683.0,3826.0,62.29935364762787
63918.76734754028,154913.0,89691.0,3809.0,62.30944751568313
63918.77744140834,154877.0,89674.0,3793.0,62.31954138374567
63918.787535276395,154928.0,89681.0,3815.0,62.32963525180094
63918.79762914445,154943.0,89694.0,3841.0,62.3397291198562
63918.807723012505,154957.0,89678.0,3804.0,62.349822987911466
63918.81781688056,154958.0,89693.0,3837.0,62.35991685596673
63918.82791074862,154974.0,89715.0,3817.0,62.37001072402927
63918.83800461668,155006.0,89713.0,3840.0,62.380104592084535
63918.848098484734,154983.0,89704.0,3819.0,62.3901984601398
63918.85819235279,154979.0,89710.0,3815.0,62.400292328195064
63918.86828622085,155030.0,89716.0,3820.0,62.410386196257605
63918.87838008891,155041.0,89718.0,3839.0,62.42048006431287
63918.88847395696,155043.0,89715.0,3815.0,62.430573932368134
63918.89856782502,155011.0,89710.0,3869.0,62.4406678004234
63918.90866169308,155000.0,89708.0,3835.0,62.45076166848594
63918.918755561135,155002.0,89714.0,3817.0,62.4608555365412
63918.92884942919,154965.0,89728.0,3843.0,62.47094940459647
63918.938943297246,155016.0,89732.0,3846.0,62.48104327265173
63918.94903716531,154987.0,89699.0,3826.0,62.49113714071427
63918.95913103336,154982.0,89715.0,3842.0,62.50123100876954
63918.96922490142,154951.0,89687.0,3843.0,62.5113248768248
63918.979318769474,154923.0,89673.0,3836.0,62.521418744880066
63918.98941263753,154987.0,89721.0,3859.0,62.53151261293533
63918.99950650559,154941.0,89710.0,3827.0,62.54160648099787
63919.00960037365,154998.0,89711.0,3837.0,62.551700349053135
63919.0196942417,154970.0,89683.0,3832.0,62.5617942171084
63919.02978810976,155033.0,89725.0,3844.0,62.571888085163664
63919.03988197782,154973.0,89702.0,3818.0,62.581981953226204
63919.049975845875,155009.0,89724.0,3832.0,62.59207582128147
63919.06006971393,154991.0,89725.0,3838.0,62.60216968933673
63919.070163581986,155055.0,89733.0,3857.0,62.612263557392
63919.08025745005,155082.0,89744.0,3856.0,62.62235742545454
63919.090351318104,155082.0,89735.0,3846.0,62.6324512935098
63919.10044518616,155074.0,89737.0,3885.0,62.64254516156507
63919.110539054214,155098.0,89733.0,3838.0,62.65263902962033
63919.12063292228,155116.0,89762.0,3869.0,62.66273289768287
63919.13072679033,155116.0,89747.0,3856.0,62.67282676573814
63919.14082065839,155145.0,89740.0,3886.0,62.6829206337934
63919.15091452644,155161.0,89764.0,3884.0,62.693014501848666
63919.1610083945,155155.0,89735.0,3845.0,62.70310836990393
63919.17110226256,155143.0,89748.0,3856.0,62.71320223796647
63919.181196130616,155151.0,89747.0,3898.0,62.723296106021735
63919.19128999867,155155.0,89729.0,3878.0,62.733389974077
63919.201383866726,155146.0,89707.0,3865.0,62.743483842132264
63919.21147773479,155173.0,89744.0,3877.0,62.753577710194804
63919.221571602844,155185.0,89748.0,3848.0,62.76367157825007
63919.2316654709,155198.0,89723.0,3891.0,62.77376544630533
63919.241759338955,155154.0,89723.0,3856.0,62.7838593143606
63919.25185320702,155187.0,89750.0,3871.0,62.79395318242314
63919.26194707507,155151.0,89744.0,3845.0,62.8040470504784
63919.27204094313,155191.0,89770.0,3882.0,62.81414091853367
63919.28213481118,155235.0,89783.0,3886.0,62.82423478658893
63919.292228679245,155199.0,89744.0,3881.0,62.83432865465147
63919.3023225473,155197.0,89766.0,3888.0,62.844422522706736
63919.312416415356,155235.0,89773.0,3908.0,62.854516390762
63919.32251028341,155181.0,89788.0,3892.0,62.864610258817265
63919.33260415147,155208.0,89752.0,3875.0,62.87470412687253
63919.34269801953,155256.0,89753.0,3859.0,62.88479799493507
63919.352791887584,155208.0,89753.0,3876.0,62.894891862990335
63919.36288575564,155198.0,89744.0,3853.0,62.9049857310456
63919.372979623695,155239.0,89758.0,3879.0,62.915079599100864
63919.38307349176,155256.0,89759.0,3877.0,62.925173467163404
63919.39316735981,155244.0,89758.0,3876.0,62.93526733521867
63919.40326122787,155290.0,89782.0,3898.0,62.94536120327393
63919.41335509592,155268.0,89762.0,3880.0,62.9554550713292
63919.423448963986,155298.0,89760.0,3868.0,62.96554893939174
63919.43354283204,155291.0,89784.0,3899.0,62.975642807447
63919.443636700096,155281.0,89784.0,3873.0,62.98573667550227
63919.45373056815,155281.0,89756.0,3909.0,62.99583054355753
63919.463824436214,155332.0,89780.0,3888.0,63.00592441162007
63919.47391830427,155282.0,89771.0,3869.0,63.016018279675336
63919.484012172325,155337.0,89796.0,3878.0,63.0261121477306
63919.49410604038,155315.0,89777.0,3887.0,63.036206015785865
63919.504199908435,155323.0,89802.0,3898.0,63.04629988384113
63919.5142937765,155300.0,89763.0,3877.0,63.05639375190367
63919.52438764455,155365.0,89805.0,3918.0,63.066487619958934
63919.53448151261,155308.0,89785.0,3876.0,63.0765814880142
63919.54457538066,155372.0,89777.0,3899.0,63.08667535606946
63919.554669248726,155370.0,89797.0,3892.0,63.096769224132004
63919.56476311678,155379.0,89759.0,3883.0,63.10686309218727
63919.57485698484,155407.0,89798.0,3918.0,63.11695696024253
63919.58495085289,155370.0,89768.0,3926.0,63.1270508282978
63919.595044720954,155404.0,89810.0,3890.0,63.13714469636034
63919.60513858901,155392.0,89769.0,3897.0,63.1472385644156
63919.615232457065,155427.0,89799.0,3908.0,63.15733243247087
63919.62532632512,155399.0,89787.0,3927.0,63.16742630052613
63919.63542019318,155352.0,89765.0,3921.0,63.17752016858867
63919.64551406124,155325.0,89783.0,3898.0,63.187614036643936
63919.65560792929,155219.0,89726.0,3884.0,63.1977079046992
63919.66570179735,155152.0,89729.0,3882.0,63.207801772754465
63919.675795665404,155078.0,89702.0,3868.0,63.21789564080973
63919.685889533466,155031.0,89697.0,3859.0,63.22798950887227
63919.69598340152,154968.0,89683.0,3864.0,63.238083376927534
63919.70607726958,154925.0,89676.0,3834.0,63.2481772449828
63919.71617113763,154883.0,89642.0,3814.0,63.25827111303806
63919.726265005695,154864.0,89637.0,3830.0,63.2683649811006
63919.73635887375,154861.0,89661.0,3822.0,63.27845884915587
63919.746452741805,154884.0,89656.0,3826.0,63.28855271721113
63919.75654660986,154876.0,89663.0,3830.0,63.2986465852664
63919.76664047792,154895.0,89665.0,3806.0,63.30874045332894
63919.77673434598,154915.0,89682.0,3808.0,63.3188343213842
63919.78682821403,154929.0,89678.0,3827.0,63.328928189439466
63919.79692208209,154973.0,89723.0,3847.0,63.33902205749473
63919.807015950144,154975.0,89676.0,3844.0,63.349115925549995
63919.81710981821,154988.0,89702.0,3825.0,63.359209793612536
63919.82720368626,154990.0,89697.0,3830.0,63.3693036616678
63919.83729755432,154990.0,89686.0,3825.0,63.379397529723065
63919.84739142237,155032.0,89713.0,3836.0,63.38949139777833
63919.857485290435,154973.0,89646.0,3840.0,63.39958526584087
63919.86757915849,155025.0,89704.0,3835.0,63.409679133896134
63919.877673026545,155027.0,89663.0,3854.0,63.4197730019514
63919.8877668946,155029.0,89688.0,3849.0,63.42986687000666
63919.89786076266,155061.0,89686.0,3867.0,63.4399607380692
63919.90795463072,155048.0,89701.0,3842.0,63.45005460612447
63919.918048498774,155003.0,89695.0,3828.0,63.46014847417973
63919.92814236683,155033.0,89687.0,3837.0,63.470242342235
63919.93823623489,155061.0,89720.0,3853.0,63.48033621029754
63919.94833010295,155025.0,89695.0,3835.0,63.4904300783528
63919.958423971,155002.0,89703.0,3850.0,63.500523946408066
63919.96851783906,154977.0,89713.0,3840.0,63.51061781446333
63919.97861170711,154963.0,89680.0,3807.0,63.520711682518595
63919.988705575175,154990.0,89683.0,3807.0,63.530805550581135
63919.99879944323,154951.0,89686.0,3838.0,63.5408994186364
63920.008893311286,154997.0,89700.0,3852.0,63.550993286691664
63920.01898717934,154975.0,89693.0,3824.0,63.56108715474693
63920.0290810474,155002.0,89691.0,3829.0,63.57118102280947
63920.03917491546,154964.0,89734.0,3827.0,63.581274890864734
63920.049268783514,154994.0,89698.0,3851.0,63.59136875892
63920.05936265157,155043.0,89699.0,3810.0,63.60146262697526
63920.06945651963,155035.0,89709.0,3862.0,63.6115564950378
63920.07955038769,155055.0,89732.0,3837.0,63.62165036309307
63920.08964425574,155043.0,89689.0,3826.0,63.63174423114833
63920.0997381238,155078.0,89734.0,3866.0,63.641838099203596
63920.10983199186,155055.0,89712.0,3833.0,63.65193196726614
63920.119925859915,155119.0,89711.0,3833.0,63.6620258353214
63920.13001972797,155125.0,89730.0,3850.0,63.672119703376666
63920.140113596026,155106.0,89735.0,3871.0,63.68221357143193
63920.15020746408,155102.0,89709.0,3835.0,63.692307439487195
63920.160301332144,155146.0,89730.0,3860.0,63.702401307549735
63920.1703952002,155154.0,89760.0,3860.0,63.712495175605
63920.180489068254,155153.0,89704.0,3849.0,63.722589043660264
63920.19058293631,155175.0,89738.0,3835.0,63.73268291171553
63920.20067680437,155164.0,89734.0,3854.0,63.74277677977807
63920.21077067243,155148.0,89718.0,3837.0,63.75287064783333
63920.22086454048,155204.0,89751.0,3874.0,63.7629645158886
63920.23095840854,155196.0,89770.0,3882.0,63.77305838394386
63920.2410522766,155185.0,89743.0,3869.0,63.7831522520064
63920.251146144656,155186.0,89741.0,3846.0,63.79324612006167
63920.26124001271,155205.0,89745.0,3863.0,63.80333998811693
63920.271333880766,155194.0,89743.0,3890.0,63.813433856172196
63920.28142774882,155189.0,89738.0,3873.0,63.82352772422746
63920.291521616884,155196.0,89726.0,3866.0,63.83362159229
63920.30161548494,155212.0,89715.0,3883.0,63.843715460345265
63920.311709352995,155188.0,89716.0,3854.0,63.85380932840053
63920.32180322105,155203.0,89750.0,3867.0,63.863903196455794
63920.33189708911,155196.0,89750.0,3875.0,63.873997064518335
63920.34199095717,155207.0,89725.0,3863.0,63.8840909325736
63920.35208482522,155217.0,89752.0,3879.0,63.894184800628864
63920.36217869328,155218.0,89742.0,3868.0,63.90427866868413
63920.37227256134,155217.0,89727.0,3872.0,63.91437253674667
63920.382366429396,155246.0,89739.0,3869.0,63.92446640480193
63920.39246029745,155284.0,89781.0,3870.0,63.9345602728572
63920.40255416551,155249.0,89749.0,3867.0,63.94465414091246
63920.41264803357,155229.0,89742.0,3887.0,63.954748008975
63920.422741901624,155281.0,89745.0,3907.0,63.96484187703027
63920.43283576968,155276.0,89741.0,3880.0,63.97493574508553
63920.442929637735,155279.0,89760.0,3877.0,63.985029613140796
63920.45302350579,155246.0,89725.0,3863.0,63.99512348119606
63920.46311737385,155307.0,89782.0,3901.0,64.0052173492586
63920.47321124191,155295.0,89731.0,3868.0,64.01531121731387
63920.48330510996,155303.0,89750.0,3886.0,64.02540508536913
63920.49339897802,155302.0,89766.0,3887.0,64.0354989534244
63920.50349284608,155315.0,89738.0,3879.0,64.04559282148693
63920.513586714136,155320.0,89740.0,3887.0,64.0556866895422
63920.52368058219,155332.0,89759.0,3899.0,64.06578055759746
63920.53377445025,155321.0,89746.0,3913.0,64.07587442565273
63920.54386831831,155319.0,89768.0,3883.0,64.08596829371527
63920.553962186365,155386.0,89787.0,3912.0,64.09606216177053
63920.56405605442,155362.0,89775.0,3896.0,64.1061560298258
63920.574149922475,155352.0,89754.0,3879.0,64.11624989788106
63920.58424379054,155389.0,89783.0,3892.0,64.1263437659436
63920.59433765859,155372.0,89758.0,3913.0,64.13643763399887
63920.60443152665,155394.0,89773.0,3905.0,64.14653150205413
63920.6145253947,155364.0,89766.0,3898.0,64.1566253701094
63920.62461926276,155421.0,89805.0,3922.0,64.16671923816466
63920.63471313082,155397.0,89780.0,3893.0,64.1768131062272
63920.64480699888,155396.0,89778.0,3905.0,64.18690697428246
63920.65490086693,155336.0,89766.0,3910.0,64.19700084233773
63920.66499473499,155242.0,89742.0,3903.0,64.207094710393
63920.67508860305,155172.0,89727.0,3863.0,64.21718857845553
63920.685182471105,155138.0,89710.0,3881.0,64.2272824465108
63920.69527633916,155054.0,89710.0,3857.0,64.23737631456606
63920.705370207215,154989.0,89682.0,3838.0,64.24747018262133
63920.71546407528,154965.0,89668.0,3874.0,64.25756405068387
63920.72555794333,154917.0,89665.0,3820.0,64.26765791873913
63920.73565181139,154888.0,89665.0,3827.0,64.2777517867944
63920.745745679444,154875.0,89683.0,3806.0,64.28784565484966
63920.755839547506,154912.0,89680.0,3845.0,64.2979395229122
63920.76593341556,154885.0,89645.0,3817.0,64.30803339096747
63920.77602728362,154906.0,89663.0,3807.0,64.31812725902273
63920.78612115167,154909.0,89673.0,3836.0,64.328221127078
63920.79621501973,154910.0,89659.0,3811.0,64.33831499513326
63920.80630888779,154912.0,89690.0,3825.0,64.3484088631958
63920.816402755845,154960.0,89683.0,3818.0,64.35850273125106
63920.8264966239,155016.0,89663.0,3828.0,64.36859659930633
63920.836590491956,155015.0,89698.0,3807.0,64.3786904673616
63920.84668436002,155022.0,89711.0,3832.0,64.38878433542413
63920.85677822807,155003.0,89689.0,3831.0,64.3988782034794
63920.86687209613,154986.0,89693.0,3832.0,64.40897207153466
63920.876965964184,154979.0,89687.0,3823.0,64.41906593958993
63920.88705983225,155054.0,89684.0,3842.0,64.42915980765247
63920.8971537003,155034.0,89693.0,3834.0,64.43925367570773
63920.90724756836,155036.0,89687.0,3819.0,64.449347543763
63920.91734143641,155045.0,89704.0,3856.0,64.45944141181826
63920.927435304475,154996.0,89662.0,3802.0,64.4695352798808
63920.93752917253,155041.0,89697.0,3834.0,64.47962914793607
63920.947623040585,155033.0,89695.0,3835.0,64.48972301599133
63920.95771690864,155027.0,89670.0,3855.0,64.4998168840466
63920.967810776696,155016.0,89684.0,3818.0,64.50991075210186
63920.97790464476,155020.0,89695.0,3830.0,64.5200046201644
63920.987998512814,155005.0,89707.0,3846.0,64.53009848821966
63920.99809238087,154986.0,89663.0,3814.0,64.54019235627493
63921.008186248924,154974.0,89683.0,3828.0,64.5502862243302
63921.01828011699,154983.0,89681.0,3826.0,64.56038009239273
63921.02837398504,154965.0,89666.0,3799.0,64.570473960448
63921.0384678531,155000.0,89702.0,3808.0,64.58056782850326
63921.04856172115,155007.0,89692.0,3840.0,64.59066169655853
63921.058655589215,154969.0,89657.0,3819.0,64.60075556462107
63921.06874945727,155006.0,89678.0,3827.0,64.61084943267633
63921.078843325326,155028.0,89706.0,3853.0,64.6209433007316
63921.08893719338,155036.0,89695.0,3811.0,64.63103716878686
63921.09903106144,155054.0,89687.0,3837.0,64.6411310368494
63921.1091249295,155099.0,89683.0,3821.0,64.65122490490467
63921.119218797554,155061.0,89685.0,3836.0,64.66131877295993
63921.12931266561,155086.0,89683.0,3837.0,64.6714126410152
63921.139406533664,155091.0,89709.0,3847.0,64.68150650907046
63921.14950040173,155103.0,89675.0,3841.0,64.691600377133
63921.15959426978,155082.0,89703.0,3821.0,64.70169424518826
63921.16968813784,155137.0,89709.0,3826.0,64.71178811324353
63921.17978200589,155125.0,89711.0,3835.0,64.7218819812988
63921.189875873955,155087.0,89707.0,3837.0,64.73197584936133
63921.19996974201,155162.0,89727.0,3869.0,64.7420697174166
63921.210063610066,155168.0,89731.0,3873.0,64.75216358547186
63921.22015747812,155144.0,89718.0,3851.0,64.76225745352713
63921.230251346184,155141.0,89705.0,3851.0,64.77235132158967
63921.24034521424,155182.0,89754.0,3857.0,64.78244518964493
63921.250439082294,155171.0,89702.0,3879.0,64.7925390577002
63921.26053295035,155176.0,89723.0,3846.0,64.80263292575546
63921.27062681841,155186.0,89734.0,3861.0,64.812726793818
63921.28072068647,155194.0,89717.0,3849.0,64.82282066187327
63921.29081455452,155157.0,89701.0,3830.0,64.83291452992853
63921.30090842258,155221.0,89738.0,3847.0,64.8430083979838
63921.31100229063,155205.0,89720.0,3867.0,64.85310226603906
63921.321096158696,155153.0,89708.0,3853.0,64.8631961341016
63921.33119002675,155209.0,89742.0,3877.0,64.87329000215686
63921.341283894806,155172.0,89707.0,3856.0,64.88338387021213
63921.35137776286,155207.0,89721.0,3864.0,64.89347773826739
63921.361471630924,155177.0,89697.0,3860.0,64.90357160632993
63921.37156549898,155236.0,89756.0,3885.0,64.9136654743852
63921.381659367034,155214.0,89711.0,3850.0,64.92375934244046
63921.39175323509,155216.0,89725.0,3873.0,64.93385321049573
63921.40184710315,155241.0,89721.0,3878.0,64.94394707855827
63921.41194097121,155225.0,89725.0,3856.0,64.95404094661353
63921.42203483926,155252.0,89737.0,3902.0,64.9641348146688
63921.43212870732,155242.0,89723.0,3869.0,64.97422868272406
63921.44222257538,155218.0,89720.0,3867.0,64.9843225507866
63921.452316443436,155248.0,89732.0,3856.0,64.99441641884187
63921.46241031149,155303.0,89752.0,3886.0,65.00451028689713
63921.47250417955,155283.0,89742.0,3876.0,65.0146041549524
63921.4825980476,155253.0,89721.0,3867.0,65.02469802300766
63921.492691915664,155290.0,89718.0,3875.0,65.0347918910702
63921.50278578372,155320.0,89763.0,3893.0,65.04488575912546
63921.512879651775,155307.0,89745.0,3888.0,65.05497962718073
63921.52297351983,155300.0,89739.0,3880.0,65.06507349523599
63921.53306738789,155326.0,89731.0,3887.0,65.07516736329853
63921.54316125595,155351.0,89751.0,3890.0,65.0852612313538
63921.553255124,155344.0,89758.0,3895.0,65.09535509940906
63921.56334899206,155346.0,89745.0,3885.0,65.10544896746433
63921.57344286012,155338.0,89758.0,3891.0,65.11554283552687
63921.583536728176,155353.0,89741.0,3876.0,65.12563670358213
63921.59363059623,155367.0,89756.0,3922.0,65.1357305716374
63921.60372446429,155339.0,89763.0,3879.0,65.14582443969266
63921.61381833234,155343.0,89738.0,3897.0,65.15591830774792
63921.623912200404,155331.0,89755.0,3903.0,65.16601217581047
63921.63400606846,155287.0,89735.0,3886.0,65.17610604386573
63921.644099936515,155204.0,89728.0,3862.0,65.186199911921
63921.65419380457,155131.0,89720.0,3883.0,65.19629377997626
63921.66428767263,155082.0,89688.0,3883.0,65.2063876480388
63921.67438154069,155010.0,89671.0,3852.0,65.21648151609406
63921.68447540874,154955.0,89649.0,3823.0,65.22657538414933
63921.6945692768,154940.0,89664.0,3835.0,65.23666925220459
63921.70466314486,154894.0,89662.0,3818.0,65.24676312026713
63921.71475701292,154897.0,89642.0,3813.0,65.2568569883224
63921.72485088097,154855.0,89688.0,3795.0,65.26695085637766
63921.73494474903,154873.0,89644.0,3802.0,65.27704472443293
63921.74503861709,154880.0,89648.0,3790.0,65.28713859249547
63921.755132485145,154905.0,89639.0,3824.0,65.29723246055073
63921.7652263532,154915.0,89659.0,3828.0,65.307326328606
63921.775320221255,154898.0,89639.0,3803.0,65.31742019666126
63921.78541408931,154940.0,89655.0,3805.0,65.32751406471652
63921.79550795737,154974.0,89651.0,3803.0,65.33760793277906
63921.80560182543,154986.0,89648.0,3814.0,65.34770180083433
63921.81569569348,154967.0,89668.0,3801.0,65.3577956688896
63921.82578956154,154973.0,89649.0,3800.0,65.36788953694486
63921.8358834296,154970.0,89654.0,3805.0,65.3779834050074
63921.84597729766,155007.0,89680.0,3815.0,65.38807727306266
63921.85607116571,155015.0,89702.0,3847.0,65.39817114111793
63921.86616503377,154986.0,89675.0,3814.0,65.40826500917319
63921.87625890183,155012.0,89669.0,3812.0,65.41835887723573
63921.886352769885,155015.0,89676.0,3824.0,65.428452745291
63921.89644663794,155029.0,89705.0,3854.0,65.43854661334626
63921.906540505996,154985.0,89658.0,3793.0,65.44864048140153
63921.91663437405,155031.0,89704.0,3840.0,65.45873434945679
63921.92672824211,155013.0,89668.0,3822.0,65.46882821751933
63921.93682211017,154978.0,89636.0,3811.0,65.4789220855746
63921.946915978224,155002.0,89692.0,3839.0,65.48901595362986
63921.95700984628,154962.0,89646.0,3827.0,65.49910982168512
63921.96710371434,154978.0,89664.0,3821.0,65.50920368974766
63921.9771975824,154948.0,89646.0,3788.0,65.51929755780293
63921.98729145045,154980.0,89670.0,3841.0,65.5293914258582
63921.99738531851,154958.0,89647.0,3801.0,65.53948529391346
63922.00747918657,154957.0,89658.0,3824.0,65.549579161976
63922.017573054625,154994.0,89683.0,3811.0,65.55967303003126
63922.02766692268,154968.0,89657.0,3821.0,65.56976689808653
63922.037760790736,155013.0,89683.0,3844.0,65.57986076614179
63922.0478546588,155004.0,89672.0,3811.0,65.58995463420433
63922.05794852685,154998.0,89637.0,3827.0,65.6000485022596
63922.06804239491,155004.0,89676.0,3805.0,65.61014237031486
63922.078136262964,155059.0,89695.0,3812.0,65.62023623837013
63922.08823013102,155043.0,89679.0,3839.0,65.63033010642539
63922.09832399908,155051.0,89651.0,3860.0,65.64042397448793
63922.10841786714,155025.0,89663.0,3810.0,65.6505178425432
63922.11851173519,155090.0,89724.0,3864.0,65.66061171059846
63922.12860560325,155050.0,89673.0,3815.0,65.67070557865372
63922.13869947131,155087.0,89703.0,3838.0,65.68079944671626
63922.148793339366,155115.0,89702.0,3825.0,65.69089331477153
63922.15888720742,155092.0,89692.0,3820.0,65.7009871828268
63922.168981075476,155122.0,89692.0,3838.0,65.71108105088206
63922.17907494354,155093.0,89702.0,3848.0,65.7211749189446
63922.189168811594,155103.0,89730.0,3860.0,65.73126878699986
63922.19926267965,155139.0,89719.0,3865.0,65.74136265505513
63922.209356547704,155142.0,89706.0,3840.0,65.75145652311039
63922.21945041577,155167.0,89743.0,3866.0,65.76155039117293
63922.22954428382,155132.0,89691.0,3830.0,65.7716442592282
63922.23963815188,155170.0,89725.0,3868.0,65.78173812728346
63922.24973201993,155155.0,89703.0,3845.0,65.79183199533873
63922.25982588799,155129.0,89697.0,3830.0,65.80192586339399
63922.26991975605,155157.0,89678.0,3838.0,65.81201973145653
63922.280013624106,155171.0,89710.0,3838.0,65.8221135995118
63922.29010749216,155155.0,89708.0,3876.0,65.83220746756706
63922.300201360216,155179.0,89731.0,3849.0,65.84230133562232
63922.31029522828,155165.0,89725.0,3862.0,65.85239520368486
63922.320389096334,155178.0,89733.0,3879.0,65.86248907174013
63922.33048296439,155153.0,89701.0,3847.0,65.8725829397954
63922.340576832445,155169.0,89714.0,3863.0,65.88267680785066
63922.35067070051,155179.0,89718.0,3868.0,65.8927706759132
63922.36076456856,155184.0,89697.0,3844.0,65.90286454396846
63922.37085843662,155218.0,89709.0,3864.0,65.91295841202373
63922.38095230467,155201.0,89688.0,3861.0,65.92305228007899
63922.391046172736,155178.0,89650.0,3841.0,65.93314614814153
63922.40114004079,155170.0,89683.0,3853.0,65.9432400161968
63922.411233908846,155177.0,89687.0,3851.0,65.95333388425206
63922.4213277769,155227.0,89710.0,3854.0,65.96342775230733
63922.43142164496,155210.0,89712.0,3863.0,65.97352162036259
63922.44151551302,155206.0,89713.0,3849.0,65.98361548842513
63922.451609381074,155263.0,89699.0,3895.0,65.9937093564804
63922.46170324913,155248.0,89725.0,3862.0,66.00380322453566
63922.471797117185,155243.0,89707.0,3847.0,66.01389709259092
63922.48189098525,155241.0,89716.0,3880.0,66.02399096065346
63922.4919848533,155282.0,89743.0,3859.0,66.03408482870873
63922.50207872136,155276.0,89722.0,3875.0,66.04417869676399
63922.51217258941,155302.0,89729.0,3877.0,66.05427256481926
63922.522266457476,155307.0,89710.0,3886.0,66.0643664328818
63922.53236032553,155284.0,89735.0,3871.0,66.07446030093706
63922.542454193586,155284.0,89740.0,3877.0,66.08455416899233
63922.55254806164,155290.0,89721.0,3869.0,66.09464803704759
63922.562641929704,155295.0,89727.0,3871.0,66.10474190511013
63922.57273579776,155322.0,89741.0,3901.0,66.1148357731654
63922.582829665815,155309.0,89736.0,3880.0,66.12492964122066
63922.59292353387,155277.0,89701.0,3876.0,66.13502350927592
63922.603017401925,155187.0,89694.0,3862.0,66.14511737733119
63922.61311126999,155116.0,89692.0,3876.0,66.15521124539373
63922.62320513804,155070.0,89662.0,3853.0,66.165305113449
63922.6332990061,154997.0,89660.0,3842.0,66.17539898150426
63922.64339287415,154931.0,89622.0,3819.0,66.18549284955952
63922.653486742216,154915.0,89604.0,3847.0,66.19558671762206
63922.66358061027,154903.0,89635.0,3837.0,66.20568058567733
63922.67367447833,154826.0,89620.0,3809.0,66.21577445373259
63922.68376834638,154891.0,89627.0,3823.0,66.22586832178786
63922.693862214444,154864.0,89608.0,3788.0,66.2359621898504
63922.7039560825,154863.0,89639.0,3796.0,66.24605605790566
63922.714049950555,154867.0,89619.0,3769.0,66.25614992596093
63922.72414381861,154917.0,89655.0,3781.0,66.26624379401619
63922.73423768667,154919.0,89603.0,3824.0,66.27633766207873
63922.74433155473,154906.0,89652.0,3809.0,66.286431530134
63922.75442542278,154948.0,89648.0,3831.0,66.29652539818926
63922.76451929084,154927.0,89639.0,3797.0,66.30661926624452
63922.774613158894,154981.0,89673.0,3844.0,66.31671313429979
63922.784707026956,154959.0,89658.0,3809.0,66.32680700236233
63922.79480089501,154967.0,89606.0,3842.0,66.3369008704176
63922.80489476307,154990.0,89676.0,3834.0,66.34699473847286
63922.81498863112,154944.0,89636.0,3823.0,66.35708860652812
63922.825082499185,154988.0,89658.0,3812.0,66.36718247459066
63922.83517636724,154944.0,89671.0,3816.0,66.37727634264593
63922.845270235295,155026.0,89665.0,3822.0,66.38737021070119
63922.85536410335,154992.0,89670.0,3806.0,66.39746407875646
63922.86545797141,155004.0,89666.0,3808.0,66.407557946819
63922.87555183947,154992.0,89695.0,3825.0,66.41765181487426
63922.88564570752,154960.0,89633.0,3801.0,66.42774568292953
63922.89573957558,154966.0,89675.0,3810.0,66.43783955098479
63922.90583344364,154930.0,89656.0,3801.0,66.44793341904733
63922.9159273117,154959.0,89640.0,3805.0,66.4580272871026
63922.92602117975,154952.0,89617.0,3825.0,66.46812115515786
63922.93611504781,154943.0,89655.0,3841.0,66.47821502321312
63922.94620891586,154955.0,89642.0,3826.0,66.48830889126839
63922.956302783925,154934.0,89652.0,3808.0,66.49840275933093
63922.96639665198,154948.0,89660.0,3806.0,66.5084966273862
63922.976490520035,154919.0,89646.0,3787.0,66.51859049544146
63922.98658438809,154958.0,89665.0,3785.0,66.52868436349672
63922.99667825615,154961.0,89661.0,3799.0,66.53877823155926
63923.00677212421,154953.0,89667.0,3840.0,66.54887209961453
63923.016865992264,154984.0,89657.0,3790.0,66.55896596766979
63923.02695986032,155004.0,89683.0,3835.0,66.56905983572506
63923.03705372838,155003.0,89656.0,3809.0,66.5791537037876
63923.04714759644,155002.0,89644.0,3814.0,66.58924757184286
63923.05724146449,155051.0,89689.0,3798.0,66.59934143989813
63923.06733533255,155041.0,89691.0,3843.0,66.60943530795339
63923.07742920061,155019.0,89660.0,3807.0,66.61952917601593
63923.087523068665,155021.0,89647.0,3823.0,66.6296230440712
63923.09761693672,155057.0,89659.0,3841.0,66.63971691212646
63923.107710804776,155044.0,89648.0,3804.0,66.64981078018172
63923.11780467283,155062.0,89663.0,3835.0,66.65990464823699
63923.12789854089,155075.0,89697.0,3814.0,66.66999851629953
63923.13799240895,155061.0,89686.0,3825.0,66.6800923843548
63923.148086277004,155092.0,89674.0,3828.0,66.69018625241006
63923.15818014506,155087.0,89666.0,3839.0,66.70028012046532
63923.16827401312,155085.0,89668.0,3836.0,66.71037398852786
63923.17836788118,155100.0,89678.0,3841.0,66.72046785658313
63923.18846174923,155130.0,89696.0,3842.0,66.73056172463839
63923.19855561729,155120.0,89700.0,3859.0,66.74065559269366
63923.20864948535,155072.0,89652.0,3827.0,66.7507494607562
63923.218743353405,155082.0,89674.0,3831.0,66.76084332881146
63923.22883722146,155099.0,89663.0,3852.0,66.77093719686673
63923.238931089516,155094.0,89672.0,3838.0,66.78103106492199
63923.24902495757,155083.0,89661.0,3818.0,66.79112493297725
63923.259118825634,155140.0,89701.0,3840.0,66.8012188010398
63923.26921269369,155098.0,89650.0,3821.0,66.81131266909506
63923.279306561744,155122.0,89680.0,3842.0,66.82140653715032
63923.2894004298,155091.0,89678.0,3831.0,66.83150040520559
63923.29949429786,155128.0,89653.0,3860.0,66.84159427326813
63923.30958816592,155096.0,89667.0,3831.0,66.8516881413234
63923.31968203397,155120.0,89672.0,3852.0,66.86178200937866
63923.32977590203,155074.0,89699.0,3827.0,66.87187587743392
63923.33986977009,155107.0,89663.0,3838.0,66.88196974549646
63923.349963638146,155144.0,89718.0,3868.0,66.89206361355173
63923.3600575062,155143.0,89685.0,3844.0,66.90215748160699
63923.370151374256,155110.0,89668.0,3832.0,66.91225134966226
63923.38024524232,155166.0,89680.0,3846.0,66.9223452177248
63923.390339110374,155147.0,89676.0,3845.0,66.93243908578006
63923.40043297843,155158.0,89680.0,3847.0,66.94253295383533
63923.410526846485,155133.0,89699.0,3861.0,66.95262682189059
63923.42062071454,155192.0,89699.0,3878.0,66.96272068994585
63923.4307145826,155155.0,89675.0,3853.0,66.9728145580084
63923.44080845066,155173.0,89684.0,3876.0,66.98290842606366
63923.45090231871,155192.0,89700.0,3863.0,66.99300229411892
63923.46099618677,155147.0,89671.0,3839.0,67.00309616217419
63923.47109005483,155165.0,89688.0,3852.0,67.01319003023673
63923.481183922886,155207.0,89700.0,3839.0,67.023283898292
63923.49127779094,155204.0,89696.0,3863.0,67.03337776634726
63923.501371659,155186.0,89694.0,3884.0,67.04347163440252
63923.51146552706,155215.0,89685.0,3853.0,67.05356550246506
63923.521559395114,155191.0,89680.0,3856.0,67.06365937052033
63923.53165326317,155218.0,89697.0,3875.0,67.07375323857559
63923.541747131225,155132.0,89718.0,3869.0,67.08384710663086
63923.55184099928,155104.0,89654.0,3856.0,67.09394097468612
63923.56193486734,155049.0,89651.0,3822.0,67.10403484274866
63923.5720287354,154977.0,89656.0,3828.0,67.11412871080393
63923.58212260345,154904.0,89642.0,3847.0,67.12422257885919
63923.59221647151,154821.0,89614.0,3797.0,67.13431644691445
63923.60231033957,154817.0,89645.0,3827.0,67.144410314977
63923.612404207626,154779.0,89592.0,3802.0,67.15450418303226
63923.62249807568,154744.0,89573.0,3767.0,67.16459805108752
63923.63259194374,154757.0,89594.0,3770.0,67.17469191914279
63923.6426858118,154758.0,89614.0,3793.0,67.18478578720533
63923.652779679855,154767.0,89602.0,3787.0,67.19487965526059
63923.66287354791,154752.0,89569.0,3766.0,67.20497352331586
63923.672967415965,154800.0,89634.0,3804.0,67.21506739137112
63923.68306128403,154759.0,89588.0,3764.0,67.22516125943366
63923.69315515208,154811.0,89602.0,3789.0,67.23525512748893
63923.70324902014,154830.0,89643.0,3770.0,67.24534899554419
63923.71334288819,154836.0,89624.0,3812.0,67.25544286359946
63923.72343675625,154830.0,89619.0,3786.0,67.26553673165472
63923.73353062431,154830.0,89628.0,3790.0,67.27563059971726
63923.74362449237,154827.0,89609.0,3792.0,67.28572446777252
63923.75371836042,154787.0,89580.0,3767.0,67.29581833582779
63923.76381222848,154856.0,89637.0,3788.0,67.30591220388305
63923.77390609654,154859.0,89615.0,3786.0,67.3160060719456
63923.783999964595,154847.0,89614.0,3804.0,67.32609994000086
63923.79409383265,154848.0,89630.0,3786.0,67.33619380805612
63923.804187700705,154845.0,89600.0,3778.0,67.34628767611139
63923.81428156877,154860.0,89614.0,3787.0,67.35638154417393
63923.82437543682,154851.0,89627.0,3806.0,67.36647541222919
63923.83446930488,154870.0,89644.0,3798.0,67.37656928028446
63923.844563172934,154826.0,89586.0,3772.0,67.38666314833972
63923.854657040996,154818.0,89610.0,3784.0,67.39675701640226
63923.86475090905,154827.0,89619.0,3792.0,67.40685088445753
63923.87484477711,154802.0,89588.0,3782.0,67.41694475251279
63923.88493864516,154794.0,89577.0,3775.0,67.42703862056806
63923.89503251322,154810.0,89596.0,3788.0,67.43713248862332
63923.90512638128,154797.0,89600.0,3785.0,67.44722635668586
63923.915220249335,154788.0,89599.0,3774.0,67.45732022474112
63923.92531411739,154830.0,89630.0,3800.0,67.46741409279639
63923.935407985446,154812.0,89608.0,3784.0,67.47750796085165
63923.94550185351,154818.0,89586.0,3799.0,67.4876018289142
63923.95559572156,154823.0,89590.0,3787.0,67.49769569696946
63923.96568958962,154858.0,89646.0,3799.0,67.50778956502472
63923.975783457674,154862.0,89615.0,3780.0,67.51788343307999
63923.98587732574,154860.0,89599.0,3803.0,67.52797730114253
63923.99597119379,154889.0,89606.0,3793.0,67.53807116919779
63924.00606506185,154854.0,89587.0,3790.0,67.54816503725306
63924.0161589299,154887.0,89620.0,3802.0,67.55825890530832
63924.026252797965,154868.0,89628.0,3791.0,67.56835277337086
63924.03634666602,154908.0,89626.0,3818.0,67.57844664142613
63924.046440534075,154906.0,89639.0,3798.0,67.58854050948139
63924.05653440213,154943.0,89624.0,3811.0,67.59863437753665
63924.066628270186,154930.0,89654.0,3804.0,67.60872824559192
63924.07672213825,154914.0,89617.0,3802.0,67.61882211365446
63924.086816006304,154964.0,89639.0,3803.0,67.62891598170972
63924.09690987436,154921.0,89619.0,3794.0,67.63900984976499
63924.107003742414,154945.0,89631.0,3805.0,67.64910371782025
63924.11709761048,154932.0,89638.0,3797.0,67.6591975858828
63924.12719147853,154984.0,89623.0,3819.0,67.66929145393806
63924.13728534659,154931.0,89613.0,3779.0,67.67938532199332
63924.14737921464,154958.0,89634.0,3804.0,67.68947919004859
63924.157473082705,154966.0,89645.0,3815.0,67.69957305811113
63924.16756695076,154935.0,89621.0,3805.0,67.70966692616639
63924.177660818816,154928.0,89626.0,3796.0,67.71976079422166
63924.18775468687,154967.0,89637.0,3817.0,67.72985466227692
63924.19784855493,155006.0,89613.0,3825.0,67.73994853033946
63924.20794242299,154988.0,89661.0,3787.0,67.75004239839473
63924.218036291044,154999.0,89665.0,3831.0,67.76013626644999
63924.2281301591,154982.0,89632.0,3812.0,67.77023013450525
63924.238224027155,154974.0,89610.0,3807.0,67.78032400256052
63924.24831789522,155010.0,89672.0,3831.0,67.79041787062306
63924.25841176327,155019.0,89641.0,3831.0,67.80051173867832
63924.26850563133,154992.0,89628.0,3809.0,67.81060560673359
63924.27859949938,154991.0,89634.0,3812.0,67.82069947478885
63924.288693367445,155002.0,89652.0,3842.0,67.8307933428514
63924.2987872355,155007.0,89631.0,3812.0,67.84088721090666
63924.308881103556,155007.0,89648.0,3822.0,67.85098107896192
63924.31897497161,155016.0,89636.0,3831.0,67.86107494701719
63924.329068839674,154989.0,89637.0,3808.0,67.87116881507973
63924.33916270773,155013.0,89646.0,3784.0,67.88126268313499
63924.349256575784,155030.0,89650.0,3825.0,67.89135655119026
63924.35935044384,155020.0,89665.0,3852.0,67.90145041924552
63924.3694443119,155024.0,89635.0,3820.0,67.91154428730806
63924.37953817996,155063.0,89656.0,3843.0,67.92163815536333
63924.38963204801,155050.0,89655.0,3826.0,67.93173202341859
63924.39972591607,155045.0,89653.0,3800.0,67.94182589147385
63924.40981978412,155069.0,89660.0,3829.0,67.95191975952912
63924.419913652186,155040.0,89632.0,3821.0,67.96201362759166
63924.43000752024,155048.0,89657.0,3841.0,67.97210749564692
63924.440101388296,155070.0,89640.0,3838.0,67.98220136370219
63924.45019525635,155071.0,89654.0,3855.0,67.99229523175745
63924.460289124414,155005.0,89643.0,3813.0,68.00238909982
63924.47038299247,155015.0,89640.0,3838.0,68.01248296787526
63924.480476860525,154989.0,89636.0,3814.0,68.02257683593052
63924.49057072858,154890.0,89607.0,3795.0,68.03267070398579
63924.50066459664,154831.0,89586.0,3812.0,68.04276457204833
63924.5107584647,154800.0,89597.0,3801.0,68.05285844010359
63924.52085233275,154738.0,89576.0,3789.0,68.06295230815886
63924.53094620081,154675.0,89569.0,3790.0,68.07304617621412
63924.54104006887,154674.0,89585.0,3784.0,68.08314004427666
63924.551133936926,154626.0,89541.0,3803.0,68.09323391233193
63924.56122780498,154626.0,89565.0,3770.0,68.10332778038719
63924.57132167304,154626.0,89554.0,3757.0,68.11342164844245
63924.58141554109,154620.0,89548.0,3780.0,68.12351551649772
63924.591509409154,154594.0,89552.0,3743.0,68.13360938456026
63924.60160327721,154617.0,89518.0,3752.0,68.14370325261552
63924.611697145265,154661.0,89579.0,3755.0,68.15379712067079
63924.62179101332,154604.0,89552.0,3746.0,68.16389098872605
63924.63188488138,154688.0,89561.0,3772.0,68.17398485678859
63924.64197874944,154667.0,89576.0,3765.0,68.18407872484386
63924.65207261749,154650.0,89530.0,3752.0,68.19417259289912
63924.66216648555,154698.0,89555.0,3758.0,68.20426646095439
63924.67226035361,154705.0,89598.0,3794.0,68.21436032901693
63924.682354221666,154681.0,89576.0,3762.0,68.22445419707219
63924.69244808972,154690.0,89560.0,3770.0,68.23454806512746
63924.70254195778,154692.0,89588.0,3744.0,68.24464193318272
63924.71263582584,154712.0,89568.0,3736.0,68.25473580124526
63924.722729693895,154716.0,89568.0,3764.0,68.26482966930052
63924.73282356195,154736.0,89590.0,3767.0,68.27492353735579
63924.742917430005,154712.0,89584.0,3784.0,68.28501740541105
63924.75301129806,154705.0,89578.0,3761.0,68.29511127346632
63924.76310516612,154702.0,89566.0,3771.0,68.30520514152886
63924.77319903418,154733.0,89575.0,3775.0,68.31529900958412
63924.78329290223,154670.0,89551.0,3753.0,68.32539287763939
63924.79338677029,154714.0,89588.0,3777.0,68.33548674569465
63924.80348063835,154648.0,89546.0,3775.0,68.34558061375719
63924.81357450641,154647.0,89557.0,3777.0,68.35567448181246
63924.82366837446,154676.0,89584.0,3776.0,68.36576834986772
63924.83376224252,154676.0,89562.0,3754.0,68.37586221792299
63924.84385611058,154672.0,89577.0,3764.0,68.38595608598553
63924.853949978635,154673.0,89562.0,3745.0,68.39604995404079
63924.86404384669,154701.0,89578.0,3768.0,68.40614382209606
63924.874137714745,154669.0,89543.0,3741.0,68.41623769015132
63924.8842315828,154704.0,89577.0,3762.0,68.42633155820658
63924.89432545086,154685.0,89557.0,3741.0,68.43642542626912
63924.90441931892,154713.0,89567.0,3743.0,68.44651929432439
63924.91451318697,154724.0,89578.0,3759.0,68.45661316237965
63924.92460705503,154737.0,89573.0,3771.0,68.46670703043492
63924.93470092309,154731.0,89592.0,3780.0,68.47680089849746
63924.94479479115,154744.0,89585.0,3769.0,68.48689476655272
63924.9548886592,154732.0,89589.0,3771.0,68.49698863460799
63924.96498252726,154750.0,89582.0,3770.0,68.50708250266325
63924.97507639532,154787.0,89570.0,3795.0,68.51717637072579
63924.985170263375,154777.0,89583.0,3752.0,68.52727023878106
63924.99526413143,154777.0,89606.0,3796.0,68.53736410683632
63925.005357999486,154783.0,89595.0,3770.0,68.54745797489159
63925.01545186755,154744.0,89553.0,3762.0,68.55755184295413
63925.0255457356,154794.0,89571.0,3786.0,68.56764571100939
63925.03563960366,154784.0,89600.0,3761.0,68.57773957906466
63925.045733471714,154793.0,89593.0,3780.0,68.58783344711992
63925.05582733977,154822.0,89616.0,3785.0,68.59792731517518
63925.06592120783,154775.0,89584.0,3778.0,68.60802118323772
63925.07601507589,154767.0,89569.0,3769.0,68.61811505129299
63925.08610894394,154787.0,89584.0,3777.0,68.62820891934825
63925.096202812,154800.0,89613.0,3788.0,68.63830278740352
63925.10629668006,154796.0,89573.0,3776.0,68.64839665546606
63925.116390548115,154794.0,89594.0,3770.0,68.65849052352132
63925.12648441617,154799.0,89589.0,3793.0,68.66858439157659
63925.136578284226,154781.0,89583.0,3784.0,68.67867825963185
63925.14667215229,154838.0,89617.0,3823.0,68.68877212769439
63925.156766020344,154811.0,89612.0,3810.0,68.69886599574966
63925.1668598884,154792.0,89600.0,3749.0,68.70895986380492
63925.176953756454,154848.0,89607.0,3783.0,68.71905373186019
63925.18704762452,154847.0,89624.0,3771.0,68.72914759992273
63925.19714149257,154846.0,89600.0,3817.0,68.73924146797799
63925.20723536063,154831.0,89585.0,3801.0,68.74933533603325
63925.21732922868,154854.0,89620.0,3793.0,68.75942920408852
63925.22742309674,154872.0,89622.0,3783.0,68.76952307214378
63925.2375169648,154848.0,89590.0,3789.0,68.77961694020632
63925.247610832856,154870.0,89590.0,3812.0,68.78971080826159
63925.25770470091,154897.0,89618.0,3798.0,68.79980467631685
63925.267798568966,154901.0,89588.0,3818.0,68.80989854437212
63925.27789243703,154917.0,89631.0,3801.0,68.81999241243466
63925.287986305084,154918.0,89617.0,3822.0,68.83008628048992
63925.29808017314,154872.0,89602.0,3807.0,68.84018014854519
63925.308174041194,154851.0,89611.0,3814.0,68.85027401660045
63925.31826790926,154831.0,89599.0,3813.0,68.86036788466299
63925.32836177731,154729.0,89551.0,3784.0,68.87046175271826
63925.33845564537,154687.0,89544.0,3796.0,68.88055562077352
63925.34854951342,154636.0,89542.0,3750.0,68.89064948882879
63925.35864338148,154611.0,89529.0,3777.0,68.90074335688405
63925.36873724954,154592.0,89534.0,3766.0,68.91083722494659
63925.378831117596,154602.0,89537.0,3772.0,68.92093109300185
63925.38892498565,154581.0,89559.0,3781.0,68.93102496105712
63925.39901885371,154585.0,89527.0,3759.0,68.94111882911238
63925.40911272177,154602.0,89547.0,3749.0,68.95121269717492
63925.419206589824,154632.0,89557.0,3757.0,68.96130656523019
63925.42930045788,154614.0,89532.0,3747.0,68.97140043328545
63925.439394325935,154684.0,89566.0,3777.0,68.98149430134072
63925.449488194,154657.0,89567.0,3771.0,68.99158816940326
63925.45958206205,154669.0,89570.0,3774.0,69.00168203745852
63925.46967593011,154661.0,89576.0,3788.0,69.01177590551379
63925.47976979816,154701.0,89584.0,3800.0,69.02186977356905
63925.489863666226,154694.0,89574.0,3790.0,69.03196364163159
63925.49995753428,154689.0,89569.0,3777.0,69.04205750968686
63925.510051402336,154675.0,89583.0,3776.0,69.05215137774212
63925.52014527039,154671.0,89586.0,3796.0,69.06224524579738
63925.53023913845,154665.0,89599.0,3791.0,69.07233911385265
63925.54033300651,154696.0,89578.0,3778.0,69.08243298191519
63925.550426874564,154736.0,89589.0,3809.0,69.09252684997045
63925.56052074262,154697.0,89579.0,3771.0,69.10262071802572
63925.570614610675,154717.0,89589.0,3775.0,69.11271458608098
63925.58070847874,154716.0,89582.0,3781.0,69.12280845414352
63925.59080234679,154740.0,89600.0,3765.0,69.13290232219879
63925.60089621485,154706.0,89617.0,3768.0,69.14299619025405
63925.6109900829,154687.0,89576.0,3759.0,69.15309005830932
63925.621083950966,154690.0,89585.0,3778.0,69.16318392637186
63925.63117781902,154697.0,89564.0,3788.0,69.17327779442712
63925.64127168708,154675.0,89583.0,3788.0,69.18337166248239
63925.65136555513,154693.0,89611.0,3795.0,69.19346553053765
63925.661459423194,154667.0,89574.0,3759.0,69.20355939860019
63925.67155329125,154659.0,89607.0,3763.0,69.21365326665546
63925.681647159305,154703.0,89584.0,3784.0,69.22374713471072
63925.69174102736,154664.0,89561.0,3759.0,69.23384100276598
63925.701834895415,154674.0,89594.0,3801.0,69.24393487082125
63925.71192876348,154691.0,89599.0,3775.0,69.25402873888379
63925.72202263153,154689.0,89574.0,3771.0,69.26412260693905
63925.73211649959,154700.0,89607.0,3790.0,69.27421647499432
63925.74221036764,154713.0,89617.0,3779.0,69.28431034304958
63925.752304235706,154713.0,89588.0,3786.0,69.29440421111212
63925.76239810376,154740.0,89588.0,3740.0,69.30449807916739
63925.77249197182,154763.0,89613.0,3790.0,69.31459194722265
63925.78258583987,154724.0,89598.0,3803.0,69.32468581527792
63925.792679707934,154739.0,89597.0,3776.0,69.33477968334046
63925.80277357599,154723.0,89590.0,3794.0,69.34487355139572
63925.812867444045,154752.0,89620.0,3805.0,69.35496741945099
63925.8229613121,154775.0,89611.0,3764.0,69.36506128750625
63925.83305518016,154756.0,89594.0,3778.0,69.37515515556879
63925.84314904822,154741.0,89585.0,3781.0,69.38524902362406
63925.85324291627,154782.0,89604.0,3817.0,69.39534289167932
63925.86333678433,154791.0,89628.0,3805.0,69.40543675973458
63925.873430652384,154764.0,89623.0,3776.0,69.41553062778985
63925.88352452045,154763.0,89579.0,3785.0,69.42562449585239
63925.8936183885,154744.0,89574.0,3792.0,69.43571836390765
63925.90371225656,154784.0,89616.0,3828.0,69.44581223196292
63925.91380612461,154784.0,89611.0,3783.0,69.45590610001818
63925.923899992675,154758.0,89606.0,3787.0,69.46599996808072
63925.93399386073,154766.0,89605.0,3794.0,69.47609383613599
63925.944087728785,154805.0,89578.0,3783.0,69.48618770419125
63925.95418159684,154803.0,89603.0,3795.0,69.49628157224652
63925.9642754649,154827.0,89633.0,3799.0,69.50637544030906
63925.97436933296,154832.0,89618.0,3833.0,69.51646930836432
63925.98446320101,154792.0,89589.0,3803.0,69.52656317641959
63925.99455706907,154831.0,89609.0,3796.0,69.53665704447485
63926.00465093713,154796.0,89621.0,3793.0,69.54675091253739
63926.01474480519,154794.0,89588.0,3799.0,69.55684478059266
63926.02483867324,154815.0,89590.0,3782.0,69.56693864864792
63926.0349325413,154860.0,89612.0,3798.0,69.57703251670318
63926.04502640935,154843.0,89614.0,3792.0,69.58712638475845
63926.055120277415,154884.0,89646.0,3820.0,69.59722025282099
63926.06521414547,154846.0,89594.0,3809.0,69.60731412087625
63926.075308013526,154888.0,89625.0,3812.0,69.61740798893152
63926.08540188158,154875.0,89615.0,3794.0,69.62750185698678
63926.09549574964,154897.0,89644.0,3793.0,69.63759572504932
63926.1055896177,154923.0,89640.0,3837.0,69.64768959310459
63926.115683485754,154898.0,89624.0,3808.0,69.65778346115985
63926.12577735381,154871.0,89641.0,3798.0,69.66787732921512
63926.13587122187,154871.0,89626.0,3839.0,69.67797119727766
63926.14596508993,154778.0,89600.0,3795.0,69.68806506533292
63926.15605895798,154758.0,89595.0,3798.0,69.69815893338819
63926.16615282604,154670.0,89561.0,3762.0,69.70825280144345
63926.1762466941,154633.0,89571.0,3777.0,69.71834666950599
63926.186340562155,154592.0,89542.0,3756.0,69.72844053756126
63926.19643443021,154554.0,89545.0,3765.0,69.73853440561652
63926.206528298266,154521.0,89552.0,3761.0,69.74862827367178
63926.21662216632,154493.0,89529.0,3737.0,69.75872214172705
63926.22671603438,154477.0,89520.0,3737.0,69.76881600978959
63926.23680990244,154504.0,89539.0,3716.0,69.77890987784485
63926.246903770494,154484.0,89525.0,3767.0,69.78900374590012
63926.25699763855,154509.0,89548.0,3735.0,69.79909761395538
63926.26709150661,154520.0,89539.0,3725.0,69.80919148201792
63926.27718537467,154488.0,89535.0,3711.0,69.81928535007319
63926.28727924272,154536.0,89532.0,3720.0,69.82937921812845
63926.29737311078,154534.0,89566.0,3720.0,69.83947308618372
63926.30746697884,154516.0,89522.0,3731.0,69.84956695424626
63926.317560846896,154556.0,89546.0,3756.0,69.85966082230152
63926.32765471495,154522.0,89550.0,3728.0,69.86975469035679
63926.337748583006,154514.0,89527.0,3731.0,69.87984855841205
63926.34784245107,154476.0,3731.0,3726.0,69.88994242647459
63926.357936319124,154514.0,89564.0,3731.0,69.90003629452985
63926.36803018718,154514.0,89564.0,3731.0,69.91013016258512
63926.378124055234,154507.0,89535.0,3720.0,69.92022403064038
63926.38821792329,154473.0,89528.0,3731.0,69.93031789869565
63926.39831179135,154520.0,89544.0,3752.0,69.94041176675819
63926.40840565941,154524.0,89521.0,3735.0,69.95050563481345
63926.41849952746,154537.0,89567.0,3724.0,69.96059950286872
63926.42859339552,154514.0,89526.0,3724.0,69.97069337092398
63926.43868726358,154536.0,89562.0,3744.0,69.98078723898652
63926.448781131636,154531.0,89536.0,3707.0,69.99088110704179
63926.45887499969,154523.0,89558.0,3735.0,70.00097497509705
63926.468968867746,154514.0,89517.0,3700.0,70.01106884315232
63926.47906273581,154541.0,89577.0,3737.0,70.02116271121486
63926.489156603864,154530.0,89535.0,3744.0,70.03125657927012
63926.49925047192,154526.0,89545.0,3720.0,70.04135044732539
63926.509344339975,154560.0,89542.0,3743.0,70.05144431538065
63926.51943820803,154525.0,89552.0,3709.0,70.06153818343591
63926.52953207609,154550.0,89568.0,3731.0,70.07163205149845
63926.53962594415,154553.0,89550.0,3724.0,70.08172591955372
63926.5497198122,154543.0,89543.0,3727.0,70.09181978760898
63926.55981368026,154525.0,89576.0,3739.0,70.10191365566425
63926.56990754832,154577.0,89541.0,3725.0,70.11200752372679
63926.580001416376,154577.0,89556.0,3733.0,70.12210139178205
63926.59009528443,154559.0,89543.0,3742.0,70.13219525983732
63926.60018915249,154636.0,89538.0,3748.0,70.14228912789258
63926.61028302055,154589.0,89571.0,3732.0,70.15238299595512
63926.620376888604,154613.0,89561.0,3733.0,70.16247686401039
63926.63047075666,154612.0,89571.0,3762.0,70.17257073206565
63926.640564624715,154610.0,89545.0,3725.0,70.18266460012092
63926.65065849278,154610.0,89582.0,3739.0,70.19275846818346
63926.66075236083,154643.0,89575.0,3736.0,70.20285233623872
63926.67084622889,154624.0,89570.0,3732.0,70.21294620429398
63926.68094009694,154691.0,89582.0,3775.0,70.22304007234925
63926.691033965,154680.0,89605.0,3777.0,70.23313394040451
63926.70112783306,154656.0,89571.0,3749.0,70.24322780846705
63926.711221701116,154634.0,89561.0,3734.0,70.25332167652232
63926.72131556917,154681.0,89602.0,3773.0,70.26341554457758
63926.73140943723,154651.0,89576.0,3724.0,70.27350941263285
63926.74150330529,154685.0,89593.0,3752.0,70.28360328069539
63926.751597173345,154724.0,89597.0,3742.0,70.29369714875065
63926.7616910414,154703.0,89583.0,3769.0,70.30379101680592
63926.771784909455,154698.0,89587.0,3744.0,70.31388488486118
63926.78187877752,154708.0,89593.0,3755.0,70.32397875292372
63926.79197264557,154724.0,89614.0,3774.0,70.33407262097899
63926.80206651363,154683.0,89581.0,3745.0,70.34416648903425
63926.81216038168,154719.0,89595.0,3748.0,70.35426035708952
63926.822254249746,154751.0,89579.0,3799.0,70.36435422515206
63926.8323481178,154722.0,89614.0,3754.0,70.37444809320732
63926.84244198586,154737.0,89591.0,3763.0,70.38454196126258
63926.85253585391,154770.0,89602.0,3794.0,70.39463582931785
63926.86262972197,154771.0,89599.0,3760.0,70.40472969737311
63926.87272359003,154761.0,89592.0,3767.0,70.41482356543565
63926.882817458085,154795.0,89612.0,3756.0,70.42491743349092
63926.89291132614,154815.0,89624.0,3759.0,70.43501130154618
63926.903005194195,154809.0,89604.0,3756.0,70.44510516960145
63926.91309906226,154827.0,89634.0,3777.0,70.45519903766399
63926.92319293031,154856.0,89623.0,3771.0,70.46529290571925
63926.93328679837,154829.0,89637.0,3763.0,70.47538677377452
63926.943380666424,154876.0,89653.0,3767.0,70.48548064182978
63926.953474534486,154892.0,89655.0,3806.0,70.49557450989232
63926.96356840254,154861.0,89615.0,3792.0,70.50566837794759
63926.9736622706,154885.0,89645.0,3776.0,70.51576224600285
63926.98375613865,154904.0,89612.0,3798.0,70.52585611405812
63926.99385000671,154908.0,89641.0,3788.0,70.53594998211338
63927.00394387477,154887.0,89612.0,3792.0,70.54604385017592
63927.014037742825,154952.0,89661.0,3810.0,70.55613771823118
63927.02413161088,154920.0,89615.0,3783.0,70.56623158628645
63927.034225478936,154927.0,89648.0,3793.0,70.57632545434171
63927.044319347,154928.0,89654.0,3803.0,70.58641932240425
63927.05441321505,154892.0,89631.0,3802.0,70.59651319045952
63927.06450708311,154832.0,89625.0,3790.0,70.60660705851478
63927.074600951164,154761.0,89611.0,3769.0,70.61670092657005
63927.08469481923,154681.0,89616.0,3776.0,70.62679479463259
63927.09478868728,154608.0,89569.0,3764.0,70.63688866268785
63927.10488255534,154588.0,89588.0,3760.0,70.64698253074312
63927.11497642339,154532.0,89557.0,3737.0,70.65707639879838
63927.125070291455,154495.0,89524.0,3727.0,70.66717026686092
63927.13516415951,154503.0,89523.0,3730.0,70.67726413491619
63927.145258027565,154497.0,89574.0,3746.0,70.68735800297145
63927.15535189562,154495.0,89546.0,3728.0,70.69745187102671
63927.165445763676,154482.0,89539.0,3715.0,70.70754573908198
63927.17553963174,154513.0,89573.0,3738.0,70.71763960714452
63927.185633499794,154517.0,89548.0,3713.0,70.72773347519978
63927.19572736785,154527.0,89559.0,3715.0,70.73782734325505
63927.205821235904,154548.0,89545.0,3720.0,70.74792121131031
63927.21591510397,154503.0,89555.0,3739.0,70.75801507937285
63927.22600897202,154517.0,89543.0,3709.0,70.76810894742812
63927.23610284008,154530.0,89565.0,3725.0,70.77820281548338
63927.24619670813,154553.0,89543.0,3720.0,70.78829668353865
63927.256290576195,154518.0,89537.0,3720.0,70.79839055160119
63927.26638444425,154549.0,89545.0,3722.0,70.80848441965645
63927.276478312306,154542.0,89556.0,3724.0,70.81857828771172
63927.28657218036,154530.0,89551.0,3716.0,70.82867215576698
63927.29666604842,154579.0,89573.0,3771.0,70.83876602382952
63927.30675991648,154602.0,89587.0,3740.0,70.84885989188479
63927.316853784534,154566.0,89572.0,3734.0,70.85895375994005
63927.32694765259,154563.0,89559.0,3724.0,70.86904762799531
63927.337041520645,154609.0,89584.0,3750.0,70.87914149605058
63927.34713538871,154579.0,89562.0,3741.0,70.88923536411312
63927.35722925676,154569.0,89577.0,3702.0,70.89932923216838
63927.36732312482,154581.0,89596.0,3721.0,70.90942310022365
63927.37741699287,154560.0,89556.0,3715.0,70.91951696827891
63927.387510860935,154570.0,89560.0,3725.0,70.92961083634145
63927.39760472899,154587.0,89572.0,3741.0,70.93970470439672
63927.407698597046,154597.0,89606.0,3728.0,70.94979857245198
63927.4177924651,154557.0,89557.0,3718.0,70.95989244050725
63927.427886333164,154579.0,89607.0,3738.0,70.96998630856979
63927.43798020122,154589.0,89580.0,3718.0,70.98008017662505
63927.448074069274,154598.0,89590.0,3725.0,70.99017404468032
63927.45816793733,154606.0,89601.0,3733.0,71.00026791273558
63927.46826180539,154631.0,89612.0,3751.0,71.01036178079812
63927.47835567345,154609.0,89577.0,3730.0,71.02045564885339
63927.4884495415,154624.0,89595.0,3739.0,71.03054951690865
63927.49854340956,154655.0,89582.0,3750.0,71.04064338496391
63927.50863727761,154622.0,89606.0,3735.0,71.05073725301918
63927.518731145676,154666.0,89618.0,3725.0,71.06083112108172
63927.52882501373,154657.0,89605.0,3752.0,71.07092498913698
63927.538918881786,154661.0,89606.0,3746.0,71.08101885719225
63927.54901274984,154655.0,89588.0,3743.0,71.09111272524751
63927.559106617904,154696.0,89628.0,3771.0,71.10120659331005
63927.56920048596,154688.0,89612.0,3756.0,71.11130046136532
63927.579294354015,154694.0,89607.0,3737.0,71.12139432942058
63927.58938822207,154707.0,89603.0,3743.0,71.13148819747585
63927.59948209013,154691.0,89609.0,3746.0,71.14158206553839
63927.60957595819,154705.0,89627.0,3755.0,71.15167593359365
63927.61966982624,154676.0,89580.0,3731.0,71.16176980164892
63927.6297636943,154723.0,89631.0,3786.0,71.17186366970418
63927.63985756236,154686.0,89610.0,3741.0,71.18195753776672
63927.649951430416,154721.0,89615.0,3752.0,71.19205140582199
63927.66004529847,154731.0,89611.0,3729.0,71.20214527387725
63927.67013916653,154720.0,89618.0,3782.0,71.21223914193251
63927.68023303458,154727.0,89637.0,3775.0,71.22233300998778
63927.690326902644,154744.0,89606.0,3758.0,71.23242687805032
63927.7004207707,154765.0,89601.0,3768.0,71.24252074610558
63927.710514638755,154722.0,89601.0,3753.0,71.25261461416085
63927.72060850681,154771.0,89637.0,3759.0,71.26270848221611
63927.73070237487,154761.0,89626.0,3773.0,71.27280235027865
63927.74079624293,154783.0,89609.0,3771.0,71.28289621833392
63927.75089011098,154798.0,89645.0,3788.0,71.29299008638918
63927.76098397904,154833.0,89636.0,3785.0,71.30308395444445
63927.7710778471,154822.0,89650.0,3780.0,71.31317782250699
63927.781171715156,154818.0,89628.0,3750.0,71.32327169056225
63927.79126558321,154871.0,89660.0,3813.0,71.33336555861752
63927.80135945127,154845.0,89663.0,3782.0,71.34345942667278
63927.81145331933,154878.0,89639.0,3802.0,71.35355329473532
63927.821547187385,154889.0,89670.0,3793.0,71.36364716279058
63927.83164105544,154911.0,89639.0,3821.0,71.37374103084585
63927.841734923495,154875.0,89647.0,3775.0,71.38383489890111
63927.85182879155,154909.0,89672.0,3803.0,71.39392876695638
63927.86192265961,154953.0,89700.0,3804.0,71.40402263501892
63927.87201652767,154927.0,89648.0,3792.0,71.41411650307418
63927.88211039572,154956.0,89676.0,3835.0,71.42421037112945
63927.89220426378,154913.0,89685.0,3833.0,71.43430423918471
63927.90229813184,154933.0,89657.0,3810.0,71.44439810724725
63927.9123919999,154968.0,89670.0,3828.0,71.45449197530252
63927.92248586795,154972.0,89690.0,3807.0,71.46458584335778
63927.93257973601,154914.0,89668.0,3792.0,71.47467971141305
63927.94267360407,154844.0,89652.0,3815.0,71.48477357947559
63927.952767472125,154817.0,89660.0,3810.0,71.49486744753085
63927.96286134018,154726.0,89603.0,3779.0,71.50496131558612
63927.972955208235,154675.0,89612.0,3768.0,71.51505518364138
63927.9830490763,154614.0,89576.0,3769.0,71.52514905170392
63927.99314294435,154560.0,89564.0,3743.0,71.53524291975918
63928.00323681241,154569.0,89597.0,3785.0,71.54533678781445
63928.013330680464,154550.0,89578.0,3764.0,71.55543065586971
63928.02342454852,154482.0,89581.0,3773.0,71.56552452392498
63928.03351841658,154488.0,89563.0,3738.0,71.57561839198752
63928.04361228464,154512.0,89561.0,3751.0,71.58571226004278
63928.05370615269,154493.0,89570.0,3741.0,71.59580612809805
63928.06380002075,154520.0,89586.0,3743.0,71.60589999615331
63928.07389388881,154506.0,89601.0,3734.0,71.61599386421585
63928.083987756865,154504.0,89590.0,3733.0,71.62608773227112
63928.09408162492,154524.0,89573.0,3746.0,71.63618160032638
63928.104175492976,154523.0,89592.0,3735.0,71.64627546838165
63928.11426936104,154526.0,89604.0,3754.0,71.65636933644419
63928.12436322909,154490.0,89569.0,3735.0,71.66646320449945
63928.13445709715,154495.0,89580.0,3718.0,71.67655707255471
63928.144550965204,154520.0,89579.0,3725.0,71.68665094060998
63928.15464483327,154547.0,89544.0,3756.0,71.69674480867252
63928.16473870132,154504.0,89570.0,3739.0,71.70683867672778
63928.17483256938,154567.0,89599.0,3729.0,71.71693254478305
63928.18492643743,154551.0,89582.0,3733.0,71.72702641283831
63928.19502030549,154548.0,89577.0,3724.0,71.73712028089358
63928.20511417355,154577.0,89611.0,3760.0,71.74721414895612
63928.215208041605,154592.0,89572.0,3759.0,71.75730801701138
63928.22530190966,154578.0,89598.0,3737.0,71.76740188506665
63928.235395777716,154571.0,89601.0,3719.0,71.77749575312191
63928.24548964578,154560.0,89581.0,3734.0,71.78758962118445
63928.255583513834,154528.0,89564.0,3736.0,71.79768348923972
63928.26567738189,154574.0,89603.0,3734.0,71.80777735729498
63928.275771249944,154538.0,89609.0,3738.0,71.81787122535025
63928.28586511801,154556.0,89567.0,3712.0,71.82796509341279
63928.29595898606,154549.0,89577.0,3732.0,71.83805896146805
63928.30605285412,154555.0,89598.0,3738.0,71.84815282952331
63928.31614672217,154565.0,89582.0,3752.0,71.85824669757858
63928.32624059023,154542.0,89571.0,3713.0,71.86834056563384
63928.33633445829,154578.0,89589.0,3726.0,71.87843443369638
63928.346428326346,154585.0,89603.0,3746.0,71.88852830175165
63928.3565221944,154601.0,89608.0,3734.0,71.89862216980691
63928.366616062456,154593.0,89576.0,3748.0,71.90871603786218
63928.37670993052,154618.0,89603.0,3731.0,71.91880990592472
63928.386803798574,154633.0,89609.0,3750.0,71.92890377397998
63928.39689766663,154656.0,89638.0,3752.0,71.93899764203525
63928.406991534684,154631.0,89642.0,3759.0,71.94909151009051
63928.41708540275,154673.0,89635.0,3767.0,71.95918537815305
63928.4271792708,154653.0,89616.0,3761.0,71.96927924620832
63928.43727313886,154680.0,89637.0,3769.0,71.97937311426358
63928.44736700691,154684.0,89628.0,3785.0,71.98946698231885
63928.457460874975,154684.0,89642.0,3767.0,71.99956085038139
63928.46755474303,154693.0,89622.0,3758.0,72.00965471843665
63928.477648611086,154680.0,89629.0,3769.0,72.01974858649191
63928.48774247914,154691.0,89626.0,3770.0,72.02984245454718
63928.4978363472,154729.0,89643.0,3751.0,72.03993632260244
63928.50793021526,154709.0,89629.0,3787.0,72.05003019066498
63928.518024083314,154715.0,89605.0,3800.0,72.06012405872025
63928.52811795137,154722.0,89626.0,3778.0,72.07021792677551
63928.538211819425,154745.0,89626.0,3792.0,72.08031179483078
63928.54830568749,154716.0,89643.0,3767.0,72.09040566289332
63928.55839955554,154749.0,89626.0,3787.0,72.10049953094858
63928.5684934236,154769.0,89667.0,3783.0,72.11059339900385
63928.57858729165,154747.0,89613.0,3814.0,72.12068726705911
63928.588681159716,154751.0,89626.0,3766.0,72.13078113512165
63928.59877502777,154763.0,89645.0,3788.0,72.14087500317692
63928.608868895826,154788.0,89650.0,3777.0,72.15096887123218
63928.61896276388,154756.0,89625.0,3766.0,72.16106273928744
63928.62905663194,154772.0,89627.0,3793.0,72.17115660734271
63928.6391505,154802.0,89650.0,3786.0,72.18125047540525
63928.649244368054,154780.0,89646.0,3803.0,72.19134434346051
63928.65933823611,154814.0,89675.0,3817.0,72.20143821151578
63928.669432104165,154794.0,89628.0,3794.0,72.21153207957104
63928.67952597223,154819.0,89658.0,3800.0,72.22162594763358
63928.68961984028,154793.0,89642.0,3786.0,72.23171981568885
63928.69971370834,154829.0,89667.0,3802.0,72.24181368374411
63928.70980757639,154770.0,89625.0,3794.0,72.25190755179938
63928.719901444456,154744.0,89622.0,3785.0,72.26200141986192
63928.72999531251,154683.0,89639.0,3764.0,72.27209528791718
63928.74008918057,154647.0,89609.0,3766.0,72.28218915597245
63928.75018304862,154616.0,89615.0,3786.0,72.29228302402771
63928.760276916684,154553.0,89589.0,3768.0,72.30237689209025
63928.77037078474,154526.0,89615.0,3778.0,72.31247076014552
63928.780464652795,154466.0,89573.0,3717.0,72.32256462820078
63928.79055852085,154450.0,89569.0,3748.0,72.33265849625604
63928.800652388905,154464.0,89578.0,3734.0,72.34275236431131
63928.81074625697,154467.0,89559.0,3726.0,72.35284623237385
63928.82084012502,154485.0,89604.0,3744.0,72.36294010042911
63928.83093399308,154423.0,89549.0,3689.0,72.37303396848438
63928.84102786113,154469.0,89578.0,3736.0,72.38312783653964
63928.851121729196,154454.0,89579.0,3721.0,72.39322170460218
63928.86121559725,154500.0,89572.0,3730.0,72.40331557265745
63928.87130946531,154501.0,89620.0,3753.0,72.41340944071271
63928.88140333336,154526.0,89611.0,3732.0,72.42350330876798
63928.891497201424,154535.0,89581.0,3723.0,72.43359717683052
63928.90159106948,154535.0,89616.0,3743.0,72.44369104488578
63928.911684937535,154494.0,89600.0,3721.0,72.45378491294105
63928.92177880559,154541.0,89607.0,3737.0,72.46387878099631
63928.93187267365,154587.0,89606.0,3751.0,72.47397264905885
63928.94196654171,154570.0,89612.0,3721.0,72.48406651711412
63928.95206040976,154595.0,89625.0,3746.0,72.49416038516938
63928.96215427782,154571.0,89585.0,3732.0,72.50425425322464
63928.972248145874,154537.0,89627.0,3767.0,72.51434812127991
63928.98234201394,154570.0,89590.0,3730.0,72.52444198934245
63928.99243588199,154575.0,89604.0,3740.0,72.53453585739771
63929.00252975005,154572.0,89615.0,3745.0,72.54462972545298
63929.0126236181,154551.0,89590.0,3734.0,72.55472359350824
63929.022717486165,154586.0,89621.0,3749.0,72.56481746157078
63929.03281135422,154525.0,89581.0,3727.0,72.57491132962605
63929.042905222275,154543.0,89613.0,3735.0,72.58500519768131
63929.05299909033,154519.0,89626.0,3737.0,72.59509906573658
63929.06309295839,154512.0,89588.0,3716.0,72.60519293379912
63929.07318682645,154564.0,89613.0,3721.0,72.61528680185438
63929.0832806945,154550.0,89619.0,3761.0,72.62538066990965
63929.09337456256,154534.0,89602.0,3723.0,72.63547453796491
63929.10346843062,154531.0,89589.0,3728.0,72.64556840602745
63929.11356229868,154543.0,89613.0,3743.0,72.65566227408272
63929.12365616673,154607.0,89617.0,3768.0,72.66575614213798
63929.13375003479,154607.0,89630.0,3755.0,72.67585001019324
63929.14384390284,154633.0,89654.0,3754.0,72.68594387824851
63929.153937770905,154607.0,89606.0,3741.0,72.69603774631105
63929.16403163896,154630.0,89623.0,3769.0,72.70613161436631
63929.174125507016,154645.0,89642.0,3771.0,72.71622548242158
63929.18421937507,154620.0,89640.0,3751.0,72.72631935047684
63929.19431324313,154682.0,89649.0,3780.0,72.73641321853938
63929.20440711119,154663.0,89615.0,3752.0,72.74650708659465
63929.214500979244,154673.0,89639.0,3762.0,72.75660095464991
63929.2245948473,154636.0,89605.0,3778.0,72.76669482270518
63929.23468871536,154685.0,89639.0,3774.0,72.77678869076772
63929.24478258342,154688.0,89620.0,3774.0,72.78688255882298
63929.25487645147,154706.0,89655.0,3779.0,72.79697642687825
63929.26497031953,154662.0,89619.0,3749.0,72.80707029493351
63929.27506418759,154731.0,89678.0,3795.0,72.81716416299605
63929.285158055645,154723.0,89663.0,3798.0,72.82725803105131
63929.2952519237,154716.0,89655.0,3783.0,72.83735189910658
63929.305345791756,154704.0,89660.0,3781.0,72.84744576716184
63929.31543965981,154709.0,89657.0,3771.0,72.85753963521711
63929.32553352787,154719.0,89673.0,3794.0,72.86763350327965
63929.33562739593,154745.0,89651.0,3784.0,72.87772737133491
63929.345721263984,154720.0,89632.0,3795.0,72.88782123939018
63929.35581513204,154769.0,89674.0,3805.0,72.89791510744544
63929.3659090001,154734.0,89633.0,3772.0,72.90800897550798
63929.37600286816,154765.0,89659.0,3782.0,72.91810284356325
63929.38609673621,154777.0,89653.0,3793.0,72.92819671161851
63929.39619060427,154767.0,89682.0,3781.0,72.93829057967378
63929.40628447233,154794.0,89680.0,3800.0,72.94838444773632
63929.416378340386,154803.0,89675.0,3790.0,72.95847831579158
63929.42647220844,154783.0,89681.0,3816.0,72.96857218384685
63929.436566076496,154821.0,89678.0,3810.0,72.97866605190211
63929.44665994456,154768.0,89653.0,3797.0,72.98875991996465
63929.456753812614,154750.0,89661.0,3789.0,72.99885378801991
63929.46684768067,154687.0,89633.0,3767.0,73.00894765607518
63929.476941548724,154632.0,89609.0,3775.0,73.01904152413044
63929.48703541678,154608.0,89635.0,3766.0,73.02913539218571
63929.49712928484,154514.0,89588.0,3762.0,73.03922926024825
63929.5072231529,154456.0,89576.0,3739.0,73.04932312830351
63929.51731702095,154428.0,89604.0,3769.0,73.05941699635878
63929.52741088901,154391.0,89566.0,3717.0,73.06951086441404
63929.53750475707,154375.0,89576.0,3721.0,73.07960473247658
63929.547598625126,154402.0,89589.0,3707.0,73.08969860053185
63929.55769249318,154366.0,89577.0,3702.0,73.09979246858711
63929.567786361236,154355.0,89572.0,3695.0,73.10988633664238
63929.5778802293,154381.0,89582.0,3717.0,73.11998020470492
63929.587974097354,154402.0,89576.0,3729.0,73.13007407276018
63929.59806796541,154357.0,89574.0,3684.0,73.14016794081545
63929.608161833465,154403.0,89620.0,3710.0,73.15026180887071
63929.61825570153,154405.0,89584.0,3708.0,73.16035567693325
63929.62834956958,154394.0,89561.0,3760.0,73.17044954498851
63929.63844343764,154363.0,89586.0,3700.0,73.18054341304378
63929.64853730569,154358.0,89575.0,3714.0,73.19063728109904
63929.65863117375,154365.0,89580.0,3695.0,73.20073114915431
63929.66872504181,154358.0,89547.0,3703.0,73.21082501721685
63929.678818909866,154374.0,89566.0,3702.0,73.22091888527211
63929.68891277792,154361.0,89567.0,3685.0,73.23101275332738
63929.69900664598,154391.0,89584.0,3709.0,73.24110662138264
63929.70910051404,154400.0,89621.0,3706.0,73.25120048944518
63929.719194382094,154429.0,89565.0,3705.0,73.26129435750045
63929.72928825015,154414.0,89566.0,3698.0,73.27138822555571
63929.739382118205,154396.0,89576.0,3691.0,73.28148209361098
63929.74947598627,154424.0,89598.0,3714.0,73.29157596167352
63929.75956985432,154454.0,89616.0,3726.0,73.30166982972878
63929.76966372238,154419.0,89592.0,3725.0,73.31176369778404
63929.77975759043,154399.0,89566.0,3705.0,73.32185756583931
63929.789851458496,154427.0,89597.0,3705.0,73.33195143390185
63929.79994532655,154389.0,89582.0,3709.0,73.34204530195711
63929.810039194606,154441.0,89588.0,3728.0,73.35213917001238
63929.82013306266,154401.0,89595.0,3689.0,73.36223303806764
63929.83022693072,154419.0,89596.0,3708.0,73.37232690612291
63929.84032079878,154366.0,89580.0,3698.0,73.38242077418545
63929.850414666835,154421.0,89567.0,3713.0,73.39251464224071
63929.86050853489,154481.0,89623.0,3726.0,73.40260851029598
63929.870602402945,154449.0,89604.0,3715.0,73.41270237835124
63929.88069627101,154442.0,89625.0,3733.0,73.42279624641378
63929.89079013906,154452.0,89616.0,3721.0,73.43289011446905
63929.90088400712,154519.0,89632.0,3758.0,73.44298398252431
63929.91097787517,154496.0,89609.0,3723.0,73.45307785057958
63929.921071743236,154468.0,89603.0,3748.0,73.46317171864212
63929.93116561129,154535.0,89631.0,3759.0,73.47326558669738
63929.94125947935,154496.0,89602.0,3719.0,73.48335945475264
63929.9513533474,154541.0,89626.0,3732.0,73.49345332280791
63929.96144721546,154534.0,89660.0,3734.0,73.50354719086317
63929.97154108352,154537.0,89618.0,3741.0,73.51364105892571
63929.981634951575,154547.0,89631.0,3709.0,73.52373492698098
63929.99172881963,154565.0,89629.0,3742.0,73.53382879503624
63930.001822687685,154565.0,89646.0,3765.0,73.54392266309151
63930.01191655575,154540.0,89634.0,3732.0,73.55401653115405
63930.0220104238,154598.0,89645.0,3765.0,73.56411039920931
63930.03210429186,154578.0,89654.0,3739.0,73.57420426726458
63930.042198159914,154560.0,89633.0,3734.0,73.58429813531984
63930.05229202798,154587.0,89643.0,3728.0,73.59439200338238
63930.06238589603,154590.0,89653.0,3771.0,73.60448587143765
63930.07247976409,154613.0,89656.0,3747.0,73.61457973949291
63930.08257363214,154637.0,89660.0,3777.0,73.62467360754817
63930.092667500205,154627.0,89683.0,3763.0,73.63476747561072
63930.10276136826,154603.0,89657.0,3730.0,73.64486134366598
63930.112855236315,154643.0,89664.0,3749.0,73.65495521172124
63930.12294910437,154676.0,89682.0,3743.0,73.66504907977651
63930.133042972426,154655.0,89655.0,3777.0,73.67514294783177
63930.14313684049,154658.0,89670.0,3748.0,73.68523681589431
63930.15323070854,154681.0,89666.0,3763.0,73.69533068394958
63930.1633245766,154698.0,89650.0,3772.0,73.70542455200484
63930.173418444654,154663.0,89639.0,3750.0,73.7155184200601
63930.18351231272,154665.0,89663.0,3755.0,73.72561228812265
63930.19360618077,154692.0,89678.0,3759.0,73.73570615617791
63930.20370004883,154691.0,89664.0,3770.0,73.74580002423318
63930.21379391688,154695.0,89667.0,3767.0,73.75589389228844
63930.223887784945,154673.0,89658.0,3777.0,73.76598776035098
63930.233981653,154593.0,89661.0,3742.0,73.77608162840625
63930.244075521055,154577.0,89625.0,3753.0,73.78617549646151
63930.25416938911,154512.0,89649.0,3763.0,73.79626936451677
63930.264263257166,154446.0,89630.0,3768.0,73.80636323257204
63930.27435712523,154401.0,89612.0,3727.0,73.81645710063458
63930.284450993284,154355.0,89624.0,3708.0,73.82655096868984
63930.29454486134,154324.0,89555.0,3694.0,73.83664483674511
63930.304638729394,154307.0,89572.0,3704.0,73.84673870480037
63930.31473259746,154324.0,89595.0,3709.0,73.85683257286291
63930.32482646551,154295.0,89590.0,3697.0,73.86692644091818
63930.33492033357,154290.0,89570.0,3697.0,73.87702030897344
63930.34501420162,154323.0,89611.0,3720.0,73.8871141770287
63930.355108069685,154323.0,89574.0,3683.0,73.89720804509125
63930.36520193774,154326.0,89599.0,3693.0,73.90730191314651
63930.375295805796,154339.0,89610.0,3712.0,73.91739578120178
63930.38538967385,154326.0,89595.0,3711.0,73.92748964925704
63930.39548354191,154326.0,89594.0,3667.0,73.93758351731958
63930.40557740997,154334.0,89600.0,3698.0,73.94767738537485
63930.415671278024,154366.0,89595.0,3720.0,73.95777125343011
63930.42576514608,154316.0,89561.0,3701.0,73.96786512148537
63930.435859014135,154309.0,89567.0,3682.0,73.97795898954064
63930.4459528822,154321.0,89595.0,3692.0,73.98805285760318
63930.45604675025,154331.0,89585.0,3703.0,73.99814672565844
63930.46614061831,154324.0,89625.0,3689.0,74.00824059371371
63930.47623448636,154379.0,89610.0,3718.0,74.01833446176897
63930.486328354425,154363.0,89605.0,3704.0,74.02842832983151
63930.49642222248,154362.0,89585.0,3696.0,74.03852219788678
63930.506516090536,154394.0,89614.0,3710.0,74.04861606594204
63930.51660995859,154373.0,89611.0,3705.0,74.0587099339973
63930.526703826654,154378.0,89623.0,3695.0,74.06880380205985
63930.53679769471,154330.0,89607.0,3695.0,74.07889767011511
63930.546891562764,154389.0,89614.0,3727.0,74.08899153817038
63930.55698543082,154354.0,89601.0,3714.0,74.09908540622564
63930.56707929888,154390.0,89611.0,3712.0,74.10917927428818
63930.57717316694,154363.0,89627.0,3707.0,74.11927314234345
63930.58726703499,154337.0,89569.0,3682.0,74.12936701039871
63930.59736090305,154332.0,89602.0,3686.0,74.13946087845397
63930.6074547711,154375.0,89622.0,3715.0,74.14955474650924
63930.617548639166,154409.0,89603.0,3712.0,74.15964861457178
63930.62764250722,154395.0,89620.0,3687.0,74.16974248262704
63930.637736375276,154441.0,89649.0,3729.0,74.17983635068231
63930.64783024333,154430.0,89630.0,3713.0,74.18993021873757
63930.657924111394,154406.0,89616.0,3698.0,74.20002408680011
63930.66801797945,154444.0,89638.0,3729.0,74.21011795485538
63930.678111847505,154441.0,89624.0,3695.0,74.22021182291064
63930.68820571556,154484.0,89642.0,3710.0,74.2303056909659
63930.69829958362,154516.0,89648.0,3712.0,74.24039955902845
63930.70839345168,154471.0,89644.0,3751.0,74.25049342708371
63930.71848731973,154467.0,89611.0,3705.0,74.26058729513898
63930.72858118779,154513.0,89648.0,3728.0,74.27068116319424
63930.73867505585,154532.0,89667.0,3733.0,74.28077503125678
63930.748768923906,154509.0,89628.0,3719.0,74.29086889931204
63930.75886279196,154541.0,89666.0,3705.0,74.30096276736731
63930.76895666002,154554.0,89656.0,3719.0,74.31105663542257
63930.77905052807,154528.0,89647.0,3743.0,74.32115050347784
63930.789144396134,154554.0,89656.0,3730.0,74.33124437154038
63930.79923826419,154577.0,89632.0,3766.0,74.34133823959564
63930.809332132245,154524.0,89647.0,3725.0,74.35143210765091
63930.8194260003,154573.0,89649.0,3745.0,74.36152597570617
63930.82951986836,154590.0,89670.0,3704.0,74.37161984376871
63930.83961373642,154566.0,89659.0,3761.0,74.38171371182398
63930.84970760447,154580.0,89668.0,3740.0,74.39180757987924
63930.85980147253,154603.0,89674.0,3752.0,74.4019014479345
63930.86989534059,154619.0,89656.0,3750.0,74.41199531599705
63930.879989208646,154624.0,89653.0,3750.0,74.42208918405231
63930.8900830767,154651.0,89673.0,3758.0,74.43218305210758
63930.90017694476,154638.0,89675.0,3762.0,74.44227692016284
63930.91027081282,154615.0,89658.0,3731.0,74.45237078822538
63930.920364680875,154652.0,89684.0,3752.0,74.46246465628064
63930.93045854893,154681.0,89696.0,3768.0,74.47255852433591
63930.940552416985,154673.0,89687.0,3757.0,74.48265239239117
63930.95064628504,154641.0,89665.0,3754.0,74.49274626044644
63930.9607401531,154695.0,89707.0,3740.0,74.50284012850898
63930.97083402116,154686.0,89653.0,3771.0,74.51293399656424
63930.98092788921,154667.0,89679.0,3775.0,74.52302786461951
63930.99102175727,154678.0,89694.0,3782.0,74.53312173267477
63931.00111562533,154629.0,89657.0,3759.0,74.54321560073731
63931.01120949339,154534.0,89632.0,3747.0,74.55330946879258
63931.02130336144,154500.0,89645.0,3738.0,74.56340333684784
63931.0313972295,154469.0,89649.0,3751.0,74.5734972049031
63931.04149109756,154389.0,89599.0,3723.0,74.58359107296565
63931.051584965615,154370.0,89631.0,3739.0,74.59368494102091
63931.06167883367,154344.0,89606.0,3712.0,74.60377880907618
63931.071772701725,154301.0,89580.0,3691.0,74.61387267713144
63931.08186656979,154278.0,89582.0,3727.0,74.62396654519398
63931.09196043784,154334.0,89618.0,3719.0,74.63406041324924
63931.1020543059,154300.0,89589.0,3690.0,74.64415428130451
63931.112148173954,154284.0,89602.0,3677.0,74.65424814935977
63931.12224204201,154344.0,89634.0,3731.0,74.66434201741504
63931.13233591007,154334.0,89588.0,3690.0,74.67443588547758
63931.14242977813,154348.0,89613.0,3702.0,74.68452975353284
63931.15252364618,154352.0,89610.0,3707.0,74.69462362158811
63931.16261751424,154347.0,89609.0,3707.0,74.70471748964337
63931.1727113823,154336.0,89621.0,3679.0,74.71481135770591
63931.182805250355,154365.0,89621.0,3710.0,74.72490522576118
63931.19289911841,154382.0,89627.0,3693.0,74.73499909381644
63931.202992986466,154345.0,89629.0,3695.0,74.7450929618717
63931.21308685453,154400.0,89635.0,3728.0,74.75518682993425
63931.22318072258,154394.0,89633.0,3703.0,74.76528069798951
63931.23327459064,154376.0,89633.0,3710.0,74.77537456604477
63931.243368458694,154384.0,89628.0,3692.0,74.78546843410004
63931.25346232676,154452.0,89640.0,3722.0,74.79556230216258
63931.26355619481,154428.0,89645.0,3726.0,74.80565617021784
63931.27365006287,154421.0,89634.0,3698.0,74.81575003827311
63931.28374393092,154458.0,89647.0,3744.0,74.82584390632837
63931.29383779898,154415.0,89640.0,3722.0,74.83593777438364
63931.30393166704,154422.0,89643.0,3713.0,74.84603164244618
63931.314025535095,154433.0,89655.0,3726.0,74.85612551050144
63931.32411940315,154426.0,89656.0,3731.0,74.8662193785567
63931.334213271206,154404.0,89625.0,3718.0,74.87631324661197
63931.34430713927,154426.0,89638.0,3718.0,74.88640711467451
63931.354401007324,154421.0,89630.0,3723.0,74.89650098272978
63931.36449487538,154380.0,89614.0,3691.0,74.90659485078504
63931.374588743434,154402.0,89652.0,3694.0,74.9166887188403
63931.3846826115,154422.0,89653.0,3705.0,74.92678258690285
63931.39477647955,154446.0,89630.0,3727.0,74.93687645495811
63931.40487034761,154495.0,89679.0,3700.0,74.94697032301337
63931.41496421566,154489.0,89676.0,3742.0,74.95706419106864
63931.425058083725,154462.0,89657.0,3733.0,74.96715805913118
63931.43515195178,154516.0,89664.0,3735.0,74.97725192718644
63931.445245819836,154484.0,89694.0,3718.0,74.98734579524171
63931.45533968789,154510.0,89661.0,3717.0,74.99743966329697
63931.465433555946,154532.0,89663.0,3731.0,75.00753353135224
63931.47552742401,154553.0,89683.0,3740.0,75.01762739941478
63931.485621292064,154551.0,89690.0,3769.0,75.02772126747004
63931.49571516012,154534.0,89661.0,3722.0,75.0378151355253
63931.505809028175,154553.0,89641.0,3726.0,75.04790900358057
63931.51590289624,154583.0,89675.0,3749.0,75.05800287164311
63931.52599676429,154602.0,89666.0,3750.0,75.06809673969838
63931.53609063235,154609.0,89680.0,3731.0,75.07819060775364
63931.5461845004,154639.0,89712.0,3770.0,75.0882844758089
63931.556278368465,154623.0,89698.0,3756.0,75.09837834387145
63931.56637223652,154625.0,89708.0,3755.0,75.10847221192671
63931.576466104576,154627.0,89711.0,3766.0,75.11856607998197
63931.58655997263,154618.0,89664.0,3749.0,75.12865994803724
63931.59665384069,154644.0,89700.0,3769.0,75.1387538160925
63931.60674770875,154642.0,89699.0,3731.0,75.14884768415504
63931.616841576804,154671.0,89709.0,3790.0,75.15894155221031
63931.62693544486,154629.0,89686.0,3758.0,75.16903542026557
63931.637029312915,154655.0,89704.0,3743.0,75.17912928832084
63931.64712318098,154689.0,89716.0,3780.0,75.18922315638338
63931.65721704903,154659.0,89687.0,3747.0,75.19931702443864
63931.66731091709,154709.0,89729.0,3760.0,75.2094108924939
63931.67740478514,154712.0,89709.0,3782.0,75.21950476054917
63931.687498653206,154705.0,89729.0,3797.0,75.22959862861171
63931.69759252126,154710.0,89719.0,3767.0,75.23969249666698
63931.707686389316,154710.0,89694.0,3782.0,75.24978636472224
63931.71778025737,154746.0,89720.0,3784.0,75.2598802327775
63931.727874125434,154741.0,89727.0,3771.0,75.26997410084005
63931.73796799349,154749.0,89732.0,3775.0,75.28006796889531
63931.748061861545,154754.0,89717.0,3781.0,75.29016183695057
63931.7581557296,154764.0,89736.0,3792.0,75.30025570500584
63931.768249597655,154782.0,89730.0,3780.0,75.3103495730611
63931.77834346572,154771.0,89725.0,3799.0,75.32044344112364
63931.78843733377,154744.0,89721.0,3790.0,75.33053730917891
63931.79853120183,154666.0,89719.0,3777.0,75.34063117723417
63931.80862506988,154626.0,89709.0,3754.0,75.35072504528944
63931.818718937946,154529.0,89658.0,3746.0,75.36081891335198
63931.828812806,154476.0,89645.0,3745.0,75.37091278140724
63931.83890667406,154441.0,89656.0,3744.0,75.3810066494625
63931.84900054211,154407.0,89663.0,3743.0,75.39110051751777
63931.859094410174,154371.0,89619.0,3725.0,75.40119438558031
63931.86918827823,154386.0,89665.0,3696.0,75.41128825363558
63931.879282146285,154355.0,89631.0,3724.0,75.42138212169084
63931.88937601434,154329.0,89634.0,3722.0,75.4314759897461
63931.8994698824,154377.0,89678.0,3752.0,75.44156985780864
63931.90956375046,154362.0,89648.0,3689.0,75.45166372586391
63931.91965761851,154368.0,89651.0,3697.0,75.46175759391917
63931.92975148657,154370.0,89628.0,3712.0,75.47185146197444
63931.939845354624,154408.0,89684.0,3702.0,75.4819453300297
63931.949939222686,154382.0,89630.0,3698.0,75.49203919809224
63931.96003309074,154402.0,89667.0,3712.0,75.50213306614751
63931.9701269588,154403.0,89677.0,3721.0,75.51222693420277
63931.98022082685,154419.0,89647.0,3717.0,75.52232080225804
63931.990314694915,154424.0,89660.0,3717.0,75.53241467032058
63932.00040856297,154425.0,89675.0,3730.0,75.54250853837584
63932.010502431025,154404.0,89668.0,3714.0,75.5526024064311
63932.02059629908,154382.0,89654.0,3696.0,75.56269627448637
63932.03069016714,154425.0,89676.0,3720.0,75.57279014254891
63932.0407840352,154394.0,89658.0,3752.0,75.58288401060418
63932.05087790325,154452.0,89678.0,3722.0,75.59297787865944
63932.06097177131,154442.0,89678.0,3743.0,75.6030717467147
63932.071065639364,154485.0,89687.0,3736.0,75.61316561476997
63932.08115950743,154426.0,89668.0,3727.0,75.62325948283251
63932.09125337548,154448.0,89671.0,3730.0,75.63335335088777
63932.10134724354,154485.0,89648.0,3739.0,75.64344721894304
63932.11144111159,154443.0,89678.0,3707.0,75.6535410869983
63932.121534979655,154449.0,89639.0,3717.0,75.66363495506084
63932.13162884771,154436.0,89671.0,3721.0,75.67372882311611
63932.141722715765,154438.0,89712.0,3753.0,75.68382269117137
63932.15181658382,154426.0,89660.0,3706.0,75.69391655922664
63932.16191045188,154466.0,89674.0,3744.0,75.70401042728918
63932.17200431994,154432.0,89635.0,3748.0,75.71410429534444
63932.182098187994,154419.0,89653.0,3723.0,75.7241981633997
63932.19219205605,154446.0,89661.0,3710.0,75.73429203145497
63932.20228592411,154445.0,89666.0,3712.0,75.74438589951751
63932.21237979217,154488.0,89681.0,3729.0,75.75447976757278
63932.22247366022,154500.0,89706.0,3748.0,75.76457363562804
63932.23256752828,154545.0,89702.0,3741.0,75.7746675036833
63932.24266139633,154512.0,89674.0,3741.0,75.78476137173857
63932.252755264395,154533.0,89696.0,3731.0,75.79485523980111
63932.26284913245,154553.0,89686.0,3721.0,75.80494910785637
63932.272943000506,154535.0,89671.0,3725.0,75.81504297591164
63932.28303686856,154537.0,89696.0,3717.0,75.8251368439669
63932.29313073662,154579.0,89705.0,3756.0,75.83523071202944
63932.30322460468,154584.0,89667.0,3743.0,75.84532458008471
63932.313318472734,154570.0,89693.0,3739.0,75.85541844813997
63932.32341234079,154584.0,89717.0,3771.0,75.86551231619524
63932.33350620885,154601.0,89700.0,3759.0,75.87560618425778
63932.34360007691,154584.0,89706.0,3744.0,75.88570005231304
63932.35369394496,154609.0,89711.0,3738.0,75.8957939203683
63932.36378781302,154635.0,89734.0,3768.0,75.90588778842357
63932.37388168108,154633.0,89715.0,3771.0,75.91598165648611
63932.383975549135,154658.0,89695.0,3768.0,75.92607552454137
63932.39406941719,154649.0,89694.0,3759.0,75.93616939259664
63932.404163285246,154646.0,89712.0,3771.0,75.9462632606519
63932.4142571533,154645.0,89715.0,3776.0,75.95635712870717
63932.424351021364,154638.0,89700.0,3766.0,75.96645099676971
63932.43444488942,154646.0,89701.0,3753.0,75.97654486482497
63932.444538757474,154641.0,89722.0,3750.0,75.98663873288024
63932.45463262553,154659.0,89717.0,3769.0,75.9967326009355
63932.46472649359,154667.0,89710.0,3769.0,76.00682646899804
63932.47482036165,154667.0,89697.0,3781.0,76.0169203370533
63932.4849142297,154689.0,89727.0,3753.0,76.02701420510857
63932.49500809776,154677.0,89732.0,3766.0,76.03710807316384
63932.50510196582,154719.0,89724.0,3793.0,76.04720194122638
63932.515195833876,154753.0,89764.0,3783.0,76.05729580928164
63932.52528970193,154709.0,89723.0,3771.0,76.0673896773369
63932.535383569986,154726.0,89750.0,3790.0,76.07748354539217
63932.54547743805,154753.0,89743.0,3775.0,76.08757741345471
63932.555571306104,154741.0,89735.0,3799.0,76.09767128150997
63932.56566517416,154744.0,89746.0,3782.0,76.10776514956524
63932.575759042214,154744.0,89717.0,3771.0,76.1178590176205
63932.58585291027,154776.0,89744.0,3797.0,76.12795288567577
63932.59594677833,154765.0,89722.0,3801.0,76.13804675373831
63932.60604064639,154814.0,89772.0,3819.0,76.14814062179357
63932.61613451444,154777.0,89730.0,3809.0,76.15823448984884
63932.6262283825,154822.0,89759.0,3808.0,76.1683283579041
63932.63632225056,154825.0,89755.0,3822.0,76.17842222596664
63932.646416118616,154798.0,89745.0,3797.0,76.1885160940219
63932.65650998667,154841.0,89721.0,3791.0,76.19860996207717
63932.66660385473,154846.0,89760.0,3817.0,76.20870383013244
63932.67669772279,154839.0,89758.0,3796.0,76.21879769819498
63932.686791590844,154837.0,89761.0,3785.0,76.22889156625024
63932.6968854589,154882.0,89807.0,3833.0,76.2389854343055
63932.706979326955,154886.0,89780.0,3820.0,76.24907930236077
63932.71707319502,154883.0,89796.0,3798.0,76.25917317042331
63932.72716706307,154857.0,89768.0,3804.0,76.26926703847857
63932.73726093113,154839.0,89759.0,3835.0,76.27936090653384
63932.74735479918,154825.0,89767.0,3810.0,76.2894547745891
63932.75744866724,154783.0,89762.0,3808.0,76.29954864264437
63932.7675425353,154724.0,89712.0,3811.0,76.30964251070691
63932.777636403356,154606.0,89742.0,3800.0,76.31973637876217
63932.78773027141,154550.0,89702.0,3778.0,76.32983024681744
63932.79782413947,154505.0,89704.0,3778.0,76.3399241148727
63932.80791800753,154487.0,89684.0,3785.0,76.35001798293524
63932.818011875584,154410.0,89697.0,3751.0,76.3601118509905
63932.82810574364,154419.0,89676.0,3741.0,76.37020571904577
63932.838199611695,154414.0,89671.0,3727.0,76.38029958710104
63932.84829347976,154414.0,89670.0,3718.0,76.39039345516358
63932.85838734781,154437.0,89687.0,3758.0,76.40048732321884
63932.86848121587,154430.0,89677.0,3742.0,76.4105811912741
63932.87857508392,154409.0,89676.0,3715.0,76.42067505932937
63932.888668951986,154444.0,89707.0,3760.0,76.43076892739191
63932.89876282004,154440.0,89673.0,3721.0,76.44086279544717
63932.9088566881,154449.0,89684.0,3733.0,76.45095666350244
63932.91895055615,154426.0,89698.0,3734.0,76.4610505315577
63932.92904442421,154447.0,89677.0,3709.0,76.47114439961297
63932.93913829227,154417.0,89657.0,3720.0,76.48123826767551
63932.949232160325,154451.0,89681.0,3739.0,76.49133213573077
63932.95932602838,154454.0,89703.0,3761.0,76.50142600378604
63932.969419896435,154447.0,89693.0,3721.0,76.5115198718413
63932.9795137645,154448.0,89674.0,3706.0,76.52161373990384
63932.98960763255,154453.0,89675.0,3717.0,76.5317076079591
63932.99970150061,154471.0,89690.0,3743.0,76.54180147601437
63933.00979536866,154492.0,89690.0,3764.0,76.55189534406964
63933.019889236726,154466.0,89715.0,3744.0,76.56198921213218
63933.02998310478,154481.0,89693.0,3729.0,76.57208308018744
63933.04007697284,154495.0,89671.0,3734.0,76.5821769482427
63933.05017084089,154515.0,89706.0,3723.0,76.59227081629797
63933.060264708954,154493.0,89686.0,3744.0,76.60236468436051
63933.07035857701,154493.0,89686.0,3735.0,76.61245855241577
63933.080452445065,154476.0,89694.0,3738.0,76.62255242047104
63933.09054631312,154461.0,89657.0,3738.0,76.6326462885263
63933.100640181176,154449.0,89690.0,3714.0,76.64274015658157
63933.11073404924,154455.0,89680.0,3737.0,76.65283402464411
63933.12082791729,154483.0,89695.0,3736.0,76.66292789269937
63933.13092178535,154486.0,89702.0,3744.0,76.67302176075464
63933.141015653404,154496.0,89691.0,3731.0,76.6831156288099
63933.15110952147,154526.0,89708.0,3746.0,76.69320949687244
63933.16120338952,154512.0,89701.0,3738.0,76.7033033649277
63933.17129725758,154474.0,89685.0,3718.0,76.71339723298297
63933.18139112563,154549.0,89709.0,3711.0,76.72349110103823
63933.191484993695,154539.0,89688.0,3735.0,76.73358496910078
63933.20157886175,154558.0,89715.0,3754.0,76.74367883715604
63933.211672729805,154558.0,89725.0,3749.0,76.7537727052113
63933.22176659786,154594.0,89682.0,3753.0,76.76386657326657
63933.231860465916,154578.0,89691.0,3741.0,76.77396044132183
63933.24195433398,154634.0,89742.0,3756.0,76.78405430938437
63933.25204820203,154623.0,89717.0,3763.0,76.79414817743964
63933.26214207009,154609.0,89703.0,3745.0,76.8042420454949
63933.272235938144,154624.0,89724.0,3772.0,76.81433591355017
63933.28232980621,154633.0,89727.0,3767.0,76.82442978161271
63933.29242367426,154634.0,89695.0,3760.0,76.83452364966797
63933.30251754232,154629.0,89720.0,3770.0,76.84461751772324
63933.31261141037,154648.0,89728.0,3765.0,76.8547113857785
63933.322705278435,154647.0,89726.0,3770.0,76.86480525384104
63933.33279914649,154630.0,89707.0,3747.0,76.8748991218963
63933.342893014546,154670.0,89733.0,3770.0,76.88499298995157
63933.3529868826,154666.0,89715.0,3777.0,76.89508685800683
63933.36308075066,154685.0,89744.0,3780.0,76.90518072606937
63933.37317461872,154678.0,89737.0,3767.0,76.91527459412464
63933.383268486774,154640.0,89716.0,3774.0,76.9253684621799
63933.39336235483,154656.0,89728.0,3771.0,76.93546233023517
63933.403456222884,154717.0,89736.0,3781.0,76.94555619829043
63933.41355009095,154719.0,89735.0,3812.0,76.95565006635297
63933.423643959,154732.0,89762.0,3797.0,76.96574393440824
63933.43373782706,154718.0,89732.0,3763.0,76.9758378024635
63933.44383169511,154720.0,89746.0,3785.0,76.98593167051877
63933.453925563175,154694.0,89767.0,3795.0,76.9960255385813
63933.46401943123,154723.0,89742.0,3759.0,77.00611940663657
63933.474113299286,154771.0,89764.0,3817.0,77.01621327469184
63933.48420716734,154749.0,89748.0,3792.0,77.0263071427471
63933.4943010354,154723.0,89734.0,3794.0,77.03640101080964
63933.50439490346,154782.0,89756.0,3802.0,77.0464948788649
63933.514488771514,154748.0,89740.0,3800.0,77.05658874692017
63933.52458263957,154777.0,89757.0,3781.0,77.06668261497543
63933.53467650763,154742.0,89754.0,3803.0,77.07677648303797
63933.54477037569,154813.0,89780.0,3836.0,77.08687035109324
63933.55486424374,154845.0,89788.0,3800.0,77.0969642191485
63933.5649581118,154830.0,89767.0,3838.0,77.10705808720377
63933.57505197985,154826.0,89789.0,3811.0,77.11715195525903
63933.585145847916,154829.0,89758.0,3798.0,77.12724582332157
63933.59523971597,154850.0,89798.0,3809.0,77.13733969137684
63933.605333584026,154840.0,89778.0,3804.0,77.1474335594321
63933.61542745208,154868.0,89767.0,3818.0,77.15752742748737
63933.625521320144,154863.0,89777.0,3801.0,77.1676212955499
63933.6356151882,154863.0,89781.0,3820.0,77.17771516360517
63933.645709056254,154790.0,89734.0,3783.0,77.18780903166044
63933.65580292431,154781.0,89769.0,3819.0,77.1979028997157
63933.66589679237,154691.0,89762.0,3803.0,77.20799676777824
63933.67599066043,154681.0,89732.0,3814.0,77.2180906358335
63933.68608452848,154578.0,89725.0,3754.0,77.22818450388877
63933.69617839654,154543.0,89687.0,3765.0,77.23827837194403
63933.70627226459,154480.0,89707.0,3776.0,77.2483722399993
63933.716366132656,154460.0,89665.0,3746.0,77.25846610806184
63933.72646000071,154476.0,89691.0,3756.0,77.2685599761171
63933.736553868766,154445.0,89685.0,3740.0,77.27865384417237
63933.74664773682,154418.0,89668.0,3715.0,77.28874771222763
63933.756741604884,154429.0,89667.0,3726.0,77.29884158029017
63933.76683547294,154456.0,89665.0,3749.0,77.30893544834544
63933.776929340995,154465.0,89682.0,3739.0,77.3190293164007
63933.78702320905,154465.0,89668.0,3752.0,77.32912318445597
63933.79711707711,154489.0,89722.0,3770.0,77.3392170525185
63933.80721094517,154461.0,89690.0,3723.0,77.34931092057377
63933.81730481322,154502.0,89696.0,3752.0,77.35940478862904
63933.82739868128,154527.0,89715.0,3725.0,77.3694986566843
63933.83749254934,154490.0,89690.0,3735.0,77.37959252474684
63933.847586417396,154493.0,89703.0,3747.0,77.3896863928021
63933.85768028545,154498.0,89696.0,3748.0,77.39978026085737
63933.86777415351,154526.0,89682.0,3752.0,77.40987412891263
63933.87786802156,154511.0,89693.0,3719.0,77.4199679969679
63933.887961889624,154542.0,89731.0,3754.0,77.43006186503044
63933.89805575768,154543.0,89712.0,3748.0,77.4401557330857
63933.908149625735,154534.0,89687.0,3762.0,77.45024960114097
63933.91824349379,154546.0,89725.0,3747.0,77.46034346919623
63933.92833736185,154547.0,89691.0,3758.0,77.47043733725877
63933.93843122991,154551.0,89717.0,3753.0,77.48053120531404
63933.94852509796,154550.0,89704.0,3740.0,77.4906250733693
63933.95861896602,154571.0,89707.0,3757.0,77.50071894142457
63933.96871283408,154548.0,89696.0,3720.0,77.5108128094871
63933.978806702136,154544.0,89708.0,3752.0,77.52090667754237
63933.98890057019,154556.0,89707.0,3772.0,77.53100054559764
63933.99899443825,154544.0,89692.0,3761.0,77.5410944136529
63934.00908830631,154536.0,89695.0,3744.0,77.55118828171544
63934.019182174365,154535.0,89697.0,3747.0,77.5612821497707
63934.02927604242,154582.0,89740.0,3760.0,77.57137601782597
63934.039369910475,154543.0,89707.0,3745.0,77.58146988588123
63934.04946377853,154589.0,89724.0,3786.0,77.5915637539365
63934.05955764659,154574.0,89716.0,3751.0,77.60165762199904
63934.06965151465,154584.0,89692.0,3750.0,77.6117514900543
63934.0797453827,154637.0,89725.0,3775.0,77.62184535810957
63934.08983925076,154596.0,89705.0,3755.0,77.63193922616483
63934.09993311882,154623.0,89731.0,3749.0,77.64203309422737
63934.11002698688,154624.0,89717.0,3781.0,77.65212696228264
63934.12012085493,154675.0,89750.0,3789.0,77.6622208303379
63934.13021472299,154643.0,89705.0,3769.0,77.67231469839317
63934.14030859105,154671.0,89740.0,3790.0,77.6824085664557
63934.150402459105,154663.0,89717.0,3780.0,77.69250243451097
63934.16049632716,154671.0,89731.0,3789.0,77.70259630256623
63934.170590195215,154666.0,89749.0,3777.0,77.7126901706215
63934.18068406328,154718.0,89754.0,3820.0,77.72278403868404
63934.19077793133,154695.0,89743.0,3779.0,77.7328779067393
63934.20087179939,154688.0,89709.0,3782.0,77.74297177479457
63934.210965667444,154765.0,89758.0,3792.0,77.75306564284983
63934.2210595355,154730.0,89745.0,3796.0,77.7631595109051
63934.23115340356,154740.0,89744.0,3786.0,77.77325337896764
63934.24124727162,154706.0,89741.0,3770.0,77.7833472470229
63934.25134113967,154759.0,89770.0,3804.0,77.79344111507817
63934.26143500773,154765.0,89754.0,3776.0,77.80353498313343
63934.27152887579,154762.0,89750.0,3789.0,77.81362885119597
63934.281622743845,154757.0,89759.0,3798.0,77.82372271925124
63934.2917166119,154754.0,89741.0,3769.0,77.8338165873065
63934.301810479956,154777.0,89767.0,3804.0,77.84391045536177
63934.31190434802,154799.0,89785.0,3810.0,77.8540043234243
63934.32199821607,154792.0,89756.0,3822.0,77.86409819147957
63934.33209208413,154768.0,89754.0,3787.0,77.87419205953483
63934.342185952184,154827.0,89786.0,3814.0,77.8842859275901
63934.35227982025,154821.0,89766.0,3801.0,77.89437979565264
63934.3623736883,154792.0,89760.0,3804.0,77.9044736637079
63934.37246755636,154831.0,89792.0,3829.0,77.91456753176317
63934.38256142441,154801.0,89753.0,3791.0,77.92466139981843
63934.39265529247,154848.0,89774.0,3822.0,77.9347552678737
63934.40274916053,154847.0,89773.0,3804.0,77.94484913593624
63934.412843028585,154879.0,89813.0,3832.0,77.9549430039915
63934.42293689664,154857.0,89758.0,3798.0,77.96503687204677
63934.433030764696,154879.0,89787.0,3819.0,77.97513074010203
63934.44312463276,154889.0,89832.0,3838.0,77.98522460816457
63934.453218500814,154907.0,89783.0,3813.0,77.99531847621984
63934.46331236887,154892.0,89783.0,3822.0,78.0054123442751
63934.473406236924,154915.0,89785.0,3829.0,78.01550621233037
63934.48350010499,154900.0,89790.0,3852.0,78.0256000803929
63934.49359397304,154938.0,89802.0,3823.0,78.03569394844817
63934.5036878411,154920.0,89808.0,3832.0,78.04578781650343
63934.51378170915,154946.0,89793.0,3824.0,78.0558816845587
63934.523875577215,155012.0,89791.0,3819.0,78.06597555262124
63934.53396944527,154970.0,89805.0,3827.0,78.0760694206765
63934.544063313326,154991.0,89822.0,3851.0,78.08616328873177
63934.55415718138,154994.0,89815.0,3839.0,78.09625715678703
63934.564251049436,154964.0,89816.0,3818.0,78.1063510248423
63934.5743449175,155041.0,89828.0,3875.0,78.11644489290484
63934.584438785554,154972.0,89786.0,3823.0,78.1265387609601
63934.59453265361,154999.0,89805.0,3852.0,78.13663262901537
63934.604626521665,155024.0,89830.0,3853.0,78.14672649707063
63934.61472038973,155004.0,89825.0,3867.0,78.15682036513317
63934.62481425778,154915.0,89776.0,3820.0,78.16691423318844
63934.63490812584,154850.0,89793.0,3827.0,78.1770081012437
63934.64500199389,154788.0,89781.0,3834.0,78.18710196929896
63934.655095861955,154661.0,89712.0,3795.0,78.1971958373615
63934.66518973001,154630.0,89722.0,3771.0,78.20728970541677
63934.675283598066,154587.0,89715.0,3767.0,78.21738357347203
63934.68537746612,154536.0,89687.0,3791.0,78.2274774415273
63934.695471334184,154562.0,89715.0,3788.0,78.23757130958984
63934.70556520224,154535.0,89726.0,3796.0,78.2476651776451
63934.715659070294,154499.0,89704.0,3747.0,78.25775904570037
63934.72575293835,154521.0,89692.0,3758.0,78.26785291375563
63934.735846806405,154534.0,89701.0,3727.0,78.2779467818109
63934.74594067447,154511.0,89693.0,3748.0,78.28804064987344
63934.75603454252,154565.0,89710.0,3768.0,78.2981345179287
63934.76612841058,154556.0,89734.0,3763.0,78.30822838598397
63934.77622227863,154539.0,89696.0,3764.0,78.31832225403923
63934.786316146696,154528.0,89702.0,3744.0,78.32841612210177
63934.79641001475,154570.0,89735.0,3786.0,78.33850999015704
63934.806503882806,154569.0,89709.0,3765.0,78.3486038582123
63934.81659775086,154569.0,89713.0,3788.0,78.35869772626756
63934.826691618924,154531.0,89721.0,3753.0,78.3687915943301
63934.83678548698,154573.0,89719.0,3780.0,78.37888546238537
63934.846879355035,154514.0,89700.0,3739.0,78.38897933044063
63934.85697322309,154542.0,89705.0,3747.0,78.3990731984959
63934.86706709115,154582.0,89732.0,3747.0,78.40916706655844
63934.87716095921,154558.0,89716.0,3742.0,78.4192609346137
63934.88725482726,154585.0,89723.0,3766.0,78.42935480266897
63934.89734869532,154636.0,89708.0,3778.0,78.43944867072423
63934.90744256337,154602.0,89712.0,3767.0,78.4495425387795
63934.917536431436,154578.0,89692.0,3744.0,78.45963640684204
63934.92763029949,154587.0,89725.0,3758.0,78.4697302748973
63934.93772416755,154605.0,89737.0,3748.0,78.47982414295257
63934.9478180356,154576.0,89708.0,3749.0,78.48991801100783
63934.957911903664,154596.0,89749.0,3770.0,78.50001187907037
63934.96800577172,154581.0,89718.0,3757.0,78.51010574712564
63934.978099639775,154578.0,89703.0,3741.0,78.5201996151809
63934.98819350783,154603.0,89726.0,3776.0,78.53029348323616
63934.99828737589,154575.0,89727.0,3768.0,78.5403873512987
63935.00838124395,154593.0,89716.0,3757.0,78.55048121935397
63935.018475112,154603.0,89711.0,3759.0,78.56057508740923
63935.02856898006,154612.0,89738.0,3775.0,78.5706689554645
63935.038662848114,154612.0,89707.0,3782.0,78.58076282351976
63935.048756716176,154631.0,89736.0,3764.0,78.5908566915823
63935.05885058423,154626.0,89703.0,3755.0,78.60095055963757
63935.06894445229,154676.0,89753.0,3788.0,78.61104442769283
63935.07903832034,154638.0,89773.0,3778.0,78.6211382957481
63935.089132188405,154681.0,89743.0,3763.0,78.63123216381064
63935.09922605646,154700.0,89725.0,3793.0,78.6413260318659
63935.109319924515,154647.0,89690.0,3771.0,78.65141989992117
63935.11941379257,154715.0,89740.0,3783.0,78.66151376797643
63935.12950766063,154709.0,89730.0,3780.0,78.67160763603897
63935.13960152869,154706.0,89747.0,3801.0,78.68170150409424
63935.14969539674,154719.0,89733.0,3762.0,78.6917953721495
63935.1597892648,154751.0,89757.0,3803.0,78.70188924020476
63935.16988313286,154735.0,89743.0,3790.0,78.7119831082673
63935.17997700092,154722.0,89727.0,3783.0,78.72207697632257
63935.19007086897,154753.0,89756.0,3801.0,78.73217084437783
63935.20016473703,154729.0,89724.0,3790.0,78.7422647124331
63935.21025860508,154764.0,89757.0,3776.0,78.75235858048836
63935.220352473145,154744.0,89753.0,3819.0,78.7624524485509
63935.2304463412,154798.0,89776.0,3821.0,78.77254631660617
63935.240540209255,154765.0,89734.0,3796.0,78.78264018466143
63935.25063407731,154778.0,89758.0,3806.0,78.7927340527167
63935.26072794537,154778.0,89767.0,3797.0,78.80282792077924
63935.27082181343,154770.0,89743.0,3800.0,78.8129217888345
63935.280915681484,154772.0,89760.0,3786.0,78.82301565688977
63935.29100954954,154803.0,89769.0,3794.0,78.83310952494503
63935.3011034176,154812.0,89763.0,3795.0,78.84320339300757
63935.31119728566,154821.0,89769.0,3786.0,78.85329726106283
63935.32129115371,154833.0,89771.0,3828.0,78.8633911291181
63935.33138502177,154809.0,89760.0,3812.0,78.87348499717336
63935.34147888982,154856.0,89771.0,3800.0,78.88357886522863
63935.351572757885,154835.0,89790.0,3810.0,78.89367273329117
63935.36166662594,154863.0,89769.0,3802.0,78.90376660134643
63935.371760493996,154855.0,89765.0,3813.0,78.9138604694017
63935.38185436205,154871.0,89783.0,3812.0,78.92395433745696
63935.39194823011,154868.0,89747.0,3838.0,78.9340482055195
63935.40204209817,154869.0,89750.0,3811.0,78.94414207357477
63935.412135966224,154883.0,89810.0,3824.0,78.95423594163003
63935.42222983428,154913.0,89776.0,3819.0,78.9643298096853
63935.43232370234,154887.0,89766.0,3806.0,78.97442367774784
63935.4424175704,154907.0,89778.0,3820.0,78.9845175458031
63935.45251143845,154932.0,89767.0,3841.0,78.99461141385837
63935.46260530651,154932.0,89778.0,3825.0,79.00470528191363
63935.47269917457,154901.0,89794.0,3817.0,79.01479914997617
63935.482793042625,154943.0,89797.0,3847.0,79.02489301803143
63935.49288691068,154932.0,89779.0,3822.0,79.0349868860867
63935.502980778736,154973.0,89807.0,3835.0,79.04508075414196
63935.51307464679,155010.0,89833.0,3878.0,79.05517462219723
63935.523168514854,154978.0,89795.0,3861.0,79.06526849025977
63935.53326238291,154967.0,89777.0,3853.0,79.07536235831503
63935.543356250964,154992.0,89800.0,3841.0,79.0854562263703
63935.55345011902,154987.0,89809.0,3851.0,79.09555009442556
63935.56354398708,155005.0,89784.0,3832.0,79.1056439624881
63935.57363785514,154998.0,89791.0,3855.0,79.11573783054337
63935.58373172319,155027.0,89805.0,3832.0,79.12583169859863
63935.59382559125,155031.0,89795.0,3842.0,79.1359255666539
63935.60391945931,155030.0,89806.0,3844.0,79.14601943471644
63935.614013327366,155067.0,89803.0,3868.0,79.1561133027717
63935.62410719542,155061.0,89816.0,3858.0,79.16620717082697
63935.634201063476,155076.0,89813.0,3881.0,79.17630103888223
63935.64429493154,155062.0,89806.0,3875.0,79.18639490694477
63935.654388799594,155032.0,89788.0,3875.0,79.19648877500003
63935.66448266765,155032.0,89804.0,3856.0,79.2065826430553
63935.674576535705,154929.0,89790.0,3853.0,79.21667651111056
63935.68467040376,154892.0,89771.0,3833.0,79.22677037916583
63935.69476427182,154823.0,89729.0,3822.0,79.23686424722837
63935.70485813988,154745.0,89739.0,3822.0,79.24695811528363
63935.71495200793,154711.0,89747.0,3834.0,79.2570519833389
63935.72504587599,154665.0,89725.0,3820.0,79.26714585139416
63935.73513974405,154583.0,89691.0,3768.0,79.2772397194567
63935.745233612106,154580.0,89712.0,3781.0,79.28733358751197
63935.75532748016,154569.0,89733.0,3784.0,79.29742745556723
63935.76542134822,154571.0,89671.0,3771.0,79.3075213236225
63935.77551521628,154594.0,89719.0,3771.0,79.31761519168504
63935.785609084334,154590.0,89691.0,3786.0,79.3277090597403
63935.79570295239,154552.0,89732.0,3774.0,79.33780292779556
63935.805796820445,154562.0,89688.0,3765.0,79.34789679585083
63935.81589068851,154599.0,89692.0,3766.0,79.35799066391337
63935.82598455656,154606.0,89715.0,3757.0,79.36808453196863
63935.83607842462,154623.0,89728.0,3785.0,79.3781784000239
63935.84617229267,154606.0,89720.0,3779.0,79.38827226807916
63935.85626616073,154654.0,89742.0,3791.0,79.39836613613443
63935.86636002879,154668.0,89718.0,3810.0,79.40846000419697
63935.876453896846,154620.0,89743.0,3774.0,79.41855387225223
63935.8865477649,154611.0,89750.0,3788.0,79.4286477403075
63935.89664163296,154643.0,89718.0,3777.0,79.43874160836276
63935.90673550102,154624.0,89718.0,3796.0,79.4488354764253
63935.916829369075,154637.0,89720.0,3762.0,79.45892934448057
63935.92692323713,154631.0,89722.0,3756.0,79.46902321253583
63935.937017105185,154621.0,89713.0,3762.0,79.4791170805911
63935.94711097325,154684.0,89726.0,3779.0,79.48921094865364
63935.9572048413,154665.0,89733.0,3792.0,79.4993048167089
63935.96729870936,154653.0,89719.0,3764.0,79.50939868476416
63935.97739257741,154684.0,89743.0,3786.0,79.51949255281943
63935.987486445476,154650.0,89732.0,3801.0,79.52958642088197
63935.99758031353,154661.0,89725.0,3777.0,79.53968028893723
63936.00767418159,154689.0,89713.0,3798.0,79.5497741569925
63936.01776804964,154621.0,89703.0,3766.0,79.55986802504776
63936.0278619177,154632.0,89738.0,3780.0,79.56996189310303
63936.03795578576,154647.0,89721.0,3790.0,79.58005576116557
63936.048049653815,154634.0,89725.0,3759.0,79.59014962922083
63936.05814352187,154641.0,89705.0,3757.0,79.6002434972761
63936.068237389925,154654.0,89727.0,3771.0,79.61033736533136
63936.07833125799,154679.0,89734.0,3778.0,79.6204312333939
63936.08842512604,154683.0,89756.0,3785.0,79.63052510144917
63936.0985189941,154685.0,89730.0,3815.0,79.64061896950443
63936.108612862154,154712.0,89754.0,3810.0,79.6507128375597
63936.118706730216,154714.0,89744.0,3791.0,79.66080670562224
63936.12880059827,154729.0,89760.0,3803.0,79.6709005736775
63936.13889446633,154729.0,89746.0,3787.0,79.68099444173276
63936.14898833438,154758.0,89741.0,3810.0,79.69108830978803
63936.159082202445,154757.0,89750.0,3797.0,79.70118217785057
63936.1691760705,154762.0,89752.0,3780.0,79.71127604590583
63936.179269938555,154766.0,89766.0,3776.0,79.7213699139611
63936.18936380661,154765.0,89737.0,3783.0,79.73146378201636
63936.199457674666,154781.0,89745.0,3795.0,79.74155765007163
63936.20955154273,154800.0,89756.0,3793.0,79.75165151813417
63936.21964541078,154795.0,89740.0,3789.0,79.76174538618943
63936.22973927884,154798.0,89733.0,3792.0,79.7718392542447
63936.239833146894,154822.0,89762.0,3804.0,79.78193312229996
63936.24992701496,154849.0,89777.0,3797.0,79.7920269903625
63936.26002088301,154826.0,89751.0,3798.0,79.80212085841777
63936.27011475107,154828.0,89795.0,3812.0,79.81221472647303
63936.28020861912,154832.0,89758.0,3807.0,79.8223085945283
63936.290302487185,154850.0,89747.0,3805.0,79.83240246259084
63936.30039635524,154873.0,89788.0,3829.0,79.8424963306461
63936.310490223295,154865.0,89784.0,3841.0,79.85259019870136
63936.32058409135,154819.0,89770.0,3806.0,79.86268406675663
63936.33067795941,154840.0,89780.0,3813.0,79.87277793481917
63936.34077182747,154823.0,89770.0,3807.0,79.88287180287443
63936.350865695524,154846.0,89749.0,3824.0,79.8929656709297
63936.36095956358,154873.0,89774.0,3812.0,79.90305953898496
63936.371053431634,154870.0,89743.0,3824.0,79.91315340704023
63936.3811472997,154886.0,89747.0,3835.0,79.92324727510277
63936.39124116775,154874.0,89777.0,3803.0,79.93334114315803
63936.40133503581,154873.0,89767.0,3812.0,79.9434350112133
63936.41142890386,154916.0,89763.0,3831.0,79.95352887926856
63936.421522771925,154935.0,89780.0,3861.0,79.9636227473311
63936.43161663998,154919.0,89774.0,3831.0,79.97371661538637
63936.441710508036,154927.0,89763.0,3846.0,79.98381048344163
63936.45180437609,154913.0,89784.0,3809.0,79.9939043514969
63936.46189824415,154918.0,89784.0,3849.0,80.00399821955943
63936.47199211221,154970.0,89790.0,3862.0,80.0140920876147
63936.482085980264,154950.0,89772.0,3832.0,80.02418595566996
63936.49217984832,154962.0,89797.0,3839.0,80.03427982372523
63936.50227371638,154965.0,89778.0,3870.0,80.04437369178777
63936.51236758444,154953.0,89787.0,3859.0,80.05446755984303
63936.52246145249,154976.0,89766.0,3846.0,80.0645614278983
63936.53255532055,155006.0,89797.0,3848.0,80.07465529595356
63936.5426491886,155004.0,89792.0,3868.0,80.08474916400883
63936.552743056665,154990.0,89785.0,3843.0,80.09484303207137
63936.56283692472,155033.0,89784.0,3870.0,80.10493690012663
63936.572930792776,155045.0,89804.0,3853.0,80.1150307681819
63936.58302466083,155043.0,89826.0,3825.0,80.12512463623716
63936.593118528894,155022.0,89825.0,3854.0,80.1352185042997
63936.60321239695,155021.0,89797.0,3842.0,80.14531237235497
63936.613306265004,155048.0,89807.0,3859.0,80.15540624041023
63936.62340013306,155050.0,89813.0,3850.0,80.1655001084655
63936.63349400112,155079.0,89837.0,3887.0,80.17559397652803
63936.64358786918,155048.0,89782.0,3868.0,80.1856878445833
63936.65368173723,155098.0,89814.0,3860.0,80.19578171263856
63936.66377560529,155071.0,89833.0,3874.0,80.20587558069383
63936.67386947334,155078.0,89835.0,3846.0,80.21596944874909
63936.683963341406,155085.0,89810.0,3848.0,80.22606331681163
63936.69405720946,155070.0,89807.0,3862.0,80.2361571848669
63936.704151077516,155025.0,89814.0,3868.0,80.24625105292216
63936.71424494557,154926.0,89766.0,3836.0,80.25634492097743
63936.724338813634,154837.0,89771.0,3828.0,80.26643878903997
63936.73443268169,154787.0,89745.0,3828.0,80.27653265709523
63936.744526549744,154721.0,89724.0,3804.0,80.2866265251505
63936.7546204178,154696.0,89719.0,3784.0,80.29672039320576
63936.76471428586,154634.0,89722.0,3813.0,80.3068142612683
63936.77480815392,154614.0,89702.0,3790.0,80.31690812932356
63936.78490202197,154596.0,89692.0,3786.0,80.32700199737883
63936.79499589003,154634.0,89711.0,3810.0,80.3370958654341
63936.80508975809,154576.0,89693.0,3753.0,80.34718973349663
63936.815183626146,154627.0,89709.0,3787.0,80.3572836015519
63936.8252774942,154650.0,89728.0,3770.0,80.36737746960716
63936.83537136226,154647.0,89686.0,3795.0,80.37747133766243
63936.84546523031,154648.0,89719.0,3770.0,80.38756520571769
63936.855559098374,154685.0,89743.0,3783.0,80.39765907378023
63936.86565296643,154635.0,89688.0,3791.0,80.4077529418355
63936.875746834485,154663.0,89706.0,3769.0,80.41784680989076
63936.88584070254,154713.0,89739.0,3753.0,80.42794067794603
63936.8959345706,154692.0,89729.0,3809.0,80.43803454600857
63936.90602843866,154661.0,89721.0,3805.0,80.44812841406383
63936.91612230671,154688.0,89751.0,3818.0,80.4582222821191
63936.92621617477,154701.0,89723.0,3820.0,80.46831615017436
63936.93631004283,154681.0,89733.0,3765.0,80.4784100182369
63936.946403910886,154697.0,89722.0,3800.0,80.48850388629216
63936.95649777894,154729.0,89772.0,3813.0,80.49859775434743
63936.966591647,154708.0,89726.0,3783.0,80.5086916224027
63936.97668551506,154742.0,89745.0,3814.0,80.51878549046523
63936.986779383114,154723.0,89761.0,3817.0,80.5288793585205
63936.99687325117,154727.0,89711.0,3774.0,80.53897322657576
63937.006967119225,154696.0,89726.0,3781.0,80.54906709463103
63937.01706098728,154735.0,89728.0,3817.0,80.55916096268629
63937.02715485534,154723.0,89741.0,3794.0,80.56925483074883
63937.0372487234,154693.0,89747.0,3790.0,80.5793486988041
63937.04734259145,154720.0,89750.0,3800.0,80.58944256685936
63937.05743645951,154712.0,89716.0,3810.0,80.59953643491463
63937.06753032757,154710.0,89730.0,3791.0,80.60963030297717
63937.07762419563,154710.0,89721.0,3780.0,80.61972417103243
63937.08771806368,154757.0,89771.0,3811.0,80.6298180390877
63937.09781193174,154716.0,89735.0,3786.0,80.63991190714296
63937.1079057998,154748.0,89743.0,3807.0,80.6500057752055
63937.117999667855,154787.0,89763.0,3840.0,80.66009964326076
63937.12809353591,154769.0,89731.0,3815.0,80.67019351131603
63937.138187403965,154786.0,89731.0,3832.0,80.6802873793713
63937.14828127202,154792.0,89759.0,3803.0,80.69038124742656
63937.15837514008,154799.0,89784.0,3820.0,80.7004751154891
63937.16846900814,154796.0,89758.0,3791.0,80.71056898354436
63937.17856287619,154812.0,89754.0,3797.0,80.72066285159963
63937.18865674425,154830.0,89772.0,3827.0,80.73075671965489
63937.19875061231,154826.0,89751.0,3824.0,80.74085058771743
63937.20884448037,154883.0,89767.0,3820.0,80.7509444557727
63937.21893834842,154853.0,89746.0,3826.0,80.76103832382796
63937.22903221648,154864.0,89782.0,3839.0,80.77113219188323
63937.23912608454,154852.0,89767.0,3805.0,80.78122605994577
63937.249219952595,154921.0,89788.0,3866.0,80.79131992800103
63937.25931382065,154839.0,89732.0,3822.0,80.8014137960563
63937.269407688706,154874.0,89784.0,3821.0,80.81150766411156
63937.27950155677,154887.0,89765.0,3832.0,80.8216015321741
63937.28959542482,154879.0,89774.0,3847.0,80.83169540022936
63937.29968929288,154903.0,89778.0,3822.0,80.84178926828463
63937.309783160934,154910.0,89773.0,3822.0,80.8518831363399
63937.31987702899,154938.0,89767.0,3869.0,80.86197700439516
63937.32997089705,154889.0,89780.0,3833.0,80.8720708724577
63937.34006476511,154936.0,89797.0,3850.0,80.88216474051296
63937.35015863316,154933.0,89783.0,3839.0,80.89225860856823
63937.36025250122,154904.0,89785.0,3818.0,80.90235247662349
63937.37034636928,154896.0,89792.0,3846.0,80.91244634468603
63937.380440237335,154972.0,89787.0,3868.0,80.9225402127413
63937.39053410539,154927.0,89769.0,3839.0,80.93263408079656
63937.400627973446,154950.0,89794.0,3830.0,80.94272794885183
63937.41072184151,154983.0,89798.0,3853.0,80.95282181691437
63937.42081570956,154948.0,89783.0,3831.0,80.96291568496963
63937.43090957762,154989.0,89811.0,3844.0,80.9730095530249
63937.441003445674,154974.0,89820.0,3863.0,80.98310342108016
63937.45109731374,154955.0,89788.0,3825.0,80.9931972891427
63937.46119118179,155007.0,89798.0,3837.0,81.00329115719796
63937.47128504985,155020.0,89794.0,3878.0,81.01338502525323
63937.4813789179,155020.0,89814.0,3871.0,81.02347889330849
63937.49147278596,155009.0,89790.0,3846.0,81.03357276136376
63937.50156665402,155031.0,89829.0,3878.0,81.0436666294263
63937.511660522076,155026.0,89810.0,3856.0,81.05376049748156
63937.52175439013,155082.0,89846.0,3859.0,81.06385436553683
63937.531848258186,155058.0,89805.0,3847.0,81.07394823359209
63937.54194212625,155051.0,89811.0,3854.0,81.08404210165463
63937.552035994304,155065.0,89799.0,3859.0,81.0941359697099
63937.56212986236,155090.0,89807.0,3860.0,81.10422983776516
63937.572223730414,155069.0,89839.0,3872.0,81.11432370582042
63937.58231759848,155090.0,89820.0,3857.0,81.12441757388297
63937.59241146653,155122.0,89844.0,3870.0,81.13451144193823
63937.60250533459,155120.0,89831.0,3876.0,81.1446053099935
63937.61259920264,155126.0,89837.0,3910.0,81.15469917804876
63937.622693070705,155150.0,89856.0,3899.0,81.1647930461113
63937.63278693876,155152.0,89842.0,3897.0,81.17488691416656
63937.642880806816,155167.0,89833.0,3885.0,81.18498078222183
63937.65297467487,155144.0,89837.0,3843.0,81.19507465027709
63937.663068542926,155172.0,89857.0,3854.0,81.20516851833236
63937.67316241099,155150.0,89859.0,3919.0,81.2152623863949
63937.683256279044,155182.0,89835.0,3894.0,81.22535625445016
63937.6933501471,155171.0,89827.0,3868.0,81.23545012250543
63937.703444015155,155163.0,89819.0,3894.0,81.24554399056069
63937.71353788322,155157.0,89816.0,3865.0,81.25563785862323
63937.72363175127,155203.0,89847.0,3897.0,81.2657317266785
63937.73372561933,155201.0,89845.0,3902.0,81.27582559473376
63937.74381948738,155178.0,89840.0,3864.0,81.28591946278902
63937.753913355446,155166.0,89842.0,3884.0,81.29601333085157
63937.7640072235,155095.0,89824.0,3888.0,81.30610719890683
63937.774101091556,155019.0,89789.0,3873.0,81.3162010669621
63937.78419495961,154907.0,89781.0,3844.0,81.32629493501736
63937.794288827674,154882.0,89802.0,3862.0,81.3363888030799
63937.80438269573,154793.0,89739.0,3836.0,81.34648267113516
63937.814476563784,154724.0,89713.0,3839.0,81.35657653919043
63937.82457043184,154720.0,89710.0,3829.0,81.36667040724569
63937.834664299895,154686.0,89693.0,3819.0,81.37676427530096
63937.84475816796,154689.0,89718.0,3805.0,81.3868581433635
63937.85485203601,154680.0,89743.0,3830.0,81.39695201141876
63937.86494590407,154700.0,89750.0,3818.0,81.40704587947403
63937.87503977212,154691.0,89702.0,3801.0,81.41713974752929
63937.885133640186,154699.0,89723.0,3810.0,81.42723361559183
63937.89522750824,154724.0,89731.0,3809.0,81.4373274836471
63937.905321376296,154730.0,89727.0,3837.0,81.44742135170236
63937.91541524435,154720.0,89717.0,3802.0,81.45751521975762
63937.925509112414,154766.0,89772.0,3824.0,81.46760908782016
63937.93560298047,154722.0,89728.0,3800.0,81.47770295587543
63937.945696848525,154727.0,89739.0,3803.0,81.4877968239307
63937.95579071658,154777.0,89750.0,3843.0,81.49789069198596
63937.96588458464,154763.0,89734.0,3815.0,81.5079845600485
63937.9759784527,154737.0,89710.0,3806.0,81.51807842810376
63937.98607232075,154734.0,89717.0,3813.0,81.52817229615903
63937.99616618881,154749.0,89719.0,3821.0,81.53826616421429
63938.00626005686,154769.0,89737.0,3799.0,81.54836003226956
63938.016353924926,154753.0,89738.0,3826.0,81.5584539003321
63938.02644779298,154777.0,89772.0,3839.0,81.56854776838736
63938.03654166104,154773.0,89745.0,3806.0,81.57864163644263
63938.04663552909,154788.0,89758.0,3825.0,81.58873550449789
63938.056729397154,154730.0,89702.0,3802.0,81.59882937256043
63938.06682326521,154751.0,89769.0,3827.0,81.6089232406157
63938.076917133265,154759.0,89743.0,3800.0,81.61901710867096
63938.08701100132,154782.0,89754.0,3839.0,81.62911097672622
63938.09710486938,154762.0,89777.0,3834.0,81.63920484478876
63938.10719873744,154766.0,89740.0,3804.0,81.64929871284403
63938.11729260549,154757.0,89708.0,3817.0,81.6593925808993
63938.12738647355,154762.0,89745.0,3809.0,81.66948644895456
63938.13748034161,154765.0,89747.0,3828.0,81.6795803170171
63938.147574209666,154764.0,89773.0,3817.0,81.68967418507236
63938.15766807772,154768.0,89747.0,3819.0,81.69976805312763
63938.16776194578,154774.0,89740.0,3825.0,81.70986192118289
63938.17785581383,154814.0,89752.0,3822.0,81.71995578923816
63938.187949681895,154800.0,89735.0,3828.0,81.7300496573007
63938.19804354995,154802.0,89741.0,3813.0,81.74014352535596
63938.208137418005,154819.0,89755.0,3811.0,81.75023739341123
63938.21823128606,154847.0,89765.0,3833.0,81.76033126146649
63938.22832515412,154895.0,89769.0,3855.0,81.77042512952903
63938.23841902218,154899.0,89782.0,3815.0,81.7805189975843
63938.24851289023,154908.0,89794.0,3853.0,81.79061286563956
63938.25860675829,154902.0,89764.0,3845.0,81.80070673369482
63938.26870062635,154878.0,89765.0,3818.0,81.81080060175736
63938.27879449441,154895.0,89777.0,3833.0,81.82089446981263
63938.28888836246,154944.0,89787.0,3866.0,81.8309883378679
63938.29898223052,154939.0,89786.0,3845.0,81.84108220592316
63938.30907609857,154967.0,89820.0,3837.0,81.85117607397842
63938.319169966635,154965.0,89796.0,3883.0,81.86126994204096
63938.32926383469,154907.0,89756.0,3835.0,81.87136381009623
63938.339357702745,154971.0,89793.0,3860.0,81.88145767815149
63938.3494515708,154974.0,89802.0,3852.0,81.89155154620676
63938.35954543886,154965.0,89772.0,3849.0,81.9016454142693
63938.36963930692,154983.0,89793.0,3834.0,81.91173928232456
63938.379733174974,154991.0,89795.0,3844.0,81.92183315037983
63938.38982704303,154975.0,89803.0,3852.0,81.93192701843509
63938.39992091109,154972.0,89777.0,3847.0,81.94202088649763
63938.41001477915,154977.0,89818.0,3866.0,81.9521147545529
63938.4201086472,155000.0,89797.0,3859.0,81.96220862260816
63938.43020251526,155041.0,89794.0,3889.0,81.97230249066342
63938.44029638332,155031.0,89820.0,3880.0,81.98239635872596
63938.450390251375,155018.0,89812.0,3888.0,81.99249022678123
63938.46048411943,155020.0,89789.0,3873.0,82.0025840948365
63938.470577987486,155015.0,89796.0,3869.0,82.01267796289176
63938.48067185554,155042.0,89797.0,3878.0,82.02277183094702
63938.4907657236,155039.0,89793.0,3861.0,82.03286569900956
63938.50085959166,155054.0,89803.0,3866.0,82.04295956706483
63938.510953459714,155072.0,89813.0,3851.0,82.05305343512009
63938.52104732777,155046.0,89796.0,3894.0,82.06314730317536
63938.53114119583,155067.0,89796.0,3872.0,82.0732411712379
63938.54123506389,155081.0,89825.0,3889.0,82.08333503929316
63938.55132893194,155110.0,89820.0,3870.0,82.09342890734843
63938.5614228,155131.0,89827.0,3878.0,82.10352277540369
63938.57151666806,155128.0,89857.0,3891.0,82.11361664346623
63938.581610536115,155113.0,89839.0,3884.0,82.1237105115215
63938.59170440417,155111.0,89799.0,3858.0,82.13380437957676
63938.601798272226,155094.0,89791.0,3892.0,82.14389824763202
63938.61189214029,155113.0,89842.0,3889.0,82.15399211569456
63938.621986008344,155177.0,89833.0,3908.0,82.16408598374983
63938.6320798764,155163.0,89847.0,3896.0,82.17417985180509
63938.642173744454,155162.0,89832.0,3876.0,82.18427371986036
63938.65226761251,155199.0,89873.0,3917.0,82.19436758791562
63938.66236148057,155159.0,89824.0,3899.0,82.20446145597816
63938.67245534863,155191.0,89856.0,3900.0,82.21455532403343
63938.68254921668,155197.0,89842.0,3882.0,82.22464919208869
63938.69264308474,155176.0,89843.0,3875.0,82.23474306014396
63938.7027369528,155234.0,89865.0,3913.0,82.2448369282065
63938.712830820856,155216.0,89853.0,3905.0,82.25493079626176
63938.72292468891,155211.0,89837.0,3900.0,82.26502466431702
63938.733018556966,155258.0,89872.0,3937.0,82.27511853237229
63938.74311242503,155255.0,89835.0,3924.0,82.28521240043483
63938.753206293084,155240.0,89864.0,3915.0,82.2953062684901
63938.76330016114,155254.0,89838.0,3893.0,82.30540013654536
63938.773394029195,155254.0,89849.0,3923.0,82.31549400460062
63938.78348789725,155268.0,89861.0,3896.0,82.32558787265589
63938.79358176531,155292.0,89870.0,3919.0,82.33568174071843
63938.80367563337,155255.0,89848.0,3906.0,82.34577560877369
63938.81376950142,155237.0,89836.0,3904.0,82.35586947682896
63938.82386336948,155184.0,89839.0,3895.0,82.36596334488422
63938.83395723754,155127.0,89826.0,3892.0,82.37605721294676
63938.844051105596,155048.0,89839.0,3875.0,82.38615108100203
63938.85414497365,154925.0,89794.0,3858.0,82.39624494905729
63938.86423884171,154914.0,89780.0,3904.0,82.40633881711256
63938.87433270977,154841.0,89759.0,3863.0,82.4164326851751
63938.884426577824,154827.0,89734.0,3840.0,82.42652655323036
63938.89452044588,154806.0,89761.0,3845.0,82.43662042128562
63938.904614313935,154743.0,89719.0,3817.0,82.44671428934089
63938.914708182,154760.0,89752.0,3836.0,82.45680815740343
63938.92480205005,154739.0,89733.0,3838.0,82.4669020254587
63938.93489591811,154786.0,89761.0,3858.0,82.47699589351396
63938.94498978616,154790.0,89744.0,3851.0,82.48708976156922
63938.95508365422,154803.0,89754.0,3842.0,82.49718362962449
63938.96517752228,154807.0,89748.0,3835.0,82.50727749768703
63938.975271390336,154833.0,89760.0,3835.0,82.51737136574229
63938.98536525839,154811.0,89788.0,3833.0,82.52746523379756
63938.99545912645,154869.0,89779.0,3865.0,82.53755910185282
63939.00555299451,154789.0,89736.0,3815.0,82.54765296991536
63939.015646862565,154839.0,89755.0,3829.0,82.55774683797063
63939.02574073062,154839.0,89750.0,3830.0,82.56784070602589
63939.035834598675,154854.0,89780.0,3848.0,82.57793457408116
63939.04592846674,154827.0,89767.0,3855.0,82.5880284421437
63939.05602233479,154869.0,89790.0,3861.0,82.59812231019896
63939.06611620285,154897.0,89784.0,3868.0,82.60821617825422
63939.0762100709,154870.0,89770.0,3841.0,82.61831004630949
63939.086303938966,154879.0,89779.0,3837.0,82.62840391437203
63939.09639780702,154897.0,89768.0,3822.0,82.6384977824273
63939.10649167508,154868.0,89776.0,3837.0,82.64859165048256
63939.11658554313,154907.0,89790.0,3850.0,82.65868551853782
63939.12667941119,154913.0,89813.0,3870.0,82.66877938659309
63939.13677327925,154848.0,89757.0,3826.0,82.67887325465563
63939.146867147305,154867.0,89758.0,3848.0,82.68896712271089
63939.15696101536,154872.0,89767.0,3832.0,82.69906099076616
63939.167054883415,154851.0,89766.0,3859.0,82.70915485882142
63939.17714875148,154860.0,89763.0,3854.0,82.71924872688396
63939.18724261953,154871.0,89775.0,3852.0,82.72934259493923
63939.19733648759,154849.0,89781.0,3829.0,82.73943646299449
63939.207430355644,154870.0,89766.0,3847.0,82.74953033104975
63939.217524223706,154912.0,89801.0,3858.0,82.7596241991123
63939.22761809176,154902.0,89758.0,3875.0,82.76971806716756
63939.23771195982,154871.0,89752.0,3865.0,82.77981193522282
63939.24780582787,154912.0,89779.0,3856.0,82.78990580327809
63939.257899695935,154880.0,89825.0,3826.0,82.79999967134063
63939.26799356399,154931.0,89779.0,3896.0,82.8100935393959
63939.278087432045,154952.0,89789.0,3836.0,82.82018740745116
63939.2881813001,154960.0,89784.0,3864.0,82.83028127550642
63939.298275168156,154949.0,89791.0,3855.0,82.84037514356169
63939.30836903622,154989.0,89798.0,3890.0,82.85046901162423
63939.31846290427,155002.0,89777.0,3879.0,82.86056287967949
63939.32855677233,155013.0,89810.0,3864.0,82.87065674773476
63939.338650640384,155036.0,89807.0,3863.0,82.88075061579002
63939.34874450845,155000.0,89805.0,3874.0,82.89084448385256
63939.3588383765,155039.0,89834.0,3892.0,82.90093835190783
63939.36893224456,155051.0,89822.0,3883.0,82.91103221996309
63939.37902611261,155041.0,89809.0,3869.0,82.92112608801835
63939.389119980675,155028.0,89843.0,3882.0,82.9312199560809
63939.39921384873,155035.0,89806.0,3855.0,82.94131382413616
63939.409307716785,155059.0,89815.0,3882.0,82.95140769219142
63939.41940158484,155035.0,89796.0,3861.0,82.96150156024669
63939.4294954529,155084.0,89829.0,3899.0,82.97159542830923
63939.43958932096,155103.0,89832.0,3907.0,82.9816892963645
63939.449683189014,155077.0,89808.0,3880.0,82.99178316441976
63939.45977705707,155088.0,89846.0,3880.0,83.00187703247502
63939.469870925124,155118.0,89852.0,3904.0,83.01197090053029
63939.47996479319,155086.0,89816.0,3889.0,83.02206476859283
63939.49005866124,155108.0,89828.0,3886.0,83.03215863664809
63939.5001525293,155092.0,89844.0,3890.0,83.04225250470336
63939.51024639735,155101.0,89826.0,3887.0,83.05234637275862
63939.520340265415,155103.0,89820.0,3882.0,83.06244024082116
63939.53043413347,155086.0,89805.0,3876.0,83.07253410887643
63939.540528001526,155081.0,89828.0,3883.0,83.08262797693169
63939.55062186958,155159.0,89864.0,3882.0,83.09272184498695
63939.56071573764,155137.0,89833.0,3887.0,83.1028157130495
63939.5708096057,155155.0,89844.0,3892.0,83.11290958110476
63939.580903473754,155162.0,89824.0,3905.0,83.12300344916002
63939.59099734181,155183.0,89858.0,3927.0,83.13309731721529
63939.60109120987,155206.0,89865.0,3937.0,83.14319118527783
63939.61118507793,155181.0,89845.0,3909.0,83.1532850533331
63939.62127894598,155190.0,89854.0,3898.0,83.16337892138836
63939.63137281404,155199.0,89840.0,3892.0,83.17347278944362
63939.64146668209,155221.0,89862.0,3907.0,83.18356665749889
63939.651560550155,155225.0,89849.0,3905.0,83.19366052556143
63939.66165441821,155250.0,89861.0,3910.0,83.20375439361669
63939.671748286266,155232.0,89863.0,3942.0,83.21384826167196
63939.68184215432,155262.0,89849.0,3923.0,83.22394212972722
63939.691936022384,155247.0,89865.0,3907.0,83.23403599778976
63939.70202989044,155260.0,89887.0,3911.0,83.24412986584503
63939.712123758494,155276.0,89874.0,3939.0,83.25422373390029
63939.72221762655,155263.0,89839.0,3902.0,83.26431760195555
63939.73231149461,155267.0,89872.0,3920.0,83.2744114700181
63939.74240536267,155273.0,89833.0,3918.0,83.28450533807336
63939.75249923072,155319.0,89879.0,3932.0,83.29459920612862
63939.76259309878,155284.0,89857.0,3914.0,83.30469307418389
63939.77268696684,155302.0,89867.0,3929.0,83.31478694224643
63939.782780834896,155303.0,89856.0,3920.0,83.32488081030169
63939.79287470295,155323.0,89843.0,3906.0,83.33497467835696
63939.802968571006,155308.0,89863.0,3914.0,83.34506854641222
63939.81306243906,155308.0,89867.0,3946.0,83.35516241446749
63939.823156307124,155332.0,89872.0,3926.0,83.36525628253003
63939.83325017518,155340.0,89882.0,3940.0,83.37535015058529
63939.843344043235,155390.0,89907.0,3954.0,83.38544401864056
63939.85343791129,155346.0,89857.0,3948.0,83.39553788669582
63939.86353177935,155361.0,89873.0,3931.0,83.40563175475836
63939.87362564741,155359.0,89850.0,3951.0,83.41572562281362
63939.88371951546,155334.0,89857.0,3944.0,83.42581949086889
63939.89381338352,155276.0,89875.0,3917.0,83.43591335892415
63939.90390725158,155247.0,89850.0,3929.0,83.4460072269867
63939.914001119636,155167.0,89837.0,3889.0,83.45610109504196
63939.92409498769,155079.0,89837.0,3902.0,83.46619496309722
63939.93418885575,155034.0,89815.0,3914.0,83.47628883115249
63939.94428272381,154944.0,89783.0,3884.0,83.48638269921503
63939.954376591864,154885.0,89774.0,3884.0,83.49647656727029
63939.96447045992,154854.0,89769.0,3875.0,83.50657043532556
63939.974564327975,154849.0,89761.0,3853.0,83.51666430338082
63939.98465819603,154854.0,89765.0,3862.0,83.52675817143609
63939.99475206409,154827.0,89756.0,3863.0,83.53685203949863
63940.00484593215,154833.0,89771.0,3837.0,83.54694590755389
63940.0149398002,154846.0,89740.0,3844.0,83.55703977560916
63940.02503366826,154881.0,89772.0,3867.0,83.56713364366442
63940.03512753632,154886.0,89798.0,3857.0,83.57722751172696
63940.045221404376,154886.0,89771.0,3888.0,83.58732137978222
63940.05531527243,154921.0,89783.0,3845.0,83.59741524783749
63940.06540914049,154954.0,89771.0,3898.0,83.60750911589275
63940.07550300855,154937.0,89809.0,3898.0,83.6176029839553
63940.085596876605,154968.0,89775.0,3898.0,83.62769685201056
63940.09569074466,154965.0,89825.0,3902.0,83.63779072006582
63940.105784612715,154965.0,89798.0,3870.0,83.64788458812109
63940.11587848077,154970.0,89809.0,3884.0,83.65797845617635
63940.12597234883,154936.0,89763.0,3878.0,83.66807232423889
63940.13606621689,154969.0,89780.0,3884.0,83.67816619229416
63940.14616008494,154979.0,89800.0,3874.0,83.68826006034942
63940.156253953,154988.0,89802.0,3851.0,83.69835392840469
63940.16634782106,155021.0,89819.0,3896.0,83.70844779646723
63940.17644168912,154958.0,89794.0,3855.0,83.71854166452249
63940.18653555717,154991.0,89790.0,3874.0,83.72863553257775
63940.19662942523,155018.0,89797.0,3856.0,83.73872940063302
63940.20672329329,154947.0,89790.0,3857.0,83.74882326869556
63940.216817161345,154958.0,89786.0,3855.0,83.75891713675082
63940.2269110294,154960.0,89793.0,3869.0,83.76901100480609
63940.237004897455,154978.0,89792.0,3876.0,83.77910487286135
63940.24709876552,154921.0,89772.0,3851.0,83.7891987409239
63940.25719263357,154962.0,89815.0,3887.0,83.79929260897916
63940.26728650163,154959.0,89787.0,3860.0,83.80938647703442
63940.277380369684,154950.0,89767.0,3892.0,83.81948034508969
63940.28747423774,154984.0,89785.0,3891.0,83.82957421314495
63940.2975681058,154949.0,89766.0,3867.0,83.83966808120749
63940.30766197386,154984.0,89800.0,3895.0,83.84976194926276
63940.31775584191,154967.0,89791.0,3884.0,83.85985581731802
63940.32784970997,154975.0,89793.0,3867.0,83.86994968537329
63940.33794357803,154977.0,89801.0,3867.0,83.88004355343583
63940.348037446085,155049.0,89803.0,3908.0,83.89013742149109
63940.35813131414,155052.0,89839.0,3877.0,83.90023128954635
63940.368225182196,155057.0,89784.0,3884.0,83.91032515760162
63940.37831905026,155075.0,89806.0,3887.0,83.92041902566416
63940.38841291831,155100.0,89827.0,3911.0,83.93051289371942
63940.39850678637,155089.0,89820.0,3890.0,83.94060676177469
63940.408600654424,155100.0,89816.0,3877.0,83.95070062982995
63940.41869452248,155146.0,89833.0,3916.0,83.96079449788522
63940.42878839054,155121.0,89857.0,3918.0,83.97088836594776
63940.4388822586,155126.0,89833.0,3899.0,83.98098223400302
63940.44897612665,155140.0,89825.0,3926.0,83.99107610205829
63940.45906999471,155122.0,89828.0,3904.0,84.00116997011355
63940.46916386277,155092.0,89824.0,3865.0,84.01126383817609
63940.479257730825,155153.0,89829.0,3900.0,84.02135770623136
63940.48935159888,155177.0,89841.0,3927.0,84.03145157428662
63940.499445466936,155154.0,89836.0,3904.0,84.04154544234189
63940.509539335,155186.0,89833.0,3921.0,84.05163931040443
63940.519633203054,155173.0,89841.0,3911.0,84.06173317845969
63940.52972707111,155149.0,89852.0,3901.0,84.07182704651495
63940.539820939164,155208.0,89855.0,3927.0,84.08192091457022
63940.54991480723,155217.0,89850.0,3928.0,84.09201478263276
63940.56000867528,155187.0,89862.0,3910.0,84.10210865068802
63940.57010254334,155178.0,89818.0,3922.0,84.11220251874329
63940.58019641139,155242.0,89865.0,3932.0,84.12229638679855
63940.59029027945,155174.0,89833.0,3893.0,84.13239025485382
63940.60038414751,155201.0,89853.0,3893.0,84.14248412291636
63940.610478015566,155194.0,89870.0,3906.0,84.15257799097162
63940.62057188362,155204.0,89840.0,3906.0,84.16267185902689
63940.630665751676,155228.0,89864.0,3903.0,84.17276572708215
63940.64075961974,155246.0,89856.0,3922.0,84.18285959514469
63940.650853487794,155229.0,89861.0,3953.0,84.19295346319996
63940.66094735585,155230.0,89827.0,3893.0,84.20304733125522
63940.671041223904,155277.0,89887.0,3956.0,84.21314119931048
63940.68113509197,155282.0,89872.0,3920.0,84.22323506737303
63940.69122896002,155299.0,89847.0,3912.0,84.23332893542829
63940.70132282808,155313.0,89848.0,3905.0,84.24342280348355
63940.71141669613,155304.0,89886.0,3949.0,84.25351667153882
63940.721510564195,155302.0,89867.0,3939.0,84.26361053960136
63940.73160443225,155288.0,89866.0,3922.0,84.27370440765662
63940.741698300306,155311.0,89854.0,3947.0,84.28379827571189
63940.75179216836,155287.0,89875.0,3921.0,84.29389214376715
63940.76188603642,155320.0,89876.0,3937.0,84.30398601182242
63940.77197990448,155342.0,89872.0,3906.0,84.31407987988496
63940.782073772534,155351.0,89854.0,3930.0,84.32417374794022
63940.79216764059,155342.0,89867.0,3920.0,84.33426761599549
63940.802261508645,155347.0,89877.0,3944.0,84.34436148405075
63940.81235537671,155383.0,89907.0,3945.0,84.35445535211329
63940.82244924476,155350.0,89881.0,3922.0,84.36454922016856
63940.83254311282,155379.0,89903.0,3955.0,84.37464308822382
63940.84263698087,155393.0,89896.0,3933.0,84.38473695627908
63940.852730848936,155396.0,89871.0,3975.0,84.39483082434162
63940.86282471699,155403.0,89918.0,3958.0,84.40492469239689
63940.872918585046,155413.0,89909.0,3969.0,84.41501856045215
63940.8830124531,155372.0,89885.0,3923.0,84.42511242850742
63940.893106321164,155421.0,89863.0,3953.0,84.43520629656996
63940.90320018922,155461.0,89930.0,3941.0,84.44530016462522
63940.913294057274,155419.0,89891.0,3976.0,84.45539403268049
63940.92338792533,155452.0,89905.0,3954.0,84.46548790073575
63940.933481793385,155438.0,89916.0,3951.0,84.47558176879102
63940.94357566145,155396.0,89862.0,3958.0,84.48567563685356
63940.9536695295,155373.0,89858.0,3938.0,84.49576950490882
63940.96376339756,155330.0,89903.0,3943.0,84.50586337296409
63940.97385726561,155249.0,89846.0,3937.0,84.51595724101935
63940.983951133676,155142.0,89810.0,3942.0,84.52605110908189
63940.99404500173,155070.0,89812.0,3919.0,84.53614497713716
63941.00413886979,155040.0,89836.0,3946.0,84.54623884519242
63941.01423273784,154961.0,89783.0,3891.0,84.55633271324768
63941.024326605904,154947.0,89785.0,3887.0,84.56642658131022
63941.03442047396,154947.0,89795.0,3885.0,84.57652044936549
63941.044514342015,154913.0,89765.0,3856.0,84.58661431742075
63941.05460821007,154923.0,89778.0,3881.0,84.59670818547602
63941.06470207813,154917.0,89791.0,3895.0,84.60680205353856
63941.07479594619,154942.0,89759.0,3891.0,84.61689592159382
63941.08488981424,154931.0,89753.0,3864.0,84.62698978964909
63941.0949836823,154973.0,89792.0,3880.0,84.63708365770435
63941.10507755035,154962.0,89821.0,3903.0,84.64717752575962
63941.115171418416,154984.0,89784.0,3880.0,84.65727139382216
63941.12526528647,155031.0,89821.0,3901.0,84.66736526187742
63941.13535915453,155036.0,89796.0,3898.0,84.67745912993269
63941.14545302258,155007.0,89788.0,3882.0,84.68755299798795
63941.155546890644,155021.0,89767.0,3887.0,84.69764686605049
63941.1656407587,155061.0,89810.0,3905.0,84.70774073410576
63941.175734626755,155051.0,89811.0,3897.0,84.71783460216102
63941.18582849481,155036.0,89802.0,3896.0,84.72792847021628
63941.19592236287,155081.0,89830.0,3921.0,84.73802233827882
63941.20601623093,155055.0,89792.0,3885.0,84.74811620633409
63941.21611009898,155078.0,89812.0,3889.0,84.75821007438935
63941.22620396704,155064.0,89817.0,3897.0,84.76830394244462
63941.2362978351,155075.0,89804.0,3904.0,84.77839781050716
63941.24639170316,155056.0,89829.0,3898.0,84.78849167856242
63941.25648557121,155056.0,89816.0,3908.0,84.79858554661769
63941.26657943927,155056.0,89801.0,3921.0,84.80867941467295
63941.27667330732,155018.0,89779.0,3892.0,84.81877328272822
63941.286767175385,155034.0,89791.0,3893.0,84.82886715079076
63941.29686104344,155030.0,89798.0,3892.0,84.83896101884602
63941.306954911495,154985.0,89810.0,3905.0,84.84905488690129
63941.31704877955,155010.0,89795.0,3869.0,84.85914875495655
63941.32714264761,155018.0,89786.0,3883.0,84.86924262301909
63941.33723651567,155038.0,89803.0,3883.0,84.87933649107435
63941.34733038372,155011.0,89799.0,3884.0,84.88943035912962
63941.35742425178,155061.0,89811.0,3910.0,84.89952422718488
63941.36751811984,155045.0,89816.0,3912.0,84.90961809524742
63941.3776119879,155063.0,89796.0,3874.0,84.91971196330269
63941.38770585595,155067.0,89811.0,3914.0,84.92980583135795
63941.39779972401,155122.0,89779.0,3929.0,84.93989969941322
63941.40789359207,155092.0,89818.0,3892.0,84.94999356747576
63941.417987460125,155113.0,89806.0,3913.0,84.96008743553102
63941.42808132818,155115.0,89807.0,3913.0,84.97018130358629
63941.438175196236,155140.0,89811.0,3898.0,84.98027517164155
63941.44826906429,155171.0,89839.0,3930.0,84.99036903969682
63941.45836293235,155182.0,89833.0,3944.0,85.00046290775936
63941.46845680041,155185.0,89845.0,3924.0,85.01055677581462
63941.478550668464,155188.0,89832.0,3909.0,85.02065064386989
63941.48864453652,155220.0,89845.0,3926.0,85.03074451192515
63941.49873840458,155190.0,89811.0,3901.0,85.04083837998769
63941.50883227264,155205.0,89841.0,3920.0,85.05093224804295
63941.51892614069,155198.0,89841.0,3906.0,85.06102611609822
63941.52902000875,155189.0,89827.0,3909.0,85.07111998415348
63941.53911387681,155219.0,89824.0,3887.0,85.08121385221602
63941.549207744865,155218.0,89844.0,3916.0,85.09130772027129
63941.55930161292,155223.0,89847.0,3949.0,85.10140158832655
63941.569395480976,155211.0,89813.0,3897.0,85.11149545638182
63941.57948934904,155212.0,89858.0,3930.0,85.12158932444436
63941.58958321709,155253.0,89840.0,3923.0,85.13168319249962
63941.59967708515,155277.0,89826.0,3956.0,85.14177706055489
63941.609770953204,155256.0,89858.0,3905.0,85.15187092861015
63941.61986482126,155283.0,89874.0,3958.0,85.16196479666542
63941.62995868932,155263.0,89850.0,3939.0,85.17205866472796
63941.64005255738,155269.0,89860.0,3937.0,85.18215253278322
63941.65014642543,155281.0,89866.0,3951.0,85.19224640083848
63941.66024029349,155306.0,89849.0,3955.0,85.20234026889375
63941.67033416155,155278.0,89842.0,3924.0,85.21243413695629
63941.680428029606,155277.0,89855.0,3920.0,85.22252800501155
63941.69052189766,155302.0,89857.0,3959.0,85.23262187306682
63941.700615765716,155295.0,89882.0,3934.0,85.24271574112208
63941.71070963378,155304.0,89867.0,3942.0,85.25280960918462
63941.720803501834,155336.0,89870.0,3948.0,85.26290347723989
63941.73089736989,155278.0,89854.0,3932.0,85.27299734529515
63941.740991237944,155330.0,89876.0,3944.0,85.28309121335042
63941.751085106,155336.0,89857.0,3948.0,85.29318508140568
63941.76117897406,155335.0,89844.0,3947.0,85.30327894946822
63941.77127284212,155327.0,89844.0,3938.0,85.31337281752349
63941.78136671017,155377.0,89859.0,3947.0,85.32346668557875
63941.79146057823,155377.0,89871.0,3943.0,85.33356055363402
63941.80155444629,155358.0,89880.0,3928.0,85.34365442169656
63941.811648314346,155387.0,89892.0,3937.0,85.35374828975182
63941.8217421824,155394.0,89878.0,3975.0,85.36384215780708
63941.831836050456,155391.0,89870.0,3950.0,85.37393602586235
63941.84192991852,155420.0,89886.0,3969.0,85.38402989392489
63941.852023786574,155387.0,89859.0,3955.0,85.39412376198015
63941.86211765463,155387.0,89856.0,3925.0,85.40421763003542
63941.872211522685,155417.0,89886.0,3961.0,85.41431149809068
63941.88230539075,155452.0,89918.0,3945.0,85.42440536615322
63941.8923992588,155456.0,89902.0,3980.0,85.43449923420849
63941.90249312686,155449.0,89901.0,3960.0,85.44459310226375
63941.91258699491,155455.0,89893.0,3963.0,85.45468697031902
63941.92268086297,155472.0,89910.0,3977.0,85.46478083837428
63941.93277473103,155463.0,89904.0,3947.0,85.47487470643682
63941.942868599086,155486.0,89906.0,3962.0,85.48496857449209
63941.95296246714,155462.0,89893.0,3959.0,85.49506244254735
63941.9630563352,155460.0,89891.0,3998.0,85.50515631060262
63941.97315020326,155493.0,89906.0,3962.0,85.51525017866516
63941.983244071314,155498.0,89922.0,3992.0,85.52534404672042
63941.99333793937,155466.0,89896.0,3951.0,85.53543791477568
63942.003431807425,155460.0,89878.0,3966.0,85.54553178283095
63942.01352567549,155420.0,89894.0,3947.0,85.55562565089349
63942.02361954354,155330.0,89865.0,3969.0,85.56571951894875
63942.0337134116,155254.0,89838.0,3957.0,85.57581338700402
63942.04380727965,155159.0,89856.0,3930.0,85.58590725505928
63942.05390114771,155126.0,89817.0,3924.0,85.59600112311455
63942.06399501577,155073.0,89812.0,3932.0,85.60609499117709
63942.074088883826,155023.0,89795.0,3922.0,85.61618885923235
63942.08418275188,154984.0,89782.0,3902.0,85.62628272728762
63942.09427661994,154967.0,89750.0,3928.0,85.63637659534288
63942.104370488,154994.0,89790.0,3923.0,85.64647046340542
63942.114464356055,154960.0,89757.0,3901.0,85.65656433146069
63942.12455822411,155000.0,89783.0,3898.0,85.66665819951595
63942.134652092165,154991.0,89765.0,3880.0,85.67675206757121
63942.14474596023,155009.0,89785.0,3906.0,85.68684593563376
63942.15483982828,154999.0,89800.0,3902.0,85.69693980368902
63942.16493369634,155081.0,89796.0,3903.0,85.70703367174428
63942.17502756439,155082.0,89804.0,3920.0,85.71712753979955
63942.185121432456,155057.0,89828.0,3916.0,85.72722140786209
63942.19521530051,155062.0,89776.0,3883.0,85.73731527591735
63942.20530916857,155124.0,89826.0,3928.0,85.74740914397262
63942.21540303662,155125.0,89825.0,3932.0,85.75750301202788
63942.22549690468,155106.0,89825.0,3899.0,85.76759688008315
63942.23559077274,155144.0,89834.0,3927.0,85.77769074814569
63942.245684640795,155134.0,89813.0,3909.0,85.78778461620095
63942.25577850885,155133.0,89793.0,3908.0,85.79787848425622
63942.265872376905,155142.0,89807.0,3900.0,85.80797235231148
63942.27596624497,155159.0,89848.0,3930.0,85.81806622037402
63942.28606011302,155141.0,89824.0,3923.0,85.82816008842929
63942.29615398108,155145.0,89837.0,3948.0,85.83825395648455
63942.306247849134,155122.0,89809.0,3897.0,85.84834782453981
63942.316341717196,155134.0,89797.0,3919.0,85.85844169260236
63942.32643558525,155106.0,89815.0,3911.0,85.86853556065762
63942.33652945331,155056.0,89769.0,3910.0,85.87862942871288
63942.34662332136,155076.0,89797.0,3906.0,85.88872329676815
63942.356717189425,155060.0,89800.0,3885.0,85.89881716483069
63942.36681105748,155087.0,89807.0,3918.0,85.90891103288595
63942.376904925535,155101.0,89793.0,3931.0,85.91900490094122
63942.38699879359,155089.0,89783.0,3913.0,85.92909876899648
63942.397092661646,155091.0,89789.0,3887.0,85.93919263705175
63942.40718652971,155107.0,89807.0,3908.0,85.94928650511429
63942.41728039776,155125.0,89828.0,3902.0,85.95938037316955
63942.42737426582,155118.0,89802.0,3905.0,85.96947424122482
63942.437468133874,155128.0,89817.0,3910.0,85.97956810928008
63942.44756200194,155149.0,89814.0,3914.0,85.98966197734262
63942.45765586999,155156.0,89817.0,3895.0,85.99975584539789
63942.46774973805,155148.0,89792.0,3898.0,86.00984971345315
63942.4778436061,155145.0,89806.0,3909.0,86.01994358150841
63942.487937474165,155180.0,89824.0,3915.0,86.03003744957095
63942.49803134222,155196.0,89835.0,3935.0,86.04013131762622
63942.508125210275,155234.0,89825.0,3948.0,86.05022518568148
63942.51821907833,155243.0,89810.0,3957.0,86.06031905373675
63942.52831294639,155211.0,89829.0,3919.0,86.07041292179929
63942.53840681445,155241.0,89826.0,3932.0,86.08050678985455
63942.548500682504,155247.0,89839.0,3931.0,86.09060065790982
63942.55859455056,155246.0,89818.0,3921.0,86.10069452596508
63942.568688418614,155241.0,89847.0,3922.0,86.11078839402035
63942.57878228668,155276.0,89852.0,3937.0,86.12088226208289
63942.58887615473,155252.0,89817.0,3918.0,86.13097613013815
63942.59897002279,155271.0,89815.0,3933.0,86.14106999819342
63942.60906389084,155300.0,89872.0,3905.0,86.15116386624868
63942.619157758905,155280.0,89841.0,3950.0,86.16125773431122
63942.62925162696,155273.0,89831.0,3932.0,86.17135160236649
63942.639345495016,155295.0,89867.0,3938.0,86.18144547042175
63942.64943936307,155300.0,89845.0,3938.0,86.19153933847701
63942.65953323113,155309.0,89860.0,3947.0,86.20163320653955
63942.66962709919,155302.0,89827.0,3963.0,86.21172707459482
63942.679720967244,155296.0,89831.0,3954.0,86.22182094265008
63942.6898148353,155299.0,89865.0,3928.0,86.23191481070535
63942.69990870336,155323.0,89856.0,3946.0,86.24200867876789
63942.71000257142,155339.0,89854.0,3948.0,86.25210254682315
63942.72009643947,155315.0,89834.0,3956.0,86.26219641487842
63942.73019030753,155344.0,89864.0,3950.0,86.27229028293368
63942.74028417558,155325.0,89847.0,3938.0,86.28238415098895
63942.750378043645,155305.0,89854.0,3944.0,86.29247801905149
63942.7604719117,155324.0,89860.0,3954.0,86.30257188710675
63942.770565779756,155335.0,89839.0,3944.0,86.31266575516202
63942.78065964781,155372.0,89869.0,3957.0,86.32275962321728
63942.790753515874,155388.0,89860.0,3935.0,86.33285349127982
63942.80084738393,155386.0,89837.0,3948.0,86.34294735933508
63942.810941251984,155402.0,89867.0,3948.0,86.35304122739035
63942.82103512004,155394.0,89876.0,3961.0,86.36313509544561
63942.8311289881,155392.0,89884.0,3958.0,86.37322896350815
63942.84122285616,155429.0,89899.0,3981.0,86.38332283156342
63942.85131672421,155439.0,89891.0,3938.0,86.39341669961868
63942.86141059227,155420.0,89885.0,3963.0,86.40351056767395
63942.87150446033,155397.0,89840.0,3971.0,86.41360443573649
63942.881598328386,155428.0,89885.0,3960.0,86.42369830379175
63942.89169219644,155431.0,89848.0,3936.0,86.43379217184702
63942.901786064496,155437.0,89886.0,3968.0,86.44388603990228
63942.91187993255,155478.0,89873.0,3981.0,86.45397990795755
63942.921973800614,155447.0,89867.0,3973.0,86.46407377602009
63942.93206766867,155477.0,89867.0,3974.0,86.47416764407535
63942.942161536725,155483.0,89891.0,3981.0,86.48426151213062
63942.95225540478,155479.0,89878.0,3977.0,86.49435538018588
63942.96234927284,155474.0,89914.0,3989.0,86.50444924824842
63942.9724431409,155466.0,89867.0,3963.0,86.51454311630368
63942.98253700895,155500.0,89894.0,3973.0,86.52463698435895
63942.99263087701,155488.0,89864.0,3977.0,86.53473085241421
63943.00272474507,155505.0,89882.0,3993.0,86.54482472047675
63943.012818613126,155490.0,89877.0,3999.0,86.55491858853202
63943.02291248118,155528.0,89889.0,3970.0,86.56501245658728
63943.03300634924,155507.0,89894.0,3975.0,86.57510632464255
63943.0431002173,155542.0,89904.0,4008.0,86.58520019270509
63943.053194085354,155556.0,89925.0,3988.0,86.59529406076035
63943.06328795341,155509.0,89900.0,4010.0,86.60538792881562
63943.073381821465,155456.0,89903.0,3978.0,86.61548179687088
63943.08347568952,155403.0,89876.0,3983.0,86.62557566492615
63943.09356955758,155277.0,89850.0,3949.0,86.63566953298869
63943.10366342564,155200.0,89833.0,3967.0,86.64576340104395
63943.11375729369,155155.0,89832.0,3931.0,86.65585726909922
63943.12385116175,155111.0,89803.0,3899.0,86.66595113715448
63943.13394502981,155076.0,89777.0,3931.0,86.67604500521702
63943.144038897866,155010.0,89744.0,3906.0,86.68613887327228
63943.15413276592,155021.0,89774.0,3908.0,86.69623274132755
63943.16422663398,155012.0,89760.0,3893.0,86.70632660938281
63943.17432050204,155012.0,89778.0,3882.0,86.71642047744535
63943.184414370095,155029.0,89769.0,3899.0,86.72651434550062
63943.19450823815,155042.0,89787.0,3919.0,86.73660821355588
63943.204602106205,155068.0,89794.0,3919.0,86.74670208161115
63943.21469597427,155050.0,89769.0,3923.0,86.75679594967369
63943.22478984232,155083.0,89807.0,3913.0,86.76688981772895
63943.23488371038,155104.0,89796.0,3913.0,86.77698368578422
63943.24497757843,155161.0,89794.0,3934.0,86.78707755383948
63943.25507144649,155126.0,89812.0,3905.0,86.79717142189475
63943.26516531455,155150.0,89829.0,3944.0,86.80726528995729
63943.27525918261,155149.0,89816.0,3919.0,86.81735915801255
63943.28535305066,155182.0,89789.0,3943.0,86.82745302606781
63943.29544691872,155130.0,89827.0,3918.0,86.83754689412308
63943.30554078678,155149.0,89793.0,3909.0,86.84764076218562
63943.315634654835,155163.0,89816.0,3923.0,86.85773463024088
63943.32572852289,155168.0,89825.0,3910.0,86.86782849829615
63943.335822390945,155195.0,89837.0,3952.0,86.87792236635141
63943.34591625901,155200.0,89822.0,3916.0,86.88801623441395
63943.35601012706,155184.0,89824.0,3919.0,86.89811010246922
63943.36610399512,155144.0,89801.0,3931.0,86.90820397052448
63943.376197863174,155124.0,89813.0,3901.0,86.91829783857975
63943.38629173123,155148.0,89821.0,3908.0,86.92839170663501
63943.39638559929,155135.0,89807.0,3912.0,86.93848557469755
63943.40647946735,155089.0,89804.0,3943.0,86.94857944275282
63943.4165733354,155111.0,89801.0,3903.0,86.95867331080808
63943.42666720346,155117.0,89822.0,3952.0,86.96876717886335
63943.43676107152,155112.0,89807.0,3919.0,86.97886104692589
63943.446854939575,155125.0,89809.0,3903.0,86.98895491498115
63943.45694880763,155124.0,89807.0,3909.0,86.99904878303641
63943.467042675686,155143.0,89811.0,3916.0,87.00914265109168
63943.47713654375,155141.0,89804.0,3927.0,87.01923651915422
63943.4872304118,155152.0,89807.0,3914.0,87.02933038720948
63943.49732427986,155148.0,89825.0,3931.0,87.03942425526475
63943.507418147914,155154.0,89801.0,3911.0,87.04951812332001
63943.51751201598,155188.0,89816.0,3929.0,87.05961199138255
63943.52760588403,155197.0,89814.0,3904.0,87.06970585943782
63943.53769975209,155188.0,89825.0,3959.0,87.07979972749308
63943.54779362014,155181.0,89827.0,3912.0,87.08989359554835
63943.5578874882,155233.0,89827.0,3936.0,87.09998746360361
63943.56798135626,155262.0,89831.0,3933.0,87.11008133166615
63943.578075224315,155238.0,89822.0,3931.0,87.12017519972142
63943.58816909237,155262.0,89854.0,3960.0,87.13026906777668
63943.598262960426,155275.0,89840.0,3966.0,87.14036293583194
63943.60835682849,155254.0,89852.0,3958.0,87.15045680389449
63943.618450696544,155280.0,89856.0,3944.0,87.16055067194975
63943.6285445646,155290.0,89853.0,3972.0,87.17064454000501
63943.638638432654,155292.0,89843.0,3953.0,87.18073840806028
63943.64873230072,155306.0,89866.0,3942.0,87.19083227612282
63943.65882616877,155322.0,89870.0,3938.0,87.20092614417808
63943.66892003683,155319.0,89832.0,3942.0,87.21102001223335
63943.67901390488,155286.0,89833.0,3926.0,87.22111388028861
63943.689107772945,155311.0,89846.0,3954.0,87.23120774835115
63943.699201641,155336.0,89825.0,3961.0,87.24130161640642
63943.709295509056,155298.0,89839.0,3950.0,87.25139548446168
63943.71938937711,155345.0,89847.0,3936.0,87.26148935251695
63943.729483245166,155338.0,89850.0,3950.0,87.27158322057221
63943.73957711323,155325.0,89867.0,3990.0,87.28167708863475
63943.749670981284,155311.0,89819.0,3950.0,87.29177095669002
63943.75976484934,155348.0,89876.0,3962.0,87.30186482474528
63943.769858717395,155356.0,89845.0,3964.0,87.31195869280054
63943.77995258546,155363.0,89870.0,3937.0,87.32205256086309
63943.79004645351,155378.0,89880.0,3943.0,87.33214642891835
63943.80014032157,155370.0,89844.0,3966.0,87.34224029697361
63943.81023418962,155343.0,89860.0,3953.0,87.35233416502888
63943.820328057685,155401.0,89852.0,3972.0,87.36242803309142
63943.83042192574,155367.0,89831.0,3957.0,87.37252190114668
63943.840515793796,155363.0,89838.0,3953.0,87.38261576920195
63943.85060966185,155398.0,89855.0,3961.0,87.39270963725721
63943.86070352991,155411.0,89882.0,3971.0,87.40280350531248
63943.87079739797,155416.0,89844.0,3952.0,87.41289737337502
63943.880891266024,155437.0,89870.0,3977.0,87.42299124143028
63943.89098513408,155420.0,89870.0,3974.0,87.43308510948555
63943.901079002135,155446.0,89835.0,3972.0,87.44317897754081
63943.9111728702,155444.0,89861.0,3981.0,87.45327284560335
63943.92126673825,155447.0,89893.0,3994.0,87.46336671365862
63943.93136060631,155452.0,89879.0,3974.0,87.47346058171388
63943.94145447436,155434.0,89830.0,3974.0,87.48355444976914
63943.951548342426,155474.0,89901.0,3998.0,87.49364831783168
63943.96164221048,155454.0,89850.0,3968.0,87.50374218588695
63943.971736078536,155464.0,89874.0,3980.0,87.51383605394221
63943.98182994659,155457.0,89839.0,3963.0,87.52392992199748
63943.991923814654,155504.0,89897.0,4001.0,87.53402379006002
63944.00201768271,155462.0,89898.0,3969.0,87.54411765811528
63944.012111550765,155509.0,89889.0,3977.0,87.55421152617055
63944.02220541882,155518.0,89894.0,4005.0,87.56430539422581
63944.032299286875,155489.0,89860.0,4001.0,87.57439926228108
63944.04239315494,155539.0,89888.0,3979.0,87.58449313034362
63944.05248702299,155529.0,89891.0,3985.0,87.59458699839888
63944.06258089105,155568.0,89931.0,4010.0,87.60468086645415
63944.0726747591,155544.0,89890.0,3980.0,87.61477473450941
63944.082768627166,155561.0,89912.0,4004.0,87.62486860257195
63944.09286249522,155542.0,89891.0,3987.0,87.63496247062722
63944.10295636328,155523.0,89869.0,3984.0,87.64505633868248
63944.11305023133,155550.0,89913.0,4013.0,87.65515020673774
63944.123144099394,155468.0,89887.0,3970.0,87.66524407480028
63944.13323796745,155414.0,89866.0,3967.0,87.67533794285555
63944.143331835505,155299.0,89839.0,3962.0,87.68543181091081
63944.15342570356,155277.0,89844.0,3982.0,87.69552567896608
63944.16351957162,155162.0,89801.0,3932.0,87.70561954702862
63944.17361343968,155132.0,89802.0,3931.0,87.71571341508388
63944.18370730773,155111.0,89771.0,3929.0,87.72580728313915
63944.19380117579,155071.0,89770.0,3928.0,87.73590115119441
63944.203895043844,155051.0,89806.0,3918.0,87.74599501924968
63944.213988911906,155026.0,89789.0,3948.0,87.75608888731222
63944.22408277996,155047.0,89760.0,3916.0,87.76618275536748
63944.23417664802,155056.0,89778.0,3904.0,87.77627662342275
63944.24427051607,155096.0,89800.0,3935.0,87.78637049147801
63944.254364384135,155084.0,89777.0,3929.0,87.79646435954055
63944.26445825219,155096.0,89793.0,3918.0,87.80655822759581
63944.274552120245,155083.0,89788.0,3905.0,87.81665209565108
63944.2846459883,155127.0,89806.0,3916.0,87.82674596370634
63944.29473985636,155121.0,89785.0,3935.0,87.83683983176888
63944.30483372442,155140.0,89809.0,3932.0,87.84693369982415
63944.31492759247,155154.0,89822.0,3928.0,87.85702756787941
63944.32502146053,155125.0,89786.0,3924.0,87.86712143593468
63944.33511532859,155186.0,89839.0,3955.0,87.87721530399722
63944.34520919665,155167.0,89819.0,3939.0,87.88730917205248
63944.3553030647,155169.0,89821.0,3940.0,87.89740304010775
63944.36539693276,155177.0,89802.0,3917.0,87.90749690816301
63944.37549080081,155206.0,89818.0,3946.0,87.91759077621828
63944.385584668875,155189.0,89813.0,3936.0,87.92768464428082
63944.39567853693,155158.0,89818.0,3925.0,87.93777851233608
63944.405772404985,155188.0,89835.0,3967.0,87.94787238039135
63944.41586627304,155155.0,89812.0,3910.0,87.95796624844661
63944.4259601411,155160.0,89811.0,3942.0,87.96806011650915
63944.43605400916,155155.0,89825.0,3909.0,87.97815398456441
63944.446147877214,155151.0,89837.0,3938.0,87.98824785261968
63944.45624174527,155133.0,89796.0,3925.0,87.99834172067494
63944.46633561333,155150.0,89810.0,3940.0,88.00843558873748
63944.47642948139,155157.0,89837.0,3946.0,88.01852945679275
63944.48652334944,155109.0,89808.0,3914.0,88.02862332484801
63944.4966172175,155142.0,89795.0,3918.0,88.03871719290328
63944.50671108556,155140.0,89805.0,3929.0,88.04881106096582
63944.516804953615,155157.0,89809.0,3963.0,88.05890492902108
63944.52689882167,155161.0,89821.0,3921.0,88.06899879707635
63944.536992689726,155198.0,89799.0,3943.0,88.07909266513161
63944.54708655778,155187.0,89818.0,3930.0,88.08918653318688
63944.55718042584,155202.0,89810.0,3916.0,88.09928040124942
63944.5672742939,155224.0,89818.0,3919.0,88.10937426930468
63944.577368161954,155234.0,89827.0,3954.0,88.11946813735995
63944.58746203001,155234.0,89826.0,3943.0,88.12956200541521
63944.59755589807,155252.0,89814.0,3939.0,88.13965587347775
63944.60764976613,155279.0,89829.0,3957.0,88.14974974153301
63944.61774363418,155276.0,89826.0,3936.0,88.15984360958828
63944.62783750224,155267.0,89827.0,3949.0,88.16993747764354
63944.6379313703,155282.0,89855.0,3962.0,88.18003134570608
63944.648025238355,155287.0,89820.0,3955.0,88.19012521376135
63944.65811910641,155289.0,89829.0,3943.0,88.20021908181661
63944.668212974466,155293.0,89844.0,3935.0,88.21031294987188
63944.67830684253,155323.0,89855.0,3966.0,88.22040681793442
63944.688400710584,155286.0,89829.0,3938.0,88.23050068598968
63944.69849457864,155341.0,89882.0,3946.0,88.24059455404495
63944.708588446694,155324.0,89851.0,3970.0,88.25068842210021
63944.71868231475,155314.0,89845.0,3957.0,88.26078229015548
63944.72877618281,155338.0,89869.0,3983.0,88.27087615821802
63944.73887005087,155331.0,89822.0,3965.0,88.28097002627328
63944.74896391892,155280.0,89831.0,3915.0,88.29106389432854
63944.75905778698,155341.0,89826.0,3960.0,88.30115776238381
63944.76915165504,155347.0,89864.0,3954.0,88.31125163044635
63944.779245523096,155350.0,89828.0,3943.0,88.32134549850161
63944.78933939115,155362.0,89851.0,3982.0,88.33143936655688
63944.799433259206,155353.0,89865.0,3958.0,88.34153323461214
63944.80952712727,155333.0,89836.0,3951.0,88.35162710267468
63944.819620995324,155384.0,89874.0,3976.0,88.36172097072995
63944.82971486338,155389.0,89873.0,3972.0,88.37181483878521
63944.839808731434,155370.0,89858.0,3967.0,88.38190870684048
63944.8499025995,155353.0,89854.0,3940.0,88.39200257490302
63944.85999646755,155382.0,89857.0,3969.0,88.40209644295828
63944.87009033561,155394.0,89849.0,3984.0,88.41219031101355
63944.88018420366,155364.0,89828.0,3943.0,88.42228417906881
63944.89027807172,155369.0,89843.0,3958.0,88.43237804712408
63944.90037193978,155428.0,89884.0,3972.0,88.44247191518662
63944.910465807836,155419.0,89839.0,3965.0,88.45256578324188
63944.92055967589,155423.0,89859.0,3962.0,88.46265965129714
63944.93065354395,155439.0,89855.0,3991.0,88.47275351935241
63944.94074741201,155419.0,89856.0,3980.0,88.48284738741495
63944.950841280064,155432.0,89845.0,3972.0,88.49294125547021
63944.96093514812,155449.0,89882.0,3964.0,88.50303512352548
63944.971029016175,155475.0,89892.0,3978.0,88.51312899158074
63944.98112288424,155453.0,89855.0,3956.0,88.52322285964328
63944.99121675229,155468.0,89898.0,3986.0,88.53331672769855
63945.00131062035,155469.0,89870.0,3984.0,88.54341059575381
63945.0114044884,155438.0,89847.0,3967.0,88.55350446380908
63945.02149835646,155494.0,89880.0,3994.0,88.56359833186434
63945.03159222452,155467.0,89909.0,3997.0,88.57369219992688
63945.041686092576,155487.0,89873.0,3986.0,88.58378606798215
63945.05177996063,155497.0,89896.0,3983.0,88.59387993603741
63945.06187382869,155533.0,89905.0,4006.0,88.60397380409267
63945.07196769675,155512.0,89860.0,3989.0,88.61406767215522
63945.082061564804,155508.0,89888.0,3982.0,88.62416154021048
63945.09215543286,155509.0,89856.0,3991.0,88.63425540826574
63945.102249300915,155538.0,89898.0,3995.0,88.64434927632101
63945.11234316898,155527.0,89876.0,3970.0,88.65444314438355
63945.12243703703,155550.0,89895.0,3990.0,88.66453701243881
63945.13253090509,155553.0,89881.0,3964.0,88.67463088049408
63945.14262477314,155558.0,89878.0,3970.0,88.68472474854934
63945.152718641206,155589.0,89913.0,3996.0,88.69481861661188
63945.16281250926,155558.0,89887.0,3999.0,88.70491248466715
63945.17290637732,155532.0,89891.0,4000.0,88.71500635272241
63945.18300024537,155502.0,89878.0,3966.0,88.72510022077768
63945.19309411343,155485.0,89892.0,4000.0,88.73519408883294
63945.20318798149,155392.0,89847.0,3985.0,88.74528795689548
63945.213281849545,155299.0,89814.0,3951.0,88.75538182495075
63945.2233757176,155261.0,89839.0,3978.0,88.76547569300601
63945.233469585655,155164.0,89775.0,3935.0,88.77556956106127
63945.24356345372,155140.0,89797.0,3936.0,88.78566342912382
63945.25365732177,155116.0,89799.0,3948.0,88.79575729717908
63945.26375118983,155117.0,89791.0,3941.0,88.80585116523434
63945.27384505788,155043.0,89769.0,3940.0,88.81594503328961
63945.283938925946,155071.0,89773.0,3928.0,88.82603890135215
63945.294032794,155078.0,89789.0,3934.0,88.83613276940741
63945.30412666206,155062.0,89759.0,3906.0,88.84622663746268
63945.31422053011,155082.0,89789.0,3906.0,88.85632050551794
63945.324314398174,155082.0,89783.0,3907.0,88.86641437358048
63945.33440826623,155127.0,89777.0,3937.0,88.87650824163575
63945.344502134285,155143.0,89785.0,3926.0,88.88660210969101
63945.35459600234,155150.0,89795.0,3942.0,88.89669597774628
63945.364689870396,155169.0,89807.0,3954.0,88.90678984580154
63945.37478373846,155177.0,89843.0,3938.0,88.91688371386408
63945.38487760651,155145.0,89810.0,3918.0,88.92697758191935
63945.39497147457,155193.0,89817.0,3966.0,88.93707144997461
63945.405065342624,155180.0,89790.0,3934.0,88.94716531802987
63945.41515921069,155212.0,89777.0,3942.0,88.95725918609241
63945.42525307874,155180.0,89816.0,3983.0,88.96735305414768
63945.4353469468,155187.0,89812.0,3935.0,88.97744692220294
63945.44544081485,155226.0,89839.0,3952.0,88.98754079025821
63945.455534682915,155212.0,89814.0,3931.0,88.99763465832075
63945.46562855097,155197.0,89812.0,3929.0,89.00772852637601
63945.475722419025,155177.0,89806.0,3922.0,89.01782239443128
63945.48581628708,155210.0,89834.0,3955.0,89.02791626248654
63945.495910155136,155173.0,89795.0,3946.0,89.0380101305418
63945.5060040232,155157.0,89802.0,3917.0,89.04810399860435
63945.51609789125,155119.0,89812.0,3939.0,89.05819786665961
63945.52619175931,155142.0,89790.0,3925.0,89.06829173471488
63945.536285627364,155151.0,89801.0,3927.0,89.07838560277014
63945.54637949543,155142.0,89802.0,3936.0,89.08847947083268
63945.55647336348,155131.0,89776.0,3940.0,89.09857333888795
63945.56656723154,155136.0,89805.0,3930.0,89.10866720694321
63945.57666109959,155153.0,89803.0,3929.0,89.11876107499847
63945.586754967655,155169.0,89813.0,3932.0,89.12885494306101
63945.59684883571,155199.0,89826.0,3965.0,89.13894881111628
63945.606942703766,155177.0,89795.0,3941.0,89.14904267917154
63945.61703657182,155203.0,89812.0,3933.0,89.15913654722681
63945.62713043988,155201.0,89791.0,3947.0,89.16923041528935
63945.63722430794,155229.0,89820.0,3938.0,89.17932428334461
63945.647318175994,155256.0,89818.0,3955.0,89.18941815139988
63945.65741204405,155237.0,89825.0,3956.0,89.19951201945514
63945.667505912104,155253.0,89821.0,3928.0,89.2096058875104
63945.67759978017,155293.0,89817.0,3967.0,89.21969975557295
63945.68769364822,155279.0,89833.0,3981.0,89.22979362362821
63945.69778751628,155295.0,89832.0,3956.0,89.23988749168348
63945.70788138433,155255.0,89808.0,3951.0,89.24998135973874
63945.717975252395,155288.0,89821.0,3949.0,89.26007522780128
63945.72806912045,155284.0,89826.0,3947.0,89.27016909585655
63945.738162988506,155311.0,89832.0,3955.0,89.28026296391181
63945.74825685656,155326.0,89846.0,3966.0,89.29035683196707
63945.75835072462,155303.0,89833.0,3951.0,89.30045070002961
63945.76844459268,155301.0,89832.0,3936.0,89.31054456808488
63945.778538460734,155323.0,89844.0,3955.0,89.32063843614014
63945.78863232879,155302.0,89858.0,3974.0,89.33073230419541
63945.79872619685,155316.0,89830.0,3944.0,89.34082617225795
63945.80882006491,155327.0,89850.0,3935.0,89.35092004031321
63945.81891393296,155365.0,89833.0,3969.0,89.36101390836848
63945.82900780102,155330.0,89818.0,3987.0,89.37110777642374
63945.83910166907,155363.0,89851.0,3984.0,89.381201644479
63945.849195537136,155328.0,89867.0,3974.0,89.39129551254155
63945.85928940519,155347.0,89840.0,3969.0,89.40138938059681
63945.869383273246,155363.0,89853.0,3965.0,89.41148324865208
63945.8794771413,155370.0,89870.0,3979.0,89.42157711670734
63945.889571009364,155384.0,89856.0,3989.0,89.43167098476988
63945.89966487742,155365.0,89838.0,3969.0,89.44176485282514
63945.909758745474,155383.0,89866.0,3969.0,89.45185872088041
63945.91985261353,155373.0,89882.0,3981.0,89.46195258893567
63945.92994648159,155362.0,89859.0,3940.0,89.47204645699821
63945.94004034965,155410.0,89884.0,3993.0,89.48214032505348
63945.9501342177,155413.0,89841.0,3980.0,89.49223419310874
63945.96022808576,155398.0,89870.0,3978.0,89.50232806116401
63945.97032195382,155363.0,89859.0,3955.0,89.51242192922655
63945.980415821876,155424.0,89876.0,3988.0,89.52251579728181
63945.99050968993,155438.0,89864.0,3977.0,89.53260966533708
63946.000603557986,155425.0,89843.0,3974.0,89.54270353339234
63946.01069742604,155440.0,89884.0,3967.0,89.5527974014476
63946.020791294104,155420.0,89847.0,3954.0,89.56289126951015
63946.03088516216,155442.0,89860.0,3976.0,89.57298513756541
63946.040979030215,155446.0,89873.0,3973.0,89.58307900562068
63946.05107289827,155464.0,89843.0,3994.0,89.59317287367594
63946.06116676633,155482.0,89887.0,3990.0,89.60326674173848
63946.07126063439,155473.0,89871.0,3984.0,89.61336060979374
63946.08135450244,155458.0,89883.0,3959.0,89.62345447784901
63946.0914483705,155469.0,89866.0,3974.0,89.63354834590427
63946.10154223856,155467.0,89871.0,3983.0,89.64364221396681
63946.111636106616,155487.0,89869.0,3987.0,89.65373608202208
63946.12172997467,155494.0,89876.0,3979.0,89.66382995007734
63946.13182384273,155549.0,89884.0,4008.0,89.67392381813261
63946.14191771079,155491.0,89865.0,3986.0,89.68401768619515
63946.152011578844,155523.0,89885.0,3977.0,89.69411155425041
63946.1621054469,155524.0,89921.0,4006.0,89.70420542230568
63946.172199314955,155554.0,89896.0,3998.0,89.71429929036094
63946.18229318301,155551.0,89865.0,4006.0,89.7243931584162
63946.19238705107,155554.0,89885.0,4000.0,89.73448702647875
63946.20248091913,155513.0,89870.0,3969.0,89.74458089453401
63946.21257478718,155537.0,89912.0,3960.0,89.75467476258927
63946.22266865524,155568.0,89935.0,4022.0,89.76476863064454
63946.2327625233,155543.0,89882.0,3999.0,89.77486249870708
63946.242856391356,155541.0,89858.0,3988.0,89.78495636676234
63946.25295025941,155523.0,89887.0,3975.0,89.79505023481761
63946.26304412747,155454.0,89853.0,4021.0,89.80514410287287
63946.27313799553,155395.0,89843.0,3983.0,89.81523797093541
63946.283231863585,155353.0,89863.0,3960.0,89.82533183899068
63946.29332573164,155233.0,89793.0,3938.0,89.83542570704594
63946.303419599695,155183.0,89816.0,3965.0,89.8455195751012
63946.31351346776,155156.0,89777.0,3949.0,89.85561344316375
63946.32360733581,155122.0,89755.0,3951.0,89.86570731121901
63946.33370120387,155102.0,89747.0,3913.0,89.87580117927428
63946.34379507192,155060.0,89765.0,3927.0,89.88589504732954
63946.35388893998,155042.0,89773.0,3877.0,89.8959889153848
63946.36398280804,155081.0,89734.0,3950.0,89.90608278344735
63946.3740766761,155059.0,89758.0,3920.0,89.91617665150261
63946.38417054415,155129.0,89790.0,3939.0,89.92627051955787
63946.39426441221,155113.0,89793.0,3934.0,89.93636438761314
63946.40435828027,155139.0,89756.0,3933.0,89.94645825567568
63946.414452148325,155162.0,89779.0,3962.0,89.95655212373094
63946.42454601638,155148.0,89771.0,3954.0,89.96664599178621
63946.434639884435,155189.0,89798.0,3968.0,89.97673985984147
63946.4447337525,155159.0,89828.0,3935.0,89.98683372790401
63946.45482762055,155201.0,89817.0,3921.0,89.99692759595928
63946.46492148861,155173.0,89785.0,3929.0,90.00702146401454
63946.475015356664,155173.0,89810.0,3948.0,90.0171153320698
63946.485109224726,155193.0,89804.0,3934.0,90.02720920013235
63946.49520309278,155150.0,89805.0,3936.0,90.03730306818761
63946.50529696084,155212.0,89821.0,3968.0,90.04739693624288
63946.51539082889,155211.0,89781.0,3945.0,90.05749080429814
63946.52548469695,155208.0,89798.0,3931.0,90.0675846723534
63946.53557856501,155196.0,89807.0,3959.0,90.07767854041595
63946.545672433065,155177.0,89816.0,3968.0,90.08777240847121
63946.55576630112,155162.0,89801.0,3946.0,90.09786627652647
63946.565860169176,155171.0,89802.0,3938.0,90.10796014458174
63946.57595403724,155147.0,89780.0,3914.0,90.11805401264428
63946.58604790529,155134.0,89774.0,3937.0,90.12814788069954
63946.59614177335,155175.0,89774.0,3946.0,90.13824174875481
63946.606235641404,155151.0,89805.0,3942.0,90.14833561681007
63946.61632950947,155151.0,89792.0,3929.0,90.15842948487261
63946.62642337752,155113.0,89791.0,3933.0,90.16852335292788
63946.63651724558,155153.0,89810.0,3961.0,90.17861722098314
63946.64661111363,155163.0,89786.0,3934.0,90.1887110890384
63946.656704981695,155187.0,89824.0,3947.0,90.19880495710095
63946.66679884975,155190.0,89813.0,3939.0,90.20889882515621
63946.676892717805,155176.0,89792.0,3951.0,90.21899269321148
63946.68698658586,155206.0,89806.0,3939.0,90.22908656126674
63946.697080453916,155197.0,89839.0,3940.0,90.239180429322
63946.70717432198,155228.0,89806.0,3940.0,90.24927429738455
63946.717268190034,155213.0,89823.0,3963.0,90.25936816543981
63946.72736205809,155249.0,89813.0,3950.0,90.26946203349507
63946.737455926144,155265.0,89828.0,3976.0,90.27955590155034
63946.74754979421,155245.0,89789.0,3959.0,90.28964976961288
63946.75764366226,155212.0,89837.0,3942.0,90.29974363766814
63946.76773753032,155272.0,89832.0,3954.0,90.30983750572341
63946.77783139837,155260.0,89808.0,3960.0,90.31993137377867
63946.787925266435,155296.0,89824.0,3942.0,90.33002524184121
63946.79801913449,155304.0,89839.0,3980.0,90.34011910989648
63946.808113002546,155303.0,89829.0,3959.0,90.35021297795174
63946.8182068706,155282.0,89817.0,3942.0,90.360306846007
63946.828300738656,155334.0,89858.0,3976.0,90.37040071406227
63946.83839460672,155302.0,89825.0,3951.0,90.38049458212481
63946.848488474774,155313.0,89834.0,3968.0,90.39058845018008
63946.85858234283,155324.0,89854.0,3938.0,90.40068231823534
63946.868676210885,155318.0,89840.0,3964.0,90.4107761862906
63946.87877007895,155343.0,89832.0,3956.0,90.42087005435314
63946.888863947,155351.0,89866.0,3964.0,90.43096392240841
63946.89895781506,155335.0,89847.0,3963.0,90.44105779046367
63946.90905168311,155320.0,89819.0,3941.0,90.45115165851894
63946.919145551175,155342.0,89822.0,3946.0,90.46124552658148
63946.92923941923,155352.0,89837.0,3986.0,90.47133939463674
63946.939333287286,155347.0,89848.0,3980.0,90.48143326269201
63946.94942715534,155347.0,89833.0,3963.0,90.49152713074727
63946.959521023404,155380.0,89832.0,3998.0,90.50162099880981
63946.96961489146,155350.0,89842.0,3992.0,90.51171486686508
63946.979708759514,155389.0,89862.0,3974.0,90.52180873492034
63946.98980262757,155399.0,89842.0,3950.0,90.5319026029756
63946.999896495625,155365.0,89849.0,3995.0,90.54199647103087
63947.00999036369,155373.0,89837.0,3965.0,90.55209033909341
63947.02008423174,155421.0,89868.0,3996.0,90.56218420714868
63947.0301780998,155407.0,89843.0,3976.0,90.57227807520394
63947.04027196785,155373.0,89853.0,3964.0,90.5823719432592
63947.050365835916,155432.0,89865.0,3958.0,90.59246581132174
63947.06045970397,155412.0,89850.0,3982.0,90.60255967937701
63947.070553572026,155417.0,89825.0,4000.0,90.61265354743227
63947.08064744008,155450.0,89886.0,3992.0,90.62274741548754
63947.090741308144,155460.0,89855.0,3986.0,90.63284128355008
63947.1008351762,155454.0,89845.0,3982.0,90.64293515160534
63947.110929044255,155406.0,89827.0,3966.0,90.65302901966061
63947.12102291231,155479.0,89868.0,3971.0,90.66312288771587
63947.131116780365,155460.0,89850.0,3966.0,90.67321675577114
63947.14121064843,155467.0,89862.0,3992.0,90.68331062383368
63947.15130451648,155484.0,89886.0,3996.0,90.69340449188894
63947.16139838454,155489.0,89844.0,4000.0,90.7034983599442
63947.17149225259,155448.0,89832.0,3971.0,90.71359222799947
63947.181586120656,155492.0,89863.0,3993.0,90.72368609606201
63947.19167998871,155529.0,89874.0,4003.0,90.73377996411728
63947.20177385677,155495.0,89850.0,3983.0,90.74387383217254
63947.21186772482,155518.0,89876.0,3996.0,90.7539677002278
63947.221961592884,155520.0,89868.0,3987.0,90.76406156829034
63947.23205546094,155541.0,89870.0,3997.0,90.77415543634561
63947.242149328995,155519.0,89849.0,3995.0,90.78424930440087
63947.25224319705,155548.0,89891.0,3998.0,90.79434317245614
63947.26233706511,155539.0,89886.0,3995.0,90.80443704051868
63947.27243093317,155530.0,89855.0,3991.0,90.81453090857394
63947.28252480122,155557.0,89861.0,4034.0,90.82462477662921
63947.29261866928,155534.0,89857.0,4002.0,90.83471864468447
63947.302712537334,155555.0,89883.0,4001.0,90.84481251273974
63947.312806405396,155517.0,89866.0,3996.0,90.85490638080228
63947.32290027345,155556.0,89905.0,4020.0,90.86500024885754
63947.33299414151,155482.0,89834.0,3974.0,90.8750941169128
63947.34308800956,155424.0,89844.0,3995.0,90.88518798496807
63947.353181877625,155354.0,89838.0,4008.0,90.89528185303061
63947.36327574568,155269.0,89798.0,3960.0,90.90537572108587
63947.373369613735,155212.0,89771.0,3949.0,90.91546958914114
63947.38346348179,155156.0,89793.0,3951.0,90.9255634571964
63947.39355734985,155095.0,89797.0,3958.0,90.93565732525894
63947.40365121791,155083.0,89772.0,3922.0,90.94575119331421
63947.41374508596,155105.0,89794.0,3963.0,90.95584506136947
63947.42383895402,155049.0,89748.0,3958.0,90.96593892942474
63947.43393282208,155073.0,89738.0,3939.0,90.97603279748728
63947.44402669014,155122.0,89755.0,3931.0,90.98612666554254
63947.45412055819,155097.0,89806.0,3950.0,90.9962205335978
63947.46421442625,155115.0,89776.0,3939.0,91.00631440165307
63947.4743082943,155112.0,89811.0,3950.0,91.01640826970834
63947.484402162365,155173.0,89806.0,3957.0,91.02650213777088
63947.49449603042,155143.0,89764.0,3940.0,91.03659600582614
63947.504589898475,155177.0,89799.0,3946.0,91.0466898738814
63947.51468376653,155178.0,89801.0,3949.0,91.05678374193667
63947.52477763459,155189.0,89808.0,3946.0,91.06687760999921
63947.53487150265,155155.0,89802.0,3926.0,91.07697147805447
63947.544965370704,155199.0,89794.0,3977.0,91.08706534610974
63947.55505923876,155190.0,89782.0,3948.0,91.097159214165
63947.56515310682,155180.0,89782.0,3944.0,91.10725308222754
63947.57524697488,155228.0,89823.0,3969.0,91.11734695028281
63947.58534084293,155202.0,89802.0,3935.0,91.12744081833807
63947.59543471099,155217.0,89822.0,3941.0,91.13753468639334
63947.60552857905,155169.0,89836.0,3939.0,91.14762855445588
63947.615622447105,155225.0,89793.0,3966.0,91.15772242251114
63947.62571631516,155175.0,89796.0,3936.0,91.1678162905664
63947.635810183216,155182.0,89804.0,3947.0,91.17791015862167
63947.64590405127,155174.0,89791.0,3967.0,91.18800402667694
63947.65599791933,155134.0,89786.0,3940.0,91.19809789473948
63947.66609178739,155176.0,89816.0,3963.0,91.20819176279474
63947.676185655444,155162.0,89800.0,3935.0,91.21828563085
63947.6862795235,155156.0,89775.0,3957.0,91.22837949890527
63947.69637339156,155163.0,89788.0,3937.0,91.23847336696781
63947.70646725962,155180.0,89801.0,3961.0,91.24856723502307
63947.71656112767,155152.0,89784.0,3936.0,91.25866110307834
63947.72665499573,155160.0,89817.0,3930.0,91.2687549711336
63947.73674886379,155145.0,89795.0,3936.0,91.27884883919614
63947.746842731845,155204.0,89810.0,3968.0,91.28894270725141
63947.7569365999,155209.0,89803.0,3957.0,91.29903657530667
63947.767030467956,155206.0,89797.0,3946.0,91.30913044336194
63947.77712433602,155221.0,89807.0,3974.0,91.31922431142448
63947.787218204074,155238.0,89828.0,3949.0,91.32931817947974
63947.79731207213,155250.0,89810.0,3949.0,91.339412047535
63947.807405940184,155234.0,89833.0,3956.0,91.34950591559027
63947.81749980824,155286.0,89794.0,3962.0,91.35959978364554
63947.8275936763,155249.0,89806.0,3947.0,91.36969365170808
63947.83768754436,155271.0,89819.0,3970.0,91.37978751976334
63947.84778141241,155285.0,89826.0,3964.0,91.3898813878186
63947.85787528047,155263.0,89812.0,3948.0,91.39997525587387
63947.86796914853,155323.0,89845.0,3962.0,91.41006912393641
63947.878063016586,155307.0,89826.0,3969.0,91.42016299199167
63947.88815688464,155306.0,89838.0,3957.0,91.43025686004694
63947.898250752696,155333.0,89851.0,3944.0,91.4403507281022
63947.90834462076,155308.0,89833.0,3988.0,91.45044459616474
63947.918438488814,155334.0,89829.0,3969.0,91.46053846422001
63947.92853235687,155291.0,89814.0,3945.0,91.47063233227527
63947.938626224925,155319.0,89837.0,3975.0,91.48072620033054
63947.94872009299,155323.0,89794.0,3965.0,91.49082006839308
63947.95881396104,155334.0,89808.0,3951.0,91.50091393644834
63947.9689078291,155318.0,89814.0,3939.0,91.5110078045036
63947.97900169715,155331.0,89807.0,3969.0,91.52110167255887
63947.98909556521,155334.0,89842.0,3989.0,91.53119554061414
63947.99918943327,155357.0,89834.0,3978.0,91.54128940867668
63948.009283301326,155350.0,89856.0,3980.0,91.55138327673194
63948.01937716938,155346.0,89842.0,3967.0,91.5614771447872
63948.02947103744,155386.0,89851.0,3945.0,91.57157101284247
63948.0395649055,155357.0,89845.0,3936.0,91.58166488090501
63948.049658773554,155363.0,89819.0,3995.0,91.59175874896027
63948.05975264161,155364.0,89829.0,3971.0,91.60185261701554
63948.069846509665,155389.0,89863.0,3992.0,91.6119464850708
63948.07994037773,155364.0,89838.0,3949.0,91.62204035313334
63948.09003424578,155392.0,89815.0,3966.0,91.63213422118861
63948.10012811384,155394.0,89838.0,4006.0,91.64222808924387
63948.11022198189,155386.0,89839.0,4009.0,91.65232195729914
63948.120315849956,155401.0,89830.0,3979.0,91.66241582536168
63948.13040971801,155414.0,89859.0,3977.0,91.67250969341694
63948.140503586066,155392.0,89822.0,3989.0,91.6826035614722
63948.15059745412,155432.0,89833.0,3983.0,91.69269742952747
63948.16069132218,155469.0,89875.0,3976.0,91.70279129758273
63948.17078519024,155443.0,89857.0,3983.0,91.71288516564528
63948.180879058295,155437.0,89859.0,3981.0,91.72297903370054
63948.19097292635,155464.0,89867.0,3993.0,91.7330729017558
63948.201066794405,155446.0,89828.0,4006.0,91.74316676981107
63948.21116066247,155474.0,89852.0,3994.0,91.75326063787361
63948.22125453052,155481.0,89862.0,3979.0,91.76335450592887
63948.23134839858,155493.0,89874.0,3995.0,91.77344837398414
63948.24144226663,155463.0,89853.0,3970.0,91.7835422420394
63948.251536134696,155489.0,89861.0,4002.0,91.79363611010194
63948.26163000275,155499.0,89855.0,4001.0,91.80372997815721
63948.27172387081,155511.0,89872.0,4029.0,91.81382384621247
63948.28181773886,155495.0,89827.0,3990.0,91.82391771426774
63948.291911606924,155523.0,89874.0,3997.0,91.83401158233028
63948.30200547498,155503.0,89867.0,4011.0,91.84410545038554
63948.312099343035,155529.0,89854.0,3982.0,91.8541993184408
63948.32219321109,155534.0,89886.0,4000.0,91.86429318649607
63948.332287079145,155533.0,89870.0,3995.0,91.87438705455133
63948.34238094721,155539.0,89861.0,4010.0,91.88448092261388
63948.35247481526,155534.0,89869.0,3989.0,91.89457479066914
63948.36256868332,155582.0,89921.0,4042.0,91.9046686587244
63948.372662551374,155552.0,89864.0,4008.0,91.91476252677967
63948.382756419436,155551.0,89866.0,4022.0,91.92485639484221
63948.39285028749,155546.0,89889.0,4018.0,91.93495026289747
63948.40294415555,155483.0,89859.0,3985.0,91.94504413095274
63948.4130380236,155418.0,89841.0,3990.0,91.955137999008
63948.423131891665,155348.0,89832.0,3978.0,91.96523186707054
63948.43322575972,155276.0,89837.0,4003.0,91.97532573512581
63948.443319627775,155206.0,89808.0,3956.0,91.98541960318107
63948.45341349583,155184.0,89781.0,3962.0,91.99551347123634
63948.463507363886,155137.0,89771.0,3962.0,92.0056073392916
63948.47360123195,155106.0,89762.0,3937.0,92.01570120735414
63948.4836951,155107.0,89787.0,3942.0,92.0257950754094
63948.49378896806,155111.0,89786.0,3950.0,92.03588894346467
63948.503882836114,155065.0,89771.0,3953.0,92.04598281151993
63948.51397670418,155083.0,89751.0,3918.0,92.05607667958247
63948.52407057223,155133.0,89786.0,3964.0,92.06617054763774
63948.53416444029,155128.0,89774.0,3943.0,92.076264415693
63948.54425830834,155119.0,89756.0,3927.0,92.08635828374827
63948.554352176405,155142.0,89762.0,3941.0,92.09645215181081
63948.56444604446,155114.0,89768.0,3947.0,92.10654601986607
63948.574539912515,155178.0,89778.0,3921.0,92.11663988792134
63948.58463378057,155146.0,89774.0,3951.0,92.1267337559766
63948.59472764863,155147.0,89782.0,3938.0,92.13682762403914
63948.60482151669,155197.0,89827.0,3934.0,92.1469214920944
63948.614915384744,155166.0,89775.0,3960.0,92.15701536014967
63948.6250092528,155173.0,89772.0,3939.0,92.16710922820494
63948.635103120854,155169.0,89777.0,3955.0,92.1772030962602
63948.64519698892,155182.0,89791.0,3957.0,92.18729696432274
63948.65529085697,155219.0,89794.0,3969.0,92.197390832378
63948.66538472503,155196.0,89810.0,3943.0,92.20748470043327
63948.67547859308,155190.0,89782.0,3945.0,92.21757856848853
63948.685572461145,155170.0,89794.0,3959.0,92.22767243655107
63948.6956663292,155159.0,89785.0,3933.0,92.23776630460634
63948.705760197256,155193.0,89798.0,3949.0,92.2478601726616
63948.71585406531,155204.0,89812.0,3936.0,92.25795404071687
63948.72594793337,155196.0,89781.0,3986.0,92.26804790877941
63948.73604180143,155141.0,89778.0,3941.0,92.27814177683467
63948.746135669484,155149.0,89790.0,3949.0,92.28823564488994
63948.75622953754,155163.0,89794.0,3933.0,92.2983295129452
63948.766323405594,155116.0,89750.0,3918.0,92.30842338100047
63948.77641727366,155123.0,89791.0,3945.0,92.318517249063
63948.78651114171,155163.0,89777.0,3935.0,92.32861111711827
63948.79660500977,155156.0,89788.0,3916.0,92.33870498517354
63948.80669887782,155207.0,89801.0,3966.0,92.3487988532288
63948.816792745885,155173.0,89773.0,3979.0,92.35889272129134
63948.82688661394,155192.0,89790.0,3938.0,92.3689865893466
63948.836980481996,155203.0,89802.0,3957.0,92.37908045740187
63948.84707435005,155223.0,89789.0,3949.0,92.38917432545713
63948.857168218114,155234.0,89805.0,3947.0,92.39926819351967
63948.86726208617,155247.0,89800.0,3954.0,92.40936206157494
63948.877355954224,155267.0,89818.0,3953.0,92.4194559296302
63948.88744982228,155238.0,89787.0,3947.0,92.42954979768547
63948.89754369034,155289.0,89844.0,3950.0,92.43964366574801
63948.9076375584,155269.0,89818.0,3966.0,92.44973753380327
63948.91773142645,155275.0,89775.0,3960.0,92.45983140185854
63948.92782529451,155269.0,89769.0,3943.0,92.4699252699138
63948.93791916256,155302.0,89828.0,3954.0,92.48001913796907
63948.948013030626,155298.0,89820.0,3972.0,92.4901130060316
63948.95810689868,155287.0,89798.0,3996.0,92.50020687408687
63948.968200766736,155312.0,89824.0,3967.0,92.51030074214214
63948.97829463479,155309.0,89803.0,3950.0,92.5203946101974
63948.988388502854,155320.0,89832.0,3973.0,92.53048847825994
63948.99848237091,155309.0,89818.0,3969.0,92.5405823463152
63949.008576238964,155292.0,89809.0,3970.0,92.55067621437047
63949.01867010702,155333.0,89809.0,3985.0,92.56077008242573
63949.02876397508,155302.0,89807.0,3968.0,92.57086395048827
63949.03885784314,155364.0,89812.0,3991.0,92.58095781854354
63949.04895171119,155335.0,89849.0,4002.0,92.5910516865988
63949.05904557925,155318.0,89806.0,3948.0,92.60114555465407
63949.06913944731,155329.0,89821.0,3971.0,92.61123942271661
63949.079233315366,155333.0,89822.0,3963.0,92.62133329077187
63949.08932718342,155360.0,89811.0,3959.0,92.63142715882714
63949.09942105148,155316.0,89816.0,3984.0,92.6415210268824
63949.10951491953,155354.0,89820.0,3974.0,92.65161489493767
63949.119608787594,155376.0,89835.0,3975.0,92.6617087630002
63949.12970265565,155339.0,89805.0,3960.0,92.67180263105547
63949.139796523705,155360.0,89833.0,3987.0,92.68189649911074
63949.14989039176,155386.0,89840.0,3974.0,92.691990367166
63949.15998425982,155351.0,89833.0,3964.0,92.70208423522854
63949.17007812788,155370.0,89852.0,3976.0,92.7121781032838
63949.18017199593,155363.0,89847.0,3991.0,92.72227197133907
63949.19026586399,155375.0,89840.0,3956.0,92.73236583939433
63949.20035973205,155421.0,89841.0,3985.0,92.74245970745687
63949.210453600106,155417.0,89834.0,3981.0,92.75255357551214
63949.22054746816,155449.0,89862.0,4012.0,92.7626474435674
63949.23064133622,155451.0,89845.0,4009.0,92.77274131162267
63949.24073520428,155439.0,89880.0,3988.0,92.78283517968521
63949.250829072334,155438.0,89842.0,3988.0,92.79292904774047
63949.26092294039,155458.0,89859.0,4000.0,92.80302291579574
63949.271016808445,155457.0,89835.0,3977.0,92.813116783851
63949.2811106765,155463.0,89852.0,3993.0,92.82321065190627
63949.29120454456,155468.0,89844.0,4010.0,92.8333045199688
63949.30129841262,155442.0,89830.0,3976.0,92.84339838802407
63949.31139228067,155474.0,89853.0,4004.0,92.85349225607933
63949.32148614873,155482.0,89851.0,4012.0,92.8635861241346
63949.33158001679,155475.0,89849.0,3980.0,92.87367999219714
63949.34167388485,155471.0,89843.0,3993.0,92.8837738602524
63949.3517677529,155471.0,89876.0,3995.0,92.89386772830767
63949.36186162096,155501.0,89865.0,4007.0,92.90396159636293
63949.37195548902,155536.0,89865.0,4023.0,92.91405546442547
63949.382049357075,155480.0,89892.0,4004.0,92.92414933248074
63949.39214322513,155503.0,89857.0,3983.0,92.934243200536
63949.402237093185,155528.0,89868.0,4016.0,92.94433706859127
63949.41233096125,155541.0,89863.0,3991.0,92.95443093665381
63949.4224248293,155573.0,89875.0,4036.0,92.96452480470907
63949.43251869736,155541.0,89866.0,3998.0,92.97461867276434
63949.44261256541,155539.0,89857.0,4019.0,92.9847125408196
63949.45270643347,155583.0,89867.0,3995.0,92.99480640887487
63949.46280030153,155534.0,89857.0,4026.0,93.0049002769374
63949.47289416959,155466.0,89835.0,4009.0,93.01499414499267
63949.48298803764,155440.0,89840.0,3995.0,93.02508801304793
63949.4930819057,155326.0,89836.0,4018.0,93.0351818811032
63949.50317577376,155302.0,89810.0,3966.0,93.04527574916574
63949.513269641815,155229.0,89805.0,4001.0,93.055369617221
63949.52336350987,155184.0,89779.0,3958.0,93.06546348527627
63949.533457377926,155118.0,89760.0,3937.0,93.07555735333153
63949.54355124599,155086.0,89745.0,3936.0,93.08565122139407
63949.55364511404,155069.0,89753.0,3928.0,93.09574508944934
63949.5637389821,155110.0,89765.0,3959.0,93.1058389575046
63949.573832850154,155098.0,89762.0,3953.0,93.11593282555987
63949.58392671822,155124.0,89783.0,3957.0,93.1260266936224
63949.59402058627,155099.0,89757.0,3920.0,93.13612056167767
63949.60411445433,155121.0,89771.0,3950.0,93.14621442973294
63949.61420832238,155142.0,89775.0,3924.0,93.1563082977882
63949.62430219044,155129.0,89751.0,3922.0,93.16640216584346
63949.6343960585,155175.0,89787.0,3940.0,93.176496033906
63949.644489926555,155166.0,89774.0,3940.0,93.18658990196127
63949.65458379461,155172.0,89770.0,3940.0,93.19668377001653
63949.664677662666,155151.0,89781.0,3945.0,93.2067776380718
63949.67477153073,155201.0,89804.0,3956.0,93.21687150613434
63949.68486539878,155182.0,89778.0,3967.0,93.2269653741896
63949.69495926684,155178.0,89765.0,3982.0,93.23705924224487
63949.705053134894,155181.0,89781.0,3947.0,93.24715311030013
63949.71514700296,155174.0,89770.0,3936.0,93.25724697836267
63949.72524087101,155153.0,89794.0,3941.0,93.26734084641794
63949.73533473907,155198.0,89760.0,3953.0,93.2774347144732
63949.74542860712,155175.0,89766.0,3934.0,93.28752858252847
63949.755522475185,155185.0,89769.0,3939.0,93.297622450591
63949.76561634324,155168.0,89796.0,3946.0,93.30771631864627
63949.775710211296,155191.0,89787.0,3949.0,93.31781018670154
63949.78580407935,155196.0,89774.0,3954.0,93.3279040547568
63949.795897947406,155172.0,89767.0,3936.0,93.33799792281206
63949.80599181547,155133.0,89761.0,3949.0,93.3480917908746
63949.816085683524,155154.0,89792.0,3941.0,93.35818565892987
63949.82617955158,155164.0,89790.0,3941.0,93.36827952698513
63949.836273419634,155174.0,89806.0,3961.0,93.3783733950404
63949.8463672877,155165.0,89802.0,3927.0,93.38846726310294
63949.85646115575,155156.0,89785.0,3949.0,93.3985611311582
63949.86655502381,155178.0,89761.0,3993.0,93.40865499921347
63949.87664889186,155207.0,89779.0,3969.0,93.41874886726873
63949.886742759925,155178.0,89779.0,3929.0,93.42884273533127
63949.89683662798,155212.0,89800.0,3951.0,93.43893660338654
63949.906930496036,155244.0,89802.0,3984.0,93.4490304714418
63949.91702436409,155221.0,89783.0,3964.0,93.45912433949707
63949.92711823215,155223.0,89778.0,3953.0,93.4692182075596
63949.93721210021,155253.0,89801.0,3963.0,93.47931207561487
63949.947305968264,155238.0,89797.0,3976.0,93.48940594367014
63949.95739983632,155246.0,89805.0,3968.0,93.4994998117254
63949.967493704375,155285.0,89811.0,4012.0,93.50959367978066
63949.97758757244,155272.0,89795.0,3963.0,93.5196875478432
63949.98768144049,155279.0,89776.0,3966.0,93.52978141589847
63949.99777530855,155295.0,89779.0,3967.0,93.53987528395373
63950.0078691766,155275.0,89800.0,3970.0,93.549969152009
63950.017963044666,155320.0,89811.0,3970.0,93.56006302007154
63950.02805691272,155295.0,89802.0,3979.0,93.5701568881268
63950.038150780776,155337.0,89818.0,3981.0,93.58025075618207
63950.04824464883,155332.0,89832.0,3975.0,93.59034462423733
63950.058338516894,155319.0,89811.0,3973.0,93.60043849229987
63950.06843238495,155333.0,89790.0,3988.0,93.61053236035514
63950.078526253004,155328.0,89821.0,3971.0,93.6206262284104
63950.08862012106,155309.0,89838.0,3981.0,93.63072009646567
63950.098713989115,155367.0,89848.0,3999.0,93.64081396452093
63950.10880785718,155317.0,89809.0,3970.0,93.65090783258347
63950.11890172523,155292.0,89784.0,3990.0,93.66100170063874
63950.12899559329,155354.0,89840.0,4002.0,93.671095568694
63950.13908946134,155345.0,89818.0,3984.0,93.68118943674926
63950.149183329406,155369.0,89827.0,3999.0,93.6912833048118
63950.15927719746,155327.0,89839.0,3984.0,93.70137717286707
63950.169371065516,155322.0,89821.0,3964.0,93.71147104092233
63950.17946493357,155367.0,89813.0,3975.0,93.7215649089776
63950.189558801634,155342.0,89827.0,3988.0,93.73165877704014
63950.19965266969,155407.0,89854.0,4007.0,93.7417526450954
63950.209746537745,155350.0,89814.0,3971.0,93.75184651315067
63950.2198404058,155390.0,89829.0,3985.0,93.76194038120593
63950.22993427386,155338.0,89845.0,3965.0,93.77203424926847
63950.24002814192,155382.0,89805.0,3987.0,93.78212811732374
63950.25012200997,155399.0,89833.0,3980.0,93.792221985379
63950.26021587803,155408.0,89834.0,4019.0,93.80231585343427
63950.27030974608,155414.0,89846.0,4002.0,93.81240972148953
63950.280403614146,155381.0,89823.0,3980.0,93.82250358955207
63950.2904974822,155420.0,89849.0,3995.0,93.83259745760733
63950.30059135026,155419.0,89841.0,3974.0,93.8426913256626
63950.31068521831,155445.0,89848.0,3998.0,93.85278519371786
63950.320779086374,155445.0,89840.0,3981.0,93.8628790617804
63950.33087295443,155457.0,89848.0,4016.0,93.87297292983567
63950.340966822485,155448.0,89815.0,3981.0,93.88306679789093
63950.35106069054,155471.0,89843.0,4008.0,93.8931606659462
63950.3611545586,155455.0,89870.0,4004.0,93.90325453400874
63950.37124842666,155466.0,89813.0,3994.0,93.913348402064
63950.38134229471,155465.0,89840.0,4012.0,93.92344227011927
63950.39143616277,155497.0,89853.0,4009.0,93.93353613817453
63950.40153003083,155459.0,89859.0,3995.0,93.94363000623707
63950.411623898886,155480.0,89828.0,3996.0,93.95372387429234
63950.42171776694,155501.0,89875.0,4022.0,93.9638177423476
63950.431811635,155518.0,89857.0,4006.0,93.97391161040287
63950.44190550305,155515.0,89860.0,3997.0,93.98400547845813
63950.451999371115,155541.0,89873.0,3993.0,93.99409934652067
63950.46209323917,155531.0,89870.0,4020.0,94.00419321457593
63950.472187107225,155547.0,89855.0,4006.0,94.0142870826312
63950.48228097528,155561.0,89861.0,4023.0,94.02438095068646
63950.49237484334,155571.0,89884.0,4032.0,94.034474818749
63950.5024687114,155515.0,89857.0,4011.0,94.04456868680427
63950.51256257945,155552.0,89853.0,4009.0,94.05466255485953
63950.52265644751,155545.0,89869.0,3984.0,94.0647564229148
63950.53275031557,155479.0,89861.0,4032.0,94.07485029097734
63950.54284418363,155460.0,89844.0,3990.0,94.0849441590326
63950.55293805168,155385.0,89827.0,4002.0,94.09503802708787
63950.56303191974,155316.0,89810.0,3982.0,94.10513189514313
63950.57312578779,155221.0,89771.0,3957.0,94.1152257631984
63950.583219655855,155218.0,89808.0,3929.0,94.12531963126094
63950.59331352391,155150.0,89768.0,3965.0,94.1354134993162
63950.603407391965,155117.0,89763.0,3990.0,94.14550736737147
63950.61350126002,155103.0,89760.0,3942.0,94.15560123542673
63950.62359512808,155114.0,89768.0,3974.0,94.16569510348927
63950.63368899614,155108.0,89726.0,3960.0,94.17578897154453
63950.643782864194,155071.0,89728.0,3930.0,94.1858828395998
63950.65387673225,155117.0,89777.0,3941.0,94.19597670765506
63950.66397060031,155101.0,89768.0,3932.0,94.2060705757176
63950.67406446837,155127.0,89766.0,3948.0,94.21616444377287
63950.68415833642,155169.0,89760.0,3981.0,94.22625831182813
63950.69425220448,155162.0,89766.0,3958.0,94.2363521798834
63950.70434607254,155172.0,89746.0,3938.0,94.24644604794594
63950.714439940595,155173.0,89767.0,3947.0,94.2565399160012
63950.72453380865,155180.0,89791.0,3939.0,94.26663378405647
63950.734627676706,155164.0,89758.0,3942.0,94.27672765211173
63950.74472154476,155193.0,89803.0,3968.0,94.286821520167
63950.75481541282,155184.0,89783.0,3953.0,94.29691538822954
63950.76490928088,155172.0,89732.0,3931.0,94.3070092562848
63950.775003148934,155180.0,89761.0,3952.0,94.31710312434006
63950.78509701699,155202.0,89803.0,3980.0,94.32719699239533
63950.79519088505,155186.0,89787.0,3934.0,94.33729086045787
63950.80528475311,155194.0,89766.0,3977.0,94.34738472851313
63950.81537862116,155217.0,89796.0,3969.0,94.3574785965684
63950.82547248922,155198.0,89774.0,3972.0,94.36757246462366
63950.83556635728,155179.0,89783.0,3944.0,94.3776663326862
63950.845660225335,155156.0,89759.0,3954.0,94.38776020074147
63950.85575409339,155191.0,89800.0,3966.0,94.39785406879673
63950.865847961446,155166.0,89750.0,3939.0,94.407947936852
63950.87594182951,155175.0,89777.0,3975.0,94.41804180491454
63950.886035697564,155154.0,89790.0,3947.0,94.4281356729698
63950.89612956562,155113.0,89730.0,3927.0,94.43822954102507
63950.906223433674,155155.0,89741.0,3942.0,94.44832340908033
63950.91631730173,155194.0,89796.0,3963.0,94.4584172771356
63950.92641116979,155182.0,89771.0,3949.0,94.46851114519814
63950.93650503785,155163.0,89760.0,3935.0,94.4786050132534
63950.9465989059,155215.0,89785.0,3962.0,94.48869888130866
63950.95669277396,155191.0,89752.0,3970.0,94.49879274936393
63950.96678664202,155213.0,89791.0,3959.0,94.50888661742647
63950.976880510076,155233.0,89796.0,3974.0,94.51898048548173
63950.98697437813,155198.0,89769.0,3981.0,94.529074353537
63950.997068246186,155225.0,89796.0,3954.0,94.53916822159226
63951.00716211425,155254.0,89804.0,3969.0,94.5492620896548
63951.017255982304,155295.0,89785.0,3996.0,94.55935595771007
63951.02734985036,155253.0,89784.0,3960.0,94.56944982576533
63951.037443718415,155251.0,89767.0,3960.0,94.5795436938206
63951.04753758648,155286.0,89804.0,3972.0,94.58963756188314
63951.05763145453,155273.0,89835.0,3985.0,94.5997314299384
63951.06772532259,155291.0,89826.0,3968.0,94.60982529799367
63951.07781919064,155318.0,89820.0,3989.0,94.61991916604893
63951.0879130587,155313.0,89801.0,3968.0,94.6300130341042
63951.09800692676,155324.0,89807.0,3946.0,94.64010690216674
63951.108100794816,155339.0,89786.0,3965.0,94.650200770222
63951.11819466287,155339.0,89849.0,3983.0,94.66029463827726
63951.12828853093,155329.0,89813.0,3976.0,94.67038850633253
63951.13838239899,155304.0,89814.0,3942.0,94.68048237439507
63951.148476267044,155304.0,89791.0,3964.0,94.69057624245033
63951.1585701351,155316.0,89786.0,3970.0,94.7006701105056
63951.168664003155,155364.0,89818.0,3991.0,94.71076397856086
63951.17875787122,155328.0,89830.0,3992.0,94.7208578466234
63951.18885173927,155333.0,89821.0,3976.0,94.73095171467867
63951.19894560733,155337.0,89826.0,3960.0,94.74104558273393
63951.20903947538,155348.0,89824.0,3982.0,94.7511394507892
63951.219133343446,155384.0,89809.0,3980.0,94.76123331885174
63951.2292272115,155347.0,89801.0,3992.0,94.771327186907
