time,eda
63011.69913534214,0.18498000502586365
63011.766024725344,0.18499000370502472
63011.83291410854,0.18499399721622467
63011.899803491746,0.18499399721622467
63011.96669287494,0.18499399721622467
63012.03358225815,0.18499399721622467
63012.100471641344,0.18501399457454681
63012.16736102455,0.18501900136470795
63012.234250407746,0.18502399325370789
63012.30113979095,0.18501900136470795
63012.36802917415,0.1850389987230301
63012.43491855735,0.18506300449371338
63012.50180794055,0.1850930005311966
63012.56869732375,0.1850930005311966
63012.63558670695,0.1850930005311966
63012.702476090155,0.1850930005311966
63012.76936547335,0.1851080060005188
63012.83625485656,0.1851080060005188
63012.90314423975,0.1851229965686798
63012.97003362296,0.1851229965686798
63013.036923006155,0.18511800467967987
63013.10381238936,0.18514199554920197
63013.17070177256,0.18514199554920197
63013.23759115576,0.18515199422836304
63013.30448053896,0.18517200648784637
63013.37136992216,0.18516699969768524
63013.43825930536,0.18518699705600739
63013.505148688564,0.18517200648784637
63013.57203807176,0.18519200384616852
63013.638927454966,0.18519200384616852
63013.70581683816,0.18519200384616852
63013.77270622137,0.1852159947156906
63013.839595604564,0.18523600697517395
63013.90648498777,0.18523600697517395
63013.973374370966,0.1852409988641739
63014.04026375417,0.18526600301265717
63014.10715313737,0.18529999256134033
63014.17404252057,0.18533499538898468
63014.24093190377,0.1853400021791458
63014.30782128697,0.18535999953746796
63014.37471067017,0.18537500500679016
63014.441600053375,0.18542400002479553
63014.50848943657,0.18545900285243988
63014.575378819776,0.18546399474143982
63014.64226820297,0.1854739934206009
63014.70915758618,0.18549799919128418
63014.776046969375,0.18551300466060638
63014.84293635258,0.18553300201892853
63014.90982573578,0.1855580061674118
63014.97671511898,0.18556800484657288
63015.04360450218,0.18558700382709503
63015.11049388538,0.18561199307441711
63015.17738326858,0.18561199307441711
63015.244272651784,0.1856369972229004
63015.31116203498,0.18566200137138367
63015.378051418185,0.18566200137138367
63015.44494080138,0.18569199740886688
63015.51183018459,0.18571600317955017
63015.578719567784,0.18573600053787231
63015.64560895099,0.1857610046863556
63015.712498334186,0.1857610046863556
63015.77938771739,0.1857610046863556
63015.84627710059,0.18578599393367767
63015.91316648379,0.18578599393367767
63015.98005586699,0.18579599261283875
63016.04694525019,0.18582600355148315
63016.11383463339,0.18584099411964417
63016.180724016594,0.18585099279880524
63016.24761339979,0.1858610063791275
63016.314502782996,0.18587100505828857
63016.38139216619,0.1858849972486496
63016.4482815494,0.1858849972486496
63016.515170932595,0.18591000139713287
63016.5820603158,0.18592000007629395
63016.648949698996,0.1859399974346161
63016.7158390822,0.18594999611377716
63016.7827284654,0.18595999479293823
63016.8496178486,0.18597500026226044
63016.9165072318,0.1859849989414215
63016.983396615,0.18599000573158264
63017.0502859982,0.18601499497890472
63017.117175381405,0.18602000176906586
63017.1840647646,0.186039999127388
63017.25095414781,0.18604999780654907
63017.317843531004,0.18603500723838806
63017.38473291421,0.18606500327587128
63017.451622297405,0.18608500063419342
63017.51851168061,0.18609000742435455
63017.58540106381,0.18610000610351562
63017.65229044701,0.18610499799251556
63017.71917983021,0.1861100047826767
63017.78606921341,0.18612399697303772
63017.85295859661,0.18613900244235992
63017.919847979814,0.18615899980068207
63017.98673736301,0.18618400394916534
63018.053626746216,0.18618400394916534
63018.12051612941,0.18618400394916534
63018.18740551262,0.18618400394916534
63018.254294895814,0.18618400394916534
63018.32118427902,0.1862040013074875
63018.38807366222,0.18620899319648743
63018.45496304542,0.18622399866580963
63018.521852428625,0.18622900545597076
63018.58874181182,0.18622399866580963
63018.655631195026,0.18623900413513184
63018.72252057822,0.18625399470329285
63018.78940996143,0.18626399338245392
63018.856299344625,0.18627899885177612
63018.92318872783,0.18626399338245392
63018.99007811103,0.18625900149345398
63019.05696749423,0.18626900017261505
63019.12385687743,0.1862889975309372
63019.19074626063,0.18630899488925934
63019.25763564383,0.1863189935684204
63019.324525027034,0.18632400035858154
63019.39141441023,0.18632400035858154
63019.458303793435,0.18632900714874268
63019.52519317663,0.18633900582790375
63019.59208255984,0.1863590031862259
63019.658971943034,0.18634900450706482
63019.72586132624,0.18633399903774261
63019.792750709435,0.18633399903774261
63019.85964009264,0.18633900582790375
63019.92652947584,0.1863590031862259
63019.99341885904,0.18636900186538696
63020.06030824224,0.18638400733470917
63020.12719762544,0.1863889992237091
63020.19408700864,0.18638400733470917
63020.260976391844,0.18640899658203125
63020.32786577504,0.18641400337219238
63020.394755158246,0.18641400337219238
63020.46164454144,0.18642400205135345
63020.52853392465,0.1864439994096756
63020.595423307845,0.18643899261951447
63020.66231269105,0.18646900355815887
63020.729202074246,0.18647900223731995
63020.79609145745,0.18648900091648102
63020.86298084065,0.1864989995956421
63020.92987022385,0.18650899827480316
63020.99675960705,0.18653400242328644
63021.06364899025,0.18652400374412537
63021.13053837345,0.1865289956331253
63021.197427756655,0.18653400242328644
63021.26431713985,0.18653899431228638
63021.33120652306,0.18653899431228638
63021.398095906254,0.18655399978160858
63021.46498528946,0.1865839958190918
63021.531874672655,0.186599001288414
63021.59876405586,0.186599001288414
63021.66565343906,0.1865839958190918
63021.73254282226,0.18660399317741394
63021.79943220546,0.18660899996757507
63021.86632158866,0.18662400543689728
63021.93321097186,0.18663400411605835
63022.000100355064,0.18663400411605835
63022.06698973826,0.18664999306201935
63022.133879121466,0.18669499456882477
63022.20076850466,0.18669499456882477
63022.26765788787,0.18671999871730804
63022.334547271064,0.18673500418663025
63022.40143665427,0.1867399960756302
63022.468326037466,0.18673500418663025
63022.53521542067,0.18673500418663025
63022.60210480387,0.1867399960756302
63022.66899418707,0.1867550015449524
63022.73588357027,0.18678000569343567
63022.80277295347,0.18678000569343567
63022.86966233667,0.1867849975824356
63022.936551719875,0.18681499361991882
63023.00344110307,0.18682999908924103
63023.070330486276,0.18684500455856323
63023.13721986947,0.1868550032377243
63023.20410925268,0.18686500191688538
63023.270998635875,0.18685999512672424
63023.33788801908,0.18689599633216858
63023.40477740228,0.18691100180149078
63023.47166678548,0.18692100048065186
63023.53855616868,0.18691100180149078
63023.60544555188,0.18691100180149078
63023.67233493508,0.18693600594997406
63023.739224318284,0.18695099651813507
63023.80611370148,0.18697099387645721
63023.873003084685,0.18697099387645721
63023.93989246788,0.1869809925556183
63024.00678185109,0.18698599934577942
63024.073671234284,0.18698599934577942
63024.14056061749,0.18698599934577942
63024.207450000686,0.18700599670410156
63024.27433938389,0.18701599538326263
63024.34122876709,0.18703100085258484
63024.40811815029,0.18703100085258484
63024.47500753349,0.1870570033788681
63024.54189691669,0.18706199526786804
63024.60878629989,0.18706199526786804
63024.675675683095,0.1870719939470291
63024.74256506629,0.18708699941635132
63024.809454449496,0.18710200488567352
63024.87634383269,0.18710699677467346
63024.9432332159,0.1871120035648346
63025.010122599095,0.1871120035648346
63025.0770119823,0.1871120035648346
63025.143901365496,0.18713699281215668
63025.2107907487,0.18716199696063995
63025.2776801319,0.18717800080776215
63025.3445695151,0.18718799948692322
63025.4114588983,0.18718799948692322
63025.478348281504,0.18719300627708435
63025.54523766471,0.18718299269676208
63025.612127047905,0.18718799948692322
63025.67901643111,0.18718799948692322
63025.74590581431,0.18719300627708435
63025.81279519751,0.18719300627708435
63025.87968458071,0.18720300495624542
63025.94657396391,0.18719300627708435
63026.01346334711,0.18720799684524536
63026.080352730314,0.18720300495624542
63026.14724211351,0.18721799552440643
63026.214131496716,0.18722300231456757
63026.28102087991,0.18723300099372864
63026.34791026312,0.18723300099372864
63026.414799646314,0.18725299835205078
63026.48168902952,0.18724800646305084
63026.548578412716,0.18725800514221191
63026.61546779592,0.18726299703121185
63026.68235717912,0.18725800514221191
63026.74924656232,0.18725299835205078
63026.81613594552,0.18726299703121185
63026.88302532872,0.18726299703121185
63026.94991471192,0.18726800382137299
63027.016804095125,0.18728899955749512
63027.08369347832,0.18726299703121185
63027.150582861526,0.18726800382137299
63027.21747224472,0.18728899955749512
63027.28436162793,0.18728899955749512
63027.351251011125,0.18728899955749512
63027.41814039433,0.18730899691581726
63027.48502977753,0.1873140037059784
63027.55191916073,0.18732400238513947
63027.61880854393,0.18721799552440643
63027.68569792713,0.1871269941329956
63027.75258731033,0.1871120035648346
63027.819476693534,0.18709200620651245
63027.88636607673,0.1871120035648346
63027.953255459935,0.1871120035648346
63028.02014484313,0.1871120035648346
63028.08703422634,0.1871120035648346
63028.153923609534,0.1871120035648346
63028.22081299274,0.18713200092315674
63028.287702375936,0.18715199828147888
63028.35459175914,0.18716199696063995
63028.42148114234,0.187172994017601
63028.48837052554,0.18718299269676208
63028.55525990874,0.18716199696063995
63028.62214929194,0.187172994017601
63028.68903867514,0.1871670037508011
63028.755928058345,0.18718799948692322
63028.82281744154,0.1871979981660843
63028.889706824746,0.1872130036354065
63028.95659620794,0.18721799552440643
63029.02348559115,0.18722300231456757
63029.090374974345,0.18723799288272858
63029.15726435755,0.18726299703121185
63029.224153740746,0.18727299571037292
63029.29104312395,0.18727800250053406
63029.35793250715,0.18727299571037292
63029.42482189035,0.18728899955749512
63029.49171127355,0.1872989982366562
63029.558600656754,0.18728899955749512
63029.62549003995,0.18730899691581726
63029.692379423155,0.1873140037059784
63029.75926880635,0.18731899559497833
63029.82615818956,0.18733899295330048
63029.893047572754,0.1873439997434616
63029.95993695596,0.18734900653362274
63030.026826339155,0.18736900389194489
63030.09371572236,0.18738499283790588
63030.16060510556,0.18738499283790588
63030.22749448876,0.18738499283790588
63030.29438387196,0.18738999962806702
63030.36127325516,0.18738999962806702
63030.42816263836,0.18738999962806702
63030.495052021564,0.18740999698638916
63030.56194140476,0.18741999566555023
63030.628830787966,0.18743500113487244
63030.69572017116,0.18743500113487244
63030.76260955437,0.18743500113487244
63030.829498937564,0.18743999302387238
63030.89638832077,0.1874449998140335
63030.963277703966,0.18746499717235565
63031.03016708717,0.18746499717235565
63031.09705647037,0.18745000660419464
63031.16394585357,0.18745000660419464
63031.23083523677,0.18747100234031677
63031.29772461997,0.1874759942293167
63031.36461400317,0.18749099969863892
63031.431503386375,0.18747100234031677
63031.49839276957,0.18746499717235565
63031.56528215278,0.18749099969863892
63031.63217153597,0.1875160038471222
63031.69906091918,0.18750600516796112
63031.765950302375,0.1875160038471222
63031.83283968558,0.18751099705696106
63031.89972906878,0.18751099705696106
63031.96661845198,0.18752099573612213
63032.03350783518,0.18754099309444427
63032.10039721838,0.18752600252628326
63032.16728660158,0.1875160038471222
63032.234175984784,0.1875309944152832
63032.30106536798,0.18754099309444427
63032.367954751186,0.1875459998846054
63032.43484413438,0.18755100667476654
63032.50173351759,0.18756699562072754
63032.568622900784,0.18757200241088867
63032.63551228399,0.18756699562072754
63032.70240166719,0.18755699694156647
63032.76929105039,0.18754099309444427
63032.836180433595,0.18756699562072754
63032.90306981679,0.18758699297904968
63032.969959199996,0.18759700655937195
63033.03684858319,0.18761199712753296
63033.1037379664,0.1876170039176941
63033.170627349595,0.1876170039176941
63033.2375167328,0.1876170039176941
63033.304406115996,0.1876329928636551
63033.3712954992,0.18764300644397736
63033.4381848824,0.18764300644397736
63033.5050742656,0.18769299983978271
63033.5719636488,0.18777500092983246
63033.638853032004,0.18780000507831573
63033.7057424152,0.18780000507831573
63033.772631798405,0.18780000507831573
63033.8395211816,0.18782000243663788
63033.90641056481,0.18782000243663788
63033.973299948004,0.18784099817276
63034.04018933121,0.18783000111579895
63034.107078714405,0.18784099817276
63034.17396809761,0.18784099817276
63034.24085748081,0.18786099553108215
63034.30774686401,0.18789100646972656
63034.37463624721,0.18789100646972656
63034.44152563041,0.1878959983587265
63034.50841501361,0.1878959983587265
63034.575304396814,0.1878809928894043
63034.64219378001,0.18789100646972656
63034.709083163216,0.18791699409484863
63034.77597254641,0.1879419982433319
63034.84286192962,0.1879269927740097
63034.909751312814,0.18794700503349304
63034.97664069602,0.18794700503349304
63035.043530079216,0.1879570037126541
63035.11041946242,0.1879729926586151
63035.17730884562,0.1879729926586151
63035.24419822882,0.1879979968070984
63035.31108761202,0.1879979968070984
63035.37797699522,0.1879979968070984
63035.44486637842,0.18800799548625946
63035.511755761625,0.18801799416542053
63035.57864514482,0.18802399933338165
63035.64553452803,0.18803399801254272
63035.71242391122,0.18804900348186493
63035.77931329443,0.18804900348186493
63035.846202677625,0.18803900480270386
63035.91309206083,0.18802399933338165
63035.97998144403,0.18806399405002594
63036.04687082723,0.18805399537086487
63036.11376021043,0.18803399801254272
63036.18064959363,0.1880439966917038
63036.24753897683,0.18806399405002594
63036.314428360034,0.188073992729187
63036.38131774323,0.1880899965763092
63036.448207126436,0.18810999393463135
63036.51509650963,0.18811500072479248
63036.58198589284,0.18809500336647034
63036.648875276034,0.18813000619411469
63036.71576465924,0.1881610006093979
63036.782654042436,0.18811500072479248
63036.84954342564,0.18811500072479248
63036.91643280884,0.18812499940395355
63036.98332219204,0.18814100325107574
63037.05021157524,0.1881610006093979
63037.11710095844,0.1881760060787201
63037.18399034164,0.1881760060787201
63037.250879724845,0.1881760060787201
63037.31776910804,0.1881760060787201
63037.384658491246,0.18815599381923676
63037.45154787444,0.18816600739955902
63037.51843725765,0.18818099796772003
63037.585326640845,0.18820199370384216
63037.65221602405,0.18820199370384216
63037.71910540725,0.1882070004940033
63037.78599479045,0.18822699785232544
63037.85288417365,0.1882070004940033
63037.91977355685,0.18821200728416443
63037.98666294005,0.18822699785232544
63038.053552323254,0.18823200464248657
63038.12044170645,0.1882530003786087
63038.187331089655,0.1882530003786087
63038.25422047285,0.1882530003786087
63038.32110985606,0.1882530003786087
63038.387999239254,0.18825800716876984
63038.45488862246,0.18828299641609192
63038.521778005656,0.18827800452709198
63038.58866738886,0.18827800452709198
63038.65555677206,0.18829399347305298
63038.72244615526,0.1882990002632141
63038.78933553846,0.18830400705337524
63038.85622492166,0.18830899894237518
63038.92311430486,0.18832899630069733
63038.990003688064,0.18832899630069733
63039.05689307126,0.18832899630069733
63039.123782454466,0.18833400309085846
63039.19067183766,0.18834500014781952
63039.25756122087,0.1883549988269806
63039.324450604065,0.18834500014781952
63039.39133998727,0.1883549988269806
63039.458229370466,0.1883700042963028
63039.52511875367,0.18837499618530273
63039.59200813687,0.18838000297546387
63039.65889752007,0.18839100003242493
63039.72578690328,0.18839600682258606
63039.79267628647,0.18840600550174713
63039.85956566968,0.18840600550174713
63039.926455052875,0.18842099606990814
63039.99334443608,0.1884160041809082
63040.06023381928,0.18842600286006927
63040.12712320248,0.1884319931268692
63040.19401258568,0.1884319931268692
63040.26090196888,0.1884319931268692
63040.32779135208,0.1884469985961914
63040.394680735284,0.18845200538635254
63040.46157011848,0.18847200274467468
63040.528459501686,0.1884779930114746
63040.59534888488,0.18845699727535248
63040.66223826809,0.18845699727535248
63040.729127651284,0.18847200274467468
63040.79601703449,0.1884779930114746
63040.862906417686,0.1884779930114746
63040.92979580089,0.18848299980163574
63040.99668518409,0.18849299848079681
63041.06357456729,0.18850299715995789
63041.13046395049,0.18849800527095795
63041.19735333369,0.18849299848079681
63041.26424271689,0.18849800527095795
63041.331132100095,0.18849299848079681
63041.39802148329,0.18850800395011902
63041.464910866496,0.18850800395011902
63041.53180024969,0.18850800395011902
63041.5986896329,0.18850800395011902
63041.665579016095,0.18852399289608002
63041.7324683993,0.18853400647640228
63041.7993577825,0.18853400647640228
63041.8662471657,0.18853400647640228
63041.9331365489,0.18853400647640228
63042.0000259321,0.18853400647640228
63042.0669153153,0.18855899572372437
63042.133804698504,0.18855899572372437
63042.2006940817,0.18855899572372437
63042.267583464905,0.18855899572372437
63042.3344728481,0.18857499957084656
63042.40136223131,0.18858499825000763
63042.468251614504,0.18858499825000763
63042.53514099771,0.18858499825000763
63042.602030380905,0.18858499825000763
63042.66891976411,0.1885949969291687
63042.73580914731,0.18860000371932983
63042.80269853051,0.1886110007762909
63042.86958791371,0.18861599266529083
63042.93647729691,0.1886110007762909
63043.00336668011,0.18863600492477417
63043.070256063314,0.18863600492477417
63043.13714544651,0.18864600360393524
63043.204034829716,0.1886720061302185
63043.27092421291,0.1887030005455017
63043.33781359612,0.18870800733566284
63043.404702979315,0.18866699934005737
63043.47159236252,0.18869799375534058
63043.538481745716,0.18870800733566284
63043.60537112892,0.18866199254989624
63043.67226051212,0.18866199254989624
63043.73914989532,0.18869799375534058
63043.80603927852,0.18868699669837952
63043.87292866172,0.1887030005455017
63043.93981804492,0.1887339949607849
63044.006707428125,0.18875400722026825
63044.07359681132,0.18872299790382385
63044.14048619453,0.18869300186634064
63044.207375577724,0.18873900175094604
63044.27426496093,0.18874900043010712
63044.341154344125,0.18870800733566284
63044.40804372733,0.1887030005455017
63044.47493311053,0.18872800469398499
63044.54182249373,0.18874900043010712
63044.60871187693,0.18876400589942932
63044.67560126013,0.1887589991092682
63044.74249064333,0.18877500295639038
63044.809380026534,0.18877999484539032
63044.87626940973,0.18880000710487366
63044.943158792936,0.1888049989938736
63045.01004817613,0.1888049989938736
63045.07693755934,0.18881599605083466
63045.143826942534,0.18881599605083466
63045.21071632574,0.18881599605083466
63045.277605708936,0.18881599605083466
63045.34449509214,0.18881599605083466
63045.41138447534,0.18881599605083466
63045.47827385854,0.18881599605083466
63045.54516324174,0.18881599605083466
63045.61205262494,0.18883100152015686
63045.67894200814,0.18881599605083466
63045.745831391345,0.18881599605083466
63045.81272077454,0.18881599605083466
63045.879610157746,0.18881599605083466
63045.94649954094,0.1888359934091568
63046.01338892415,0.18884100019931793
63046.080278307345,0.1888359934091568
63046.14716769055,0.18886199593544006
63046.21405707375,0.1888670027256012
63046.28094645695,0.1888670027256012
63046.34783584015,0.1888670027256012
63046.41472522335,0.1888670027256012
63046.48161460655,0.18889300525188446
63046.548503989754,0.18890799582004547
63046.61539337295,0.18893900513648987
63046.682282756155,0.18893900513648987
63046.74917213935,0.18892300128936768
63046.81606152256,0.1889290064573288
63046.88295090576,0.1889439970254898
63046.94984028896,0.1889439970254898
63047.01672967216,0.1889290064573288
63047.08361905536,0.18893399834632874
63047.150508438564,0.188959002494812
63047.21739782176,0.18896499276161194
63047.284287204966,0.18896999955177307
63047.35117658816,0.18897999823093414
63047.41806597137,0.18898500502109528
63047.484955354565,0.18899500370025635
63047.55184473777,0.18899500370025635
63047.618734120966,0.1890060007572174
63047.68562350417,0.18901599943637848
63047.75251288737,0.18901599943637848
63047.81940227057,0.1890060007572174
63047.88629165377,0.18900099396705627
63047.95318103697,0.18899500370025635
63048.02007042017,0.1889750063419342
63048.086959803375,0.18896499276161194
63048.15384918657,0.18896999955177307
63048.22073856978,0.18896999955177307
63048.287627952974,0.18898500502109528
63048.35451733618,0.1890060007572174
63048.421406719375,0.1890210062265396
63048.48829610258,0.1890210062265396
63048.55518548578,0.18903100490570068
63048.62207486898,0.18904200196266174
63048.68896425218,0.18904699385166168
63048.75585363538,0.18903100490570068
63048.82274301858,0.18902599811553955
63048.889632401784,0.18905200064182281
63048.95652178498,0.18906700611114502
63049.023411168186,0.18907299637794495
63049.09030055138,0.18907299637794495
63049.15718993459,0.18907299637794495
63049.224079317784,0.18907800316810608
63049.29096870099,0.18909800052642822
63049.357858084186,0.18909800052642822
63049.42474746739,0.1890929937362671
63049.49163685059,0.1890929937362671
63049.55852623379,0.18911899626255035
63049.62541561699,0.18910899758338928
63049.69230500019,0.18911400437355042
63049.75919438339,0.1891240030527115
63049.826083766595,0.18915000557899475
63049.89297314979,0.18913400173187256
63049.959862532996,0.18912899494171143
63050.02675191619,0.18913400173187256
63050.0936412994,0.18915000557899475
63050.160530682595,0.18915000557899475
63050.2274200658,0.18917599320411682
63050.294309449,0.18919099867343903
63050.3611988322,0.1892009973526001
63050.4280882154,0.18922199308872223
63050.4949775986,0.18920600414276123
63050.5618669818,0.18920600414276123
63050.628756365004,0.1892320066690445
63050.6956457482,0.18925300240516663
63050.762535131405,0.18925799429416656
63050.8294245146,0.18925300240516663
63050.89631389781,0.18925300240516663
63050.963203281004,0.1892790049314499
63051.03009266421,0.1892630010843277
63051.096982047406,0.1892630010843277
63051.16387143061,0.18927299976348877
63051.23076081381,0.1892939954996109
63051.29765019701,0.1892790049314499
63051.36453958021,0.18929900228977203
63051.43142896341,0.18930399417877197
63051.49831834661,0.18931999802589417
63051.565207729815,0.18932999670505524
63051.63209711301,0.1893559992313385
63051.698986496216,0.18936100602149963
63051.76587587941,0.1893559992313385
63051.83276526262,0.1893559992313385
63051.899654645815,0.1893559992313385
63051.96654402902,0.18937699496746063
63052.033433412216,0.18938200175762177
63052.10032279542,0.18939200043678284
63052.16721217862,0.1894019991159439
63052.23410156182,0.18940800428390503
63052.30099094502,0.18942299485206604
63052.367880328224,0.1894489973783493
63052.43476971142,0.18943899869918823
63052.501659094625,0.18945899605751038
63052.56854847782,0.18945899605751038
63052.63543786103,0.18945899605751038
63052.702327244224,0.18945899605751038
63052.76921662743,0.18947499990463257
63052.836106010625,0.18945899605751038
63052.90299539383,0.1894800066947937
63052.96988477703,0.18945899605751038
63053.03677416023,0.18945899605751038
63053.10366354343,0.1894640028476715
63053.17055292663,0.18948499858379364
63053.23744230983,0.18948499858379364
63053.304331693034,0.18948499858379364
63053.37122107623,0.18948499858379364
63053.438110459436,0.18949000537395477
63053.50499984263,0.1894949972629547
63053.57188922584,0.1895110011100769
63053.638778609034,0.1895110011100769
63053.70566799224,0.1895110011100769
63053.772557375436,0.18953700363636017
63053.83944675864,0.1895419955253601
63053.90633614184,0.18953700363636017
63053.97322552504,0.1895419955253601
63054.040114908246,0.1895579993724823
63054.10700429144,0.18956799805164337
63054.17389367465,0.18956300616264343
63054.240783057845,0.18956799805164337
63054.30767244105,0.18958300352096558
63054.37456182425,0.1895889937877655
63054.44145120745,0.1895889937877655
63054.50834059065,0.18961399793624878
63054.57522997385,0.18964000046253204
63054.64211935705,0.1896349936723709
63054.709008740254,0.1896349936723709
63054.77589812345,0.18965600430965424
63054.842787506655,0.18967700004577637
63054.90967688985,0.18969200551509857
63054.97656627306,0.18970799446105957
63055.043455656254,0.18971799314022064
63055.11034503946,0.18970799446105957
63055.177234422656,0.18971799314022064
63055.24412380586,0.18972299993038177
63055.31101318906,0.1897439956665039
63055.37790257226,0.1897590011358261
63055.44479195546,0.1897590011358261
63055.51168133866,0.1897750049829483
63055.57857072186,0.18979600071907043
63055.645460105065,0.18980099260807037
63055.71234948826,0.18980099260807037
63055.779238871466,0.18981100618839264
63055.84612825466,0.18984200060367584
63055.91301763787,0.18984800577163696
63055.979907021065,0.18984800577163696
63056.04679640427,0.18984800577163696
63056.113685787466,0.18984800577163696
63056.18057517067,0.18984800577163696
63056.24746455387,0.18984800577163696
63056.31435393707,0.1898680031299591
63056.38124332027,0.18987900018692017
63056.448132703474,0.18989400565624237
63056.51502208667,0.18989400565624237
63056.581911469875,0.1898989975452423
63056.64880085307,0.18992500007152557
63056.71569023628,0.18992500007152557
63056.782579619474,0.18991999328136444
63056.84946900268,0.18992500007152557
63056.916358385875,0.18993599712848663
63056.98324776908,0.1899459958076477
63057.05013715228,0.18994100391864777
63057.11702653548,0.18994100391864777
63057.18391591868,0.18996700644493103
63057.25080530188,0.18995699286460876
63057.31769468508,0.1899619996547699
63057.384584068284,0.1899770051240921
63057.45147345148,0.18998299539089203
63057.518362834686,0.18998800218105316
63057.58525221788,0.19001899659633636
63057.65214160109,0.19003500044345856
63057.719030984284,0.19002899527549744
63057.78592036749,0.19004499912261963
63057.852809750686,0.19003500044345856
63057.91969913389,0.19002899527549744
63057.98658851709,0.19002899527549744
63058.05347790029,0.19003500044345856
63058.12036728349,0.1900549978017807
63058.18725666669,0.19008100032806396
63058.25414604989,0.19008100032806396
63058.321035433095,0.19008100032806396
63058.38792481629,0.19008100032806396
63058.4548141995,0.19009199738502502
63058.52170358269,0.1901019960641861
63058.5885929659,0.19012799859046936
63058.655482349095,0.19013899564743042
63058.7223717323,0.19015400111675262
63058.7892611155,0.19015400111675262
63058.8561504987,0.19015899300575256
63058.9230398819,0.19015899300575256
63058.9899292651,0.1901800036430359
63059.0568186483,0.19019100069999695
63059.123708031504,0.19017499685287476
63059.1905974147,0.19018499553203583
63059.257486797906,0.1901800036430359
63059.3243761811,0.1901959925889969
63059.39126556431,0.19020099937915802
63059.458154947504,0.19020099937915802
63059.52504433071,0.1902109980583191
63059.591933713906,0.19020600616931915
63059.65882309711,0.19023199379444122
63059.72571248031,0.19024799764156342
63059.79260186351,0.19024300575256348
63059.85949124671,0.1902579963207245
63059.92638062991,0.1902640014886856
63059.99327001311,0.19024799764156342
63060.060159396315,0.19026899337768555
63060.12704877951,0.19029000401496887
63060.193938162716,0.19029000401496887
63060.26082754591,0.19029000401496887
63060.32771692912,0.1902949959039688
63060.394606312315,0.19029000401496887
63060.46149569552,0.19029000401496887
63060.52838507872,0.19030000269412994
63060.59527446192,0.19031600654125214
63060.66216384512,0.1903419941663742
63060.72905322832,0.1903419941663742
63060.79594261152,0.19035199284553528
63060.862831994724,0.19036300480365753
63060.92972137792,0.19037799537181854
63060.996610761125,0.19039399921894073
63061.06350014433,0.19039399921894073
63061.13038952753,0.19039399921894073
63061.19727891073,0.19041499495506287
63061.26416829393,0.19041499495506287
63061.33105767713,0.190420001745224
63061.39794706033,0.19042499363422394
63061.464836443534,0.19044600427150726
63061.53172582673,0.19044099748134613
63061.598615209936,0.19043000042438507
63061.66550459313,0.19043000042438507
63061.73239397634,0.19044600427150726
63061.799283359534,0.19044600427150726
63061.86617274274,0.19045700132846832
63061.933062125936,0.19047200679779053
63061.99995150914,0.1904670000076294
63062.06684089234,0.19045700132846832
63062.13373027554,0.1904670000076294
63062.20061965874,0.19047200679779053
63062.26750904194,0.1904979944229126
63062.33439842514,0.1904979944229126
63062.401287808345,0.19050399959087372
63062.46817719154,0.19050399959087372
63062.53506657475,0.1904979944229126
63062.60195595794,0.1905139982700348
63062.66884534115,0.19052399694919586
63062.735734724345,0.19051900506019592
63062.80262410755,0.1904979944229126
63062.86951349075,0.19051900506019592
63062.93640287395,0.19051900506019592
63063.00329225715,0.19048799574375153
63063.07018164035,0.19045700132846832
63063.13707102355,0.19046199321746826
63063.203960406754,0.1904979944229126
63063.27084978995,0.1904979944229126
63063.337739173156,0.19050399959087372
63063.40462855635,0.1904509961605072
63063.47151793956,0.1904670000076294
63063.538407322754,0.19045700132846832
63063.60529670596,0.19043000042438507
63063.672186089156,0.190420001745224
63063.73907547236,0.190420001745224
63063.80596485556,0.190420001745224
63063.87285423876,0.19041499495506287
63063.93974362196,0.1904039978981018
63064.00663300516,0.19039900600910187
63064.07352238836,0.19039399921894073
63064.140411771565,0.19039900600910187
63064.20730115476,0.19039399921894073
63064.274190537966,0.19042499363422394
63064.34107992116,0.19044600427150726
63064.40796930437,0.1904509961605072
63064.474858687565,0.19044600427150726
63064.54174807077,0.19044600427150726
63064.60863745397,0.19047200679779053
63064.67552683717,0.19048799574375153
63064.74241622037,0.1904979944229126
63064.80930560357,0.19050399959087372
63064.87619498677,0.1904979944229126
63064.943084369974,0.1904979944229126
63065.00997375317,0.19049300253391266
63065.076863136375,0.19050399959087372
63065.14375251957,0.19052399694919586
63065.21064190278,0.19052399694919586
63065.277531285974,0.19052399694919586
63065.34442066918,0.190544992685318
63065.411310052375,0.1905509978532791
63065.47819943558,0.1905509978532791
63065.54508881878,0.19057700037956238
63065.61197820198,0.19057099521160126
63065.67886758518,0.19059200584888458
63065.74575696838,0.1905820071697235
63065.81264635158,0.1905979961156845
63065.879535734784,0.19060799479484558
63065.94642511798,0.1906290054321289
63066.013314501186,0.1906290054321289
63066.08020388438,0.1906449943780899
63066.14709326759,0.19065499305725098
63066.213982650785,0.19065000116825104
63066.28087203399,0.19065499305725098
63066.347761417186,0.19067099690437317
63066.41465080039,0.19068099558353424
63066.48154018359,0.19068099558353424
63066.54842956679,0.19068099558353424
63066.61531894999,0.19068099558353424
63066.68220833319,0.19068700075149536
63066.74909771639,0.19071799516677856
63066.815987099595,0.19071799516677856
63066.88287648279,0.19071799516677856
63066.949765866,0.1907230019569397
63067.016655249194,0.1907230019569397
63067.0835446324,0.1907390058040619
63067.150434015595,0.19073399901390076
63067.2173233988,0.19073399901390076
63067.284212782,0.19074900448322296
63067.3511021652,0.19076000154018402
63067.4179915484,0.1907549947500229
63067.4848809316,0.19076499342918396
63067.5517703148,0.19076000154018402
63067.618659698004,0.1907760053873062
63067.6855490812,0.19078099727630615
63067.752438464406,0.19076499342918396
63067.8193278476,0.1907760053873062
63067.88621723081,0.19078099727630615
63067.953106614004,0.19079700112342834
63068.01999599721,0.19080699980258942
63068.086885380406,0.19083300232887268
63068.15377476361,0.19083799421787262
63068.220664146815,0.19082799553871155
63068.28755353001,0.19084399938583374
63068.354442913216,0.19084399938583374
63068.42133229641,0.1908539980649948
63068.48822167962,0.1908539980649948
63068.555111062815,0.19086499512195587
63068.62200044602,0.19087499380111694
63068.688889829216,0.190870001912117
63068.75577921242,0.19089099764823914
63068.82266859562,0.19091199338436127
63068.88955797882,0.19091199338436127
63068.95644736202,0.1909170001745224
63069.023336745224,0.1909170001745224
63069.09022612842,0.19091199338436127
63069.157115511625,0.19093799591064453
63069.22400489482,0.19094300270080566
63069.29089427803,0.1909489929676056
63069.357783661224,0.19097000360488892
63069.42467304443,0.19098000228405
63069.491562427625,0.19097000360488892
63069.55845181083,0.19097000360488892
63069.62534119403,0.19099099934101105
63069.69223057723,0.19103799760341644
63069.75911996043,0.19102199375629425
63069.82600934363,0.19100600481033325
63069.89289872683,0.19105899333953857
63069.959788110034,0.19110600650310516
63070.02667749323,0.19115400314331055
63070.093566876436,0.19119000434875488
63070.16045625963,0.19118499755859375
63070.22734564284,0.1912429928779602
63070.294235026035,0.19120100140571594
63070.36112440924,0.19115400314331055
63070.428013792436,0.19113199412822723
63070.49490317564,0.19111700356006622
63070.56179255884,0.1910330057144165
63070.62868194204,0.19100099802017212
63070.69557132524,0.19099600613117218
63070.76246070844,0.1910170018672943
63070.82935009164,0.1909489929676056
63070.896239474845,0.1909639984369278
63070.96312885804,0.19099600613117218
63071.03001824125,0.19098000228405
63071.096907624444,0.19098000228405
63071.16379700765,0.19099600613117218
63071.230686390845,0.1910170018672943
63071.29757577405,0.1910170018672943
63071.36446515725,0.19099600613117218
63071.43135454045,0.19100099802017212
63071.49824392365,0.1910170018672943
63071.56513330685,0.19102199375629425
63071.63202269005,0.1910330057144165
63071.698912073254,0.19104300439357758
63071.76580145645,0.19104799628257751
63071.832690839656,0.19104799628257751
63071.89958022285,0.1910330057144165
63071.96646960606,0.19103799760341644
63072.033358989254,0.1910640001296997
63072.10024837246,0.1911270022392273
63072.167137755656,0.19116899371147156
63072.23402713886,0.1911109983921051
63072.30091652206,0.1910640001296997
63072.36780590526,0.19103799760341644
63072.43469528846,0.19100600481033325
63072.50158467166,0.1909170001745224
63072.56847405486,0.19078099727630615
63072.635363438065,0.19069699943065643
63072.70225282126,0.19067099690437317
63072.769142204466,0.1907390058040619
63072.83603158766,0.19082799553871155
63072.90292097087,0.1908860057592392
63072.969810354065,0.19095399975776672
63073.03669973727,0.19100600481033325
63073.10358912047,0.19102199375629425
63073.17047850367,0.19102199375629425
63073.23736788687,0.19104799628257751
63073.30425727007,0.19107499718666077
63073.37114665327,0.1910800039768219
63073.438036036474,0.19110600650310516
63073.50492541967,0.1911270022392273
63073.571814802875,0.19113199412822723
63073.63870418607,0.19114799797534943
63073.70559356928,0.19116899371147156
63073.772482952474,0.19115400314331055
63073.83937233568,0.19115400314331055
63073.906261718876,0.1911800056695938
63073.97315110208,0.1911959946155548
63074.04004048528,0.19120100140571594
63074.10692986848,0.1911959946155548
63074.17381925168,0.19121100008487701
63074.24070863488,0.1912270039319992
63074.30759801808,0.1912270039319992
63074.374487401285,0.1912270039319992
63074.44137678448,0.19123800098896027
63074.508266167686,0.19123800098896027
63074.57515555088,0.19124799966812134
63074.64204493409,0.1912589967250824
63074.708934317285,0.1912750005722046
63074.77582370049,0.1912589967250824
63074.842713083686,0.1912589967250824
63074.90960246689,0.19126400351524353
63074.97649185009,0.19130100309848785
63075.04338123329,0.1912900060415268
63075.11027061649,0.19131100177764893
63075.177159999694,0.19132199883460999
63075.24404938289,0.19133800268173218
63075.310938766095,0.19136400520801544
63075.3778281493,0.19136400520801544
63075.4447175325,0.1913750022649765
63075.5116069157,0.19138500094413757
63075.5784962989,0.19141200184822083
63075.6453856821,0.19141200184822083
63075.7122750653,0.19141200184822083
63075.779164448504,0.19141200184822083
63075.8460538317,0.1914380043745041
63075.912943214906,0.19144900143146515
63075.9798325981,0.1914750039577484
63076.04672198131,0.1914750039577484
63076.113611364504,0.1914909929037094
63076.18050074771,0.1914909929037094
63076.247390130906,0.1914909929037094
63076.31427951411,0.1914909929037094
63076.38116889731,0.19150100648403168
63076.44805828051,0.1915220022201538
63076.51494766371,0.1915220022201538
63076.58183704691,0.1915220022201538
63076.64872643011,0.1915220022201538
63076.715615813315,0.19151699542999268
63076.78250519651,0.191538006067276
63076.849394579716,0.191538006067276
63076.91628396291,0.19154399633407593
63076.98317334612,0.191553995013237
63077.050062729315,0.19154900312423706
63077.11695211252,0.19155900180339813
63077.18384149572,0.19157500565052032
63077.25073087892,0.19157500565052032
63077.31762026212,0.19159600138664246
63077.38450964532,0.19160699844360352
63077.45139902852,0.19160200655460358
63077.518288411724,0.19160200655460358
63077.58517779492,0.1916169971227646
63077.652067178125,0.19163300096988678
63077.71895656132,0.1916390061378479
63077.78584594453,0.19164399802684784
63077.852735327724,0.1916549950838089
63077.91962471093,0.19166499376296997
63077.986514094126,0.19168099761009216
63078.05340347733,0.19168099761009216
63078.12029286053,0.19168099761009216
63078.18718224373,0.19170700013637543
63078.25407162693,0.19170700013637543
63078.32096101013,0.19170700013637543
63078.38785039333,0.19170700013637543
63078.454739776535,0.19170700013637543
63078.52162915973,0.19170700013637543
63078.588518542936,0.19171300530433655
63078.65540792613,0.19170700013637543
63078.72229730934,0.1917179971933365
63078.789186692535,0.19173400104045868
63078.85607607574,0.19173400104045868
63078.922965458936,0.19173400104045868
63078.98985484214,0.19172899425029755
63079.05674422534,0.19171300530433655
63079.12363360854,0.19173400104045868
63079.19052299174,0.19172300398349762
63079.257412374944,0.19173899292945862
63079.32430175814,0.19176000356674194
63079.391191141345,0.1917549967765808
63079.45808052454,0.19173899292945862
63079.52496990775,0.19173400104045868
63079.591859290944,0.19173400104045868
63079.65874867415,0.1917549967765808
63079.725638057345,0.19176000356674194
63079.79252744055,0.19176000356674194
63079.85941682375,0.19178099930286407
63079.92630620695,0.1917870044708252
63079.99319559015,0.1917870044708252
63080.06008497335,0.19180800020694733
63080.12697435655,0.1918189972639084
63080.193863739754,0.19183999300003052
63080.26075312295,0.19183999300003052
63080.327642506156,0.19183999300003052
63080.39453188935,0.19185000658035278
63080.46142127256,0.19186100363731384
63080.528310655754,0.19186599552631378
63080.59520003896,0.1918720006942749
63080.662089422156,0.19186599552631378
63080.72897880536,0.19186599552631378
63080.79586818856,0.1918720006942749
63080.86275757176,0.1918720006942749
63080.92964695496,0.19188199937343597
63080.99653633816,0.19189299643039703
63081.06342572136,0.19187699258327484
63081.130315104565,0.19186599552631378
63081.19720448776,0.19188199937343597
63081.26409387097,0.1919189989566803
63081.33098325416,0.1919189989566803
63081.39787263737,0.19192999601364136
63081.464762020565,0.19193999469280243
63081.53165140377,0.19194599986076355
63081.59854078697,0.19194599986076355
63081.66543017017,0.19194599986076355
63081.73231955337,0.19194599986076355
63081.79920893657,0.19194599986076355
63081.86609831977,0.1919350028038025
63081.932987702974,0.19196200370788574
63081.99987708617,0.19195599853992462
63082.066766469376,0.19197200238704681
63082.13365585257,0.19197799265384674
63082.20054523578,0.19199900329113007
63082.267434618974,0.1920199990272522
63082.33432400218,0.19204099476337433
63082.40121338538,0.19203099608421326
63082.46810276858,0.19204699993133545
63082.534992151785,0.19205200672149658
63082.60188153498,0.19205200672149658
63082.668770918186,0.19205699861049652
63082.73566030138,0.19206200540065765
63082.80254968459,0.19206799566745758
63082.869439067785,0.1920890063047409
63082.93632845099,0.19209399819374084
63083.003217834186,0.1921049952507019
63083.07010721739,0.1921049952507019
63083.13699660059,0.19210000336170197
63083.20388598379,0.19209399819374084
63083.27077536699,0.1921049952507019
63083.337664750194,0.1921049952507019
63083.40455413339,0.19213199615478516
63083.471443516595,0.19213199615478516
63083.53833289979,0.19213199615478516
63083.605222283,0.19213199615478516
63083.672111666194,0.19214700162410736
63083.7390010494,0.19215300679206848
63083.805890432595,0.1921370029449463
63083.8727798158,0.19213199615478516
63083.939669199,0.19215300679206848
63084.0065585822,0.19215799868106842
63084.0734479654,0.19216899573802948
63084.1403373486,0.1921740025281906
63084.2072267318,0.1921740025281906
63084.274116115004,0.19216899573802948
63084.3410054982,0.19218499958515167
63084.407894881406,0.19218499958515167
63084.4747842646,0.19219499826431274
63084.54167364781,0.19221700727939606
63084.608563031004,0.192221999168396
63084.67545241421,0.1922380030155182
63084.742341797406,0.19224900007247925
63084.80923118061,0.19226400554180145
63084.87612056381,0.19225899875164032
63084.94300994701,0.19226400554180145
63085.00989933021,0.19226400554180145
63085.07678871341,0.19226400554180145
63085.14367809661,0.19225899875164032
63085.210567479815,0.19226999580860138
63085.27745686301,0.19227999448776245
63085.34434624622,0.19226400554180145
63085.41123562941,0.19226400554180145
63085.47812501262,0.19226400554180145
63085.545014395815,0.1922910064458847
63085.61190377902,0.1922910064458847
63085.67879316222,0.1922910064458847
63085.74568254542,0.1922910064458847
63085.81257192862,0.1922910064458847
63085.87946131182,0.19229599833488464
63085.94635069502,0.19231200218200684
63086.013240078224,0.1923229992389679
63086.08012946142,0.1923390030860901
63086.147018844626,0.19234399497509003
63086.21390822782,0.19234399497509003
63086.28079761103,0.19234399497509003
63086.347686994224,0.19234399497509003
63086.41457637743,0.19235999882221222
63086.481465760626,0.19238699972629547
63086.54835514383,0.19239799678325653
63086.61524452703,0.19239799678325653
63086.68213391023,0.19239799678325653
63086.74902329343,0.19238699972629547
63086.81591267663,0.19239799678325653
63086.88280205983,0.19239799678325653
63086.949691443035,0.19239799678325653
63087.01658082623,0.19239799678325653
63087.083470209436,0.19239799678325653
63087.15035959263,0.1924239993095398
63087.21724897584,0.19241900742053986
63087.284138359035,0.19239799678325653
63087.35102774224,0.19241400063037872
63087.417917125436,0.1924239993095398
63087.48480650864,0.192440003156662
63087.55169589184,0.19244599342346191
63087.61858527504,0.19246700406074524
63087.68547465824,0.1924619972705841
63087.752364041444,0.1924780011177063
63087.81925342464,0.1924780011177063
63087.886142807845,0.1924780011177063
63087.95303219104,0.1925099939107895
63088.01992157425,0.1925099939107895
63088.086810957444,0.19251500070095062
63088.15370034065,0.19253599643707275
63088.220589723845,0.19252599775791168
63088.28747910705,0.19253599643707275
63088.35436849025,0.19253100454807281
63088.42125787345,0.19253100454807281
63088.48814725665,0.19253599643707275
63088.55503663985,0.19253599643707275
63088.62192602305,0.19254200160503387
63088.688815406254,0.19255800545215607
63088.75570478945,0.19255800545215607
63088.822594172656,0.19258399307727814
63088.88948355585,0.19258999824523926
63088.95637293906,0.19258399307727814
63089.023262322255,0.19256800413131714
63089.09015170546,0.19258399307727814
63089.157041088656,0.1925950050354004
63089.22393047186,0.1926109939813614
63089.29081985506,0.19262699782848358
63089.35770923826,0.19263200461864471
63089.42459862146,0.19264300167560577
63089.49148800466,0.19265900552272797
63089.55837738786,0.1926479935646057
63089.625266771065,0.19263799488544464
63089.69215615427,0.19263799488544464
63089.75904553747,0.19265900552272797
63089.82593492067,0.19267000257968903
63089.89282430387,0.19267499446868896
63089.95971368707,0.19268600642681122
63090.02660307027,0.19269099831581116
63090.093492453474,0.19269099831581116
63090.16038183667,0.1926960051059723
63090.227271219876,0.1926960051059723
63090.29416060307,0.19269099831581116
63090.36104998628,0.19270700216293335
63090.427939369474,0.1927179992198944
63090.49482875268,0.1927340030670166
63090.561718135876,0.1927340030670166
63090.62860751908,0.1927179992198944
63090.69549690228,0.19272899627685547
63090.76238628548,0.1927500069141388
63090.82927566868,0.19275499880313873
63090.89616505188,0.19277100265026093
63090.96305443508,0.19277100265026093
63091.029943818285,0.19277699291706085
63091.09683320148,0.19279800355434418
63091.163722584686,0.19279800355434418
63091.23061196788,0.19279800355434418
63091.29750135109,0.19279299676418304
63091.364390734285,0.19280900061130524
63091.43128011749,0.19282500445842743
63091.498169500686,0.19282500445842743
63091.56505888389,0.19282500445842743
63091.63194826709,0.19284600019454956
63091.69883765029,0.19284600019454956
63091.76572703349,0.19285200536251068
63091.832616416694,0.19284600019454956
63091.89950579989,0.19284099340438843
63091.966395183095,0.19285200536251068
63092.03328456629,0.19284600019454956
63092.1001739495,0.19284600019454956
63092.167063332694,0.19285699725151062
63092.2339527159,0.19287799298763275
63092.300842099095,0.19288399815559387
63092.3677314823,0.19287799298763275
63092.4346208655,0.19290000200271606
63092.5015102487,0.192904993891716
63092.5683996319,0.19290000200271606
63092.6352890151,0.19291000068187714
63092.7021783983,0.1929209977388382
63092.769067781504,0.192904993891716
63092.8359571647,0.192904993891716
63092.902846547906,0.1929209977388382
63092.9697359311,0.19292700290679932
63093.03662531431,0.19293199479579926
63093.103514697505,0.19295300543308258
63093.17040408071,0.19296899437904358
63093.237293463906,0.19296400249004364
63093.30418284711,0.1929589956998825
63093.37107223031,0.19296899437904358
63093.43796161351,0.1929910033941269
63093.50485099671,0.19300200045108795
63093.57174037991,0.19301199913024902
63093.63862976311,0.19301800429821014
63093.705519146315,0.19301199913024902
63093.77240852951,0.19301199913024902
63093.83929791272,0.19302800297737122
63093.906187295914,0.1930440068244934
63093.97307667912,0.19303900003433228
63094.039966062315,0.1930440068244934
63094.10685544552,0.19306600093841553
63094.17374482872,0.19306600093841553
63094.24063421192,0.19305500388145447
63094.30752359512,0.19306600093841553
63094.37441297832,0.19309300184249878
63094.44130236152,0.19312000274658203
63094.508191744724,0.19312000274658203
63094.57508112792,0.19312000274658203
63094.641970511126,0.19312000274658203
63094.70885989432,0.19310900568962097
63094.77574927753,0.19309799373149872
63094.842638660724,0.19310399889945984
63094.90952804393,0.19312000274658203
63094.976417427126,0.19313600659370422
63095.04330681033,0.1931460052728653
63095.11019619353,0.1931460052728653
63095.17708557673,0.1931460052728653
63095.24397495993,0.1931460052728653
63095.31086434313,0.19316299259662628
63095.37775372633,0.1932000070810318
63095.444643109535,0.1932000070810318
63095.51153249273,0.19319500029087067
63095.578421875936,0.1932000070810318
63095.64531125913,0.19321100413799286
63095.71220064234,0.19321100413799286
63095.779090025535,0.19322200119495392
63095.84597940874,0.19322200119495392
63095.91286879194,0.19322699308395386
63095.97975817514,0.19322699308395386
63096.04664755834,0.19324299693107605
63096.11353694154,0.1932380050420761
63096.18042632474,0.19326500594615936
63096.247315707944,0.19326500594615936
63096.31420509114,0.19328099489212036
63096.381094474345,0.19329200685024261
63096.44798385754,0.1933020055294037
63096.51487324075,0.1933079957962036
63096.581762623944,0.1933079957962036
63096.64865200715,0.1933020055294037
63096.71554139035,0.1933079957962036
63096.78243077355,0.1933239996433258
63096.849320156754,0.193340003490448
63096.91620953995,0.1933560073375702
63096.983098923156,0.19336099922657013
63097.04998830635,0.19336099922657013
63097.11687768956,0.19336099922657013
63097.183767072755,0.19336700439453125
63097.25065645596,0.19338299334049225
63097.317545839156,0.19339899718761444
63097.38443522236,0.19341500103473663
63097.45132460556,0.19341500103473663
63097.51821398876,0.19341500103473663
63097.58510337196,0.19341500103473663
63097.65199275516,0.19344200193881989
63097.71888213836,0.19344200193881989
63097.785771521565,0.19342100620269775
63097.85266090476,0.19341500103473663
63097.91955028797,0.19344200193881989
63097.986439671164,0.19345800578594208
63098.05332905437,0.19346900284290314
63098.120218437565,0.19346900284290314
63098.18710782077,0.19346900284290314
63098.25399720397,0.1934799998998642
63098.32088658717,0.19348500669002533
63098.38777597037,0.1935119926929474
63098.45466535357,0.1935179978609085
63098.52155473677,0.1935119926929474
63098.588444119974,0.1935179978609085
63098.65533350317,0.19352300465106964
63098.722222886376,0.19352300465106964
63098.78911226957,0.1935340017080307
63098.85600165278,0.19353899359703064
63098.922891035974,0.1935500055551529
63098.98978041918,0.1935500055551529
63099.056669802376,0.1935659945011139
63099.12355918558,0.19357700645923615
63099.19044856878,0.19357700645923615
63099.25733795198,0.19357700645923615
63099.32422733518,0.19357700645923615
63099.39111671838,0.19357700645923615
63099.45800610158,0.193571999669075
63099.524895484785,0.19355499744415283
63099.59178486798,0.19356100261211395
63099.658674251186,0.1935659945011139
63099.72556363438,0.1935659945011139
63099.79245301759,0.19357700645923615
63099.859342400785,0.1935880035161972
63099.92623178399,0.19357700645923615
63099.99312116719,0.19359900057315826
63100.06001055039,0.19361500442028046
63100.12689993359,0.19362600147724152
63100.19378931679,0.19362600147724152
63100.26067869999,0.19363099336624146
63100.327568083194,0.1936360001564026
63100.39445746639,0.19363099336624146
63100.461346849595,0.19365300238132477
63100.52823623279,0.1936579942703247
63100.595125616,0.1936579942703247
63100.662014999194,0.19366300106048584
63100.7289043824,0.19368499517440796
63100.795793765596,0.19368499517440796
63100.8626831488,0.19368499517440796
63100.929572532,0.19371700286865234
63100.9964619152,0.1937119960784912
63101.0633512984,0.19373400509357452
63101.1302406816,0.1937440037727356
63101.1971300648,0.19373899698257446
63101.264019448005,0.19373899698257446
63101.3309088312,0.19372299313545227
63101.397798214406,0.19371700286865234
63101.4646875976,0.19373400509357452
63101.53157698081,0.1937440037727356
63101.598466364005,0.19375500082969666
63101.66535574721,0.19377699494361877
63101.732245130406,0.19377100467681885
63101.79913451361,0.19376599788665771
63101.86602389681,0.1937820017337799
63101.93291328001,0.19380399584770203
63101.99980266321,0.19381999969482422
63102.066692046414,0.19382500648498535
63102.13358142961,0.19381999969482422
63102.200470812815,0.19384700059890747
63102.26736019601,0.19384700059890747
63102.33424957922,0.19384700059890747
63102.401138962414,0.1938360035419464
63102.46802834562,0.1938689947128296
63102.534917728815,0.19387400150299072
63102.60180711202,0.19387400150299072
63102.66869649522,0.19387400150299072
63102.73558587842,0.19389599561691284
63102.80247526162,0.19391700625419617
63102.86936464482,0.19391700625419617
63102.93625402802,0.19392800331115723
63103.003143411224,0.1939390003681183
63103.07003279442,0.1939609944820404
63103.136922177626,0.19398200511932373
63103.20381156082,0.19398200511932373
63103.27070094403,0.1939990073442459
63103.337590327224,0.1939930021762848
63103.40447971043,0.19398200511932373
63103.471369093626,0.1939930021762848
63103.53825847683,0.1939990073442459
63103.60514786003,0.19400900602340698
63103.67203724323,0.19400900602340698
63103.738926626436,0.1940149962902069
63103.80581600963,0.19403700530529022
63103.87270539284,0.19403700530529022
63103.939594776035,0.1940310001373291
63104.00648415924,0.1940310001373291
63104.07337354244,0.19405800104141235
63104.14026292564,0.19406400620937347
63104.20715230884,0.19406400620937347
63104.27404169204,0.19407999515533447
63104.34093107524,0.19410200417041779
63104.407820458444,0.19409100711345673
63104.47470984164,0.19409100711345673
63104.541599224845,0.19409100711345673
63104.60848860804,0.19410699605941772
63104.67537799125,0.19411799311637878
63104.742267374444,0.19411200284957886
63104.80915675765,0.19411799311637878
63104.876046140846,0.19412299990653992
63104.94293552405,0.1941400021314621
63105.00982490725,0.19416099786758423
63105.07671429045,0.1941780000925064
63105.14360367365,0.1941719949245453
63105.21049305685,0.1941719949245453
63105.27738244005,0.1941719949245453
63105.344271823255,0.1941940039396286
63105.41116120645,0.1941719949245453
63105.478050589656,0.19419899582862854
63105.54493997285,0.19419899582862854
63105.61182935606,0.1941940039396286
63105.678718739255,0.19419899582862854
63105.74560812246,0.19420500099658966
63105.812497505656,0.1942259967327118
63105.87938688886,0.1942320019006729
63105.94627627206,0.1942480057477951
63106.01316565526,0.19425900280475616
63106.08005503846,0.19425399601459503
63106.146944421664,0.19425900280475616
63106.21383380486,0.19425399601459503
63106.280723188065,0.19425900280475616
63106.34761257126,0.19430199265480042
63106.41450195447,0.19429700076580048
63106.481391337664,0.19428600370883942
63106.54828072087,0.19430799782276154
63106.615170104065,0.19430799782276154
63106.68205948727,0.19430799782276154
63106.74894887047,0.19431300461292267
63106.81583825367,0.1943189948797226
63106.88272763687,0.1943349987268448
63106.94961702007,0.19435100257396698
63107.01650640327,0.19434599578380585
63107.083395786474,0.19436199963092804
63107.15028516967,0.19438399374485016
63107.217174552876,0.1943890005350113
63107.28406393607,0.19438399374485016
63107.35095331928,0.19436199963092804
63107.417842702474,0.19438399374485016
63107.48473208568,0.1943890005350113
63107.551621468876,0.1943890005350113
63107.61851085208,0.1943890005350113
63107.68540023528,0.1943890005350113
63107.75228961848,0.1943950057029724
63107.81917900168,0.19441699981689453
63107.88606838488,0.19442200660705566
63107.95295776808,0.1944279968738556
63108.019847151285,0.19443300366401672
63108.08673653448,0.19443300366401672
63108.15362591769,0.19443799555301666
63108.22051530088,0.19447100162506104
63108.28740468409,0.1944980025291443
63108.354294067285,0.1945039927959442
63108.42118345049,0.19450899958610535
63108.48807283369,0.1944980025291443
63108.55496221689,0.1944980025291443
63108.62185160009,0.1945039927959442
63108.68874098329,0.1944980025291443
63108.75563036649,0.1944980025291443
63108.822519749694,0.19451500475406647
63108.88940913289,0.19452600181102753
63108.956298516096,0.19454699754714966
63109.02318789929,0.19454699754714966
63109.0900772825,0.19455300271511078
63109.156966665694,0.19455300271511078
63109.2238560489,0.19456900656223297
63109.290745432096,0.19460199773311615
63109.3576348153,0.19460700452327728
63109.4245241985,0.19461800158023834
63109.4914135817,0.1946129947900772
63109.5583029649,0.1946129947900772
63109.6251923481,0.19463500380516052
63109.6920817313,0.19463500380516052
63109.758971114505,0.19463500380516052
63109.8258604977,0.19462400674819946
63109.892749880906,0.1946289986371994
63109.9596392641,0.19463500380516052
63110.02652864731,0.19463999569416046
63110.093418030505,0.19463500380516052
63110.16030741371,0.19463500380516052
63110.227196796906,0.19465599954128265
63110.29408618011,0.19467799365520477
63110.36097556331,0.19468900561332703
63110.42786494651,0.19468900561332703
63110.49475432971,0.19468900561332703
63110.561643712914,0.19471099972724915
63110.62853309611,0.19471600651741028
63110.695422479315,0.19471600651741028
63110.76231186251,0.19471099972724915
63110.82920124572,0.19471099972724915
63110.896090628914,0.19472700357437134
63110.96298001212,0.19471600651741028
63111.02986939532,0.1947219967842102
63111.09675877852,0.1947380006313324
63111.163648161724,0.19475999474525452
63111.23053754492,0.19477100670337677
63111.297426928126,0.19478699564933777
63111.36431631132,0.1947930008172989
63111.43120569453,0.19479799270629883
63111.498095077724,0.19480399787425995
63111.56498446093,0.19480399787425995
63111.631873844126,0.19479799270629883
63111.69876322733,0.19480399787425995
63111.76565261053,0.19482600688934326
63111.83254199373,0.19482000172138214
63111.89943137693,0.1948309987783432
63111.96632076013,0.19482600688934326
63112.03321014333,0.19482000172138214
63112.100099526535,0.19482600688934326
63112.16698890973,0.19482600688934326
63112.23387829294,0.19482600688934326
63112.30076767613,0.1948309987783432
63112.36765705934,0.1948470026254654
63112.434546442535,0.19487500190734863
63112.50143582574,0.1948859989643097
63112.56832520894,0.19490200281143188
63112.63521459214,0.19492900371551514
63112.70210397534,0.19492900371551514
63112.76899335854,0.1949079930782318
63112.83588274174,0.1949079930782318
63112.902772124944,0.19490200281143188
63112.96966150814,0.19491299986839294
63113.036550891346,0.194923996925354
63113.10344027454,0.19493499398231506
63113.17032965775,0.19493499398231506
63113.237219040944,0.19493499398231506
63113.30410842415,0.194923996925354
63113.370997807346,0.19491900503635406
63113.43788719055,0.1949400007724762
63113.50477657375,0.1949400007724762
63113.57166595695,0.19495099782943726
63113.63855534015,0.1949789971113205
63113.70544472335,0.1950010061264038
63113.77233410655,0.19501200318336487
63113.839223489755,0.19501200318336487
63113.90611287295,0.1950010061264038
63113.973002256156,0.1950169950723648
63114.03989163935,0.1950169950723648
63114.10678102256,0.19500599801540375
63114.173670405755,0.1950169950723648
63114.24055978896,0.1950169950723648
63114.307449172156,0.1950169950723648
63114.37433855536,0.1950169950723648
63114.44122793856,0.1950169950723648
63114.50811732176,0.19502800703048706
63114.57500670496,0.1950169950723648
63114.641896088164,0.19503900408744812
63114.70878547136,0.19502800703048706
63114.775674854565,0.19504399597644806
63114.84256423776,0.1950879991054535
63114.90945362097,0.1950940042734146
63114.976343004164,0.1950940042734146
63115.04323238737,0.19509899616241455
63115.110121770565,0.1950940042734146
63115.17701115377,0.19509899616241455
63115.24390053697,0.19511599838733673
63115.31078992017,0.19512100517749786
63115.37767930337,0.19509899616241455
63115.44456868657,0.19510500133037567
63115.51145806977,0.19511599838733673
63115.578347452974,0.1951269954442978
63115.64523683617,0.19513200223445892
63115.712126219376,0.19513200223445892
63115.77901560257,0.19514800608158112
63115.84590498578,0.19515399634838104
63115.912794368975,0.19515399634838104
63115.97968375218,0.1951809972524643
63116.046573135376,0.19521400332450867
63116.11346251858,0.19520899653434753
63116.18035190178,0.19520899653434753
63116.24724128498,0.19523100554943085
63116.31413066818,0.1952359974384308
63116.38102005138,0.1952359974384308
63116.44790943458,0.19526399672031403
63116.514798817785,0.1952359974384308
63116.58168820098,0.1952359974384308
63116.64857758419,0.19523100554943085
63116.715466967384,0.19525299966335297
63116.78235635059,0.19525299966335297
63116.849245733785,0.1952580064535141
63116.91613511699,0.19528000056743622
63116.98302450019,0.19529099762439728
63117.04991388339,0.1953130066394806
63117.11680326659,0.19531899690628052
63117.18369264979,0.19532999396324158
63117.25058203299,0.19532400369644165
63117.317471416194,0.19532400369644165
63117.38436079939,0.1953350007534027
63117.451250182596,0.19532999396324158
63117.51813956579,0.19535699486732483
63117.585028949,0.19536800682544708
63117.651918332194,0.19537299871444702
63117.7188077154,0.19538399577140808
63117.785697098596,0.19538399577140808
63117.8525864818,0.19540099799633026
63117.919475865,0.19540099799633026
63117.9863652482,0.19539499282836914
63118.053254631406,0.19539499282836914
63118.1201440146,0.19540099799633026
63118.18703339781,0.1954060047864914
63118.253922781005,0.19540099799633026
63118.32081216421,0.19542300701141357
63118.387701547406,0.1954279989004135
63118.45459093061,0.19541700184345245
63118.52148031381,0.1954279989004135
63118.58836969701,0.19543899595737457
63118.65525908021,0.19546100497245789
63118.722148463414,0.19544999301433563
63118.78903784661,0.19547200202941895
63118.855927229815,0.19548900425434113
63118.92281661301,0.19548299908638
63118.98970599622,0.19548299908638
63119.056595379414,0.19548299908638
63119.12348476262,0.19548299908638
63119.190374145815,0.19548299908638
63119.25726352902,0.19549399614334106
63119.32415291222,0.19551099836826324
63119.39104229542,0.19553300738334656
63119.45793167862,0.1955379992723465
63119.52482106182,0.19554400444030762
63119.59171044502,0.19555999338626862
63119.658599828224,0.19555500149726868
63119.72548921142,0.19555999338626862
63119.792378594626,0.19556599855422974
63119.85926797782,0.19556599855422974
63119.92615736103,0.19556599855422974
63119.993046744225,0.19556599855422974
63120.05993612743,0.19556599855422974
63120.126825510626,0.1955769956111908
63120.19371489383,0.1955990046262741
63120.26060427703,0.1956160068511963
63120.32749366023,0.19562700390815735
63120.39438304343,0.19562099874019623
63120.46127242663,0.1956319957971573
63120.52816180983,0.19564899802207947
63120.595051193035,0.19566500186920166
63120.66194057623,0.19565999507904053
63120.72882995944,0.19567599892616272
63120.795719342634,0.19567599892616272
63120.86260872584,0.19568200409412384
63120.929498109035,0.19570399820804596
63120.99638749224,0.19570399820804596
63121.06327687544,0.1957090049982071
63121.13016625864,0.19570399820804596
63121.19705564184,0.19570399820804596
63121.26394502504,0.19570399820804596
63121.33083440824,0.19572600722312927
63121.397723791444,0.19573700428009033
63121.46461317464,0.19573700428009033
63121.531502557846,0.1957309991121292
63121.59839194104,0.19570399820804596
63121.66528132425,0.19570399820804596
63121.732170707444,0.19570399820804596
63121.79906009065,0.19567100703716278
63121.865949473846,0.19562700390815735
63121.93283885705,0.19564299285411835
63121.99972824025,0.19564899802207947
63122.06661762345,0.19565999507904053
63122.13350700665,0.19571499526500702
63122.20039638985,0.19575299322605133
63122.26728577305,0.19579699635505676
63122.334175156255,0.19580799341201782
63122.40106453945,0.19579699635505676
63122.467953922656,0.19580799341201782
63122.53484330585,0.19584199786186218
63122.60173268906,0.1958799958229065
63122.668622072255,0.1959580034017563
63122.73551145546,0.1960739940404892
63122.80240083866,0.19592399895191193
63122.86929022186,0.19586899876594543
63122.93617960506,0.1959410011768341
63123.00306898826,0.1959580034017563
63123.06995837146,0.1959580034017563
63123.136847754664,0.19597400724887848
63123.20373713786,0.19596299529075623
63123.270626521065,0.19599099457263947
63123.33751590426,0.19600200653076172
63123.40440528747,0.19589099287986755
63123.471294670664,0.19591300189495087
63123.53818405387,0.19596900045871735
63123.605073437066,0.1959799975156784
63123.67196282027,0.19595199823379517
63123.73885220347,0.19595199823379517
63123.80574158667,0.19595199823379517
63123.87263096987,0.19595199823379517
63123.93952035307,0.19597400724887848
63124.00640973627,0.19595199823379517
63124.073299119475,0.1959410011768341
63124.14018850267,0.19593000411987305
63124.207077885876,0.19589699804782867
63124.27396726907,0.19589699804782867
63124.34085665228,0.1959020048379898
63124.407746035475,0.19589699804782867
63124.47463541868,0.1959020048379898
63124.541524801876,0.19591300189495087
63124.60841418508,0.19590799510478973
63124.67530356828,0.1959020048379898
63124.74219295148,0.19592399895191193
63124.80908233468,0.19593000411987305
63124.875971717884,0.19592399895191193
63124.94286110108,0.19593000411987305
63125.009750484285,0.19594700634479523
63125.07663986748,0.19595199823379517
63125.14352925069,0.19593599438667297
63125.21041863389,0.19595199823379517
63125.27730801709,0.19595199823379517
63125.34419740029,0.19595199823379517
63125.41108678349,0.1959799975156784
63125.477976166694,0.1959799975156784
63125.54486554989,0.1959799975156784
63125.611754933096,0.19600200653076172
63125.67864431629,0.19600699841976166
63125.7455336995,0.1959960013628006
63125.812423082694,0.19601799547672272
63125.8793124659,0.1960349977016449
63125.946201849096,0.1960570067167282
63126.0130912323,0.1960570067167282
63126.0799806155,0.19606800377368927
63126.1468699987,0.19607900083065033
63126.2137593819,0.1960899978876114
63126.2806487651,0.1960899978876114
63126.3475381483,0.1960960030555725
63126.414427531505,0.19611799716949463
63126.4813169147,0.19611799716949463
63126.548206297906,0.19611799716949463
63126.6150956811,0.19611799716949463
63126.68198506431,0.19612400233745575
63126.748874447505,0.19614599645137787
63126.81576383071,0.19614599645137787
63126.88265321391,0.196151003241539
63126.94954259711,0.19616200029850006
63127.01643198031,0.19616800546646118
63127.08332136351,0.19617900252342224
63127.15021074671,0.19617299735546112
63127.217100129914,0.19617900252342224
63127.28398951311,0.19620700180530548
63127.350878896315,0.19622300565242767
63127.41776827951,0.1962289959192276
63127.48465766272,0.1962289959192276
63127.551547045914,0.1962510049343109
63127.61843642912,0.1962510049343109
63127.685325812316,0.1962289959192276
63127.75221519552,0.1962289959192276
63127.81910457872,0.1962510049343109
63127.88599396192,0.19626200199127197
63127.95288334512,0.1962680071592331
63128.01977272832,0.1962839961051941
63128.08666211152,0.1962839961051941
63128.153551494725,0.19630099833011627
63128.22044087792,0.19631199538707733
63128.287330261126,0.19631199538707733
63128.35421964432,0.19633999466896057
63128.42110902753,0.19633999466896057
63128.487998410725,0.19635599851608276
63128.55488779393,0.1963679939508438
63128.621777177126,0.19635599851608276
63128.68866656033,0.19635599851608276
63128.75555594353,0.19637300074100494
63128.82244532673,0.196383997797966
63128.88933470993,0.1963679939508438
63128.956224093134,0.19635599851608276
63129.02311347633,0.19635599851608276
63129.090002859535,0.19635100662708282
63129.15689224273,0.1963679939508438
63129.22378162594,0.19637900590896606
63129.290671009134,0.19639000296592712
63129.35756039234,0.19641700387001038
63129.424449775535,0.1964229941368103
63129.49133915874,0.1964229941368103
63129.55822854194,0.19644500315189362
63129.62511792514,0.19644500315189362
63129.69200730834,0.19644500315189362
63129.75889669154,0.19645099341869354
63129.82578607474,0.19644500315189362
63129.892675457944,0.19645099341869354
63129.95956484114,0.19647300243377686
63130.026454224346,0.19648399949073792
63130.09334360754,0.19647899270057678
63130.16023299075,0.19647300243377686
63130.227122373944,0.19647300243377686
63130.29401175715,0.1965010017156601
63130.360901140346,0.19652299582958221
63130.42779052355,0.19651199877262115
63130.49467990675,0.19652299582958221
63130.56156928995,0.1965620070695877
63130.62845867315,0.19654500484466553
63130.69534805635,0.1965620070695877
63130.76223743955,0.19658400118350983
63130.829126822755,0.1965949982404709
63130.89601620595,0.19657300412654877
63130.96290558916,0.19659000635147095
63131.02979497235,0.1965949982404709
63131.09668435556,0.196601003408432
63131.163573738755,0.1966180056333542
63131.23046312196,0.19664500653743744
63131.29735250516,0.19664500653743744
63131.36424188836,0.19664500653743744
63131.43113127156,0.1966399997472763
63131.49802065476,0.19664500653743744
63131.56491003796,0.19664500653743744
63131.631799421164,0.19666799902915955
63131.69868880436,0.19669599831104279
63131.765578187566,0.19669599831104279
63131.83246757076,0.19668999314308167
63131.89935695397,0.19670100510120392
63131.966246337164,0.1967180073261261
63132.03313572037,0.1967180073261261
63132.100025103566,0.19672299921512604
63132.16691448677,0.19673499464988708
63132.23380386997,0.19673499464988708
63132.30069325317,0.1967570036649704
63132.367582636376,0.1967570036649704
63132.43447201957,0.19676800072193146
63132.50136140278,0.19677899777889252
63132.568250785975,0.19678500294685364
63132.63514016918,0.19678500294685364
63132.702029552376,0.1967960000038147
63132.76891893558,0.1967960000038147
63132.83580831878,0.19681300222873688
63132.90269770198,0.19681300222873688
63132.96958708518,0.19682900607585907
63133.03647646838,0.19684000313282013
63133.10336585158,0.19684000313282013
63133.170255234785,0.19684000313282013
63133.23714461798,0.19684000313282013
63133.30403400119,0.19684000313282013
63133.370923384384,0.19686299562454224
63133.43781276759,0.1968739926815033
63133.504702150785,0.19689099490642548
63133.57159153399,0.1968960016965866
63133.63848091719,0.19690200686454773
63133.70537030039,0.1969130039215088
63133.77225968359,0.19693000614643097
63133.83914906679,0.19692400097846985
63133.90603844999,0.1969520002603531
63133.972927833194,0.1969520002603531
63134.03981721639,0.19696900248527527
63134.106706599596,0.19697999954223633
63134.17359598279,0.19698600471019745
63134.240485366,0.19700799882411957
63134.307374749194,0.19700799882411957
63134.3742641324,0.19700799882411957
63134.441153515596,0.19702500104904175
63134.5080428988,0.19700799882411957
63134.574932282,0.1970130056142807
63134.6418216652,0.1970299929380417
63134.7087110484,0.1970359981060028
63134.7756004316,0.19705800712108612
63134.8424898148,0.1970749944448471
63134.909379198005,0.1970919966697693
63134.9762685812,0.1970919966697693
63135.04315796441,0.19711999595165253
63135.1100473476,0.1971140056848526
63135.17693673081,0.19711999595165253
63135.243826114005,0.19711999595165253
63135.31071549721,0.19711999595165253
63135.37760488041,0.19714799523353577
63135.44449426361,0.1971530020236969
63135.51138364681,0.19716399908065796
63135.57827303001,0.19715900719165802
63135.64516241321,0.19715900719165802
63135.712051796414,0.19717000424861908
63135.77894117961,0.197175994515419
63135.845830562816,0.197175994515419
63135.91271994601,0.1971919983625412
63135.97960932922,0.19721999764442444
63136.046498712414,0.1972150057554245
63136.11338809562,0.19722600281238556
63136.180277478816,0.19724300503730774
63136.24716686202,0.1972540020942688
63136.31405624522,0.19724799692630768
63136.38094562842,0.1972540020942688
63136.44783501162,0.19726499915122986
63136.51472439482,0.19728200137615204
63136.58161377802,0.19728800654411316
63136.648503161225,0.19729900360107422
63136.71539254442,0.1973160058259964
63136.782281927626,0.1973160058259964
63136.84917131082,0.1973160058259964
63136.91606069403,0.1973160058259964
63136.982950077225,0.1973550021648407
63137.04983946043,0.19737200438976288
63137.116728843626,0.19736599922180176
63137.18361822683,0.19735999405384064
63137.25050761003,0.19737200438976288
63137.31739699323,0.19737200438976288
63137.38428637643,0.19740000367164612
63137.451175759634,0.19740000367164612
63137.51806514283,0.1974170058965683
63137.584954526035,0.19742800295352936
63137.65184390923,0.19743900001049042
63137.71873329244,0.1974560022354126
63137.785622675634,0.1974560022354126
63137.85251205884,0.1974560022354126
63137.919401442035,0.1974560022354126
63137.98629082524,0.19746099412441254
63138.05318020844,0.19746699929237366
63138.12006959164,0.1974560022354126
63138.18695897484,0.19746699929237366
63138.25384835804,0.1974949985742569
63138.32073774124,0.19751200079917908
63138.387627124444,0.19751200079917908
63138.45451650764,0.19751200079917908
63138.521405890846,0.19751200079917908
63138.58829527404,0.19752900302410126
63138.65518465725,0.1975339949131012
63138.722074040445,0.19754000008106232
63138.78896342365,0.1975570023059845
63138.855852806846,0.19756799936294556
63138.92274219005,0.19756799936294556
63138.98963157325,0.19758500158786774
63139.05652095645,0.19760200381278992
63139.12341033965,0.1975959986448288
63139.19029972285,0.19758500158786774
63139.25718910605,0.19760699570178986
63139.324078489255,0.19762399792671204
63139.39096787246,0.19764700531959534
63139.45785725566,0.19765199720859528
63139.52474663886,0.19764700531959534
63139.59163602206,0.19765199720859528
63139.65852540526,0.19766899943351746
63139.72541478846,0.19769200682640076
63139.792304171664,0.1976809948682785
63139.85919355486,0.19770300388336182
63139.926082938066,0.19772599637508392
63139.99297232126,0.19773100316524506
63140.05986170447,0.19773699343204498
63140.126751087664,0.19773699343204498
63140.19364047087,0.19773699343204498
63140.260529854066,0.19773699343204498
63140.32741923727,0.19774800539016724
63140.39430862047,0.19776499271392822
63140.46119800367,0.19776499271392822
63140.52808738687,0.1977819949388504
63140.59497677007,0.19779300689697266
63140.66186615327,0.19780999422073364
63140.728755536475,0.19781599938869476
63140.79564491967,0.1978210061788559
63140.862534302876,0.1978210061788559
63140.92942368607,0.1978210061788559
63140.99631306928,0.19782699644565582
63141.063202452475,0.1978210061788559
63141.13009183568,0.19783799350261688
63141.196981218876,0.197843998670578
63141.26387060208,0.19784900546073914
63141.33075998528,0.19786599278450012
63141.39764936848,0.19786599278450012
63141.46453875168,0.19787199795246124
63141.531428134884,0.19788900017738342
63141.59831751808,0.19789999723434448
63141.665206901285,0.1979060024023056
63141.73209628448,0.1979060024023056
63141.79898566769,0.19791099429130554
63141.865875050884,0.19791699945926666
63141.93276443409,0.19793400168418884
63141.999653817285,0.19793400168418884
63142.06654320049,0.1979449987411499
63142.13343258369,0.19794000685214996
63142.20032196689,0.1979449987411499
63142.26721135009,0.19795699417591095
63142.33410073329,0.1979680061340332
63142.40099011649,0.1979680061340332
63142.467879499694,0.19799000024795532
63142.53476888289,0.19799000024795532
63142.601658266096,0.19801299273967743
63142.66854764929,0.19801899790763855
63142.7354370325,0.19804100692272186
63142.802326415695,0.19803600013256073
63142.8692157989,0.19801899790763855
63142.936105182096,0.19802400469779968
63143.0029945653,0.19804100692272186
63143.0698839485,0.1980690062046051
63143.1367733317,0.1980919986963272
63143.2036627149,0.1980859935283661
63143.2705520981,0.19808100163936615
63143.3374414813,0.1980859935283661
63143.404330864505,0.1980919986963272
63143.4712202477,0.1980859935283661
63143.53810963091,0.19810299575328827
63143.604999014104,0.1981319934129715
63143.67188839731,0.19813700020313263
63143.738777780505,0.1981319934129715
63143.80566716371,0.1981090009212494
63143.87255654691,0.19811999797821045
63143.93944593011,0.19813700020313263
63144.00633531331,0.19815999269485474
63144.07322469651,0.1981540024280548
63144.14011407971,0.19814300537109375
63144.207003462914,0.19815999269485474
63144.27389284611,0.198171004652977
63144.340782229316,0.19818800687789917
63144.40767161251,0.19818800687789917
63144.47456099572,0.19818800687789917
63144.541450378914,0.19818800687789917
63144.60833976212,0.19818800687789917
63144.675229145316,0.19818800687789917
63144.74211852852,0.1982160061597824
63144.80900791172,0.19822199642658234
63144.87589729492,0.19824500381946564
63144.94278667812,0.19824500381946564
63145.00967606132,0.19823899865150452
63145.07656544452,0.19823899865150452
63145.143454827725,0.19824500381946564
63145.21034421092,0.19824500381946564
63145.277233594126,0.19826200604438782
63145.34412297732,0.1982789933681488
63145.41101236053,0.19827300310134888
63145.477901743725,0.19827300310134888
63145.54479112693,0.19829000532627106
63145.61168051013,0.19828400015830994
63145.67856989333,0.19830100238323212
63145.74545927653,0.19833000004291534
63145.81234865973,0.19834700226783752
63145.87923804293,0.19835799932479858
63145.946127426134,0.1983409970998764
63146.01301680933,0.19833000004291534
63146.079906192535,0.19835799932479858
63146.14679557573,0.19835799932479858
63146.21368495894,0.19835799932479858
63146.280574342134,0.19835799932479858
63146.34746372534,0.1983640044927597
63146.414353108536,0.19839200377464294
63146.48124249174,0.198403000831604
63146.54813187494,0.19838599860668182
63146.61502125814,0.198403000831604
63146.681910641346,0.19843199849128723
63146.74880002454,0.1984429955482483
63146.81568940775,0.19843700528144836
63146.882578790945,0.1984429955482483
63146.94946817415,0.1984429955482483
63147.016357557346,0.1984429955482483
63147.08324694055,0.19845399260520935
63147.15013632375,0.19847099483013153
63147.21702570695,0.1984660029411316
63147.28391509015,0.19847699999809265
63147.35080447335,0.1984879970550537
63147.41769385655,0.19850000739097595
63147.484583239755,0.19850000739097595
63147.55147262295,0.19851699471473694
63147.61836200616,0.19852200150489807
63147.685251389354,0.1985280066728592
63147.75214077256,0.19853399693965912
63147.819030155755,0.1985509991645813
63147.88591953896,0.19855600595474243
63147.95280892216,0.1985509991645813
63148.01969830536,0.19856800138950348
63148.08658768856,0.19858500361442566
63148.15347707176,0.19856199622154236
63148.22036645496,0.19857899844646454
63148.287255838164,0.1985899955034256
63148.35414522136,0.19860200583934784
63148.421034604566,0.1986130028963089
63148.48792398776,0.198635995388031
63148.55481337097,0.19864100217819214
63148.621702754164,0.19865299761295319
63148.68859213737,0.19865299761295319
63148.755481520566,0.19865800440311432
63148.82237090377,0.19864700734615326
63148.88926028697,0.19868099689483643
63148.95614967017,0.1986979991197586
63149.02303905337,0.19869300723075867
63149.08992843657,0.19868700206279755
63149.15681781977,0.1986979991197586
63149.223707202975,0.19872699677944183
63149.29059658617,0.19874900579452515
63149.357485969376,0.1987379938364029
63149.42437535257,0.19875499606132507
63149.49126473578,0.19874900579452515
63149.558154118975,0.1987610012292862
63149.62504350218,0.19877199828624725
63149.69193288538,0.1987839937210083
63149.75882226858,0.19878900051116943
63149.82571165178,0.19881199300289154
63149.89260103498,0.1988060027360916
63149.95949041818,0.1988230049610138
63150.026379801384,0.19881199300289154
63150.09326918458,0.19881199300289154
63150.160158567785,0.19881799817085266
63150.22704795098,0.19883500039577484
63150.29393733419,0.19884000718593597
63150.360826717384,0.19886299967765808
63150.42771610059,0.19888600707054138
63150.494605483786,0.19888600707054138
63150.56149486699,0.1988690048456192
63150.62838425019,0.19887499511241913
63150.69527363339,0.1989089995622635
63150.76216301659,0.19892600178718567
63150.82905239979,0.19892600178718567
63150.89594178299,0.19892600178718567
63150.962831166195,0.19892600178718567
63151.02972054939,0.19894300401210785
63151.096609932596,0.19893699884414673
63151.16349931579,0.1989320069551468
63151.230388699,0.1989540010690689
63151.297278082195,0.1989540010690689
63151.3641674654,0.1989540010690689
63151.431056848596,0.19897699356079102
63151.4979462318,0.19901099801063538
63151.564835615,0.19900000095367432
63151.6317249982,0.19901099801063538
63151.6986143814,0.1990170031785965
63151.7655037646,0.19903400540351868
63151.8323931478,0.19903400540351868
63151.899282531005,0.1990399956703186
63151.9661719142,0.1990399956703186
63152.03306129741,0.1990630030632019
63152.099950680604,0.19906799495220184
63152.16684006381,0.19908000528812408
63152.233729447005,0.19909699261188507
63152.30061883021,0.19909699261188507
63152.36750821341,0.19909699261188507
63152.43439759661,0.19909699261188507
63152.50128697981,0.19909699261188507
63152.56817636301,0.19912000000476837
63152.63506574621,0.19912000000476837
63152.701955129414,0.19914300739765167
63152.76884451261,0.19913700222969055
63152.835733895816,0.19915999472141266
63152.90262327901,0.19918300211429596
63152.96951266222,0.1991879940032959
63153.036402045414,0.1991879940032959
63153.10329142862,0.19918300211429596
63153.170180811816,0.19918300211429596
63153.23707019502,0.1992110013961792
63153.30395957822,0.19921700656414032
63153.37084896142,0.19922800362110138
63153.43773834462,0.1992339938879013
63153.50462772782,0.19922800362110138
63153.57151711102,0.1992509961128235
63153.638406494225,0.19926199316978455
63153.70529587743,0.19929100573062897
63153.77218526063,0.19930300116539001
63153.83907464383,0.1992969959974289
63153.90596402703,0.1993200033903122
63153.97285341023,0.19932499527931213
63154.03974279343,0.19932499527931213
63154.106632176634,0.19932499527931213
63154.17352155983,0.19933100044727325
63154.240410943035,0.19934800267219543
63154.30730032623,0.19937099516391754
63154.37418970944,0.19938300549983978
63154.441079092634,0.19938300549983978
63154.50796847584,0.19938799738883972
63154.574857859036,0.19937700033187866
63154.64174724224,0.19939400255680084
63154.70863662544,0.19941699504852295
63154.77552600864,0.19942300021648407
63154.84241539184,0.19941699504852295
63154.90930477504,0.19941100478172302
63154.97619415824,0.19943399727344513
63155.043083541445,0.1994509994983673
63155.10997292464,0.19945700466632843
63155.176862307846,0.19945700466632843
63155.24375169104,0.1994680017232895
63155.31064107425,0.1994680017232895
63155.377530457445,0.1994740068912506
63155.44441984065,0.1994909942150116
63155.511309223846,0.1994909942150116
63155.57819860705,0.19949699938297272
63155.64508799025,0.19949699938297272
63155.71197737345,0.19949699938297272
63155.77886675665,0.19949699938297272
63155.84575613985,0.19950899481773376
63155.91264552305,0.19952599704265594
63155.979534906255,0.19952000677585602
63156.04642428945,0.1995140016078949
63156.11331367266,0.19953100383281708
63156.180203055854,0.19953100383281708
63156.24709243906,0.19954900443553925
63156.313981822255,0.19955399632453918
63156.38087120546,0.19955399632453918
63156.44776058866,0.19954900443553925
63156.51464997186,0.19955399632453918
63156.58153935506,0.19955399632453918
63156.64842873826,0.19957700371742249
63156.71531812146,0.1995829939842224
63156.782207504664,0.19959500432014465
63156.84909688786,0.1996060013771057
63156.915986271066,0.1995829939842224
63156.98287565426,0.1995829939842224
63157.04976503747,0.19959500432014465
63157.116654420664,0.1996060013771057
63157.18354380387,0.1996060013771057
63157.250433187066,0.1995999962091446
63157.31732257027,0.19961200654506683
63157.38421195347,0.19962899386882782
63157.45110133667,0.19964000582695007
63157.51799071987,0.19963499903678894
63157.58488010307,0.19963499903678894
63157.65176948627,0.19962899386882782
63157.718658869475,0.19964000582695007
63157.78554825267,0.19964000582695007
63157.85243763588,0.19965800642967224
63157.91932701907,0.19965200126171112
63157.98621640228,0.19964000582695007
63158.053105785475,0.19965200126171112
63158.11999516868,0.19967499375343323
63158.18688455188,0.1996919959783554
63158.25377393508,0.19969800114631653
63158.32066331828,0.1996919959783554
63158.38755270148,0.19969800114631653
63158.45444208468,0.19969800114631653
63158.521331467884,0.19969800114631653
63158.58822085108,0.19969800114631653
63158.655110234286,0.1997089982032776
63158.72199961748,0.19972099363803864
63158.78888900069,0.19972699880599976
63158.855778383884,0.19972699880599976
63158.92266776709,0.19972699880599976
63158.989557150286,0.19973799586296082
63159.05644653349,0.19974400103092194
63159.12333591669,0.199754998087883
63159.19022529989,0.19977200031280518
63159.25711468309,0.19978399574756622
63159.32400406629,0.19978399574756622
63159.39089344949,0.19978399574756622
63159.457782832695,0.19977200031280518
63159.52467221589,0.1997780054807663
63159.591561599096,0.19979000091552734
63159.65845098229,0.19978399574756622
63159.7253403655,0.1998009979724884
63159.792229748695,0.19981800019741058
63159.8591191319,0.1998240053653717
63159.926008515096,0.19982999563217163
63159.9928978983,0.1998469978570938
63160.0597872815,0.199864000082016
63160.1266766647,0.1998700052499771
63160.1935660479,0.19989299774169922
63160.260455431104,0.1998700052499771
63160.3273448143,0.19987599551677704
63160.394234197505,0.19987599551677704
63160.4611235807,0.19989900290966034
63160.52801296391,0.19992199540138245
63160.594902347104,0.19994500279426575
63160.66179173031,0.19994500279426575
63160.72868111351,0.1999559998512268
63160.79557049671,0.1999559998512268
63160.862459879914,0.1999559998512268
63160.92934926311,0.19998499751091003
63160.996238646316,0.19996799528598785
63161.06312802951,0.1999559998512268
63161.13001741272,0.19996799528598785
63161.196906795914,0.19998499751091003
63161.26379617912,0.19998499751091003
63161.330685562316,0.2000029981136322
63161.39757494552,0.2000029981136322
63161.46446432872,0.20001399517059326
63161.53135371192,0.20002000033855438
63161.59824309512,0.2000260055065155
63161.66513247832,0.2000720053911209
63161.73202186152,0.2000260055065155
63161.798911244725,0.19998499751091003
63161.86580062792,0.20000800490379333
63161.93269001113,0.2000260055065155
63161.99957939432,0.20001399517059326
63162.06646877753,0.20001399517059326
63162.133358160725,0.20001399517059326
63162.20024754393,0.20001399517059326
63162.26713692713,0.20003099739551544
63162.33402631033,0.2000429928302765
63162.40091569353,0.20003700256347656
63162.46780507673,0.2000429928302765
63162.53469445993,0.2000429928302765
63162.601583843134,0.2000429928302765
63162.66847322633,0.20005400478839874
63162.735362609536,0.20005999505519867
63162.80225199273,0.20005400478839874
63162.86914137594,0.2000720053911209
63162.936030759134,0.2000889927148819
63163.00292014234,0.2000889927148819
63163.069809525536,0.20010000467300415
63163.13669890874,0.20007699728012085
63163.20358829194,0.20009499788284302
63163.27047767514,0.20010000467300415
63163.33736705834,0.20012900233268738
63163.40425644154,0.20012299716472626
63163.47114582474,0.20012900233268738
63163.538035207945,0.20014099776744843
63163.60492459114,0.2001579999923706
63163.671813974346,0.2001579999923706
63163.73870335754,0.20015199482440948
63163.80559274075,0.20016400516033173
63163.872482123945,0.2001579999923706
63163.93937150715,0.20018699765205383
63164.006260890346,0.20018699765205383
63164.07315027355,0.2001810073852539
63164.14003965675,0.20018699765205383
63164.20692903995,0.2001979947090149
63164.27381842315,0.200203999876976
63164.340707806354,0.20021599531173706
63164.40759718955,0.20021599531173706
63164.474486572755,0.20021599531173706
63164.54137595595,0.20021599531173706
63164.60826533916,0.20021599531173706
63164.675154722354,0.20021599531173706
63164.74204410556,0.20022200047969818
63164.808933488755,0.20023900270462036
63164.87582287196,0.20024999976158142
63164.94271225516,0.20027300715446472
63165.00960163836,0.20027300715446472
63165.07649102156,0.20026199519634247
63165.14338040476,0.2002680003643036
63165.21026978796,0.2002680003643036
63165.277159171164,0.20027300715446472
63165.34404855436,0.20027300715446472
63165.410937937566,0.20027899742126465
63165.47782732076,0.20029699802398682
63165.54471670397,0.20030200481414795
63165.611606087165,0.2002909928560257
63165.67849547037,0.2002909928560257
63165.745384853566,0.2002909928560257
63165.81227423677,0.2002909928560257
63165.87916361997,0.20032000541687012
63165.94605300317,0.20033100247383118
63166.01294238637,0.20034900307655334
63166.07983176957,0.2003369927406311
63166.14672115277,0.20033100247383118
63166.213610535975,0.200314000248909
63166.28049991917,0.20030799508094788
63166.34738930238,0.20030799508094788
63166.414278685574,0.200314000248909
63166.48116806878,0.20030799508094788
63166.548057451975,0.20030200481414795
63166.61494683518,0.20030200481414795
63166.68183621838,0.20030799508094788
63166.74872560158,0.20033100247383118
63166.81561498478,0.20033100247383118
63166.88250436798,0.2003369927406311
63166.94939375118,0.20034299790859222
63167.016283134384,0.2003600001335144
63167.08317251758,0.20037700235843658
63167.150061900786,0.2003600001335144
63167.21695128398,0.2003600001335144
63167.28384066719,0.20037700235843658
63167.350730050384,0.20037700235843658
63167.41761943359,0.2003600001335144
63167.484508816786,0.2003829926252365
63167.55139819999,0.20038899779319763
63167.61828758319,0.20038899779319763
63167.68517696639,0.20038899779319763
63167.75206634959,0.20038899779319763
63167.81895573279,0.20039500296115875
63167.88584511599,0.2004060000181198
63167.952734499195,0.20041200518608093
63168.0196238824,0.20041799545288086
63168.086513265596,0.20041799545288086
63168.1534026488,0.20041799545288086
63168.220292032,0.20041799545288086
63168.2871814152,0.20041200518608093
63168.3540707984,0.2004300057888031
63168.420960181604,0.20042400062084198
63168.4878495648,0.2004469931125641
63168.554738948005,0.2004469931125641
63168.6216283312,0.2004469931125641
63168.68851771441,0.2004469931125641
63168.755407097604,0.20046399533748627
63168.82229648081,0.2004760056734085
63168.889185864005,0.2004760056734085
63168.95607524721,0.2004760056734085
63169.02296463041,0.2004760056734085
63169.08985401361,0.2004760056734085
63169.15674339681,0.20050500333309174
63169.22363278001,0.20050500333309174
63169.29052216321,0.20050500333309174
63169.357411546414,0.20050500333309174
63169.42430092961,0.20052799582481384
63169.491190312816,0.20051099359989166
63169.55807969601,0.20051099359989166
63169.62496907922,0.20052200555801392
63169.691858462415,0.20052200555801392
63169.75874784562,0.20053400099277496
63169.825637228816,0.20053400099277496
63169.89252661202,0.20053400099277496
63169.95941599522,0.2005629986524582
63170.02630537842,0.2005629986524582
63170.09319476162,0.2005629986524582
63170.16008414482,0.20057399570941925
63170.22697352802,0.20056800544261932
63170.293862911225,0.20056800544261932
63170.36075229442,0.2005860060453415
63170.42764167763,0.20059199631214142
63170.494531060824,0.2006089985370636
63170.56142044403,0.2006089985370636
63170.628309827225,0.2006089985370636
63170.69519921043,0.20062099397182465
63170.76208859363,0.20062099397182465
63170.82897797683,0.20062099397182465
63170.89586736003,0.20062099397182465
63170.96275674323,0.20062099397182465
63171.02964612643,0.20062600076198578
63171.096535509634,0.20064899325370789
63171.16342489283,0.20064899325370789
63171.230314276036,0.200654998421669
63171.29720365923,0.20064899325370789
63171.36409304244,0.20066100358963013
63171.430982425634,0.2006780058145523
63171.49787180884,0.20069000124931335
63171.564761192036,0.20070700347423553
63171.63165057524,0.20070700347423553
63171.69853995844,0.2006780058145523
63171.76542934164,0.2007019966840744
63171.83231872484,0.20071299374103546
63171.89920810804,0.20070700347423553
63171.96609749124,0.20073099434375763
63172.032986874445,0.20073600113391876
63172.09987625764,0.20074200630187988
63172.166765640846,0.20073099434375763
63172.23365502404,0.20073600113391876
63172.30054440725,0.20076000690460205
63172.367433790445,0.20075400173664093
63172.43432317365,0.2007479965686798
63172.50121255685,0.20073600113391876
63172.56810194005,0.20074200630187988
63172.63499132325,0.20076000690460205
63172.70188070645,0.200764998793602
63172.76877008965,0.20078299939632416
63172.835659472854,0.20078299939632416
63172.90254885605,0.20079399645328522
63172.969438239255,0.20079399645328522
63173.03632762245,0.20078900456428528
63173.10321700566,0.20079399645328522
63173.170106388854,0.20079399645328522
63173.23699577206,0.20078900456428528
63173.303885155256,0.20078299939632416
63173.37077453846,0.20077699422836304
63173.43766392166,0.20079399645328522
63173.50455330486,0.20079399645328522
63173.57144268806,0.20079399645328522
63173.63833207126,0.20079399645328522
63173.70522145446,0.20079399645328522
63173.772110837665,0.20081199705600739
63173.83900022086,0.20081199705600739
63173.905889604066,0.20082299411296844
63173.97277898726,0.20081199705600739
63174.03966837047,0.20082299411296844
63174.106557753665,0.2008180022239685
63174.17344713687,0.20083500444889069
63174.240336520066,0.20082299411296844
63174.30722590327,0.20082899928092957
63174.37411528647,0.20082899928092957
63174.44100466967,0.20082899928092957
63174.50789405287,0.20082299411296844
63174.57478343607,0.20085300505161285
63174.64167281927,0.20085300505161285
63174.708562202475,0.20085300505161285
63174.77545158567,0.20088200271129608
63174.84234096888,0.20088200271129608
63174.909230352074,0.20088200271129608
63174.97611973528,0.20088200271129608
63175.04300911848,0.20089299976825714
63175.10989850168,0.20089900493621826
63175.176787884884,0.2009110003709793
63175.24367726808,0.20091600716114044
63175.310566651286,0.2009110003709793
63175.37745603448,0.2009110003709793
63175.44434541769,0.2009280025959015
63175.511234800884,0.2009110003709793
63175.57812418409,0.2009280025959015
63175.645013567286,0.2009280025959015
63175.71190295049,0.20093999803066254
63175.77879233369,0.2009509950876236
63175.84568171689,0.20095700025558472
63175.91257110009,0.20093399286270142
63175.97946048329,0.2009280025959015
63176.04634986649,0.20094500482082367
63176.113239249695,0.20096300542354584
63176.18012863289,0.20097500085830688
63176.247018016096,0.20097500085830688
63176.31390739929,0.20096899569034576
63176.3807967825,0.20097500085830688
63176.447686165695,0.20099200308322906
63176.5145755489,0.200997993350029
63176.5814649321,0.2010039985179901
63176.6483543153,0.200997993350029
63176.7152436985,0.20099200308322906
63176.7821330817,0.2010039985179901
63176.8490224649,0.2010270059108734
63176.915911848104,0.2010270059108734
63176.9828012313,0.20103900134563446
63177.049690614505,0.20103299617767334
63177.1165799977,0.2010270059108734
63177.18346938091,0.2010439932346344
63177.250358764104,0.20105600357055664
63177.31724814731,0.2010679990053177
63177.384137530506,0.20107899606227875
63177.45102691371,0.20108500123023987
63177.51791629691,0.20108500123023987
63177.58480568011,0.20108500123023987
63177.65169506331,0.20108500123023987
63177.71858444651,0.20108500123023987
63177.78547382971,0.201091006398201
63177.852363212914,0.201091006398201
63177.91925259611,0.20110300183296204
63177.986141979316,0.20112000405788422
63178.05303136251,0.2011139988899231
63178.11992074572,0.20112599432468414
63178.186810128915,0.20112000405788422
63178.25369951212,0.20113199949264526
63178.320588895316,0.20114900171756744
63178.38747827852,0.20114299654960632
63178.45436766172,0.2011670023202896
63178.52125704492,0.20117199420928955
63178.58814642812,0.2011670023202896
63178.65503581132,0.20117199420928955
63178.72192519452,0.20117199420928955
63178.788814577725,0.20118999481201172
63178.85570396092,0.20120200514793396
63178.92259334413,0.20117199420928955
63178.989482727324,0.20117199420928955
63179.05637211053,0.20117199420928955
63179.123261493725,0.20118999481201172
63179.19015087693,0.20117199420928955
63179.25704026013,0.20117199420928955
63179.32392964333,0.20119599997997284
63179.39081902653,0.2012069970369339
63179.45770840973,0.2012069970369339
63179.52459779293,0.20120200514793396
63179.591487176134,0.2011840045452118
63179.65837655933,0.20119599997997284
63179.725265942536,0.20122499763965607
63179.79215532573,0.2012310028076172
63179.85904470894,0.2012310028076172
63179.925934092134,0.20122499763965607
63179.99282347534,0.2012310028076172
63180.059712858536,0.2012310028076172
63180.12660224174,0.2012310028076172
63180.19349162494,0.20123699307441711
63180.26038100814,0.2012310028076172
63180.32727039134,0.2012310028076172
63180.39415977454,0.20123699307441711
63180.46104915774,0.20126000046730042
63180.527938540945,0.20126600563526154
63180.59482792414,0.2012539952993393
63180.66171730735,0.20126000046730042
63180.72860669054,0.20126000046730042
63180.79549607375,0.20126000046730042
63180.862385456945,0.20128899812698364
63180.92927484015,0.2013009935617447
63180.99616422335,0.20129500329494476
63181.06305360655,0.20129500329494476
63181.12994298975,0.20130600035190582
63181.19683237295,0.20128899812698364
63181.26372175615,0.2013009935617447
63181.330611139354,0.20131799578666687
63181.39750052255,0.20131799578666687
63181.464389905756,0.20131799578666687
63181.53127928895,0.20131799578666687
63181.59816867216,0.2013300061225891
63181.665058055354,0.20134100317955017
63181.73194743856,0.20134100317955017
63181.798836821756,0.2013469934463501
63181.86572620496,0.2013469934463501
63181.93261558816,0.2013469934463501
63181.99950497136,0.20137600600719452
63182.066394354566,0.20136499404907227
63182.13328373776,0.20135900378227234
63182.20017312097,0.20135299861431122
63182.267062504165,0.20135900378227234
63182.33395188737,0.20135299861431122
63182.400841270566,0.20135900378227234
63182.46773065377,0.20137600600719452
63182.53462003697,0.20137600600719452
63182.60150942017,0.20138800144195557
63182.66839880337,0.2013999968767166
63182.73528818657,0.20137600600719452
63182.80217756977,0.20140600204467773
63182.869066952975,0.20140600204467773
63182.93595633617,0.20140600204467773
63183.00284571938,0.20140600204467773
63183.069735102574,0.20143499970436096
63183.13662448578,0.20145800709724426
63183.203513868975,0.201446995139122
63183.27040325218,0.201446995139122
63183.33729263538,0.20144100487232208
63183.40418201858,0.20143499970436096
63183.47107140178,0.20143499970436096
63183.53796078498,0.20144100487232208
63183.60485016818,0.20145800709724426
63183.671739551384,0.20144100487232208
63183.73862893458,0.2014700025320053
63183.805518317786,0.2014639973640442
63183.87240770098,0.20148199796676636
63183.93929708419,0.2014870047569275
63184.006186467384,0.20148199796676636
63184.07307585059,0.20149900019168854
63184.139965233786,0.20151099562644958
63184.20685461699,0.2015170007944107
63184.27374400019,0.2015170007944107
63184.34063338339,0.20152300596237183
63184.40752276659,0.20152300596237183
63184.47441214979,0.20152300596237183
63184.54130153299,0.20154599845409393
63184.608190916195,0.20155200362205505
63184.67508029939,0.20158100128173828
63184.7419696826,0.20155200362205505
63184.80885906579,0.20155799388885498
63184.875748449,0.20155200362205505
63184.942637832195,0.20155200362205505
63185.0095272154,0.20155200362205505
63185.0764165986,0.20155200362205505
63185.1433059818,0.2015630006790161
63185.210195365,0.2015630006790161
63185.2770847482,0.20156900584697723
63185.3439741314,0.20156900584697723
63185.410863514604,0.20159900188446045
63185.4777528978,0.20158100128173828
63185.544642281006,0.20157499611377716
63185.6115316642,0.20157499611377716
63185.67842104741,0.2015870064496994
63185.745310430604,0.2016039937734604
63185.81219981381,0.2016099989414215
63185.879089197006,0.20158100128173828
63185.94597858021,0.2016039937734604
63186.01286796341,0.20161600410938263
63186.07975734661,0.2016099989414215
63186.14664672981,0.20162199437618256
63186.21353611301,0.20162799954414368
63186.28042549621,0.20162799954414368
63186.347314879415,0.20163999497890472
63186.41420426261,0.2016340047121048
63186.481093645816,0.20162799954414368
63186.54798302901,0.2016340047121048
63186.61487241222,0.20163999497890472
63186.681761795415,0.20163999497890472
63186.74865117862,0.20163999497890472
63186.815540561816,0.20163999497890472
63186.88242994502,0.20163999497890472
63186.94931932822,0.2016340047121048
63187.01620871142,0.20162799954414368
63187.08309809462,0.20164500176906586
63187.149987477824,0.20163999497890472
63187.21687686102,0.20163999497890472
63187.283766244225,0.20165100693702698
63187.35065562742,0.20164500176906586
63187.41754501063,0.20163999497890472
63187.484434393824,0.20163999497890472
63187.55132377703,0.2016569972038269
63187.618213160225,0.20168599486351013
63187.68510254343,0.20166899263858795
63187.75199192663,0.20167499780654907
63187.81888130983,0.20169200003147125
63187.88577069303,0.2017039954662323
63187.95266007623,0.20169800519943237
63188.01954945943,0.20169800519943237
63188.086438842634,0.20169800519943237
63188.15332822583,0.20169800519943237
63188.220217609036,0.20169800519943237
63188.28710699223,0.20169800519943237
63188.35399637544,0.2017270028591156
63188.420885758635,0.20171600580215454
63188.48777514184,0.20169800519943237
63188.554664525036,0.20169800519943237
63188.62155390824,0.20171600580215454
63188.68844329144,0.20171600580215454
63188.75533267464,0.2017039954662323
63188.82222205784,0.20169800519943237
63188.88911144104,0.20169800519943237
63188.95600082424,0.20169800519943237
63189.022890207445,0.20171000063419342
63189.08977959064,0.20172099769115448
63189.15666897385,0.20171600580215454
63189.223558357044,0.20173299312591553
63189.29044774025,0.20173899829387665
63189.35733712345,0.20175699889659882
63189.42422650665,0.20173299312591553
63189.491115889854,0.20173899829387665
63189.55800527305,0.2017509937286377
63189.624894656255,0.20173299312591553
63189.69178403945,0.20174500346183777
63189.75867342266,0.20173899829387665
63189.825562805854,0.20173299312591553
63189.89245218906,0.201774001121521
63189.959341572256,0.201774001121521
63190.02623095546,0.20175699889659882
63190.09312033866,0.20176200568675995
63190.16000972186,0.201774001121521
63190.22689910506,0.20178599655628204
63190.29378848826,0.20178000628948212
63190.36067787146,0.20178000628948212
63190.427567254665,0.20175699889659882
63190.49445663786,0.20178000628948212
63190.561346021066,0.20178599655628204
63190.62823540426,0.20179800689220428
63190.69512478747,0.20178599655628204
63190.762014170665,0.20178599655628204
63190.82890355387,0.20180900394916534
63190.895792937066,0.20178599655628204
63190.96268232027,0.20179800689220428
63191.02957170347,0.20179800689220428
63191.09646108667,0.20178599655628204
63191.16335046987,0.20178599655628204
63191.230239853074,0.20179800689220428
63191.29712923627,0.2018039971590042
63191.364018619475,0.20178599655628204
63191.43090800267,0.2018039971590042
63191.49779738588,0.2018039971590042
63191.564686769074,0.20181499421596527
63191.63157615228,0.2018209993839264
63191.698465535475,0.2018209993839264
63191.76535491868,0.20184500515460968
63191.83224430188,0.20184999704360962
63191.89913368508,0.20184500515460968
63191.96602306828,0.20184500515460968
63192.03291245148,0.20184999704360962
63192.09980183468,0.20184999704360962
63192.166691217884,0.20185600221157074
63192.23358060108,0.20184999704360962
63192.300469984286,0.20184999704360962
63192.36735936748,0.2018740028142929
63192.43424875069,0.2018740028142929
63192.501138133885,0.2018740028142929
63192.56802751709,0.2018679976463318
63192.634916900286,0.20186200737953186
63192.70180628349,0.2018740028142929
63192.76869566669,0.2018740028142929
63192.83558504989,0.20187999308109283
63192.90247443309,0.20190300047397614
63192.96936381629,0.20189699530601501
63193.03625319949,0.20188599824905396
63193.103142582695,0.20189699530601501
63193.17003196589,0.20188599824905396
63193.2369213491,0.20190300047397614
63193.303810732294,0.20190300047397614
63193.3707001155,0.20189699530601501
63193.437589498695,0.20187999308109283
63193.5044788819,0.20189699530601501
63193.5713682651,0.20190300047397614
63193.6382576483,0.20192700624465942
63193.7051470315,0.20192700624465942
63193.7720364147,0.20193299651145935
63193.8389257979,0.20193299651145935
63193.905815181104,0.20193299651145935
63193.9727045643,0.20193299651145935
63194.039593947506,0.2019439935684204
63194.1064833307,0.20196199417114258
63194.17337271391,0.20195600390434265
63194.240262097104,0.20195600390434265
63194.30715148031,0.20196199417114258
63194.374040863506,0.20198500156402588
63194.44093024671,0.20197400450706482
63194.50781962991,0.20195600390434265
63194.57470901311,0.20197400450706482
63194.64159839631,0.20197400450706482
63194.70848777951,0.2019679993391037
63194.77537716271,0.201991006731987
63194.842266545915,0.20197999477386475
63194.90915592911,0.201991006731987
63194.976045312316,0.2020149976015091
63195.04293469551,0.2020149976015091
63195.10982407872,0.20202699303627014
63195.176713461915,0.20205000042915344
63195.24360284512,0.20205000042915344
63195.31049222832,0.20207899808883667
63195.37738161152,0.20207899808883667
63195.44427099472,0.20207400619983673
63195.51116037792,0.20209099352359772
63195.57804976112,0.2020850032567978
63195.644939144324,0.20207899808883667
63195.71182852752,0.20210899412631989
63195.778717910725,0.20210300385951996
63195.84560729392,0.20210300385951996
63195.91249667713,0.20209699869155884
63195.979386060324,0.2020850032567978
63196.04627544353,0.20210899412631989
63196.113164826726,0.20209099352359772
63196.18005420993,0.20207899808883667
63196.24694359313,0.20209699869155884
63196.31383297633,0.20210899412631989
63196.380722359536,0.202114999294281
63196.44761174273,0.20212599635124207
63196.51450112594,0.2021380066871643
63196.581390509135,0.20213200151920319
63196.64827989234,0.20214399695396423
63196.715169275536,0.2021380066871643
63196.78205865874,0.202114999294281
63196.84894804194,0.2021380066871643
63196.91583742514,0.20214399695396423
63196.98272680834,0.20215000212192535
63197.04961619154,0.20215600728988647
63197.11650557474,0.20217399299144745
63197.183394957945,0.20217399299144745
63197.25028434114,0.20216800272464752
63197.31717372435,0.20217399299144745
63197.38406310754,0.20217399299144745
63197.45095249075,0.20217899978160858
63197.517841873945,0.20219700038433075
63197.58473125715,0.2021850049495697
63197.65162064035,0.2021850049495697
63197.71851002355,0.20220300555229187
63197.78539940675,0.20219099521636963
63197.85228878995,0.20222100615501404
63197.91917817315,0.20222100615501404
63197.986067556354,0.20219700038433075
63198.05295693955,0.20219700038433075
63198.119846322756,0.20219700038433075
63198.18673570595,0.20219700038433075
63198.25362508916,0.2022089958190918
63198.320514472354,0.2022320032119751
63198.38740385556,0.20222599804401398
63198.454293238756,0.20222599804401398
63198.52118262196,0.20225000381469727
63198.58807200516,0.20222599804401398
63198.65496138836,0.20224399864673615
63198.72185077156,0.20223799347877502
63198.78874015476,0.2022320032119751
63198.85562953796,0.20223799347877502
63198.922518921165,0.2022559940814972
63198.98940830436,0.2022559940814972
63199.056297687566,0.2022559940814972
63199.12318707076,0.20227399468421936
63199.19007645397,0.2022850066423416
63199.256965837165,0.2022850066423416
63199.32385522037,0.2022850066423416
63199.39074460357,0.2022850066423416
63199.45763398677,0.2022850066423416
63199.52452336997,0.2022850066423416
63199.59141275317,0.20230300724506378
63199.65830213637,0.20231500267982483
63199.725191519574,0.20231500267982483
63199.79208090277,0.20232699811458588
63199.858970285975,0.20232699811458588
63199.92585966917,0.20234400033950806
63199.99274905238,0.202332004904747
63200.059638435574,0.20232699811458588
63200.12652781878,0.202332004904747
63200.193417201976,0.20234400033950806
63200.26030658518,0.202332004904747
63200.32719596838,0.20234400033950806
63200.39408535158,0.20234400033950806
63200.46097473478,0.20234400033950806
63200.52786411798,0.20235000550746918
63200.59475350118,0.2023559957742691
63200.661642884384,0.20236800611019135
63200.72853226758,0.20236200094223022
63200.795421650786,0.20235000550746918
63200.86231103398,0.20237399637699127
63200.92920041719,0.20236800611019135
63200.996089800385,0.20237399637699127
63201.06297918359,0.20239700376987457
63201.129868566786,0.20239700376987457
63201.19675794999,0.2024029940366745
63201.26364733319,0.20240899920463562
63201.33053671639,0.2024330049753189
63201.39742609959,0.2024029940366745
63201.46431548279,0.20242099463939667
63201.53120486599,0.2024269998073578
63201.598094249195,0.20242099463939667
63201.66498363239,0.2024269998073578
63201.7318730156,0.20244500041007996
63201.798762398794,0.2024330049753189
63201.865651782,0.20245599746704102
63201.932541165195,0.20246200263500214
63201.9994305484,0.20246200263500214
63202.0663199316,0.20247399806976318
63202.1332093148,0.20249800384044647
63202.200098698,0.20249800384044647
63202.2669880812,0.2024800032377243
63202.3338774644,0.20249800384044647
63202.400766847604,0.2025270015001297
63202.4676562308,0.20252099633216858
63202.534545614006,0.20252099633216858
63202.6014349972,0.20252099633216858
63202.66832438041,0.20253300666809082
63202.735213763604,0.20254500210285187
63202.80210314681,0.20254500210285187
63202.868992530006,0.20254500210285187
63202.93588191321,0.202551007270813
63203.00277129641,0.202551007270813
63203.06966067961,0.202551007270813
63203.13655006281,0.20256799459457397
63203.20343944601,0.202551007270813
63203.27032882921,0.20258000493049622
63203.337218212415,0.20259200036525726
63203.40410759562,0.20258000493049622
63203.47099697882,0.20258599519729614
63203.53788636202,0.2026039958000183
63203.60477574522,0.20259800553321838
63203.67166512842,0.20261000096797943
63203.73855451162,0.20263899862766266
63203.805443894824,0.20261000096797943
63203.87233327802,0.2026039958000183
63203.939222661225,0.20261600613594055
63204.00611204442,0.20263299345970154
63204.07300142763,0.20263899862766266
63204.139890810824,0.2026280015707016
63204.20678019403,0.2026280015707016
63204.273669577226,0.20263899862766266
63204.34055896043,0.20263899862766266
63204.40744834363,0.20264500379562378
63204.47433772683,0.20265699923038483
63204.54122711003,0.20264500379562378
63204.60811649323,0.20263899862766266
63204.67500587643,0.20263299345970154
63204.741895259634,0.20263299345970154
63204.80878464283,0.2026280015707016
63204.875674026036,0.2026509940624237
63204.94256340923,0.20265699923038483
63205.00945279244,0.2026509940624237
63205.076342175635,0.20266899466514587
63205.14323155884,0.202674999833107
63205.210120942036,0.20269300043582916
63205.27701032524,0.2026980072259903
63205.34389970844,0.20266899466514587
63205.41078909164,0.20264500379562378
63205.47767847484,0.20259200036525726
63205.54456785804,0.20263899862766266
63205.61145724124,0.20266899466514587
63205.678346624445,0.20268699526786804
63205.74523600764,0.20266899466514587
63205.81212539085,0.2026980072259903
63205.879014774044,0.20271000266075134
63205.94590415725,0.2026980072259903
63206.012793540445,0.20266899466514587
63206.07968292365,0.20268699526786804
63206.14657230685,0.2026980072259903
63206.21346169005,0.2027280032634735
63206.28035107325,0.20273999869823456
63206.34724045645,0.20274600386619568
63206.41412983965,0.2027280032634735
63206.481019222854,0.2027280032634735
63206.54790860605,0.2027280032634735
63206.614797989256,0.20275799930095673
63206.68168737245,0.20275799930095673
63206.74857675566,0.20273999869823456
63206.815466138854,0.20275799930095673
63206.88235552206,0.20273999869823456
63206.949244905256,0.20274600386619568
63207.01613428846,0.20276400446891785
63207.08302367166,0.2027519941329956
63207.14991305486,0.20275799930095673
63207.21680243806,0.20275799930095673
63207.28369182126,0.20276400446891785
63207.35058120446,0.20281699299812317
63207.417470587665,0.2029470056295395
63207.48435997086,0.2026039958000183
63207.55124935407,0.20271000266075134
63207.61813873726,0.20286400616168976
63207.68502812047,0.2029229998588562
63207.751917503665,0.202674999833107
63207.81880688687,0.20250900089740753
63207.88569627007,0.20265699923038483
63207.95258565327,0.20261600613594055
63208.01947503647,0.20263899862766266
63208.08636441967,0.20269300043582916
63208.15325380287,0.20269300043582916
63208.220143186074,0.20273399353027344
63208.28703256927,0.20278100669384003
63208.353921952476,0.2028229981660843
63208.42081133567,0.2028460055589676
63208.48770071888,0.20281699299812317
63208.554590102074,0.20281699299812317
63208.62147948528,0.20281100273132324
63208.688368868476,0.20279300212860107
63208.75525825168,0.2027519941329956
63208.82214763488,0.20274600386619568
63208.88903701808,0.2027990072965622
63208.95592640128,0.2028460055589676
63209.02281578448,0.2028460055589676
63209.08970516768,0.2028460055589676
63209.156594550885,0.20279300212860107
63209.22348393408,0.20275799930095673
63209.290373317286,0.20276999473571777
63209.35726270048,0.20278100669384003
63209.42415208369,0.2028290033340454
63209.491041466885,0.2028460055589676
63209.55793085009,0.20284099876880646
63209.624820233286,0.20283499360084534
63209.69170961649,0.20283499360084534
63209.75859899969,0.2028460055589676
63209.82548838289,0.20285800099372864
63209.89237776609,0.20286400616168976
63209.959267149294,0.20288200676441193
63210.02615653249,0.20286999642848969
63210.093045915695,0.2029470056295395
63210.15993529889,0.20301200449466705
63210.2268246821,0.20288200676441193
63210.293714065294,0.2028460055589676
63210.3606034485,0.2028460055589676
63210.427492831695,0.2028760015964508
63210.4943822149,0.2029000073671341
63210.5612715981,0.20295900106430054
63210.6281609813,0.20291799306869507
63210.695050364506,0.2028760015964508
63210.7619397477,0.20289400219917297
63210.82882913091,0.20292900502681732
63210.895718514104,0.20294100046157837
63210.96260789731,0.20298899710178375
63211.029497280506,0.203001007437706
63211.09638666371,0.20301200449466705
63211.16327604691,0.20301799476146698
63211.23016543011,0.20306600630283356
63211.29705481331,0.20311300456523895
63211.36394419651,0.20308999717235565
63211.43083357971,0.20303599536418915
63211.497722962915,0.2030239999294281
63211.56461234611,0.20307199656963348
63211.63150172932,0.20313100516796112
63211.69839111251,0.20318500697612762
63211.76528049572,0.20315499603748322
63211.832169878915,0.20311899483203888
63211.89905926212,0.203125
63211.96594864532,0.20316700637340546
63212.03283802852,0.2031790018081665
63212.09972741172,0.20319700241088867
63212.16661679492,0.20323200523853302
63212.23350617812,0.20323200523853302
63212.300395561324,0.20321400463581085
63212.36728494452,0.2032500058412552
63212.434174327725,0.20326200127601624
63212.50106371092,0.20326200127601624
63212.56795309413,0.2032800018787384
63212.634842477324,0.2032500058412552
63212.70173186053,0.20323200523853302
63212.768621243726,0.20326200127601624
63212.83551062693,0.20324400067329407
63212.90240001013,0.20318500697612762
63212.96928939333,0.20313699543476105
63213.03617877653,0.2031490057706833
63213.10306815973,0.20317299664020538
63213.16995754293,0.20326800644397736
63213.236846926135,0.20319099724292755
63213.30373630933,0.2028760015964508
63213.370625692536,0.2029770016670227
63213.43751507573,0.2031490057706833
63213.50440445894,0.20317299664020538
63213.571293842135,0.20320799946784973
63213.63818322534,0.2032260000705719
63213.705072608536,0.2032019942998886
63213.77196199174,0.2031790018081665
63213.83885137494,0.20319700241088867
63213.90574075814,0.20316700637340546
63213.97263014134,0.2031490057706833
63214.039519524544,0.20313699543476105
63214.10640890774,0.20311300456523895
63214.173298290945,0.20311300456523895
63214.24018767414,0.20311300456523895
63214.30707705735,0.20311300456523895
63214.373966440544,0.20313699543476105
63214.44085582375,0.20314300060272217
63214.507745206945,0.20313699543476105
63214.57463459015,0.20311300456523895
63214.64152397335,0.203125
63214.70841335655,0.20314300060272217
63214.77530273975,0.20313699543476105
63214.84219212295,0.20311899483203888
63214.90908150615,0.20311300456523895
63214.975970889354,0.20308400690555573
63215.04286027255,0.20308400690555573
63215.109749655756,0.20310699939727783
63215.17663903895,0.20308400690555573
63215.24352842216,0.2030780017375946
63215.310417805355,0.2030780017375946
63215.37730718856,0.20308400690555573
63215.444196571756,0.2030780017375946
63215.51108595496,0.20305399596691132
63215.57797533816,0.20305399596691132
63215.64486472136,0.20305399596691132
63215.71175410456,0.20303000509738922
63215.77864348776,0.2030239999294281
63215.84553287096,0.20304200053215027
63215.912422254165,0.2030480057001114
63215.97931163736,0.20305399596691132
63216.04620102057,0.20305399596691132
63216.11309040376,0.20303000509738922
63216.17997978697,0.2030239999294281
63216.246869170165,0.2030239999294281
63216.31375855337,0.20306000113487244
63216.38064793657,0.20306600630283356
63216.44753731977,0.2030480057001114
63216.51442670297,0.2030480057001114
63216.58131608617,0.20306000113487244
63216.64820546937,0.20306000113487244
63216.715094852574,0.20306600630283356
63216.78198423577,0.20306600630283356
63216.848873618976,0.20308400690555573
63216.91576300217,0.20306000113487244
63216.98265238538,0.20308400690555573
63217.049541768574,0.20308400690555573
63217.11643115178,0.20306000113487244
63217.183320534976,0.20305399596691132
63217.25020991818,0.20305399596691132
63217.31709930138,0.20305399596691132
63217.38398868458,0.20305399596691132
63217.45087806778,0.20307199656963348
63217.51776745098,0.20308400690555573
63217.58465683418,0.20308400690555573
63217.651546217385,0.20307199656963348
63217.71843560059,0.20306000113487244
63217.785324983786,0.20306600630283356
63217.85221436699,0.20308400690555573
63217.91910375019,0.20308400690555573
63217.98599313339,0.20308400690555573
63218.05288251659,0.20308999717235565
63218.119771899794,0.20310699939727783
63218.18666128299,0.20308999717235565
63218.253550666195,0.20308400690555573
63218.32044004939,0.20308400690555573
63218.3873294326,0.20308400690555573
63218.454218815794,0.20308400690555573
63218.521108199,0.20308999717235565
63218.587997582195,0.20309600234031677
63218.6548869654,0.20310699939727783
63218.7217763486,0.20308400690555573
63218.7886657318,0.20309600234031677
63218.855555115,0.20310699939727783
63218.9224444982,0.20311300456523895
63218.9893338814,0.20310699939727783
63219.056223264604,0.20310699939727783
63219.1231126478,0.20311300456523895
63219.190002031006,0.20311300456523895
63219.2568914142,0.203125
63219.32378079741,0.20314300060272217
63219.390670180605,0.20313699543476105
63219.45755956381,0.20314300060272217
63219.524448947006,0.20314300060272217
63219.59133833021,0.20313100516796112
63219.65822771341,0.20311899483203888
63219.72511709661,0.20311300456523895
63219.79200647981,0.20311899483203888
63219.85889586301,0.20313100516796112
63219.92578524621,0.203125
63219.992674629415,0.20313699543476105
63220.05956401261,0.20313100516796112
63220.12645339582,0.20316100120544434
63220.19334277901,0.20316100120544434
63220.26023216222,0.20314300060272217
63220.327121545415,0.2031490057706833
63220.39401092862,0.20314300060272217
63220.46090031182,0.20314300060272217
63220.52778969502,0.20315499603748322
63220.59467907822,0.2031490057706833
63220.66156846142,0.20314300060272217
63220.72845784462,0.20314300060272217
63220.795347227824,0.20314300060272217
63220.86223661102,0.20314300060272217
63220.929125994226,0.20315499603748322
63220.99601537742,0.20317299664020538
63221.06290476063,0.20317299664020538
63221.129794143824,0.20317299664020538
63221.19668352703,0.20318500697612762
63221.263572910226,0.20317299664020538
63221.33046229343,0.20319700241088867
63221.39735167663,0.20319099724292755
63221.46424105983,0.2032019942998886
63221.53113044303,0.20320799946784973
63221.59801982623,0.20321400463581085
63221.66490920943,0.2032019942998886
63221.731798592635,0.20320799946784973
63221.79868797583,0.2032019942998886
63221.865577359036,0.2032019942998886
63221.93246674223,0.2032019942998886
63221.99935612544,0.2032019942998886
63222.066245508635,0.2032019942998886
63222.13313489184,0.20320799946784973
63222.20002427504,0.20321999490261078
63222.26691365824,0.20321400463581085
63222.33380304144,0.2032019942998886
63222.40069242464,0.2032019942998886
63222.46758180784,0.20321999490261078
63222.534471191044,0.2032260000705719
63222.60136057424,0.2032260000705719
63222.668249957445,0.20323200523853302
63222.73513934064,0.20324400067329407
63222.80202872385,0.20326200127601624
63222.868918107044,0.20324400067329407
63222.93580749025,0.20323200523853302
63223.002696873446,0.20323200523853302
63223.06958625665,0.20323200523853302
63223.13647563985,0.20323200523853302
63223.20336502305,0.20323200523853302
63223.27025440625,0.20326200127601624
63223.33714378945,0.20323799550533295
63223.40403317265,0.20324400067329407
63223.470922555854,0.20325599610805511
63223.53781193905,0.20326200127601624
63223.604701322256,0.20326200127601624
63223.67159070545,0.20328600704669952
63223.73848008866,0.2032800018787384
63223.805369471855,0.20327399671077728
63223.87225885506,0.20329199731349945
63223.939148238256,0.20329199731349945
63224.00603762146,0.2032800018787384
63224.07292700466,0.20327399671077728
63224.13981638786,0.20328600704669952
63224.20670577106,0.2033039927482605
63224.27359515426,0.20332099497318268
63224.34048453746,0.20332099497318268
63224.407373920665,0.20329199731349945
63224.47426330386,0.20329199731349945
63224.54115268707,0.20331500470638275
63224.608042070264,0.20329199731349945
63224.67493145347,0.2033270001411438
63224.741820836665,0.20332099497318268
63224.80871021987,0.20332099497318268
63224.875599603074,0.20332099497318268
63224.94248898627,0.20331500470638275
63225.009378369476,0.2033270001411438
63225.07626775267,0.20332099497318268
63225.14315713588,0.20333300530910492
63225.210046519074,0.2033510059118271
63225.27693590228,0.20334500074386597
63225.343825285476,0.2033270001411438
63225.41071466868,0.20334500074386597
63225.47760405188,0.20333899557590485
63225.54449343508,0.2033270001411438
63225.61138281828,0.2033510059118271
63225.67827220148,0.2033510059118271
63225.74516158468,0.20336900651454926
63225.812050967885,0.20336900651454926
63225.87894035108,0.2033810019493103
63225.945829734286,0.2033810019493103
63226.01271911748,0.2033810019493103
63226.07960850069,0.2033810019493103
63226.146497883885,0.2033810019493103
63226.21338726709,0.20337499678134918
63226.28027665029,0.20336900651454926
63226.34716603349,0.2033810019493103
63226.41405541669,0.20338700711727142
63226.48094479989,0.20339900255203247
63226.54783418309,0.2034049928188324
63226.614723566294,0.20339900255203247
63226.68161294949,0.20341700315475464
63226.748502332695,0.20341099798679352
63226.81539171589,0.20341099798679352
63226.8822810991,0.20341099798679352
63226.949170482294,0.20341700315475464
63227.0160598655,0.20343999564647675
63227.082949248696,0.20341700315475464
63227.1498386319,0.20341099798679352
63227.2167280151,0.20341099798679352
63227.2836173983,0.2034049928188324
63227.3505067815,0.20342299342155457
63227.4173961647,0.20344600081443787
63227.4842855479,0.20343999564647675
63227.551174931104,0.20343999564647675
63227.6180643143,0.20343999564647675
63227.684953697506,0.2034579962491989
63227.7518430807,0.20347000658512115
63227.81873246391,0.20346400141716003
63227.885621847105,0.203452005982399
63227.95251123031,0.20347000658512115
63228.019400613506,0.20347000658512115
63228.08628999671,0.20347000658512115
63228.15317937991,0.20347000658512115
63228.22006876311,0.2034820020198822
63228.28695814631,0.2035059928894043
63228.35384752951,0.20350000262260437
63228.42073691271,0.20350000262260437
63228.487626295915,0.20351800322532654
63228.55451567911,0.20352999866008759
63228.62140506232,0.20352999866008759
63228.688294445514,0.20351800322532654
63228.75518382872,0.20351199805736542
63228.822073211915,0.20352999866008759
63228.88896259512,0.20352999866008759
63228.95585197832,0.2035360038280487
63229.02274136152,0.20355400443077087
63229.08963074472,0.2035360038280487
63229.15652012792,0.20356599986553192
63229.22340951112,0.2035840004682541
63229.290298894324,0.20354799926280975
63229.35718827752,0.20354199409484863
63229.424077660726,0.20354199409484863
63229.49096704392,0.20357200503349304
63229.55785642713,0.2035599946975708
63229.624745810324,0.2035599946975708
63229.69163519353,0.20356599986553192
63229.758524576726,0.2035900056362152
63229.82541395993,0.20357200503349304
63229.89230334313,0.20357799530029297
63229.95919272633,0.2035900056362152
63230.02608210953,0.2035900056362152
63230.09297149273,0.2035900056362152
63230.15986087593,0.20359499752521515
63230.226750259135,0.20360100269317627
63230.29363964233,0.2036069929599762
63230.36052902554,0.2035900056362152
63230.42741840873,0.2036069929599762
63230.49430779194,0.20361900329589844
63230.561197175135,0.20363099873065948
63230.62808655834,0.20364299416542053
63230.69497594154,0.20364299416542053
63230.76186532474,0.20362499356269836
63230.82875470794,0.20363099873065948
63230.89564409114,0.20363099873065948
63230.96253347434,0.2036370038986206
63231.029422857544,0.20364899933338165
63231.09631224074,0.20367300510406494
63231.163201623945,0.20367899537086487
63231.23009100714,0.20367300510406494
63231.29698039035,0.20365500450134277
63231.363869773544,0.20367899537086487
63231.43075915675,0.20367899537086487
63231.497648539946,0.20369699597358704
63231.56453792315,0.20370900630950928
63231.63142730635,0.20370300114154816
63231.69831668955,0.2036910057067871
63231.76520607275,0.20370900630950928
63231.83209545595,0.20370900630950928
63231.89898483915,0.20372100174427032
63231.965874222355,0.20372100174427032
63232.03276360556,0.20372700691223145
63232.099652988756,0.20373299717903137
63232.16654237196,0.20370900630950928
63232.23343175516,0.20372100174427032
63232.30032113836,0.20372700691223145
63232.36721052156,0.2037149965763092
63232.43409990476,0.2037390023469925
63232.50098928796,0.20374499261379242
63232.567878671165,0.20375700294971466
63232.63476805436,0.20375700294971466
63232.70165743757,0.20377500355243683
63232.768546820764,0.2037689983844757
63232.83543620397,0.20378699898719788
63232.902325587165,0.2037689983844757
63232.96921497037,0.2037689983844757
63233.03610435357,0.20377500355243683
63233.10299373677,0.20379899442195892
63233.16988311997,0.20381100475788116
63233.23677250317,0.20380499958992004
63233.30366188637,0.20379899442195892
63233.370551269574,0.2038159966468811
63233.43744065277,0.20382800698280334
63233.504330035976,0.20382800698280334
63233.57121941917,0.20382800698280334
63233.63810880238,0.20382800698280334
63233.704998185574,0.20382800698280334
63233.77188756878,0.20382800698280334
63233.838776951976,0.20384599268436432
63233.90566633518,0.20385800302028656
63233.97255571838,0.20385199785232544
63234.03944510158,0.20385800302028656
63234.10633448478,0.2038639932870865
63234.17322386798,0.20385800302028656
63234.24011325118,0.20388199388980865
63234.307002634385,0.20387600362300873
63234.37389201758,0.20388799905776978
63234.44078140079,0.20388799905776978
63234.50767078398,0.20387600362300873
63234.57456016719,0.20388799905776978
63234.641449550385,0.20388799905776978
63234.70833893359,0.20388199388980865
63234.77522831679,0.20389999449253082
63234.84211769999,0.20389999449253082
63234.90900708319,0.20389999449253082
63234.97589646639,0.203917995095253
63235.04278584959,0.20394200086593628
63235.109675232794,0.20394200086593628
63235.17656461599,0.20394200086593628
63235.243453999195,0.20394200086593628
63235.31034338239,0.2039480060338974
63235.3772327656,0.2039480060338974
63235.444122148794,0.2039480060338974
63235.511011532,0.2039480060338974
63235.577900915196,0.203917995095253
63235.6447902984,0.2039240002632141
63235.7116796816,0.2039480060338974
63235.7785690648,0.20395399630069733
63235.845458448,0.20395399630069733
63235.9123478312,0.2039480060338974
63235.9792372144,0.20396000146865845
63236.046126597605,0.20396000146865845
63236.1130159808,0.20397800207138062
63236.179905364006,0.20396600663661957
63236.2467947472,0.20396600663661957
63236.31368413041,0.20397800207138062
63236.380573513605,0.20396600663661957
63236.44746289681,0.20397800207138062
63236.514352280006,0.20398999750614166
63236.58124166321,0.20400799810886383
63236.64813104641,0.20400799810886383
63236.71502042961,0.20400799810886383
63236.78190981281,0.20400799810886383
63236.848799196014,0.20400799810886383
63236.91568857921,0.20401999354362488
63236.982577962415,0.20403799414634705
63237.04946734561,0.20403799414634705
63237.11635672882,0.20403799414634705
63237.183246112014,0.20404399931430817
63237.25013549522,0.20406199991703033
63237.317024878415,0.20406800508499146
63237.38391426162,0.20406199991703033
63237.45080364482,0.2040559947490692
63237.51769302802,0.20403799414634705
63237.58458241122,0.20403799414634705
63237.65147179442,0.20403799414634705
63237.71836117762,0.20403799414634705
63237.785250560824,0.20404399931430817
63237.85213994402,0.2040500044822693
63237.919029327226,0.20408600568771362
63237.98591871042,0.20406800508499146
63238.05280809363,0.20406800508499146
63238.119697476825,0.20406800508499146
63238.18658686003,0.20408600568771362
63238.253476243226,0.20409800112247467
63238.32036562643,0.20409199595451355
63238.38725500963,0.20409800112247467
63238.45414439283,0.20409800112247467
63238.52103377603,0.20409800112247467
63238.58792315923,0.20411600172519684
63238.65481254243,0.20412799715995789
63238.721701925635,0.20412200689315796
63238.78859130883,0.20412200689315796
63238.85548069204,0.20414599776268005
63238.92237007523,0.20412799715995789
63238.98925945844,0.20412200689315796
63239.05614884164,0.20412200689315796
63239.12303822484,0.204134002327919
63239.189927608044,0.20412799715995789
63239.25681699124,0.20413999259471893
63239.323706374445,0.2041579931974411
63239.39059575764,0.2041579931974411
63239.45748514085,0.2041579931974411
63239.524374524044,0.20416399836540222
63239.59126390725,0.2041579931974411
63239.658153290446,0.20417599380016327
63239.72504267365,0.2041819989681244
63239.79193205685,0.20419399440288544
63239.85882144005,0.2041880041360855
63239.92571082325,0.20419399440288544
63239.99260020645,0.2042119950056076
63240.05948958965,0.20422999560832977
63240.126378972855,0.2042360007762909
63240.19326835605,0.20421800017356873
63240.260157739256,0.20421800017356873
63240.32704712245,0.20424799621105194
63240.39393650566,0.20424799621105194
63240.460825888855,0.20424799621105194
63240.52771527206,0.20425400137901306
63240.594604655256,0.20424200594425201
63240.66149403846,0.2042360007762909
63240.72838342166,0.2042659968137741
63240.79527280486,0.20427800714969635
63240.86216218806,0.20427800714969635
63240.929051571264,0.20425400137901306
63240.99594095446,0.20426000654697418
63241.062830337665,0.20427200198173523
63241.12971972086,0.20425400137901306
63241.19660910407,0.20427200198173523
63241.263498487264,0.20428399741649628
63241.33038787047,0.20427800714969635
63241.397277253665,0.20427800714969635
63241.46416663687,0.20429599285125732
63241.53105602007,0.20430199801921844
63241.59794540327,0.20428399741649628
63241.66483478647,0.20430199801921844
63241.73172416967,0.20430800318717957
63241.79861355287,0.20430199801921844
63241.865502936074,0.20430800318717957
63241.93239231927,0.20430800318717957
63241.999281702476,0.20430199801921844
63242.06617108567,0.2043139934539795
63242.13306046888,0.20433199405670166
63242.199949852074,0.20433799922466278
63242.26683923528,0.20433799922466278
63242.333728618476,0.20433799922466278
63242.40061800168,0.20433799922466278
63242.46750738488,0.20433199405670166
63242.53439676808,0.2043199986219406
63242.60128615128,0.20435599982738495
63242.66817553448,0.2043440043926239
63242.73506491768,0.2043440043926239
63242.801954300885,0.20433799922466278
63242.86884368408,0.20432600378990173
63242.93573306729,0.2043440043926239
63243.00262245048,0.2043440043926239
63243.06951183369,0.20433799922466278
63243.136401216885,0.20433799922466278
63243.20329060009,0.20432600378990173
63243.27017998329,0.20434999465942383
63243.33706936649,0.204367995262146
63243.40395874969,0.204367995262146
63243.47084813289,0.204367995262146
63243.53773751609,0.204367995262146
63243.604626899294,0.20437400043010712
63243.67151628249,0.2043980062007904
63243.738405665696,0.2043980062007904
63243.80529504889,0.2043980062007904
63243.8721844321,0.20439200103282928
63243.939073815294,0.20440399646759033
63244.0059631985,0.2043980062007904
63244.072852581696,0.2043980062007904
63244.1397419649,0.2043980062007904
63244.2066313481,0.20438000559806824
63244.2735207313,0.2043980062007904
63244.3404101145,0.2043980062007904
63244.4072994977,0.20441600680351257
63244.4741888809,0.20441000163555145
63244.541078264105,0.20440399646759033
63244.6079676473,0.2043980062007904
63244.674857030506,0.2043980062007904
63244.7417464137,0.20440399646759033
63244.80863579691,0.20440399646759033
63244.875525180105,0.2044219970703125
63244.94241456331,0.20442800223827362
63245.00930394651,0.20442800223827362
63245.07619332971,0.20442800223827362
63245.14308271291,0.20445199310779572
63245.20997209611,0.20445199310779572
63245.27686147931,0.20445799827575684
63245.343750862514,0.20445799827575684
63245.41064024571,0.20445799827575684
63245.477529628915,0.20445799827575684
63245.54441901211,0.20445199310779572
63245.61130839532,0.20442800223827362
63245.678197778514,0.20443999767303467
63245.74508716172,0.20443400740623474
63245.811976544916,0.20443999767303467
63245.87886592812,0.20445799827575684
63245.94575531132,0.20445799827575684
63246.01264469452,0.20445799827575684
63246.07953407772,0.20446400344371796
63246.14642346092,0.204475998878479
63246.21331284412,0.20445799827575684
63246.280202227324,0.20446400344371796
63246.34709161053,0.20445799827575684
63246.413980993726,0.20445799827575684
63246.48087037693,0.204475998878479
63246.54775976013,0.20448799431324005
63246.61464914333,0.20448799431324005
63246.68153852653,0.20448799431324005
63246.74842790973,0.20450599491596222
63246.81531729293,0.20451900362968445
63246.882206676135,0.20451200008392334
63246.94909605933,0.2045000046491623
63247.01598544254,0.20449399948120117
63247.08287482573,0.20449399948120117
63247.14976420894,0.20451200008392334
63247.216653592135,0.20450599491596222
63247.28354297534,0.20448799431324005
63247.35043235854,0.20449399948120117
63247.41732174174,0.20450599491596222
63247.48421112494,0.20451900362968445
63247.55110050814,0.20451900362968445
63247.61798989134,0.2045000046491623
63247.684879274544,0.20448799431324005
63247.75176865774,0.20451200008392334
63247.818658040946,0.20451900362968445
63247.88554742414,0.20451900362968445
63247.95243680735,0.20451900362968445
63248.019326190544,0.20451900362968445
63248.08621557375,0.20451900362968445
63248.153104956946,0.20451900362968445
63248.21999434015,0.20451200008392334
63248.28688372335,0.20451200008392334
63248.35377310655,0.20451900362968445
63248.42066248975,0.20451200008392334
63248.48755187295,0.2045000046491623
63248.55444125615,0.2045000046491623
63248.621330639355,0.20451200008392334
63248.68822002255,0.20451900362968445
63248.755109405756,0.20451900362968445
63248.82199878895,0.20451900362968445
63248.88888817216,0.20451900362968445
63248.955777555355,0.20451900362968445
63249.02266693856,0.20451900362968445
63249.08955632176,0.20451900362968445
63249.15644570496,0.20451900362968445
63249.22333508816,0.20451900362968445
63249.29022447136,0.20451200008392334
63249.35711385456,0.20451900362968445
63249.424003237764,0.20451900362968445
63249.49089262096,0.20451900362968445
63249.557782004165,0.20452499389648438
63249.62467138736,0.20452499389648438
63249.69156077057,0.20453700423240662
63249.758450153764,0.20453700423240662
63249.82533953697,0.2045309990644455
63249.892228920166,0.20454299449920654
63249.95911830337,0.20454899966716766
63250.02600768657,0.20454899966716766
63250.09289706977,0.20457300543785095
63250.15978645297,0.20457899570465088
63250.22667583617,0.20457899570465088
63250.29356521937,0.20457300543785095
63250.360454602574,0.20457899570465088
63250.42734398577,0.20459100604057312
63250.494233368976,0.20460300147533417
63250.56112275217,0.2046090066432953
63250.62801213538,0.2046090066432953
63250.694901518575,0.20462700724601746
63250.76179090178,0.2046090066432953
63250.828680284976,0.2046090066432953
63250.89556966818,0.20463299751281738
63250.96245905138,0.20465099811553955
63251.02934843458,0.2046390026807785
63251.09623781778,0.20463299751281738
63251.16312720098,0.20463299751281738
63251.23001658418,0.2046390026807785
63251.296905967385,0.20465700328350067
63251.36379535058,0.2046629935503006
63251.43068473379,0.20465099811553955
63251.497574116984,0.2046390026807785
63251.56446350019,0.2046629935503006
63251.631352883385,0.20466899871826172
63251.69824226659,0.20466899871826172
63251.76513164979,0.2046629935503006
63251.83202103299,0.20468099415302277
63251.89891041619,0.20466899871826172
63251.96579979939,0.20468099415302277
63252.03268918259,0.2046869993209839
63252.099578565794,0.20472300052642822
63252.16646794899,0.20472300052642822
63252.233357332196,0.20471100509166718
63252.30024671539,0.2047169953584671
63252.3671360986,0.20471100509166718
63252.434025481794,0.20472900569438934
63252.500914865,0.20472900569438934
63252.567804248196,0.20473499596118927
63252.6346936314,0.20472900569438934
63252.7015830146,0.20475399494171143
63252.7684723978,0.20472900569438934
63252.835361781,0.20474199950695038
63252.9022511642,0.20474199950695038
63252.9691405474,0.20476000010967255
63253.036029930605,0.20476000010967255
63253.1029193138,0.20476000010967255
63253.16980869701,0.20475399494171143
63253.2366980802,0.20475399494171143
63253.30358746341,0.20476000010967255
63253.37047684661,0.20476600527763367
63253.43736622981,0.20477800071239471
63253.504255613014,0.20476000010967255
63253.57114499621,0.20478400588035583
63253.638034379415,0.20479600131511688
63253.70492376261,0.20478999614715576
63253.77181314582,0.20480799674987793
63253.838702529014,0.20478999614715576
63253.90559191222,0.20478999614715576
63253.972481295415,0.20478999614715576
63254.03937067862,0.20481400191783905
63254.10626006182,0.20483200252056122
63254.17314944502,0.20482000708580017
63254.24003882822,0.20482000708580017
63254.30692821142,0.20482000708580017
63254.37381759462,0.2048259973526001
63254.440706977824,0.20482000708580017
63254.50759636102,0.20482000708580017
63254.574485744226,0.2048500031232834
63254.64137512742,0.2048500031232834
63254.70826451063,0.2048500031232834
63254.775153893825,0.2048559933900833
63254.84204327703,0.20487399399280548
63254.908932660226,0.20486800372600555
63254.97582204343,0.20487399399280548
63255.04271142663,0.20486199855804443
63255.10960080983,0.20488600432872772
63255.17649019303,0.20490500330924988
63255.24337957623,0.20488600432872772
63255.31026895943,0.20489199459552765
63255.377158342635,0.2049109935760498
63255.44404772583,0.2049109935760498
63255.51093710904,0.2049109935760498
63255.577826492234,0.2049109935760498
63255.64471587544,0.20491699874401093
63255.711605258635,0.20490500330924988
63255.77849464184,0.2049109935760498
63255.84538402504,0.2049109935760498
63255.91227340824,0.2049109935760498
63255.97916279144,0.2049349993467331
63256.04605217464,0.2049349993467331
63256.11294155784,0.20492300391197205
63256.179830941044,0.20492899417877197
63256.24672032424,0.20497700572013855
63256.313609707446,0.20498299598693848
63256.38049909064,0.20497100055217743
63256.44738847385,0.20497700572013855
63256.514277857044,0.20498299598693848
63256.58116724025,0.20497700572013855
63256.648056623446,0.20499500632286072
63256.71494600665,0.20500099658966064
63256.78183538985,0.2049890011548996
63256.84872477305,0.20497700572013855
63256.91561415625,0.20500700175762177
63256.98250353945,0.20502600073814392
63257.04939292265,0.20503200590610504
63257.116282305855,0.20503799617290497
63257.18317168905,0.20502600073814392
63257.250061072256,0.20501300692558289
63257.31695045545,0.20503200590610504
63257.38383983866,0.20503200590610504
63257.450729221855,0.20503799617290497
63257.51761860506,0.2050440013408661
63257.58450798826,0.2050500065088272
63257.65139737146,0.2050440013408661
63257.71828675466,0.20503200590610504
63257.78517613786,0.20506800711154938
63257.85206552106,0.20506200194358826
63257.918954904264,0.20509199798107147
63257.98584428746,0.20509199798107147
63258.052733670665,0.20509199798107147
63258.11962305386,0.20509199798107147
63258.18651243707,0.20509199798107147
63258.253401820264,0.20509199798107147
63258.32029120347,0.20509199798107147
63258.387180586666,0.20509199798107147
63258.45406996987,0.20509199798107147
63258.52095935307,0.20509199798107147
63258.58784873627,0.20510999858379364
63258.65473811947,0.20510399341583252
63258.72162750267,0.20511600375175476
63258.78851688587,0.2051219940185547
63258.855406269075,0.2051219940185547
63258.92229565227,0.2051219940185547
63258.989185035476,0.2051219940185547
63259.05607441867,0.20513400435447693
63259.12296380188,0.2051219940185547
63259.189853185075,0.20513400435447693
63259.25674256828,0.2051279991865158
63259.323631951476,0.20514699816703796
63259.39052133468,0.20514699816703796
63259.45741071788,0.20514699816703796
63259.52430010108,0.20514699816703796
63259.59118948428,0.20515300333499908
63259.658078867484,0.20515300333499908
63259.72496825068,0.20515300333499908
63259.791857633885,0.205158993601799
63259.85874701708,0.2051829993724823
63259.92563640029,0.2051829993724823
63259.992525783484,0.20517100393772125
63260.05941516669,0.20517699420452118
63260.126304549885,0.20520099997520447
63260.19319393309,0.2052070051431656
63260.26008331629,0.20518900454044342
63260.32697269949,0.2051829993724823
63260.393862082696,0.2052070051431656
63260.46075146589,0.20521299540996552
63260.5276408491,0.20521299540996552
63260.594530232294,0.20521299540996552
63260.6614196155,0.20521299540996552
63260.728308998696,0.20522500574588776
63260.7951983819,0.20522500574588776
63260.8620877651,0.20522500574588776
63260.9289771483,0.2052440047264099
63260.9958665315,0.2052370011806488
63261.0627559147,0.20524999499320984
63261.1296452979,0.2052440047264099
63261.196534681105,0.20525600016117096
63261.2634240643,0.20527400076389313
63261.330313447506,0.20527400076389313
63261.3972028307,0.20527400076389313
63261.46409221391,0.2052920013666153
63261.530981597105,0.20527400076389313
63261.59787098031,0.20528599619865417
63261.66476036351,0.20527400076389313
63261.73164974671,0.20528000593185425
63261.79853912991,0.2052920013666153
63261.86542851311,0.20530399680137634
63261.93231789631,0.20531000196933746
63261.999207279514,0.20531000196933746
63262.06609666271,0.20531600713729858
63262.132986045915,0.20533500611782074
63262.19987542911,0.2053219974040985
63262.26676481232,0.20533500611782074
63262.333654195514,0.20534099638462067
63262.40054357872,0.20533500611782074
63262.467432961916,0.2053470015525818
63262.53432234512,0.20533500611782074
63262.60121172832,0.20533500611782074
63262.66810111152,0.2053219974040985
63262.73499049472,0.20532800257205963
63262.80187987792,0.20533500611782074
63262.86876926112,0.2053530067205429
63262.935658644325,0.20536500215530396
63263.00254802752,0.20536500215530396
63263.069437410726,0.20536500215530396
63263.13632679392,0.20536500215530396
63263.20321617713,0.20537100732326508
63263.270105560325,0.20536500215530396
63263.33699494353,0.20538300275802612
63263.403884326726,0.20537100732326508
63263.47077370993,0.20536500215530396
63263.53766309313,0.20536500215530396
63263.60455247633,0.205376997590065
63263.67144185953,0.20537100732326508
63263.738331242734,0.20539499819278717
63263.80522062593,0.20538899302482605
63263.872110009135,0.20541299879550934
63263.93899939233,0.20542000234127045
63264.00588877554,0.20542000234127045
63264.072778158734,0.20542599260807037
63264.13966754194,0.20542599260807037
63264.206556925135,0.2054010033607483
63264.27344630834,0.20539499819278717
63264.34033569154,0.20543800294399261
63264.40722507474,0.20542599260807037
63264.47411445794,0.20542599260807037
63264.54100384114,0.20544999837875366
63264.60789322434,0.2054319977760315
63264.674782607544,0.20542599260807037
63264.74167199074,0.20545600354671478
63264.808561373946,0.20545600354671478
63264.87545075714,0.2054619938135147
63264.94234014035,0.20545600354671478
63265.009229523544,0.20545600354671478
63265.07611890675,0.20547999441623688
63265.143008289946,0.205485999584198
63265.20989767315,0.205485999584198
63265.27678705635,0.20549200475215912
63265.34367643955,0.20549200475215912
63265.41056582275,0.20550499856472015
63265.47745520595,0.2055169939994812
63265.54434458915,0.20550499856472015
63265.611233972355,0.20549200475215912
63265.67812335555,0.20552299916744232
63265.74501273876,0.20552900433540344
63265.81190212195,0.20552900433540344
63265.87879150516,0.2055169939994812
63265.945680888355,0.20555299520492554
63266.01257027156,0.20555900037288666
63266.07945965476,0.2055470049381256
63266.14634903796,0.2055470049381256
63266.21323842116,0.2055470049381256
63266.28012780436,0.20553499460220337
63266.34701718756,0.20553499460220337
63266.413906570764,0.2055470049381256
63266.48079595396,0.20555299520492554
63266.547685337166,0.20556500554084778
63266.61457472036,0.2055779993534088
63266.68146410357,0.2055779993534088
63266.748353486764,0.2055779993534088
63266.81524286997,0.2055779993534088
63266.882132253166,0.20558999478816986
63266.94902163637,0.20560799539089203
63267.01591101957,0.20560799539089203
63267.08280040277,0.20560799539089203
63267.14968978597,0.20560799539089203
63267.21657916917,0.20561400055885315
63267.28346855237,0.20562000572681427
63267.350357935575,0.20561400055885315
63267.41724731877,0.20561400055885315
63267.484136701976,0.20563200116157532
63267.55102608517,0.20563200116157532
63267.61791546838,0.20563200116157532
63267.68480485158,0.20563800632953644
63267.75169423478,0.20563800632953644
63267.818583617984,0.20563800632953644
63267.88547300118,0.20563800632953644
63267.952362384385,0.20564499497413635
63268.01925176758,0.2056259959936142
63268.08614115079,0.20563800632953644
63268.153030533984,0.20563800632953644
63268.21991991719,0.20563800632953644
63268.286809300385,0.20565100014209747
63268.35369868359,0.20566299557685852
63268.42058806679,0.20567500591278076
63268.48747744999,0.2056870013475418
63268.55436683319,0.20569300651550293
63268.62125621639,0.20566900074481964
63268.68814559959,0.20569300651550293
63268.755034982794,0.20569300651550293
63268.82192436599,0.20569899678230286
63268.888813749196,0.20570500195026398
63268.95570313239,0.20571200549602509
63269.0225925156,0.205717995762825
63269.089481898794,0.20570500195026398
63269.156371282,0.20572400093078613
63269.223260665196,0.20574800670146942
63269.2901500484,0.2057420015335083
63269.3570394316,0.20574800670146942
63269.4239288148,0.20576000213623047
63269.490818198,0.20574800670146942
63269.5577075812,0.20573000609874725
63269.6245969644,0.20573000609874725
63269.691486347605,0.20573000609874725
63269.7583757308,0.20573000609874725
63269.82526511401,0.20572400093078613
63269.8921544972,0.20575399696826935
63269.95904388041,0.20576000213623047
63270.025933263605,0.20576000213623047
63270.09282264681,0.20576000213623047
63270.15971203001,0.20576000213623047
63270.22660141321,0.20574800670146942
63270.29349079641,0.20576000213623047
63270.36038017961,0.20573000609874725
63270.42726956281,0.20576000213623047
63270.494158946014,0.20577199757099152
63270.56104832921,0.20576000213623047
63270.627937712416,0.20577199757099152
63270.69482709561,0.20577900111675262
63270.76171647882,0.2057660073041916
63270.828605862014,0.20579099655151367
63270.89549524522,0.20579099655151367
63270.962384628416,0.20579099655151367
63271.02927401162,0.20579099655151367
63271.09616339482,0.20579099655151367
63271.16305277802,0.20579099655151367
63271.22994216122,0.2057660073041916
63271.29683154442,0.20577199757099152
63271.36372092762,0.20579099655151367
63271.430610310825,0.20579099655151367
63271.49749969402,0.20579099655151367
63271.564389077226,0.2058030068874359
63271.63127846042,0.20580899715423584
63271.69816784363,0.20581500232219696
63271.765057226825,0.2058209925889969
63271.83194661003,0.2057970017194748
63271.89883599323,0.2058030068874359
63271.96572537643,0.20580899715423584
63272.03261475963,0.2058209925889969
63272.09950414283,0.205826997756958
63272.16639352603,0.2058209925889969
63272.233282909234,0.2058030068874359
63272.30017229243,0.20583300292491913
63272.367061675635,0.20584599673748016
63272.43395105883,0.2058209925889969
63272.50084044204,0.20584599673748016
63272.567729825234,0.20585200190544128
63272.63461920844,0.20585200190544128
63272.701508591636,0.20587599277496338
63272.76839797484,0.20587599277496338
63272.83528735804,0.20585200190544128
63272.90217674124,0.20583899319171906
63272.96906612444,0.20585200190544128
63273.03595550764,0.20586399734020233
63273.10284489084,0.20587000250816345
63273.169734274044,0.20585200190544128
63273.23662365724,0.2058580070734024
63273.303513040446,0.20587000250816345
63273.37040242364,0.20587000250816345
63273.43729180685,0.2058819979429245
63273.504181190045,0.20587599277496338
63273.57107057325,0.2058819979429245
63273.637959956446,0.20591899752616882
63273.70484933965,0.205936998128891
63273.77173872285,0.2059130072593689
63273.83862810605,0.20591899752616882
63273.90551748925,0.20593099296092987
63273.97240687245,0.20593099296092987
63274.03929625565,0.20594899356365204
63274.106185638855,0.205936998128891
63274.17307502205,0.2059130072593689
63274.23996440526,0.20593099296092987
63274.306853788454,0.2059430032968521
63274.37374317166,0.20594899356365204
63274.440632554855,0.2059430032968521
63274.50752193806,0.2059430032968521
63274.57441132126,0.2059430032968521
63274.64130070446,0.20594899356365204
63274.708190087666,0.20594899356365204
63274.77507947086,0.2059680074453354
63274.84196885407,0.20597399771213531
63274.908858237264,0.20597399771213531
63274.97574762047,0.20597399771213531
63275.042637003666,0.20598000288009644
63275.10952638687,0.20597399771213531
63275.17641577007,0.20597399771213531
63275.24330515327,0.20597399771213531
63275.31019453647,0.20599199831485748
63275.37708391967,0.20600399374961853
63275.44397330287,0.20600399374961853
63275.510862686075,0.20598599314689636
63275.57775206927,0.20600399374961853
63275.644641452476,0.20602299273014069
63275.71153083567,0.20600399374961853
63275.77842021888,0.20600999891757965
63275.845309602075,0.20600399374961853
63275.91219898528,0.20600399374961853
63275.97908836848,0.20600999891757965
63276.04597775168,0.20600999891757965
63276.11286713488,0.20602299273014069
63276.17975651808,0.20603500306606293
63276.24664590128,0.20602299273014069
63276.313535284484,0.20601700246334076
63276.38042466768,0.20603500306606293
63276.447314050885,0.20603500306606293
63276.51420343408,0.20604099333286285
63276.58109281729,0.20605899393558502
63276.647982200484,0.20603500306606293
63276.71487158369,0.20604699850082397
63276.781760966885,0.20606499910354614
63276.84865035009,0.2060530036687851
63276.91553973329,0.20609000325202942
63276.98242911649,0.20609000325202942
63277.04931849969,0.2060839980840683
63277.11620788289,0.20609599351882935
63277.18309726609,0.20609599351882935
63277.249986649294,0.20609000325202942
63277.31687603249,0.20606499910354614
63277.383765415696,0.20606499910354614
63277.45065479889,0.20606499910354614
63277.5175441821,0.20609000325202942
63277.584433565295,0.20609599351882935
63277.6513229485,0.20609599351882935
63277.718212331696,0.20610199868679047
63277.7851017149,0.20610199868679047
63277.8519910981,0.20611999928951263
63277.9188804813,0.20611999928951263
63277.9857698645,0.20612700283527374
63278.0526592477,0.2061450034379959
63278.1195486309,0.2061389982700348
63278.186438014105,0.20615099370479584
63278.2533273973,0.20615699887275696
63278.32021678051,0.206168994307518
63278.387106163704,0.20615699887275696
63278.45399554691,0.20618200302124023
63278.520884930105,0.20618799328804016
63278.58777431331,0.20618200302124023
63278.65466369651,0.20615699887275696
63278.72155307971,0.20618799328804016
63278.78844246291,0.20619399845600128
63278.85533184611,0.20619399845600128
63278.92222122931,0.20620599389076233
63278.989110612514,0.20621199905872345
63279.05599999571,0.20619399845600128
63279.122889378916,0.20621199905872345
63279.18977876211,0.20619399845600128
63279.25666814532,0.20620599389076233
63279.323557528514,0.20620599389076233
63279.39044691172,0.20623700320720673
63279.457336294916,0.2062309980392456
63279.52422567812,0.2062000036239624
63279.59111506132,0.20621199905872345
63279.65800444452,0.20620599389076233
63279.72489382772,0.20619399845600128
63279.79178321092,0.2062000036239624
63279.85867259412,0.2062309980392456
63279.925561977325,0.20623700320720673
63279.99245136052,0.20621800422668457
63280.059340743726,0.20623700320720673
63280.12623012692,0.20624899864196777
63280.19311951013,0.20624899864196777
63280.260008893325,0.20624899864196777
63280.32689827653,0.2062550038099289
63280.39378765973,0.2062550038099289
63280.46067704293,0.20624899864196777
63280.52756642613,0.2062550038099289
63280.59445580933,0.20626099407672882
63280.66134519253,0.20627300441265106
63280.728234575734,0.20627999305725098
63280.79512395893,0.20627999305725098
63280.862013342135,0.20627999305725098
63280.92890272533,0.20627999305725098
63280.99579210854,0.2062859982252121
63281.062681491734,0.20627999305725098
63281.12957087494,0.20627300441265106
63281.196460258136,0.20627300441265106
63281.26334964134,0.20627300441265106
63281.33023902454,0.20627300441265106
63281.39712840774,0.20629200339317322
63281.46401779094,0.2062859982252121
63281.53090717414,0.20629200339317322
63281.59779655734,0.2062859982252121
63281.664685940545,0.20627999305725098
63281.73157532375,0.2062859982252121
63281.798464706946,0.20631000399589539
63281.86535409015,0.20633499324321747
63281.93224347335,0.2063409984111786
63281.99913285655,0.2063159942626953
63282.06602223975,0.20631000399589539
63282.13291162295,0.20632900297641754
63282.19980100615,0.20632900297641754
63282.266690389355,0.20633499324321747
63282.33357977255,0.2063409984111786
63282.40046915576,0.2063470035791397
63282.467358538954,0.2063470035791397
63282.53424792216,0.20635299384593964
63282.601137305355,0.20635899901390076
63282.66802668856,0.20636500418186188
63282.73491607176,0.2063409984111786
63282.80180545496,0.20636500418186188
63282.86869483816,0.20635899901390076
63282.93558422136,0.20636500418186188
63283.00247360456,0.20636500418186188
63283.069362987764,0.20636500418186188
63283.13625237096,0.2063709944486618
63283.203141754166,0.20638400316238403
63283.27003113736,0.2063709944486618
63283.33692052057,0.20639599859714508
63283.403809903764,0.20641399919986725
63283.47069928697,0.20638999342918396
63283.537588670166,0.20639599859714508
63283.60447805337,0.20642100274562836
63283.67136743657,0.20640799403190613
63283.73825681977,0.2064329981803894
63283.80514620297,0.2064329981803894
63283.87203558617,0.2064329981803894
63283.93892496937,0.2064329981803894
63284.005814352575,0.2064329981803894
63284.07270373577,0.20640799403190613
63284.139593118976,0.2064329981803894
63284.20648250217,0.20644499361515045
63284.27337188538,0.20643900334835052
63284.340261268575,0.2064570039510727
63284.40715065178,0.20646299421787262
63284.47404003498,0.20646299421787262
63284.54092941818,0.20645099878311157
63284.60781880138,0.20645099878311157
63284.67470818458,0.20645099878311157
63284.74159756778,0.20646299421787262
63284.808486950984,0.20646299421787262
63284.87537633418,0.20646999776363373
63284.942265717385,0.20646299421787262
63285.00915510058,0.20648199319839478
63285.07604448379,0.20646299421787262
63285.142933866984,0.20646299421787262
63285.20982325019,0.20646999776363373
63285.276712633386,0.20646999776363373
63285.34360201659,0.20646299421787262
63285.41049139979,0.20648199319839478
63285.47738078299,0.20649400353431702
63285.54427016619,0.2064879983663559
63285.61115954939,0.20646299421787262
63285.67804893259,0.20648199319839478
63285.744938315795,0.20649400353431702
63285.81182769899,0.20649999380111694
63285.878717082196,0.20651300251483917
63285.94560646539,0.20649999380111694
63286.0124958486,0.20649999380111694
63286.079385231795,0.2065189927816391
63286.146274615,0.20650599896907806
63286.213163998196,0.20649400353431702
63286.2800533814,0.20651300251483917
63286.3469427646,0.20653699338436127
63286.4138321478,0.20653699338436127
63286.480721531,0.20652499794960022
63286.547610914204,0.20652499794960022
63286.6145002974,0.20652499794960022
63286.681389680605,0.20652499794960022
63286.7482790638,0.20652499794960022
63286.81516844701,0.20652499794960022
63286.882057830204,0.20652499794960022
63286.94894721341,0.2065189927816391
63287.015836596605,0.2065429985523224
63287.08272597981,0.2065490037202835
63287.14961536301,0.20653100311756134
63287.21650474621,0.2065490037202835
63287.28339412941,0.20653100311756134
63287.35028351261,0.20652499794960022
63287.41717289581,0.2065429985523224
63287.484062279014,0.20653100311756134
63287.55095166221,0.20653100311756134
63287.617841045416,0.2065490037202835
63287.68473042861,0.20655600726604462
63287.75161981182,0.20655600726604462
63287.818509195014,0.20655600726604462
63287.88539857822,0.20656199753284454
63287.952287961416,0.2065739929676056
63288.01917734462,0.20655600726604462
63288.08606672782,0.20656199753284454
63288.15295611102,0.2065429985523224
63288.21984549422,0.20653699338436127
63288.28673487742,0.20655600726604462
63288.35362426062,0.20655600726604462
63288.420513643825,0.20655600726604462
63288.48740302702,0.2065799981355667
63288.55429241023,0.20655600726604462
63288.62118179342,0.20655600726604462
63288.68807117663,0.20655600726604462
63288.754960559825,0.20656199753284454
63288.82184994303,0.20658600330352783
63288.88873932623,0.20658600330352783
63288.95562870943,0.20658600330352783
63289.022518092635,0.20658600330352783
63289.08940747583,0.2065739929676056
63289.15629685904,0.2065799981355667
63289.223186242234,0.20660500228405
63289.29007562544,0.20660500228405
63289.356965008636,0.20661099255084991
63289.42385439184,0.20660500228405
63289.49074377504,0.20658600330352783
63289.55763315824,0.20658600330352783
63289.62452254144,0.20660500228405
63289.69141192464,0.20659899711608887
63289.75830130784,0.20658600330352783
63289.825190691045,0.20659199357032776
63289.89208007424,0.20660500228405
63289.958969457446,0.20661099255084991
63290.02585884064,0.20659899711608887
63290.09274822385,0.20661699771881104
63290.159637607045,0.20661699771881104
63290.22652699025,0.20661699771881104
63290.293416373446,0.20661699771881104
63290.36030575665,0.20661699771881104
63290.42719513985,0.20661699771881104
63290.49408452305,0.20662899315357208
63290.56097390625,0.20661699771881104
63290.627863289454,0.20661699771881104
63290.69475267265,0.20661699771881104
63290.761642055855,0.20662899315357208
63290.82853143905,0.20661699771881104
63290.89542082226,0.2066420018672943
63290.962310205454,0.2066420018672943
63291.02919958866,0.2066349983215332
63291.096088971855,0.20662300288677216
63291.16297835506,0.2066420018672943
63291.22986773826,0.20664800703525543
63291.29675712146,0.2066420018672943
63291.36364650466,0.2066420018672943
63291.43053588786,0.20664800703525543
63291.49742527106,0.20664800703525543
63291.564314654264,0.20664800703525543
63291.63120403746,0.20665399730205536
63291.698093420666,0.20665399730205536
63291.76498280386,0.20664800703525543
63291.83187218707,0.2066659927368164
63291.898761570264,0.20666000247001648
63291.96565095347,0.20667199790477753
63292.032540336666,0.20665399730205536
63292.09942971987,0.20667800307273865
63292.16631910307,0.20666000247001648
63292.23320848627,0.20667199790477753
63292.30009786947,0.20667800307273865
63292.36698725267,0.20670300722122192
63292.43387663587,0.20669099688529968
63292.500766019075,0.2066970020532608
63292.56765540227,0.20669099688529968
63292.63454478548,0.20668500661849976
63292.70143416867,0.20670899748802185
63292.76832355188,0.2066970020532608
63292.835212935075,0.20669099688529968
63292.90210231828,0.20669099688529968
63292.96899170148,0.20667800307273865
63293.03588108468,0.20670300722122192
63293.10277046788,0.20670899748802185
63293.16965985108,0.20670899748802185
63293.23654923428,0.20670899748802185
63293.303438617484,0.20670899748802185
63293.37032800068,0.20670899748802185
63293.437217383886,0.20670899748802185
63293.50410676708,0.20671500265598297
63293.57099615029,0.20671500265598297
63293.637885533484,0.20670899748802185
63293.70477491669,0.20670899748802185
63293.771664299886,0.20670300722122192
63293.83855368309,0.20671500265598297
63293.90544306629,0.20672200620174408
63293.97233244949,0.20671500265598297
63294.03922183269,0.20671500265598297
63294.10611121589,0.20674000680446625
63294.17300059909,0.20670899748802185
63294.239889982295,0.20670899748802185
63294.30677936549,0.20671500265598297
63294.373668748696,0.20671500265598297
63294.44055813189,0.206727996468544
63294.5074475151,0.20672200620174408
63294.574336898295,0.20670899748802185
63294.6412262815,0.20670899748802185
63294.7081156647,0.20670300722122192
63294.7750050479,0.20670899748802185
63294.8418944311,0.2066970020532608
63294.9087838143,0.20670300722122192
63294.9756731975,0.20670899748802185
63295.042562580704,0.206727996468544
63295.1094519639,0.20672200620174408
63295.176341347105,0.20674000680446625
63295.2432307303,0.20674000680446625
63295.31012011351,0.20674000680446625
63295.377009496704,0.20674000680446625
63295.44389887991,0.20674599707126617
63295.510788263105,0.20673400163650513
63295.57767764631,0.20672200620174408
63295.64456702951,0.20673400163650513
63295.71145641271,0.20674000680446625
63295.77834579591,0.20676499605178833
63295.84523517911,0.20677100121974945
63295.91212456231,0.20677100121974945
63295.979013945514,0.20677100121974945
63296.04590332872,0.20677100121974945
63296.112792711916,0.20677100121974945
63296.17968209512,0.20680199563503265
63296.24657147832,0.20680199563503265
63296.31346086152,0.20691199600696564
63296.38035024472,0.20695599913597107
63296.44723962792,0.20674599707126617
63296.51412901112,0.2063779979944229
63296.581018394325,0.20615699887275696
63296.64790777752,0.20610199868679047
63296.71479716073,0.20609000325202942
63296.78168654392,0.20606499910354614
63296.84857592713,0.2060839980840683
63296.915465310325,0.20612700283527374
63296.98235469353,0.20612700283527374
63297.04924407673,0.20618799328804016
63297.11613345993,0.20612700283527374
63297.18302284313,0.2059680074453354
63297.24991222633,0.20592500269412994
63297.31680160953,0.20606499910354614
63297.383690992734,0.20612700283527374
63297.45058037593,0.20618799328804016
63297.517469759136,0.20642100274562836
63297.58435914233,0.20644499361515045
63297.65124852554,0.2058819979429245
63297.718137908734,0.2050440013408661
63297.78502729194,0.20478999614715576
63297.851916675136,0.20498299598693848
63297.91880605834,0.20531600713729858
63297.98569544154,0.2052440047264099
63298.05258482474,0.20525600016117096
63298.11947420794,0.20531000196933746
63298.18636359114,0.20538300275802612
63298.25325297434,0.205376997590065
63298.320142357545,0.20510999858379364
63298.38703174074,0.20430199801921844
63298.453921123946,0.20339900255203247
63298.52081050714,0.20245599746704102
63298.58769989035,0.20175699889659882
63298.654589273545,0.20251500606536865
63298.72147865675,0.2044219970703125
63298.78836803995,0.20508000254631042
63298.85525742315,0.2048799991607666
63298.92214680635,0.20474199950695038
63298.98903618955,0.20472300052642822
63299.05592557275,0.20473499596118927
63299.122814955954,0.20477800071239471
63299.18970433915,0.20480799674987793
63299.256593722355,0.20483200252056122
63299.32348310555,0.20487399399280548
63299.39037248876,0.20492300391197205
63299.457261871954,0.20497700572013855
63299.52415125516,0.20503799617290497
63299.591040638355,0.2050739973783493
63299.65793002156,0.20509199798107147
63299.72481940476,0.2051219940185547
63299.79170878796,0.20515300333499908
63299.85859817116,0.2051829993724823
63299.92548755436,0.20521299540996552
63299.99237693756,0.2052370011806488
63300.059266320764,0.20525600016117096
63300.12615570396,0.20527400076389313
63300.193045087166,0.20530399680137634
63300.25993447036,0.2053219974040985
63300.32682385357,0.20534099638462067
63300.393713236765,0.20536500215530396
63300.46060261997,0.20539499819278717
63300.527492003166,0.2054010033607483
63300.59438138637,0.20542000234127045
63300.66127076957,0.20541299879550934
63300.72816015277,0.20542599260807037
63300.79504953597,0.20545600354671478
63300.86193891917,0.20547400414943695
63300.92882830237,0.20545600354671478
63300.995717685575,0.20546799898147583
63301.06260706877,0.205485999584198
63301.12949645198,0.20552299916744232
63301.196385835174,0.20552900433540344
63301.26327521838,0.2055409997701645
63301.330164601575,0.2055779993534088
63301.39705398478,0.20558999478816986
63301.46394336798,0.20559599995613098
63301.53083275118,0.2056020051240921
63301.59772213438,0.20561400055885315
63301.66461151758,0.20560799539089203
63301.73150090078,0.20563800632953644
63301.798390283984,0.20566900074481964
63301.86527966718,0.2056809961795807
63301.932169050386,0.20569899678230286
63301.99905843358,0.20570500195026398
63302.06594781679,0.20573000609874725
63302.132837199984,0.20573599636554718
63302.19972658319,0.2057420015335083
63302.266615966386,0.2057420015335083
63302.33350534959,0.20575399696826935
63302.40039473279,0.20578500628471375
63302.46728411599,0.20579099655151367
63302.53417349919,0.20579099655151367
63302.60106288239,0.20579099655151367
63302.66795226559,0.20580899715423584
63302.734841648795,0.2058209925889969
63302.80173103199,0.20583300292491913
63302.868620415196,0.20587000250816345
63302.93550979839,0.2058819979429245
63303.0023991816,0.20587000250816345
63303.0692885648,0.2058819979429245
63303.136177948,0.2058819979429245
63303.203067331204,0.20588800311088562
63303.2699567144,0.20588800311088562
63303.336846097605,0.2061450034379959
63303.4037354808,0.20646999776363373
63303.47062486401,0.20627300441265106
63303.537514247204,0.20602299273014069
63303.60440363041,0.20597399771213531
63303.671293013605,0.20596200227737427
63303.73818239681,0.205936998128891
63303.80507178001,0.20597399771213531
63303.87196116321,0.2059680074453354
63303.93885054641,0.20594899356365204
63304.00573992961,0.20597399771213531
63304.07262931281,0.2060289978981018
63304.139518696014,0.20604699850082397
63304.20640807921,0.20606499910354614
63304.273297462416,0.2060530036687851
63304.34018684561,0.20604699850082397
63304.40707622882,0.20606499910354614
63304.473965612015,0.20609000325202942
63304.54085499522,0.20609599351882935
63304.607744378416,0.2061080038547516
63304.67463376162,0.20613299310207367
63304.74152314482,0.20613299310207367
63304.80841252802,0.2061389982700348
63304.87530191122,0.20616300404071808
63304.94219129442,0.20618200302124023
63305.00908067762,0.20618799328804016
63305.075970060825,0.20621199905872345
63305.14285944402,0.20621800422668457
63305.20974882723,0.2062309980392456
63305.276638210424,0.20624899864196777
63305.34352759363,0.20627300441265106
63305.410416976825,0.20626699924468994
63305.47730636003,0.20627999305725098
63305.54419574323,0.20627999305725098
63305.61108512643,0.2062859982252121
63305.67797450963,0.20629799365997314
63305.74486389283,0.20631000399589539
63305.81175327603,0.20631000399589539
63305.878642659234,0.2063409984111786
63305.94553204243,0.2063409984111786
63306.012421425636,0.20635299384593964
63306.07931080883,0.2063709944486618
63306.14620019204,0.2063709944486618
63306.213089575234,0.2064020037651062
63306.27997895844,0.2064020037651062
63306.346868341636,0.20639599859714508
63306.41375772484,0.20640799403190613
63306.48064710804,0.20641399919986725
63306.54753649124,0.2064329981803894
63306.61442587444,0.2064329981803894
63306.68131525764,0.2064570039510727
63306.74820464084,0.20646999776363373
63306.815094024045,0.20646999776363373
63306.88198340724,0.20646999776363373
63306.948872790446,0.20650599896907806
63307.01576217364,0.20652499794960022
63307.08265155685,0.20649999380111694
63307.149540940045,0.20651300251483917
63307.21643032325,0.20652499794960022
63307.28331970645,0.20653100311756134
63307.35020908965,0.20653100311756134
63307.41709847285,0.2065490037202835
63307.48398785605,0.20655600726604462
63307.55087723925,0.20656800270080566
63307.617766622454,0.20658600330352783
63307.68465600565,0.20659199357032776
63307.751545388855,0.20660500228405
63307.81843477205,0.20661699771881104
63307.88532415526,0.20662300288677216
63307.952213538454,0.20662899315357208
63308.01910292166,0.2066349983215332
63308.085992304856,0.20664800703525543
63308.15288168806,0.20664800703525543
63308.21977107126,0.20664800703525543
63308.28666045446,0.2066420018672943
63308.35354983766,0.20662300288677216
63308.42043922086,0.2066349983215332
63308.48732860406,0.2066659927368164
63308.554217987265,0.20667800307273865
63308.62110737046,0.2066970020532608
63308.687996753666,0.2066970020532608
63308.75488613686,0.20670300722122192
63308.82177552007,0.20671500265598297
63308.888664903265,0.20674599707126617
63308.95555428647,0.20674000680446625
63309.022443669666,0.20674000680446625
63309.08933305287,0.20674000680446625
63309.15622243607,0.20674599707126617
63309.22311181927,0.20674599707126617
63309.29000120247,0.20676499605178833
63309.356890585674,0.20676499605178833
63309.42377996887,0.20675800740718842
63309.490669352075,0.20674000680446625
63309.55755873527,0.20675800740718842
63309.62444811848,0.20675800740718842
63309.691337501674,0.20675800740718842
63309.75822688488,0.20677100121974945
63309.825116268075,0.20677100121974945
63309.89200565128,0.20677100121974945
63309.95889503448,0.20677700638771057
63310.02578441768,0.20677100121974945
63310.09267380088,0.20677100121974945
63310.15956318408,0.20677100121974945
63310.22645256728,0.20677700638771057
63310.293341950484,0.20680199563503265
63310.36023133369,0.20680800080299377
63310.427120716886,0.20683200657367706
63310.49401010009,0.20683200657367706
63310.56089948329,0.20683200657367706
63310.62778886649,0.206837996840477
63310.69467824969,0.2068450003862381
63310.76156763289,0.20686300098896027
63310.82845701609,0.20686300098896027
63310.895346399295,0.20686300098896027
63310.96223578249,0.20686300098896027
63311.029125165696,0.20686300098896027
63311.09601454889,0.20688800513744354
63311.1629039321,0.20689399540424347
63311.229793315295,0.20688199996948242
63311.2966826985,0.20689399540424347
63311.3635720817,0.20691199600696564
63311.4304614649,0.20692500472068787
63311.4973508481,0.20691899955272675
63311.5642402313,0.2069309949874878
63311.6311296145,0.20694899559020996
63311.698018997704,0.20694899559020996
63311.7649083809,0.20695599913597107
63311.831797764105,0.20695599913597107
63311.8986871473,0.20695599913597107
63311.96557653051,0.2069620043039322
63312.032465913704,0.20698000490665436
63312.09935529691,0.20695599913597107
63312.166244680106,0.20695599913597107
63312.23313406331,0.20695599913597107
63312.30002344651,0.20696799457073212
63312.36691282971,0.20697399973869324
63312.43380221291,0.2069929987192154
63312.50069159611,0.2069929987192154
63312.56758097931,0.20698599517345428
63312.634470362515,0.20697399973869324
63312.70135974571,0.20697399973869324
63312.768249128916,0.2069620043039322
63312.83513851211,0.20698000490665436
63312.90202789532,0.20697399973869324
63312.968917278515,0.20698599517345428
63313.03580666172,0.20698599517345428
63313.102696044916,0.2069929987192154
63313.16958542812,0.20700499415397644
63313.23647481132,0.20701700448989868
63313.30336419452,0.20703600347042084
63313.37025357772,0.20702999830245972
63313.437142960924,0.20702999830245972
63313.50403234412,0.20704799890518188
63313.570921727325,0.20704799890518188
63313.63781111052,0.207054004073143
63313.70470049373,0.2070789933204651
63313.771589876924,0.2070789933204651
63313.83847926013,0.2070789933204651
63313.905368643325,0.2070789933204651
63313.97225802653,0.20709699392318726
63314.03914740973,0.2070789933204651
63314.10603679293,0.20709699392318726
63314.17292617613,0.20709699392318726
63314.23981555933,0.20711000263690948
63314.30670494253,0.20712199807167053
63314.373594325734,0.2071409970521927
63314.44048370893,0.2071409970521927
63314.507373092136,0.20713399350643158
63314.57426247533,0.2071409970521927
63314.64115185854,0.20715899765491486
63314.708041241734,0.20716500282287598
63314.77493062494,0.20716500282287598
63314.841820008136,0.2072020024061203
63314.90870939134,0.20718400180339813
63314.97559877454,0.20719000697135925
63315.04248815774,0.20718400180339813
63315.10937754094,0.2072090059518814
63315.17626692414,0.20722700655460358
63315.24315630734,0.2072329968214035
63315.310045690545,0.2072329968214035
63315.37693507374,0.2072329968214035
63315.44382445695,0.2072329968214035
63315.51071384014,0.2072329968214035
63315.57760322335,0.2072329968214035
63315.644492606545,0.2072400003671646
63315.71138198975,0.20724600553512573
63315.77827137295,0.20724600553512573
63315.84516075615,0.20725199580192566
63315.91205013935,0.20724600553512573
63315.97893952255,0.20725800096988678
63316.04582890575,0.20726999640464783
63316.112718288954,0.20727699995040894
63316.17960767215,0.2072950005531311
63316.246497055356,0.20728300511837006
63316.31338643855,0.20727699995040894
63316.38027582176,0.2073259949684143
63316.447165204954,0.2073259949684143
63316.51405458816,0.2073259949684143
63316.580943971356,0.20734499394893646
63316.64783335456,0.20735099911689758
63316.71472273776,0.20734499394893646
63316.78161212096,0.20735099911689758
63316.84850150416,0.20733800530433655
63316.91539088736,0.2073259949684143
63316.98228027056,0.2073570042848587
63317.049169653765,0.2073570042848587
63317.11605903696,0.20737600326538086
63317.182948420166,0.2073879987001419
63317.24983780336,0.2073879987001419
63317.31672718657,0.20739400386810303
63317.38361656977,0.2073879987001419
63317.45050595297,0.20739400386810303
63317.517395336174,0.2074189931154251
63317.58428471937,0.2074439972639084
63317.651174102575,0.20743100345134735
63317.71806348577,0.20742499828338623
63317.78495286898,0.20743100345134735
63317.851842252174,0.2074500024318695
63317.91873163538,0.2074439972639084
63317.985621018575,0.2074500024318695
63318.05251040178,0.20745599269866943
63318.11939978498,0.20746199786663055
63318.18628916818,0.2074500024318695
63318.25317855138,0.2074500024318695
63318.32006793458,0.2074500024318695
63318.38695731778,0.20746199786663055
63318.453846700984,0.20747500658035278
63318.52073608418,0.20746199786663055
63318.587625467386,0.2074500024318695
63318.65451485058,0.2074500024318695
63318.72140423379,0.2074809968471527
63318.788293616984,0.2074809968471527
63318.85518300019,0.2074809968471527
63318.922072383386,0.2074809968471527
63318.98896176659,0.2074809968471527
63319.05585114979,0.20746800303459167
63319.12274053299,0.2074500024318695
63319.18962991619,0.20747500658035278
63319.25651929939,0.20748700201511383
63319.32340868259,0.2075120061635971
63319.390298065795,0.2075120061635971
63319.45718744899,0.207506000995636
63319.5240768322,0.20752400159835815
63319.59096621539,0.2075430005788803
63319.6578555986,0.20751799643039703
63319.724744981795,0.2075120061635971
63319.791634365,0.20751799643039703
63319.8585237482,0.2075430005788803
63319.9254131314,0.2075430005788803
63319.9923025146,0.20752400159835815
63320.0591918978,0.2075430005788803
63320.126081281,0.20756100118160248
63320.192970664204,0.2075739949941635
63320.2598600474,0.2075739949941635
63320.326749430606,0.2075739949941635
63320.3936388138,0.2075739949941635
63320.46052819701,0.20758000016212463
63320.527417580204,0.20758000016212463
63320.59430696341,0.20758600533008575
63320.661196346606,0.2075739949941635
63320.72808572981,0.20758600533008575
63320.79497511301,0.2076050043106079
63320.86186449621,0.2075989991426468
63320.92875387941,0.2076050043106079
63320.99564326261,0.2076050043106079
63321.06253264581,0.20762300491333008
63321.129422029015,0.2076359987258911
63321.19631141221,0.2076050043106079
63321.263200795416,0.2076359987258911
63321.33009017861,0.2076359987258911
63321.39697956182,0.20764200389385223
63321.463868945015,0.20764200389385223
63321.53075832822,0.20762300491333008
63321.597647711416,0.2076610028743744
63321.66453709462,0.20766699314117432
63321.73142647782,0.20765499770641327
63321.79831586102,0.20764200389385223
63321.86520524422,0.20766699314117432
63321.932094627424,0.20766699314117432
63321.99898401062,0.20767299830913544
63322.065873393825,0.2076980024576187
63322.13276277702,0.2076980024576187
63322.19965216023,0.2076980024576187
63322.266541543424,0.2076980024576187
63322.33343092663,0.20770999789237976
63322.400320309825,0.2076980024576187
63322.46720969303,0.20771700143814087
63322.53409907623,0.20772899687290192
63322.60098845943,0.20772899687290192
63322.66787784263,0.20772899687290192
63322.73476722583,0.20772899687290192
63322.80165660903,0.20774799585342407
63322.868545992234,0.2077600061893463
63322.93543537543,0.2077600061893463
63323.002324758636,0.2077600061893463
63323.06921414183,0.2077600061893463
63323.13610352504,0.20776599645614624
63323.202992908235,0.2077600061893463
63323.26988229144,0.20777300000190735
63323.336771674636,0.20779100060462952
63323.40366105784,0.2077849954366684
63323.47055044104,0.20779100060462952
63323.53743982424,0.20779700577259064
63323.60432920744,0.20779700577259064
63323.67121859064,0.20782199501991272
63323.73810797384,0.20779700577259064
63323.804997357045,0.20782199501991272
63323.87188674024,0.20782199501991272
63323.93877612345,0.20783500373363495
63324.005665506644,0.20784099400043488
63324.07255488985,0.20784099400043488
63324.139444273045,0.20783500373363495
63324.20633365625,0.20785300433635712
63324.27322303945,0.20785300433635712
63324.34011242265,0.20785300433635712
63324.40700180585,0.2078779935836792
63324.47389118905,0.20787200331687927
63324.54078057226,0.20785999298095703
63324.607669955454,0.2078779935836792
63324.67455933866,0.20787200331687927
63324.741448721856,0.20785300433635712
63324.80833810506,0.20785300433635712
63324.87522748826,0.20787200331687927
63324.94211687146,0.2078779935836792
63325.00900625466,0.20785300433635712
63325.07589563786,0.20785999298095703
63325.14278502106,0.20785300433635712
63325.209674404265,0.20788399875164032
63325.27656378746,0.2078779935836792
63325.343453170666,0.20788399875164032
63325.41034255386,0.20787200331687927
63325.47723193707,0.2078779935836792
63325.544121320265,0.20789699256420135
63325.61101070347,0.2079090029001236
63325.677900086666,0.20792199671268463
63325.74478946987,0.20792199671268463
63325.81167885307,0.20792199671268463
63325.87856823627,0.20793400704860687
63325.94545761947,0.20792199671268463
63326.012347002674,0.20792199671268463
63326.07923638587,0.20795300602912903
63326.146125769075,0.2079470008611679
63326.21301515227,0.2079470008611679
63326.27990453548,0.2079470008611679
63326.346793918674,0.2079470008611679
63326.41368330188,0.2079470008611679
63326.480572685075,0.2079779952764511
63326.54746206828,0.20798400044441223
63326.61435145148,0.20796500146389008
63326.68124083468,0.20797200500965118
63326.74813021788,0.20799599587917328
63326.81501960108,0.2080090045928955
63326.88190898428,0.2080090045928955
63326.948798367484,0.2080399990081787
63327.01568775068,0.208065003156662
63327.082577133886,0.20805899798870087
63327.14946651708,0.2080399990081787
63327.21635590029,0.2080399990081787
63327.283245283485,0.2080399990081787
63327.35013466669,0.2080399990081787
63327.417024049886,0.20804600417613983
63327.48391343309,0.208065003156662
63327.55080281629,0.20805899798870087
63327.61769219949,0.208065003156662
63327.68458158269,0.20805899798870087
63327.75147096589,0.20805299282073975
63327.81836034909,0.208065003156662
63327.885249732295,0.20807099342346191
63327.95213911549,0.20807099342346191
63328.0190284987,0.20807099342346191
63328.085917881894,0.20807699859142303
63328.1528072651,0.20807699859142303
63328.219696648295,0.20807099342346191
63328.2865860315,0.2080959975719452
63328.3534754147,0.20808400213718414
63328.4203647979,0.2081020027399063
63328.4872541811,0.2081020027399063
63328.5541435643,0.2081020027399063
63328.6210329475,0.2081020027399063
63328.687922330704,0.20811499655246735
63328.7548117139,0.2081339955329895
63328.821701097106,0.2081339955329895
63328.8885904803,0.2081270068883896
63328.95547986351,0.2081020027399063
63329.022369246704,0.20810900628566742
63329.08925862991,0.2081339955329895
63329.156148013106,0.2081339955329895
63329.22303739631,0.20814000070095062
63329.28992677951,0.2081339955329895
63329.35681616271,0.2081339955329895
63329.42370554591,0.2081339955329895
63329.49059492911,0.2081339955329895
63329.55748431231,0.2081339955329895
63329.624373695515,0.20815199613571167
63329.69126307871,0.20815899968147278
63329.758152461916,0.20814600586891174
63329.82504184511,0.20814000070095062
63329.89193122832,0.2081339955329895
63329.958820611515,0.2081650048494339
63330.02570999472,0.20817099511623383
63330.09259937792,0.2081650048494339
63330.15948876112,0.20815899968147278
63330.22637814432,0.20817099511623383
63330.29326752752,0.20818999409675598
63330.36015691072,0.20820200443267822
63330.427046293924,0.2081959992647171
63330.49393567712,0.2081959992647171
63330.560825060325,0.20818999409675598
63330.62771444352,0.20817099511623383
63330.69460382673,0.20820200443267822
63330.761493209924,0.2082269936800003
63330.82838259313,0.20820799469947815
63330.895271976326,0.20820799469947815
63330.96216135953,0.2082269936800003
63331.02905074273,0.20820200443267822
63331.09594012593,0.2081959992647171
63331.16282950913,0.20821499824523926
63331.22971889233,0.2082269936800003
63331.29660827553,0.2082269936800003
63331.363497658735,0.20825199782848358
63331.43038704193,0.20824000239372253
63331.497276425136,0.2082580029964447
63331.56416580833,0.2082580029964447
63331.63105519154,0.2082580029964447
63331.69794457474,0.2082580029964447
63331.76483395794,0.20824599266052246
63331.83172334114,0.2082269936800003
63331.89861272434,0.2082580029964447
63331.965502107545,0.2082650065422058
63332.03239149074,0.2082899957895279
63332.09928087395,0.2082899957895279
63332.166170257144,0.2082899957895279
63332.23305964035,0.2082899957895279
63332.299949023545,0.2082899957895279
63332.36683840675,0.2082899957895279
63332.43372778995,0.208296000957489
63332.50061717315,0.20830200612545013
63332.56750655635,0.2083210051059723
63332.63439593955,0.2082899957895279
63332.70128532275,0.2082899957895279
63332.768174705954,0.20830799639225006
63332.83506408915,0.20830200612545013
63332.901953472356,0.2082899957895279
63332.96884285555,0.20831499993801117
63333.03573223876,0.20831499993801117
63333.102621621954,0.20832699537277222
63333.16951100516,0.2083210051059723
63333.236400388356,0.20832699537277222
63333.30328977156,0.2083210051059723
63333.37017915476,0.20832699537277222
63333.43706853796,0.2083210051059723
63333.50395792116,0.20834599435329437
63333.57084730436,0.2083519995212555
63333.63773668756,0.2083519995212555
63333.704626070765,0.20836499333381653
63333.77151545396,0.2083519995212555
63333.838404837166,0.2083519995212555
63333.90529422036,0.2083519995212555
63333.97218360357,0.20834599435329437
63334.039072986765,0.2083829939365387
63334.10596236997,0.20837700366973877
63334.17285175317,0.20839600265026093
63334.23974113637,0.20840799808502197
63334.30663051957,0.2083829939365387
63334.37351990277,0.2083829939365387
63334.44040928597,0.2083829939365387
63334.507298669174,0.20840199291706085
63334.57418805237,0.2083829939365387
63334.641077435575,0.2083829939365387
63334.70796681877,0.2083899974822998
63334.77485620198,0.20840199291706085
63334.841745585174,0.20841500163078308
63334.90863496838,0.20844000577926636
63334.975524351576,0.20844599604606628
63335.04241373478,0.2084520012140274
63335.10930311798,0.20847700536251068
63335.17619250118,0.20845800638198853
63335.24308188438,0.2084520012140274
63335.30997126758,0.20847100019454956
63335.37686065078,0.20844599604606628
63335.443750033985,0.20847700536251068
63335.51063941718,0.20847700536251068
63335.577528800386,0.2084829956293106
63335.64441818358,0.20848999917507172
63335.71130756679,0.20847700536251068
63335.778196949985,0.20847700536251068
63335.84508633319,0.20848999917507172
63335.911975716386,0.20850199460983276
63335.97886509959,0.20849600434303284
63336.04575448279,0.20850799977779388
63336.11264386599,0.20850799977779388
63336.17953324919,0.20850799977779388
63336.246422632394,0.20850799977779388
63336.31331201559,0.20848999917507172
63336.380201398795,0.20848999917507172
63336.44709078199,0.20852099359035492
63336.5139801652,0.20853300392627716
63336.580869548394,0.208515003323555
63336.6477589316,0.20852099359035492
63336.714648314795,0.20853999257087708
63336.781537698,0.20853999257087708
63336.8484270812,0.20853999257087708
63336.9153164644,0.20853999257087708
63336.9822058476,0.20859000086784363
63337.0490952308,0.20860199630260468
63337.115984614,0.20859000086784363
63337.182873997204,0.20856499671936035
63337.2497633804,0.20859000086784363
63337.316652763606,0.20862700045108795
63337.3835421468,0.20863400399684906
63337.45043153001,0.20862700045108795
63337.517320913204,0.20862700045108795
63337.58421029641,0.20860199630260468
63337.651099679606,0.20862099528312683
63337.71798906281,0.20863400399684906
63337.78487844601,0.2086150050163269
63337.85176782921,0.20860199630260468
63337.91865721241,0.20860199630260468
63337.98554659561,0.20860899984836578
63338.05243597881,0.20865200459957123
63338.119325362015,0.20867100358009338
63338.18621474521,0.20868399739265442
63338.25310412842,0.20867100358009338
63338.31999351161,0.2086780071258545
63338.38688289482,0.20866499841213226
63338.453772278015,0.2086780071258545
63338.52066166122,0.20869000256061554
63338.58755104442,0.20870299637317657
63338.65444042762,0.20869599282741547
63338.721329810825,0.20868399739265442
63338.78821919402,0.20869599282741547
63338.85510857723,0.20869599282741547
63338.921997960424,0.20872800052165985
63338.98888734363,0.20872800052165985
63339.055776726826,0.20874600112438202
63339.12266611003,0.20875899493694305
63339.18955549323,0.20875899493694305
63339.25644487643,0.20879000425338745
63339.32333425963,0.20876500010490417
63339.39022364283,0.2087399959564209
63339.45711302603,0.20875899493694305
63339.524002409235,0.20876500010490417
63339.59089179243,0.20877200365066528
63339.657781175636,0.2087779939174652
63339.72467055883,0.20875899493694305
63339.79155994204,0.20876500010490417
63339.858449325235,0.20876500010490417
63339.92533870844,0.20877200365066528
63339.992228091636,0.20879000425338745
63340.05911747484,0.20879699289798737
63340.12600685804,0.20879000425338745
63340.19289624124,0.20878399908542633
63340.25978562444,0.20879000425338745
63340.326675007644,0.20879699289798737
63340.39356439084,0.2088029980659485
63340.460453774045,0.20881499350070953
63340.52734315724,0.20882199704647064
63340.59423254045,0.20882199704647064
63340.661121923644,0.20882199704647064
63340.72801130685,0.2088409960269928
63340.794900690045,0.20885300636291504
63340.86179007325,0.20885899662971497
63340.92867945645,0.20886600017547607
63340.99556883965,0.20887799561023712
63341.06245822285,0.2088720053434372
63341.12934760605,0.20886600017547607
63341.19623698925,0.20888499915599823
63341.263126372454,0.20888499915599823
63341.33001575565,0.20888499915599823
63341.396905138856,0.20888499915599823
63341.46379452205,0.20889100432395935
63341.53068390526,0.20889699459075928
63341.597573288454,0.20888499915599823
63341.66446267166,0.20888499915599823
63341.731352054856,0.20888499915599823
63341.79824143806,0.20891599357128143
63341.86513082126,0.20892900228500366
63341.93202020446,0.20892199873924255
63341.99890958766,0.2089349925518036
63342.06579897086,0.2089349925518036
63342.13268835406,0.20894700288772583
63342.199577737265,0.20894700288772583
63342.26646712046,0.20894700288772583
63342.33335650367,0.20895400643348694
63342.40024588686,0.20896600186824799
63342.46713527007,0.20894700288772583
63342.534024653265,0.20894700288772583
63342.60091403647,0.20894700288772583
63342.66780341967,0.20894700288772583
63342.73469280287,0.2089349925518036
63342.80158218607,0.20894700288772583
63342.86847156927,0.20895400643348694
63342.93536095247,0.20894700288772583
63343.002250335674,0.2089720070362091
63343.06913971887,0.20895400643348694
63343.136029102076,0.2089720070362091
63343.20291848527,0.20898500084877014
63343.26980786848,0.2089720070362091
63343.336697251674,0.20896600186824799
63343.40358663488,0.20895999670028687
63343.470476018076,0.20894700288772583
63343.53736540128,0.2089409977197647
63343.60425478448,0.20895999670028687
63343.67114416768,0.2089720070362091
63343.73803355088,0.20897899568080902
63343.80492293408,0.20897899568080902
63343.87181231728,0.20901699364185333
63343.938701700485,0.20902299880981445
63344.00559108368,0.20901699364185333
63344.072480466886,0.2090039998292923
63344.13936985008,0.2090039998292923
63344.20625923329,0.2090039998292923
63344.273148616485,0.20901000499725342
63344.34003799969,0.20901000499725342
63344.406927382886,0.20901000499725342
63344.47381676609,0.20899100601673126
63344.54070614929,0.20902299880981445
63344.60759553249,0.20902299880981445
63344.67448491569,0.20901000499725342
63344.741374298894,0.20899100601673126
63344.80826368209,0.20898500084877014
63344.875153065295,0.20901000499725342
63344.94204244849,0.20901699364185333
63345.0089318317,0.20902299880981445
63345.075821214894,0.20902900397777557
63345.1427105981,0.2090419977903366
63345.209599981295,0.2090349942445755
63345.2764893645,0.2090419977903366
63345.3433787477,0.2090419977903366
63345.4102681309,0.2090419977903366
63345.4771575141,0.20904800295829773
63345.5440468973,0.20904800295829773
63345.6109362805,0.20905399322509766
63345.677825663704,0.20905399322509766
63345.7447150469,0.20905399322509766
63345.811604430106,0.20906700193881989
63345.8784938133,0.209073007106781
63345.94538319651,0.2090979963541031
63346.01227257971,0.20908600091934204
63346.07916196291,0.209073007106781
63346.14605134611,0.20908600091934204
63346.21294072931,0.209073007106781
63346.279830112515,0.209073007106781
63346.34671949571,0.209073007106781
63346.41360887892,0.20906700193881989
63346.48049826211,0.20907899737358093
63346.54738764532,0.20907899737358093
63346.614277028515,0.20907899737358093
63346.68116641172,0.209073007106781
63346.74805579492,0.209073007106781
63346.81494517812,0.209073007106781
63346.88183456132,0.20907899737358093
63346.94872394452,0.20907899737358093
63347.01561332772,0.2091049998998642
63347.082502710924,0.209073007106781
63347.14939209412,0.20908600091934204
63347.216281477326,0.2091049998998642
63347.28317086052,0.2091049998998642
63347.35006024373,0.2091049998998642
63347.416949626924,0.20908600091934204
63347.48383901013,0.209073007106781
63347.550728393326,0.2090979963541031
63347.61761777653,0.2091049998998642
63347.68450715973,0.2091049998998642
63347.75139654293,0.2090979963541031
63347.81828592613,0.2091049998998642
63347.88517530933,0.2091049998998642
63347.95206469253,0.20911100506782532
63348.018954075735,0.2091359943151474
63348.08584345893,0.20913000404834747
63348.152732842136,0.2091049998998642
63348.21962222533,0.20911100506782532
63348.28651160854,0.2091359943151474
63348.353400991735,0.2091359943151474
63348.42029037494,0.2091359943151474
63348.487179758136,0.20914900302886963
63348.55406914134,0.2091359943151474
63348.62095852454,0.20913000404834747
63348.68784790774,0.2091359943151474
63348.75473729094,0.20915499329566956
63348.821626674144,0.20918600261211395
63348.88851605734,0.20918600261211395
63348.955405440545,0.2091740071773529
63349.02229482374,0.20918600261211395
63349.08918420695,0.209198996424675
63349.156073590144,0.209198996424675
63349.22296297335,0.209198996424675
63349.289852356545,0.20918600261211395
63349.35674173975,0.2092050015926361
63349.42363112295,0.20921799540519714
63349.49052050615,0.20921799540519714
63349.55740988935,0.2092050015926361
63349.62429927255,0.20918600261211395
63349.69118865575,0.20919300615787506
63349.758078038954,0.209198996424675
63349.82496742215,0.209198996424675
63349.891856805356,0.20919300615787506
63349.95874618855,0.209198996424675
63350.02563557176,0.209198996424675
63350.092524954955,0.209198996424675
63350.15941433816,0.20921200513839722
63350.226303721356,0.209198996424675
63350.29319310456,0.20921200513839722
63350.36008248776,0.20921200513839722
63350.42697187096,0.20921200513839722
63350.49386125416,0.209198996424675
63350.56075063736,0.20921200513839722
63350.62764002056,0.2092050015926361
63350.694529403765,0.20921799540519714
63350.76141878696,0.2092050015926361
63350.82830817017,0.20921799540519714
63350.895197553364,0.20923100411891937
63350.96208693657,0.2092369943857193
63351.028976319765,0.20924900472164154
63351.09586570297,0.20923100411891937
63351.16275508617,0.20923100411891937
63351.22964446937,0.20924299955368042
63351.29653385257,0.20923100411891937
63351.36342323577,0.20923100411891937
63351.43031261897,0.20923100411891937
63351.497202002174,0.20926199853420258
63351.56409138537,0.20925599336624146
63351.630980768576,0.20926199853420258
63351.69787015177,0.20926199853420258
63351.76475953498,0.2092680037021637
63351.831648918174,0.20926199853420258
63351.89853830138,0.20928700268268585
63351.965427684576,0.20928099751472473
63352.03231706778,0.20928099751472473
63352.09920645098,0.20929400622844696
63352.16609583418,0.20929400622844696
63352.23298521738,0.20929400622844696
63352.29987460058,0.20929400622844696
63352.36676398378,0.20928099751472473
63352.433653366985,0.20928099751472473
63352.50054275018,0.2092999964952469
63352.567432133386,0.20932500064373016
63352.63432151658,0.20931200683116913
63352.70121089979,0.2092999964952469
63352.768100282985,0.20929400622844696
63352.83498966619,0.20929400622844696
63352.90187904939,0.20928700268268585
63352.96876843259,0.20929400622844696
63353.035657815795,0.20931200683116913
63353.10254719899,0.20931899547576904
63353.1694365822,0.20932500064373016
63353.236325965394,0.20931899547576904
63353.3032153486,0.20931899547576904
63353.370104731795,0.20931899547576904
63353.436994115,0.20935000479221344
63353.5038834982,0.20934399962425232
63353.5707728814,0.20932500064373016
63353.6376622646,0.2093379944562912
63353.7045516478,0.20935000479221344
63353.771441031,0.20935699343681335
63353.838330414204,0.20935699343681335
63353.9052197974,0.20935699343681335
63353.972109180606,0.20935699343681335
63354.0389985638,0.20935000479221344
63354.10588794701,0.20935699343681335
63354.172777330205,0.20938800275325775
63354.23966671341,0.20938199758529663
63354.306556096606,0.2094070017337799
63354.37344547981,0.20941999554634094
63354.44033486301,0.20941300690174103
63354.50722424621,0.20938800275325775
63354.57411362941,0.20938800275325775
63354.64100301261,0.20938800275325775
63354.70789239581,0.2094009965658188
63354.774781779015,0.20938800275325775
63354.84167116221,0.20938800275325775
63354.90856054542,0.20941300690174103
63354.975449928614,0.20941999554634094
63355.04233931182,0.2094070017337799
63355.109228695015,0.20941300690174103
63355.17611807822,0.20944499969482422
63355.24300746142,0.20944499969482422
63355.30989684462,0.20945100486278534
63355.37678622782,0.2094389945268631
63355.44367561102,0.20945799350738525
63355.51056499422,0.20945799350738525
63355.577454377424,0.20943200588226318
63355.64434376062,0.20943200588226318
63355.711233143826,0.20944499969482422
63355.77812252702,0.20945100486278534
63355.84501191023,0.2094700038433075
63355.911901293424,0.20948299765586853
63355.97879067663,0.20948299765586853
63356.045680059826,0.2094770073890686
63356.11256944303,0.20945100486278534
63356.17945882623,0.20948299765586853
63356.24634820943,0.20949600636959076
63356.31323759263,0.20948299765586853
63356.38012697583,0.20948299765586853
63356.44701635903,0.20948299765586853
63356.513905742235,0.20946399867534637
63356.58079512543,0.20948299765586853
63356.647684508636,0.2094770073890686
63356.71457389183,0.20948299765586853
63356.78146327504,0.20948299765586853
63356.848352658235,0.20948299765586853
63356.91524204144,0.2095080018043518
63356.98213142464,0.20948900282382965
63357.04902080784,0.20948900282382965
63357.11591019104,0.20951400697231293
63357.18279957424,0.20949600636959076
63357.24968895744,0.20951400697231293
63357.316578340644,0.20951400697231293
63357.38346772384,0.20954599976539612
63357.450357107045,0.20952099561691284
63357.51724649024,0.20951400697231293
63357.58413587345,0.20952099561691284
63357.651025256644,0.20952099561691284
63357.71791463985,0.209539994597435
63357.784804023046,0.20952700078487396
63357.85169340625,0.209539994597435
63357.91858278945,0.20954599976539612
63357.98547217265,0.20953300595283508
63358.05236155585,0.20954599976539612
63358.11925093905,0.20954599976539612
63358.18614032225,0.20955200493335724
63358.253029705455,0.20955200493335724
63358.31991908865,0.2095779925584793
63358.386808471856,0.2095779925584793
63358.45369785505,0.20955200493335724
63358.52058723826,0.20954599976539612
63358.587476621455,0.20955899357795715
63358.65436600466,0.2095779925584793
63358.721255387856,0.2095710039138794
63358.78814477106,0.20960299670696259
63358.85503415426,0.2096090018749237
63358.92192353746,0.2095779925584793
63358.98881292066,0.20960299670696259
63359.055702303864,0.2096090018749237
63359.12259168706,0.20960299670696259
63359.189481070265,0.20960299670696259
63359.25637045346,0.2096090018749237
63359.32325983667,0.20959700644016266
63359.390149219864,0.20962199568748474
63359.45703860307,0.2096090018749237
63359.523927986265,0.20962199568748474
63359.59081736947,0.20961600542068481
63359.65770675267,0.20961600542068481
63359.72459613587,0.2096409946680069
63359.79148551907,0.2096409946680069
63359.85837490227,0.2096090018749237
63359.92526428547,0.20962800085544586
63359.992153668674,0.20963500440120697
63360.05904305188,0.2096409946680069
63360.125932435076,0.2096409946680069
63360.19282181828,0.2096409946680069
63360.25971120148,0.20964699983596802
63360.32660058468,0.2096409946680069
63360.39348996788,0.20966599881649017
63360.46037935108,0.20966599881649017
63360.52726873428,0.20967300236225128
63360.594158117485,0.20967300236225128
63360.66104750068,0.20967300236225128
63360.727936883886,0.20967300236225128
63360.79482626708,0.20967300236225128
63360.86171565029,0.20969800651073456
63360.928605033485,0.20970399677753448
63360.99549441669,0.20970399677753448
63361.06238379989,0.20970399677753448
63361.12927318309,0.2097170054912567
63361.19616256629,0.20970399677753448
63361.26305194949,0.20970399677753448
63361.32994133269,0.20972299575805664
63361.396830715894,0.2097489982843399
63361.46372009909,0.20975500345230103
63361.530609482295,0.2097489982843399
63361.59749886549,0.20973600447177887
63361.6643882487,0.20973600447177887
63361.731277631894,0.20973600447177887
63361.7981670151,0.20973600447177887
63361.865056398296,0.20973600447177887
63361.9319457815,0.2097419947385788
63361.9988351647,0.20976799726486206
63362.0657245479,0.20977400243282318
63362.1326139311,0.20978699624538422
63362.1995033143,0.20979900658130646
63362.2663926975,0.20977400243282318
63362.333282080705,0.2097419947385788
63362.4001714639,0.20976799726486206
63362.467060847106,0.20975500345230103
63362.5339502303,0.20973600447177887
63362.60083961351,0.20972999930381775
63362.667728996705,0.20972999930381775
63362.73461837991,0.20970399677753448
63362.801507763106,0.20972999930381775
63362.86839714631,0.20973600447177887
63362.93528652951,0.20973600447177887
63363.00217591271,0.20976099371910095
63363.06906529591,0.2097489982843399
63363.135954679114,0.20975500345230103
63363.20284406231,0.2097489982843399
63363.269733445515,0.20976099371910095
63363.33662282871,0.20976099371910095
63363.40351221192,0.20976799726486206
63363.470401595114,0.20976099371910095
63363.53729097832,0.20976799726486206
63363.604180361515,0.20975500345230103
63363.67106974472,0.2097419947385788
63363.73795912792,0.2097419947385788
63363.80484851112,0.20975500345230103
63363.87173789432,0.20978699624538422
63363.93862727752,0.20979900658130646
63364.00551666072,0.20978699624538422
63364.072406043924,0.20979900658130646
63364.13929542712,0.2098180055618286
63364.206184810326,0.20979900658130646
63364.27307419352,0.20980599522590637
63364.33996357673,0.2098120003938675
63364.406852959924,0.2098120003938675
63364.47374234313,0.2098120003938675
63364.540631726326,0.20979900658130646
63364.60752110953,0.2098180055618286
63364.67441049273,0.2098499983549118
63364.74129987593,0.20983700454235077
63364.80818925913,0.20983099937438965
63364.87507864233,0.20983099937438965
63364.94196802553,0.20982499420642853
63365.008857408735,0.20987500250339508
63365.07574679193,0.20986899733543396
63365.14263617514,0.20985600352287292
63365.20952555833,0.20983099937438965
63365.27641494154,0.20983099937438965
63365.343304324735,0.20983099937438965
63365.41019370794,0.20983700454235077
63365.47708309114,0.20986300706863403
63365.54397247434,0.20984399318695068
63365.61086185754,0.20983700454235077
63365.67775124074,0.2097799926996231
63365.74464062394,0.20976799726486206
63365.811530007144,0.20975500345230103
63365.87841939034,0.20978699624538422
63365.945308773546,0.2097489982843399
63366.01219815674,0.20976099371910095
63366.07908753995,0.2098120003938675
63366.145976923144,0.20980599522590637
63366.21286630635,0.20980599522590637
63366.279755689546,0.2098180055618286
63366.34664507275,0.2098120003938675
63366.41353445595,0.20979900658130646
63366.48042383915,0.20979900658130646
63366.54731322235,0.20980599522590637
63366.61420260555,0.2098120003938675
63366.68109198875,0.20983099937438965
63366.747981371955,0.2098499983549118
63366.81487075515,0.20984399318695068
63366.881760138356,0.2098499983549118
63366.94864952155,0.20984399318695068
63367.01553890476,0.20986899733543396
63367.08242828796,0.2098820060491562
63367.14931767116,0.20987500250339508
63367.216207054356,0.20986300706863403
63367.28309643756,0.20986300706863403
63367.349985820765,0.20986899733543396
63367.41687520396,0.2098499983549118
63367.48376458717,0.2098499983549118
63367.550653970364,0.20973600447177887
63367.61754335357,0.20942600071430206
63367.684432736765,0.20944499969482422
63367.75132211997,0.20948299765586853
63367.81821150317,0.20952700078487396
63367.88510088637,0.20966599881649017
63367.95199026957,0.20973600447177887
63368.01887965277,0.2097170054912567
63368.08576903597,0.20972999930381775
63368.152658419174,0.20976799726486206
63368.21954780237,0.2097799926996231
63368.286437185576,0.20979900658130646
63368.35332656877,0.2098180055618286
63368.42021595198,0.20983700454235077
63368.487105335174,0.20986300706863403
63368.55399471838,0.20987500250339508
63368.620884101576,0.20986899733543396
63368.68777348478,0.20990100502967834
63368.75466286798,0.20990100502967834
63368.82155225118,0.20988799631595612
63368.88844163438,0.20989400148391724
63368.95533101758,0.20990100502967834
63369.02222040078,0.2099200040102005
63369.089109783985,0.20992599427700043
63369.15599916718,0.20992599427700043
63369.22288855039,0.20993900299072266
63369.28977793358,0.2099580019712448
63369.35666731679,0.20996400713920593
63369.423556699985,0.2099580019712448
63369.49044608319,0.2099580019712448
63369.55733546639,0.2099580019712448
63369.62422484959,0.20997700095176697
63369.69111423279,0.20998899638652802
63369.75800361599,0.20999599993228912
63369.82489299919,0.2100210040807724
63369.891782382394,0.21000799536705017
63369.95867176559,0.2100210040807724
63370.025561148796,0.21004000306129456
63370.09245053199,0.21004700660705566
63370.1593399152,0.21004000306129456
63370.226229298394,0.21006600558757782
63370.2931186816,0.21008500456809998
63370.360008064796,0.21008500456809998
63370.426897448,0.21007800102233887
63370.4937868312,0.2100909948348999
63370.5606762144,0.21010999381542206
63370.6275655976,0.21009700000286102
63370.6944549808,0.2100909948348999
63370.761344364,0.21010400354862213
63370.828233747205,0.21011599898338318
63370.8951231304,0.21011599898338318
63370.962012513606,0.2101230025291443
63371.0289018968,0.2101230025291443
63371.09579128001,0.21014800667762756
63371.162680663205,0.2101610004901886
63371.22957004641,0.21017999947071075
63371.296459429606,0.21017999947071075
63371.36334881281,0.21017999947071075
63371.43023819601,0.21017999947071075
63371.49712757921,0.21018600463867188
63371.56401696241,0.21021200716495514
63371.630906345614,0.21021200716495514
63371.69779572881,0.21021200716495514
63371.764685112015,0.21021200716495514
63371.83157449521,0.2102310061454773
63371.89846387842,0.21023699641227722
63371.965353261614,0.21023699641227722
63372.03224264482,0.21026299893856049
63372.099132028015,0.21027499437332153
63372.16602141122,0.21027499437332153
63372.23291079442,0.21028199791908264
63372.29980017762,0.21028199791908264
63372.36668956082,0.21028800308704376
63372.43357894402,0.21030700206756592
63372.50046832722,0.2103009968996048
63372.567357710424,0.21028800308704376
63372.63424709362,0.21028199791908264
63372.701136476826,0.21028800308704376
63372.76802586002,0.21030700206756592
63372.83491524323,0.21028800308704376
63372.901804626425,0.21027499437332153
63372.96869400963,0.21030700206756592
63373.035583392826,0.21031400561332703
63373.10247277603,0.21030700206756592
63373.16936215923,0.21031400561332703
63373.23625154243,0.21033300459384918
63373.30314092563,0.21032600104808807
63373.37003030883,0.2103389948606491
63373.43691969203,0.2103389948606491
63373.503809075235,0.2103389948606491
63373.57069845843,0.21034599840641022
63373.63758784164,0.21031400561332703
63373.704477224834,0.21030700206756592
63373.77136660804,0.2103389948606491
63373.838255991235,0.2103389948606491
63373.90514537444,0.21035799384117126
63373.97203475764,0.21033300459384918
63374.03892414084,0.21030700206756592
63374.10581352404,0.21033300459384918
63374.17270290724,0.21034599840641022
63374.23959229044,0.2103389948606491
63374.306481673644,0.21033300459384918
63374.37337105685,0.21034599840641022
63374.440260440046,0.2103710025548935
63374.50714982325,0.21037699282169342
63374.57403920645,0.21040299534797668
63374.64092858965,0.21040299534797668
63374.70781797285,0.21039600670337677
63374.77470735605,0.21040299534797668
63374.84159673925,0.21040299534797668
63374.908486122455,0.21040299534797668
63374.97537550565,0.21039000153541565
63375.042264888856,0.21042199432849884
63375.10915427205,0.21040299534797668
63375.17604365526,0.21040299534797668
63375.242933038455,0.2104160040616989
63375.30982242166,0.21042799949645996
63375.376711804856,0.21043500304222107
63375.44360118806,0.21043500304222107
63375.51049057126,0.210440993309021
63375.57737995446,0.21043500304222107
63375.64426933766,0.210440993309021
63375.711158720864,0.210440993309021
63375.77804810406,0.21046699583530426
63375.844937487265,0.2104790061712265
63375.91182687046,0.21046000719070435
63375.97871625367,0.21046000719070435
63376.045605636864,0.2104790061712265
63376.11249502007,0.21049800515174866
63376.179384403265,0.21048599481582642
63376.24627378647,0.21047300100326538
63376.31316316967,0.21048599481582642
63376.38005255287,0.21050499379634857
63376.44694193607,0.21049800515174866
63376.51383131927,0.21049800515174866
63376.58072070247,0.21052399277687073
63376.647610085674,0.21054300665855408
63376.71449946887,0.21056200563907623
63376.781388852076,0.2105560004711151
63376.84827823527,0.21056200563907623
63376.91516761848,0.21053700149059296
63376.982057001675,0.21056200563907623
63377.04894638488,0.21056200563907623
63377.115835768076,0.2105879932641983
63377.18272515128,0.2105879932641983
63377.24961453448,0.21059399843215942
63377.31650391768,0.21056899428367615
63377.38339330088,0.21057499945163727
63377.45028268408,0.21057499945163727
63377.51717206728,0.21056200563907623
63377.584061450485,0.2105810046195984
63377.65095083368,0.2105879932641983
63377.71784021689,0.21057499945163727
63377.784729600084,0.21059399843215942
63377.85161898329,0.21059399843215942
63377.918508366485,0.21060700714588165
63377.98539774969,0.2106260061264038
63378.05228713289,0.2106260061264038
63378.11917651609,0.2106260061264038
63378.18606589929,0.21063299477100372
63378.25295528249,0.21065199375152588
63378.31984466569,0.210657998919487
63378.386734048894,0.21067099273204803
63378.45362343209,0.21066400408744812
63378.520512815296,0.210657998919487
63378.58740219849,0.21066400408744812
63378.6542915817,0.210657998919487
63378.721180964894,0.21066400408744812
63378.7880703481,0.21069000661373138
63378.854959731296,0.21068400144577026
63378.9218491145,0.21069000661373138
63378.9887384977,0.21070300042629242
63379.0556278809,0.21072199940681458
63379.1225172641,0.21069000661373138
63379.1894066473,0.21069000661373138
63379.2562960305,0.21069000661373138
63379.323185413705,0.21070300042629242
63379.3900747969,0.21070900559425354
63379.456964180106,0.2106959968805313
63379.5238535633,0.21069000661373138
63379.59074294651,0.21070300042629242
63379.657632329705,0.2107349932193756
63379.72452171291,0.21075400710105896
63379.79141109611,0.21076700091362
63379.85830047931,0.21078599989414215
63379.92518986251,0.21078599989414215
63379.99207924571,0.21078599989414215
63380.05896862891,0.21078599989414215
63380.125858012114,0.21079899370670319
63380.19274739531,0.21078599989414215
63380.259636778515,0.21078599989414215
63380.32652616171,0.21078599989414215
63380.39341554492,0.21078599989414215
63380.460304928114,0.21077899634838104
63380.52719431132,0.21077300608158112
63380.594083694516,0.21075400710105896
63380.66097307772,0.21077899634838104
63380.72786246092,0.21075400710105896
63380.79475184412,0.21077300608158112
63380.86164122732,0.21077899634838104
63380.92853061052,0.21078599989414215
63380.99541999372,0.21078599989414215
63381.062309376925,0.21078599989414215
63381.12919876012,0.2108049988746643
63381.196088143326,0.21081799268722534
63381.26297752652,0.21081799268722534
63381.32986690973,0.21083100140094757
63381.39675629293,0.21081799268722534
63381.46364567613,0.21081799268722534
63381.530535059326,0.21083100140094757
63381.59742444253,0.21083100140094757
63381.664313825735,0.21083100140094757
63381.73120320893,0.21083100140094757
63381.79809259214,0.21081799268722534
63381.864981975334,0.21083100140094757
63381.93187135854,0.21083100140094757
63381.998760741735,0.21081799268722534
63382.06565012494,0.21083100140094757
63382.13253950814,0.21084299683570862
63382.19942889134,0.21085600554943085
63382.26631827454,0.21086299419403076
63382.33320765774,0.21088199317455292
63382.40009704094,0.21086899936199188
63382.466986424144,0.21086899936199188
63382.53387580734,0.21085600554943085
63382.600765190546,0.21085000038146973
63382.66765457374,0.21086899936199188
63382.73454395695,0.21086899936199188
63382.801433340144,0.210875004529953
63382.86832272335,0.21088199317455292
63382.935212106546,0.21088199317455292
63383.00210148975,0.210875004529953
63383.06899087295,0.210875004529953
63383.13588025615,0.21088199317455292
63383.20276963935,0.21088199317455292
63383.26965902255,0.21088199317455292
63383.33654840575,0.21088799834251404
63383.403437788955,0.21088199317455292
63383.47032717215,0.210875004529953
63383.537216555356,0.21085000038146973
63383.60410593855,0.210875004529953
63383.67099532176,0.2109069973230362
63383.737884704955,0.2109140008687973
63383.80477408816,0.21093299984931946
63383.87166347136,0.21093900501728058
63383.93855285456,0.21095900237560272
63384.00544223776,0.21097800135612488
63384.07233162096,0.21097800135612488
63384.13922100416,0.21097800135612488
63384.206110387364,0.21095900237560272
63384.27299977056,0.21092699468135834
63384.339889153765,0.21092000603675842
63384.40677853696,0.21093299984931946
63384.47366792017,0.21092000603675842
63384.540557303364,0.21092000603675842
63384.60744668657,0.2109140008687973
63384.674336069766,0.2109140008687973
63384.74122545297,0.21093299984931946
63384.80811483617,0.21093900501728058
63384.87500421937,0.2109459936618805
63384.94189360257,0.2109519988298416
63385.00878298577,0.2109459936618805
63385.07567236897,0.2109459936618805
63385.142561752175,0.21092000603675842
63385.20945113537,0.21092000603675842
63385.276340518576,0.21093900501728058
63385.34322990177,0.2109459936618805
63385.41011928498,0.2109459936618805
63385.477008668175,0.2109519988298416
63385.54389805138,0.21093900501728058
63385.610787434576,0.2109459936618805
63385.67767681778,0.2109459936618805
63385.74456620098,0.2109459936618805
63385.81145558418,0.21097800135612488
63385.87834496738,0.2109519988298416
63385.94523435058,0.21096499264240265
63386.01212373378,0.21097800135612488
63386.079013116985,0.21097099781036377
63386.14590250018,0.21100400388240814
63386.21279188339,0.21100999414920807
63386.279681266584,0.21099700033664703
63386.34657064979,0.2109909951686859
63386.413460032985,0.21097800135612488
63386.48034941619,0.210984006524086
63386.54723879939,0.21100400388240814
63386.61412818259,0.2110159993171692
63386.68101756579,0.21100999414920807
63386.74790694899,0.21100999414920807
63386.81479633219,0.21100999414920807
63386.881685715394,0.21100999414920807
63386.94857509859,0.21104200184345245
63387.015464481796,0.21103599667549133
63387.08235386499,0.21100999414920807
63387.1492432482,0.21102899312973022
63387.216132631394,0.21104200184345245
63387.2830220146,0.2110230028629303
63387.349911397796,0.2110159993171692
63387.416800781,0.21103599667549133
63387.4836901642,0.21104200184345245
63387.5505795474,0.21104200184345245
63387.6174689306,0.21104800701141357
63387.6843583138,0.21104200184345245
63387.751247697,0.21104200184345245
63387.818137080205,0.21107399463653564
63387.8850264634,0.2110549956560135
63387.95191584661,0.21106800436973572
63388.0188052298,0.21107399463653564
63388.08569461301,0.21107399463653564
63388.152583996205,0.21107399463653564
63388.21947337941,0.2110549956560135
63388.28636276261,0.2110610008239746
63388.35325214581,0.21106800436973572
63388.42014152901,0.21110600233078003
63388.48703091221,0.21110600233078003
63388.55392029541,0.21113799512386322
63388.620809678614,0.21111300587654114
63388.68769906182,0.21112500131130219
63388.754588445016,0.21114499866962433
63388.82147782822,0.21115699410438538
63388.88836721142,0.2111700028181076
63388.95525659462,0.21116399765014648
63389.02214597782,0.21113799512386322
63389.08903536102,0.21116399765014648
63389.15592474422,0.2111700028181076
63389.222814127424,0.21114499866962433
63389.28970351062,0.21113799512386322
63389.356592893826,0.21113799512386322
63389.42348227702,0.21113799512386322
63389.49037166023,0.21114499866962433
63389.557261043425,0.21114499866962433
63389.62415042663,0.21114499866962433
63389.691039809826,0.21116399765014648
63389.75792919303,0.21119000017642975
63389.82481857623,0.21118299663066864
63389.89170795943,0.2111700028181076
63389.95859734263,0.21115699410438538
63390.02548672583,0.2111700028181076
63390.09237610903,0.21116399765014648
63390.159265492235,0.21116399765014648
63390.22615487543,0.21115100383758545
63390.29304425864,0.21113799512386322
63390.359933641834,0.21115100383758545
63390.42682302504,0.2111770063638687
63390.493712408235,0.2111770063638687
63390.56060179144,0.21119000017642975
63390.62749117464,0.2112019956111908
63390.69438055784,0.21119600534439087
63390.76126994104,0.2111770063638687
63390.82815932424,0.21119000017642975
63390.89504870744,0.21115699410438538
63390.961938090644,0.21115699410438538
63391.02882747384,0.2111770063638687
63391.095716857046,0.21118299663066864
63391.16260624024,0.2112019956111908
63391.22949562345,0.2112019956111908
63391.296385006644,0.21119600534439087
63391.36327438985,0.2112019956111908
63391.430163773046,0.21118299663066864
63391.49705315625,0.2112019956111908
63391.56394253945,0.2112019956111908
63391.63083192265,0.2112019956111908
63391.69772130585,0.21122199296951294
63391.76461068905,0.21121500432491302
63391.83150007225,0.2112019956111908
63391.898389455455,0.2112019956111908
63391.96527883865,0.2112089991569519
63392.03216822186,0.21122199296951294
63392.09905760505,0.2112019956111908
63392.16594698826,0.21122799813747406
63392.232836371455,0.21123500168323517
63392.29972575466,0.21123500168323517
63392.36661513786,0.21122799813747406
63392.43350452106,0.21122799813747406
63392.50039390426,0.21121500432491302
63392.56728328746,0.21122799813747406
63392.63417267066,0.21122799813747406
63392.701062053864,0.2112089991569519
63392.76795143706,0.2112089991569519
63392.834840820266,0.21122199296951294
63392.90173020346,0.21124699711799622
63392.96861958667,0.21123500168323517
63393.035508969864,0.21122799813747406
63393.10239835307,0.21122799813747406
63393.169287736266,0.21122799813747406
63393.23617711947,0.21123500168323517
63393.30306650267,0.21126000583171844
63393.36995588587,0.2112410068511963
63393.43684526907,0.21126000583171844
63393.50373465227,0.21126699447631836
63393.57062403547,0.21126699447631836
63393.637513418675,0.21126699447631836
63393.70440280187,0.21126000583171844
63393.771292185076,0.21126699447631836
63393.83818156827,0.21126000583171844
63393.90507095148,0.21126000583171844
63393.971960334675,0.21126699447631836
63394.03884971788,0.21126699447631836
63394.105739101076,0.21126699447631836
63394.17262848428,0.21129199862480164
63394.23951786748,0.21127299964427948
63394.30640725068,0.21128599345684052
63394.37329663388,0.21129900217056274
63394.440186017084,0.21129900217056274
63394.50707540028,0.21129900217056274
63394.573964783485,0.21129900217056274
63394.64085416668,0.21129900217056274
63394.70774354989,0.21129900217056274
63394.774632933084,0.2113180011510849
63394.84152231629,0.2113180011510849
63394.908411699485,0.21130500733852386
63394.97530108269,0.21130500733852386
63395.04219046589,0.2113180011510849
63395.10907984909,0.21133099496364594
63395.17596923229,0.21133700013160706
63395.24285861549,0.21133099496364594
63395.30974799869,0.21133099496364594
63395.376637381894,0.21133700013160706
63395.44352676509,0.21136300265789032
63395.510416148296,0.2113949954509735
63395.57730553149,0.21141399443149567
63395.6441949147,0.2114270031452179
63395.7110842979,0.21140199899673462
63395.7779736811,0.21136899292469025
63395.8448630643,0.21138200163841248
63395.9117524475,0.2113949954509735
63395.978641830705,0.21137599647045135
63396.0455312139,0.21136899292469025
63396.11242059711,0.21134400367736816
63396.1793099803,0.21136300265789032
63396.24619936351,0.21133700013160706
63396.313088746705,0.21133099496364594
63396.37997812991,0.21133700013160706
63396.44686751311,0.2113499939441681
63396.51375689631,0.21136300265789032
63396.58064627951,0.21136899292469025
63396.64753566271,0.21136300265789032
63396.71442504591,0.21136300265789032
63396.781314429114,0.2113949954509735
63396.84820381231,0.2113949954509735
63396.915093195516,0.21138200163841248
63396.98198257871,0.21136300265789032
63397.04887196192,0.21136300265789032
63397.115761345114,0.21140199899673462
63397.18265072832,0.2113949954509735
63397.249540111516,0.2113949954509735
63397.31642949472,0.21142099797725677
63397.38331887792,0.21141399443149567
63397.45020826112,0.21140800416469574
63397.51709764432,0.21141399443149567
63397.58398702752,0.21142099797725677
63397.65087641072,0.21140199899673462
63397.717765793925,0.21142099797725677
63397.78465517712,0.211434006690979
63397.851544560326,0.21142099797725677
63397.91843394352,0.2114270031452179
63397.98532332673,0.21142099797725677
63398.052212709925,0.2114270031452179
63398.11910209313,0.2114270031452179
63398.185991476326,0.21145300567150116
63398.25288085953,0.21144700050354004
63398.31977024273,0.21147899329662323
63398.38665962593,0.21149800717830658
63398.45354900913,0.21149200201034546
63398.520438392334,0.21149200201034546
63398.58732777553,0.21149200201034546
63398.654217158735,0.21148499846458435
63398.72110654193,0.21147200465202332
63398.78799592514,0.21149200201034546
63398.854885308334,0.21149200201034546
63398.92177469154,0.21148499846458435
63398.988664074735,0.21149200201034546
63399.05555345794,0.21149200201034546
63399.12244284114,0.21147899329662323
63399.18933222434,0.2114659994840622
63399.25622160754,0.21145300567150116
63399.32311099074,0.21145300567150116
63399.39000037394,0.21145999431610107
63399.456889757144,0.21145999431610107
63399.52377914034,0.21144700050354004
63399.590668523546,0.21145300567150116
63399.65755790674,0.21145999431610107
63399.72444728995,0.21145999431610107
63399.791336673145,0.2114659994840622
63399.85822605635,0.2114659994840622
63399.925115439546,0.21147200465202332
63399.99200482275,0.21148499846458435
63400.05889420595,0.21147899329662323
63400.12578358915,0.21149200201034546
63400.19267297235,0.21148499846458435
63400.25956235555,0.21149200201034546
63400.32645173875,0.21148499846458435
63400.393341121955,0.21151100099086761
63400.46023050515,0.21152399480342865
63400.52711988836,0.21152399480342865
63400.594009271554,0.21152399480342865
63400.66089865476,0.21152399480342865
63400.727788037955,0.21152399480342865
63400.79467742116,0.21152999997138977
63400.86156680436,0.2115049958229065
63400.92845618756,0.21152399480342865
63400.99534557076,0.21152399480342865
63401.06223495396,0.21152399480342865
63401.12912433716,0.21152399480342865
63401.196013720364,0.21152399480342865
63401.26290310356,0.2115429937839508
63401.329792486766,0.21152999997138977
63401.39668186996,0.21154999732971191
63401.46357125317,0.21156300604343414
63401.530460636364,0.21156899631023407
63401.59735001957,0.21158799529075623
63401.664239402766,0.21160100400447845
63401.73112878597,0.21158799529075623
63401.79801816917,0.21156899631023407
63401.86490755237,0.2115820050239563
63401.93179693557,0.2115750014781952
63401.99868631877,0.21156899631023407
63402.06557570197,0.21156300604343414
63402.132465085175,0.21158799529075623
63402.19935446837,0.2116139978170395
63402.266243851576,0.2116210013628006
63402.33313323477,0.21160100400447845
63402.40002261798,0.21159499883651733
63402.466912001175,0.2116210013628006
63402.53380138438,0.21162700653076172
63402.60069076758,0.2116210013628006
63402.66758015078,0.21162700653076172
63402.734469533985,0.2116210013628006
63402.80135891718,0.21162700653076172
63402.86824830038,0.2116210013628006
63402.935137683584,0.2116529941558838
63403.00202706679,0.2116529941558838
63403.068916449985,0.21164000034332275
63403.13580583319,0.21164000034332275
63403.20269521639,0.21167199313640594
63403.26958459959,0.2116589993238449
63403.33647398279,0.2116529941558838
63403.40336336599,0.2116529941558838
63403.47025274919,0.21162700653076172
63403.537142132394,0.21164000034332275
63403.60403151559,0.21163299679756165
63403.670920898796,0.21163299679756165
63403.73781028199,0.2116529941558838
63403.8046996652,0.21163299679756165
63403.871589048395,0.21163299679756165
63403.9384784316,0.2116529941558838
63404.005367814796,0.21167199313640594
63404.072257198,0.21167899668216705
63404.1391465812,0.21168500185012817
63404.2060359644,0.21168500185012817
63404.2729253476,0.21167899668216705
63404.3398147308,0.2116979956626892
63404.406704114,0.21171100437641144
63404.473593497205,0.21171699464321136
63404.5404828804,0.21171699464321136
63404.60737226361,0.21171699464321136
63404.674261646804,0.21172399818897247
63404.74115103001,0.21172399818897247
63404.808040413205,0.21171699464321136
63404.87492979641,0.2117370069026947
63404.94181917961,0.21171699464321136
63405.00870856281,0.21172399818897247
63405.07559794601,0.2117300033569336
63405.14248732921,0.21172399818897247
63405.20937671241,0.21172399818897247
63405.276266095614,0.21174299716949463
63405.34315547881,0.21174299716949463
63405.410044862016,0.21175000071525574
63405.47693424521,0.21175000071525574
63405.54382362842,0.21174299716949463
63405.610713011614,0.2117370069026947
63405.67760239482,0.21175000071525574
63405.744491778016,0.21172399818897247
63405.81138116122,0.21174299716949463
63405.87827054442,0.211775004863739
63405.94515992762,0.21178199350833893
63406.01204931082,0.21179500222206116
63406.07893869402,0.2118079960346222
63406.14582807722,0.21178799867630005
63406.212717460425,0.21178199350833893
63406.27960684362,0.21175600588321686
63406.346496226826,0.21176299452781677
63406.41338561002,0.21178199350833893
63406.48027499323,0.21176299452781677
63406.547164376425,0.21178199350833893
63406.61405375963,0.21179500222206116
63406.68094314283,0.2118079960346222
63406.74783252603,0.21178799867630005
63406.81472190923,0.21178199350833893
63406.88161129243,0.21179500222206116
63406.94850067563,0.21178799867630005
63407.015390058834,0.21179500222206116
63407.08227944203,0.21179500222206116
63407.149168825235,0.21178199350833893
63407.21605820843,0.21179500222206116
63407.28294759164,0.21182100474834442
63407.349836974834,0.21182100474834442
63407.41672635804,0.2118140012025833
63407.483615741236,0.21182100474834442
63407.55050512444,0.21184000372886658
63407.61739450764,0.2118140012025833
63407.68428389084,0.21182100474834442
63407.75117327404,0.21184000372886658
63407.81806265724,0.2118459939956665
63407.88495204044,0.2118459939956665
63407.951841423645,0.2118459939956665
63408.01873080684,0.2118459939956665
63408.085620190046,0.21185900270938873
63408.15250957324,0.21187199652194977
63408.21939895645,0.211885005235672
63408.286288339645,0.21191099286079407
63408.35317772285,0.21190500259399414
63408.420067106046,0.211885005235672
63408.48695648925,0.21187199652194977
63408.55384587245,0.21187199652194977
63408.62073525565,0.211885005235672
63408.68762463885,0.211885005235672
63408.75451402205,0.21190500259399414
63408.82140340525,0.21187900006771088
63408.888292788455,0.21189799904823303
63408.95518217165,0.21191099286079407
63409.02207155486,0.21191099286079407
63409.088960938054,0.21191099286079407
63409.15585032126,0.21190500259399414
63409.222739704455,0.21191099286079407
63409.28962908766,0.2119240015745163
63409.35651847086,0.21194300055503845
63409.42340785406,0.21195000410079956
63409.49029723726,0.21196900308132172
63409.55718662046,0.21197600662708282
63409.62407600366,0.21197600662708282
63409.690965386864,0.2119559943675995
63409.75785477006,0.21195000410079956
63409.824744153266,0.2119559943675995
63409.89163353646,0.21196900308132172
63409.95852291967,0.21195000410079956
63410.02541230287,0.21195000410079956
63410.09230168607,0.21195000410079956
63410.15919106927,0.2119559943675995
63410.22608045247,0.21197600662708282
63410.292969835675,0.21197600662708282
63410.35985921887,0.21194300055503845
63410.426748602076,0.21195000410079956
63410.49363798527,0.21196900308132172
63410.56052736848,0.21198199689388275
63410.627416751675,0.2119629979133606
63410.69430613488,0.2119559943675995
63410.76119551808,0.21199500560760498
63410.82808490128,0.21199500560760498
63410.89497428448,0.2120019942522049
63410.96186366768,0.2120019942522049
63411.02875305088,0.21202099323272705
63411.095642434084,0.21205300092697144
63411.16253181728,0.21206599473953247
63411.229421200485,0.21206000447273254
63411.29631058368,0.21204699575901031
63411.36319996689,0.21202699840068817
63411.430089350084,0.21202699840068817
63411.49697873329,0.21202099323272705
63411.563868116486,0.21200799942016602
63411.63075749969,0.21200799942016602
63411.69764688289,0.21202099323272705
63411.76453626609,0.21200799942016602
63411.83142564929,0.2120019942522049
63411.89831503249,0.21200799942016602
63411.96520441569,0.2120400071144104
63412.032093798894,0.21203400194644928
63412.09898318209,0.2120400071144104
63412.165872565296,0.2120400071144104
63412.23276194849,0.2120400071144104
63412.2996513317,0.21205300092697144
63412.366540714895,0.21206599473953247
63412.4334300981,0.21206599473953247
63412.500319481296,0.2120400071144104
63412.5672088645,0.2120400071144104
63412.6340982477,0.2120400071144104
63412.7009876309,0.21206000447273254
63412.7678770141,0.21207299828529358
63412.8347663973,0.21206599473953247
63412.9016557805,0.21209199726581573
63412.968545163705,0.2120790034532547
63413.0354345469,0.2120790034532547
63413.10232393011,0.2120790034532547
63413.169213313304,0.21206599473953247
63413.23610269651,0.21204699575901031
63413.302992079705,0.21207299828529358
63413.36988146291,0.21207299828529358
63413.43677084611,0.21207299828529358
63413.50366022931,0.21209199726581573
63413.57054961251,0.21209900081157684
63413.63743899571,0.21210500597953796
63413.70432837891,0.21210500597953796
63413.771217762114,0.21210500597953796
63413.83810714531,0.21210500597953796
63413.904996528516,0.21210500597953796
63413.97188591171,0.21210500597953796
63414.03877529492,0.21210500597953796
63414.105664678114,0.21211199462413788
63414.17255406132,0.21210500597953796
63414.239443444516,0.21210500597953796
63414.30633282772,0.21210500597953796
63414.37322221092,0.21210500597953796
63414.44011159412,0.212117999792099
63414.50700097732,0.21211199462413788
63414.57389036052,0.21213099360466003
63414.64077974372,0.2121250033378601
63414.707669126925,0.212117999792099
63414.77455851012,0.21213799715042114
63414.84144789333,0.2121499925851822
63414.90833727652,0.21213799715042114
63414.97522665973,0.21213799715042114
63415.042116042925,0.21213799715042114
63415.10900542613,0.21217000484466553
63415.17589480933,0.21217000484466553
63415.24278419253,0.2121569961309433
63415.30967357573,0.2121499925851822
63415.37656295893,0.21217000484466553
63415.44345234213,0.2121499925851822
63415.510341725334,0.2121569961309433
63415.57723110853,0.21217599511146545
63415.644120491736,0.21217599511146545
63415.71100987493,0.21218299865722656
63415.77789925814,0.21218299865722656
63415.844788641334,0.21217000484466553
63415.91167802454,0.21216300129890442
63415.978567407736,0.21216300129890442
63416.04545679094,0.2121569961309433
63416.11234617414,0.21218299865722656
63416.17923555734,0.21220199763774872
63416.24612494054,0.21220900118350983
63416.31301432374,0.2122350037097931
63416.37990370694,0.2122350037097931
63416.446793090145,0.21226699650287628
63416.51368247334,0.21226699650287628
63416.580571856546,0.2122740000486374
63416.64746123974,0.21226699650287628
63416.71435062295,0.21226100623607635
63416.781240006145,0.2122350037097931
63416.84812938935,0.2122350037097931
63416.915018772546,0.21221500635147095
63416.98190815575,0.21222199499607086
63417.048797538955,0.21224099397659302
63417.11568692215,0.21226100623607635
63417.18257630536,0.21224099397659302
63417.249465688554,0.21226100623607635
63417.31635507176,0.21224799752235413
63417.383244454955,0.21224099397659302
63417.45013383816,0.21222800016403198
63417.51702322136,0.2122350037097931
63417.58391260456,0.2122350037097931
63417.65080198776,0.2122350037097931
63417.71769137096,0.21224099397659302
63417.78458075416,0.2122350037097931
63417.851470137364,0.21224099397659302
63417.91835952056,0.21225400269031525
63417.985248903766,0.21225400269031525
63418.05213828696,0.21224099397659302
63418.11902767017,0.21226699650287628
63418.185917053364,0.21224799752235413
63418.25280643657,0.21226699650287628
63418.319695819766,0.21226100623607635
63418.38658520297,0.21226699650287628
63418.45347458617,0.21226699650287628
63418.52036396937,0.2122800052165985
63418.58725335257,0.21226699650287628
63418.65414273577,0.21226100623607635
63418.72103211897,0.2122740000486374
63418.787921502175,0.2122800052165985
63418.85481088537,0.21229299902915955
63418.92170026858,0.21230000257492065
63418.98858965177,0.2123129963874817
63419.05547903498,0.21230599284172058
63419.122368418175,0.21230000257492065
63419.18925780138,0.2122740000486374
63419.25614718458,0.21228699386119843
63419.32303656778,0.21229299902915955
63419.38992595098,0.21228699386119843
63419.45681533418,0.2123129963874817
63419.52370471738,0.2123190015554428
63419.590594100584,0.21230599284172058
63419.65748348378,0.2123190015554428
63419.724372866986,0.21230000257492065
63419.79126225018,0.21228699386119843
63419.85815163339,0.21230599284172058
63419.925041016584,0.21232600510120392
63419.99193039979,0.2123190015554428
63420.058819782986,0.21233199536800385
63420.12570916619,0.2123579978942871
63420.19259854939,0.21234500408172607
63420.25948793259,0.21233199536800385
63420.32637731579,0.21233199536800385
63420.39326669899,0.21233199536800385
63420.46015608219,0.21233199536800385
63420.527045465395,0.21233199536800385
63420.59393484859,0.21234500408172607
63420.660824231796,0.21233899891376495
63420.72771361499,0.2123579978942871
63420.7946029982,0.21236400306224823
63420.861492381395,0.21234500408172607
63420.9283817646,0.21236400306224823
63420.995271147796,0.212351992726326
63421.062160531,0.2123579978942871
63421.1290499142,0.21237100660800934
63421.1959392974,0.21236400306224823
63421.2628286806,0.2123579978942871
63421.329718063804,0.2123579978942871
63421.396607447,0.2123579978942871
63421.463496830205,0.21238400042057037
63421.5303862134,0.2123900055885315
63421.59727559661,0.2124290019273758
63421.664164979804,0.21246199309825897
63421.73105436301,0.2124360054731369
63421.797943746205,0.21245500445365906
63421.86483312941,0.21245500445365906
63421.93172251261,0.2124290019273758
63421.99861189581,0.21241599321365356
63422.06550127901,0.2123969942331314
63422.13239066221,0.2123969942331314
63422.19928004541,0.21237699687480927
63422.266169428614,0.2123969942331314
63422.33305881181,0.2123969942331314
63422.399948195016,0.21241000294685364
63422.46683757821,0.21241599321365356
63422.53372696142,0.2124290019273758
63422.600616344615,0.2124290019273758
63422.66750572782,0.2124290019273758
63422.734395111016,0.2124290019273758
63422.80128449422,0.2124290019273758
63422.86817387742,0.21245500445365906
63422.93506326062,0.21246199309825897
63423.00195264382,0.2124360054731369
63423.06884202702,0.2124360054731369
63423.13573141022,0.2124360054731369
63423.202620793425,0.21246199309825897
63423.26951017662,0.21244899928569794
63423.33639955983,0.21245500445365906
63423.403288943024,0.2124360054731369
63423.47017832623,0.21245500445365906
63423.537067709425,0.21246199309825897
63423.60395709263,0.21246199309825897
63423.67084647583,0.21246199309825897
63423.73773585903,0.21246199309825897
63423.80462524223,0.21246199309825897
63423.87151462543,0.21246199309825897
63423.93840400863,0.2124679982662201
63424.005293391834,0.21248100697994232
63424.07218277504,0.21248799562454224
63424.139072158236,0.21250100433826447
63424.20596154143,0.21249400079250336
63424.27285092464,0.2124679982662201
63424.33974030784,0.2124679982662201
63424.40662969104,0.21249400079250336
63424.47351907424,0.21250100433826447
63424.54040845744,0.21249400079250336
63424.607297840645,0.2125139981508255
63424.67418722384,0.21252000331878662
63424.741076607046,0.21252700686454773
63424.80796599024,0.21252000331878662
63424.87485537345,0.21252700686454773
63424.941744756645,0.21253299713134766
63425.00863413985,0.21252700686454773
63425.075523523046,0.21252700686454773
63425.14241290625,0.21252700686454773
63425.20930228945,0.21252700686454773
63425.27619167265,0.21252700686454773
63425.34308105585,0.21252700686454773
63425.409970439054,0.21253299713134766
63425.47685982225,0.21254600584506989
63425.543749205455,0.2125529944896698
63425.61063858865,0.21255899965763092
63425.67752797186,0.2125529944896698
63425.744417355054,0.21252700686454773
63425.81130673826,0.21254000067710876
63425.878196121455,0.2125529944896698
63425.94508550466,0.2125529944896698
63426.01197488786,0.21255899965763092
63426.07886427106,0.21261100471019745
63426.14575365426,0.2126310020685196
63426.21264303746,0.21262399852275848
63426.27953242066,0.21262399852275848
63426.346421803864,0.21262399852275848
63426.41331118706,0.21262399852275848
63426.480200570266,0.21264399588108063
63426.54708995346,0.2126380056142807
63426.61397933667,0.21262399852275848
63426.680868719865,0.21261799335479736
63426.74775810307,0.21260499954223633
63426.814647486266,0.2125920057296753
63426.88153686947,0.2125920057296753
63426.94842625267,0.21257899701595306
63427.01531563587,0.21257199347019196
63427.08220501907,0.21257899701595306
63427.14909440227,0.21258500218391418
63427.21598378547,0.21257199347019196
63427.282873168675,0.21257199347019196
63427.34976255187,0.2125920057296753
63427.41665193508,0.21259799599647522
63427.48354131827,0.2125920057296753
63427.55043070148,0.21257199347019196
63427.617320084675,0.2125920057296753
63427.68420946788,0.21260499954223633
63427.75109885108,0.21260499954223633
63427.81798823428,0.2125920057296753
63427.88487761748,0.2125920057296753
63427.95176700068,0.21261100471019745
63428.01865638388,0.21262399852275848
63428.085545767084,0.21261799335479736
63428.15243515028,0.21261799335479736
63428.219324533486,0.21262399852275848
63428.28621391668,0.21262399852275848
63428.35310329989,0.21262399852275848
63428.419992683084,0.21262399852275848
63428.48688206629,0.21265099942684174
63428.553771449486,0.21265700459480286
63428.62066083269,0.21265099942684174
63428.68755021589,0.21262399852275848
63428.75443959909,0.21264399588108063
63428.82132898229,0.21265700459480286
63428.88821836549,0.21266399323940277
63428.95510774869,0.21269600093364716
63429.021997131895,0.21272200345993042
63429.08888651509,0.21272200345993042
63429.155775898296,0.2127159982919693
63429.22266528149,0.21270300447940826
63429.2895546647,0.2127089947462082
63429.356444047895,0.21272200345993042
63429.4233334311,0.21272200345993042
63429.4902228143,0.21272200345993042
63429.5571121975,0.21272200345993042
63429.6240015807,0.21272900700569153
63429.6908909639,0.21268999576568604
63429.7577803471,0.21266399323940277
63429.824669730304,0.21266399323940277
63429.8915591135,0.21265700459480286
63429.958448496705,0.21268300712108612
63430.0253378799,0.212677001953125
63430.09222726311,0.21268300712108612
63430.159116646304,0.21266399323940277
63430.22600602951,0.21265700459480286
63430.292895412706,0.21265700459480286
63430.35978479591,0.21265700459480286
63430.42667417911,0.21266399323940277
63430.49356356231,0.2126699984073639
63430.56045294551,0.2126380056142807
63430.62734232871,0.2126310020685196
63430.69423171191,0.21265099942684174
63430.761121095115,0.21265700459480286
63430.82801047831,0.21268300712108612
63430.894899861516,0.21268300712108612
63430.96178924471,0.21268999576568604
63431.02867862792,0.21272200345993042
63431.095568011115,0.2127089947462082
63431.16245739432,0.21270300447940826
63431.229346777516,0.2127089947462082
63431.29623616072,0.2127089947462082
63431.363125543925,0.21272200345993042
63431.43001492712,0.21272200345993042
63431.49690431033,0.21272200345993042
63431.56379369352,0.21272200345993042
63431.63068307673,0.21272200345993042
63431.697572459925,0.21272200345993042
63431.76446184313,0.21272200345993042
63431.83135122633,0.21273499727249146
63431.89824060953,0.21274200081825256
63431.96512999273,0.21272200345993042
63432.03201937593,0.21272200345993042
63432.09890875913,0.21270300447940826
63432.165798142334,0.21268999576568604
63432.23268752553,0.21270300447940826
63432.299576908736,0.21272200345993042
63432.36646629193,0.2127159982919693
63432.43335567514,0.21272200345993042
63432.500245058334,0.21272200345993042
63432.56713444154,0.21272200345993042
63432.634023824736,0.2127159982919693
63432.70091320794,0.2127159982919693
63432.76780259114,0.2127089947462082
63432.83469197434,0.21272900700569153
63432.90158135754,0.21272900700569153
63432.96847074074,0.21273499727249146
63433.03536012394,0.21273499727249146
63433.102249507145,0.21272200345993042
63433.16913889034,0.21272200345993042
63433.236028273546,0.21272900700569153
63433.30291765674,0.21274800598621368
63433.36980703995,0.21272900700569153
63433.436696423145,0.21273499727249146
63433.50358580635,0.2127549946308136
63433.57047518955,0.2127549946308136
63433.63736457275,0.2127549946308136
63433.70425395595,0.21274800598621368
63433.77114333915,0.21274200081825256
63433.83803272235,0.21274800598621368
63433.904922105554,0.21276099979877472
63433.97181148875,0.2127549946308136
63434.038700871955,0.21276099979877472
63434.10559025515,0.21276800334453583
63434.17247963836,0.2127549946308136
63434.239369021554,0.2127549946308136
63434.30625840476,0.2127549946308136
63434.373147787956,0.2127549946308136
63434.44003717116,0.21276800334453583
63434.50692655436,0.21276099979877472
63434.57381593756,0.21276099979877472
63434.64070532076,0.21277399361133575
63434.70759470396,0.21277399361133575
63434.77448408716,0.2127549946308136
63434.841373470364,0.21276800334453583
63434.90826285356,0.2127549946308136
63434.975152236766,0.2127549946308136
63435.04204161996,0.2127549946308136
63435.10893100317,0.21276099979877472
63435.175820386365,0.21277399361133575
63435.24270976957,0.21277399361133575
63435.309599152766,0.2127549946308136
63435.37648853597,0.2127549946308136
63435.44337791917,0.2127549946308136
63435.51026730237,0.21276800334453583
63435.57715668557,0.2127940058708191
63435.64404606877,0.21281999349594116
63435.71093545197,0.2128390073776245
63435.777824835175,0.2128330022096634
63435.84471421837,0.21285200119018555
63435.91160360158,0.21285200119018555
63435.978492984774,0.21285200119018555
63436.04538236798,0.21285200119018555
63436.112271751175,0.21285900473594666
63436.17916113438,0.21286599338054657
63436.24605051758,0.21285200119018555
63436.31293990078,0.2128330022096634
63436.37982928398,0.2128330022096634
63436.44671866718,0.21280699968338013
63436.51360805038,0.21281999349594116
63436.580497433584,0.21281999349594116
63436.64738681678,0.21282599866390228
63436.714276199986,0.21280699968338013
63436.78116558318,0.21278700232505798
63436.84805496639,0.21280699968338013
63436.914944349584,0.21279999613761902
63436.98183373279,0.21278700232505798
63437.048723115986,0.21279999613761902
63437.11561249919,0.21281999349594116
63437.18250188239,0.21281999349594116
63437.24939126559,0.21279999613761902
63437.31628064879,0.2127940058708191
63437.38317003199,0.21280699968338013
63437.45005941519,0.2128330022096634
63437.516948798395,0.21285200119018555
63437.58383818159,0.21285900473594666
63437.6507275648,0.21285900473594666
63437.71761694799,0.21284599602222443
63437.7845063312,0.21285200119018555
63437.851395714395,0.21284599602222443
63437.9182850976,0.2128719985485077
63437.9851744808,0.21286599338054657
63438.052063864,0.21285200119018555
63438.1189532472,0.21285200119018555
63438.1858426304,0.21286599338054657
63438.2527320136,0.21285200119018555
63438.319621396804,0.21285900473594666
63438.38651078001,0.21288500726222992
63438.453400163206,0.2128790020942688
63438.52028954641,0.21285200119018555
63438.58717892961,0.21285900473594666
63438.65406831281,0.21288500726222992
63438.72095769601,0.21288500726222992
63438.78784707921,0.21285200119018555
63438.85473646241,0.21285200119018555
63438.921625845614,0.2128330022096634
63438.98851522881,0.2128330022096634
63439.055404612016,0.2128330022096634
63439.12229399521,0.21282599866390228
63439.18918337842,0.2128330022096634
63439.256072761615,0.21285200119018555
63439.32296214482,0.21285200119018555
63439.389851528016,0.2128719985485077
63439.45674091122,0.2128719985485077
63439.52363029442,0.21284599602222443
63439.59051967762,0.21285200119018555
63439.65740906082,0.21285200119018555
63439.72429844402,0.21285900473594666
63439.79118782722,0.21285900473594666
63439.858077210425,0.2128719985485077
63439.92496659362,0.21285200119018555
63439.99185597683,0.2128790020942688
63440.058745360024,0.21288500726222992
63440.12563474323,0.21285200119018555
63440.192524126425,0.21285900473594666
63440.25941350963,0.21286599338054657
63440.32630289283,0.2128719985485077
63440.39319227603,0.21288500726222992
63440.46008165923,0.21290500462055206
63440.52697104243,0.21289800107479095
63440.59386042563,0.21289800107479095
63440.660749808834,0.21289199590682983
63440.72763919203,0.21289199590682983
63440.794528575236,0.21289800107479095
63440.86141795843,0.21289199590682983
63440.92830734164,0.21290500462055206
63440.995196724834,0.21290500462055206
63441.06208610804,0.21285900473594666
63441.128975491236,0.21285200119018555
63441.19586487444,0.2128719985485077
63441.26275425764,0.2128790020942688
63441.32964364084,0.2128719985485077
63441.39653302404,0.21288500726222992
63441.46342240724,0.21285200119018555
63441.53031179044,0.2128790020942688
63441.597201173645,0.21285900473594666
63441.66409055684,0.2128790020942688
63441.73097994005,0.2129179984331131
63441.79786932324,0.21289800107479095
63441.86475870645,0.21290500462055206
63441.931648089645,0.21289199590682983
63441.99853747285,0.2128790020942688
63442.06542685605,0.21285900473594666
63442.13231623925,0.21285200119018555
63442.19920562245,0.21285200119018555
63442.26609500565,0.21284599602222443
63442.33298438885,0.21284599602222443
63442.399873772054,0.21285200119018555
63442.46676315525,0.21286599338054657
63442.533652538455,0.21288500726222992
63442.60054192165,0.2128790020942688
63442.66743130486,0.21285200119018555
63442.734320688054,0.21285200119018555
63442.80121007126,0.21281999349594116
63442.868099454456,0.2128330022096634
63442.93498883766,0.21284599602222443
63443.00187822086,0.21284599602222443
63443.06876760406,0.21285200119018555
63443.13565698726,0.21285200119018555
63443.20254637046,0.21286599338054657
63443.26943575366,0.21285900473594666
63443.336325136865,0.2128790020942688
63443.40321452006,0.21288500726222992
63443.470103903266,0.2128790020942688
63443.53699328646,0.21285900473594666
63443.60388266967,0.21288500726222992
63443.670772052865,0.21288500726222992
63443.73766143607,0.21288500726222992
63443.804550819266,0.21288500726222992
63443.87144020247,0.21289800107479095
63443.93832958567,0.21293100714683533
63444.00521896887,0.21293100714683533
63444.07210835207,0.21292400360107422
63444.138997735274,0.21289800107479095
63444.20588711847,0.21292400360107422
63444.272776501675,0.212910994887352
63444.33966588487,0.2129179984331131
63444.40655526808,0.21288500726222992
63444.473444651274,0.21288500726222992
63444.54033403448,0.21290500462055206
63444.607223417675,0.21290500462055206
63444.67411280088,0.21289800107479095
63444.74100218408,0.21289199590682983
63444.80789156728,0.21288500726222992
63444.87478095048,0.21288500726222992
63444.94167033368,0.21288500726222992
63445.00855971688,0.21288500726222992
63445.075449100084,0.21288500726222992
63445.14233848328,0.21288500726222992
63445.209227866486,0.21288500726222992
63445.27611724968,0.21288500726222992
63445.34300663289,0.2129179984331131
63445.40989601609,0.212910994887352
63445.47678539929,0.21289800107479095
63445.543674782486,0.21289199590682983
63445.61056416569,0.21289199590682983
63445.677453548895,0.21288500726222992
63445.74434293209,0.212910994887352
63445.8112323153,0.2129179984331131
63445.87812169849,0.2129179984331131
63445.9450110817,0.2129179984331131
63446.011900464895,0.2129179984331131
63446.0787898481,0.2129179984331131
63446.1456792313,0.2129179984331131
63446.2125686145,0.2129179984331131
63446.2794579977,0.2129179984331131
63446.3463473809,0.21289800107479095
63446.4132367641,0.2129179984331131
63446.480126147304,0.21289199590682983
63446.5470155305,0.21289199590682983
63446.613904913705,0.21289199590682983
63446.6807942969,0.21289800107479095
63446.74768368011,0.212910994887352
63446.814573063304,0.2129179984331131
63446.88146244651,0.21292400360107422
63446.948351829706,0.2129179984331131
63447.01524121291,0.21289199590682983
63447.08213059611,0.21289199590682983
63447.14901997931,0.21290500462055206
63447.21590936251,0.2129179984331131
63447.28279874571,0.21293699741363525
63447.34968812891,0.21293699741363525
63447.416577512115,0.2129179984331131
63447.48346689531,0.21289199590682983
63447.550356278516,0.21292400360107422
63447.61724566171,0.21292400360107422
63447.68413504492,0.21295000612735748
63447.751024428115,0.21294400095939636
63447.81791381132,0.21295000612735748
63447.884803194516,0.2129569947719574
63447.95169257772,0.2129569947719574
63448.01858196092,0.21294400095939636
63448.08547134412,0.21295000612735748
63448.15236072732,0.2129569947719574
63448.219250110524,0.21297599375247955
63448.28613949372,0.2129569947719574
63448.353028876925,0.21295000612735748
63448.41991826012,0.21297000348567963
63448.48680764333,0.2129569947719574
63448.553697026524,0.21293100714683533
63448.62058640973,0.2129569947719574
63448.687475792925,0.21295000612735748
63448.75436517613,0.2129569947719574
63448.82125455933,0.21295000612735748
63448.88814394253,0.21298299729824066
63448.95503332573,0.21297599375247955
63449.02192270893,0.21297000348567963
63449.08881209213,0.2129569947719574
63449.155701475334,0.21295000612735748
63449.22259085853,0.21292400360107422
63449.289480241736,0.21293100714683533
63449.35636962493,0.21293100714683533
63449.42325900814,0.21295000612735748
63449.490148391335,0.21295000612735748
63449.55703777454,0.21297000348567963
63449.623927157736,0.21297000348567963
63449.69081654094,0.2129569947719574
63449.75770592414,0.21295000612735748
63449.82459530734,0.21296299993991852
63449.89148469054,0.21297599375247955
63449.95837407374,0.21297599375247955
63450.02526345694,0.21297599375247955
63450.092152840145,0.21297599375247955
63450.15904222334,0.2129569947719574
63450.22593160655,0.21296299993991852
63450.29282098974,0.21296299993991852
63450.35971037295,0.21298299729824066
63450.426599756145,0.21298299729824066
63450.49348913935,0.21299000084400177
63450.56037852255,0.21298299729824066
63450.62726790575,0.21298299729824066
63450.69415728895,0.2130029946565628
63450.76104667215,0.21301600337028503
63450.82793605535,0.21301600337028503
63450.894825438554,0.21299000084400177
63450.96171482175,0.21298299729824066
63451.028604204956,0.21299000084400177
63451.09549358815,0.21298299729824066
63451.16238297136,0.21298299729824066
63451.229272354554,0.21298299729824066
63451.29616173776,0.21298299729824066
63451.363051120956,0.21298299729824066
63451.42994050416,0.21298299729824066
63451.49682988736,0.2130029946565628
63451.56371927056,0.21298299729824066
63451.63060865376,0.21296299993991852
63451.69749803696,0.21296299993991852
63451.76438742016,0.21299000084400177
63451.831276803365,0.21298299729824066
63451.89816618656,0.21296299993991852
63451.965055569766,0.21297000348567963
63452.03194495296,0.2130029946565628
63452.09883433617,0.21299000084400177
63452.165723719365,0.2129960060119629
63452.23261310257,0.21300899982452393
63452.29950248577,0.2129960060119629
63452.36639186897,0.21298299729824066
63452.43328125217,0.21298299729824066
63452.50017063537,0.21298299729824066
63452.56706001857,0.21299000084400177
63452.633949401774,0.21301600337028503
63452.70083878498,0.21300899982452393
63452.767728168175,0.21301600337028503
63452.83461755138,0.21300899982452393
63452.90150693458,0.21300899982452393
63452.96839631778,0.21301600337028503
63453.03528570098,0.21301600337028503
63453.10217508418,0.21301600337028503
63453.16906446738,0.21300899982452393
63453.235953850584,0.21301600337028503
63453.30284323378,0.2130029946565628
63453.369732616986,0.2129960060119629
63453.43662200018,0.2129960060119629
63453.50351138339,0.21301600337028503
63453.570400766584,0.21302199363708496
63453.63729014979,0.21301600337028503
63453.704179532986,0.21301600337028503
63453.77106891619,0.21301600337028503
63453.83795829939,0.21301600337028503
63453.90484768259,0.21302899718284607
63453.97173706579,0.2130350023508072
63454.03862644899,0.21304799616336823
63454.10551583219,0.21304799616336823
63454.172405215395,0.21304799616336823
63454.23929459859,0.21304799616336823
63454.3061839818,0.2130350023508072
63454.37307336499,0.21302899718284607
63454.4399627482,0.21301600337028503
63454.506852131395,0.21304799616336823
63454.5737415146,0.21306100487709045
63454.6406308978,0.21306799352169037
63454.707520281,0.21302899718284607
63454.7744096642,0.21301600337028503
63454.8412990474,0.2130420058965683
63454.9081884306,0.21304799616336823
63454.975077813804,0.21304799616336823
63455.041967197,0.21301600337028503
63455.108856580206,0.21301600337028503
63455.1757459634,0.21302899718284607
63455.24263534661,0.2130350023508072
63455.309524729804,0.21304799616336823
63455.37641411301,0.21304799616336823
63455.443303496206,0.21304799616336823
63455.51019287941,0.21304799616336823
63455.57708226261,0.21304799616336823
63455.64397164581,0.21304799616336823
63455.71086102901,0.21306100487709045
63455.77775041221,0.21306100487709045
63455.84463979541,0.21305499970912933
63455.911529178615,0.21304799616336823
63455.97841856181,0.21304799616336823
63456.045307945016,0.21305499970912933
63456.11219732821,0.2130810022354126
63456.17908671142,0.21306799352169037
63456.245976094615,0.2130739986896515
63456.31286547782,0.2130810022354126
63456.37975486102,0.21305499970912933
63456.44664424422,0.2130810022354126
63456.51353362742,0.2130880057811737
63456.58042301062,0.2130880057811737
63456.64731239382,0.21310099959373474
63456.714201777024,0.2130880057811737
63456.78109116022,0.21310099959373474
63456.847980543425,0.21310700476169586
63456.91486992662,0.21311399340629578
63456.98175930983,0.21311399340629578
63457.048648693024,0.21311399340629578
63457.11553807623,0.2131199985742569
63457.182427459426,0.21311399340629578
63457.24931684263,0.21311399340629578
63457.31620622583,0.213127002120018
63457.38309560903,0.213127002120018
63457.44998499223,0.21313999593257904
63457.51687437543,0.21311399340629578
63457.58376375863,0.21311399340629578
63457.650653141834,0.21311399340629578
63457.71754252503,0.21311399340629578
63457.784431908236,0.21311399340629578
63457.85132129143,0.21313300728797913
63457.91821067464,0.213127002120018
63457.985100057835,0.21313300728797913
63458.05198944104,0.21313999593257904
63458.118878824236,0.21311399340629578
63458.18576820744,0.21310099959373474
63458.25265759064,0.21313999593257904
63458.31954697384,0.213127002120018
63458.38643635704,0.213127002120018
63458.45332574024,0.21311399340629578
63458.52021512344,0.21311399340629578
63458.587104506645,0.21311399340629578
63458.65399388984,0.21310700476169586
63458.72088327305,0.21309399604797363
63458.787772656244,0.21311399340629578
63458.85466203945,0.21309399604797363
63458.921551422645,0.21309399604797363
63458.98844080585,0.21310099959373474
63459.05533018905,0.21309399604797363
63459.12221957225,0.2130880057811737
63459.18910895545,0.21311399340629578
63459.25599833865,0.21310700476169586
63459.32288772185,0.21311399340629578
63459.389777105054,0.2130810022354126
63459.45666648825,0.21310700476169586
63459.523555871456,0.21310700476169586
63459.59044525465,0.21310099959373474
63459.65733463786,0.21310700476169586
63459.72422402106,0.21311399340629578
63459.79111340426,0.21309399604797363
63459.85800278746,0.2130810022354126
63459.92489217066,0.21309399604797363
63459.991781553865,0.21311399340629578
63460.05867093706,0.21311399340629578
63460.125560320266,0.213127002120018
63460.19244970346,0.21311399340629578
63460.25933908667,0.21311399340629578
63460.326228469865,0.21311399340629578
63460.39311785307,0.21313999593257904
63460.46000723627,0.21313999593257904
63460.52689661947,0.21314600110054016
63460.59378600267,0.2131589949131012
63460.66067538587,0.21315300464630127
63460.72756476907,0.21314600110054016
63460.794454152274,0.21314600110054016
63460.86134353547,0.21314600110054016
63460.928232918675,0.21314600110054016
63460.99512230187,0.21314600110054016
63461.06201168508,0.2131659984588623
63461.128901068274,0.21317900717258453
63461.19579045148,0.2131659984588623
63461.262679834676,0.21317900717258453
63461.32956921788,0.2131589949131012
63461.39645860108,0.21314600110054016
63461.46334798428,0.21314600110054016
63461.53023736748,0.21317900717258453
63461.59712675068,0.2131730020046234
63461.66401613388,0.2131730020046234
63461.730905517084,0.21315300464630127
63461.79779490028,0.21313300728797913
63461.864684283486,0.21311399340629578
63461.93157366668,0.21313999593257904
63461.99846304989,0.21314600110054016
63462.065352433085,0.21314600110054016
63462.13224181629,0.21314600110054016
63462.199131199486,0.2131199985742569
63462.26602058269,0.21313300728797913
63462.33290996589,0.21313999593257904
63462.39979934909,0.21311399340629578
63462.46668873229,0.21313999593257904
63462.53357811549,0.21314600110054016
63462.60046749869,0.21314600110054016
63462.667356881895,0.21314600110054016
63462.73424626509,0.21314600110054016
63462.8011356483,0.21314600110054016
63462.868025031494,0.2131199985742569
63462.9349144147,0.21311399340629578
63463.001803797895,0.21314600110054016
63463.0686931811,0.21313999593257904
63463.1355825643,0.21311399340629578
63463.2024719475,0.2131199985742569
63463.2693613307,0.21313999593257904
63463.3362507139,0.21313300728797913
63463.4031400971,0.213127002120018
63463.470029480304,0.21313999593257904
63463.5369188635,0.213127002120018
63463.603808246706,0.21311399340629578
63463.6706976299,0.21311399340629578
63463.73758701311,0.21311399340629578
63463.804476396304,0.21311399340629578
63463.87136577951,0.21310700476169586
63463.938255162706,0.21311399340629578
63464.00514454591,0.21311399340629578
63464.07203392911,0.21311399340629578
63464.13892331231,0.21311399340629578
63464.20581269551,0.21311399340629578
63464.27270207871,0.21311399340629578
63464.33959146191,0.2131199985742569
63464.406480845115,0.21313300728797913
63464.47337022831,0.21313300728797913
63464.54025961152,0.2131199985742569
63464.60714899471,0.21311399340629578
63464.67403837792,0.21309399604797363
63464.740927761115,0.21310700476169586
63464.80781714432,0.21314600110054016
63464.87470652752,0.21314600110054016
63464.94159591072,0.21314600110054016
63465.00848529392,0.21314600110054016
63465.07537467712,0.21314600110054016
63465.14226406032,0.21314600110054016
63465.209153443524,0.21314600110054016
63465.27604282672,0.21314600110054016
63465.342932209925,0.2131589949131012
63465.40982159312,0.21314600110054016
63465.47671097633,0.21315300464630127
63465.543600359524,0.2131730020046234
63465.61048974273,0.21317900717258453
63465.677379125926,0.2131730020046234
63465.74426850913,0.2131589949131012
63465.81115789233,0.21317900717258453
63465.87804727553,0.2131659984588623
63465.94493665873,0.21315300464630127
63466.01182604193,0.21315300464630127
63466.07871542513,0.21315300464630127
63466.145604808335,0.2131659984588623
63466.21249419153,0.2131589949131012
63466.279383574736,0.2131659984588623
63466.34627295793,0.21315300464630127
63466.41316234114,0.2131589949131012
63466.480051724335,0.2131659984588623
63466.54694110754,0.21317900717258453
63466.613830490736,0.21317900717258453
63466.68071987394,0.21317900717258453
63466.747609257145,0.21317900717258453
63466.81449864034,0.21318599581718445
63466.88138802354,0.2131730020046234
63466.948277406744,0.21314600110054016
63467.01516678995,0.2131659984588623
63467.082056173145,0.21317900717258453
63467.14894555635,0.21317900717258453
63467.21583493955,0.2131659984588623
63467.28272432275,0.21317900717258453
63467.34961370595,0.21319200098514557
63467.41650308915,0.21319900453090668
63467.48339247235,0.2132049947977066
63467.550281855554,0.2132119983434677
63467.61717123875,0.2132119983434677
63467.684060621956,0.21322500705718994
63467.75095000515,0.2132119983434677
63467.81783938836,0.21318599581718445
63467.884728771554,0.2132119983434677
63467.95161815476,0.21321800351142883
63468.018507537956,0.21322500705718994
63468.08539692116,0.21319900453090668
63468.15228630436,0.21321800351142883
63468.21917568756,0.21324500441551208
63468.28606507076,0.21321800351142883
63468.35295445396,0.2132119983434677
63468.41984383716,0.2132119983434677
63468.486733220365,0.21317900717258453
63468.55362260356,0.21319900453090668
63468.620511986766,0.21317900717258453
63468.68740136996,0.2132119983434677
63468.75429075317,0.2132119983434677
63468.821180136365,0.2132119983434677
63468.88806951957,0.2132119983434677
63468.95495890277,0.2132049947977066
63469.02184828597,0.2132049947977066
63469.08873766917,0.21322500705718994
63469.15562705237,0.21323099732398987
63469.22251643557,0.21323099732398987
63469.289405818774,0.21323099732398987
63469.35629520197,0.21324500441551208
63469.423184585175,0.21321800351142883
63469.49007396837,0.21321800351142883
63469.55696335158,0.21319900453090668
63469.623852734774,0.21317900717258453
63469.69074211798,0.21318599581718445
63469.757631501176,0.21319200098514557
63469.82452088438,0.21319200098514557
63469.89141026758,0.21317900717258453
63469.95829965078,0.21318599581718445
63470.02518903398,0.2132049947977066
63470.09207841718,0.21317900717258453
63470.15896780038,0.21318599581718445
63470.225857183585,0.21318599581718445
63470.29274656678,0.2132119983434677
63470.359635949986,0.21319200098514557
63470.42652533318,0.21317900717258453
63470.49341471639,0.21317900717258453
63470.560304099585,0.21319200098514557
63470.62719348279,0.2132119983434677
63470.694082865986,0.21321800351142883
63470.76097224919,0.2132049947977066
63470.82786163239,0.21317900717258453
63470.89475101559,0.21319200098514557
63470.96164039879,0.2132049947977066
63471.028529781994,0.21321800351142883
63471.09541916519,0.21324500441551208
63471.162308548395,0.21323099732398987
63471.22919793159,0.2132119983434677
63471.2960873148,0.21319900453090668
63471.362976697994,0.21318599581718445
63471.4298660812,0.21317900717258453
63471.496755464395,0.2132119983434677
63471.5636448476,0.21319900453090668
63471.6305342308,0.2132119983434677
63471.697423614,0.2132119983434677
63471.7643129972,0.21319900453090668
63471.8312023804,0.213250994682312
63471.8980917636,0.21327100694179535
63471.964981146804,0.21327699720859528
63472.03187053,0.21331000328063965
63472.098759913206,0.21328400075435638
63472.1656492964,0.21327699720859528
63472.23253867961,0.21327699720859528
63472.299428062805,0.21331700682640076
63472.36631744601,0.21331700682640076
63472.433206829206,0.21331000328063965
63472.50009621241,0.21331000328063965
63472.56698559561,0.21332299709320068
63472.63387497881,0.2133360058069229
63472.70076436201,0.21334899961948395
63472.76765374521,0.2133689969778061
63472.83454312841,0.2133300006389618
63472.901432511615,0.2133300006389618
63472.96832189481,0.21336199343204498
63473.03521127802,0.2133689969778061
63473.10210066121,0.2133750021457672
63473.16899004442,0.21334899961948395
63473.235879427615,0.2133750021457672
63473.30276881082,0.2133689969778061
63473.36965819402,0.21334899961948395
63473.43654757722,0.21334899961948395
63473.50343696042,0.2133750021457672
63473.57032634362,0.2133750021457672
63473.63721572682,0.2133750021457672
63473.704105110024,0.21338899433612823
63473.77099449322,0.21338200569152832
63473.837883876426,0.2134079933166504
63473.90477325962,0.2134079933166504
63473.97166264283,0.21340200304985046
63474.03855202603,0.2134079933166504
63474.10544140923,0.2134079933166504
63474.17233079243,0.2134079933166504
63474.23922017563,0.2134079933166504
63474.306109558835,0.2134079933166504
63474.37299894203,0.21342800557613373
63474.439888325236,0.2134079933166504
63474.50677770843,0.21340200304985046
63474.57366709164,0.2134079933166504
63474.640556474835,0.21342100203037262
63474.70744585804,0.2134149968624115
63474.774335241236,0.2134079933166504
63474.84122462444,0.2134079933166504
63474.90811400764,0.2134079933166504
63474.97500339084,0.2134079933166504
63475.04189277404,0.21344099938869476
63475.108782157244,0.2134079933166504
63475.17567154044,0.2134079933166504
63475.242560923645,0.2134079933166504
63475.30945030684,0.2134079933166504
63475.37633969005,0.21340200304985046
63475.443229073244,0.21342800557613373
63475.51011845645,0.21344099938869476
63475.577007839645,0.21343399584293365
63475.64389722285,0.21344099938869476
63475.71078660605,0.2134539932012558
63475.77767598925,0.2134539932012558
63475.84456537245,0.21344099938869476
63475.91145475565,0.21344099938869476
63475.97834413885,0.21344099938869476
63476.045233522054,0.21344800293445587
63476.11212290525,0.21344099938869476
63476.179012288456,0.21344099938869476
63476.24590167165,0.21346700191497803
63476.31279105486,0.21346700191497803
63476.379680438054,0.21344800293445587
63476.44656982126,0.21347400546073914
63476.513459204456,0.21344800293445587
63476.58034858766,0.2134539932012558
63476.64723797086,0.2134539932012558
63476.71412735406,0.2134609967470169
63476.78101673726,0.21347400546073914
63476.84790612046,0.21347400546073914
63476.91479550366,0.21347400546073914
63476.981684886865,0.2134609967470169
63477.04857427006,0.21344800293445587
63477.11546365327,0.21344800293445587
63477.18235303646,0.2134609967470169
63477.24924241967,0.21347400546073914
63477.316131802865,0.21347400546073914
63477.38302118607,0.21347400546073914
63477.44991056927,0.21347400546073914
63477.51679995247,0.21347999572753906
63477.58368933567,0.21349400281906128
63477.65057871887,0.21347999572753906
63477.71746810207,0.21347400546073914
63477.784357485274,0.21347400546073914
63477.85124686847,0.21347400546073914
63477.918136251676,0.21349400281906128
63477.98502563487,0.21347400546073914
63478.05191501808,0.21347999572753906
63478.118804401274,0.21347999572753906
63478.18569378448,0.21347400546073914
63478.252583167676,0.21347400546073914
63478.31947255088,0.21347400546073914
63478.38636193408,0.21347400546073914
63478.45325131728,0.21346700191497803
63478.52014070048,0.21347400546073914
63478.58703008368,0.21347400546073914
63478.65391946688,0.2134609967470169
63478.720808850085,0.21347999572753906
63478.78769823328,0.21351300179958344
63478.854587616486,0.21348699927330017
63478.92147699968,0.21347999572753906
