time,temp
63011.69917772895,33.763999938964844
63011.76606711226,33.72100067138672
63011.832956495564,33.72100067138672
63011.89984587887,33.77299880981445
63011.96673526218,33.77299880981445
63012.03362464548,33.77299880981445
63012.10051402879,33.58300018310547
63012.167403412095,33.678001403808594
63012.2342927954,33.678001403808594
63012.30118217871,33.790000915527344
63012.368071562014,33.803001403808594
63012.43496094531,33.803001403808594
63012.50185032862,33.803001403808594
63012.568739711925,33.84400177001953
63012.63562909523,33.84400177001953
63012.70251847854,33.720001220703125
63012.769407861844,33.66600036621094
63012.83629724515,33.66600036621094
63012.90318662846,33.66600036621094
63012.97007601176,33.66600036621094
63013.03696539507,33.7140007019043
63013.103854778376,33.80500030517578
63013.17074416168,33.80500030517578
63013.23763354499,33.59700012207031
63013.304522928294,33.59700012207031
63013.3714123116,33.59700012207031
63013.4383016949,33.57699966430664
63013.505191078206,33.78200149536133
63013.57208046151,33.78200149536133
63013.63896984482,33.58599853515625
63013.705859228125,33.58599853515625
63013.77274861143,33.58599853515625
63013.83963799474,33.67900085449219
63013.90652737804,33.64799880981445
63013.97341676135,33.64799880981445
63014.040306144656,33.742000579833984
63014.10719552796,33.742000579833984
63014.17408491127,33.742000579833984
63014.240974294575,33.78200149536133
63014.30786367788,33.763999938964844
63014.37475306118,33.763999938964844
63014.441642444486,33.720001220703125
63014.50853182779,33.720001220703125
63014.5754212111,33.720001220703125
63014.642310594405,33.73699951171875
63014.70919997771,33.73699951171875
63014.77608936102,33.73699951171875
63014.842978744324,33.71699905395508
63014.90986812763,33.71699905395508
63014.976757510936,33.70000076293945
63015.04364689424,33.72800064086914
63015.11053627755,33.72800064086914
63015.177425660855,33.72800064086914
63015.24431504416,33.72800064086914
63015.31120442747,33.7760009765625
63015.37809381077,33.689998626708984
63015.44498319407,33.689998626708984
63015.51187257738,33.582000732421875
63015.578761960685,33.582000732421875
63015.64565134399,33.582000732421875
63015.7125407273,33.784000396728516
63015.779430110604,33.76499938964844
63015.84631949391,33.76499938964844
63015.91320887722,33.72100067138672
63015.98009826052,33.72100067138672
63016.04698764383,33.72100067138672
63016.113877027135,33.70199966430664
63016.18076641044,33.76499938964844
63016.24765579375,33.76499938964844
63016.31454517705,33.75600051879883
63016.38143456035,33.75600051879883
63016.44832394366,33.75600051879883
63016.515213326966,33.71699905395508
63016.58210271027,33.665000915527344
63016.64899209358,33.665000915527344
63016.715881476885,33.678001403808594
63016.78277086019,33.61199951171875
63016.8496602435,33.61199951171875
63016.9165496268,33.61199951171875
63016.98343901011,33.72600173950195
63017.050328393416,33.72600173950195
63017.11721777672,33.70399856567383
63017.18410716003,33.72999954223633
63017.250996543335,33.72999954223633
63017.31788592663,33.72999954223633
63017.38477530994,33.72999954223633
63017.451664693246,33.6349983215332
63017.51855407655,33.70000076293945
63017.58544345986,33.70000076293945
63017.652332843165,33.72800064086914
63017.71922222647,33.72800064086914
63017.78611160978,33.72800064086914
63017.853000993084,33.74100112915039
63017.91989037639,33.71099853515625
63017.986779759696,33.71099853515625
63018.053669143,33.555999755859375
63018.12055852631,33.555999755859375
63018.187447909615,33.555999755859375
63018.254337292914,33.52399826049805
63018.32122667622,33.6879997253418
63018.38811605953,33.6879997253418
63018.45500544283,33.722999572753906
63018.52189482614,33.722999572753906
63018.588784209445,33.722999572753906
63018.65567359275,33.808998107910156
63018.72256297606,33.7400016784668
63018.789452359364,33.7400016784668
63018.85634174267,33.78099822998047
63018.92323112598,33.78099822998047
63018.99012050928,33.78099822998047
63019.05700989259,33.79899978637695
63019.123899275895,33.84199905395508
63019.1907886592,33.84199905395508
63019.2576780425,33.861000061035156
63019.32456742581,33.79800033569336
63019.39145680911,33.79800033569336
63019.45834619242,33.79800033569336
63019.525235575726,33.87699890136719
63019.59212495903,33.87699890136719
63019.65901434234,33.73400115966797
63019.725903725644,33.73400115966797
63019.79279310895,33.70800018310547
63019.85968249226,33.70800018310547
63019.92657187556,33.803001403808594
63019.99346125887,33.803001403808594
63020.060350642176,33.803001403808594
63020.12724002548,33.77299880981445
63020.19412940878,33.7239990234375
63020.26101879209,33.7239990234375
63020.32790817539,33.667999267578125
63020.3947975587,33.667999267578125
63020.461686942006,33.667999267578125
63020.52857632531,33.67900085449219
63020.59546570862,33.683998107910156
63020.662355091925,33.683998107910156
63020.72924447523,33.75699996948242
63020.79613385854,33.75699996948242
63020.86302324184,33.75699996948242
63020.92991262515,33.71699905395508
63020.996802008456,33.59400177001953
63021.06369139176,33.59400177001953
63021.13058077507,33.68299865722656
63021.19747015837,33.68299865722656
63021.264359541674,33.68299865722656
63021.33124892498,33.54399871826172
63021.39813830829,33.6609992980957
63021.46502769159,33.6609992980957
63021.5319170749,33.67599868774414
63021.598806458205,33.68199920654297
63021.66569584151,33.68199920654297
63021.73258522482,33.68199920654297
63021.799474608124,33.79199981689453
63021.86636399143,33.79199981689453
63021.93325337474,33.8390007019043
63022.00014275804,33.85900115966797
63022.06703214135,33.85900115966797
63022.13392152465,33.797000885009766
63022.200810907954,33.840999603271484
63022.26770029126,33.840999603271484
63022.33458967457,33.71900177001953
63022.40147905787,33.71900177001953
63022.46836844118,33.71900177001953
63022.535257824486,33.80699920654297
63022.60214720779,33.84600067138672
63022.6690365911,33.84600067138672
63022.735925974404,33.86199951171875
63022.80281535771,33.86199951171875
63022.86970474102,33.86199951171875
63022.93659412432,33.83399963378906
63023.00348350763,33.821998596191406
63023.070372890936,33.821998596191406
63023.137262274235,33.92300033569336
63023.20415165754,33.92300033569336
63023.27104104085,33.92300033569336
63023.33793042415,33.82500076293945
63023.40481980746,33.81800079345703
63023.471709190766,33.81800079345703
63023.53859857407,33.849998474121094
63023.60548795738,33.849998474121094
63023.672377340685,33.849998474121094
63023.73926672399,34.00600051879883
63023.8061561073,33.790000915527344
63023.8730454906,33.790000915527344
63023.93993487391,33.874000549316406
63024.006824257216,33.874000549316406
63024.073713640515,33.874000549316406
63024.14060302382,33.874000549316406
63024.20749240713,33.94599914550781
63024.274381790434,33.94599914550781
63024.34127117374,33.869998931884766
63024.408160557046,33.869998931884766
63024.47504994035,33.73099899291992
63024.54193932366,33.73099899291992
63024.608828706965,33.73099899291992
63024.67571809027,33.847999572753906
63024.74260747358,33.847999572753906
63024.809496856884,33.89899826049805
63024.87638624019,33.92100143432617
63024.9432756235,33.92100143432617
63025.010165006795,33.75299835205078
63025.0770543901,33.75299835205078
63025.14394377341,33.75299835205078
63025.210833156714,33.92900085449219
63025.27772254002,33.82699966430664
63025.34461192333,33.82699966430664
63025.41150130663,33.78300094604492
63025.47839068994,33.78300094604492
63025.545280073246,33.78300094604492
63025.61216945655,33.763999938964844
63025.67905883986,33.685001373291016
63025.745948223164,33.685001373291016
63025.81283760647,33.827999114990234
63025.87972698978,33.827999114990234
63025.94661637308,33.827999114990234
63026.01350575638,33.784000396728516
63026.08039513969,33.83599853515625
63026.147284522995,33.83599853515625
63026.2141739063,33.821998596191406
63026.28106328961,33.81700134277344
63026.34795267291,33.81700134277344
63026.41484205622,33.81700134277344
63026.481731439526,33.74300003051758
63026.54862082283,33.74300003051758
63026.61551020614,33.71200180053711
63026.682399589445,33.71200180053711
63026.74928897275,33.80400085449219
63026.81617835606,33.80400085449219
63026.88306773936,33.80400085449219
63026.94995712266,33.737998962402344
63027.01684650597,33.744998931884766
63027.083735889275,33.744998931884766
63027.15062527258,33.819000244140625
63027.21751465589,33.819000244140625
63027.284404039194,33.819000244140625
63027.3512934225,33.779998779296875
63027.418182805806,33.79800033569336
63027.48507218911,33.79800033569336
63027.55196157242,33.87699890136719
63027.618850955725,33.87699890136719
63027.68574033903,33.87699890136719
63027.75262972234,33.875999450683594
63027.819519105644,33.73400115966797
63027.88640848895,33.73400115966797
63027.95329787225,33.81399917602539
63028.020187255555,33.81399917602539
63028.08707663886,33.81399917602539
63028.15396602217,33.77799987792969
63028.220855405474,33.90399932861328
63028.28774478878,33.90399932861328
63028.35463417209,33.887001037597656
63028.42152355539,33.95100021362305
63028.4884129387,33.95100021362305
63028.555302322005,33.95100021362305
63028.62219170531,33.90800094604492
63028.68908108862,33.90800094604492
63028.755970471924,33.92499923706055
63028.82285985523,33.89699935913086
63028.88974923853,33.89699935913086
63028.956638621836,33.89699935913086
63029.02352800514,33.89699935913086
63029.09041738845,33.88399887084961
63029.157306771755,33.80799865722656
63029.22419615506,33.80799865722656
63029.29108553837,33.88199996948242
63029.35797492167,33.88199996948242
63029.42486430498,33.88199996948242
63029.491753688286,33.736000061035156
63029.55864307159,33.849998474121094
63029.6255324549,33.849998474121094
63029.692421838205,33.86399841308594
63029.75931122151,33.86399841308594
63029.82620060482,33.86399841308594
63029.893089988116,33.79899978637695
63029.95997937142,33.79899978637695
63030.02686875473,33.736000061035156
63030.093758138035,33.74399948120117
63030.16064752134,33.74399948120117
63030.22753690465,33.854000091552734
63030.294426287954,33.854000091552734
63030.36131567126,33.854000091552734
63030.428205054566,33.83000183105469
63030.49509443787,33.81999969482422
63030.56198382118,33.81999969482422
63030.628873204485,33.85100173950195
63030.69576258779,33.82899856567383
63030.7626519711,33.82899856567383
63030.8295413544,33.82899856567383
63030.8964307377,33.749000549316406
63030.96332012101,33.749000549316406
63031.030209504315,33.85599899291992
63031.09709888762,33.85599899291992
63031.16398827093,33.867000579833984
63031.230877654234,33.867000579833984
63031.29776703754,33.867000579833984
63031.36465642085,33.80099868774414
63031.43154580415,33.91400146484375
63031.49843518746,33.91400146484375
63031.565324570765,33.82099914550781
63031.63221395407,33.82099914550781
63031.69910333738,33.82099914550781
63031.765992720684,33.816001892089844
63031.83288210398,33.91999816894531
63031.89977148729,33.91999816894531
63031.966660870596,33.965999603271484
63032.0335502539,33.965999603271484
63032.10043963721,33.965999603271484
63032.167329020514,33.91400146484375
63032.23421840382,33.926998138427734
63032.30110778713,33.926998138427734
63032.36799717043,33.89799880981445
63032.43488655374,33.89799880981445
63032.501775937046,33.89799880981445
63032.56866532035,33.91999816894531
63032.63555470366,33.89500045776367
63032.702444086965,33.89500045776367
63032.76933347026,33.9900016784668
63032.83622285357,33.92499923706055
63032.903112236876,33.92499923706055
63032.97000162018,33.92499923706055
63033.03689100349,34.00299835205078
63033.103780386795,34.00299835205078
63033.1706697701,33.93000030517578
63033.23755915341,33.970001220703125
63033.30444853671,33.970001220703125
63033.37133792002,33.970001220703125
63033.438227303326,33.970001220703125
63033.50511668663,33.845001220703125
63033.57200606994,33.79100036621094
63033.638895453245,33.79100036621094
63033.70578483655,33.90999984741211
63033.77267421985,33.90999984741211
63033.83956360316,33.90999984741211
63033.90645298646,33.819000244140625
63033.97334236977,33.88600158691406
63034.040231753075,33.88600158691406
63034.10712113638,33.880001068115234
63034.17401051969,33.880001068115234
63034.240899902994,33.880001068115234
63034.3077892863,33.770999908447266
63034.37467866961,33.75899887084961
63034.44156805291,33.75899887084961
63034.50845743622,33.82500076293945
63034.575346819525,33.82500076293945
63034.64223620283,33.82500076293945
63034.70912558613,33.85300064086914
63034.77601496944,33.83000183105469
63034.84290435274,33.83000183105469
63034.90979373605,33.89099884033203
63034.976683119356,33.89099884033203
63035.04357250266,33.91699981689453
63035.11046188597,34.10599899291992
63035.177351269274,34.10599899291992
63035.24424065258,34.10599899291992
63035.31113003589,34.10599899291992
63035.37801941919,34.0099983215332
63035.4449088025,34.040000915527344
63035.511798185806,34.040000915527344
63035.57868756911,33.981998443603516
63035.64557695242,33.981998443603516
63035.71246633572,33.981998443603516
63035.77935571902,33.92100143432617
63035.84624510233,33.82400131225586
63035.913134485636,33.82400131225586
63035.98002386894,33.85300064086914
63036.04691325225,33.85300064086914
63036.113802635555,33.85300064086914
63036.18069201886,33.9010009765625
63036.24758140217,33.922000885009766
63036.31447078547,33.922000885009766
63036.38136016878,33.86000061035156
63036.448249552086,33.86000061035156
63036.51513893539,33.86000061035156
63036.5820283187,33.974998474121094
63036.648917702,34.025001525878906
63036.715807085304,34.025001525878906
63036.78269646861,33.974998474121094
63036.849585851916,33.974998474121094
63036.91647523522,33.974998474121094
63036.98336461853,34.025001525878906
63037.050254001835,33.90399932861328
63037.11714338514,33.90399932861328
63037.18403276845,33.88800048828125
63037.250922151754,34.02199935913086
63037.31781153506,34.02199935913086
63037.38470091837,34.02199935913086
63037.45159030167,33.832000732421875
63037.51847968498,33.832000732421875
63037.585369068285,33.856998443603516
63037.652258451584,33.856998443603516
63037.71914783489,33.972999572753906
63037.7860372182,33.972999572753906
63037.8529266015,33.972999572753906
63037.91981598481,33.952999114990234
63037.986705368116,33.944000244140625
63038.05359475142,33.944000244140625
63038.12048413473,34.01100158691406
63038.187373518034,34.01100158691406
63038.25426290134,34.01100158691406
63038.32115228465,34.040000915527344
63038.38804166795,33.875999450683594
63038.45493105126,33.875999450683594
63038.521820434566,33.94599914550781
63038.588709817865,33.94599914550781
63038.65559920117,33.94599914550781
63038.72248858448,33.97700119018555
63038.78937796778,33.95399856567383
63038.85626735109,33.95399856567383
63038.923156734396,33.909000396728516
63038.9900461177,33.909000396728516
63039.05693550101,33.909000396728516
63039.123824884315,33.92499923706055
63039.19071426762,33.96799850463867
63039.25760365093,33.96799850463867
63039.32449303423,33.986000061035156
63039.39138241754,33.986000061035156
63039.458271800846,33.986000061035156
63039.525161184145,33.85200119018555
63039.59205056745,33.93600082397461
63039.65893995076,33.93600082397461
63039.725829334064,34.007999420166016
63039.79271871737,34.14500045776367
63039.859608100676,34.14500045776367
63039.92649748398,34.14500045776367
63039.99338686729,33.95600128173828
63040.060276250595,33.95600128173828
63040.1271656339,33.73699951171875
63040.19405501721,33.98099899291992
63040.260944400514,33.92100143432617
63040.32783378382,33.92100143432617
63040.394723167126,33.93000030517578
63040.46161255043,33.93000030517578
63040.52850193373,33.93000030517578
63040.59539131704,33.933998107910156
63040.662280700344,33.83000183105469
63040.72917008365,33.83000183105469
63040.79605946696,33.92599868774414
63040.86294885026,33.92599868774414
63040.92983823357,33.92599868774414
63040.996727616875,33.96799850463867
63041.06361700018,34.02199935913086
63041.13050638349,34.02199935913086
63041.197395766794,33.90299987792969
63041.2642851501,33.90299987792969
63041.33117453341,33.90299987792969
63041.39806391671,33.92300033569336
63041.46495330001,34.00199890136719
63041.53184268332,34.00199890136719
63041.598732066625,33.96500015258789
63041.66562144993,33.84299850463867
63041.73251083324,33.84299850463867
63041.79940021654,33.84299850463867
63041.86628959985,33.82600021362305
63041.933178983156,33.82600021362305
63042.00006836646,34.066001892089844
63042.06695774977,34.02899932861328
63042.133847133075,34.02899932861328
63042.20073651638,34.02899932861328
63042.26762589969,34.02899932861328
63042.33451528299,34.012001037597656
63042.4014046663,34.005001068115234
63042.4682940496,34.005001068115234
63042.535183432905,34.073001861572266
63042.60207281621,34.073001861572266
63042.66896219952,34.073001861572266
63042.735851582824,33.92499923706055
63042.80274096613,34.03900146484375
63042.869630349436,34.03900146484375
63042.93651973274,34.016998291015625
63043.00340911605,34.016998291015625
63043.070298499355,34.016998291015625
63043.13718788266,34.14899826049805
63043.20407726597,34.02899932861328
63043.270966649274,34.02899932861328
63043.33785603258,33.90599822998047
63043.40474541588,33.90599822998047
63043.471634799185,33.90599822998047
63043.53852418249,33.78200149536133
63043.6054135658,33.90599822998047
63043.672302949104,33.90599822998047
63043.73919233241,33.78200149536133
63043.80608171572,33.78200149536133
63043.87297109902,33.78200149536133
63043.93986048233,33.79899978637695
63044.006749865635,33.87799835205078
63044.07363924894,33.87799835205078
63044.14052863225,33.983001708984375
63044.207418015554,34.02799987792969
63044.27430739886,34.02799987792969
63044.34119678217,34.02799987792969
63044.408086165466,34.02799987792969
63044.47497554877,33.90599822998047
63044.54186493208,33.85300064086914
63044.608754315384,33.85300064086914
63044.67564369869,33.93600082397461
63044.742533082,33.93600082397461
63044.8094224653,33.93600082397461
63044.87631184861,33.97200012207031
63044.943201231916,33.987998962402344
63045.01009061522,33.987998962402344
63045.07697999853,33.95899963378906
63045.143869381835,33.95899963378906
63045.21075876514,33.95899963378906
63045.27764814845,34.15999984741211
63045.344537531746,34.15999984741211
63045.41142691505,33.9630012512207
63045.47831629836,33.98400115966797
63045.545205681665,33.98400115966797
63045.61209506497,33.99300003051758
63045.67898444828,33.99300003051758
63045.74587383158,33.99300003051758
63045.81276321489,33.99700164794922
63045.879652598196,34.06999969482422
63045.9465419815,34.06999969482422
63046.01343136481,33.994998931884766
63046.080320748115,33.994998931884766
63046.14721013142,33.994998931884766
63046.21409951473,33.85599899291992
63046.280988898034,33.902000427246094
63046.34787828133,33.902000427246094
63046.41476766464,33.887001037597656
63046.481657047945,33.887001037597656
63046.54854643125,33.845001220703125
63046.61543581456,33.845001220703125
63046.682325197864,33.845001220703125
63046.74921458117,33.93299865722656
63046.81610396448,33.97100067138672
63046.88299334778,33.97100067138672
63046.94988273109,33.98699951171875
63047.016772114395,33.98699951171875
63047.0836614977,33.98699951171875
63047.15055088101,33.95899963378906
63047.217440264314,33.80500030517578
63047.28432964761,33.80500030517578
63047.35121903092,33.98699951171875
63047.418108414226,33.98699951171875
63047.48499779753,33.98699951171875
63047.55188718084,33.92300033569336
63047.618776564144,33.930999755859375
63047.68566594745,33.930999755859375
63047.75255533076,33.792999267578125
63047.81944471406,33.792999267578125
63047.88633409737,33.792999267578125
63047.953223480676,33.94599914550781
63048.02011286398,33.90599822998047
63048.08700224729,33.90599822998047
63048.153891630594,33.95899963378906
63048.2207810139,33.981998443603516
63048.2876703972,33.981998443603516
63048.354559780506,33.981998443603516
63048.42144916381,34.0629997253418
63048.48833854712,34.0629997253418
63048.555227930425,34.13399887084961
63048.62211731373,34.13399887084961
63048.68900669704,34.05799865722656
63048.75589608034,34.05799865722656
63048.82278546365,34.05799865722656
63048.889674846956,34.09600067138672
63048.95656423026,34.04199981689453
63049.02345361357,34.04199981689453
63049.090342996875,33.983001708984375
63049.15723238018,33.983001708984375
63049.22412176348,33.983001708984375
63049.291011146786,34.0629997253418
63049.35790053009,34.027000427246094
63049.4247899134,34.027000427246094
63049.491679296705,34.012001037597656
63049.55856868001,34.012001037597656
63049.62545806332,34.012001037597656
63049.692347446624,34.11199951171875
63049.75923682993,33.90599822998047
63049.82612621324,33.90599822998047
63049.89301559654,33.959999084472656
63049.95990497985,33.959999084472656
63050.026794363155,33.959999084472656
63050.09368374646,34.018001556396484
63050.16057312976,33.97200012207031
63050.22746251307,33.97200012207031
63050.29435189637,33.987998962402344
63050.36124127968,33.987998962402344
63050.428130662985,33.994998931884766
63050.49502004629,33.994998931884766
63050.5619094296,33.99800109863281
63050.628798812904,33.99800109863281
63050.69568819621,33.99800109863281
63050.76257757952,34.034000396728516
63050.82946696282,34.01499938964844
63050.89635634613,34.01499938964844
63050.963245729436,33.8650016784668
63051.03013511274,33.8650016784668
63051.09702449605,33.8650016784668
63051.16391387935,34.012001037597656
63051.23080326265,33.86399841308594
63051.29769264596,33.86399841308594
63051.364582029266,33.941001892089844
63051.43147141257,33.941001892089844
63051.49836079588,33.941001892089844
63051.565250179185,33.9739990234375
63051.63213956249,34.060001373291016
63051.6990289458,34.060001373291016
63051.7659183291,34.13199996948242
63051.83280771241,34.13199996948242
63051.899697095716,34.13199996948242
63051.96658647902,34.09299850463867
63052.03347586233,34.040000915527344
63052.10036524563,34.040000915527344
63052.167254628934,34.053001403808594
63052.23414401224,34.09400177001953
63052.301033395546,34.09400177001953
63052.36792277885,34.09400177001953
63052.43481216216,34.111000061035156
63052.501701545465,34.111000061035156
63052.56859092877,34.11899948120117
63052.63548031208,34.12200164794922
63052.702369695384,34.12200164794922
63052.76925907869,34.12200164794922
63052.836148461996,34.12200164794922
63052.9030378453,34.053001403808594
63052.96992722861,34.02299880981445
63053.036816611915,34.02299880981445
63053.103705995214,34.08100128173828
63053.17059537852,34.08100128173828
63053.23748476183,34.08100128173828
63053.30437414513,33.9640007019043
63053.37126352844,33.98400115966797
63053.438152911745,33.98400115966797
63053.50504229505,33.95800018310547
63053.57193167836,33.95800018310547
63053.638821061664,33.95800018310547
63053.70571044497,34.016998291015625
63053.77259982828,33.97200012207031
63053.83948921158,33.97200012207031
63053.90637859489,34.058998107910156
63053.973267978196,34.058998107910156
63054.040157361494,34.058998107910156
63054.1070467448,33.88399887084961
63054.17393612811,33.95000076293945
63054.24082551141,33.95000076293945
63054.30771489472,34.013999938964844
63054.374604278026,34.013999938964844
63054.44149366133,34.013999938964844
63054.50838304464,34.11199951171875
63054.575272427945,34.11899948120117
63054.64216181125,34.11899948120117
63054.70905119456,33.98099899291992
63054.77594057786,33.95600128173828
63054.84282996117,33.95600128173828
63054.909719344476,33.95600128173828
63054.97660872778,33.98099899291992
63055.04349811108,33.98099899291992
63055.11038749439,33.992000579833984
63055.177276877694,33.992000579833984
63055.244166261,33.92599868774414
63055.311055644306,33.92599868774414
63055.37794502761,33.92599868774414
63055.44483441092,34.11000061035156
63055.511723794225,34.11000061035156
63055.57861317753,34.11800003051758
63055.64550256084,34.01599884033203
63055.712391944144,34.01599884033203
63055.77928132745,34.077999114990234
63055.846170710756,34.077999114990234
63055.91306009406,34.077999114990234
63055.97994947736,34.034000396728516
63056.04683886067,34.01499938964844
63056.113728243974,34.01499938964844
63056.18061762728,34.00600051879883
63056.24750701059,34.00600051879883
63056.31439639389,34.00600051879883
63056.3812857772,33.82500076293945
63056.448175160505,33.854000091552734
63056.51506454381,33.854000091552734
63056.58195392712,34.042999267578125
63056.648843310424,34.042999267578125
63056.71573269373,34.042999267578125
63056.78262207704,34.01900100708008
63056.84951146034,33.9370002746582
63056.91640084365,33.9370002746582
63056.98329022695,33.9370002746582
63057.050179610254,34.1150016784668
63057.11706899356,34.1150016784668
63057.18395837687,34.1150016784668
63057.25084776017,34.04999923706055
63057.31773714348,34.04999923706055
63057.384626526786,34.05699920654297
63057.45151591009,34.05699920654297
63057.5184052934,33.98899841308594
63057.585294676705,33.98899841308594
63057.65218406001,33.98899841308594
63057.71907344332,34.066001892089844
63057.78596282662,34.06399917602539
63057.85285220993,34.06399917602539
63057.91974159323,34.0629997253418
63057.986630976535,34.0629997253418
63058.05352035984,34.0629997253418
63058.12040974315,33.92100143432617
63058.18729912645,34.108001708984375
63058.25418850976,34.108001708984375
63058.321077893066,34.15299987792969
63058.38796727637,34.15299987792969
63058.45485665968,34.15299987792969
63058.521746042985,34.137001037597656
63058.58863542629,34.20100021362305
63058.6555248096,34.20100021362305
63058.722414192904,34.229000091552734
63058.78930357621,34.229000091552734
63058.856192959516,34.229000091552734
63058.923082342815,34.13399887084961
63058.98997172612,34.20000076293945
63059.05686110943,34.20000076293945
63059.123750492734,34.01599884033203
63059.19063987604,34.01599884033203
63059.25752925935,34.01599884033203
63059.32441864265,34.14899826049805
63059.39130802596,34.099998474121094
63059.458197409265,34.099998474121094
63059.52508679257,34.042999267578125
63059.59197617588,34.05400085449219
63059.658865559184,34.05400085449219
63059.72575494249,34.05400085449219
63059.7926443258,34.09400177001953
63059.859533709096,34.09400177001953
63059.9264230924,34.04100036621094
63059.99331247571,34.159000396728516
63060.060201859014,34.159000396728516
63060.12709124232,34.159000396728516
63060.19398062563,34.159000396728516
63060.26087000893,34.104000091552734
63060.32775939224,34.08100128173828
63060.394648775546,34.08100128173828
63060.46153815885,34.176998138427734
63060.52842754216,34.176998138427734
63060.595316925464,34.176998138427734
63060.66220630877,34.18299865722656
63060.72909569208,34.18299865722656
63060.79598507538,34.04399871826172
63060.86287445868,34.1609992980957
63060.92976384199,34.1609992980957
63060.996653225295,34.17599868774414
63061.0635426086,34.17599868774414
63061.13043199191,34.17599868774414
63061.19732137521,34.21799850463867
63061.26421075852,34.09400177001953
63061.331100141826,34.09400177001953
63061.39798952513,34.14699935913086
63061.46487890844,34.20600128173828
63061.531768291745,34.20600128173828
63061.59865767505,34.20600128173828
63061.66554705836,34.124000549316406
63061.73243644166,34.124000549316406
63061.79932582496,34.19599914550781
63061.86621520827,34.297000885009766
63061.933104591575,34.297000885009766
63061.99999397488,34.297000885009766
63062.06688335819,34.297000885009766
63062.133772741494,34.23500061035156
63062.2006621248,34.31399917602539
63062.26755150811,34.31399917602539
63062.33444089141,34.172000885009766
63062.40133027472,34.172000885009766
63062.468219658025,34.172000885009766
63062.53510904133,34.180999755859375
63062.60199842464,34.29100036621094
63062.668887807944,34.29100036621094
63062.73577719125,34.196998596191406
63062.80266657455,34.196998596191406
63062.869555957855,34.196998596191406
63062.93644534116,34.04999923706055
63063.00333472447,34.12799835205078
63063.070224107774,34.12799835205078
63063.13711349108,34.05500030517578
63063.20400287439,34.05500030517578
63063.27089225769,34.05500030517578
63063.337781641,34.16600036621094
63063.404671024306,34.143001556396484
63063.47156040761,34.143001556396484
63063.53844979092,34.09700012207031
63063.605339174224,34.09700012207031
63063.67222855753,34.09700012207031
63063.73911794083,34.14799880981445
63063.806007324136,34.02899932861328
63063.87289670744,34.02899932861328
63063.93978609075,34.04800033569336
63064.006675474055,34.09199905395508
63064.07356485736,34.09199905395508
63064.14045424067,34.09199905395508
63064.20734362397,34.09199905395508
63064.27423300728,34.28799819946289
63064.341122390586,34.23099899291992
63064.40801177389,34.23099899291992
63064.4749011572,34.20600128173828
63064.541790540505,34.20600128173828
63064.60867992381,34.20600128173828
63064.67556930711,34.23099899291992
63064.742458690416,34.242000579833984
63064.80934807372,34.242000579833984
63064.87623745703,34.10499954223633
63064.943126840335,34.10499954223633
63065.01001622364,34.10499954223633
63065.07690560695,34.152000427246094
63065.143794990254,34.029998779296875
63065.21068437356,34.029998779296875
63065.277573756866,34.04899978637695
63065.34446314017,34.04899978637695
63065.41135252348,34.04899978637695
63065.478241906785,34.09199905395508
63065.54513129009,34.07500076293945
63065.6120206734,34.07500076293945
63065.6789100567,34.03300094604492
63065.74579944,34.03300094604492
63065.81268882331,34.084999084472656
63065.879578206615,34.084999084472656
63065.94646758992,34.084999084472656
63066.01335697323,34.071998596191406
63066.080246356534,34.13800048828125
63066.14713573984,34.13800048828125
63066.21402512315,34.095001220703125
63066.28091450645,34.14699935913086
63066.34780388976,34.14699935913086
63066.414693273065,34.14699935913086
63066.48158265637,33.922000885009766
63066.54847203968,33.922000885009766
63066.61536142298,34.00199890136719
63066.68225080628,34.0359992980957
63066.74914018959,34.0359992980957
63066.816029572896,34.0359992980957
63066.8829189562,34.0359992980957
63066.94980833951,34.15700149536133
63067.016697722815,34.138999938964844
63067.08358710612,34.138999938964844
63067.15047648943,34.16699981689453
63067.21736587273,34.16699981689453
63067.28425525604,34.16699981689453
63067.351144639346,34.108001708984375
63067.41803402265,34.1879997253418
63067.48492340596,34.1879997253418
63067.551812789265,34.222999572753906
63067.618702172564,34.222999572753906
63067.68559155587,34.222999572753906
63067.752480939176,34.202999114990234
63067.81937032248,34.0880012512207
63067.88625970579,34.0880012512207
63067.953149089095,34.18000030517578
63068.0200384724,34.18000030517578
63068.08692785571,34.18000030517578
63068.153817239014,34.183998107910156
63068.22070662232,34.1510009765625
63068.287596005626,34.1510009765625
63068.35448538893,34.207000732421875
63068.42137477224,34.207000732421875
63068.488264155545,34.207000732421875
63068.555153538844,34.15999984741211
63068.62204292215,34.10499954223633
63068.68893230546,34.10499954223633
63068.75582168876,34.257999420166016
63068.82271107207,34.25400161743164
63068.889600455375,34.25400161743164
63068.95648983868,34.25400161743164
63069.02337922199,34.14500045776367
63069.090268605294,34.14500045776367
63069.1571579886,34.16899871826172
63069.22404737191,34.16899871826172
63069.29093675521,34.073001861572266
63069.35782613852,34.073001861572266
63069.424715521825,34.073001861572266
63069.49160490513,34.24399948120117
63069.55849428843,34.24800109863281
63069.62538367174,34.24800109863281
63069.69227305504,34.178001403808594
63069.75916243835,34.178001403808594
63069.826051821656,34.178001403808594
63069.89294120496,34.21900177001953
63069.95983058827,34.130001068115234
63070.026719971574,34.130001068115234
63070.09360935488,34.12699890136719
63070.16049873819,34.12699890136719
63070.22738812149,34.12699890136719
63070.2942775048,34.1609992980957
63070.361166888106,34.034000396728516
63070.42805627141,34.034000396728516
63070.49494565471,34.04999923706055
63070.56183503802,34.04999923706055
63070.62872442132,34.04999923706055
63070.69561380463,34.12799835205078
63070.762503187936,34.1619987487793
63070.82939257124,34.1619987487793
63070.89628195455,34.17599868774414
63070.963171337855,34.17599868774414
63071.03006072116,34.18299865722656
63071.09695010447,34.18299865722656
63071.163839487774,34.1150016784668
63071.23072887108,34.1150016784668
63071.297618254386,34.1150016784668
63071.36450763769,34.084999084472656
63071.431397021,34.2140007019043
63071.4982864043,34.2140007019043
63071.565175787604,34.16400146484375
63071.63206517091,34.16400146484375
63071.69895455422,34.16400146484375
63071.76584393752,34.141998291015625
63071.83273332083,34.167999267578125
63071.899622704135,34.167999267578125
63071.96651208744,34.17900085449219
63072.03340147075,34.17900085449219
63072.100290854054,34.17900085449219
63072.16718023736,34.183998107910156
63072.23406962067,34.25699996948242
63072.30095900397,34.25699996948242
63072.36784838728,34.25299835205078
63072.43473777058,34.25299835205078
63072.501627153884,34.25299835205078
63072.56851653719,34.03900146484375
63072.6354059205,34.12300109863281
63072.7022953038,34.12300109863281
63072.76918468711,34.23099899291992
63072.836074070416,34.099998474121094
63072.90296345372,34.099998474121094
63072.96985283703,34.099998474121094
63073.036742220334,34.220001220703125
63073.10363160364,34.220001220703125
63073.17052098695,34.30799865722656
63073.23741037025,34.30799865722656
63073.30429975356,34.20399856567383
63073.371189136866,34.20399856567383
63073.438078520165,34.20399856567383
63073.50496790347,34.19499969482422
63073.57185728678,34.22600173950195
63073.63874667008,34.22600173950195
63073.70563605339,34.027000427246094
63073.772525436696,34.027000427246094
63073.83941482,34.027000427246094
63073.90630420331,34.15299987792969
63073.973193586615,34.20800018310547
63074.04008296992,34.20800018310547
63074.10697235323,34.19599914550781
63074.17386173653,34.19599914550781
63074.24075111984,34.19599914550781
63074.307640503146,34.29800033569336
63074.374529886445,34.305999755859375
63074.44141926975,34.305999755859375
63074.50830865306,34.310001373291016
63074.575198036364,34.310001373291016
63074.64208741967,34.310001373291016
63074.70897680298,34.16899871826172
63074.77586618628,34.2859992980957
63074.84275556959,34.2859992980957
63074.909644952895,34.33700180053711
63074.9765343362,34.39400100708008
63075.04342371951,34.39400100708008
63075.110313102814,34.39400100708008
63075.17720248612,34.1349983215332
63075.24409186943,34.1349983215332
63075.31098125273,34.20000076293945
63075.37787063603,34.263999938964844
63075.44476001934,34.263999938964844
63075.511649402644,34.263999938964844
63075.57853878595,34.263999938964844
63075.64542816926,34.185001373291016
63075.71231755256,34.292999267578125
63075.77920693587,34.292999267578125
63075.846096319176,34.30400085449219
63075.91298570248,34.30400085449219
63075.97987508579,34.30400085449219
63076.046764469094,34.237998962402344
63076.1136538524,34.237998962402344
63076.18054323571,34.17399978637695
63076.24743261901,34.145999908447266
63076.31432200231,34.145999908447266
63076.38121138562,34.20500183105469
63076.448100768925,34.20500183105469
63076.51499015223,34.20500183105469
63076.58187953554,34.018001556396484
63076.64876891884,34.150001525878906
63076.71565830215,34.150001525878906
63076.782547685456,34.242000579833984
63076.84943706876,34.242000579833984
63076.91632645207,34.242000579833984
63076.983215835375,34.10499954223633
63077.05010521868,34.152000427246094
63077.11699460199,34.152000427246094
63077.18388398529,34.3489990234375
63077.25077336859,34.257999420166016
63077.3176627519,34.257999420166016
63077.384552135205,34.257999420166016
63077.45144151851,34.111000061035156
63077.51833090182,34.111000061035156
63077.585220285124,34.154998779296875
63077.65210966843,34.154998779296875
63077.718999051736,34.24399948120117
63077.78588843504,34.24399948120117
63077.85277781835,34.24399948120117
63077.919667201655,34.21200180053711
63077.98655658496,34.12699890136719
63078.05344596827,34.12699890136719
63078.120335351574,34.196998596191406
63078.18722473488,34.196998596191406
63078.25411411818,34.196998596191406
63078.321003501485,34.36899948120117
63078.38789288479,34.26599884033203
63078.4547822681,34.26599884033203
63078.521671651404,34.25699996948242
63078.58856103471,34.25699996948242
63078.65545041802,34.25699996948242
63078.72233980132,34.18199920654297
63078.78922918463,34.25600051879883
63078.856118567935,34.25600051879883
63078.92300795124,34.18199920654297
63078.98989733455,34.18199920654297
63079.056786717854,34.18199920654297
63079.12367610116,34.29100036621094
63079.19056548446,34.40999984741211
63079.257454867766,34.40999984741211
63079.32434425107,34.35499954223633
63079.39123363438,34.36600112915039
63079.458123017685,34.36600112915039
63079.52501240099,34.36600112915039
63079.5919017843,34.26499938964844
63079.6587911676,34.26499938964844
63079.72568055091,34.25600051879883
63079.792569934216,34.25600051879883
63079.85945931752,34.18199920654297
63079.92634870083,34.18199920654297
63079.993238084135,34.18199920654297
63080.06012746744,34.150001525878906
63080.12701685075,34.13600158691406
63080.193906234046,34.13600158691406
63080.26079561735,34.165000915527344
63080.32768500066,34.165000915527344
63080.394574383965,34.165000915527344
63080.46146376727,34.106998443603516
63080.52835315058,34.117000579833984
63080.595242533884,34.117000579833984
63080.66213191719,34.12200164794922
63080.729021300496,34.12200164794922
63080.7959106838,34.12200164794922
63080.86280006711,34.0880012512207
63080.929689450415,34.18000030517578
63080.99657883372,34.18000030517578
63081.06346821703,34.183998107910156
63081.13035760033,34.183998107910156
63081.19724698363,34.25699996948242
63081.26413636694,34.25699996948242
63081.331025750245,34.25699996948242
63081.39791513355,34.21799850463867
63081.46480451686,34.30699920654297
63081.531693900164,34.30699920654297
63081.59858328347,34.23899841308594
63081.66547266678,34.23899841308594
63081.73236205008,34.23899841308594
63081.79925143339,34.35200119018555
63081.866140816695,34.222999572753906
63081.9330302,34.222999572753906
63081.99991958331,34.237998962402344
63082.066808966614,34.237998962402344
63082.13369834991,34.244998931884766
63082.20058773322,34.244998931884766
63082.267477116526,34.244998931884766
63082.33436649983,34.176998138427734
63082.40125588314,34.395999908447266
63082.468145266444,34.395999908447266
63082.53503464975,34.41899871826172
63082.60192403306,34.41899871826172
63082.66881341636,34.41899871826172
63082.73570279967,34.21699905395508
63082.802592182976,34.165000915527344
63082.86948156628,34.165000915527344
63082.93637094959,34.249000549316406
63083.003260332895,34.249000549316406
63083.07014971619,34.249000549316406
63083.1370390995,34.35599899291992
63083.203928482806,34.33100128173828
63083.27081786611,34.33100128173828
63083.33770724942,34.28499984741211
63083.404596632725,34.28499984741211
63083.47148601603,34.28499984741211
63083.53837539934,34.22999954223633
63083.605264782644,34.382999420166016
63083.67215416595,34.382999420166016
63083.739043549256,34.30799865722656
63083.80593293256,34.275001525878906
63083.87282231587,34.275001525878906
63083.939711699175,34.275001525878906
63084.00660108248,34.275001525878906
63084.07349046578,34.15399932861328
63084.14037984909,34.17300033569336
63084.20726923239,34.17300033569336
63084.2741586157,34.28799819946289
63084.341047999005,34.28799819946289
63084.40793738231,34.28799819946289
63084.47482676562,34.40800094604492
63084.541716148924,34.354000091552734
63084.60860553223,34.354000091552734
63084.67549491554,34.33000183105469
63084.74238429884,34.33000183105469
63084.80927368215,34.33000183105469
63084.876163065455,34.46200180053711
63084.94305244876,34.270999908447266
63085.00994183206,34.270999908447266
63085.07683121537,34.29399871826172
63085.14372059867,34.29399871826172
63085.21060998198,34.29399871826172
63085.277499365286,34.34000015258789
63085.34438874859,34.25400161743164
63085.4112781319,34.25400161743164
63085.478167515204,34.25199890136719
63085.54505689851,34.25199890136719
63085.61194628182,34.25199890136719
63085.67883566512,34.2859992980957
63085.74572504843,34.30099868774414
63085.812614431736,34.30099868774414
63085.87950381504,34.34299850463867
63085.94639319835,34.32600021362305
63086.01328258165,34.32600021362305
63086.08017196495,34.32600021362305
63086.14706134826,34.32600021362305
63086.213950731566,34.28300094604492
63086.28084011487,34.28300094604492
63086.34772949818,34.29999923706055
63086.414618881485,34.236000061035156
63086.48150826479,34.236000061035156
63086.5483976481,34.24399948120117
63086.6152870314,34.24399948120117
63086.68217641471,34.24399948120117
63086.749065798016,34.14099884033203
63086.81595518132,34.13199996948242
63086.88284456463,34.13199996948242
63086.94973394793,34.23400115966797
63087.016623331234,34.23400115966797
63087.08351271454,34.23400115966797
63087.15040209785,34.27899932861328
63087.21729148115,34.33300018310547
63087.28418086446,34.33300018310547
63087.351070247765,34.2859992980957
63087.41795963107,34.2859992980957
63087.48484901438,34.2859992980957
63087.551738397684,34.40700149536133
63087.61862778099,34.354000091552734
63087.6855171643,34.354000091552734
63087.7524065476,34.29499816894531
63087.81929593091,34.26900100708008
63087.886185314215,34.26900100708008
63087.953074697514,34.26900100708008
63088.01996408082,34.26900100708008
63088.08685346413,34.35499954223633
63088.15374284743,34.35499954223633
63088.22063223074,34.36600112915039
63088.287521614046,34.36600112915039
63088.35441099735,34.36600112915039
63088.42130038066,34.29999923706055
63088.488189763964,34.37799835205078
63088.55507914727,34.37799835205078
63088.62196853058,34.4119987487793
63088.68885791388,34.4119987487793
63088.75574729719,34.4119987487793
63088.822636680496,34.249000549316406
63088.889526063795,34.2140007019043
63088.9564154471,34.2140007019043
63089.02330483041,34.30500030517578
63089.09019421371,34.30500030517578
63089.15708359702,34.30500030517578
63089.223972980326,34.202999114990234
63089.29086236363,34.22999954223633
63089.35775174694,34.22999954223633
63089.424641130245,34.1349983215332
63089.49153051355,34.1349983215332
63089.55841989686,34.1349983215332
63089.62530928016,34.270999908447266
63089.69219866347,34.29499816894531
63089.759088046776,34.29499816894531
63089.82597743008,34.26900100708008
63089.89286681338,34.29399871826172
63089.95975619669,34.29399871826172
63090.026645579994,34.29399871826172
63090.0935349633,34.30400085449219
63090.160424346606,34.30400085449219
63090.22731372991,34.34400177001953
63090.29420311322,34.34400177001953
63090.361092496525,34.32600021362305
63090.42798187983,34.32600021362305
63090.49487126314,34.32600021362305
63090.561760646444,34.31800079345703
63090.62865002975,34.42100143432617
63090.69553941306,34.42100143432617
63090.76242879636,34.32400131225586
63090.82931817966,34.32400131225586
63090.89620756297,34.32400131225586
63090.963096946274,34.24700164794922
63091.02998632958,34.2130012512207
63091.09687571289,34.2130012512207
63091.16376509619,34.23400115966797
63091.2306544795,34.23400115966797
63091.297543862805,34.23400115966797
63091.36443324611,34.3849983215332
63091.43132262942,34.3849983215332
63091.498212012724,34.30799865722656
63091.56510139603,34.31100082397461
63091.63199077934,34.31100082397461
63091.69888016264,34.34700012207031
63091.76576954594,34.34700012207031
63091.83265892925,34.34700012207031
63091.899548312555,34.39799880981445
63091.96643769586,34.31399917602539
63092.03332707917,34.31399917602539
63092.10021646247,34.38399887084961
63092.16710584578,34.30799865722656
63092.233995229086,34.30799865722656
63092.30088461239,34.30799865722656
63092.3677739957,34.31100082397461
63092.434663379005,34.31100082397461
63092.50155276231,34.3120002746582
63092.56844214562,34.24100112915039
63092.63533152892,34.24100112915039
63092.70222091223,34.24100112915039
63092.76911029553,34.24100112915039
63092.835999678835,34.28200149536133
63092.90288906214,34.369998931884766
63092.96977844545,34.369998931884766
63093.036667828754,34.33700180053711
63093.10355721206,34.33700180053711
63093.170446595366,34.33700180053711
63093.23733597867,34.46500015258789
63093.30422536198,34.44900131225586
63093.371114745285,34.44900131225586
63093.43800412859,34.33599853515625
63093.5048935119,34.33599853515625
63093.571782895204,34.33599853515625
63093.63867227851,34.323001861572266
63093.70556166181,34.28099822998047
63093.772451045115,34.28099822998047
63093.83934042842,34.441001892089844
63093.90622981173,34.441001892089844
63093.973119195034,34.441001892089844
63094.04000857834,34.5099983215332
63094.10689796165,34.36199951171875
63094.17378734495,34.36199951171875
63094.24067672826,34.29899978637695
63094.307566111565,34.29899978637695
63094.37445549487,34.29899978637695
63094.44134487818,34.30699920654297
63094.508234261484,34.345001220703125
63094.57512364479,34.345001220703125
63094.6420130281,34.29100036621094
63094.708902411396,34.268001556396484
63094.7757917947,34.268001556396484
63094.84268117801,34.268001556396484
63094.909570561314,34.292999267578125
63094.97645994462,34.292999267578125
63095.04334932793,34.34000015258789
63095.11023871123,34.34000015258789
63095.17712809454,34.32400131225586
63095.244017477846,34.32400131225586
63095.31090686115,34.32400131225586
63095.37779624446,34.38800048828125
63095.444685627765,34.38100051879883
63095.51157501107,34.38100051879883
63095.57846439438,34.34199905395508
63095.645353777676,34.34199905395508
63095.71224316098,34.34199905395508
63095.77913254429,34.361000061035156
63095.846021927595,34.36899948120117
63095.9129113109,34.36899948120117
63095.97980069421,34.33700180053711
63096.04669007751,34.33700180053711
63096.11357946082,34.33700180053711
63096.180468844126,34.46500015258789
63096.24735822743,34.34299850463867
63096.31424761074,34.34299850463867
63096.381136994045,34.361000061035156
63096.44802637735,34.361000061035156
63096.51491576066,34.33399963378906
63096.581805143964,34.393001556396484
63096.64869452726,34.393001556396484
63096.71558391057,34.393001556396484
63096.782473293875,34.3120002746582
63096.84936267718,34.3120002746582
63096.91625206049,34.382999420166016
63096.983141443794,34.382999420166016
63097.0500308271,34.30799865722656
63097.11692021041,34.30799865722656
63097.18380959371,34.30799865722656
63097.25069897702,34.34600067138672
63097.317588360325,34.39799880981445
63097.38447774363,34.39799880981445
63097.45136712694,34.49100112915039
63097.518256510244,34.49100112915039
63097.58514589354,34.49100112915039
63097.65203527685,34.42499923706055
63097.718924660156,34.46799850463867
63097.78581404346,34.46799850463867
63097.85270342677,34.380001068115234
63097.919592810074,34.380001068115234
63097.98648219338,34.380001068115234
63098.05337157669,34.4119987487793
63098.12026095999,34.249000549316406
63098.1871503433,34.249000549316406
63098.254039726606,34.35599899291992
63098.32092910991,34.35599899291992
63098.38781849322,34.35599899291992
63098.454707876524,34.29600143432617
63098.52159725983,34.27000045776367
63098.58848664313,34.27000045776367
63098.655376026436,34.3650016784668
63098.72226540974,34.44200134277344
63098.78915479305,34.44200134277344
63098.856044176355,34.44200134277344
63098.92293355966,34.297000885009766
63098.98982294297,34.297000885009766
63099.05671232627,34.37699890136719
63099.12360170958,34.37699890136719
63099.190491092886,34.4109992980957
63099.25738047619,34.4109992980957
63099.3242698595,34.4109992980957
63099.391159242805,34.53300094604492
63099.45804862611,34.479000091552734
63099.52493800941,34.479000091552734
63099.59182739272,34.3489990234375
63099.65871677602,34.3489990234375
63099.72560615933,34.3489990234375
63099.792495542635,34.292999267578125
63099.85938492594,34.26900100708008
63099.92627430925,34.26900100708008
63099.993163692554,34.32899856567383
63100.06005307586,34.32899856567383
63100.12694245917,34.32899856567383
63100.19383184247,34.284000396728516
63100.26072122578,34.33599853515625
63100.327610609085,34.33599853515625
63100.39449999239,34.393001556396484
63100.4613893757,34.393001556396484
63100.528278759,34.393001556396484
63100.5951681423,34.417999267578125
63100.66205752561,34.39400100708008
63100.728946908916,34.39400100708008
63100.79583629222,34.382999420166016
63100.86272567553,34.382999420166016
63100.929615058834,34.382999420166016
63100.99650444214,34.44900131225586
63101.06339382545,34.54899978637695
63101.13028320875,34.54899978637695
63101.19717259206,34.415000915527344
63101.264061975366,34.391998291015625
63101.33095135867,34.391998291015625
63101.39784074198,34.391998291015625
63101.46473012528,34.38199996948242
63101.53161950858,34.38199996948242
63101.59850889189,33.73699951171875
63101.665398275196,34.44900131225586
63101.7322876585,34.40700149536133
63101.79917704181,34.40700149536133
63101.866066425115,34.494998931884766
63101.93295580842,34.494998931884766
63101.99984519173,34.494998931884766
63102.06673457503,34.426998138427734
63102.13362395834,34.53900146484375
63102.200513341646,34.53900146484375
63102.26740272495,34.44599914550781
63102.33429210826,34.44599914550781
63102.401181491565,34.44599914550781
63102.468070874864,34.334999084472656
63102.53496025817,34.393001556396484
63102.601849641476,34.393001556396484
63102.66873902478,34.3120002746582
63102.73562840809,34.3120002746582
63102.802517791395,34.3120002746582
63102.8694071747,34.382999420166016
63102.93629655801,34.37900161743164
63103.003185941314,34.37900161743164
63103.07007532462,34.4119987487793
63103.13696470793,34.35599899291992
63103.20385409123,34.35599899291992
63103.27074347454,34.35599899291992
63103.337632857845,34.2599983215332
63103.404522241144,34.2599983215332
63103.47141162445,34.395999908447266
63103.53830100776,34.395999908447266
63103.60519039106,34.38399887084961
63103.67207977437,34.38399887084961
63103.738969157675,34.38399887084961
63103.80585854098,34.37900161743164
63103.87274792429,34.37699890136719
63103.939637307594,34.37699890136719
63104.0065266909,34.34000015258789
63104.07341607421,34.34000015258789
63104.14030545751,34.34000015258789
63104.20719484082,34.36000061035156
63104.274084224126,34.36800003051758
63104.340973607425,34.36800003051758
63104.40786299073,34.40800094604492
63104.47475237404,34.40800094604492
63104.54164175734,34.40800094604492
63104.60853114065,34.459999084472656
63104.675420523956,34.340999603271484
63104.74230990726,34.340999603271484
63104.80919929057,34.46699905395508
63104.876088673875,34.46699905395508
63104.94297805718,34.46699905395508
63105.00986744049,34.34400177001953
63105.07675682379,34.39699935913086
63105.1436462071,34.39699935913086
63105.210535590406,34.5260009765625
63105.27742497371,34.5260009765625
63105.34431435701,34.5260009765625
63105.41120374032,34.582000732421875
63105.478093123624,34.39400100708008
63105.54498250693,34.39400100708008
63105.611871890236,34.525001525878906
63105.67876127354,34.40399932861328
63105.74565065685,34.40399932861328
63105.812540040155,34.40399932861328
63105.87942942346,34.40399932861328
63105.94631880677,34.31700134277344
63106.013208190074,34.27899932861328
63106.08009757338,34.27899932861328
63106.146986956686,34.33300018310547
63106.21387633999,34.33300018310547
63106.28076572329,34.33300018310547
63106.3476551066,34.356998443603516
63106.414544489904,34.40299987792969
63106.48143387321,34.40299987792969
63106.54832325652,34.316001892089844
63106.61521263982,34.316001892089844
63106.68210202313,34.316001892089844
63106.748991406435,34.3849983215332
63106.81588078974,34.3849983215332
63106.88277017305,34.30799865722656
63106.949659556354,34.41699981689453
63107.01654893966,34.41699981689453
63107.08343832297,34.358001708984375
63107.15032770627,34.358001708984375
63107.21721708958,34.358001708984375
63107.28410647288,34.40299987792969
63107.350995856184,34.42300033569336
63107.41788523949,34.42300033569336
63107.4847746228,34.50199890136719
63107.5516640061,34.50199890136719
63107.61855338941,34.50199890136719
63107.685442772716,34.5359992980957
63107.75233215602,34.55099868774414
63107.81922153933,34.55099868774414
63107.886110922635,34.380001068115234
63107.95300030594,34.41299819946289
63108.01988968925,34.41299819946289
63108.08677907255,34.41299819946289
63108.15366845586,34.41299819946289
63108.22055783916,34.49800109863281
63108.287447222465,34.393001556396484
63108.35433660577,34.393001556396484
63108.42122598908,34.34700012207031
63108.48811537238,34.34700012207031
63108.55500475569,34.34700012207031
63108.621894138996,34.39799880981445
63108.6887835223,34.5620002746582
63108.75567290561,34.5620002746582
63108.822562288915,34.632999420166016
63108.88945167222,34.632999420166016
63108.95634105553,34.632999420166016
63109.023230438834,34.62900161743164
63109.09011982214,34.52000045776367
63109.157009205446,34.52000045776367
63109.223898588745,34.54399871826172
63109.29078797205,34.54399871826172
63109.35767735536,34.54399871826172
63109.424566738664,34.55500030517578
63109.49145612197,34.52399826049805
63109.55834550528,34.52399826049805
63109.62523488858,34.58100128173828
63109.69212427189,34.58100128173828
63109.759013655195,34.58100128173828
63109.8259030385,34.5
63109.89279242181,34.5
63109.959681805114,34.5
63110.02657118842,34.4640007019043
63110.09346057173,34.41400146484375
63110.160349955026,34.41400146484375
63110.22723933833,34.41400146484375
63110.29412872164,34.49800109863281
63110.361018104944,34.49800109863281
63110.42790748825,34.356998443603516
63110.49479687156,34.367000579833984
63110.56168625486,34.367000579833984
63110.62857563817,34.367000579833984
63110.695465021476,34.367000579833984
63110.76235440478,34.37200164794922
63110.82924378809,34.444000244140625
63110.896133171394,34.444000244140625
63110.9630225547,34.51100158691406
63111.02991193801,34.51100158691406
63111.09680132131,34.51100158691406
63111.16369070461,34.39899826049805
63111.23058008792,34.45600128173828
63111.297469471225,34.45600128173828
63111.36435885453,34.58700180053711
63111.43124823784,34.58700180053711
63111.49813762114,34.58700180053711
63111.56502700445,34.573001861572266
63111.631916387756,34.49599838256836
63111.69880577106,34.49599838256836
63111.76569515437,34.49800109863281
63111.832584537675,34.49800109863281
63111.89947392098,34.4640007019043
63111.96636330429,34.4640007019043
63112.03325268759,34.4640007019043
63112.10014207089,34.44900131225586
63112.1670314542,34.47800064086914
63112.233920837505,34.47800064086914
63112.30081022081,34.4900016784668
63112.36769960412,34.56700134277344
63112.434588987424,34.56700134277344
63112.50147837073,34.56700134277344
63112.56836775404,34.56399917602539
63112.63525713734,34.56399917602539
63112.70214652065,34.52799987792969
63112.769035903955,34.52799987792969
63112.83592528726,34.65399932861328
63112.90281467057,34.65399932861328
63112.969704053874,34.65399932861328
63113.03659343718,34.637001037597656
63113.10348282048,34.66600036621094
63113.170372203786,34.66600036621094
63113.23726158709,34.606998443603516
63113.3041509704,34.606998443603516
63113.371040353704,34.606998443603516
63113.43792973701,34.439998626708984
63113.50481912032,34.36800003051758
63113.57170850362,34.36800003051758
63113.63859788693,34.40700149536133
63113.705487270236,34.40700149536133
63113.77237665354,34.40700149536133
63113.83926603685,34.42399978637695
63113.906155420154,34.43199920654297
63113.97304480346,34.43199920654297
63114.03993418676,34.400001525878906
63114.106823570066,34.400001525878906
63114.17371295337,34.400001525878906
63114.24060233668,34.457000732421875
63114.307491719985,34.40999984741211
63114.37438110329,34.40999984741211
63114.4412704866,34.35499954223633
63114.5081598699,34.35499954223633
63114.57504925321,34.35499954223633
63114.641938636516,34.57899856567383
63114.70882801982,34.4630012512207
63114.77571740313,34.4630012512207
63114.842606786435,34.52000045776367
63114.90949616974,34.52000045776367
63114.97638555305,34.472999572753906
63115.043274936346,34.472999572753906
63115.11016431965,34.472999572753906
63115.17705370296,34.66600036621094
63115.243943086265,34.643001556396484
63115.31083246957,34.643001556396484
63115.37772185288,34.5260009765625
63115.444611236184,34.5260009765625
63115.51150061949,34.5260009765625
63115.5783900028,34.582000732421875
63115.6452793861,34.46500015258789
63115.71216876941,34.46500015258789
63115.779058152715,34.52000045776367
63115.84594753602,34.52000045776367
63115.91283691933,34.52000045776367
63115.97972630263,34.50899887084961
63116.04661568593,34.57500076293945
63116.11350506924,34.57500076293945
63116.180394452545,34.42599868774414
63116.24728383585,34.42599868774414
63116.31417321916,34.42599868774414
63116.381062602464,34.50299835205078
63116.44795198577,34.465999603271484
63116.51484136908,34.465999603271484
63116.58173075238,34.48500061035156
63116.64862013569,34.48500061035156
63116.715509518996,34.48500061035156
63116.7823989023,34.52899932861328
63116.84928828561,34.54800033569336
63116.916177668914,34.54800033569336
63116.98306705221,34.520999908447266
63117.04995643552,34.520999908447266
63117.116845818826,34.58000183105469
63117.18373520213,34.60499954223633
63117.25062458544,34.60499954223633
63117.317513968745,34.60499954223633
63117.38440335205,34.5099983215332
63117.45129273536,34.5099983215332
63117.51818211866,34.57500076293945
63117.58507150197,34.57500076293945
63117.651960885276,34.49700164794922
63117.71885026858,34.49700164794922
63117.78573965189,34.49700164794922
63117.852629035195,34.4630012512207
63117.919518418494,34.52000045776367
63117.9864078018,34.52000045776367
63118.053297185106,34.402000427246094
63118.12018656841,34.402000427246094
63118.18707595172,34.402000427246094
63118.253965335025,34.422000885009766
63118.32085471833,34.573001861572266
63118.38774410164,34.573001861572266
63118.454633484944,34.56700134277344
63118.52152286825,34.56700134277344
63118.588412251556,34.56700134277344
63118.65530163486,34.49300003051758
63118.72219101817,34.46200180053711
63118.789080401475,34.46200180053711
63118.855969784774,34.55400085449219
63118.92285916808,34.55400085449219
63118.98974855139,34.55400085449219
63119.05663793469,34.558998107910156
63119.123527318,34.56100082397461
63119.190416701305,34.56100082397461
63119.25730608461,34.667999267578125
63119.32419546792,34.608001708984375
63119.391084851224,34.608001708984375
63119.45797423453,34.608001708984375
63119.52486361784,34.68899917602539
63119.59175300114,34.68899917602539
63119.65864238445,34.617000579833984
63119.725531767755,34.55099868774414
63119.79242115106,34.55099868774414
63119.85931053436,34.55099868774414
63119.92619991767,34.55099868774414
63119.99308930097,34.55699920654297
63120.05997868428,34.63100051879883
63120.126868067586,34.63100051879883
63120.19375745089,34.59199905395508
63120.2606468342,34.59199905395508
63120.327536217505,34.59199905395508
63120.39442560081,34.540000915527344
63120.46131498412,34.4109992980957
63120.52820436742,34.4109992980957
63120.59509375073,34.42599868774414
63120.661983134036,34.42599868774414
63120.72887251734,34.42599868774414
63120.79576190064,34.64500045776367
63120.86265128395,34.66899871826172
63120.92954066725,34.66899871826172
63120.99643005056,34.53799819946289
63121.063319433866,34.53799819946289
63121.13020881717,34.53799819946289
63121.19709820048,34.58700180053711
63121.263987583785,34.53799819946289
63121.33087696709,34.53799819946289
63121.3977663504,34.48099899291992
63121.464655733704,34.48099899291992
63121.53154511701,34.48099899291992
63121.598434500316,34.597999572753906
63121.66532388362,34.683998107910156
63121.73221326693,34.683998107910156
63121.79910265023,34.472999572753906
63121.865992033534,34.558998107910156
63121.93288141684,34.558998107910156
63121.99977080015,34.558998107910156
63122.06666018345,34.558998107910156
63122.13354956676,34.45500183105469
63122.200438950065,34.45500183105469
63122.26732833337,34.44499969482422
63122.33421771668,34.47600173950195
63122.401107099984,34.47600173950195
63122.46799648329,34.4900016784668
63122.5348858666,34.4900016784668
63122.6017752499,34.4900016784668
63122.66866463321,34.53099822998047
63122.73555401651,34.54899978637695
63122.802443399814,34.54899978637695
63122.86933278312,34.59199905395508
63122.93622216643,34.59199905395508
63123.00311154973,34.59199905395508
63123.07000093304,34.57500076293945
63123.136890316346,34.46200180053711
63123.20377969965,34.46200180053711
63123.27066908296,34.59000015258789
63123.337558466264,34.59000015258789
63123.40444784957,34.59000015258789
63123.47133723288,34.53900146484375
63123.53822661618,34.551998138427734
63123.60511599949,34.551998138427734
63123.672005382796,34.55799865722656
63123.738894766095,34.45399856567383
63123.8057841494,34.45399856567383
63123.87267353271,34.45399856567383
63123.93956291601,34.47999954223633
63124.00645229932,34.47999954223633
63124.073341682626,34.66899871826172
63124.14023106593,34.66899871826172
63124.20712044924,34.608001708984375
63124.274009832545,34.608001708984375
63124.34089921585,34.608001708984375
63124.40778859916,34.582000732421875
63124.47467798246,34.57099914550781
63124.54156736577,34.57099914550781
63124.608456749076,34.566001892089844
63124.675346132375,34.566001892089844
63124.74223551568,34.566001892089844
63124.80912489899,34.49300003051758
63124.876014282294,34.53300094604492
63124.9429036656,34.53300094604492
63125.00979304891,34.54999923706055
63125.07668243221,34.54999923706055
63125.14357181552,34.54999923706055
63125.210461198825,34.55699920654297
63125.27735058213,34.48899841308594
63125.34423996544,34.48899841308594
63125.411129348744,34.494998931884766
63125.47801873205,34.494998931884766
63125.54490811536,34.494998931884766
63125.61179749866,34.53300094604492
63125.67868688196,34.584999084472656
63125.74557626527,34.584999084472656
63125.812465648574,34.571998596191406
63125.87935503188,34.571998596191406
63125.94624441519,34.571998596191406
63126.01313379849,34.49599838256836
63126.0800231818,34.60499954223633
63126.146912565106,34.60499954223633
63126.21380194841,34.61600112915039
63126.28069133172,34.54999923706055
63126.347580715024,34.54999923706055
63126.41447009833,34.54999923706055
63126.48135948164,34.55699920654297
63126.54824886494,34.55699920654297
63126.61513824824,34.63100051879883
63126.68202763155,34.63100051879883
63126.748917014855,34.66299819946289
63126.81580639816,34.66299819946289
63126.88269578147,34.66299819946289
63126.94958516477,34.64099884033203
63127.01647454808,34.59700012207031
63127.083363931386,34.59700012207031
63127.15025331469,34.64799880981445
63127.217142698,34.64799880981445
63127.284032081305,34.599998474121094
63127.35092146461,34.599998474121094
63127.41781084792,34.599998474121094
63127.48470023122,34.57899856567383
63127.55158961453,34.534000396728516
63127.61847899783,34.534000396728516
63127.685368381135,34.54999923706055
63127.75225776444,34.54999923706055
63127.81914714775,34.54999923706055
63127.886036531054,34.55699920654297
63127.95292591436,34.59600067138672
63128.019815297666,34.59600067138672
63128.08670468097,34.61199951171875
63128.15359406428,34.619998931884766
63128.220483447585,34.619998931884766
63128.28737283089,34.619998931884766
63128.3542622142,34.619998931884766
63128.421151597504,34.62300109863281
63128.48804098081,34.69499969482422
63128.55493036411,34.69499969482422
63128.621819747415,34.83300018310547
63128.68870913072,34.83300018310547
63128.75559851403,34.83300018310547
63128.822487897334,34.82099914550781
63128.88937728064,34.709999084472656
63128.95626666395,34.709999084472656
63129.02315604725,34.768001556396484
63129.09004543056,34.768001556396484
63129.156934813866,34.768001556396484
63129.22382419717,34.61600112915039
63129.29071358048,34.54999923706055
63129.357602963784,34.54999923706055
63129.42449234709,34.55699920654297
63129.49138173039,34.55699920654297
63129.558271113696,34.55699920654297
63129.625160497,34.45399856567383
63129.69204988031,34.51499938964844
63129.758939263615,34.51499938964844
63129.82582864692,34.54199981689453
63129.89271803023,34.54199981689453
63129.95960741353,34.54199981689453
63130.02649679684,34.625
63130.093386180146,34.65999984741211
63130.16027556345,34.65999984741211
63130.22716494676,34.569000244140625
63130.294054330065,34.74300003051758
63130.36094371337,34.74300003051758
63130.42783309668,34.74300003051758
63130.494722479976,34.74300003051758
63130.56161186328,34.60499954223633
63130.62850124659,34.58100128173828
63130.695390629895,34.58100128173828
63130.7622800132,34.676998138427734
63130.82916939651,34.676998138427734
63130.896058779814,34.676998138427734
63130.96294816312,34.71799850463867
63131.029837546426,34.630001068115234
63131.09672692973,34.630001068115234
63131.16361631304,34.62699890136719
63131.230505696345,34.62699890136719
63131.29739507965,34.62699890136719
63131.36428446296,34.625999450683594
63131.43117384626,34.625
63131.49806322956,34.625
63131.56495261287,34.6609992980957
63131.631841996175,34.6609992980957
63131.69873137948,34.6609992980957
63131.76562076279,34.67599868774414
63131.832510146094,34.505001068115234
63131.8993995294,34.505001068115234
63131.96628891271,34.64400100708008
63132.03317829601,34.64400100708008
63132.10006767932,34.64400100708008
63132.166957062625,34.66899871826172
63132.23384644593,34.64400100708008
63132.30073582924,34.64400100708008
63132.367625212544,34.7400016784668
63132.43451459584,34.7400016784668
63132.50140397915,34.638999938964844
63132.568293362456,34.63100051879883
63132.63518274576,34.63100051879883
63132.70207212907,34.63100051879883
63132.768961512375,34.520999908447266
63132.83585089568,34.520999908447266
63132.90274027899,34.50899887084961
63132.96962966229,34.50899887084961
63133.0365190456,34.61000061035156
63133.103408428906,34.61000061035156
63133.17029781221,34.61000061035156
63133.23718719552,34.65399932861328
63133.304076578825,34.63800048828125
63133.37096596212,34.63800048828125
63133.43785534543,34.560001373291016
63133.504744728736,34.560001373291016
63133.57163411204,34.560001373291016
63133.63852349535,34.63199996948242
63133.705412878655,34.55699920654297
63133.77230226196,34.55699920654297
63133.83919164527,34.525001525878906
63133.906081028574,34.525001525878906
63133.97297041188,34.525001525878906
63134.039859795186,34.617000579833984
63134.10674917849,34.55099868774414
63134.1736385618,34.55099868774414
63134.240527945105,34.55699920654297
63134.30741732841,34.55699920654297
63134.37430671171,34.55699920654297
63134.44119609502,34.560001373291016
63134.50808547832,34.5620002746582
63134.57497486163,34.5620002746582
63134.641864244935,34.527000427246094
63134.70875362824,34.527000427246094
63134.77564301155,34.527000427246094
63134.842532394854,34.512001037597656
63134.90942177816,34.64699935913086
63134.97631116147,34.64699935913086
63135.04320054477,34.63399887084961
63135.11008992808,34.63399887084961
63135.176979311385,34.62900161743164
63135.24386869469,34.62900161743164
63135.31075807799,34.62900161743164
63135.3776474613,34.733001708984375
63135.4445368446,34.707000732421875
63135.51142622791,34.707000732421875
63135.578315611216,34.69599914550781
63135.64520499452,34.69599914550781
63135.71209437783,34.69599914550781
63135.778983761134,34.65599822998047
63135.84587314444,34.67399978637695
63135.91276252775,34.67399978637695
63135.97965191105,34.75199890136719
63136.04654129436,34.75199890136719
63136.113430677666,34.75199890136719
63136.18032006097,34.64500045776367
63136.24720944428,34.597999572753906
63136.31409882758,34.597999572753906
63136.38098821088,34.79100036621094
63136.44787759419,34.79100036621094
63136.514766977496,34.79100036621094
63136.5816563608,34.731998443603516
63136.64854574411,34.599998474121094
63136.715435127415,34.599998474121094
63136.78232451072,34.542999267578125
63136.84921389403,34.542999267578125
63136.91610327733,34.542999267578125
63136.98299266064,34.59000015258789
63137.049882043946,34.61000061035156
63137.11677142725,34.61000061035156
63137.18366081056,34.65399932861328
63137.25055019386,34.60200119018555
63137.317439577164,34.60200119018555
63137.38432896047,34.60200119018555
63137.45121834378,34.60200119018555
63137.51810772708,34.79199981689453
63137.58499711039,34.79199981689453
63137.651886493695,34.80400085449219
63137.718775877,34.77299880981445
63137.78566526031,34.77299880981445
63137.852554643614,34.65399932861328
63137.91944402692,34.65399932861328
63137.98633341023,34.65399932861328
63138.05322279353,34.67300033569336
63138.12011217684,34.71699905395508
63138.187001560145,34.71699905395508
63138.253890943444,34.736000061035156
63138.32078032675,34.736000061035156
63138.38766971006,34.736000061035156
63138.45455909336,34.70800018310547
63138.52144847667,34.6609992980957
63138.588337859976,34.6609992980957
63138.65522724328,34.78200149536133
63138.72211662659,34.763999938964844
63138.789006009894,34.763999938964844
63138.8558953932,34.763999938964844
63138.92278477651,34.650001525878906
63138.98967415981,34.650001525878906
63139.05656354312,34.847999572753906
63139.123452926426,34.847999572753906
63139.190342309725,34.827999114990234
63139.25723169303,34.827999114990234
63139.32412107634,34.827999114990234
63139.39101045964,34.74800109863281
63139.45789984295,34.7140007019043
63139.524789226256,34.7140007019043
63139.59167860956,34.80500030517578
63139.65856799287,34.80500030517578
63139.725457376175,34.80500030517578
63139.79234675948,34.808998107910156
63139.85923614279,34.5629997253418
63139.92612552609,34.5629997253418
63139.9930149094,34.5629997253418
63140.059904292706,34.5629997253418
63140.12679367601,34.5629997253418
63140.19368305931,34.632999420166016
63140.26057244262,34.66400146484375
63140.327461825924,34.66400146484375
63140.39435120923,34.57099914550781
63140.461240592536,34.57099914550781
63140.52812997584,34.57099914550781
63140.59501935915,34.60200119018555
63140.661908742455,34.57899856567383
63140.72879812576,34.57899856567383
63140.79568750907,34.56999969482422
63140.862576892374,34.637001037597656
63140.92946627568,34.637001037597656
63140.99635565899,34.637001037597656
63141.06324504229,34.595001220703125
63141.13013442559,34.595001220703125
63141.1970238089,34.64699935913086
63141.263913192204,34.64699935913086
63141.33080257551,34.6349983215332
63141.39769195882,34.6349983215332
63141.46458134212,34.6349983215332
63141.53147072543,34.59400177001953
63141.598360108736,34.71799850463867
63141.66524949204,34.71799850463867
63141.73213887535,34.558998107910156
63141.799028258654,34.558998107910156
63141.86591764196,34.558998107910156
63141.93280702527,34.66699981689453
63141.99969640857,34.67900085449219
63142.06658579188,34.67900085449219
63142.13347517518,34.71900177001953
63142.200364558485,34.71900177001953
63142.26725394179,34.71900177001953
63142.3341433251,34.70100021362305
63142.4010327084,34.58700180053711
63142.46792209171,34.58700180053711
63142.534811475016,34.71500015258789
63142.60170085832,34.71500015258789
63142.66859024163,34.66400146484375
63142.735479624935,34.66400146484375
63142.80236900824,34.66400146484375
63142.86925839155,34.57099914550781
63142.93614777485,34.70800018310547
63143.00303715816,34.70800018310547
63143.06992654146,34.6609992980957
63143.136815924765,34.56999969482422
63143.20370530807,34.56999969482422
63143.27059469138,34.56999969482422
63143.337484074684,34.56999969482422
63143.40437345799,34.494998931884766
63143.471262841296,34.67499923706055
63143.5381522246,34.67499923706055
63143.60504160791,34.75299835205078
63143.671930991215,34.75299835205078
63143.73882037452,34.75299835205078
63143.80570975783,34.7869987487793
63143.872599141134,34.69499969482422
63143.93948852444,34.69499969482422
63144.006377907746,34.58399963378906
63144.073267291045,34.58399963378906
63144.14015667435,34.58399963378906
63144.20704605766,34.678001403808594
63144.273935440964,34.82500076293945
63144.34082482427,34.82500076293945
63144.40771420758,34.78300094604492
63144.47460359088,34.78300094604492
63144.54149297419,34.78300094604492
63144.608382357495,34.763999938964844
63144.6752717408,34.79199981689453
63144.74216112411,34.79199981689453
63144.809050507414,34.696998596191406
63144.87593989072,34.696998596191406
63144.94282927403,34.696998596191406
63145.009718657326,34.76300048828125
63145.07660804063,34.720001220703125
63145.14349742394,34.720001220703125
63145.210386807245,34.87900161743164
63145.27727619055,34.840999603271484
63145.34416557386,34.840999603271484
63145.41105495716,34.840999603271484
63145.47794434047,34.75400161743164
63145.544833723776,34.75400161743164
63145.61172310708,34.61000061035156
63145.67861249039,34.61000061035156
63145.745501873695,34.79600143432617
63145.812391257,34.79600143432617
63145.87928064031,34.79600143432617
63145.946170023606,34.77000045776367
63146.01305940691,34.75899887084961
63146.07994879022,34.75899887084961
63146.146838173525,34.68299865722656
63146.21372755683,34.68299865722656
63146.28061694014,34.68299865722656
63146.347506323444,34.685001373291016
63146.41439570675,34.6510009765625
63146.481285090056,34.6510009765625
63146.54817447336,34.564998626708984
63146.61506385667,34.564998626708984
63146.681953239975,34.564998626708984
63146.74884262328,34.5989990234375
63146.81573200659,34.685001373291016
63146.882621389894,34.685001373291016
63146.94951077319,34.68600082397461
63147.0164001565,34.68600082397461
63147.083289539805,34.68600082397461
63147.15017892311,34.6870002746582
63147.21706830642,34.757999420166016
63147.283957689724,34.757999420166016
63147.35084707303,34.89500045776367
63147.41773645634,34.777000427246094
63147.48462583964,34.777000427246094
63147.55151522295,34.777000427246094
63147.618404606255,34.72600173950195
63147.68529398956,34.72600173950195
63147.75218337287,33.73699951171875
63147.819072756174,34.66899871826172
63147.88596213947,34.75
63147.95285152278,34.75
63148.019740906086,34.7859992980957
63148.08663028939,34.7859992980957
63148.1535196727,34.7859992980957
63148.220409056004,34.90700149536133
63148.28729843931,34.85300064086914
63148.35418782262,34.85300064086914
63148.42107720592,34.9010009765625
63148.48796658923,34.9010009765625
63148.554855972536,34.9010009765625
63148.62174535584,34.85100173950195
63148.68863473915,34.82899856567383
63148.755524122455,34.82899856567383
63148.82241350576,34.96200180053711
63148.88930288906,34.96200180053711
63148.956192272366,34.96200180053711
63149.02308165567,34.948001861572266
63149.08997103898,34.90700149536133
63149.156860422285,34.90700149536133
63149.22374980559,34.81800079345703
63149.2906391889,34.70800018310547
63149.3575285722,34.70800018310547
63149.42441795551,34.70800018310547
63149.491307338816,34.766998291015625
63149.55819672212,34.766998291015625
63149.62508610543,34.6870002746582
63149.691975488735,34.6870002746582
63149.75886487204,34.757999420166016
63149.82575425534,34.757999420166016
63149.89264363865,34.757999420166016
63149.95953302195,34.75299835205078
63150.02642240526,34.858001708984375
63150.093311788565,34.858001708984375
63150.16020117187,34.76100158691406
63150.22709055518,34.76100158691406
63150.293979938484,34.76100158691406
63150.36086932179,34.89699935913086
63150.4277587051,34.74300003051758
63150.4946480884,34.74300003051758
63150.56153747171,34.74300003051758
63150.628426855015,34.784000396728516
63150.69531623832,34.65800094604492
63150.76220562163,34.65800094604492
63150.82909500493,34.74599838256836
63150.89598438823,34.74599838256836
63150.96287377154,34.74599838256836
63151.029763154846,34.74800109863281
63151.09665253815,34.749000549316406
63151.16354192146,34.749000549316406
63151.230431304764,34.85599899291992
63151.29732068807,34.83100128173828
63151.36421007138,34.83100128173828
63151.43109945468,34.83100128173828
63151.49798883799,34.75
63151.564878221296,34.75
63151.6317676046,34.85599899291992
63151.69865698791,34.85599899291992
63151.76554637121,34.76100158691406
63151.83243575451,34.76100158691406
63151.89932513782,34.76100158691406
63151.966214521126,34.861000061035156
63152.03310390443,34.79800033569336
63152.09999328774,34.79800033569336
63152.166882671045,34.84199905395508
63152.23377205435,34.84199905395508
63152.30066143766,34.84199905395508
63152.36755082096,34.75400161743164
63152.43444020427,34.715999603271484
63152.501329587576,34.715999603271484
63152.56821897088,34.73500061035156
63152.63510835419,34.73500061035156
63152.701997737495,34.73500061035156
63152.768887120794,34.88600158691406
63152.8357765041,34.88600158691406
63152.902665887406,34.808998107910156
63152.96955527071,34.88199996948242
63153.03644465402,34.88199996948242
63153.103334037325,34.84199905395508
63153.17022342063,34.84199905395508
63153.23711280394,34.84199905395508
63153.304002187244,34.82500076293945
63153.37089157055,34.81800079345703
63153.43778095386,34.81800079345703
63153.50467033716,34.74399948120117
63153.57155972047,34.67599868774414
63153.638449103775,34.67599868774414
63153.705338487074,34.67599868774414
63153.77222787038,34.61199951171875
63153.83911725369,34.61199951171875
63153.90600663699,34.54800033569336
63153.9728960203,34.54800033569336
63154.039785403605,34.698001861572266
63154.10667478691,34.698001861572266
63154.17356417022,34.698001861572266
63154.240453553524,34.72800064086914
63154.30734293683,34.917999267578125
63154.37423232014,34.917999267578125
63154.44112170344,34.823001861572266
63154.50801108675,34.823001861572266
63154.574900470056,34.823001861572266
63154.641789853355,34.88800048828125
63154.70867923666,34.73899841308594
63154.77556861997,34.73899841308594
63154.84245800327,34.887001037597656
63154.90934738658,34.887001037597656
63154.976236769886,34.887001037597656
63155.04312615319,34.98699951171875
63155.1100155365,34.99399948120117
63155.176904919805,34.99399948120117
63155.24379430311,34.926998138427734
63155.31068368642,34.926998138427734
63155.37757306972,34.926998138427734
63155.44446245303,34.93299865722656
63155.511351836336,34.8650016784668
63155.57824121964,34.8650016784668
63155.64513060294,34.834999084472656
63155.71201998625,34.7869987487793
63155.778909369554,34.7869987487793
63155.84579875286,34.7869987487793
63155.912688136166,34.76599884033203
63155.97957751947,34.76599884033203
63156.04646690278,34.933998107910156
63156.113356286085,34.933998107910156
63156.18024566939,34.79399871826172
63156.2471350527,34.79399871826172
63156.314024436004,34.79399871826172
63156.38091381931,34.84000015258789
63156.447803202616,34.86000061035156
63156.51469258592,34.86000061035156
63156.58158196922,34.90399932861328
63156.64847135253,34.90399932861328
63156.715360735834,34.90399932861328
63156.78225011914,34.74599838256836
63156.84913950245,34.99599838256836
63156.91602888575,34.99599838256836
63156.98291826906,34.856998443603516
63157.049807652365,34.856998443603516
63157.11669703567,34.856998443603516
63157.18358641898,34.867000579833984
63157.250475802284,34.76499938964844
63157.31736518559,34.76499938964844
63157.3842545689,34.79199981689453
63157.4511439522,34.79199981689453
63157.51803333551,35.012001037597656
63157.58492271881,35.012001037597656
63157.651812102114,34.862998962402344
63157.71870148542,34.862998962402344
63157.78559086873,34.869998931884766
63157.85248025203,34.83700180053711
63157.91936963534,34.83700180053711
63157.986259018646,34.83700180053711
63158.05314840195,34.83700180053711
63158.12003778526,34.78799819946289
63158.186927168565,34.83700180053711
63158.25381655187,34.83700180053711
63158.32070593518,34.93000030517578
63158.38759531848,34.93000030517578
63158.45448470179,34.93000030517578
63158.52137408509,34.89899826049805
63158.588263468395,34.95600128173828
63158.6551528517,34.95600128173828
63158.72204223501,34.875
63158.788931618314,34.875
63158.85582100162,34.875
63158.922710384926,34.94599914550781
63158.98959976823,34.869998931884766
63159.05648915154,34.869998931884766
63159.123378534845,34.979000091552734
63159.19026791815,34.979000091552734
63159.25715730146,34.979000091552734
63159.324046684764,35.0260009765625
63159.39093606807,34.904998779296875
63159.457825451376,34.904998779296875
63159.524714834675,34.78200149536133
63159.59160421798,34.78200149536133
63159.65849360129,34.78200149536133
63159.725382984594,34.763999938964844
63159.7922723679,34.720001220703125
63159.85916175121,34.720001220703125
63159.92605113451,34.80799865722656
63159.99294051782,34.81100082397461
63160.059829901125,34.81100082397461
63160.12671928443,34.81100082397461
63160.19360866774,34.882999420166016
63160.260498051044,34.882999420166016
63160.32738743435,34.94900131225586
63160.39427681766,34.94900131225586
63160.461166200956,34.87200164794922
63160.52805558426,34.87200164794922
63160.59494496757,34.87200164794922
63160.661834350874,34.8380012512207
63160.72872373418,34.96500015258789
63160.79561311749,34.96500015258789
63160.86250250079,35.02000045776367
63160.9293918841,35.02000045776367
63160.996281267406,35.02000045776367
63161.06317065071,34.76100158691406
63161.13006003402,34.790000915527344
63161.196949417325,34.790000915527344
63161.26383880063,34.8380012512207
63161.33072818394,34.8380012512207
63161.39761756724,34.8380012512207
63161.46450695054,34.85900115966797
63161.53139633385,34.72600173950195
63161.598285717155,34.72600173950195
63161.66517510046,34.91699981689453
63161.73206448377,34.91699981689453
63161.79895386707,34.91699981689453
63161.86584325038,34.893001556396484
63161.932732633686,34.882999420166016
63161.99962201699,34.882999420166016
63162.0665114003,34.84299850463867
63162.133400783605,34.96799850463867
63162.20029016691,34.96799850463867
63162.26717955022,34.96799850463867
63162.334068933524,34.96799850463867
63162.40095831682,35.020999908447266
63162.46784770013,34.9379997253418
63162.534737083435,34.9379997253418
63162.60162646674,34.867000579833984
63162.66851585005,34.867000579833984
63162.735405233354,34.867000579833984
63162.80229461666,34.90700149536133
63162.86918399997,34.90700149536133
63162.93607338327,34.78200149536133
63163.00296276658,34.834999084472656
63163.069852149885,34.834999084472656
63163.13674153319,34.53900146484375
63163.2036309165,34.53900146484375
63163.270520299804,34.53900146484375
63163.33740968311,34.659000396728516
63163.40429906641,34.709999084472656
63163.471188449716,34.709999084472656
63163.53807783302,34.875
63163.60496721633,34.875
63163.671856599634,34.875
63163.73874598294,34.80400085449219
63163.80563536625,34.808998107910156
63163.87252474955,34.808998107910156
63163.93941413286,34.81100082397461
63164.006303516166,34.81100082397461
63164.07319289947,34.81100082397461
63164.14008228278,34.917999267578125
63164.206971666084,34.823001861572266
63164.27386104939,34.823001861572266
63164.34075043269,34.78099822998047
63164.407639815996,34.941001892089844
63164.4745291993,34.941001892089844
63164.54141858261,34.941001892089844
63164.608307965915,34.90399932861328
63164.67519734922,34.90399932861328
63164.74208673253,34.95800018310547
63164.80897611583,34.95800018310547
63164.87586549914,35.053001403808594
63164.942754882446,35.053001403808594
63165.00964426575,35.053001403808594
63165.07653364906,34.84600067138672
63165.143423032365,34.86199951171875
63165.21031241567,34.86199951171875
63165.27720179898,34.83399963378906
63165.344091182276,34.83399963378906
63165.41098056558,34.83399963378906
63165.47786994889,34.821998596191406
63165.544759332195,34.78099822998047
63165.6116487155,34.78099822998047
63165.67853809881,34.869998931884766
63165.745427482114,34.869998931884766
63165.81231686542,34.869998931884766
63165.87920624873,34.90800094604492
63165.94609563203,34.888999938964844
63166.01298501534,34.888999938964844
63166.079874398645,34.84600067138672
63166.14676378195,34.84600067138672
63166.21365316526,34.84600067138672
63166.28054254856,35.145999908447266
63166.34743193186,34.88600158691406
63166.41432131517,34.88600158691406
63166.481210698475,34.84400177001953
63166.54810008178,34.84400177001953
63166.61498946509,34.84400177001953
63166.681878848394,34.64899826049805
63166.7487682317,34.599998474121094
63166.81565761501,34.599998474121094
63166.88254699831,34.61399841308594
63166.94943638162,34.72700119018555
63167.016325764926,34.72700119018555
63167.08321514823,34.72700119018555
63167.15010453154,34.88199996948242
63167.216993914844,34.88199996948242
63167.28388329814,34.736000061035156
63167.35077268145,34.736000061035156
63167.417662064756,34.77899932861328
63167.48455144806,34.77899932861328
63167.55144083137,34.77899932861328
63167.618330214675,34.76300048828125
63167.68521959798,34.685001373291016
63167.75210898129,34.685001373291016
63167.81899836459,34.72200012207031
63167.8858877479,34.72200012207031
63167.952777131206,34.72200012207031
63168.01966651451,34.66699981689453
63168.08655589782,34.66699981689453
63168.153445281125,34.608001708984375
63168.220334664424,34.617000579833984
63168.28722404773,34.617000579833984
63168.354113431036,34.763999938964844
63168.42100281434,34.763999938964844
63168.48789219765,34.763999938964844
63168.554781580955,34.79100036621094
63168.62167096426,34.696998596191406
63168.68856034757,34.696998596191406
63168.755449730874,34.72700119018555
63168.82233911418,34.70500183105469
63168.889228497486,34.70500183105469
63168.95611788079,34.70500183105469
63169.0230072641,34.70500183105469
63169.089896647405,34.80099868774414
63169.15678603071,34.80799865722656
63169.22367541401,34.80799865722656
63169.29056479732,34.70399856567383
63169.35745418062,34.70399856567383
63169.42434356393,34.70399856567383
63169.491232947235,34.90700149536133
63169.55812233054,34.78300094604492
63169.62501171385,34.78300094604492
63169.691901097154,34.65800094604492
63169.75879048046,34.65800094604492
63169.82567986377,34.65800094604492
63169.89256924707,34.709999084472656
63169.95945863038,34.625999450683594
63170.026348013685,34.625999450683594
63170.09323739699,34.625999450683594
63170.16012678029,34.75299835205078
63170.2270161636,34.750999450683594
63170.2939055469,34.750999450683594
63170.36079493021,34.7859992980957
63170.427684313516,34.7859992980957
63170.49457369682,34.7859992980957
63170.56146308013,34.76599884033203
63170.628352463435,34.862998962402344
63170.69524184674,34.862998962402344
63170.76213123005,34.69300079345703
63170.82902061335,34.76100158691406
63170.89590999666,34.76100158691406
63170.962799379966,34.76100158691406
63171.02968876327,34.861000061035156
63171.09657814657,34.861000061035156
63171.16346752988,34.90399932861328
63171.230356913184,34.92300033569336
63171.29724629649,34.92300033569336
63171.364135679796,34.92300033569336
63171.4310250631,34.92300033569336
63171.49791444641,34.82500076293945
63171.564803829715,34.74700164794922
63171.63169321302,34.74700164794922
63171.69858259633,34.92599868774414
63171.765471979634,34.92599868774414
63171.83236136294,34.92599868774414
63171.899250746246,34.86199951171875
63171.96614012955,34.69200134277344
63172.03302951286,34.69200134277344
63172.09991889616,34.79600143432617
63172.166808279464,34.79600143432617
63172.23369766277,34.79600143432617
63172.30058704608,34.66299819946289
63172.36747642938,34.676998138427734
63172.43436581269,34.676998138427734
63172.501255195995,34.75400161743164
63172.5681445793,34.75400161743164
63172.63503396261,34.75400161743164
63172.701923345914,34.858001708984375
63172.76881272922,34.832000732421875
63172.83570211253,34.832000732421875
63172.90259149583,34.71500015258789
63172.96948087914,34.840999603271484
63173.03637026244,34.840999603271484
63173.103259645744,34.840999603271484
63173.17014902905,34.840999603271484
63173.23703841236,34.895999908447266
63173.30392779566,34.742000579833984
63173.37081717897,34.742000579833984
63173.437706562276,34.74700164794922
63173.50459594558,34.74700164794922
63173.57148532889,34.74700164794922
63173.638374712194,34.749000549316406
63173.7052640955,34.89099884033203
63173.77215347881,34.89099884033203
63173.83904286211,34.84700012207031
63173.90593224542,34.84700012207031
63173.972821628726,34.84700012207031
63174.039711012025,34.862998962402344
63174.10660039533,34.904998779296875
63174.17348977864,34.904998779296875
63174.24037916194,34.85300064086914
63174.30726854525,34.85300064086914
63174.374157928556,34.85300064086914
63174.44104731186,34.8650016784668
63174.50793669517,34.834999084472656
63174.574826078475,34.834999084472656
63174.64171546178,34.858001708984375
63174.70860484509,34.858001708984375
63174.775494228394,34.858001708984375
63174.8423836117,34.9379997253418
63174.909272995006,34.867000579833984
63174.976162378305,34.867000579833984
63175.04305176161,34.94200134277344
63175.10994114492,34.83300018310547
63175.176830528224,34.83300018310547
63175.24371991153,34.83300018310547
63175.31060929484,34.7859992980957
63175.37749867814,34.7859992980957
63175.44438806145,34.90700149536133
63175.511277444755,34.90700149536133
63175.57816682806,34.854000091552734
63175.64505621137,34.854000091552734
63175.711945594674,34.854000091552734
63175.77883497798,34.83000183105469
63175.84572436129,34.96200180053711
63175.91261374459,34.96200180053711
63175.97950312789,34.87699890136719
63176.0463925112,34.87699890136719
63176.113281894504,34.87699890136719
63176.18017127781,34.875999450683594
63176.24706066112,34.73400115966797
63176.31395004442,34.73400115966797
63176.38083942773,34.672000885009766
63176.447728811036,34.672000885009766
63176.51461819434,34.672000885009766
63176.58150757765,34.89400100708008
63176.648396960954,34.95399856567383
63176.71528634426,34.95399856567383
63176.78217572757,34.803001403808594
63176.84906511087,34.803001403808594
63176.91595449417,34.803001403808594
63176.98284387748,34.84400177001953
63177.049733260785,34.79100036621094
63177.11662264409,34.79100036621094
63177.1835120274,34.8380012512207
63177.2504014107,34.89500045776367
63177.31729079401,34.89500045776367
63177.384180177316,34.89500045776367
63177.45106956062,34.9900016784668
63177.51795894393,34.9900016784668
63177.584848327235,35.03099822998047
63177.65173771054,35.03099822998047
63177.71862709385,35.01300048828125
63177.78551647715,35.01300048828125
63177.85240586046,35.01300048828125
63177.91929524376,34.82899856567383
63177.986184627065,34.82899856567383
63178.05307401037,34.96099853515625
63178.11996339368,35.09000015258789
63178.186852776984,35.09000015258789
63178.25374216029,34.96799850463867
63178.3206315436,34.96799850463867
63178.3875209269,34.96799850463867
63178.45441031021,34.95100021362305
63178.521299693515,35.013999938964844
63178.58818907682,35.013999938964844
63178.65507846013,34.900001525878906
63178.721967843434,34.900001525878906
63178.78885722674,34.900001525878906
63178.85574661004,34.88600158691406
63178.922635993345,34.95100021362305
63178.98952537665,34.95100021362305
63179.05641475996,34.979000091552734
63179.123304143264,34.979000091552734
63179.19019352657,34.979000091552734
63179.25708290988,34.95500183105469
63179.32397229318,34.94499969482422
63179.39086167649,34.94499969482422
63179.457751059796,34.904998779296875
63179.5246404431,34.88800048828125
63179.59152982641,34.88800048828125
63179.658419209714,34.88800048828125
63179.72530859302,34.91600036621094
63179.79219797633,34.91600036621094
63179.859087359626,34.893001556396484
63179.92597674293,34.893001556396484
63179.99286612624,34.95399856567383
63180.059755509545,34.95399856567383
63180.12664489285,34.95399856567383
63180.19353427616,34.803001403808594
63180.26042365946,34.915000915527344
63180.32731304277,34.915000915527344
63180.394202426076,34.928001403808594
63180.46109180938,34.928001403808594
63180.52798119269,34.928001403808594
63180.594870575995,34.86199951171875
63180.6617599593,34.83399963378906
63180.72864934261,34.83399963378906
63180.795538725906,35.03499984741211
63180.86242810921,35.03499984741211
63180.92931749252,35.03499984741211
63180.996206875825,34.87300109863281
63181.06309625913,34.94499969482422
63181.12998564244,34.94499969482422
63181.196875025744,34.97600173950195
63181.26376440905,34.97600173950195
63181.330653792356,34.97600173950195
63181.39754317566,35.06100082397461
63181.46443255897,34.91999816894531
63181.531321942275,34.91999816894531
63181.59821132558,34.93000030517578
63181.66510070889,34.970001220703125
63181.73199009219,34.970001220703125
63181.79887947549,34.970001220703125
63181.8657688588,35.05799865722656
63181.932658242105,35.05799865722656
63181.99954762541,35.060001373291016
63182.06643700872,35.0260009765625
63182.133326392024,35.0260009765625
63182.20021577533,35.0260009765625
63182.26710515864,35.0260009765625
63182.33399454194,34.904998779296875
63182.40088392525,34.95899963378906
63182.467773308555,34.95899963378906
63182.53466269186,34.946998596191406
63182.60155207517,34.946998596191406
63182.668441458474,34.946998596191406
63182.73533084177,34.94200134277344
63182.80222022508,34.86800003051758
63182.869109608386,34.86800003051758
63182.93599899169,35.013999938964844
63183.002888375,35.013999938964844
63183.069777758305,35.013999938964844
63183.13666714161,34.935001373291016
63183.20355652492,34.935001373291016
63183.27044590822,34.93600082397461
63183.33733529153,34.86600112915039
63183.404224674836,34.86600112915039
63183.47111405814,34.94200134277344
63183.53800344145,34.94200134277344
63183.604892824755,34.94200134277344
63183.67178220805,34.974998474121094
63183.73867159136,35.025001525878906
63183.805560974666,35.025001525878906
63183.87245035797,34.90399932861328
63183.93933974128,34.90399932861328
63184.006229124585,34.90399932861328
63184.07311850789,35.02899932861328
63184.1400078912,35.08399963378906
63184.206897274504,35.08399963378906
63184.27378665781,35.071998596191406
63184.340676041116,35.066001892089844
63184.40756542442,35.066001892089844
63184.47445480773,35.066001892089844
63184.541344191035,34.95800018310547
63184.60823357434,34.95800018310547
63184.67512295764,34.981998443603516
63184.74201234095,34.981998443603516
63184.80890172425,34.992000579833984
63184.87579110756,34.992000579833984
63184.942680490865,34.992000579833984
63185.00956987417,35.10300064086914
63185.07645925748,34.90299987792969
63185.143348640784,34.90299987792969
63185.21023802409,35.06399917602539
63185.2771274074,35.06399917602539
63185.3440167907,35.06399917602539
63185.41090617401,35.13399887084961
63185.477795557315,34.98699951171875
63185.54468494062,34.98699951171875
63185.61157432392,34.88800048828125
63185.67846370723,34.88800048828125
63185.74535309053,34.88800048828125
63185.81224247384,34.98699951171875
63185.879131857146,34.88800048828125
63185.94602124045,34.88800048828125
63186.01291062376,34.91600036621094
63186.079800007064,34.91600036621094
63186.14668939037,34.91600036621094
63186.21357877368,34.856998443603516
63186.28046815698,34.9739990234375
63186.34735754029,34.9739990234375
63186.414246923596,34.98899841308594
63186.4811363069,34.98899841308594
63186.54802569021,34.98899841308594
63186.61491507351,34.888999938964844
63186.68180445681,35.09400177001953
63186.74869384012,35.09400177001953
63186.815583223426,35.04100036621094
63186.88247260673,34.946998596191406
63186.94936199004,34.946998596191406
63187.016251373345,34.946998596191406
63187.08314075665,34.946998596191406
63187.15003013996,35.012001037597656
63187.216919523264,35.012001037597656
63187.28380890657,34.97200012207031
63187.350698289876,34.97200012207031
63187.41758767318,34.97200012207031
63187.48447705649,34.95199966430664
63187.55136643979,35.01499938964844
63187.618255823094,35.01499938964844
63187.6851452064,34.97100067138672
63187.75203458971,34.97100067138672
63187.81892397301,34.97100067138672
63187.88581335632,35.02299880981445
63187.952702739625,34.9739990234375
63188.01959212293,34.9739990234375
63188.08648150624,34.917999267578125
63188.153370889544,34.917999267578125
63188.22026027285,34.7869987487793
63188.28714965616,34.7869987487793
63188.35403903946,34.7869987487793
63188.42092842277,35.04999923706055
63188.487817806075,35.09199905395508
63188.554707189374,35.09199905395508
63188.62159657268,35.07500076293945
63188.68848595599,35.03300094604492
63188.75537533929,35.03300094604492
63188.8222647226,35.03300094604492
63188.889154105906,34.979000091552734
63188.95604348921,34.979000091552734
63189.02293287252,35.0260009765625
63189.089822255824,35.0260009765625
63189.15671163913,35.047000885009766
63189.22360102244,35.047000885009766
63189.29049040574,34.875999450683594
63189.35737978905,34.875999450683594
63189.424269172356,35.053001403808594
63189.491158555655,35.053001403808594
63189.55804793896,35.053001403808594
63189.62493732227,35.02299880981445
63189.69182670557,35.0099983215332
63189.75871608888,35.0099983215332
63189.825605472186,35.111000061035156
63189.89249485549,35.111000061035156
63189.9593842388,35.111000061035156
63190.026273622105,34.97700119018555
63190.09316300541,34.88399887084961
63190.16005238872,34.88399887084961
63190.22694177202,34.84299850463867
63190.29383115533,34.84299850463867
63190.360720538636,34.84299850463867
63190.42760992194,34.790000915527344
63190.49449930524,35.01599884033203
63190.56138868855,35.01599884033203
63190.628278071854,34.97100067138672
63190.69516745516,34.88100051879883
63190.76205683847,34.88100051879883
63190.82894622177,34.88100051879883
63190.89583560508,34.94900131225586
63190.962724988385,34.94900131225586
63191.02961437169,34.90700149536133
63191.096503755,35.03099822998047
63191.163393138304,35.03099822998047
63191.23028252161,35.03099822998047
63191.29717190492,35.03099822998047
63191.36406128822,35.04899978637695
63191.43095067152,35.05699920654297
63191.49784005483,35.05699920654297
63191.564729438134,35.095001220703125
63191.63161882144,35.095001220703125
63191.69850820475,35.095001220703125
63191.76539758805,35.04100036621094
63191.83228697136,35.124000549316406
63191.899176354666,35.124000549316406
63191.96606573797,34.9119987487793
63192.03295512128,34.9119987487793
63192.099844504584,34.9119987487793
63192.16673388789,34.99700164794922
63192.2336232712,34.999000549316406
63192.3005126545,34.999000549316406
63192.36740203781,35.03499984741211
63192.43429142111,35.03499984741211
63192.501180804415,35.03499984741211
63192.56807018772,35.05099868774414
63192.63495957103,35.02199935913086
63192.70184895433,35.02199935913086
63192.76873833764,35.11600112915039
63192.835627720946,35.11600112915039
63192.90251710425,35.11600112915039
63192.96940648756,34.90800094604492
63193.036295870865,34.888999938964844
63193.10318525417,34.888999938964844
63193.17007463748,33.73699951171875
63193.23696402078,34.84600067138672
63193.30385340409,34.93299865722656
63193.37074278739,34.93299865722656
63193.437632170695,34.900001525878906
63193.504521554,34.900001525878906
63193.57141093731,34.900001525878906
63193.638300320614,34.849998474121094
63193.70518970392,34.935001373291016
63193.772079087226,34.935001373291016
63193.83896847053,34.97200012207031
63193.90585785384,34.97200012207031
63193.972747237145,34.97200012207031
63194.03963662045,34.91699981689453
63194.10652600376,34.92900085449219
63194.173415387064,34.92900085449219
63194.24030477037,35.005001068115234
63194.30719415368,35.005001068115234
63194.374083536975,35.005001068115234
63194.44097292028,35.073001861572266
63194.50786230359,34.99599838256836
63194.574751686894,34.99599838256836
63194.6416410702,35.069000244140625
63194.70853045351,35.069000244140625
63194.77541983681,35.069000244140625
63194.84230922012,35.029998779296875
63194.909198603425,35.08399963378906
63194.97608798673,35.08399963378906
63195.04297737004,35.071998596191406
63195.109866753344,35.20800018310547
63195.17675613665,35.20800018310547
63195.24364551996,35.20800018310547
63195.310534903256,35.01900100708008
63195.37742428656,35.01900100708008
63195.44431366987,35.1150016784668
63195.511203053175,35.1150016784668
63195.57809243648,35.013999938964844
63195.64498181979,35.013999938964844
63195.71187120309,35.013999938964844
63195.7787605864,34.86399841308594
63195.845649969706,35.012001037597656
63195.91253935301,35.012001037597656
63195.97942873632,35.14699935913086
63196.046318119625,35.14699935913086
63196.11320750293,35.14699935913086
63196.18009688624,35.1349983215332
63196.24698626954,35.05799865722656
63196.31387565284,35.05799865722656
63196.38076503615,34.95399856567383
63196.447654419455,34.95399856567383
63196.51454380276,34.95399856567383
63196.58143318607,34.94499969482422
63196.648322569374,34.941001892089844
63196.71521195268,34.941001892089844
63196.782101335986,34.9739990234375
63196.84899071929,34.9739990234375
63196.9158801026,34.9739990234375
63196.982769485905,35.02399826049805
63197.04965886921,35.08100128173828
63197.11654825252,35.08100128173828
63197.183437635824,35.03499984741211
63197.25032701912,34.97999954223633
63197.31721640243,34.97999954223633
63197.384105785735,34.97999954223633
63197.45099516904,34.97999954223633
63197.51788455235,34.99100112915039
63197.584773935654,35.10300064086914
63197.65166331896,35.10300064086914
63197.71855270227,35.08000183105469
63197.78544208557,35.08000183105469
63197.85233146888,35.08000183105469
63197.919220852185,35.06999969482422
63197.98611023549,35.066001892089844
63198.0529996188,35.066001892089844
63198.119889002104,35.1349983215332
63198.1867783854,35.1349983215332
63198.25366776871,35.1349983215332
63198.320557152016,35.05799865722656
63198.38744653532,35.05799865722656
63198.45433591863,34.9900016784668
63198.521225301934,34.92499923706055
63198.58811468524,34.92499923706055
63198.65500406855,35.07400131225586
63198.72189345185,35.07400131225586
63198.78878283516,35.07400131225586
63198.855672218466,35.10300064086914
63198.92256160177,34.9379997253418
63198.98945098508,34.9379997253418
63199.056340368385,35.00899887084961
63199.12322975169,35.00899887084961
63199.19011913499,35.00899887084961
63199.257008518296,35.145999908447266
63199.3238979016,35.20500183105469
63199.39078728491,35.20500183105469
63199.457676668215,35.0890007019043
63199.52456605152,35.10900115966797
63199.59145543483,35.10900115966797
63199.65834481813,35.10900115966797
63199.72523420144,35.10900115966797
63199.792123584746,34.97600173950195
63199.85901296805,35.13199996948242
63199.92590235136,35.13199996948242
63199.992791734665,34.95100021362305
63200.05968111797,34.95100021362305
63200.12657050127,34.95100021362305
63200.19345988458,35.013999938964844
63200.26034926788,35.07699966430664
63200.32723865119,35.07699966430664
63200.394128034495,35.17499923706055
63200.4610174178,35.17499923706055
63200.52790680111,35.17499923706055
63200.594796184414,35.111000061035156
63200.66168556772,35.01300048828125
63200.72857495103,35.01300048828125
63200.79546433433,35.005001068115234
63200.86235371764,35.005001068115234
63200.929243100945,35.005001068115234
63200.99613248425,35.00199890136719
63201.06302186756,35.071998596191406
63201.12991125086,35.071998596191406
63201.19680063416,35.10200119018555
63201.26369001747,35.1510009765625
63201.330579400776,35.1510009765625
63201.39746878408,35.1510009765625
63201.46435816739,34.99399948120117
63201.531247550694,34.99399948120117
63201.598136934,35.06800079345703
63201.66502631731,35.13600158691406
63201.73191570061,35.13600158691406
63201.79880508392,35.13600158691406
63201.865694467226,35.13600158691406
63201.93258385053,35.09400177001953
63201.99947323384,35.04100036621094
63202.06636261714,35.04100036621094
63202.13325200044,35.018001556396484
63202.20014138375,35.018001556396484
63202.267030767056,35.018001556396484
63202.33392015036,35.14899826049805
63202.40080953367,35.277000427246094
63202.467698916975,35.277000427246094
63202.53458830028,35.22600173950195
63202.60147768359,35.22600173950195
63202.66836706689,35.22600173950195
63202.7352564502,35.20399856567383
63202.802145833506,35.159000396728516
63202.86903521681,35.159000396728516
63202.93592460012,35.104000091552734
63203.002813983425,35.104000091552734
63203.069703366724,35.104000091552734
63203.13659275003,35.11600112915039
63203.20348213334,35.15700149536133
63203.27037151664,35.15700149536133
63203.33726089995,35.06800079345703
63203.404150283255,35.06800079345703
63203.47103966656,35.13600158691406
63203.53792904987,35.13600158691406
63203.604818433174,35.13600158691406
63203.67170781648,35.130001068115234
63203.73859719979,35.1619987487793
63203.80548658309,35.1619987487793
63203.8723759664,35.10599899291992
63203.939265349705,35.08100128173828
63204.006154733004,35.08100128173828
63204.07304411631,35.08100128173828
63204.13993349962,35.0
63204.20682288292,35.0
63204.27371226623,34.9640007019043
63204.340601649536,34.9640007019043
63204.40749103284,35.090999603271484
63204.47438041615,35.090999603271484
63204.541269799454,35.090999603271484
63204.60815918276,35.145999908447266
63204.67504856607,35.31100082397461
63204.74193794937,35.31100082397461
63204.80882733268,35.16999816894531
63204.875716715986,35.16999816894531
63204.94260609929,35.16999816894531
63205.00949548259,35.10900115966797
63205.0763848659,35.047000885009766
63205.1432742492,35.047000885009766
63205.21016363251,35.233001708984375
63205.277053015816,35.233001708984375
63205.34394239912,35.233001708984375
63205.41083178243,35.27799987792969
63205.477721165735,35.191001892089844
63205.54461054904,35.191001892089844
63205.61149993235,35.18899917602539
63205.67838931565,35.18899917602539
63205.74527869896,35.18899917602539
63205.812168082266,35.1879997253418
63205.87905746557,35.222999572753906
63205.94594684887,35.222999572753906
63206.01283623218,35.202999114990234
63206.079725615484,35.0880012512207
63206.14661499879,35.0880012512207
63206.213504382096,35.0880012512207
63206.2803937654,35.14400100708008
63206.34728314871,35.14400100708008
63206.414172532015,35.20399856567383
63206.48106191532,35.20399856567383
63206.54795129863,35.124000549316406
63206.614840681934,35.124000549316406
63206.68173006524,35.124000549316406
63206.74861944855,35.018001556396484
63206.81550883185,35.11399841308594
63206.88239821515,35.11399841308594
63206.94928759846,35.119998931884766
63207.016176981764,35.119998931884766
63207.08306636507,35.119998931884766
63207.14995574838,35.12300109863281
63207.21684513168,35.0890007019043
63207.28373451499,35.0890007019043
63207.350623898295,35.00299835205078
63207.4175132816,35.00299835205078
63207.48440266491,35.00299835205078
63207.551292048214,35.2140007019043
63207.61818143152,35.12799835205078
63207.68507081483,35.12799835205078
63207.75196019813,35.125999450683594
63207.81884958144,35.125999450683594
63207.88573896474,35.125999450683594
63207.952628348045,35.19599914550781
63208.01951773135,35.15599822998047
63208.08640711466,35.15599822998047
63208.15329649796,35.20899963378906
63208.22018588127,35.231998443603516
63208.287075264576,35.231998443603516
63208.35396464788,35.231998443603516
63208.42085403119,35.10100173950195
63208.487743414495,35.10100173950195
63208.5546327978,35.185001373291016
63208.62152218111,35.185001373291016
63208.68841156441,35.08000183105469
63208.75530094772,34.9640007019043
63208.82219033102,34.9640007019043
63208.889079714325,34.9640007019043
63208.95596909763,34.9640007019043
63209.02285848094,34.98400115966797
63209.089747864244,35.24100112915039
63209.15663724755,35.24100112915039
63209.223526630856,35.21099853515625
63209.29041601416,35.21099853515625
63209.35730539747,35.21099853515625
63209.424194780775,35.090999603271484
63209.49108416408,35.07500076293945
63209.55797354739,35.07500076293945
63209.624862930694,35.10300064086914
63209.691752314,35.10300064086914
63209.758641697306,35.10300064086914
63209.825531080605,35.11600112915039
63209.89242046391,34.944000244140625
63209.95930984722,34.944000244140625
63210.026199230524,35.01100158691406
63210.09308861383,35.01100158691406
63210.15997799714,35.01100158691406
63210.22686738044,35.25299835205078
63210.29375676375,35.393001556396484
63210.360646147055,35.393001556396484
63210.42753553036,35.3120002746582
63210.49442491367,35.20600128173828
63210.561314296974,35.20600128173828
63210.62820368028,35.20600128173828
63210.69509306359,35.26599884033203
63210.761982446886,35.26599884033203
63210.82887183019,35.25699996948242
63210.8957612135,35.25699996948242
63210.962650596804,35.005001068115234
63211.02953998011,35.005001068115234
63211.09642936342,35.005001068115234
63211.16331874672,35.108001708984375
63211.23020813003,35.047000885009766
63211.297097513336,35.047000885009766
63211.36398689664,35.055999755859375
63211.43087627995,35.055999755859375
63211.497765663255,35.055999755859375
63211.56465504656,35.060001373291016
63211.63154442987,35.06100082397461
63211.69843381317,35.06100082397461
63211.76532319647,35.132999420166016
63211.83221257978,35.132999420166016
63211.899101963085,35.132999420166016
63211.96599134639,35.19900131225586
63212.0328807297,35.15700149536133
63212.099770113,35.15700149536133
63212.16665949631,35.06800079345703
63212.233548879616,35.06800079345703
63212.30043826292,35.06800079345703
63212.36732764623,35.13600158691406
63212.434217029535,35.165000915527344
63212.50110641284,35.165000915527344
63212.56799579615,35.106998443603516
63212.634885179454,35.106998443603516
63212.70177456275,35.106998443603516
63212.76866394606,35.1879997253418
63212.835553329365,35.04600143432617
63212.90244271267,35.04600143432617
63212.96933209598,35.196998596191406
63213.036221479284,35.196998596191406
63213.10311086259,35.12099838256836
63213.1700002459,35.12099838256836
63213.2368896292,35.12099838256836
63213.30377901251,35.194000244140625
63213.370668395815,35.22600173950195
63213.43755777912,35.22600173950195
63213.50444716243,35.2400016784668
63213.571336545734,35.2400016784668
63213.63822592904,35.2400016784668
63213.70511531234,35.316001892089844
63213.772004695646,35.316001892089844
63213.83889407895,35.03099822998047
63213.90578346226,35.154998779296875
63213.972672845564,35.154998779296875
63214.03956222887,35.17300033569336
63214.10645161218,35.17300033569336
63214.17334099548,35.17300033569336
63214.24023037879,35.21699905395508
63214.307119762096,35.05799865722656
63214.3740091454,35.05799865722656
63214.44089852871,35.09600067138672
63214.507787912014,35.07699966430664
63214.57467729532,35.07699966430664
63214.64156667862,35.07699966430664
63214.708456061926,35.069000244140625
63214.77534544523,35.069000244140625
63214.84223482854,35.10100173950195
63214.909124211845,35.185001373291016
63214.97601359515,35.185001373291016
63215.04290297846,35.185001373291016
63215.10979236176,35.185001373291016
63215.17668174507,35.1870002746582
63215.243571128376,35.257999420166016
63215.31046051168,35.257999420166016
63215.37734989499,35.21799850463867
63215.444239278295,35.21799850463867
63215.5111286616,35.21799850463867
63215.57801804491,35.27199935913086
63215.644907428206,35.2239990234375
63215.71179681151,35.2239990234375
63215.77868619482,35.23899841308594
63215.845575578125,35.23899841308594
63215.91246496143,35.23899841308594
63215.97935434474,35.209999084472656
63216.046243728044,35.02000045776367
63216.11313311135,35.02000045776367
63216.18002249466,35.18600082397461
63216.24691187796,35.18600082397461
63216.31380126127,35.18600082397461
63216.380690644575,35.1870002746582
63216.44758002788,35.0099983215332
63216.51446941119,35.0099983215332
63216.58135879449,34.96900177001953
63216.64824817779,34.91600036621094
63216.7151375611,34.91600036621094
63216.782026944406,34.91600036621094
63216.84891632771,35.034000396728516
63216.91580571102,35.034000396728516
63216.982695094324,34.944000244140625
63217.04958447763,35.082000732421875
63217.11647386094,35.082000732421875
63217.18336324424,35.082000732421875
63217.25025262755,35.082000732421875
63217.317142010856,35.141998291015625
63217.38403139416,35.202999114990234
63217.45092077747,35.202999114990234
63217.517810160774,35.0880012512207
63217.58469954407,35.0880012512207
63217.65158892738,35.0880012512207
63217.718478310686,35.00299835205078
63217.78536769399,35.071998596191406
63217.8522570773,35.071998596191406
63217.919146460605,35.13800048828125
63217.98603584391,35.13800048828125
63218.05292522722,35.13800048828125
63218.11981461052,35.130001068115234
63218.18670399383,35.020999908447266
63218.253593377136,35.020999908447266
63218.32048276044,35.1150016784668
63218.38737214375,35.1150016784668
63218.454261527055,35.1150016784668
63218.521150910354,35.084999084472656
63218.58804029366,35.071998596191406
63218.654929676966,35.071998596191406
63218.72181906027,35.03099822998047
63218.78870844358,35.03099822998047
63218.855597826885,35.013999938964844
63218.92248721019,35.013999938964844
63218.9893765935,35.013999938964844
63219.056265976804,35.18299865722656
63219.12315536011,35.22100067138672
63219.19004474342,35.22100067138672
63219.25693412672,35.16699981689453
63219.32382351003,35.071998596191406
63219.390712893335,35.071998596191406
63219.45760227664,35.071998596191406
63219.52449165994,35.24399948120117
63219.59138104325,35.24399948120117
63219.65827042655,35.31800079345703
63219.72515980986,35.31800079345703
63219.792049193165,35.314998626708984
63219.85893857647,35.314998626708984
63219.92582795978,35.314998626708984
63219.992717343084,35.207000732421875
63220.05960672639,35.3380012512207
63220.1264961097,35.3380012512207
63220.193385493,35.35900115966797
63220.26027487631,35.35900115966797
63220.327164259616,35.35900115966797
63220.39405364292,35.191001892089844
63220.46094302622,35.18899917602539
63220.52783240953,35.18899917602539
63220.59472179283,35.33000183105469
63220.66161117614,35.33000183105469
63220.728500559446,35.33000183105469
63220.79538994275,35.249000549316406
63220.86227932606,35.108001708984375
63220.929168709365,35.108001708984375
63220.99605809267,35.15299987792969
63221.06294747598,35.15299987792969
63221.12983685928,35.15299987792969
63221.19672624259,35.17300033569336
63221.263615625896,35.323001861572266
63221.3305050092,35.323001861572266
63221.39739439251,35.21099853515625
63221.46428377581,35.21099853515625
63221.531173159114,35.21099853515625
63221.59806254242,35.233001708984375
63221.664951925726,35.31399917602539
63221.73184130903,35.31399917602539
63221.79873069234,35.3129997253418
63221.865620075645,35.3129997253418
63221.93250945895,35.3129997253418
63221.99939884226,35.3129997253418
63222.066288225564,35.06399917602539
63222.13317760887,35.06399917602539
63222.200066992176,35.0989990234375
63222.26695637548,35.0989990234375
63222.33384575879,35.220001220703125
63222.40073514209,35.220001220703125
63222.467624525394,35.220001220703125
63222.5345139087,35.16600036621094
63222.60140329201,35.178001403808594
63222.66829267531,35.178001403808594
63222.73518205862,35.18299865722656
63222.802071441925,35.18299865722656
63222.86896082523,35.18299865722656
63222.93585020854,35.25699996948242
63223.002739591844,35.18199920654297
63223.06962897515,35.18199920654297
63223.13651835846,35.22100067138672
63223.20340774176,35.22100067138672
63223.27029712507,35.22100067138672
63223.33718650837,35.16600036621094
63223.404075891674,35.2140007019043
63223.47096527498,35.2140007019043
63223.53785465829,35.19900131225586
63223.60474404159,35.19900131225586
63223.6716334249,35.19900131225586
63223.738522808206,35.22800064086914
63223.80541219151,35.0989990234375
63223.87230157482,35.0989990234375
63223.939190958125,35.220001220703125
63224.00608034143,35.220001220703125
63224.07296972474,35.30799865722656
63224.13985910804,35.2400016784668
63224.20674849135,35.2400016784668
63224.273637874656,35.2400016784668
63224.340527257955,35.2400016784668
63224.40741664126,35.138999938964844
63224.47430602457,35.23699951171875
63224.54119540787,35.23699951171875
63224.60808479118,35.17399978637695
63224.674974174486,35.17399978637695
63224.74186355779,35.17399978637695
63224.8087529411,35.18199920654297
63224.875642324405,35.14899826049805
63224.94253170771,35.14899826049805
63225.00942109102,35.3129997253418
63225.076310474324,35.3129997253418
63225.14319985763,35.3129997253418
63225.210089240936,35.277000427246094
63225.276978624235,35.297000885009766
63225.34386800754,35.297000885009766
63225.41075739085,35.340999603271484
63225.477646774154,35.340999603271484
63225.54453615746,35.340999603271484
63225.61142554077,35.25400161743164
63225.67831492407,35.358001708984375
63225.74520430738,35.358001708984375
63225.812093690685,35.297000885009766
63225.87898307399,35.297000885009766
63225.9458724573,35.297000885009766
63226.012761840604,35.23500061035156
63226.07965122391,35.17300033569336
63226.14654060722,35.17300033569336
63226.21342999052,35.2869987487793
63226.28031937382,35.15999984741211
63226.34720875713,35.15999984741211
63226.414098140434,35.15999984741211
63226.48098752374,35.15999984741211
63226.54787690705,35.10499954223633
63226.61476629035,35.152000427246094
63226.68165567366,35.152000427246094
63226.748545056966,35.207000732421875
63226.81543444027,35.207000732421875
63226.88232382358,35.207000732421875
63226.949213206884,35.125
63227.01610259019,35.1609992980957
63227.0829919735,35.1609992980957
63227.1498813568,35.24700164794922
63227.2167707401,35.24700164794922
63227.28366012341,35.24700164794922
63227.350549506715,35.249000549316406
63227.41743889002,35.249000549316406
63227.48432827333,35.249000549316406
63227.55121765663,35.143001556396484
63227.61810703994,35.143001556396484
63227.684996423246,35.143001556396484
63227.75188580655,35.132999420166016
63227.81877518986,35.12799835205078
63227.885664573165,35.12799835205078
63227.95255395647,35.1619987487793
63228.01944333978,35.1619987487793
63228.08633272308,35.1619987487793
63228.15322210639,35.21200180053711
63228.22011148969,35.26900100708008
63228.287000872995,35.26900100708008
63228.3538902563,35.29399871826172
63228.42077963961,35.233001708984375
63228.487669022914,35.233001708984375
63228.55455840622,35.233001708984375
63228.62144778953,35.172000885009766
63228.68833717283,35.172000885009766
63228.75522655614,35.323001861572266
63228.822115939445,35.323001861572266
63228.88900532275,35.28099822998047
63228.95589470606,35.28099822998047
63229.022784089364,35.28099822998047
63229.08967347267,35.29899978637695
63229.15656285597,35.29899978637695
63229.223452239276,35.236000061035156
63229.29034162258,35.24399948120117
63229.35723100589,35.24399948120117
63229.424120389194,35.21200180053711
63229.4910097725,35.21200180053711
63229.55789915581,35.21200180053711
63229.62478853911,35.23400115966797
63229.69167792242,35.10100173950195
63229.758567305726,35.10100173950195
63229.82545668903,35.150001525878906
63229.89234607234,35.150001525878906
63229.959235455644,35.150001525878906
63230.02612483895,35.242000579833984
63230.09301422226,35.24700164794922
63230.159903605556,35.24700164794922
63230.22679298886,35.284000396728516
63230.29368237217,35.284000396728516
63230.360571755475,35.284000396728516
63230.42746113878,35.229000091552734
63230.49435052209,35.24100112915039
63230.56123990539,35.24100112915039
63230.6281292887,35.31700134277344
63230.695018672006,35.31399917602539
63230.76190805531,35.31399917602539
63230.82879743862,35.31399917602539
63230.895686821925,35.31399917602539
63230.96257620523,35.207000732421875
63231.02946558854,35.266998291015625
63231.096354971836,35.266998291015625
63231.16324435514,35.292999267578125
63231.23013373845,35.292999267578125
63231.297023121755,35.292999267578125
63231.36391250506,35.375
63231.43080188837,35.1619987487793
63231.497691271674,35.1619987487793
63231.56458065498,35.176998138427734
63231.631470038286,35.176998138427734
63231.69835942159,35.176998138427734
63231.7652488049,35.28900146484375
63231.832138188205,35.23099899291992
63231.89902757151,35.23099899291992
63231.96591695482,35.277000427246094
63232.032806338124,35.277000427246094
63232.09969572142,35.277000427246094
63232.16658510473,35.262001037597656
63232.233474488035,35.32600021362305
63232.30036387134,35.32600021362305
63232.36725325465,35.28300094604492
63232.434142637954,35.334999084472656
63232.50103202126,35.334999084472656
63232.56792140457,35.334999084472656
63232.63481078787,35.2869987487793
63232.70170017118,35.2869987487793
63232.768589554486,35.33700180053711
63232.83547893779,35.33700180053711
63232.9023683211,35.323001861572266
63232.969257704404,35.323001861572266
63233.0361470877,35.323001861572266
63233.10303647101,35.31700134277344
63233.169925854316,35.27899932861328
63233.23681523762,35.27899932861328
63233.30370462093,35.19200134277344
63233.370594004235,35.19200134277344
63233.43748338754,35.19200134277344
63233.50437277085,35.224998474121094
63233.57126215415,35.20399856567383
63233.63815153746,35.20399856567383
63233.705040920766,35.159000396728516
63233.77193030407,35.159000396728516
63233.83881968738,35.159000396728516
63233.905709070685,35.31700134277344
63233.972598453984,35.31399917602539
63234.03948783729,35.31399917602539
63234.106377220596,35.207000732421875
63234.1732666039,35.207000732421875
63234.24015598721,35.23099899291992
63234.307045370515,35.23099899291992
63234.37393475382,35.23099899291992
63234.44082413713,35.277000427246094
63234.507713520434,35.33300018310547
63234.57460290374,35.33300018310547
63234.641492287046,35.32099914550781
63234.70838167035,35.35200119018555
63234.77527105366,35.35200119018555
63234.842160436965,35.35200119018555
63234.90904982027,35.32899856567383
63234.97593920357,35.32899856567383
63235.04282858688,35.39099884033203
63235.10971797018,35.34600067138672
63235.17660735349,35.34600067138672
63235.243496736795,35.34600067138672
63235.3103861201,35.34600067138672
63235.37727550341,35.22100067138672
63235.444164886714,35.34400177001953
63235.51105427002,35.34400177001953
63235.57794365333,35.39699935913086
63235.64483303663,35.39699935913086
63235.71172241994,35.39699935913086
63235.778611803245,35.3489990234375
63235.84550118655,35.11600112915039
63235.91239056985,35.11600112915039
63235.97927995316,35.26300048828125
63236.04616933646,35.26300048828125
63236.11305871977,35.26300048828125
63236.179948103076,35.29100036621094
63236.24683748638,35.268001556396484
63236.31372686969,35.268001556396484
63236.380616252995,35.1870002746582
63236.4475056363,35.1870002746582
63236.51439501961,35.1870002746582
63236.58128440291,35.257999420166016
63236.64817378622,35.21799850463867
63236.715063169526,35.21799850463867
63236.78195255283,35.27199935913086
63236.84884193614,35.27199935913086
63236.91573131944,35.27199935913086
63236.98262070274,35.29499816894531
63237.04951008605,35.23400115966797
63237.116399469356,35.23400115966797
63237.18328885266,35.20800018310547
63237.25017823597,35.19599914550781
63237.317067619275,35.19599914550781
63237.38395700258,35.19599914550781
63237.45084638589,35.19599914550781
63237.517735769194,35.262001037597656
63237.5846251525,35.220001220703125
63237.651514535806,35.220001220703125
63237.71840391911,35.23699951171875
63237.78529330242,35.23699951171875
63237.85218268572,35.23699951171875
63237.919072069024,35.24399948120117
63237.98596145233,35.176998138427734
63238.05285083564,35.176998138427734
63238.11974021894,35.14699935913086
63238.18662960225,35.14699935913086
63238.253518985555,35.14699935913086
63238.32040836886,35.34700012207031
63238.38729775217,35.29199981689453
63238.454187135474,35.29199981689453
63238.52107651878,35.268001556396484
63238.58796590209,35.268001556396484
63238.65485528539,35.268001556396484
63238.7217446687,35.257999420166016
63238.788634052005,35.28900146484375
63238.855523435304,35.28900146484375
63238.92241281861,35.3380012512207
63238.98930220192,35.323001861572266
63239.05619158522,35.323001861572266
63239.12308096853,35.323001861572266
63239.189970351836,35.24599838256836
63239.25685973514,35.24599838256836
63239.32374911845,35.35499954223633
63239.390638501754,35.35499954223633
63239.45752788506,35.29499816894531
63239.52441726837,35.19900131225586
63239.59130665167,35.19900131225586
63239.65819603498,35.19900131225586
63239.725085418286,35.19900131225586
63239.791974801585,35.15700149536133
63239.85886418489,35.244998931884766
63239.9257535682,35.244998931884766
63239.9926429515,35.354000091552734
63240.05953233481,35.354000091552734
63240.126421718116,35.354000091552734
63240.19331110142,35.2239990234375
63240.26020048473,35.09700012207031
63240.327089868035,35.09700012207031
63240.39397925134,35.290000915527344
63240.46086863465,35.290000915527344
63240.52775801795,35.290000915527344
63240.59464740126,35.231998443603516
63240.661536784566,35.207000732421875
63240.72842616787,35.207000732421875
63240.79531555117,35.266998291015625
63240.86220493448,35.266998291015625
63240.929094317784,35.266998291015625
63240.99598370109,35.36399841308594
63241.0628730844,35.369998931884766
63241.1297624677,35.369998931884766
63241.19665185101,35.301998138427734
63241.263541234315,35.301998138427734
63241.33043061762,35.301998138427734
63241.39732000093,35.27199935913086
63241.464209384234,35.2599983215332
63241.53109876754,35.2599983215332
63241.59798815085,35.361000061035156
63241.66487753415,35.36899948120117
63241.73176691745,35.36899948120117
63241.79865630076,35.36899948120117
63241.865545684064,35.22999954223633
63241.93243506737,35.22999954223633
63241.99932445068,35.3120002746582
63242.06621383398,35.3120002746582
63242.13310321729,35.347999572753906
63242.199992600596,35.347999572753906
63242.2668819839,35.347999572753906
63242.33377136721,35.433998107910156
63242.400660750514,35.3650016784668
63242.46755013382,35.3650016784668
63242.53443951713,35.334999084472656
63242.60132890043,35.334999084472656
63242.66821828374,35.334999084472656
63242.73510766704,35.321998596191406
63242.801997050345,35.17499923706055
63242.86888643365,35.17499923706055
63242.93577581696,35.32400131225586
63243.00266520026,35.32400131225586
63243.06955458357,35.32400131225586
63243.136443966876,35.31700134277344
63243.20333335018,35.314998626708984
63243.27022273349,35.314998626708984
63243.337112116795,35.3489990234375
63243.4040015001,35.3489990234375
63243.47089088341,35.3489990234375
63243.53778026671,35.36399841308594
63243.60466965002,35.263999938964844
63243.67155903332,35.263999938964844
63243.738448416625,35.220001220703125
63243.80533779993,35.220001220703125
63243.87222718324,35.220001220703125
63243.939116566544,35.20199966430664
63244.00600594985,35.29999923706055
63244.072895333156,35.29999923706055
63244.13978471646,35.34299850463867
63244.20667409977,35.361000061035156
63244.273563483075,35.361000061035156
63244.34045286638,35.361000061035156
63244.40734224969,35.361000061035156
63244.474231632994,35.33300018310547
63244.5411210163,35.33300018310547
63244.60801039961,35.391998291015625
63244.674899782905,35.382999420166016
63244.74178916621,35.382999420166016
63244.80867854952,35.30699920654297
63244.875567932824,35.30699920654297
63244.94245731613,35.30699920654297
63245.00934669944,35.41699981689453
63245.07623608274,35.393001556396484
63245.14312546605,35.393001556396484
63245.210014849356,35.34700012207031
63245.27690423266,35.34700012207031
63245.34379361597,35.34700012207031
63245.410682999274,35.39799880981445
63245.47757238258,35.42100143432617
63245.54446176589,35.42100143432617
63245.611351149186,35.43000030517578
63245.67824053249,35.43000030517578
63245.7451299158,35.43000030517578
63245.812019299105,35.25699996948242
63245.87890868241,35.35900115966797
63245.94579806572,35.35900115966797
63246.01268744902,35.262001037597656
63246.07957683233,35.220001220703125
63246.146466215636,35.220001220703125
63246.21335559894,35.220001220703125
63246.28024498225,35.220001220703125
63246.347134365555,35.13100051879883
63246.41402374886,35.16299819946289
63246.48091313217,35.16299819946289
63246.54780251547,35.24800109863281
63246.61469189877,35.24800109863281
63246.68158128208,35.24800109863281
63246.748470665385,35.284000396728516
63246.81536004869,35.26499938964844
63246.882249432,35.26499938964844
63246.949138815304,35.39799880981445
63247.01602819861,35.39799880981445
63247.082917581916,35.39799880981445
63247.14980696522,35.31399917602539
63247.21669634853,35.27799987792969
63247.283585731835,35.27799987792969
63247.35047511514,35.191001892089844
63247.41736449845,35.191001892089844
63247.484253881754,35.191001892089844
63247.55114326505,35.36600112915039
63247.61803264836,35.33599853515625
63247.684922031665,35.33599853515625
63247.75181141497,35.2869987487793
63247.81870079828,35.2869987487793
63247.885590181584,35.2869987487793
63247.95247956489,35.37200164794922
63248.0193689482,35.409000396728516
63248.0862583315,35.409000396728516
63248.15314771481,35.46099853515625
63248.220037098115,35.37699890136719
63248.28692648142,35.37699890136719
63248.35381586473,35.37699890136719
63248.420705248034,35.30500030517578
63248.48759463134,35.30500030517578
63248.55448401464,35.308998107910156
63248.621373397946,35.308998107910156
63248.68826278125,35.41699981689453
63248.75515216456,35.41699981689453
63248.822041547865,35.41699981689453
63248.88893093117,35.42900085449219
63248.95582031448,35.32699966430664
63249.02270969778,35.32699966430664
63249.08959908109,35.42499923706055
63249.156488464396,35.42499923706055
63249.2233778477,35.42499923706055
63249.29026723101,35.39699935913086
63249.357156614315,35.38399887084961
63249.42404599762,35.38399887084961
63249.49093538092,35.415000915527344
63249.557824764226,35.415000915527344
63249.62471414753,35.25
63249.69160353084,35.25
63249.758492914145,35.25
63249.82538229745,35.391998291015625
63249.89227168076,35.31100082397461
63249.959161064064,35.31100082397461
63250.02605044737,35.382999420166016
63250.092939830676,35.382999420166016
63250.15982921398,35.382999420166016
63250.22671859729,35.34299850463867
63250.293607980595,35.361000061035156
63250.3604973639,35.361000061035156
63250.4273867472,35.33399963378906
63250.49427613051,35.33399963378906
63250.56116551381,35.2859992980957
63250.62805489712,35.2859992980957
63250.694944280425,35.2859992980957
63250.76183366373,35.22999954223633
63250.82872304704,35.382999420166016
63250.895612430344,35.382999420166016
63250.96250181365,35.44900131225586
63251.02939119696,35.44900131225586
63251.09628058026,35.44900131225586
63251.16316996357,35.194000244140625
63251.230059346875,35.191001892089844
63251.29694873018,35.191001892089844
63251.36383811349,35.2599983215332
63251.43072749679,35.2599983215332
63251.49761688009,35.2599983215332
63251.5645062634,35.361000061035156
63251.631395646706,35.262001037597656
63251.69828503001,35.262001037597656
63251.76517441332,35.29100036621094
63251.832063796624,35.29100036621094
63251.89895317993,35.29100036621094
63251.96584256324,35.303001403808594
63252.03273194654,35.30799865722656
63252.09962132985,35.30799865722656
63252.166510713156,35.31100082397461
63252.23340009646,35.31100082397461
63252.30028947977,35.31100082397461
63252.36717886307,35.417999267578125
63252.43406824637,35.46500015258789
63252.50095762968,35.46500015258789
63252.567847012986,35.44900131225586
63252.63473639629,35.33599853515625
63252.7016257796,35.33599853515625
63252.768515162905,35.33599853515625
63252.83540454621,35.39400100708008
63252.90229392952,35.39400100708008
63252.96918331282,35.382999420166016
63253.03607269613,35.382999420166016
63253.102962079436,35.34299850463867
63253.16985146274,35.34299850463867
63253.23674084605,35.34299850463867
63253.303630229355,35.255001068115234
63253.370519612654,35.28799819946289
63253.43740899596,35.28799819946289
63253.50429837927,35.23099899291992
63253.57118776257,35.23099899291992
63253.63807714588,35.23099899291992
63253.704966529185,35.277000427246094
63253.77185591249,35.262001037597656
63253.8387452958,35.262001037597656
63253.905634679104,35.32600021362305
63253.97252406241,35.32600021362305
63254.03941344572,35.32600021362305
63254.10630282902,35.31800079345703
63254.17319221233,35.349998474121094
63254.240081595635,35.349998474121094
63254.306970978934,35.47100067138672
63254.37386036224,35.47100067138672
63254.44074974555,35.47100067138672
63254.50763912885,35.45199966430664
63254.57452851216,35.444000244140625
63254.641417895466,35.444000244140625
63254.70830727877,35.404998779296875
63254.77519666208,35.404998779296875
63254.842086045384,35.31700134277344
63254.90897542869,35.3849983215332
63254.975864812,35.3849983215332
63255.0427541953,35.3849983215332
63255.10964357861,35.3849983215332
63255.176532961916,35.37900161743164
63255.24342234522,35.37699890136719
63255.31031172852,35.37699890136719
63255.37720111183,35.4109992980957
63255.44409049513,35.4109992980957
63255.51097987844,35.4109992980957
63255.577869261746,35.46200180053711
63255.64475864505,35.305999755859375
63255.71164802836,35.305999755859375
63255.778537411665,35.38100051879883
63255.84542679497,35.38100051879883
63255.91231617828,35.38100051879883
63255.97920556158,35.34199905395508
63256.04609494489,35.32500076293945
63256.112984328196,35.32500076293945
63256.1798737115,35.28300094604492
63256.2467630948,35.28300094604492
63256.31365247811,35.28300094604492
63256.380541861414,35.15800094604492
63256.44743124472,35.316001892089844
63256.514320628026,35.316001892089844
63256.58121001133,35.24300003051758
63256.64809939464,35.24300003051758
63256.714988777945,35.24300003051758
63256.78187816125,35.24700164794922
63256.84876754456,35.284000396728516
63256.915656927864,35.284000396728516
63256.98254631117,35.37099838256836
63257.04943569448,35.409000396728516
63257.11632507778,35.409000396728516
63257.18321446109,35.409000396728516
63257.25010384439,35.409000396728516
63257.316993227694,35.319000244140625
63257.383882611,35.38600158691406
63257.45077199431,35.38600158691406
63257.51766137761,35.415000915527344
63257.58455076092,35.415000915527344
63257.651440144225,35.415000915527344
63257.71832952753,35.356998443603516
63257.78521891084,35.332000732421875
63257.852108294144,35.332000732421875
63257.91899767745,35.32099914550781
63257.98588706076,35.32099914550781
63258.05277644406,35.32099914550781
63258.11966582737,35.387001037597656
63258.18655521067,35.345001220703125
63258.253444593975,35.345001220703125
63258.32033397728,35.36199951171875
63258.38722336059,35.36199951171875
63258.45411274389,35.36199951171875
63258.5210021272,35.33399963378906
63258.587891510506,35.356998443603516
63258.65478089381,35.356998443603516
63258.72167027712,35.4379997253418
63258.788559660425,35.4379997253418
63258.85544904373,35.4379997253418
63258.92233842704,35.472999572753906
63258.98922781034,35.34700012207031
63259.05611719365,35.34700012207031
63259.12300657695,35.505001068115234
63259.189895960255,35.46699905395508
63259.25678534356,35.46699905395508
63259.32367472687,35.46699905395508
63259.390564110174,35.23699951171875
63259.45745349348,35.23699951171875
63259.524342876786,35.244998931884766
63259.59123226009,35.244998931884766
63259.6581216434,35.354000091552734
63259.725011026705,35.354000091552734
63259.79190041001,35.354000091552734
63259.85878979332,35.507999420166016
63259.925679176624,35.507999420166016
63259.99256855993,35.46799850463867
63260.059457943236,35.308998107910156
63260.126347326535,35.308998107910156
63260.19323670984,35.16899871826172
63260.26012609315,35.16899871826172
63260.327015476454,35.16899871826172
63260.39390485976,35.32099914550781
63260.46079424307,35.244998931884766
63260.52768362637,35.244998931884766
63260.59457300968,35.319000244140625
63260.661462392985,35.319000244140625
63260.72835177629,35.319000244140625
63260.7952411596,35.38600158691406
63260.862130542904,35.45100021362305
63260.92901992621,35.45100021362305
63260.99590930952,35.40800094604492
63261.062798692816,35.31800079345703
63261.12968807612,35.31800079345703
63261.19657745943,35.31800079345703
63261.263466842734,35.349998474121094
63261.33035622604,35.349998474121094
63261.39724560935,35.32899856567383
63261.46413499265,35.32899856567383
63261.53102437596,35.35499954223633
63261.597913759266,35.35499954223633
63261.66480314257,35.35499954223633
63261.73169252588,35.402000427246094
63261.798581909185,35.316001892089844
63261.86547129249,35.316001892089844
63261.9323606758,35.41999816894531
63261.9992500591,35.41999816894531
63262.0661394424,35.41999816894531
63262.13302882571,35.35900115966797
63262.199918209015,35.262001037597656
63262.26680759232,35.262001037597656
63262.33369697563,35.29100036621094
63262.400586358934,35.29100036621094
63262.46747574224,35.29100036621094
63262.534365125546,35.409000396728516
63262.60125450885,35.38999938964844
63262.66814389216,35.38999938964844
63262.735033275465,35.41699981689453
63262.80192265877,35.41699981689453
63262.86881204208,35.41699981689453
63262.935701425384,35.321998596191406
63263.00259080868,35.38800048828125
63263.06948019199,35.38800048828125
63263.136369575295,35.52199935913086
63263.2032589586,35.43899917602539
63263.27014834191,35.43899917602539
63263.337037725214,35.43899917602539
63263.40392710852,35.43899917602539
63263.47081649183,35.40299987792969
63263.53770587513,35.49300003051758
63263.60459525844,35.49300003051758
63263.671484641745,35.46200180053711
63263.73837402505,35.46200180053711
63263.80526340836,35.46200180053711
63263.872152791664,35.37699890136719
63263.93904217497,35.375999450683594
63264.00593155827,35.375999450683594
63264.072820941576,35.34000015258789
63264.13971032488,35.34000015258789
63264.20659970819,35.34000015258789
63264.273489091494,35.430999755859375
63264.3403784748,35.292999267578125
63264.40726785811,35.292999267578125
63264.47415724141,35.375
63264.54104662472,35.375
63264.607936008026,35.375
63264.67482539133,35.44599914550781
63264.74171477464,35.512001037597656
63264.808604157945,35.512001037597656
63264.87549354125,35.470001220703125
63264.94238292455,35.470001220703125
63265.009272307856,35.38100051879883
63265.07616169116,35.38100051879883
63265.14305107447,35.48400115966797
63265.209940457775,35.48400115966797
63265.27682984108,35.48400115966797
63265.34371922439,35.49300003051758
63265.41060860769,35.39099884033203
63265.477497991,35.39099884033203
63265.544387374306,35.452999114990234
63265.61127675761,35.452999114990234
63265.67816614092,35.452999114990234
63265.745055524225,35.3380012512207
63265.81194490753,35.323001861572266
63265.87883429084,35.323001861572266
63265.94572367414,35.24599838256836
63266.01261305744,35.24599838256836
63266.07950244075,35.24599838256836
63266.146391824055,35.284000396728516
63266.21328120736,35.29999923706055
63266.28017059067,35.29999923706055
63266.347059973974,35.34299850463867
63266.41394935728,35.34299850463867
63266.48083874059,35.34299850463867
63266.54772812389,35.361000061035156
63266.6146175072,35.40399932861328
63266.681506890505,35.40399932861328
63266.74839627381,35.35200119018555
63266.81528565712,35.35200119018555
63266.88217504042,35.35200119018555
63266.94906442372,35.4010009765625
63267.01595380703,35.457000732421875
63267.082843190336,35.457000732421875
63267.14973257364,35.375
63267.21662195695,35.40999984741211
63267.283511340254,35.40999984741211
63267.35040072356,35.40999984741211
63267.41729010687,35.40999984741211
63267.48417949017,35.49700164794922
63267.55106887348,35.391998291015625
63267.617958256786,35.391998291015625
63267.68484764009,35.34700012207031
63267.7517370234,35.34700012207031
63267.818626406704,35.34700012207031
63267.88551579,35.433998107910156
63267.95240517331,35.43600082397461
63268.019294556616,35.43600082397461
63268.08618393992,35.507999420166016
63268.15307332323,35.507999420166016
63268.219962706535,35.507999420166016
63268.28685208984,35.46799850463867
63268.35374147315,35.486000061035156
63268.42063085645,35.486000061035156
63268.48752023976,35.45899963378906
63268.554409623066,35.45899963378906
63268.62129900637,35.45899963378906
63268.68818838968,35.518001556396484
63268.755077772985,35.542999267578125
63268.821967156284,35.542999267578125
63268.88885653959,35.51900100708008
63268.955745922896,35.51900100708008
63269.0226353062,35.51900100708008
63269.08952468951,35.54399871826172
63269.156414072815,35.55400085449219
63269.22330345612,35.55400085449219
63269.29019283943,35.452999114990234
63269.357082222734,35.444000244140625
63269.42397160604,35.444000244140625
63269.49086098935,35.444000244140625
63269.55775037265,35.33399963378906
63269.62463975596,35.33399963378906
63269.691529139265,35.428001403808594
63269.75841852257,35.428001403808594
63269.82530790587,35.43299865722656
63269.89219728918,35.43299865722656
63269.95908667248,35.43299865722656
63270.02597605579,35.43600082397461
63270.092865439095,35.43600082397461
63270.1597548224,35.4370002746582
63270.22664420571,35.507999420166016
63270.293533589014,35.507999420166016
63270.36042297232,35.46799850463867
63270.42731235563,35.46799850463867
63270.49420173893,35.46799850463867
63270.56109112224,35.55699920654297
63270.627980505546,35.417999267578125
63270.69486988885,35.417999267578125
63270.76175927215,35.46500015258789
63270.82864865546,35.46500015258789
63270.89553803876,35.46500015258789
63270.96242742207,35.34299850463867
63271.029316805376,35.32600021362305
63271.09620618868,35.32600021362305
63271.16309557199,35.354000091552734
63271.229984955295,35.354000091552734
63271.2968743386,35.354000091552734
63271.36376372191,35.4370002746582
63271.43065310521,35.472999572753906
63271.49754248852,35.472999572753906
63271.564431871826,35.41699981689453
63271.63132125513,35.393001556396484
63271.69821063844,35.393001556396484
63271.76510002174,35.393001556396484
63271.831989405044,35.525001525878906
63271.89887878835,35.525001525878906
63271.965768171656,35.51100158691406
63272.03265755496,35.51100158691406
63272.09954693827,35.433998107910156
63272.166436321575,35.433998107910156
63272.23332570488,35.433998107910156
63272.30021508819,35.400001525878906
63272.367104471494,35.492000579833984
63272.4339938548,35.492000579833984
63272.500883238106,35.49700164794922
63272.56777262141,35.49700164794922
63272.63466200472,35.49700164794922
63272.70155138802,35.428001403808594
63272.768440771324,35.36199951171875
63272.83533015463,35.36199951171875
63272.90221953794,35.369998931884766
63272.96910892124,35.369998931884766
63273.03599830455,35.369998931884766
63273.102887687855,35.444000244140625
63273.16977707116,35.404998779296875
63273.23666645447,35.404998779296875
63273.303555837774,35.42300033569336
63273.37044522108,35.42300033569336
63273.43733460439,35.42300033569336
63273.50422398769,35.46699905395508
63273.571113371,35.34400177001953
63273.638002754305,35.34400177001953
63273.704892137604,35.53900146484375
63273.77178152091,35.53900146484375
63273.83867090422,35.53900146484375
63273.90556028752,35.48099899291992
63273.97244967083,35.42100143432617
63274.039339054136,35.42100143432617
63274.10622843744,35.43000030517578
63274.17311782075,35.433998107910156
63274.240007204055,35.433998107910156
63274.30689658736,35.433998107910156
63274.37378597067,35.43600082397461
63274.44067535397,35.43600082397461
63274.50756473728,35.36600112915039
63274.574454120586,35.36600112915039
63274.641343503885,35.58399963378906
63274.70823288719,35.58399963378906
63274.7751222705,35.58399963378906
63274.842011653804,35.571998596191406
63274.90890103711,35.60200119018555
63274.975790420416,35.60200119018555
63275.04267980372,35.6150016784668
63275.10956918703,35.6150016784668
63275.176458570335,35.6150016784668
63275.24334795364,35.54999923706055
63275.31023733695,35.54999923706055
63275.377126720254,35.55699920654297
63275.44401610356,35.45399856567383
63275.510905486866,35.45399856567383
63275.577794870165,35.409000396728516
63275.64468425347,35.409000396728516
63275.71157363678,35.409000396728516
63275.778463020084,35.49599838256836
63275.84535240339,35.4630012512207
63275.9122417867,35.4630012512207
63275.97913117,35.48400115966797
63276.04602055331,35.48400115966797
63276.112909936615,35.48400115966797
63276.17979931992,35.422000885009766
63276.24668870323,35.39500045776367
63276.313578086534,35.39500045776367
63276.38046746984,35.41899871826172
63276.44735685315,35.39400100708008
63276.51424623645,35.39400100708008
63276.58113561975,35.39400100708008
63276.64802500306,35.39400100708008
63276.714914386364,35.4900016784668
63276.78180376967,35.459999084472656
63276.84869315298,35.459999084472656
63276.91558253628,35.483001708984375
63276.98247191959,35.483001708984375
63277.049361302896,35.483001708984375
63277.1162506862,35.52799987792969
63277.18314006951,35.47700119018555
63277.250029452814,35.47700119018555
63277.31691883612,35.38399887084961
63277.38380821943,35.38399887084961
63277.45069760273,35.38399887084961
63277.51758698603,35.41400146484375
63277.58447636934,35.426998138427734
63277.651365752645,35.426998138427734
63277.71825513595,35.46900177001953
63277.78514451926,35.46900177001953
63277.85203390256,35.46900177001953
63277.91892328587,35.55699920654297
63277.985812669176,35.48899841308594
63278.05270205248,35.48899841308594
63278.11959143579,35.494998931884766
63278.186480819095,35.494998931884766
63278.2533702024,35.494998931884766
63278.32025958571,35.426998138427734
63278.387148969014,35.57500076293945
63278.45403835232,35.57500076293945
63278.52092773562,35.60300064086914
63278.587817118925,35.4739990234375
63278.65470650223,35.4739990234375
63278.72159588554,35.4739990234375
63278.788485268844,35.417999267578125
63278.85537465215,35.417999267578125
63278.92226403546,35.53499984741211
63278.98915341876,35.53499984741211
63279.05604280207,35.47999954223633
63279.122932185375,35.47999954223633
63279.18982156868,35.47999954223633
63279.25671095199,35.45600128173828
63279.323600335294,35.551998138427734
63279.3904897186,35.551998138427734
63279.4573791019,35.48699951171875
63279.524268485206,35.48699951171875
63279.59115786851,35.48699951171875
63279.65804725182,35.38800048828125
63279.724936635124,35.38100051879883
63279.79182601843,35.38100051879883
63279.85871540174,35.448001861572266
63279.92560478504,35.448001861572266
63279.99249416835,35.448001861572266
63280.059383551656,35.51300048828125
63280.12627293496,35.435001373291016
63280.19316231827,35.435001373291016
63280.260051701574,35.3650016784668
63280.32694108488,35.3650016784668
63280.39383046819,35.334999084472656
63280.460719851486,35.334999084472656
63280.52760923479,35.334999084472656
63280.5944986181,35.393001556396484
63280.661388001405,35.48899841308594
63280.72827738471,35.48899841308594
63280.79516676802,35.459999084472656
63280.86205615132,35.4119987487793
63280.92894553463,35.4119987487793
63280.995834917936,35.4119987487793
63281.06272430124,35.31999969482422
63281.12961368455,35.31999969482422
63281.196503067855,35.45800018310547
63281.26339245116,35.45800018310547
63281.33028183447,35.553001403808594
63281.397171217766,35.553001403808594
63281.46406060107,35.553001403808594
63281.53094998438,35.52299880981445
63281.597839367685,35.54499816894531
63281.66472875099,35.54499816894531
63281.7316181343,35.44900131225586
63281.798507517604,35.44900131225586
63281.86539690091,35.44900131225586
63281.93228628422,35.54899978637695
63281.99917566752,35.486000061035156
63282.06606505083,35.486000061035156
63282.132954434135,35.45800018310547
63282.19984381744,35.45800018310547
63282.26673320075,35.45800018310547
63282.333622584054,35.553001403808594
63282.40051196735,35.70000076293945
63282.46740135066,35.70000076293945
63282.534290733965,35.62200164794922
63282.60118011727,35.659000396728516
63282.66806950058,35.4630012512207
63282.734958883884,35.4630012512207
63282.80184826719,35.48400115966797
63282.8687376505,35.49300003051758
63282.9356270338,35.49300003051758
63283.00251641711,35.49300003051758
63283.069405800416,35.49300003051758
63283.13629518372,35.39099884033203
63283.20318456703,35.41699981689453
63283.270073950334,35.41699981689453
63283.33696333363,35.42900085449219
63283.40385271694,35.42900085449219
63283.470742100246,35.42900085449219
63283.53763148355,35.433998107910156
63283.60452086686,35.43600082397461
63283.671410250165,35.43600082397461
63283.73829963347,35.47200012207031
63283.80518901678,35.47200012207031
63283.87207840008,35.47200012207031
63283.93896778339,35.558998107910156
63284.005857166696,35.56100082397461
63284.07274655,35.56100082397461
63284.13963593331,35.49100112915039
63284.206525316615,35.49100112915039
63284.27341469992,35.49100112915039
63284.34030408322,35.49599838256836
63284.407193466526,35.534000396728516
63284.47408284983,35.534000396728516
63284.54097223314,35.51499938964844
63284.607861616445,35.51499938964844
63284.67475099975,35.51499938964844
63284.74164038306,35.57699966430664
63284.808529766364,35.604000091552734
63284.87541914967,35.604000091552734
63284.942308532976,35.58100128173828
63285.00919791628,35.56999969482422
63285.07608729959,35.56999969482422
63285.142976682895,35.56999969482422
63285.2098660662,35.42399978637695
63285.2767554495,35.42399978637695
63285.34364483281,35.50299835205078
63285.41053421611,35.50299835205078
63285.47742359942,35.5369987487793
63285.544312982725,35.58700180053711
63285.61120236603,35.58700180053711
63285.67809174934,35.58700180053711
63285.744981132644,35.58700180053711
63285.81187051595,35.71500015258789
63285.87875989926,35.59299850463867
63285.94564928256,35.59299850463867
63286.01253866587,35.611000061035156
63286.079428049175,35.611000061035156
63286.14631743248,35.611000061035156
63286.21320681578,35.47700119018555
63286.28009619909,35.347999572753906
63286.34698558239,35.347999572753906
63286.4138749657,35.362998962402344
63286.480764349006,35.362998962402344
63286.54765373231,35.362998962402344
63286.61454311562,35.404998779296875
63286.681432498925,35.45899963378906
63286.74832188223,35.45899963378906
63286.81521126554,35.481998443603516
63286.88210064884,35.481998443603516
63286.94899003215,35.481998443603516
63287.015879415456,35.457000732421875
63287.08276879876,35.48099899291992
63287.14965818207,35.48099899291992
63287.21654756537,35.597999572753906
63287.28343694867,35.612998962402344
63287.35032633198,35.612998962402344
63287.417215715286,35.612998962402344
63287.48410509859,35.619998931884766
63287.5509944819,35.619998931884766
63287.617883865205,35.44599914550781
63287.68477324851,35.44599914550781
63287.75166263182,35.47600173950195
63287.818552015124,35.47600173950195
63287.88544139843,35.47600173950195
63287.952330781736,35.4900016784668
63288.01922016504,35.56700134277344
63288.08610954835,35.56700134277344
63288.15299893165,35.52899932861328
63288.219888314954,35.52899932861328
63288.28677769826,35.52899932861328
63288.35366708157,35.65399932861328
63288.42055646487,35.49599838256836
63288.48744584818,35.49599838256836
63288.554335231485,35.4630012512207
63288.62122461479,35.4630012512207
63288.6881139981,35.4630012512207
63288.755003381404,35.55500030517578
63288.82189276471,35.452999114990234
63288.88878214802,35.452999114990234
63288.95567153132,35.409000396728516
63289.02256091463,35.409000396728516
63289.089450297935,35.409000396728516
63289.156339681234,35.53099822998047
63289.22322906454,35.619998931884766
63289.29011844785,35.619998931884766
63289.35700783115,35.51599884033203
63289.42389721446,35.51599884033203
63289.490786597766,35.51599884033203
63289.55767598107,35.47200012207031
63289.62456536438,35.558998107910156
63289.691454747684,35.558998107910156
63289.75834413099,35.4900016784668
63289.8252335143,35.49599838256836
63289.8921228976,35.49599838256836
63289.95901228091,35.49599838256836
63290.025901664216,35.4630012512207
63290.092791047515,35.4630012512207
63290.15968043082,35.448001861572266
63290.22656981413,35.448001861572266
63290.29345919743,35.37099838256836
63290.36034858074,35.37099838256836
63290.427237964046,35.37099838256836
63290.49412734735,35.409000396728516
63290.56101673066,35.409000396728516
63290.627906113965,35.49599838256836
63290.69479549727,35.569000244140625
63290.76168488058,35.569000244140625
63290.828574263884,35.529998779296875
63290.89546364719,35.529998779296875
63290.962353030496,35.529998779296875
63291.0292424138,35.44200134277344
63291.0961317971,35.54600143432617
63291.16302118041,35.54600143432617
63291.229910563714,35.48400115966797
63291.29679994702,35.48400115966797
63291.36368933033,35.48400115966797
63291.43057871363,35.45800018310547
63291.49746809694,35.553001403808594
63291.564357480245,35.553001403808594
63291.63124686355,35.52299880981445
63291.69813624686,35.52299880981445
63291.765025630164,35.52299880981445
63291.83191501347,35.6870002746582
63291.89880439678,35.652000427246094
63291.96569378008,35.652000427246094
63292.03258316338,35.637001037597656
63292.09947254669,35.630001068115234
63292.166361929994,35.630001068115234
63292.2332513133,35.630001068115234
63292.30014069661,35.630001068115234
63292.36703007991,35.45000076293945
63292.43391946322,35.619998931884766
63292.500808846526,35.619998931884766
63292.56769822983,35.44599914550781
63292.63458761314,35.44599914550781
63292.701476996444,35.44599914550781
63292.76836637975,35.547000885009766
63292.83525576306,35.45000076293945
63292.90214514636,35.45000076293945
63292.96903452967,35.44300079345703
63293.03592391297,35.44300079345703
63293.102813296275,35.44300079345703
63293.16970267958,35.617000579833984
63293.23659206289,35.69200134277344
63293.30348144619,35.69200134277344
63293.3703708295,35.724998474121094
63293.437260212806,35.724998474121094
63293.50414959611,35.724998474121094
63293.57103897942,35.632999420166016
63293.637928362725,35.59299850463867
63293.70481774603,35.59299850463867
63293.77170712934,35.71799850463867
63293.83859651264,35.630001068115234
63293.90548589595,35.630001068115234
63293.97237527925,35.630001068115234
63294.039264662555,35.630001068115234
63294.10615404586,35.62699890136719
63294.17304342917,35.55500030517578
63294.239932812474,35.55500030517578
63294.30682219578,35.452999114990234
63294.37371157909,35.452999114990234
63294.44060096239,35.452999114990234
63294.5074903457,35.55099868774414
63294.574379729005,35.415000915527344
63294.64126911231,35.415000915527344
63294.70815849562,35.393001556396484
63294.775047878924,35.393001556396484
63294.84193726223,35.393001556396484
63294.90882664554,35.452999114990234
63294.975716028835,35.409000396728516
63295.04260541214,35.409000396728516
63295.10949479545,35.46099853515625
63295.176384178754,35.46099853515625
63295.24327356206,35.46099853515625
63295.31016294537,35.5890007019043
63295.37705232867,35.68000030517578
63295.44394171198,35.68000030517578
63295.510831095286,35.720001220703125
63295.57772047859,35.720001220703125
63295.6446098619,35.595001220703125
63295.711499245204,35.595001220703125
63295.77838862851,35.595001220703125
63295.84527801182,35.470001220703125
63295.912167395116,35.45199966430664
63295.97905677842,35.45199966430664
63296.04594616173,35.54999923706055
63296.112835545035,35.54999923706055
63296.17972492834,35.54999923706055
63296.24661431165,35.415000915527344
63296.31350369495,35.4630012512207
63296.38039307826,35.4630012512207
63296.447282461566,35.48400115966797
63296.51417184487,35.599998474121094
63296.58106122818,35.599998474121094
63296.647950611485,35.599998474121094
63296.71483999479,35.599998474121094
63296.7817293781,35.47200012207031
63296.8486187614,35.45199966430664
63296.9155081447,35.45199966430664
63296.98239752801,35.444000244140625
63297.049286911315,35.444000244140625
63297.11617629462,35.444000244140625
63297.18306567793,35.51100158691406
63297.249955061234,35.57600021362305
63297.31684444454,35.57600021362305
63297.383733827846,35.49700164794922
63297.45062321115,35.49700164794922
63297.51751259446,35.49700164794922
63297.584401977765,35.499000549316406
63297.65129136107,35.53499984741211
63297.71818074438,35.53499984741211
63297.785070127684,35.58599853515625
63297.85195951098,35.58599853515625
63297.91884889429,35.58599853515625
63297.985738277595,35.608001708984375
63298.0526276609,35.65299987792969
63298.11951704421,35.65299987792969
63298.186406427514,35.67300033569336
63298.25329581082,35.67300033569336
63298.32018519413,35.67300033569336
63298.38707457743,35.680999755859375
63298.45396396074,35.577999114990234
63298.520853344045,35.577999114990234
63298.58774272735,35.67599868774414
63298.65463211066,35.611000061035156
63298.721521493964,35.611000061035156
63298.78841087727,35.611000061035156
63298.85530026057,35.54800033569336
63298.922189643876,35.54800033569336
63298.98907902718,35.59199905395508
63299.05596841049,35.540000915527344
63299.122857793795,35.540000915527344
63299.1897471771,35.540000915527344
63299.25663656041,35.540000915527344
63299.32352594371,35.516998291015625
63299.39041532702,35.50699996948242
63299.457304710326,35.50699996948242
63299.52419409363,35.50299835205078
63299.59108347694,35.50299835205078
63299.657972860245,35.50299835205078
63299.72486224355,35.465999603271484
63299.79175162685,35.555999755859375
63299.858641010156,35.555999755859375
63299.92553039346,35.560001373291016
63299.99241977677,35.560001373291016
63300.059309160075,35.560001373291016
63300.12619854338,35.56100082397461
63300.19308792669,35.49100112915039
63300.259977309994,35.49100112915039
63300.3268666933,35.56700134277344
63300.393756076606,35.56700134277344
63300.46064545991,35.56700134277344
63300.52753484322,35.67100143432617
63300.594424226525,35.57400131225586
63300.66131360983,35.57400131225586
63300.72820299314,35.60300064086914
63300.79509237644,35.60300064086914
63300.86198175974,35.6150016784668
63300.92887114305,35.584999084472656
63300.995760526355,35.584999084472656
63301.06264990966,35.584999084472656
63301.12953929297,35.5369987487793
63301.196428676274,35.5369987487793
63301.26331805958,35.65800094604492
63301.33020744289,35.65800094604492
63301.39709682619,35.638999938964844
63301.4639862095,35.638999938964844
63301.530875592805,35.638999938964844
63301.59776497611,35.70199966430664
63301.66465435942,35.58700180053711
63301.73154374272,35.58700180053711
63301.79843312602,35.71500015258789
63301.86532250933,35.71500015258789
63301.932211892636,35.71500015258789
63301.99910127594,35.66400146484375
63302.06599065925,35.641998291015625
63302.132880042554,35.641998291015625
63302.19976942586,35.667999267578125
63302.26665880917,35.667999267578125
63302.33354819247,35.667999267578125
63302.40043757578,35.573001861572266
63302.467326959086,35.53099822998047
63302.53421634239,35.53099822998047
63302.6011057257,35.619998931884766
63302.667995109,35.619998931884766
63302.7348844923,35.619998931884766
63302.80177387561,35.551998138427734
63302.868663258916,35.55799865722656
63302.93555264222,35.55799865722656
63303.00244202553,35.4900016784668
63303.069331408835,35.4900016784668
63303.13622079214,35.4900016784668
63303.20311017545,35.53099822998047
63303.26999955875,35.654998779296875
63303.33688894206,35.654998779296875
63303.403778325366,35.53200149536133
63303.47066770867,35.53200149536133
63303.53755709198,35.691001892089844
63303.604446475285,35.691001892089844
63303.671335858584,35.691001892089844
63303.73822524189,35.61800003051758
63303.8051146252,35.62200164794922
63303.8720040085,35.62200164794922
63303.93889339181,35.659000396728516
63304.005782775115,35.659000396728516
63304.07267215842,35.659000396728516
63304.13956154173,35.67499923706055
63304.206450925034,35.64699935913086
63304.27334030834,35.64699935913086
63304.34022969165,35.5989990234375
63304.40711907495,35.5989990234375
63304.47400845826,35.5989990234375
63304.540897841565,35.64899826049805
63304.607787224864,35.564998626708984
63304.67467660817,35.564998626708984
63304.74156599148,35.52799987792969
63304.80845537478,35.52799987792969
63304.87534475809,35.52799987792969
63304.942234141396,35.58300018310547
63305.0091235247,35.57099914550781
63305.07601290801,35.57099914550781
63305.142902291314,35.60200119018555
63305.20979167462,35.60200119018555
63305.27668105793,35.60200119018555
63305.34357044123,35.650001525878906
63305.41045982454,35.707000732421875
63305.477349207846,35.707000732421875
63305.54423859115,35.766998291015625
63305.61112797445,35.6510009765625
63305.67801735776,35.6510009765625
63305.74490674106,35.6510009765625
63305.81179612437,35.6510009765625
63305.878685507676,35.63600158691406
63305.94557489098,35.63600158691406
63306.01246427429,35.77199935913086
63306.079353657595,35.7239990234375
63306.1462430409,35.7239990234375
63306.21313242421,35.63199996948242
63306.28002180751,35.63199996948242
63306.34691119082,35.63199996948242
63306.413800574126,35.52199935913086
63306.48068995743,35.6510009765625
63306.54757934073,35.6510009765625
63306.61446872404,35.60100173950195
63306.681358107344,35.60100173950195
63306.74824749065,35.60100173950195
63306.81513687396,35.57899856567383
63306.88202625726,35.534000396728516
63306.94891564057,35.534000396728516
63307.015805023875,35.62099838256836
63307.08269440718,35.62099838256836
63307.14958379049,35.62099838256836
63307.216473173794,35.76499938964844
63307.2833625571,35.57899856567383
63307.35025194041,35.57899856567383
63307.41714132371,35.67599868774414
63307.48403070702,35.67599868774414
63307.55092009032,35.67599868774414
63307.617809473624,35.64699935913086
63307.68469885693,35.74100112915039
63307.75158824024,35.74100112915039
63307.81847762354,35.71099853515625
63307.88536700685,35.698001861572266
63307.952256390156,35.698001861572266
63308.01914577346,35.698001861572266
63308.08603515677,35.479000091552734
63308.152924540074,35.479000091552734
63308.21981392338,35.667999267578125
63308.28670330669,35.608001708984375
63308.35359268999,35.608001708984375
63308.4204820733,35.608001708984375
63308.4873714566,35.608001708984375
63308.554260839905,35.61800003051758
63308.62115022321,35.834999084472656
63308.68803960652,35.834999084472656
63308.75492898982,35.7869987487793
63308.82181837313,35.7869987487793
63308.888707756436,35.7869987487793
63308.95559713974,35.83700180053711
63309.02248652305,35.53900146484375
63309.089375906355,35.53900146484375
63309.15626528966,35.62300109863281
63309.22315467297,35.62300109863281
63309.29004405627,35.62300109863281
63309.35693343958,35.76599884033203
63309.423822822886,35.58000183105469
63309.490712206185,35.58000183105469
63309.55760158949,35.60499954223633
63309.6244909728,35.60499954223633
63309.691380356104,35.60499954223633
63309.75826973941,35.652000427246094
63309.825159122716,35.637001037597656
63309.89204850602,35.637001037597656
63309.95893788933,35.630001068115234
63310.025827272635,35.630001068115234
63310.09271665594,35.630001068115234
63310.15960603925,35.73400115966797
63310.226495422554,35.566001892089844
63310.29338480586,35.566001892089844
63310.36027418917,35.70600128173828
63310.427163572465,35.70600128173828
63310.49405295577,35.70600128173828
63310.56094233908,35.801998138427734
63310.627831722384,35.77199935913086
63310.69472110569,35.77199935913086
63310.761610489,35.83100128173828
63310.8284998723,35.7140007019043
63310.89538925561,35.7140007019043
63310.962278638915,33.73699951171875
63311.02916802222,35.62799835205078
63311.09605740553,35.62799835205078
63311.162946788834,35.62799835205078
63311.22983617214,35.733001708984375
63311.29672555545,35.63600158691406
63311.36361493875,35.63600158691406
63311.43050432205,35.59400177001953
63311.49739370536,35.59400177001953
63311.564283088665,35.59400177001953
63311.63117247197,35.61199951171875
63311.69806185528,35.654998779296875
63311.76495123858,35.654998779296875
63311.83184062189,35.56700134277344
63311.898730005196,35.67100143432617
63311.9656193885,35.67100143432617
63312.03250877181,35.67100143432617
63312.099398155115,35.67100143432617
63312.16628753842,35.68000030517578
63312.23317692173,35.755001068115234
63312.30006630503,35.755001068115234
63312.36695568833,35.645999908447266
63312.43384507164,35.645999908447266
63312.500734454945,35.645999908447266
63312.56762383825,35.70500183105469
63312.63451322156,35.80099868774414
63312.701402604864,35.80099868774414
63312.76829198817,35.66600036621094
63312.835181371476,35.66600036621094
63312.90207075478,35.66600036621094
63312.96896013809,35.749000549316406
63313.035849521395,35.643001556396484
63313.1027389047,35.643001556396484
63313.16962828801,35.775001525878906
63313.236517671314,35.775001525878906
63313.30340705461,35.775001525878906
63313.37029643792,35.76100158691406
63313.437185821225,35.71900177001953
63313.50407520453,35.71900177001953
63313.57096458784,35.630001068115234
63313.637853971144,35.630001068115234
63313.70474335445,35.630001068115234
63313.77163273776,35.62699890136719
63313.83852212106,35.696998596191406
63313.90541150437,35.696998596191406
63313.972300887675,35.62099838256836
63314.03919027098,35.694000244140625
63314.10607965429,35.694000244140625
63314.172969037594,35.694000244140625
63314.2398584209,35.694000244140625
63314.3067478042,35.689998626708984
63314.373637187506,35.65299987792969
63314.44052657081,35.65299987792969
63314.50741595412,35.53099822998047
63314.574305337424,35.53099822998047
63314.64119472073,35.53099822998047
63314.70808410404,35.619998931884766
63314.77497348734,35.729000091552734
63314.84186287065,35.729000091552734
63314.908752253956,35.74100112915039
63314.97564163726,35.74100112915039
63315.04253102057,35.74100112915039
63315.109420403875,35.67499923706055
63315.17630978718,35.64699935913086
63315.24319917048,35.64699935913086
63315.310088553786,35.63399887084961
63315.37697793709,35.63399887084961
63315.4438673204,35.63399887084961
63315.510756703705,35.73500061035156
63315.57764608701,35.77899932861328
63315.64453547032,35.77899932861328
63315.71142485362,35.69200134277344
63315.77831423693,35.68899917602539
63315.845203620236,35.68899917602539
63315.91209300354,35.68899917602539
63315.97898238685,35.51100158691406
63316.045871770155,35.51100158691406
63316.11276115346,35.57600021362305
63316.17965053677,35.57600021362305
63316.24653992007,35.604000091552734
63316.31342930337,35.604000091552734
63316.38031868668,35.6870002746582
63316.447208069985,35.6870002746582
63316.51409745329,35.652000427246094
63316.5809868366,35.81399917602539
63316.647876219904,35.81399917602539
63316.71476560321,35.707000732421875
63316.78165498652,35.707000732421875
63316.84854436982,35.707000732421875
63316.91543375313,35.5890007019043
63316.982323136435,35.57400131225586
63317.04921251974,35.57400131225586
63317.11610190305,35.60300064086914
63317.18299128635,35.60300064086914
63317.24988066965,35.60300064086914
63317.31677005296,35.6150016784668
63317.383659436266,35.72700119018555
63317.45054881957,35.72700119018555
63317.51743820288,35.70500183105469
63317.584327586184,35.70500183105469
63317.65121696949,35.70500183105469
63317.7181063528,35.69499969482422
63317.7849957361,35.691001892089844
63317.85188511941,35.691001892089844
63317.918774502716,35.79499816894531
63317.98566388602,35.80500030517578
63318.05255326933,35.80500030517578
63318.119442652634,35.80500030517578
63318.18633203593,35.80500030517578
63318.25322141924,35.66699981689453
63318.320110802546,35.75
63318.38700018585,35.75
63318.45388956916,35.64400100708008
63318.520778952465,35.64400100708008
63318.58766833577,35.64400100708008
63318.65455771908,35.632999420166016
63318.72144710238,35.77000045776367
63318.78833648569,35.77000045776367
63318.855225868996,35.83000183105469
63318.9221152523,35.83000183105469
63318.98900463561,35.83000183105469
63319.055894018915,35.784000396728516
63319.122783402214,35.79999923706055
63319.18967278552,35.79999923706055
63319.256562168826,35.77199935913086
63319.32345155213,35.77199935913086
63319.39034093544,35.77199935913086
63319.457230318745,35.68899917602539
63319.52411970205,35.582000732421875
63319.59100908536,35.582000732421875
63319.657898468664,35.53499984741211
63319.72478785197,35.53499984741211
63319.79167723528,35.53499984741211
63319.85856661858,35.47999954223633
63319.92545600189,35.70399856567383
63319.992345385195,35.70399856567383
63320.0592347685,35.624000549316406
63320.1261241518,35.65999984741211
63320.19301353511,35.65999984741211
63320.25990291841,35.65999984741211
63320.32679230172,35.65999984741211
63320.393681685026,35.71099853515625
63320.46057106833,35.76900100708008
63320.52746045164,35.76900100708008
63320.594349834944,35.757999420166016
63320.66123921825,35.757999420166016
63320.72812860156,35.757999420166016
63320.79501798486,35.71799850463867
63320.86190736817,35.665000915527344
63320.928796751476,35.665000915527344
63320.99568613478,35.784000396728516
63321.06257551808,35.784000396728516
63321.12946490139,35.784000396728516
63321.19635428469,35.79999923706055
63321.263243668,35.79999923706055
63321.330133051306,35.84299850463867
63321.39702243461,35.82600021362305
63321.46391181792,35.82600021362305
63321.530801201225,35.74700164794922
63321.59769058453,35.74700164794922
63321.66457996784,35.74700164794922
63321.73146935114,35.81999969482422
63321.79835873445,35.744998931884766
63321.865248117756,35.744998931884766
63321.93213750106,35.819000244140625
63321.99902688437,35.819000244140625
63322.06591626767,35.819000244140625
63322.132805650974,35.779998779296875
63322.19969503428,35.76300048828125
63322.266584417586,35.76300048828125
63322.33347380089,35.75600051879883
63322.4003631842,35.71699905395508
63322.467252567505,35.71699905395508
63322.53414195081,35.71699905395508
63322.60103133412,35.71699905395508
63322.667920717424,35.80699920654297
63322.73481010073,35.70399856567383
63322.80169948404,35.70399856567383
63322.86858886734,35.553001403808594
63322.93547825065,35.553001403808594
63323.00236763395,35.553001403808594
63323.069257017254,35.70000076293945
63323.13614640056,35.763999938964844
63323.20303578387,35.763999938964844
63323.26992516717,35.61399841308594
63323.33681455048,35.61399841308594
63323.403703933785,35.61399841308594
63323.47059331709,35.54899978637695
63323.5374827004,35.59199905395508
63323.604372083704,35.59199905395508
63323.67126146701,35.68199920654297
63323.73815085032,35.68199920654297
63323.80504023362,35.68199920654297
63323.87192961693,35.685001373291016
63323.938819000236,35.68600082397461
63324.005708383535,35.68600082397461
63324.07259776684,35.652000427246094
63324.13948715015,35.652000427246094
63324.20637653345,35.652000427246094
63324.27326591676,35.74300003051758
63324.340155300066,35.74700164794922
63324.40704468337,35.74700164794922
63324.47393406668,35.784000396728516
63324.540823449985,35.79999923706055
63324.60771283329,35.79999923706055
63324.6746022166,35.79999923706055
63324.7414915999,35.77199935913086
63324.80838098321,35.77199935913086
63324.875270366516,35.76900100708008
63324.942159749815,35.76900100708008
63325.00904913312,35.76900100708008
63325.07593851643,35.722999572753906
63325.142827899734,35.808998107910156
63325.20971728304,35.808998107910156
63325.276606666346,35.7400016784668
63325.34349604965,35.7400016784668
63325.41038543296,35.7400016784668
63325.477274816265,35.74599838256836
63325.54416419957,35.819000244140625
63325.61105358288,35.819000244140625
63325.677942966184,35.85100173950195
63325.74483234949,35.85100173950195
63325.811721732796,35.85100173950195
63325.8786111161,35.8650016784668
63325.9455004994,35.729000091552734
63326.01238988271,35.729000091552734
63326.079279266014,35.8120002746582
63326.14616864932,35.8120002746582
63326.21305803263,35.70600128173828
63326.27994741593,35.70600128173828
63326.34683679924,35.70600128173828
63326.413726182545,35.76599884033203
63326.48061556585,35.75699996948242
63326.54750494916,35.75699996948242
63326.614394332464,35.78900146484375
63326.68128371577,35.766998291015625
63326.74817309908,35.766998291015625
63326.81506248238,35.766998291015625
63326.88195186568,35.75699996948242
63326.94884124899,35.75699996948242
63327.015730632294,35.82400131225586
63327.0826200156,35.82400131225586
63327.14950939891,35.63999938964844
63327.21639878221,35.63999938964844
63327.28328816552,35.63999938964844
63327.350177548826,35.66699981689453
63327.41706693213,35.78499984741211
63327.48395631544,35.78499984741211
63327.550845698745,35.694000244140625
63327.61773508205,35.694000244140625
63327.68462446536,35.694000244140625
63327.75151384866,35.58399963378906
63327.81840323196,35.643001556396484
63327.88529261527,35.643001556396484
63327.952181998575,35.775001525878906
63328.01907138188,35.775001525878906
63328.08596076519,35.775001525878906
63328.15285014849,35.832000732421875
63328.2197395318,35.7140007019043
63328.286628915106,35.7140007019043
63328.35351829841,35.66400146484375
63328.42040768172,35.66400146484375
63328.487297065025,35.66400146484375
63328.55418644833,35.854000091552734
63328.62107583164,35.86600112915039
63328.687965214944,35.86600112915039
63328.75485459825,35.90700149536133
63328.82174398155,35.90700149536133
63328.888633364855,35.90700149536133
63328.95552274816,35.85300064086914
63329.02241213147,35.86600112915039
63329.089301514774,35.86600112915039
63329.15619089808,35.834999084472656
63329.22308028139,35.858001708984375
63329.28996966469,35.858001708984375
63329.356859048,35.858001708984375
63329.423748431305,35.858001708984375
63329.49063781461,35.72600173950195
63329.55752719792,35.775001525878906
63329.624416581224,35.775001525878906
63329.69130596453,35.79600143432617
63329.75819534783,35.79600143432617
63329.825084731136,35.79600143432617
63329.89197411444,35.77000045776367
63329.95886349775,35.58100128173828
63330.025752881054,35.58100128173828
63330.09264226436,35.57099914550781
63330.15953164767,35.57099914550781
63330.22642103097,35.57099914550781
63330.29331041428,35.672000885009766
63330.360199797586,35.75199890136719
63330.42708918089,35.75199890136719
63330.4939785642,35.71500015258789
63330.560867947504,35.71500015258789
63330.62775733081,35.71500015258789
63330.69464671412,35.77000045776367
63330.761536097416,35.83000183105469
63330.82842548072,35.83000183105469
63330.89531486403,35.7140007019043
63330.962204247335,35.7140007019043
63331.02909363064,35.7140007019043
63331.09598301395,35.69900131225586
63331.16287239725,35.79899978637695
63331.22976178056,35.79899978637695
63331.296651163866,33.73699951171875
63331.36354054717,35.84199905395508
63331.43042993048,35.64799880981445
63331.497319313785,35.64799880981445
63331.56420869709,35.8120002746582
63331.6310980804,35.8120002746582
63331.697987463696,35.8120002746582
63331.764876847,35.70600128173828
63331.83176623031,35.73099899291992
63331.898655613615,35.73099899291992
63331.96554499692,35.8129997253418
63332.03243438023,35.8129997253418
63332.099323763534,35.8129997253418
63332.16621314684,35.742000579833984
63332.23310253015,35.78200149536133
63332.29999191345,35.78200149536133
63332.36688129676,35.72800064086914
63332.433770680065,35.72800064086914
63332.50066006337,35.72800064086914
63332.56754944668,35.66999816894531
63332.634438829984,35.750999450683594
63332.70132821328,35.750999450683594
63332.76821759659,35.573001861572266
63332.835106979895,35.573001861572266
63332.9019963632,35.573001861572266
63332.96888574651,35.70899963378906
63333.035775129814,35.625999450683594
63333.10266451312,35.625999450683594
63333.16955389643,35.731998443603516
63333.23644327973,35.77799987792969
63333.30333266304,35.77799987792969
63333.370222046346,35.77799987792969
63333.43711142965,35.77799987792969
63333.50400081296,35.72600173950195
63333.570890196264,35.81100082397461
63333.63777957956,35.81100082397461
63333.70466896287,35.70500183105469
63333.771558346176,35.70500183105469
63333.83844772948,35.70500183105469
63333.90533711279,35.69499969482422
63333.972226496095,35.691001892089844
63334.0391158794,35.691001892089844
63334.10600526271,35.7239990234375
63334.17289464601,35.7239990234375
63334.23978402932,35.7239990234375
63334.306673412626,35.810001373291016
63334.37356279593,35.7400016784668
63334.44045217924,35.7400016784668
63334.507341562545,35.74599838256836
63334.57423094585,35.74599838256836
63334.64112032915,35.74599838256836
63334.708009712456,35.88999938964844
63334.77489909576,35.775001525878906
63334.84178847907,35.775001525878906
63334.908677862375,35.724998474121094
63334.97556724568,35.724998474121094
63335.04245662899,35.724998474121094
63335.109346012294,35.775001525878906
63335.1762353956,35.76100158691406
63335.243124778906,35.76100158691406
63335.31001416221,35.71900177001953
63335.37690354552,35.80799865722656
63335.443792928825,35.80799865722656
63335.51068231213,35.80799865722656
63335.57757169543,35.810001373291016
63335.64446107874,35.810001373291016
63335.71135046204,35.84700012207031
63335.77823984535,35.84700012207031
63335.845129228655,35.79199981689453
63335.91201861196,35.79199981689453
63335.97890799527,35.79199981689453
63336.045797378574,35.696998596191406
63336.11268676188,35.83399963378906
63336.17957614519,35.83399963378906
63336.24646552849,35.893001556396484
63336.3133549118,35.893001556396484
63336.380244295106,35.893001556396484
63336.44713367841,35.70500183105469
63336.51402306172,35.70500183105469
63336.58091244502,35.73099899291992
63336.64780182832,35.67100143432617
63336.71469121163,35.67100143432617
63336.781580594936,35.893001556396484
63336.84846997824,35.893001556396484
63336.91535936155,35.893001556396484
63336.982248744855,35.917999267578125
63337.04913812816,35.89400100708008
63337.11602751147,35.89400100708008
63337.18291689477,35.8120002746582
63337.24980627808,35.8120002746582
63337.316695661386,35.8120002746582
63337.38358504469,35.847999572753906
63337.450474428,35.827999114990234
63337.5173638113,35.827999114990234
63337.584253194604,35.74800109863281
63337.65114257791,35.78499984741211
63337.718031961216,35.78499984741211
63337.78492134452,35.78499984741211
63337.85181072783,35.79999923706055
63337.918700111135,35.79999923706055
63337.98558949444,35.80699920654297
63338.05247887775,35.80699920654297
63338.119368261054,35.70399856567383
63338.18625764436,35.70399856567383
63338.253147027666,35.70399856567383
63338.32003641097,35.80099868774414
63338.38692579428,35.77199935913086
63338.45381517758,35.77199935913086
63338.520704560884,35.7599983215332
63338.58759394419,35.7599983215332
63338.6544833275,35.7599983215332
63338.7213727108,35.68299865722656
63338.78826209411,35.57899856567383
63338.855151477415,35.57899856567383
63338.92204086072,35.71200180053711
63338.98893024403,35.71200180053711
63339.055819627334,35.71200180053711
63339.12270901064,35.733001708984375
63339.18959839395,35.707000732421875
63339.25648777725,35.707000732421875
63339.32337716056,35.731998443603516
63339.390266543865,35.731998443603516
63339.457155927164,35.731998443603516
63339.52404531047,35.777000427246094
63339.59093469378,35.974998474121094
63339.65782407708,35.974998474121094
63339.72471346039,35.74100112915039
63339.791602843696,35.71099853515625
63339.858492227,35.71099853515625
63339.92538161031,35.71099853515625
63339.992270993615,35.62699890136719
63340.05916037692,35.62699890136719
63340.12604976023,35.696998596191406
63340.19293914353,35.696998596191406
63340.25982852684,35.584999084472656
63340.326717910146,35.584999084472656
63340.393607293445,35.584999084472656
63340.46049667675,35.67900085449219
63340.52738606006,35.64799880981445
63340.59427544336,35.64799880981445
63340.66116482667,35.66999816894531
63340.728054209976,35.66999816894531
63340.79494359328,35.66999816894531
63340.86183297659,35.821998596191406
63340.928722359895,35.78099822998047
63340.9956117432,35.78099822998047
63341.06250112651,35.69300079345703
63341.129390509814,35.69300079345703
63341.19627989312,35.69300079345703
63341.263169276426,35.867000579833984
63341.33005865973,35.87200164794922
63341.39694804303,35.87200164794922
63341.46383742634,35.766998291015625
63341.530726809644,35.766998291015625
63341.59761619295,35.827999114990234
63341.66450557626,35.827999114990234
63341.73139495956,35.827999114990234
63341.79828434287,35.85499954223633
63341.865173726175,35.972999572753906
63341.93206310948,35.972999572753906
63341.99895249279,35.987998962402344
63342.065841876094,35.92399978637695
63342.1327312594,35.92399978637695
63342.19962064271,35.92399978637695
63342.26651002601,35.71900177001953
63342.33339940931,35.71900177001953
63342.40028879262,35.84299850463867
63342.467178175924,35.71900177001953
63342.53406755923,35.71900177001953
63342.60095694254,35.71900177001953
63342.66784632584,35.71900177001953
63342.73473570915,35.73699951171875
63342.801625092456,35.88600158691406
63342.86851447576,35.88600158691406
63342.93540385907,35.915000915527344
63343.002293242374,35.915000915527344
63343.06918262568,35.915000915527344
63343.13607200899,35.891998291015625
63343.20296139229,35.7760009765625
63343.2698507756,35.7760009765625
63343.3367401589,35.76100158691406
63343.403629542205,35.76100158691406
63343.47051892551,35.76100158691406
63343.53740830882,35.89699935913086
63343.60429769212,35.74300003051758
63343.67118707543,35.74300003051758
63343.738076458736,35.71099853515625
63343.80496584204,35.71099853515625
63343.87185522535,35.71099853515625
63343.938744608655,35.6619987487793
63344.00563399196,35.78300094604492
63344.07252337527,35.78300094604492
63344.13941275857,35.79999923706055
63344.20630214188,35.91299819946289
63344.27319152518,35.91299819946289
63344.340080908485,35.91299819946289
63344.40697029179,35.75
63344.4738596751,35.75
63344.540749058404,35.891998291015625
63344.60763844171,35.917999267578125
63344.67452782502,35.917999267578125
63344.74141720832,35.917999267578125
63344.80830659163,35.917999267578125
63344.875195974935,35.823001861572266
63344.94208535824,35.81700134277344
63345.00897474155,35.81700134277344
63345.075864124854,35.81399917602539
63345.14275350816,35.81399917602539
63345.20964289147,35.81399917602539
63345.276532274765,35.95500183105469
63345.34342165807,35.8390007019043
63345.41031104138,35.8390007019043
63345.477200424684,35.82400131225586
63345.54408980799,35.82400131225586
63345.6109791913,35.82400131225586
63345.6778685746,35.78200149536133
63345.74475795791,35.834999084472656
63345.811647341216,35.834999084472656
63345.87853672452,35.858001708984375
63345.94542610783,35.858001708984375
63346.012315491134,35.858001708984375
63346.07920487444,35.832000732421875
63346.14609425775,35.75
63346.212983641046,35.75
63346.27987302435,35.82099914550781
63346.34676240766,35.82099914550781
63346.413651790965,35.82099914550781
63346.48054117427,35.78099822998047
63346.54743055758,35.904998779296875
63346.61431994088,35.904998779296875
63346.68120932419,35.67499923706055
63346.748098707496,35.67499923706055
63346.8149880908,35.75299835205078
63346.88187747411,35.68000030517578
63346.948766857415,35.68000030517578
63347.01565624072,35.68000030517578
63347.08254562403,35.79100036621094
63347.14943500733,35.79100036621094
63347.21632439063,35.8390007019043
63347.28321377394,35.8390007019043
63347.350103157245,35.89500045776367
63347.41699254055,35.89500045776367
63347.48388192386,35.89500045776367
63347.550771307164,35.847999572753906
63347.61766069047,35.89899826049805
63347.684550073776,35.89899826049805
63347.75143945708,35.92100143432617
63347.81832884039,35.92100143432617
63347.885218223695,35.92100143432617
63347.952107607,35.85900115966797
63348.01899699031,35.691001892089844
63348.085886373614,35.691001892089844
63348.15277575691,35.68899917602539
63348.21966514022,35.68899917602539
63348.286554523525,35.7239990234375
63348.35344390683,35.808998107910156
63348.42033329014,35.808998107910156
63348.487222673444,35.952999114990234
63348.55411205675,35.952999114990234
63348.62100144006,35.952999114990234
63348.68789082336,35.87300109863281
63348.75478020667,35.90999984741211
63348.821669589975,35.90999984741211
63348.88855897328,35.784000396728516
63348.95544835659,35.729000091552734
63349.022337739894,35.729000091552734
63349.0892271232,35.729000091552734
63349.1561165065,35.729000091552734
63349.223005889806,35.882999420166016
63349.28989527311,35.66600036621094
63349.35678465642,35.66600036621094
63349.423674039725,35.7130012512207
63349.49056342303,35.7130012512207
63349.55745280634,35.7130012512207
63349.62434218964,35.875999450683594
63349.69123157295,35.94599914550781
63349.758120956256,35.94599914550781
63349.82501033956,35.869998931884766
63349.89189972287,35.869998931884766
63349.958789106175,35.869998931884766
63350.02567848948,35.87300109863281
63350.09256787278,35.8390007019043
63350.159457256086,35.8390007019043
63350.22634663939,35.82400131225586
63350.2932360227,35.82400131225586
63350.360125406005,35.82400131225586
63350.42701478931,35.85300064086914
63350.49390417262,35.9010009765625
63350.560793555924,35.9010009765625
63350.62768293923,35.85100173950195
63350.694572322536,35.85100173950195
63350.76146170584,35.85100173950195
63350.82835108915,35.652000427246094
63350.895240472455,35.81399917602539
63350.96212985576,35.81399917602539
63351.02901923907,35.8489990234375
63351.09590862237,35.86399841308594
63351.16279800567,35.86399841308594
63351.22968738898,35.86399841308594
63351.296576772285,35.869998931884766
63351.36346615559,35.869998931884766
63351.4303555389,35.87300109863281
63351.497244922204,35.87300109863281
63351.56413430551,35.94499969482422
63351.63102368882,35.94499969482422
63351.69791307212,35.94499969482422
63351.76480245543,35.904998779296875
63351.831691838735,35.904998779296875
63351.89858122204,35.81700134277344
63351.96547060535,35.814998626708984
63352.03235998865,35.814998626708984
63352.09924937195,35.8489990234375
63352.16613875526,35.8489990234375
63352.233028138566,35.8489990234375
63352.29991752187,35.792999267578125
63352.36680690518,35.76900100708008
63352.433696288484,35.76900100708008
63352.50058567179,35.757999420166016
63352.5674750551,35.757999420166016
63352.6343644384,35.757999420166016
63352.70125382171,35.71799850463867
63352.768143205016,35.80699920654297
63352.83503258832,35.80699920654297
63352.90192197163,35.810001373291016
63352.968811354935,35.810001373291016
63353.03570073823,35.810001373291016
63353.10259012154,35.81100082397461
63353.169479504846,35.777000427246094
63353.23636888815,35.777000427246094
63353.30325827146,35.832000732421875
63353.370147654765,35.7859992980957
63353.43703703807,35.7859992980957
63353.50392642138,35.7859992980957
63353.570815804684,35.83599853515625
63353.63770518799,35.83599853515625
63353.704594571296,35.858001708984375
63353.7714839546,35.858001708984375
63353.83837333791,35.72600173950195
63353.905262721215,35.72600173950195
63353.972152104514,35.72600173950195
63354.03904148782,35.81100082397461
63354.10593087113,35.8120002746582
63354.17282025443,35.8120002746582
63354.23970963774,35.74100112915039
63354.306599021045,35.74100112915039
63354.37348840435,35.74100112915039
63354.44037778766,35.78200149536133
63354.507267170964,35.79899978637695
63354.57415655427,35.79899978637695
63354.64104593758,35.91299819946289
63354.70793532088,35.91299819946289
63354.77482470419,35.91299819946289
63354.841714087495,35.99800109863281
63354.908603470794,35.928001403808594
63354.9754928541,35.928001403808594
63355.04238223741,36.00400161743164
63355.10927162071,36.00400161743164
63355.17616100402,36.00400161743164
63355.243050387326,36.00199890136719
63355.30993977063,35.89400100708008
63355.37682915394,35.89400100708008
63355.443718537244,35.847999572753906
63355.51060792055,35.862998962402344
63355.57749730386,35.862998962402344
63355.64438668716,35.862998962402344
63355.71127607047,35.862998962402344
63355.778165453776,36.047000885009766
63355.84505483708,35.95000076293945
63355.91194422038,35.95000076293945
63355.97883360369,35.83599853515625
63356.04572298699,35.83599853515625
63356.1126123703,35.83599853515625
63356.179501753606,35.89400100708008
63356.24639113691,35.8120002746582
63356.31328052022,35.8120002746582
63356.380169903525,35.847999572753906
63356.44705928683,35.847999572753906
63356.51394867014,35.847999572753906
63356.58083805344,35.75699996948242
63356.64772743675,35.82400131225586
63356.714616820056,35.82400131225586
63356.78150620336,35.85300064086914
63356.84839558666,35.85300064086914
63356.91528496997,35.79499816894531
63356.982174353274,35.79499816894531
63357.04906373658,35.79499816894531
63357.11595311989,35.698001861572266
63357.18284250319,35.79899978637695
63357.2497318865,35.79899978637695
63357.316621269805,35.87699890136719
63357.38351065311,35.87699890136719
63357.45040003642,35.808998107910156
63357.517289419724,35.808998107910156
63357.58417880303,35.84700012207031
63357.65106818634,35.89799880981445
63357.71795756964,35.89799880981445
63357.78484695295,35.89799880981445
63357.85173633625,35.89799880981445
63357.918625719554,35.8849983215332
63357.98551510286,35.84400177001953
63358.05240448617,35.84400177001953
63358.11929386947,35.82600021362305
63358.18618325278,35.82600021362305
63358.253072636086,35.82600021362305
63358.31996201939,35.888999938964844
63358.3868514027,35.91699981689453
63358.453740786004,35.91699981689453
63358.52063016931,35.821998596191406
63358.58751955262,35.821998596191406
63358.65440893592,35.821998596191406
63358.72129831923,35.78099822998047
63358.78818770253,35.83399963378906
63358.855077085835,35.83399963378906
63358.92196646914,35.750999450683594
63358.98885585245,35.750999450683594
63359.05574523575,35.750999450683594
63359.12263461906,35.82099914550781
63359.189524002366,35.85200119018555
63359.25641338567,35.85200119018555
63359.32330276898,35.75899887084961
63359.390192152285,35.75899887084961
63359.45708153559,35.75899887084961
63359.5239709189,35.86000061035156
63359.5908603022,35.90399932861328
63359.65774968551,35.90399932861328
63359.724639068816,35.95800018310547
63359.791528452115,35.875999450683594
63359.85841783542,35.875999450683594
63359.92530721873,35.875999450683594
63359.992196602034,35.84000015258789
63360.05908598534,35.84000015258789
63360.125975368646,35.82400131225586
63360.19286475195,35.82400131225586
63360.25975413526,35.85300064086914
63360.326643518565,35.85300064086914
63360.39353290187,35.85300064086914
63360.46042228518,35.83000183105469
63360.527311668484,35.81999969482422
63360.59420105179,35.81999969482422
63360.6610904351,35.779998779296875
63360.727979818395,35.779998779296875
63360.7948692017,35.779998779296875
63360.86175858501,35.79899978637695
63360.928647968314,35.770999908447266
63360.99553735162,35.770999908447266
63361.06242673493,35.79499816894531
63361.12931611823,35.79499816894531
63361.19620550154,35.79499816894531
63361.263094884845,35.76900100708008
63361.32998426815,35.722999572753906
63361.39687365146,35.722999572753906
63361.463763034764,35.77399826049805
63361.53065241807,35.77399826049805
63361.59754180138,35.77399826049805
63361.66443118468,35.79600143432617
63361.73132056798,35.875999450683594
63361.79820995129,35.875999450683594
63361.865099334595,35.84000015258789
63361.9319887179,35.84000015258789
63361.99887810121,35.75400161743164
63362.06576748451,35.858001708984375
63362.13265686782,35.858001708984375
63362.199546251126,35.858001708984375
63362.26643563443,35.858001708984375
63362.33332501774,35.86800003051758
63362.400214401045,35.87200164794922
63362.46710378435,35.87200164794922
63362.53399316766,35.94499969482422
63362.60088255096,35.94499969482422
63362.66777193426,35.94499969482422
63362.73466131757,35.904998779296875
63362.801550700875,35.88800048828125
63362.86844008418,35.88800048828125
63362.93532946749,35.73899841308594
63363.002218850794,35.73899841308594
63363.0691082341,35.73899841308594
63363.135997617406,35.816001892089844
63363.20288700071,35.849998474121094
63363.26977638402,35.849998474121094
63363.336665767325,35.86399841308594
63363.40355515063,35.86399841308594
63363.47044453394,35.86399841308594
63363.537333917244,35.72800064086914
63363.60422330054,35.7760009765625
63363.67111268385,35.7760009765625
63363.738002067155,35.86800003051758
63363.80489145046,35.86800003051758
63363.87178083377,35.86800003051758
63363.938670217074,35.90700149536133
63364.00555960038,35.854000091552734
63364.07244898369,35.854000091552734
63364.13933836699,35.79499816894531
63364.2062277503,35.946998596191406
63364.273117133605,35.946998596191406
63364.34000651691,35.946998596191406
63364.40689590022,35.87099838256836
63364.473785283524,35.87099838256836
63364.54067466683,35.944000244140625
63364.60756405013,35.944000244140625
63364.674453433436,35.97600173950195
63364.74134281674,35.97600173950195
63364.80823220005,35.97600173950195
63364.875121583354,35.95399856567383
63364.94201096666,35.97999954223633
63365.00890034997,35.97999954223633
63365.07578973327,35.99100112915039
63365.14267911658,35.99100112915039
63365.209568499886,35.99100112915039
63365.27645788319,35.96099853515625
63365.3433472665,35.87699890136719
63365.410236649805,35.87699890136719
63365.47712603311,35.875999450683594
63365.54401541641,35.875999450683594
63365.610904799716,35.875999450683594
63365.67779418302,35.94599914550781
63365.74468356633,35.79899978637695
63365.811572949635,35.79899978637695
63365.87846233294,35.87799835205078
63365.94535171625,35.87799835205078
63366.012241099554,35.87799835205078
63366.07913048286,35.875999450683594
63366.146019866166,35.80500030517578
63366.21290924947,35.80500030517578
63366.27979863278,35.702999114990234
63366.346688016085,35.702999114990234
63366.41357739939,35.702999114990234
63366.4804667827,35.72999954223633
63366.547356166,35.882999420166016
63366.6142455493,35.882999420166016
63366.68113493261,35.91400146484375
63366.748024315915,35.9630012512207
63366.81491369922,35.9630012512207
63366.88180308253,35.9630012512207
63366.948692465834,35.9630012512207
63367.01558184914,35.91299819946289
63367.08247123245,35.91299819946289
63367.14936061575,35.926998138427734
63367.21624999906,35.89699935913086
63367.283139382365,35.89699935913086
63367.35002876567,35.8489990234375
63367.41691814898,35.8489990234375
63367.48380753228,35.8489990234375
63367.55069691558,35.827999114990234
63367.61758629889,35.88999938964844
63367.684475682196,35.88999938964844
63367.7513650655,35.84600067138672
63367.81825444881,35.84600067138672
63367.885143832114,35.84600067138672
63367.95203321542,35.93299865722656
63368.01892259873,35.8650016784668
63368.08581198203,35.8650016784668
63368.15270136534,35.97700119018555
63368.219590748646,35.97700119018555
63368.28648013195,35.97700119018555
63368.35336951526,35.9900016784668
63368.420258898564,35.92499923706055
63368.48714828186,35.92499923706055
63368.55403766517,35.96699905395508
63368.620927048476,35.986000061035156
63368.68781643178,35.986000061035156
63368.75470581509,35.986000061035156
63368.821595198395,35.99399948120117
63368.8884845817,35.99399948120117
63368.95537396501,35.92599868774414
63369.02226334831,35.82600021362305
63369.08915273162,35.82600021362305
63369.156042114926,35.82600021362305
63369.22293149823,35.82600021362305
63369.28982088154,35.92499923706055
63369.356710264845,35.96699905395508
63369.423599648144,35.96699905395508
63369.49048903145,35.880001068115234
63369.55737841476,35.880001068115234
63369.62426779806,35.880001068115234
63369.69115718137,35.87699890136719
63369.758046564675,35.946998596191406
63369.82493594798,35.946998596191406
63369.89182533129,35.90599822998047
63369.958714714594,35.90599822998047
63370.0256040979,35.90599822998047
63370.09249348121,35.81800079345703
63370.15938286451,35.92100143432617
63370.22627224782,35.92100143432617
63370.293161631125,35.89500045776367
63370.36005101443,35.89500045776367
63370.42694039773,35.89500045776367
63370.49382978104,35.847999572753906
63370.56071916434,35.89899826049805
63370.62760854765,35.89899826049805
63370.694497930956,35.95600128173828
63370.76138731426,35.95600128173828
63370.82827669757,35.95600128173828
63370.895166080874,35.90999984741211
63370.96205546418,35.88999938964844
63371.02894484749,35.88999938964844
63371.09583423079,35.987998962402344
63371.1627236141,35.92399978637695
63371.229612997406,35.96699905395508
63371.29650238071,35.96699905395508
63371.36339176401,36.16299819946289
63371.43028114732,36.16299819946289
63371.49717053062,36.07099914550781
63371.56405991393,36.07099914550781
63371.630949297236,36.07099914550781
63371.69783868054,36.066001892089844
63371.76472806385,35.95800018310547
63371.831617447155,35.95800018310547
63371.89850683046,35.875
63371.96539621377,35.875
63372.03228559707,35.981998443603516
63372.09917498038,35.981998443603516
63372.166064363686,35.981998443603516
63372.23295374699,35.92100143432617
63372.2998431303,35.93000030517578
63372.3667325136,35.93000030517578
63372.433621896904,35.827999114990234
63372.50051128021,35.827999114990234
63372.567400663516,35.827999114990234
63372.63429004682,35.96099853515625
63372.70117943013,35.840999603271484
63372.768068813435,35.840999603271484
63372.83495819674,35.86000061035156
63372.90184758005,35.86000061035156
63372.968736963354,35.86000061035156
63373.03562634666,35.83300018310547
63373.10251572997,35.928001403808594
63373.16940511327,35.928001403808594
63373.23629449658,35.93299865722656
63373.30318387988,35.82899856567383
63373.370073263184,35.82899856567383
63373.43696264649,35.82899856567383
63373.5038520298,35.85499954223633
63373.5707414131,35.85499954223633
63373.63763079641,35.902000427246094
63373.704520179715,35.902000427246094
63373.77140956302,35.887001037597656
63373.83829894633,35.887001037597656
63373.905188329634,35.887001037597656
63373.97207771294,35.880001068115234
63374.03896709625,35.98400115966797
63374.10585647955,35.98400115966797
63374.17274586286,36.02799987792969
63374.239635246166,36.02799987792969
63374.306524629465,36.02799987792969
63374.37341401277,35.90599822998047
63374.44030339608,35.92399978637695
63374.50719277938,35.92399978637695
63374.57408216269,35.96699905395508
63374.640971545996,35.96699905395508
63374.7078609293,35.96699905395508
63374.77475031261,36.09199905395508
63374.841639695915,36.040000915527344
63374.90852907922,36.040000915527344
63374.97541846253,36.016998291015625
63375.04230784583,36.016998291015625
63375.10919722914,36.016998291015625
63375.176086612446,35.9370002746582
63375.242975995745,36.007999420166016
63375.30986537905,36.007999420166016
63375.37675476236,35.82600021362305
63375.443644145664,35.82600021362305
63375.51053352897,35.82600021362305
63375.577422912276,35.888999938964844
63375.64431229558,35.88100051879883
63375.71120167889,35.88100051879883
63375.778091062195,35.94900131225586
63375.8449804455,35.97800064086914
63375.91186982881,35.97800064086914
63375.978759212114,35.97800064086914
63376.04564859542,35.9900016784668
63376.112537978726,35.9900016784668
63376.17942736203,35.819000244140625
63376.24631674533,35.819000244140625
63376.31320612864,35.85100173950195
63376.380095511944,35.85100173950195
63376.44698489525,35.85100173950195
63376.51387427856,35.935001373291016
63376.58076366186,35.9370002746582
63376.64765304517,35.9370002746582
63376.714542428475,35.9370002746582
63376.78143181178,35.9370002746582
63376.84832119509,35.9370002746582
63376.915210578394,35.83100128173828
63376.9820999617,35.926998138427734
63377.04898934501,35.926998138427734
63377.11587872831,35.89699935913086
63377.18276811161,35.89699935913086
63377.24965749492,35.95600128173828
63377.316546878224,35.95600128173828
63377.38343626153,35.95600128173828
63377.45032564484,35.98099899291992
63377.51721502814,36.0629997253418
63377.58410441145,36.0629997253418
63377.650993794756,36.0629997253418
63377.71788317806,35.992000579833984
63377.78477256137,35.992000579833984
63377.851661944675,35.992000579833984
63377.91855132798,35.99599838256836
63377.98544071129,35.99599838256836
63378.05233009459,36.069000244140625
63378.1192194779,36.069000244140625
63378.1861088612,36.064998626708984
63378.252998244505,36.064998626708984
63378.31988762781,36.064998626708984
63378.38677701112,36.02799987792969
63378.45366639442,36.012001037597656
63378.52055577773,36.012001037597656
63378.587445161036,36.04100036621094
63378.65433454434,36.04100036621094
63378.72122392765,36.04100036621094
63378.788113310955,35.946998596191406
63378.85500269426,35.834999084472656
63378.92189207757,35.834999084472656
63378.988781460874,35.858001708984375
63379.05567084418,35.858001708984375
63379.12256022748,35.858001708984375
63379.189449610785,35.9379997253418
63379.25633899409,35.972999572753906
63379.3232283774,35.972999572753906
63379.390117760704,35.987998962402344
63379.45700714401,35.987998962402344
63379.52389652732,35.987998962402344
63379.59078591062,35.959999084472656
63379.65767529393,35.983001708984375
63379.724564677235,35.983001708984375
63379.79145406054,36.02799987792969
63379.85834344385,36.02799987792969
63379.925232827154,36.02799987792969
63379.99212221046,35.97700119018555
63380.05901159377,35.91899871826172
63380.125900977066,35.91899871826172
63380.19279036037,35.96500015258789
63380.25967974368,36.090999603271484
63380.326569126984,36.090999603271484
63380.39345851029,36.090999603271484
63380.4603478936,35.96900177001953
63380.5272372769,35.96900177001953
63380.59412666021,35.880001068115234
63380.661016043516,35.880001068115234
63380.72790542682,35.948001861572266
63380.79479481013,35.948001861572266
63380.861684193434,35.948001861572266
63380.92857357674,36.08399963378906
63380.99546296005,36.071998596191406
63381.062352343346,36.071998596191406
63381.12924172665,36.06700134277344
63381.19613110996,36.06700134277344
63381.263020493265,36.06700134277344
63381.32990987657,35.95800018310547
63381.39679925988,35.94599914550781
63381.46368864318,35.94599914550781
63381.53057802649,35.97700119018555
63381.597467409796,35.97700119018555
63381.6643567931,35.97700119018555
63381.73124617641,36.09600067138672
63381.798135559715,36.07699966430664
63381.86502494302,36.07699966430664
63381.93191432633,36.069000244140625
63381.99880370963,36.069000244140625
63382.06569309293,36.069000244140625
63382.13258247624,35.95899963378906
63382.199471859545,35.95899963378906
63382.26636124285,36.0890007019043
63382.33325062616,36.0890007019043
63382.400140009464,36.00299835205078
63382.46702939277,36.108001708984375
63382.53391877608,36.108001708984375
63382.60080815938,36.047000885009766
63382.66769754269,36.047000885009766
63382.734586925995,36.047000885009766
63382.8014763093,35.94900131225586
63382.86836569261,35.90700149536133
63382.935255075914,35.90700149536133
63383.00214445921,35.959999084472656
63383.06903384252,35.959999084472656
63383.135923225826,35.959999084472656
63383.20281260913,35.983001708984375
63383.26970199244,35.88600158691406
63383.336591375744,35.88600158691406
63383.40348075905,35.880001068115234
63383.47037014236,35.880001068115234
63383.53725952566,35.880001068115234
63383.60414890897,35.91299819946289
63383.671038292276,35.99800109863281
63383.73792767558,35.99800109863281
63383.80481705889,35.999000549316406
63383.871706442194,35.999000549316406
63383.93859582549,35.999000549316406
63384.0054852088,36.0
63384.072374592106,36.0
63384.13926397541,36.0
63384.20615335872,36.03499984741211
63384.273042742025,36.01499938964844
63384.33993212533,36.01499938964844
63384.40682150864,36.01499938964844
63384.47371089194,36.01499938964844
63384.54060027525,36.04199981689453
63384.607489658556,35.946998596191406
63384.67437904186,35.946998596191406
63384.74126842517,35.97700119018555
63384.808157808475,35.97700119018555
63384.87504719178,35.97700119018555
63384.94193657508,35.88399887084961
63385.008825958386,35.91400146484375
63385.07571534169,35.91400146484375
63385.142604725,36.034000396728516
63385.209494108305,36.034000396728516
63385.27638349161,36.034000396728516
63385.34327287492,36.01499938964844
63385.410162258224,35.97100067138672
63385.47705164153,35.97100067138672
63385.54394102484,35.95199966430664
63385.61083040814,35.95199966430664
63385.67771979145,35.95199966430664
63385.744609174755,36.01499938964844
63385.81149855806,36.00600051879883
63385.87838794136,36.00600051879883
63385.94527732467,36.00299835205078
63386.01216670797,36.00299835205078
63386.07905609128,36.00299835205078
63386.145945474585,36.000999450683594
63386.21283485789,35.96500015258789
63386.2797242412,35.96500015258789
63386.346613624504,35.94900131225586
63386.41350300781,35.90700149536133
63386.48039239112,35.90700149536133
63386.54728177442,35.90700149536133
63386.61417115773,35.888999938964844
63386.681060541036,35.888999938964844
63386.74794992434,35.91600036621094
63386.81483930765,35.91600036621094
63386.88172869095,35.999000549316406
63386.94861807425,35.999000549316406
63387.01550745756,35.999000549316406
63387.082396840866,35.9640007019043
63387.14928622417,35.98500061035156
63387.21617560748,35.98500061035156
63387.283064990785,35.922000885009766
63387.34995437409,35.922000885009766
63387.4168437574,36.0369987487793
63387.4837331407,36.0369987487793
63387.55062252401,36.0369987487793
63387.617511907316,36.01599884033203
63387.68440129062,36.00699996948242
63387.75129067393,36.00699996948242
63387.81818005723,36.03799819946289
63387.885069440534,36.03799819946289
63387.95195882384,36.03799819946289
63388.018848207146,35.98099899291992
63388.08573759045,35.992000579833984
63388.15262697376,35.992000579833984
63388.219516357065,36.03200149536133
63388.28640574037,36.03200149536133
63388.35329512368,36.03200149536133
63388.420184506984,36.013999938964844
63388.48707389029,36.04100036621094
63388.553963273596,36.04100036621094
63388.6208526569,36.018001556396484
63388.68774204021,36.018001556396484
63388.754631423515,36.018001556396484
63388.821520806814,35.9370002746582
63388.88841019012,36.04399871826172
63388.95529957343,36.04399871826172
63389.02218895673,36.05400085449219
63389.08907834004,36.058998107910156
63389.155967723345,36.058998107910156
63389.22285710665,36.058998107910156
63389.28974648996,36.058998107910156
63389.356635873264,35.9900016784668
63389.42352525657,35.959999084472656
63389.49041463988,35.959999084472656
63389.55730402318,36.018001556396484
63389.62419340649,36.018001556396484
63389.691082789795,36.018001556396484
63389.757972173094,35.97200012207031
63389.8248615564,35.987998962402344
63389.89175093971,35.987998962402344
63389.95864032301,35.92399978637695
63390.02552970632,35.92399978637695
63390.092419089626,35.92399978637695
63390.15930847293,35.93199920654297
63390.22619785624,35.970001220703125
63390.293087239545,35.970001220703125
63390.35997662285,35.91600036621094
63390.42686600616,35.91600036621094
63390.49375538946,35.91600036621094
63390.56064477277,35.928001403808594
63390.627534156076,35.96900177001953
63390.694423539375,35.96900177001953
63390.76131292268,36.02199935913086
63390.82820230599,36.02199935913086
63390.89509168929,36.02199935913086
63390.9619810726,36.08000183105469
63391.028870455906,36.06999969482422
63391.09575983921,36.06999969482422
63391.16264922252,35.95899963378906
63391.229538605825,36.018001556396484
63391.29642798913,36.018001556396484
63391.36331737244,36.018001556396484
63391.430206755744,36.018001556396484
63391.49709613905,35.9370002746582
63391.563985522356,35.9370002746582
63391.63087490566,35.9370002746582
63391.69776428896,35.9370002746582
63391.76465367227,35.9370002746582
63391.831543055574,35.9370002746582
63391.89843243888,35.972999572753906
63391.96532182219,35.91699981689453
63392.03221120549,35.91699981689453
63392.0991005888,36.03499984741211
63392.165989972105,36.03499984741211
63392.23287935541,36.03499984741211
63392.29976873872,36.01499938964844
63392.366658122024,35.93600082397461
63392.43354750533,35.93600082397461
63392.50043688864,36.11399841308594
63392.56732627194,36.11399841308594
63392.63421565524,36.084999084472656
63392.70110503855,36.084999084472656
63392.767994421854,36.084999084472656
63392.83488380516,36.000999450683594
63392.90177318847,36.0359992980957
63392.96866257177,36.0359992980957
63393.03555195508,36.12200164794922
63393.102441338386,36.12200164794922
63393.16933072169,36.12200164794922
63393.236220105,36.159000396728516
63393.303109488304,36.13999938964844
63393.36999887161,36.13999938964844
63393.43688825492,35.9900016784668
63393.50377763822,36.10200119018555
63393.57066702153,36.10200119018555
63393.63755640483,36.10200119018555
63393.704445788135,36.08000183105469
63393.77133517144,36.08000183105469
63393.83822455475,35.928001403808594
63393.90511393805,35.96900177001953
63393.97200332136,35.96900177001953
63394.038892704666,35.96900177001953
63394.10578208797,35.96900177001953
63394.17267147128,35.91600036621094
63394.239560854585,35.893001556396484
63394.30645023789,35.893001556396484
63394.3733396212,35.882999420166016
63394.4402290045,35.882999420166016
63394.50711838781,35.882999420166016
63394.57400777111,35.94900131225586
63394.640897154415,36.08399963378906
63394.70778653772,36.08399963378906
63394.77467592103,36.0369987487793
63394.841565304334,36.0369987487793
63394.90845468764,36.0369987487793
63394.97534407095,35.97999954223633
63395.04223345425,35.99100112915039
63395.10912283756,35.99100112915039
63395.176012220865,36.13800048828125
63395.24290160417,36.13800048828125
63395.30979098748,36.13800048828125
63395.376680370784,36.13100051879883
63395.44356975409,36.16299819946289
63395.5104591374,36.16299819946289
63395.577348520696,36.06999969482422
63395.644237904,36.06999969482422
63395.71112728731,36.06999969482422
63395.778016670614,36.029998779296875
63395.84490605392,36.04899978637695
63395.91179543723,36.04899978637695
63395.97868482053,35.95000076293945
63396.04557420384,35.90800094604492
63396.112463587146,35.90800094604492
63396.17935297045,35.90800094604492
63396.24624235376,35.959999084472656
63396.313131737064,35.959999084472656
63396.38002112037,35.875999450683594
63396.44691050368,35.875999450683594
63396.513799886976,35.875999450683594
63396.58068927028,35.875999450683594
63396.64757865359,35.875999450683594
63396.714468036895,35.875
63396.7813574202,36.016998291015625
63396.84824680351,36.016998291015625
63396.91513618681,35.93600082397461
63396.98202557012,35.93600082397461
63397.048914953426,35.93600082397461
63397.11580433673,35.902000427246094
63397.18269372004,35.85100173950195
63397.249583103345,35.85100173950195
63397.31647248665,35.93600082397461
63397.38336186996,35.93600082397461
63397.45025125326,35.93600082397461
63397.51714063656,35.97200012207031
63397.58403001987,35.97200012207031
63397.650919403175,36.058998107910156
63397.71780878648,36.06100082397461
63397.78469816979,36.06100082397461
63397.851587553094,36.0620002746582
63397.9184769364,36.0620002746582
63397.98536631971,36.0620002746582
63398.05225570301,36.132999420166016
63398.11914508632,36.12900161743164
63398.186034469625,36.12900161743164
63398.25292385293,36.12699890136719
63398.31981323624,36.125999450683594
63398.386702619544,36.125999450683594
63398.45359200284,36.125999450683594
63398.52048138615,36.125999450683594
63398.587370769455,35.983001708984375
63398.65426015276,35.99300003051758
63398.72114953607,35.99300003051758
63398.788038919374,35.99700164794922
63398.85492830268,35.99700164794922
63398.92181768599,35.99700164794922
63398.98870706929,36.034000396728516
63399.0555964526,36.04999923706055
63399.122485835906,36.04999923706055
63399.18937521921,35.986000061035156
63399.25626460252,35.986000061035156
63399.323153985824,35.986000061035156
63399.39004336913,35.92300033569336
63399.45693275243,35.86000061035156
63399.523822135736,35.86000061035156
63399.59071151904,35.90399932861328
63399.65760090235,35.90399932861328
63399.724490285655,35.90399932861328
63399.79137966896,35.99399948120117
63399.85826905227,36.03300094604492
63399.92515843557,36.03300094604492
63399.99204781888,35.979000091552734
63400.058937202186,35.979000091552734
63400.12582658549,35.979000091552734
63400.1927159688,36.0260009765625
63400.259605352105,35.939998626708984
63400.32649473541,35.939998626708984
63400.39338411871,36.0099983215332
63400.460273502016,36.00400161743164
63400.52716288532,36.00400161743164
63400.59405226863,36.00400161743164
63400.660941651935,35.965999603271484
63400.72783103524,35.965999603271484
63400.79472041855,36.020999908447266
63400.861609801854,36.00899887084961
63400.92849918516,36.00899887084961
63400.995388568466,36.00899887084961
63401.06227795177,36.00899887084961
63401.12916733508,35.93299865722656
63401.196056718385,36.07699966430664
63401.26294610169,36.07699966430664
63401.329835485,36.104000091552734
63401.3967248683,36.104000091552734
63401.4636142516,36.104000091552734
63401.53050363491,36.08100128173828
63401.597393018215,36.176998138427734
63401.66428240152,36.176998138427734
63401.73117178483,36.04100036621094
63401.798061168134,36.04100036621094
63401.86495055144,36.04100036621094
63401.93183993475,36.018001556396484
63401.99872931805,35.97200012207031
63402.06561870136,35.97200012207031
63402.132508084665,35.952999114990234
63402.19939746797,35.952999114990234
63402.26628685128,35.952999114990234
63402.33317623458,36.01499938964844
63402.40006561788,36.112998962402344
63402.46695500119,36.112998962402344
63402.533844384496,35.94200134277344
63402.6007337678,35.94200134277344
63402.66762315111,35.94200134277344
63402.734512534415,35.939998626708984
63402.80140191772,35.939998626708984
63402.86829130103,35.939998626708984
63402.93518068433,35.939998626708984
63403.00207006764,35.952999114990234
63403.068959450946,35.944000244140625
63403.13584883425,35.944000244140625
63403.20273821756,35.939998626708984
63403.269627600865,35.939998626708984
63403.33651698416,35.939998626708984
63403.40340636747,35.797000885009766
63403.470295750776,35.948001861572266
63403.53718513408,35.948001861572266
63403.60407451739,36.01300048828125
63403.670963900695,36.01300048828125
63403.737853284,36.01300048828125
63403.80474266731,35.970001220703125
63403.871632050614,35.98699951171875
63403.93852143392,35.98699951171875
63404.005410817226,36.029998779296875
63404.07230020053,36.029998779296875
63404.13918958384,36.029998779296875
63404.206078967145,36.154998779296875
63404.272968350444,35.99599838256836
63404.33985773375,35.99599838256836
63404.40674711706,35.99800109863281
63404.47363650036,35.99800109863281
63404.54052588367,35.99800109863281
63404.607415266975,35.999000549316406
63404.67430465028,35.9640007019043
63404.74119403359,35.9640007019043
63404.808083416894,36.02000045776367
63404.8749728002,36.04399871826172
63404.94186218351,36.04399871826172
63405.00875156681,36.04399871826172
63405.07564095012,36.04399871826172
63405.142530333425,35.948001861572266
63405.20941971673,36.01300048828125
63405.27630910003,36.01300048828125
63405.34319848334,36.00600051879883
63405.41008786664,36.00600051879883
63405.47697724995,36.00600051879883
63405.543866633256,35.96699905395508
63405.61075601656,36.12799835205078
63405.67764539987,36.12799835205078
63405.744534783174,36.196998596191406
63405.81142416648,36.196998596191406
63405.87831354979,36.196998596191406
63405.94520293309,36.12099838256836
63406.0120923164,35.94599914550781
63406.078981699706,35.94599914550781
63406.14587108301,36.012001037597656
63406.21276046631,36.012001037597656
63406.27964984962,36.012001037597656
63406.34653923292,36.11199951171875
63406.41342861623,36.04800033569336
63406.480317999536,36.04800033569336
63406.54720738284,36.020999908447266
63406.61409676615,36.020999908447266
63406.680986149455,36.020999908447266
63406.74787553276,35.9379997253418
63406.81476491607,36.08000183105469
63406.88165429937,36.08000183105469
63406.94854368268,36.17599868774414
63407.015433065986,36.005001068115234
63407.08232244929,36.005001068115234
63407.1492118326,36.005001068115234
63407.2161012159,36.03799819946289
63407.282990599204,36.03799819946289
63407.34987998251,36.01599884033203
63407.41676936582,36.112998962402344
63407.48365874912,36.112998962402344
63407.55054813243,36.112998962402344
63407.617437515735,36.112998962402344
63407.68432689904,36.04899978637695
63407.75121628235,35.986000061035156
63407.818105665654,35.986000061035156
63407.88499504896,36.02899932861328
63407.95188443227,36.02899932861328
63408.01877381557,36.01300048828125
63408.08566319888,36.01300048828125
63408.15255258218,36.01300048828125
63408.219441965484,35.935001373291016
63408.28633134879,36.042999267578125
63408.3532207321,36.042999267578125
63408.4201101154,36.05400085449219
63408.48699949871,36.05400085449219
63408.553888882016,36.05400085449219
63408.62077826532,36.09400177001953
63408.68766764863,36.07600021362305
63408.754557031934,36.07600021362305
63408.82144641524,36.03300094604492
63408.88833579855,36.084999084472656
63408.95522518185,36.084999084472656
63409.02211456516,36.084999084472656
63409.08900394846,36.143001556396484
63409.155893331765,36.143001556396484
63409.22278271507,36.167999267578125
63409.28967209838,36.167999267578125
63409.35656148168,36.0369987487793
63409.42345086499,36.0369987487793
63409.490340248296,36.0369987487793
63409.5572296316,35.874000549316406
63409.62411901491,35.98099899291992
63409.691008398215,35.98099899291992
63409.75789778152,36.0629997253418
63409.82478716483,36.0629997253418
63409.89167654813,36.0629997253418
63409.95856593144,36.027000427246094
63410.025455314746,35.941001892089844
63410.092344698045,35.941001892089844
63410.15923408135,36.08100128173828
63410.22612346466,36.08100128173828
63410.293012847964,36.08100128173828
63410.35990223127,36.10599899291992
63410.426791614576,36.04600143432617
63410.49368099788,36.04600143432617
63410.56057038119,36.02000045776367
63410.627459764495,36.02000045776367
63410.6943491478,36.02000045776367
63410.76123853111,36.150001525878906
63410.828127914414,36.10100173950195
63410.89501729772,36.10100173950195
63410.96190668103,36.11399841308594
63411.028796064325,36.119998931884766
63411.09568544763,36.119998931884766
63411.16257483094,36.119998931884766
63411.229464214244,36.051998138427734
63411.29635359755,36.051998138427734
63411.36324298086,36.12900161743164
63411.43013236416,36.12900161743164
63411.49702174747,35.94900131225586
63411.563911130776,35.94900131225586
63411.63080051408,35.94900131225586
63411.69768989739,35.97800064086914
63411.764579280694,35.99100112915039
63411.831468664,35.99100112915039
63411.89835804731,36.06700134277344
63411.96524743061,36.06700134277344
63412.03213681391,35.94200134277344
63412.09902619722,35.94200134277344
63412.165915580525,35.974998474121094
63412.23280496383,35.974998474121094
63412.29969434714,35.974998474121094
63412.36658373044,35.95399856567383
63412.43347311375,35.97999954223633
63412.500362497056,35.97999954223633
63412.56725188036,35.95600128173828
63412.63414126367,35.95600128173828
63412.701030646975,35.95600128173828
63412.76792003028,36.01599884033203
63412.83480941359,36.01599884033203
63412.90169879689,36.042999267578125
63412.96858818019,35.946998596191406
63413.0354775635,35.946998596191406
63413.102366946805,36.04800033569336
63413.16925633011,36.04800033569336
63413.23614571342,36.04800033569336
63413.303035096724,35.95000076293945
63413.36992448003,35.94300079345703
63413.436813863336,35.94300079345703
63413.50370324664,36.01100158691406
63413.57059262995,35.89799880981445
63413.637482013255,35.89799880981445
63413.70437139656,35.89799880981445
63413.77126077987,35.89799880981445
63413.838150163174,35.95600128173828
63413.90503954648,35.98099899291992
63413.97192892978,35.98099899291992
63414.038818313085,36.027000427246094
63414.10570769639,36.027000427246094
63414.1725970797,36.027000427246094
63414.239486463004,36.047000885009766
63414.30637584631,36.02000045776367
63414.37326522962,36.02000045776367
63414.44015461292,36.00899887084961
63414.50704399623,36.00899887084961
63414.573933379535,36.00899887084961
63414.64082276284,36.145999908447266
63414.70771214615,36.0629997253418
63414.774601529454,36.0629997253418
63414.84149091276,36.097999572753906
63414.90838029606,36.097999572753906
63414.975269679366,36.097999572753906
63415.04215906267,36.220001220703125
63415.10904844598,36.16600036621094
63415.175937829285,36.16600036621094
63415.24282721259,36.143001556396484
63415.3097165959,36.143001556396484
63415.3766059792,36.143001556396484
63415.44349536251,36.132999420166016
63415.510384745816,36.16400146484375
63415.57727412912,36.16400146484375
63415.64416351243,36.141998291015625
63415.711052895735,36.13199996948242
63415.77794227904,36.13199996948242
63415.84483166234,36.13199996948242
63415.911721045646,36.13199996948242
63415.97861042895,36.09299850463867
63416.04549981226,35.96900177001953
63416.112389195565,35.96900177001953
63416.17927857887,36.02199935913086
63416.24616796218,36.02199935913086
63416.313057345484,36.02199935913086
63416.37994672879,36.0099983215332
63416.446836112096,36.040000915527344
63416.5137254954,36.040000915527344
63416.58061487871,35.981998443603516
63416.647504262015,35.981998443603516
63416.71439364532,35.981998443603516
63416.78128302863,36.0629997253418
63416.84817241193,35.8849983215332
63416.91506179523,35.8849983215332
63416.98195117854,36.05699920654297
63417.048840561845,36.05699920654297
63417.11572994515,36.05699920654297
63417.18261932846,35.98899841308594
63417.249508711764,36.066001892089844
63417.31639809507,36.066001892089844
63417.38328747838,36.02899932861328
63417.45017686168,36.02899932861328
63417.51706624499,36.02899932861328
63417.583955628295,35.97700119018555
63417.6508450116,35.88399887084961
63417.71773439491,35.88399887084961
63417.78462377821,35.98500061035156
63417.85151316151,36.06399917602539
63417.91840254482,36.06399917602539
63417.985291928126,35.939998626708984
63418.05218131143,35.992000579833984
63418.11907069474,35.992000579833984
63418.185960078044,35.992000579833984
63418.25284946135,35.96099853515625
63418.31973884466,36.23099899291992
63418.38662822796,36.23099899291992
63418.45351761127,36.277000427246094
63418.520406994576,36.277000427246094
63418.58729637788,36.277000427246094
63418.65418576119,36.191001892089844
63418.721075144495,36.047000885009766
63418.78796452779,36.047000885009766
63418.8548539111,36.055999755859375
63418.921743294406,36.055999755859375
63418.98863267771,36.055999755859375
63419.05552206102,36.16600036621094
63419.122411444325,36.0359992980957
63419.18930082763,36.0359992980957
63419.25619021094,35.94499969482422
63419.32307959424,35.94499969482422
63419.38996897755,35.94499969482422
63419.456858360856,35.941001892089844
63419.52374774416,35.93899917602539
63419.59063712747,35.93899917602539
63419.657526510775,36.04399871826172
63419.724415894074,36.04399871826172
63419.79130527738,36.04399871826172
63419.85819466069,36.05500030517578
63419.92508404399,35.88199996948242
63419.9919734273,35.88199996948242
63420.058862810605,36.05500030517578
63420.12575219391,36.02399826049805
63420.19264157722,36.02399826049805
63420.259530960524,36.02399826049805
63420.32642034383,36.02399826049805
63420.39330972714,36.1879997253418
63420.46019911044,36.152000427246094
63420.52708849375,36.152000427246094
63420.593977877055,36.10100173950195
63420.66086726036,36.10100173950195
63420.72775664366,36.10100173950195
63420.79464602697,36.1150016784668
63420.86153541027,36.084999084472656
63420.92842479358,36.084999084472656
63420.995314176886,36.0369987487793
63421.06220356019,36.0369987487793
63421.1290929435,36.0369987487793
63421.195982326804,36.08700180053711
63421.26287171011,35.930999755859375
63421.32976109342,35.930999755859375
63421.39665047672,35.935001373291016
63421.46353986003,35.935001373291016
63421.530429243336,35.935001373291016
63421.59731862664,35.93600082397461
63421.66420800994,36.07899856567383
63421.73109739325,36.07899856567383
63421.79798677655,36.17599868774414
63421.86487615986,36.17599868774414
63421.931765543166,36.17599868774414
63421.99865492647,36.18199920654297
63422.06554430978,36.150001525878906
63422.132433693085,36.150001525878906
63422.19932307639,36.207000732421875
63422.2662124597,36.207000732421875
63422.333101843,36.207000732421875
63422.39999122631,36.23099899291992
63422.466880609616,36.13600158691406
63422.53376999292,36.13600158691406
63422.60065937623,36.130001068115234
63422.66754875953,36.055999755859375
63422.734438142834,36.055999755859375
63422.80132752614,36.055999755859375
63422.868216909446,36.13100051879883
63422.93510629275,36.13100051879883
63423.00199567606,36.05699920654297
63423.068885059365,36.05699920654297
63423.13577444267,36.095001220703125
63423.20266382598,36.095001220703125
63423.269553209284,36.11199951171875
63423.33644259259,36.11199951171875
63423.4033319759,36.11199951171875
63423.4702213592,36.08399963378906
63423.53711074251,36.0359992980957
63423.60400012581,36.0359992980957
63423.670889509114,36.05099868774414
63423.73777889242,36.05099868774414
63423.80466827573,36.05099868774414
63423.87155765903,36.09299850463867
63423.93844704234,36.07600021362305
63424.005336425646,36.07600021362305
63424.07222580895,36.06800079345703
63424.13911519226,36.06800079345703
63424.206004575564,36.06800079345703
63424.27289395887,36.064998626708984
63424.33978334218,36.06399917602539
63424.40667272548,36.06399917602539
63424.47356210879,36.097999572753906
63424.540451492096,36.11399841308594
63424.607340875395,36.11399841308594
63424.6742302587,36.11399841308594
63424.74111964201,36.11399841308594
63424.80800902531,36.084999084472656
63424.87489840862,36.108001708984375
63424.941787791926,36.108001708984375
63425.00867717523,36.082000732421875
63425.07556655854,36.082000732421875
63425.142455941845,36.082000732421875
63425.20934532515,36.176998138427734
63425.27623470846,36.11199951171875
63425.34312409176,36.11199951171875
63425.41001347507,36.08399963378906
63425.476902858376,36.08399963378906
63425.543792241675,36.08399963378906
63425.61068162498,36.071998596191406
63425.67757100829,35.99599838256836
63425.744460391594,35.99599838256836
63425.8113497749,36.104000091552734
63425.878239158206,36.104000091552734
63425.94512854151,36.104000091552734
63426.01201792482,36.152000427246094
63426.078907308125,36.066001892089844
63426.14579669143,36.066001892089844
63426.21268607474,36.06399917602539
63426.279575458044,36.06399917602539
63426.34646484135,36.06399917602539
63426.413354224656,36.16899871826172
63426.48024360796,36.14400100708008
63426.54713299126,36.14400100708008
63426.61402237457,36.0620002746582
63426.680911757874,36.16899871826172
63426.74780114118,36.16899871826172
63426.81469052449,36.16899871826172
63426.88157990779,36.00199890136719
63426.9484692911,36.00199890136719
63427.015358674405,36.0359992980957
63427.08224805771,36.15800094604492
63427.14913744102,36.15800094604492
63427.216026824324,36.15800094604492
63427.28291620763,36.15800094604492
63427.34980559094,36.209999084472656
63427.41669497424,36.125999450683594
63427.48358435754,36.125999450683594
63427.55047374085,36.09000015258789
63427.617363124155,36.09000015258789
63427.68425250746,36.09000015258789
63427.75114189077,36.180999755859375
63427.81803127407,36.220001220703125
63427.88492065738,36.220001220703125
63427.951810040686,36.13100051879883
63428.01869942399,36.13100051879883
63428.0855888073,36.13100051879883
63428.152478190605,36.12699890136719
63428.21936757391,36.12699890136719
63428.28625695722,36.05500030517578
63428.35314634052,36.20100021362305
63428.42003572383,36.20100021362305
63428.48692510713,36.229000091552734
63428.553814490435,36.229000091552734
63428.62070387374,36.229000091552734
63428.68759325705,36.20500183105469
63428.754482640354,36.301998138427734
63428.82137202366,36.301998138427734
63428.888261406966,36.27199935913086
63428.95515079027,36.2239990234375
63429.02204017358,36.2239990234375
63429.088929556885,36.2239990234375
63429.15581894019,36.09700012207031
63429.2227083235,36.09700012207031
63429.289597706804,36.14799880981445
63429.35648709011,36.14799880981445
63429.42337647341,36.17100143432617
63429.490265856715,36.17100143432617
63429.55715524002,36.17100143432617
63429.62404462333,36.07400131225586
63429.690934006634,36.13800048828125
63429.75782338994,36.13800048828125
63429.82471277325,36.095001220703125
63429.89160215655,36.095001220703125
63429.95849153986,36.095001220703125
63430.025380923165,36.07699966430664
63430.09227030647,36.03300094604492
63430.15915968978,36.03300094604492
63430.226049073084,36.084999084472656
63430.29293845639,36.084999084472656
63430.3598278397,36.084999084472656
63430.426717222996,36.108001708984375
63430.4936066063,36.047000885009766
63430.56049598961,36.047000885009766
63430.627385372914,36.055999755859375
63430.69427475622,36.055999755859375
63430.76116413953,36.055999755859375
63430.82805352283,36.130001068115234
63430.89494290614,36.09199905395508
63430.961832289446,36.09199905395508
63431.02872167275,36.040000915527344
63431.09561105606,36.040000915527344
63431.162500439365,36.040000915527344
63431.22938982267,36.0880012512207
63431.29627920598,36.07400131225586
63431.363168589276,36.07400131225586
63431.43005797258,36.17399978637695
63431.49694735589,36.25199890136719
63431.563836739195,36.25199890136719
63431.6307261225,36.25199890136719
63431.69761550581,36.25199890136719
63431.76450488911,36.14500045776367
63431.83139427242,36.0629997253418
63431.898283655726,36.0629997253418
63431.96517303903,36.097999572753906
63432.03206242234,36.097999572753906
63432.098951805645,36.097999572753906
63432.16584118895,36.112998962402344
63432.23273057226,36.22600173950195
63432.299619955564,36.22600173950195
63432.36650933886,36.097999572753906
63432.43339872217,36.097999572753906
63432.500288105475,36.097999572753906
63432.56717748878,36.14899826049805
63432.63406687209,36.099998474121094
63432.700956255394,36.099998474121094
63432.7678456387,36.150001525878906
63432.83473502201,36.150001525878906
63432.90162440531,36.150001525878906
63432.96851378862,36.099998474121094
63433.035403171925,36.042999267578125
63433.10229255523,36.042999267578125
63433.16918193854,36.05400085449219
63433.236071321844,36.05400085449219
63433.30296070514,36.05400085449219
63433.36985008845,36.130001068115234
63433.436739471756,36.130001068115234
63433.50362885506,36.130001068115234
63433.57051823837,36.07500076293945
63433.637407621674,36.07500076293945
63433.70429700498,36.06800079345703
63433.77118638829,36.064998626708984
63433.83807577159,36.064998626708984
63433.9049651549,36.064998626708984
63433.971854538206,36.064998626708984
63434.03874392151,36.02799987792969
63434.10563330482,36.04800033569336
63434.172522688124,36.04800033569336
63434.23941207142,36.055999755859375
63434.30630145473,36.055999755859375
63434.373190838036,36.055999755859375
63434.44008022134,36.20199966430664
63434.50696960465,36.15800094604492
63434.573858987955,36.15800094604492
63434.64074837126,36.104000091552734
63434.70763775457,36.104000091552734
63434.77452713787,36.104000091552734
63434.84141652118,35.9739990234375
63434.908305904486,36.02399826049805
63434.97519528779,36.02399826049805
63435.0420846711,36.117000579833984
63435.108974054405,36.117000579833984
63435.17586343771,36.117000579833984
63435.24275282101,36.05099868774414
63435.309642204316,36.02199935913086
63435.37653158762,36.02199935913086
63435.44342097093,36.08000183105469
63435.510310354235,36.08000183105469
63435.57719973754,36.08000183105469
63435.64408912085,36.10599899291992
63435.710978504154,36.08100128173828
63435.77786788746,36.08100128173828
63435.84475727077,36.141998291015625
63435.91164665407,36.167999267578125
63435.97853603738,36.167999267578125
63436.045425420685,36.167999267578125
63436.11231480399,36.167999267578125
63436.17920418729,36.143001556396484
63436.2460935706,36.0620002746582
63436.3129829539,36.0620002746582
63436.37987233721,36.027000427246094
63436.446761720515,36.027000427246094
63436.51365110382,36.027000427246094
63436.58054048713,36.15299987792969
63436.647429870434,36.20800018310547
63436.71431925374,36.20800018310547
63436.78120863705,36.1609992980957
63436.84809802035,36.1609992980957
63436.91498740366,36.1609992980957
63436.981876786966,36.14099884033203
63437.04876617027,36.16699981689453
63437.11565555358,36.16699981689453
63437.18254493688,36.143001556396484
63437.24943432018,36.143001556396484
63437.31632370349,36.143001556396484
63437.383213086796,36.0620002746582
63437.4501024701,36.2400016784668
63437.51699185341,36.2400016784668
63437.583881236715,36.138999938964844
63437.65077062002,36.09600067138672
63437.71766000333,36.09600067138672
63437.78454938663,36.09600067138672
63437.85143876994,36.07699966430664
63437.918328153246,36.07699966430664
63437.98521753655,36.13999938964844
63438.05210691986,36.237998962402344
63438.11899630316,36.237998962402344
63438.185885686464,36.237998962402344
63438.25277506977,36.237998962402344
63438.319664453076,36.244998931884766
63438.38655383638,36.21200180053711
63438.45344321969,36.21200180053711
63438.520332602995,36.26900100708008
63438.5872219863,36.26900100708008
63438.65411136961,36.1870002746582
63438.721000752914,36.1870002746582
63438.78789013622,36.1870002746582
63438.854779519526,36.117000579833984
63438.92166890283,36.22800064086914
63438.98855828614,36.22800064086914
63439.055447669445,36.2400016784668
63439.122337052744,36.2400016784668
63439.18922643605,36.2400016784668
63439.25611581936,35.99800109863281
63439.32300520266,36.06999969482422
63439.38989458597,36.06999969482422
63439.456783969275,36.20800018310547
63439.52367335258,36.20800018310547
63439.59056273589,36.20800018310547
63439.657452119194,36.1609992980957
63439.7243415025,36.17599868774414
63439.79123088581,36.17599868774414
63439.85812026911,36.21799850463867
63439.92500965242,36.21799850463867
63439.991899035726,36.21799850463867
63440.058788419024,36.130001068115234
63440.12567780233,36.198001861572266
63440.19256718564,36.198001861572266
63440.25945656894,36.15700149536133
63440.32634595225,36.15700149536133
63440.393235335556,36.15700149536133
63440.46012471886,36.17399978637695
63440.52701410217,36.111000061035156
63440.593903485475,36.111000061035156
63440.66079286878,36.11899948120117
63440.72768225209,36.11899948120117
63440.79457163539,36.01599884033203
63440.8614610187,36.01599884033203
63440.928350402006,36.01599884033203
63440.99523978531,36.00699996948242
63441.06212916861,36.14500045776367
63441.12901855192,36.14500045776367
63441.195907935224,36.097999572753906
63441.26279731853,36.097999572753906
63441.329686701836,36.097999572753906
63441.39657608514,36.112998962402344
63441.46346546845,36.04899978637695
63441.530354851755,36.04899978637695
63441.59724423506,36.16299819946289
63441.66413361837,36.16299819946289
63441.731023001674,36.16299819946289
63441.79791238498,36.21200180053711
63441.864801768286,36.055999755859375
63441.93169115159,36.055999755859375
63441.99858053489,36.060001373291016
63442.0654699182,36.060001373291016
63442.132359301504,36.060001373291016
63442.19924868481,36.09700012207031
63442.26613806812,36.14799880981445
63442.33302745142,36.14799880981445
63442.39991683473,36.099998474121094
63442.466806218035,36.11399841308594
63442.53369560134,36.11399841308594
63442.60058498465,36.11399841308594
63442.667474367954,36.119998931884766
63442.73436375126,36.119998931884766
63442.80125313457,36.194000244140625
63442.86814251787,36.11899948120117
63442.93503190117,36.11899948120117
63443.00192128448,36.11899948120117
63443.068810667784,36.11899948120117
63443.13570005109,36.08700180053711
63443.2025894344,36.21500015258789
63443.2694788177,36.21500015258789
63443.33636820101,36.23500061035156
63443.403257584316,36.23500061035156
63443.47014696762,36.23500061035156
63443.53703635093,36.17300033569336
63443.603925734235,36.17300033569336
63443.67081511754,36.03900146484375
63443.73770450085,36.051998138427734
63443.80459388415,36.051998138427734
63443.87148326746,36.12900161743164
63443.93837265076,36.12900161743164
63444.005262034065,36.12900161743164
63444.07215141737,36.090999603271484
63444.13904080068,36.07500076293945
63444.20593018398,36.07500076293945
63444.27281956729,36.10300064086914
63444.339708950596,36.10300064086914
63444.4065983339,36.10300064086914
63444.47348771721,36.1870002746582
63444.540377100515,36.1870002746582
63444.60726648382,36.1870002746582
63444.67415586713,36.257999420166016
63444.741045250434,36.21799850463867
63444.80793463374,36.21799850463867
63444.87482401704,36.21799850463867
63444.941713400345,36.130001068115234
63445.00860278365,36.130001068115234
63445.07549216696,36.233001708984375
63445.142381550264,36.233001708984375
63445.20927093357,36.10100173950195
63445.27616031688,36.10100173950195
63445.34304970018,36.10100173950195
63445.40993908349,36.1150016784668
63445.476828466795,36.12099838256836
63445.5437178501,36.12099838256836
63445.61060723341,36.0880012512207
63445.677496616714,36.0880012512207
63445.74438600002,36.0880012512207
63445.81127538333,36.14400100708008
63445.878164766626,36.132999420166016
63445.94505414993,36.132999420166016
63446.01194353324,36.09299850463867
63446.078832916544,36.09299850463867
63446.14572229985,36.09299850463867
63446.21261168316,36.07600021362305
63446.27950106646,35.96200180053711
63446.34639044977,35.96200180053711
63446.413279833076,36.05400085449219
63446.48016921638,36.05400085449219
63446.54705859969,36.05400085449219
63446.613947982994,36.09400177001953
63446.6808373663,36.07600021362305
63446.74772674961,36.07600021362305
63446.814616132906,36.104000091552734
63446.88150551621,36.104000091552734
63446.94839489952,36.104000091552734
63447.015284282825,36.1870002746582
63447.08217366613,36.32899856567383
63447.14906304944,36.32899856567383
63447.21595243274,36.249000549316406
63447.28284181605,36.249000549316406
63447.349731199356,36.249000549316406
63447.41662058266,36.249000549316406
63447.48350996597,36.0369987487793
63447.550399349275,36.0369987487793
63447.61728873258,36.15800094604492
63447.68417811589,36.15800094604492
63447.75106749919,36.209999084472656
63447.81795688249,36.209999084472656
63447.8848462658,36.209999084472656
63447.951735649105,36.196998596191406
63448.01862503241,36.12099838256836
63448.08551441572,36.12099838256836
63448.152403799024,36.0880012512207
63448.21929318233,36.0880012512207
63448.28618256564,36.0880012512207
63448.35307194894,36.14400100708008
63448.41996133225,36.097999572753906
63448.486850715555,36.097999572753906
63448.55374009886,36.077999114990234
63448.62062948217,36.077999114990234
63448.687518865474,36.077999114990234
63448.75440824877,36.10499954223633
63448.82129763208,36.10499954223633
63448.888187015385,36.222999572753906
63448.95507639869,36.237998962402344
63449.021965782,36.237998962402344
63449.088855165304,36.10300064086914
63449.15574454861,36.04499816894531
63449.22263393192,36.04499816894531
63449.28952331522,36.04499816894531
63449.35641269853,36.04499816894531
63449.423302081836,36.196998596191406
63449.49019146514,36.12099838256836
63449.55708084845,36.12099838256836
63449.623970231754,36.051998138427734
63449.69085961506,36.051998138427734
63449.75774899836,36.051998138427734
63449.824638381666,36.16400146484375
63449.89152776497,36.141998291015625
63449.95841714828,36.141998291015625
63450.025306531585,36.09700012207031
63450.09219591489,36.09700012207031
63450.1590852982,36.09700012207031
63450.2259746815,36.14799880981445
63450.29286406481,36.17100143432617
63450.359753448116,36.17100143432617
63450.42664283142,36.14500045776367
63450.49353221473,36.14500045776367
63450.560421598035,36.14500045776367
63450.62731098134,36.2400016784668
63450.69420036464,36.209999084472656
63450.761089747946,36.209999084472656
63450.82797913125,36.090999603271484
63450.89486851456,36.090999603271484
63450.961757897865,36.090999603271484
63451.02864728117,36.145999908447266
63451.09553666448,36.20500183105469
63451.162426047784,36.20500183105469
63451.22931543109,36.33700180053711
63451.296204814396,36.11000061035156
63451.3630941977,36.11000061035156
63451.42998358101,36.11000061035156
63451.496872964315,36.224998474121094
63451.56376234762,36.224998474121094
63451.63065173093,36.23899841308594
63451.69754111423,36.23899841308594
63451.76443049753,36.138999938964844
63451.83131988084,36.138999938964844
63451.898209264145,36.138999938964844
63451.96509864745,36.13100051879883
63452.03198803076,36.26900100708008
63452.098877414064,36.26900100708008
63452.16576679737,36.29399871826172
63452.23265618068,36.29399871826172
63452.29954556398,36.29399871826172
63452.36643494729,36.26900100708008
63452.433324330595,36.11600112915039
63452.5002137139,36.11600112915039
63452.56710309721,36.19200134277344
63452.63399248051,36.19200134277344
63452.70088186381,36.19200134277344
63452.76777124712,36.11899948120117
63452.834660630426,36.01599884033203
63452.90155001373,36.01599884033203
63452.96843939704,36.077999114990234
63453.035328780345,36.077999114990234
63453.10221816365,36.077999114990234
63453.16910754696,36.10499954223633
63453.23599693026,36.08100128173828
63453.30288631357,36.08100128173828
63453.369775696876,36.10599899291992
63453.43666508018,36.10599899291992
63453.50355446349,36.10599899291992
63453.570443846795,36.117000579833984
63453.637333230094,36.04999923706055
63453.7042226134,36.04999923706055
63453.771111996706,36.16400146484375
63453.83800138001,36.16400146484375
63453.90489076332,36.176998138427734
63453.971780146625,36.176998138427734
63454.03866952993,36.14799880981445
63454.10555891324,36.14799880981445
63454.172448296544,36.14799880981445
63454.23933767985,36.1349983215332
63454.306227063156,36.165000915527344
63454.37311644646,36.165000915527344
63454.44000582977,36.2130012512207
63454.506895213075,36.2130012512207
63454.573784596374,36.2130012512207
63454.64067397968,36.19900131225586
63454.70756336299,36.26300048828125
63454.77445274629,36.26300048828125
63454.8413421296,36.39799880981445
63454.908231512905,36.39799880981445
63454.97512089621,36.39799880981445
63455.04201027952,36.41999816894531
63455.108899662824,36.32400131225586
63455.17578904613,36.32400131225586
63455.24267842944,36.31700134277344
63455.30956781274,36.31700134277344
63455.37645719605,36.31700134277344
63455.443346579355,36.27899932861328
63455.51023596266,36.36899948120117
63455.57712534596,36.36899948120117
63455.64401472927,36.23099899291992
63455.71090411257,36.17100143432617
63455.77779349588,36.17100143432617
63455.844682879186,36.17100143432617
63455.91157226249,36.00299835205078
63455.9784616458,36.00299835205078
63456.045351029104,36.17900085449219
63456.11224041241,36.290000915527344
63456.17912979572,36.290000915527344
63456.24601917902,36.290000915527344
63456.31290856233,36.290000915527344
63456.379797945636,36.19599914550781
63456.44668732894,36.04999923706055
63456.51357671224,36.04999923706055
63456.58046609555,36.19900131225586
63456.64735547885,36.19900131225586
63456.71424486216,36.19900131225586
63456.781134245466,36.15700149536133
63456.84802362877,36.17399978637695
63456.91491301208,36.17399978637695
63456.981802395385,36.18199920654297
63457.04869177869,36.18199920654297
63457.115581162,36.18199920654297
63457.182470545304,36.11399841308594
63457.24935992861,36.084999084472656
63457.316249311916,36.084999084472656
63457.38313869522,36.108001708984375
63457.45002807853,36.108001708984375
63457.51691746183,36.108001708984375
63457.583806845134,36.15299987792969
63457.65069622844,36.20800018310547
63457.71758561175,36.20800018310547
63457.78447499505,36.303001403808594
63457.85136437836,36.303001403808594
63457.918253761665,36.303001403808594
63457.98514314497,36.30799865722656
63458.05203252828,36.20399856567383
63458.118921911584,36.20399856567383
63458.18581129489,36.26599884033203
63458.2527006782,36.22100067138672
63458.3195900615,36.22100067138672
63458.38647944481,36.22100067138672
63458.45336882811,36.16699981689453
63458.520258211414,36.16699981689453
63458.58714759472,36.143001556396484
63458.65403697803,36.09700012207031
63458.72092636133,36.09700012207031
63458.78781574464,36.09700012207031
63458.854705127946,36.09700012207031
63458.92159451125,36.112998962402344
63458.98848389456,36.112998962402344
63459.055373277864,36.191001892089844
63459.12226266117,36.33100128173828
63459.18915204448,36.33100128173828
63459.25604142778,36.2140007019043
63459.32293081109,36.2140007019043
63459.389820194396,36.2140007019043
63459.456709577695,36.30500030517578
63459.523598961,36.09700012207031
63459.59048834431,36.09700012207031
63459.65737772761,36.183998107910156
63459.72426711092,36.183998107910156
63459.791156494226,36.183998107910156
63459.85804587753,36.150001525878906
63459.92493526084,36.27799987792969
63459.991824644145,36.27799987792969
63460.05871402745,36.297000885009766
63460.12560341076,36.297000885009766
63460.19249279406,36.297000885009766
63460.25938217737,36.12900161743164
63460.326271560676,36.12699890136719
63460.393160943975,36.12699890136719
63460.46005032728,36.1609992980957
63460.52693971059,36.17599868774414
63460.593829093894,36.17599868774414
63460.6607184772,36.17599868774414
63460.72760786051,36.21799850463867
63460.79449724381,36.21799850463867
63460.86138662712,36.20100021362305
63460.928276010425,36.20100021362305
63460.99516539373,36.15800094604492
63461.06205477704,36.15800094604492
63461.128944160344,36.15800094604492
63461.19583354365,36.316001892089844
63461.26272292696,36.27899932861328
63461.329612310255,36.27899932861328
63461.39650169356,36.19200134277344
63461.46339107687,36.19200134277344
63461.530280460174,36.19200134277344
63461.59716984348,36.224998474121094
63461.66405922679,36.0620002746582
63461.73094861009,36.0620002746582
63461.7978379934,36.23899841308594
63461.864727376706,36.23899841308594
63461.93161676001,36.23899841308594
63461.99850614332,36.28099822998047
63462.065395526624,36.19200134277344
63462.13228490993,36.19200134277344
63462.19917429324,36.26100158691406
63462.26606367654,36.26100158691406
63462.33295305984,36.26100158691406
63462.39984244315,36.112998962402344
63462.466731826455,36.191001892089844
63462.53362120976,36.191001892089844
63462.60051059307,36.33100128173828
63462.66739997637,36.33100128173828
63462.73428935968,36.33100128173828
63462.801178742986,36.31999969482422
63462.86806812629,36.209999084472656
63462.9349575096,36.209999084472656
63463.001846892905,36.196998596191406
63463.06873627621,36.15599822998047
63463.13562565952,36.15599822998047
63463.20251504282,36.15599822998047
63463.26940442612,36.17399978637695
63463.33629380943,36.17399978637695
63463.403183192735,36.25299835205078
63463.47007257604,36.25299835205078
63463.53696195935,36.215999603271484
63463.603851342654,36.215999603271484
63463.67074072596,36.215999603271484
63463.737630109266,36.12900161743164
63463.80451949257,36.1619987487793
63463.87140887588,36.1619987487793
63463.938298259185,36.176998138427734
63464.00518764249,36.176998138427734
63464.0720770258,36.176998138427734
63464.138966409104,36.21799850463867
63464.20585579241,36.21799850463867
63464.27274517571,36.130001068115234
63464.339634559015,36.198001861572266
63464.40652394232,36.198001861572266
63464.47341332563,36.26300048828125
63464.540302708934,36.26300048828125
63464.60719209224,36.26300048828125
63464.67408147555,36.220001220703125
63464.74097085885,36.20199966430664
63464.80786024216,36.20199966430664
63464.874749625465,36.229000091552734
63464.94163900877,36.3120002746582
63465.00852839208,36.3120002746582
63465.075417775384,36.3120002746582
63465.14230715869,36.24100112915039
63465.20919654199,36.24100112915039
63465.276085925296,36.28200149536133
63465.3429753086,36.28200149536133
63465.40986469191,36.22800064086914
63465.476754075215,36.22800064086914
63465.54364345852,36.22800064086914
63465.61053284183,36.3120002746582
63465.67742222513,36.24100112915039
63465.74431160844,36.24100112915039
63465.811200991746,36.17499923706055
63465.87809037505,36.17499923706055
63465.94497975836,36.17499923706055
63466.011869141665,36.25299835205078
63466.07875852497,36.250999450683594
63466.14564790828,36.250999450683594
63466.212537291576,36.21500015258789
63466.27942667488,36.21500015258789
63466.34631605819,36.21500015258789
63466.413205441495,36.19900131225586
63466.4800948248,36.15700149536133
63466.54698420811,36.15700149536133
63466.613873591414,36.17399978637695
63466.68076297472,36.17399978637695
63466.747652358026,36.17399978637695
63466.81454174133,36.145999908447266
63466.88143112464,36.13399887084961
63466.948320507945,36.13399887084961
63467.01520989125,36.20000076293945
63467.08209927456,36.15700149536133
63467.14898865786,36.15700149536133
63467.21587804116,36.15700149536133
63467.28276742447,36.03300094604492
63467.349656807775,36.03300094604492
63467.41654619108,36.119998931884766
63467.48343557439,36.119998931884766
63467.550324957694,36.051998138427734
63467.617214341,36.051998138427734
63467.68410372431,36.051998138427734
63467.75099310761,36.16400146484375
63467.81788249092,36.24800109863281
63467.884771874225,36.24800109863281
63467.95166125753,36.2140007019043
63468.01855064084,36.2140007019043
63468.08544002414,36.2140007019043
63468.15232940744,36.12799835205078
63468.21921879075,36.090999603271484
63468.286108174056,36.090999603271484
63468.35299755736,36.145999908447266
63468.41988694067,36.145999908447266
63468.486776323974,36.145999908447266
63468.55366570728,36.2400016784668
63468.62055509059,36.24599838256836
63468.68744447389,36.24599838256836
63468.7543338572,36.35499954223633
63468.821223240506,36.35499954223633
63468.88811262381,36.35499954223633
63468.95500200712,36.402000427246094
63469.021891390425,36.244998931884766
63469.08878077372,36.244998931884766
63469.15567015703,36.176998138427734
63469.222559540336,36.176998138427734
63469.28944892364,36.18299865722656
63469.35633830695,36.18299865722656
63469.423227690255,36.150001525878906
63469.49011707356,36.150001525878906
63469.55700645687,36.150001525878906
63469.623895840174,36.27799987792969
63469.69078522348,36.262001037597656
63469.757674606786,36.262001037597656
63469.82456399009,36.255001068115234
63469.8914533734,36.255001068115234
63469.958342756705,36.255001068115234
63470.025232140004,36.35900115966797
63470.09212152331,36.191001892089844
63470.15901090662,36.191001892089844
63470.22590028992,36.2239990234375
63470.29278967323,36.2239990234375
63470.359679056535,36.2239990234375
63470.42656843984,36.132999420166016
63470.49345782315,36.23500061035156
63470.560347206454,36.23500061035156
63470.62723658976,36.172000885009766
63470.69412597307,36.172000885009766
63470.76101535637,36.172000885009766
63470.82790473968,36.25199890136719
63470.894794122985,36.250999450683594
63470.96168350629,36.250999450683594
63471.02857288959,36.25
63471.0954622729,36.2859992980957
63471.1623516562,36.2859992980957
63471.22924103951,36.2859992980957
63471.296130422816,36.22999954223633
63471.36301980612,36.22999954223633
63471.42990918943,36.277000427246094
63471.496798572734,36.277000427246094
63471.56368795604,36.22600173950195
63471.63057733935,36.22600173950195
63471.69746672265,36.22600173950195
63471.76435610596,36.132999420166016
63471.831245489266,36.305999755859375
63471.89813487257,36.305999755859375
63471.96502425587,36.27399826049805
63472.03191363918,36.27399826049805
63472.09880302248,36.27399826049805
63472.16569240579,36.2599983215332
63472.232581789096,36.14799880981445
63472.2994711724,36.14799880981445
63472.36636055571,36.16999816894531
63472.433249939015,36.16999816894531
63472.50013932232,36.16999816894531
63472.56702870563,36.250999450683594
63472.63391808893,36.32099914550781
63472.70080747224,36.32099914550781
63472.767696855546,36.244998931884766
63472.83458623885,36.244998931884766
63472.90147562216,36.244998931884766
63472.96836500546,36.319000244140625
63473.035254388764,36.35100173950195
63473.10214377207,36.35100173950195
63473.16903315538,36.29399871826172
63473.23592253868,36.26900100708008
63473.30281192199,36.26900100708008
63473.369701305295,36.26900100708008
63473.4365906886,36.11600112915039
63473.50348007191,36.11600112915039
63473.570369455214,36.19200134277344
63473.63725883852,36.19200134277344
63473.70414822183,36.2599983215332
63473.77103760513,36.2599983215332
63473.83792698844,36.2599983215332
63473.90481637174,36.255001068115234
63473.971705755044,36.215999603271484
63474.03859513835,36.215999603271484
63474.10548452166,36.236000061035156
63474.17237390496,36.236000061035156
63474.23926328827,36.236000061035156
63474.306152671576,36.349998474121094
63474.37304205488,36.349998474121094
63474.43993143819,36.292999267578125
63474.506820821494,36.30400085449219
63474.5737102048,36.30400085449219
63474.64059958811,36.27299880981445
63474.70748897141,36.27299880981445
63474.77437835472,36.27299880981445
63474.841267738026,36.224998474121094
63474.908157121325,36.310001373291016
63474.97504650463,36.310001373291016
63475.04193588794,36.31100082397461
63475.10882527124,36.31100082397461
63475.17571465455,36.31100082397461
63475.242604037856,36.277000427246094
63475.30949342116,36.297000885009766
63475.37638280447,36.297000885009766
63475.443272187775,36.16400146484375
63475.51016157108,36.10599899291992
63475.57705095439,36.10599899291992
63475.64394033769,36.10599899291992
63475.710829721,36.10599899291992
63475.777719104306,36.1879997253418
63475.844608487605,36.25899887084961
63475.91149787091,36.25899887084961
63475.97838725422,36.28900146484375
63476.045276637524,36.28900146484375
63476.11216602083,36.28900146484375
63476.179055404136,36.301998138427734
63476.24594478744,36.27299880981445
63476.31283417075,36.27299880981445
63476.379723554055,36.2239990234375
63476.44661293736,36.2239990234375
63476.51350232067,36.2239990234375
63476.580391703974,36.23899841308594
63476.64728108728,36.244998931884766
63476.71417047059,36.244998931884766
63476.78105985389,36.176998138427734
63476.84794923719,36.176998138427734
63476.9148386205,36.176998138427734
63476.981728003804,36.18299865722656
63477.04861738711,36.29199981689453
63477.11550677042,36.29199981689453
63477.18239615372,36.233001708984375
63477.24928553703,36.233001708984375
63477.316174920335,36.233001708984375
63477.38306430364,36.24300003051758
63477.44995368695,36.31800079345703
63477.516843070254,36.31800079345703
63477.58373245356,36.42100143432617
63477.65062183687,36.42100143432617
63477.71751122017,36.39500045776367
63477.78440060347,36.39500045776367
63477.85128998678,36.39500045776367
63477.918179370085,36.277000427246094
63477.98506875339,36.297000885009766
63478.0519581367,36.297000885009766
63478.11884752,36.23500061035156
63478.18573690331,36.23500061035156
63478.252626286616,36.23500061035156
63478.31951566992,36.27899932861328
63478.38640505323,36.26300048828125
63478.453294436535,36.26300048828125
63478.52018381984,36.220001220703125
63478.58707320315,36.220001220703125
63478.65396258645,36.220001220703125
63478.72085196976,36.34299850463867
63478.78774135306,36.255001068115234
63478.854630736365,36.255001068115234
63478.92152011967,36.21699905395508
