time,temp
63011.714685025654,30.884000778198242
63011.781570211126,30.913999557495117
63011.8484553966,30.913999557495117
63011.91534058207,30.99799919128418
63011.98222576754,30.99799919128418
63012.04911095301,30.99799919128418
63012.115996138484,31.03499984741211
63012.182881323955,30.944000244140625
63012.24976650943,30.944000244140625
63012.3166516949,30.833999633789062
63012.38353688037,30.833999633789062
63012.45042206584,30.833999633789062
63012.51730725131,30.999000549316406
63012.584192436785,30.929000854492188
63012.65107762226,30.929000854492188
63012.71796280773,30.9689998626709
63012.7848479932,30.9689998626709
63012.85173317867,30.9689998626709
63012.918618364136,30.916000366210938
63012.98550354961,30.964000701904297
63013.05238873508,30.964000701904297
63013.11927392055,30.983999252319336
63013.18615910602,30.983999252319336
63013.253044291494,30.983999252319336
63013.319929476966,30.95800018310547
63013.38681466244,30.945999145507812
63013.45369984791,30.945999145507812
63013.52058503338,30.976999282836914
63013.58747021885,30.976999282836914
63013.654355404324,30.95400047302246
63013.721240589795,30.83799934387207
63013.78812577527,30.83799934387207
63013.85501096074,30.83799934387207
63013.92189614621,30.93000030517578
63013.98878133168,30.93000030517578
63014.05566651715,30.93400001525879
63014.122551702625,30.93400001525879
63014.1894368881,30.972000122070312
63014.25632207357,30.972000122070312
63014.32320725904,30.972000122070312
63014.39009244451,30.95199966430664
63014.45697762998,30.908000946044922
63014.523862815455,30.908000946044922
63014.59074800093,30.888999938964844
63014.6576331864,30.888999938964844
63014.72451837187,30.888999938964844
63014.79140355734,30.881000518798828
63014.85828874281,30.878000259399414
63014.925173928284,30.878000259399414
63014.992059113756,30.840999603271484
63015.05894429923,30.840999603271484
63015.1258294847,30.840999603271484
63015.192714670164,30.930999755859375
63015.259599855635,30.969999313354492
63015.32648504111,30.969999313354492
63015.39337022658,30.916000366210938
63015.46025541205,30.916000366210938
63015.52714059752,30.916000366210938
63015.59402578299,30.89299964904785
63015.660910968465,30.98900032043457
63015.72779615394,30.98900032043457
63015.79468133941,30.9950008392334
63015.86156652488,30.9950008392334
63015.92845171035,30.9950008392334
63015.99533689582,30.99799919128418
63016.062222081295,30.999000549316406
63016.12910726677,30.999000549316406
63016.19599245224,31.070999145507812
63016.26287763771,31.06599998474121
63016.32976282318,31.06599998474121
63016.39664800865,31.06599998474121
63016.463533194124,31.06599998474121
63016.530418379596,30.95800018310547
63016.59730356507,30.98200035095215
63016.66418875054,30.98200035095215
63016.73107393601,30.992000579833984
63016.79795912148,30.992000579833984
63016.864844306954,30.992000579833984
63016.931729492426,30.996999740600586
63016.9986146779,30.999000549316406
63017.06549986337,30.999000549316406
63017.13238504884,31.06999969482422
63017.19927023431,31.06999969482422
63017.266155419784,31.06999969482422
63017.333040605256,31.06599998474121
63017.39992579072,30.922000885009766
63017.46681097619,30.922000885009766
63017.53369616166,30.895000457763672
63017.600581347135,30.895000457763672
63017.667466532606,30.895000457763672
63017.73435171808,30.91900062561035
63017.80123690355,30.93000030517578
63017.86812208902,30.93000030517578
63017.93500727449,30.89900016784668
63018.001892459964,30.89900016784668
63018.068777645436,30.89900016784668
63018.13566283091,30.95599937438965
63018.20254801638,30.981000900268555
63018.26943320185,30.981000900268555
63018.33631838732,30.992000579833984
63018.403203572794,30.961000442504883
63018.470088758266,30.961000442504883
63018.53697394374,30.961000442504883
63018.60385912921,30.961000442504883
63018.67074431468,30.87700080871582
63018.73762950015,30.87700080871582
63018.804514685624,30.94700050354004
63018.871399871095,30.94099998474121
63018.93828505657,30.94099998474121
63019.00517024204,30.93899917602539
63019.07205542751,30.93899917602539
63019.13894061298,30.93899917602539
63019.20582579845,30.902999877929688
63019.272710983925,30.95800018310547
63019.3395961694,30.95800018310547
63019.40648135487,31.017000198364258
63019.47336654034,31.017000198364258
63019.54025172581,31.017000198364258
63019.607136911276,30.972000122070312
63019.67402209675,31.023000717163086
63019.74090728222,31.023000717163086
63019.80779246769,31.04599952697754
63019.87467765316,31.04599952697754
63019.941562838634,31.04599952697754
63020.008448024106,31.05500030517578
63020.07533320958,30.952999114990234
63020.14221839505,30.952999114990234
63020.20910358052,30.87299919128418
63020.27598876599,30.87299919128418
63020.342873951464,30.87299919128418
63020.409759136935,30.981000900268555
63020.47664432241,31.027000427246094
63020.54352950788,31.027000427246094
63020.61041469335,31.08300018310547
63020.67729987882,31.035999298095703
63020.74418506429,31.035999298095703
63020.811070249765,31.035999298095703
63020.87795543524,31.035999298095703
63020.94484062071,31.014999389648438
63021.01172580618,31.113000869750977
63021.07861099165,31.113000869750977
63021.14549617712,31.01300048828125
63021.212381362595,31.01300048828125
63021.27926654807,31.01300048828125
63021.34615173354,31.006000518798828
63021.41303691901,30.966999053955078
63021.47992210448,30.966999053955078
63021.54680728995,30.986000061035156
63021.613692475425,30.986000061035156
63021.680577660896,30.986000061035156
63021.74746284637,30.993999481201172
63021.81434803184,30.891000747680664
63021.881233217304,30.891000747680664
63021.948118402775,30.952999114990234
63022.01500358825,30.952999114990234
63022.08188877372,30.952999114990234
63022.14877395919,30.87299919128418
63022.21565914466,30.839000701904297
63022.28254433013,30.839000701904297
63022.349429515605,30.93000030517578
63022.41631470108,30.93000030517578
63022.48319988655,30.93000030517578
63022.55008507202,30.93400001525879
63022.61697025749,30.900999069213867
63022.68385544296,30.900999069213867
63022.750740628435,30.957000732421875
63022.81762581391,31.017000198364258
63022.88451099938,31.017000198364258
63022.95139618485,31.017000198364258
63023.01828137032,31.017000198364258
63023.08516655579,31.006999969482422
63023.152051741265,31.003000259399414
63023.218936926736,31.003000259399414
63023.28582211221,31.000999450683594
63023.35270729768,31.000999450683594
63023.41959248315,31.000999450683594
63023.48647766862,31.000999450683594
63023.553362854094,31.035999298095703
63023.620248039566,31.035999298095703
63023.68713322504,30.94499969482422
63023.75401841051,30.94499969482422
63023.82090359598,30.94099998474121
63023.88778878145,30.94099998474121
63023.954673966924,30.94099998474121
63024.021559152396,30.93899917602539
63024.08844433786,30.937999725341797
63024.15532952333,30.937999725341797
63024.2222147088,30.972999572753906
63024.289099894275,30.972999572753906
63024.35598507975,30.972999572753906
63024.42287026522,30.91699981689453
63024.48975545069,31.0
63024.55664063616,31.0
63024.62352582163,30.929000854492188
63024.690411007105,30.929000854492188
63024.757296192576,30.929000854492188
63024.82418137805,30.9689998626709
63024.89106656352,31.058000564575195
63024.95795174899,31.058000564575195
63025.02483693446,30.98900032043457
63025.091722119934,31.06599998474121
63025.158607305406,31.06599998474121
63025.22549249088,31.06599998474121
63025.29237767635,31.02899932861328
63025.35926286182,31.02899932861328
63025.42614804729,30.941999435424805
63025.493033232764,30.941999435424805
63025.559918418236,30.83300018310547
63025.62680360371,30.83300018310547
63025.69368878918,30.83300018310547
63025.76057397465,30.892000198364258
63025.82745916012,30.98900032043457
63025.894344345594,30.98900032043457
63025.961229531065,30.959999084472656
63026.02811471654,30.959999084472656
63026.09499990201,30.959999084472656
63026.16188508748,31.01799964904785
63026.22877027295,31.007999420166016
63026.295655458416,31.007999420166016
63026.36254064389,31.003000259399414
63026.42942582936,31.003000259399414
63026.49631101483,31.003000259399414
63026.5631962003,31.000999450683594
63026.630081385774,31.000999450683594
63026.696966571246,31.000999450683594
63026.76385175672,31.070999145507812
63026.83073694219,31.070999145507812
63026.89762212766,31.070999145507812
63026.96450731313,30.9950008392334
63027.031392498604,30.99799919128418
63027.098277684076,30.99799919128418
63027.16516286955,31.03499984741211
63027.23204805502,31.014999389648438
63027.29893324049,31.014999389648438
63027.36581842596,31.014999389648438
63027.432703611434,30.97100067138672
63027.499588796905,30.97100067138672
63027.56647398238,30.95199966430664
63027.63335916785,30.95199966430664
63027.70024435332,30.979000091552734
63027.76712953879,30.979000091552734
63027.83401472426,30.979000091552734
63027.900899909735,30.95599937438965
63027.96778509521,30.94499969482422
63028.03467028068,30.94499969482422
63028.10155546615,30.94099998474121
63028.16844065162,30.94099998474121
63028.23532583709,30.94099998474121
63028.302211022565,30.974000930786133
63028.369096208036,30.917999267578125
63028.43598139351,30.917999267578125
63028.50286657897,30.96500015258789
63028.569751764444,30.96500015258789
63028.636636949916,30.96500015258789
63028.70352213539,30.985000610351562
63028.77040732086,31.02899932861328
63028.83729250633,31.02899932861328
63028.9041776918,31.011999130249023
63028.971062877274,31.011999130249023
63029.037948062745,31.076000213623047
63029.10483324822,31.076000213623047
63029.17171843369,31.076000213623047
63029.23860361916,31.033000946044922
63029.30548880463,31.013999938964844
63029.3723739901,31.013999938964844
63029.439259175575,31.04199981689453
63029.50614436105,31.01799964904785
63029.57302954652,31.01799964904785
63029.63991473199,31.01799964904785
63029.70679991746,31.007999420166016
63029.77368510293,31.007999420166016
63029.840570288405,30.968000411987305
63029.907455473876,30.968000411987305
63029.97434065935,30.951000213623047
63030.04122584482,30.951000213623047
63030.10811103029,30.951000213623047
63030.17499621576,30.979000091552734
63030.241881401234,31.025999069213867
63030.308766586706,31.025999069213867
63030.37565177218,31.152999877929688
63030.44253695765,31.152999877929688
63030.50942214312,31.152999877929688
63030.57630732859,30.9950008392334
63030.643192514064,30.99799919128418
63030.710077699536,30.99799919128418
63030.776962885,30.89299964904785
63030.84384807047,30.89299964904785
63030.91073325594,30.89299964904785
63030.977618441415,30.98900032043457
63031.04450362689,30.9950008392334
63031.11138881236,30.9950008392334
63031.17827399783,30.961999893188477
63031.2451591833,30.961999893188477
63031.31204436877,30.961999893188477
63031.378929554245,30.983999252319336
63031.445814739716,30.993000030517578
63031.51269992519,30.993000030517578
63031.57958511066,30.926000595092773
63031.64647029613,30.968000411987305
63031.7133554816,30.968000411987305
63031.780240667074,30.968000411987305
63031.847125852546,30.951000213623047
63031.91401103802,30.951000213623047
63031.98089622349,31.049999237060547
63032.04778140896,31.049999237060547
63032.11466659443,31.05699920654297
63032.181551779904,31.05699920654297
63032.248436965376,31.05699920654297
63032.31532215085,30.95400047302246
63032.38220733632,31.051000595092773
63032.44909252179,31.051000595092773
63032.51597770726,31.128000259399414
63032.582862892734,31.128000259399414
63032.649748078205,31.128000259399414
63032.71663326368,31.16200065612793
63032.78351844915,31.06999969482422
63032.85040363462,31.06999969482422
63032.91728882009,31.136999130249023
63032.984174005556,31.136999130249023
63033.05105919103,31.136999130249023
63033.1179443765,31.166000366210938
63033.18482956197,31.17799949645996
63033.25171474744,31.17799949645996
63033.318599932914,31.11199951171875
63033.385485118386,31.11199951171875
63033.45237030386,31.11199951171875
63033.51925548933,31.083999633789062
63033.5861406748,31.07200050354004
63033.65302586027,31.07200050354004
63033.719911045744,30.959999084472656
63033.786796231216,30.91200065612793
63033.85368141669,30.91200065612793
63033.92056660216,30.91200065612793
63033.98745178763,30.91200065612793
63034.0543369731,30.996999740600586
63034.121222158574,30.996999740600586
63034.188107344045,31.034000396728516
63034.25499252952,31.086000442504883
63034.32187771499,31.086000442504883
63034.38876290046,30.965999603271484
63034.45564808593,30.965999603271484
63034.5225332714,30.965999603271484
63034.589418456875,30.985000610351562
63034.65630364235,30.95800018310547
63034.72318882782,30.95800018310547
63034.79007401329,30.98200035095215
63034.85695919876,30.98200035095215
63034.92384438423,30.98200035095215
63034.990729569705,31.062999725341797
63035.05761475518,31.062999725341797
63035.12449994065,31.062999725341797
63035.19138512611,31.027000427246094
63035.258270311584,31.027000427246094
63035.325155497056,31.027000427246094
63035.39204068253,30.97599983215332
63035.458925868,31.06100082397461
63035.52581105347,31.06100082397461
63035.59269623894,31.025999069213867
63035.659581424414,31.118000030517578
63035.726466609885,31.118000030517578
63035.79335179536,31.118000030517578
63035.86023698083,31.014999389648438
63035.9271221663,31.014999389648438
63035.99400735177,31.077999114990234
63036.06089253724,31.077999114990234
63036.127777722715,31.104000091552734
63036.19466290819,31.104000091552734
63036.26154809366,31.104000091552734
63036.32843327913,31.08099937438965
63036.3953184646,31.06999969482422
63036.46220365007,31.06999969482422
63036.529088835545,31.10099983215332
63036.59597402102,31.10099983215332
63036.66285920649,31.10099983215332
63036.72974439196,31.04400062561035
63036.79662957743,31.018999099731445
63036.8635147629,31.018999099731445
63036.930399948375,31.07900047302246
63036.997285133846,31.07900047302246
63037.06417031932,31.07900047302246
63037.13105550479,30.96299934387207
63037.19794069026,31.020000457763672
63037.26482587573,31.020000457763672
63037.331711061204,31.04400062561035
63037.39859624667,31.04400062561035
63037.46548143214,31.04400062561035
63037.53236661761,31.054000854492188
63037.59925180308,31.05900001525879
63037.666136988555,31.05900001525879
63037.73302217403,31.06100082397461
63037.7999073595,31.097000122070312
63037.86679254497,31.097000122070312
63037.93367773044,31.097000122070312
63038.00056291591,30.93600082397461
63038.067448101385,30.93600082397461
63038.13433328686,30.972000122070312
63038.20121847233,30.972000122070312
63038.2681036578,31.05900001525879
63038.33498884327,31.05900001525879
63038.40187402874,31.05900001525879
63038.468759214215,31.024999618530273
63038.535644399686,31.152999877929688
63038.60252958516,31.152999877929688
63038.66941477063,31.06599998474121
63038.7362999561,31.06599998474121
63038.80318514157,31.06599998474121
63038.870070327044,31.100000381469727
63038.936955512516,31.07900047302246
63039.00384069799,31.07900047302246
63039.07072588346,31.104999542236328
63039.13761106893,31.104999542236328
63039.2044962544,31.08099937438965
63039.271381439874,31.08099937438965
63039.338266625346,31.08099937438965
63039.40515181082,31.106000900268555
63039.47203699629,31.117000579833984
63039.53892218176,31.117000579833984
63039.60580736723,31.086000442504883
63039.6726925527,31.072999954223633
63039.73957773817,31.072999954223633
63039.80646292364,31.072999954223633
63039.87334810911,30.996000289916992
63039.94023329458,30.996000289916992
63040.007118480054,31.069000244140625
63040.074003665526,31.069000244140625
63040.140888851,31.030000686645508
63040.20777403647,31.030000686645508
63040.27465922194,31.030000686645508
63040.34154440741,31.04800033569336
63040.408429592884,31.091999053955078
63040.475314778356,31.091999053955078
63040.54219996383,31.075000762939453
63040.6090851493,31.075000762939453
63040.67597033477,31.075000762939453
63040.74285552024,31.06800079345703
63040.809740705714,30.993999481201172
63040.876625891186,30.993999481201172
63040.94351107666,30.996999740600586
63041.01039626213,30.996999740600586
63041.0772814476,30.996999740600586
63041.14416663307,31.034000396728516
63041.21105181854,30.979000091552734
63041.277937004015,30.979000091552734
63041.34482218949,30.990999221801758
63041.41170737496,30.990999221801758
63041.47859256043,30.990999221801758
63041.5454777459,31.10300064086914
63041.61236293137,31.04400062561035
63041.679248116845,31.04400062561035
63041.74613330232,31.018999099731445
63041.81301848779,31.07900047302246
63041.87990367325,31.07900047302246
63041.946788858724,31.07900047302246
63042.013674044196,31.141000747680664
63042.08055922967,31.141000747680664
63042.14744441514,31.06100082397461
63042.21432960061,31.062000274658203
63042.28121478608,31.062000274658203
63042.348099971554,31.062000274658203
63042.414985157026,31.062000274658203
63042.4818703425,31.132999420166016
63042.54875552797,31.198999404907227
63042.61564071344,31.198999404907227
63042.68252589891,31.156999588012695
63042.74941108438,31.156999588012695
63042.816296269855,31.156999588012695
63042.88318145533,31.06800079345703
63042.9500666408,31.13599967956543
63043.01695182627,31.13599967956543
63043.08383701174,31.236000061035156
63043.15072219721,31.236000061035156
63043.217607382685,31.236000061035156
63043.28449256816,31.17300033569336
63043.35137775363,31.038999557495117
63043.4182629391,31.038999557495117
63043.48514812457,31.08799934387207
63043.55203331004,31.08799934387207
63043.618918495515,31.08799934387207
63043.685803680986,31.18000030517578
63043.75268886646,31.14900016784668
63043.81957405193,31.14900016784668
63043.8864592374,31.135000228881836
63043.95334442287,31.135000228881836
63044.020229608344,31.135000228881836
63044.08711479381,31.165000915527344
63044.15399997928,31.070999145507812
63044.22088516475,31.070999145507812
63044.28777035022,31.101999282836914
63044.354655535695,31.101999282836914
63044.42154072117,31.114999771118164
63044.48842590664,31.114999771118164
63044.55531109211,31.121000289916992
63044.62219627758,31.121000289916992
63044.68908146305,31.121000289916992
63044.755966648525,30.981000900268555
63044.822851834,30.992000579833984
63044.88973701947,30.992000579833984
63044.95662220494,30.926000595092773
63045.02350739041,30.926000595092773
63045.09039257588,30.926000595092773
63045.157277761355,31.003000259399414
63045.224162946826,31.000999450683594
63045.2910481323,31.000999450683594
63045.35793331777,31.07200050354004
63045.42481850324,31.07200050354004
63045.49170368871,31.07200050354004
63045.558588874184,31.136999130249023
63045.625474059656,31.1299991607666
63045.69235924513,31.1299991607666
63045.7592444306,31.091999053955078
63045.82612961607,31.091999053955078
63045.89301480154,31.091999053955078
63045.959899987014,31.075000762939453
63046.026785172486,31.06800079345703
63046.09367035796,31.06800079345703
63046.16055554343,31.13599967956543
63046.2274407289,31.05900001525879
63046.294325914365,31.05900001525879
63046.36121109984,31.05900001525879
63046.42809628531,31.024999618530273
63046.49498147078,31.024999618530273
63046.56186665625,31.187999725341797
63046.62875184172,31.187999725341797
63046.695637027195,31.187999725341797
63046.762522212666,31.187999725341797
63046.82940739814,31.187999725341797
63046.89629258361,31.187999725341797
63046.96317776908,31.222999572753906
63047.03006295455,31.222999572753906
63047.096948140024,31.202999114990234
63047.163833325496,31.202999114990234
63047.23071851097,31.202999114990234
63047.29760369644,31.194000244140625
63047.36448888191,31.048999786376953
63047.43137406738,31.048999786376953
63047.498259252854,30.986000061035156
63047.565144438326,30.986000061035156
63047.6320296238,30.986000061035156
63047.69891480927,31.02899932861328
63047.76579999474,31.083999633789062
63047.83268518021,31.083999633789062
63047.899570365684,31.07200050354004
63047.966455551155,31.07200050354004
63048.03334073663,31.07200050354004
63048.1002259221,31.0310001373291
63048.16711110757,31.048999786376953
63048.23399629304,31.048999786376953
63048.30088147851,31.05699920654297
63048.367766663985,31.05699920654297
63048.43465184946,31.05699920654297
63048.50153703493,31.059999465942383
63048.56842222039,31.025999069213867
63048.635307405864,31.025999069213867
63048.702192591336,31.082000732421875
63048.76907777681,31.177000045776367
63048.83596296228,31.177000045776367
63048.90284814775,31.177000045776367
63048.96973333322,31.11199951171875
63049.036618518694,31.11199951171875
63049.103503704166,31.118999481201172
63049.17038888964,31.118999481201172
63049.23727407511,31.158000946044922
63049.30415926058,31.158000946044922
63049.37104444605,31.158000946044922
63049.437929631524,31.209999084472656
63049.504814816995,31.209999084472656
63049.57170000247,31.19700050354004
63049.63858518794,31.121000289916992
63049.70547037341,31.121000289916992
63049.77235555888,31.264999389648438
63049.83924074435,31.264999389648438
63049.906125929825,31.264999389648438
63049.9730111153,31.256999969482422
63050.03989630077,31.145999908447266
63050.10678148624,31.145999908447266
63050.17366667171,31.062999725341797
63050.24055185718,31.062999725341797
63050.307437042655,31.062999725341797
63050.37432222813,31.134000778198242
63050.4412074136,31.058000564575195
63050.50809259907,31.058000564575195
63050.57497778454,31.131000518798828
63050.64186297001,31.131000518798828
63050.708748155484,31.131000518798828
63050.77563334095,31.163000106811523
63050.84251852642,31.142000198364258
63050.90940371189,31.142000198364258
63050.976288897364,31.06100082397461
63051.043174082835,31.06100082397461
63051.11005926831,31.06100082397461
63051.17694445378,31.097000122070312
63051.24382963925,31.077999114990234
63051.31071482472,31.077999114990234
63051.37760001019,31.069000244140625
63051.444485195665,31.065000534057617
63051.51137038114,31.065000534057617
63051.57825556661,31.065000534057617
63051.64514075208,31.027999877929688
63051.71202593755,31.027999877929688
63051.77891112302,31.08300018310547
63051.845796308495,31.08300018310547
63051.91268149397,31.17799949645996
63051.97956667944,31.17799949645996
63052.04645186491,31.17799949645996
63052.11333705038,31.183000564575195
63052.18022223585,31.149999618530273
63052.247107421324,31.149999618530273
63052.313992606796,31.13599967956543
63052.38087779227,31.13599967956543
63052.44776297774,31.13599967956543
63052.51464816321,31.165000915527344
63052.58153334868,31.17799949645996
63052.648418534154,31.17799949645996
63052.715303719626,31.148000717163086
63052.7821889051,31.148000717163086
63052.84907409057,31.148000717163086
63052.91595927604,31.135000228881836
63052.982844461505,31.128999710083008
63053.04972964698,31.128999710083008
63053.11661483245,31.197999954223633
63053.18350001792,31.197999954223633
63053.25038520339,31.197999954223633
63053.31727038886,31.226999282836914
63053.384155574335,31.204999923706055
63053.451040759806,31.204999923706055
63053.51792594528,31.229999542236328
63053.58481113075,31.17099952697754
63053.65169631622,31.17099952697754
63053.71858150169,31.17099952697754
63053.785466687164,31.073999404907227
63053.852351872636,31.073999404907227
63053.91923705811,31.13800048828125
63053.98612224358,31.13800048828125
63054.05300742905,31.094999313354492
63054.11989261452,31.094999313354492
63054.186777799994,31.094999313354492
63054.253662985466,31.07699966430664
63054.32054817094,31.139999389648438
63054.38743335641,31.139999389648438
63054.45431854188,31.09600067138672
63054.52120372735,31.09600067138672
63054.588088912824,31.2189998626709
63054.654974098295,31.2189998626709
63054.72185928377,31.2189998626709
63054.78874446924,31.201000213623047
63054.85562965471,31.121999740600586
63054.92251484018,31.121999740600586
63054.98940002565,31.05299949645996
63055.056285211125,31.05299949645996
63055.1231703966,31.05299949645996
63055.19005558206,31.0939998626709
63055.25694076753,31.18199920654297
63055.323825953004,31.18199920654297
63055.390711138476,31.149999618530273
63055.45759632395,31.17099952697754
63055.52448150942,31.17099952697754
63055.59136669489,31.17099952697754
63055.65825188036,31.17099952697754
63055.725137065834,31.110000610351562
63055.792022251306,31.18899917602539
63055.85890743678,31.18899917602539
63055.92579262225,31.224000930786133
63055.99267780772,31.224000930786133
63056.05956299319,31.224000930786133
63056.126448178664,31.167999267578125
63056.193333364135,31.214000701904297
63056.26021854961,31.214000701904297
63056.32710373508,31.235000610351562
63056.39398892055,31.235000610351562
63056.46087410602,31.235000610351562
63056.52775929149,31.243000030517578
63056.594644476965,31.141000747680664
63056.66152966244,31.141000747680664
63056.72841484791,31.16699981689453
63056.79530003338,31.16699981689453
63056.86218521885,31.16699981689453
63056.92907040432,31.07200050354004
63056.995955589795,31.13800048828125
63057.06284077527,31.13800048828125
63057.12972596074,31.1299991607666
63057.19661114621,31.1299991607666
63057.26349633168,31.1299991607666
63057.33038151715,31.268999099731445
63057.397266702625,31.222999572753906
63057.46415188809,31.222999572753906
63057.53103707356,31.131999969482422
63057.59792225903,31.163000106811523
63057.664807444504,31.163000106811523
63057.731692629975,31.163000106811523
63057.79857781545,31.106000900268555
63057.86546300092,31.106000900268555
63057.93234818639,31.08099937438965
63057.99923337186,31.08099937438965
63058.06611855733,31.03499984741211
63058.133003742805,31.03499984741211
63058.19988892828,31.03499984741211
63058.26677411375,31.121999740600586
63058.33365929922,31.159000396728516
63058.40054448469,31.159000396728516
63058.46742967016,31.174999237060547
63058.534314855635,31.174999237060547
63058.60120004111,31.174999237060547
63058.66808522658,31.18199920654297
63058.73497041205,31.149999618530273
63058.80185559752,31.149999618530273
63058.86874078299,31.242000579833984
63058.935625968465,31.242000579833984
63059.002511153936,31.176000595092773
63059.06939633941,31.14699935913086
63059.13628152488,31.14699935913086
63059.20316671035,31.275999069213867
63059.27005189582,31.275999069213867
63059.336937081294,31.275999069213867
63059.403822266766,31.26099967956543
63059.47070745224,31.18400001525879
63059.53759263771,31.18400001525879
63059.60447782318,31.22100067138672
63059.671363008645,31.22100067138672
63059.73824819412,31.273000717163086
63059.80513337959,31.260000228881836
63059.87201856506,31.260000228881836
63059.93890375053,31.260000228881836
63060.005788936,31.2189998626709
63060.072674121475,31.2189998626709
63060.13955930695,31.1299991607666
63060.20644449242,31.1299991607666
63060.27332967789,31.12700080871582
63060.34021486336,31.12700080871582
63060.40710004883,31.12700080871582
63060.473985234305,31.090999603271484
63060.540870419776,31.110000610351562
63060.60775560525,31.110000610351562
63060.67464079072,31.118999481201172
63060.74152597619,31.118999481201172
63060.80841116166,31.118999481201172
63060.875296347134,31.229000091552734
63060.942181532606,31.170000076293945
63061.00906671808,31.170000076293945
63061.07595190355,31.18000030517578
63061.14283708902,31.18000030517578
63061.20972227449,31.18000030517578
63061.276607459964,31.18400001525879
63061.343492645436,31.114999771118164
63061.41037783091,31.114999771118164
63061.47726301638,31.084999084472656
63061.54414820185,31.084999084472656
63061.61103338732,31.084999084472656
63061.677918572794,31.03700065612793
63061.744803758265,31.158000946044922
63061.81168894374,31.158000946044922
63061.8785741292,31.174999237060547
63061.94545931467,31.076000213623047
63062.012344500145,31.076000213623047
63062.079229685616,31.076000213623047
63062.14611487109,31.104000091552734
63062.21300005656,31.104000091552734
63062.27988524203,31.187000274658203
63062.3467704275,31.187000274658203
63062.413655612974,31.152000427246094
63062.480540798446,31.152000427246094
63062.54742598392,31.152000427246094
63062.61431116939,31.172000885009766
63062.68119635486,31.215999603271484
63062.74808154033,31.215999603271484
63062.814966725804,31.235000610351562
63062.881851911276,31.235000610351562
63062.94873709675,31.235000610351562
63063.01562228222,31.20800018310547
63063.08250746769,31.160999298095703
63063.14939265316,31.160999298095703
63063.216277838634,31.246999740600586
63063.283163024105,31.246999740600586
63063.35004820958,31.246999740600586
63063.41693339505,31.284000396728516
63063.48381858052,31.194000244140625
63063.55070376599,31.194000244140625
63063.61758895146,31.26099967956543
63063.684474136935,31.26099967956543
63063.75135932241,31.26099967956543
63063.81824450788,31.2549991607666
63063.88512969335,31.25200080871582
63063.95201487882,31.25200080871582
63064.01890006429,31.285999298095703
63064.085785249765,31.159000396728516
63064.15267043523,31.159000396728516
63064.2195556207,31.159000396728516
63064.28644080617,31.069000244140625
63064.353325991644,31.069000244140625
63064.420211177116,31.10099983215332
63064.48709636259,31.10099983215332
63064.55398154806,31.149999618530273
63064.62086673353,31.149999618530273
63064.687751919,31.149999618530273
63064.754637104474,31.13599967956543
63064.821522289945,31.13599967956543
63064.88840747542,31.165000915527344
63064.95529266089,31.10700035095215
63065.02217784636,31.10700035095215
63065.08906303183,31.152999877929688
63065.1559482173,31.152999877929688
63065.222833402775,31.152999877929688
63065.28971858825,31.136999130249023
63065.35660377372,31.05900001525879
63065.42348895919,31.05900001525879
63065.49037414466,31.097000122070312
63065.55725933013,31.097000122070312
63065.624144515605,31.097000122070312
63065.691029701076,31.18400001525879
63065.75791488655,31.149999618530273
63065.82480007202,31.149999618530273
63065.89168525749,31.242000579833984
63065.95857044296,31.242000579833984
63066.025455628434,31.242000579833984
63066.092340813906,31.246999740600586
63066.15922599938,31.284000396728516
63066.22611118485,31.284000396728516
63066.29299637032,31.264999389648438
63066.359881555785,31.256000518798828
63066.42676674126,31.256000518798828
63066.49365192673,31.256000518798828
63066.5605371122,31.256000518798828
63066.62742229767,31.18199920654297
63066.69430748314,31.149999618530273
63066.761192668615,31.149999618530273
63066.82807785409,31.13599967956543
63066.89496303956,31.13599967956543
63066.96184822503,31.13599967956543
63067.0287334105,31.270999908447266
63067.09561859597,31.224000930786133
63067.162503781445,31.224000930786133
63067.229388966916,31.167999267578125
63067.29627415239,31.167999267578125
63067.36315933786,31.167999267578125
63067.43004452333,31.107999801635742
63067.4969297088,31.082000732421875
63067.563814894274,31.082000732421875
63067.630700079746,31.070999145507812
63067.69758526522,31.070999145507812
63067.76447045069,31.070999145507812
63067.83135563616,31.06599998474121
63067.89824082163,31.06399917602539
63067.965126007104,31.06399917602539
63068.032011192576,31.062999725341797
63068.09889637805,31.062999725341797
63068.16578156352,31.062999725341797
63068.23266674899,31.16900062561035
63068.29955193446,31.108999252319336
63068.366437119934,31.108999252319336
63068.433322305405,31.152999877929688
63068.50020749088,31.152999877929688
63068.56709267634,31.136999130249023
63068.63397786181,31.136999130249023
63068.700863047285,31.136999130249023
63068.767748232756,31.166000366210938
63068.83463341823,31.214000701904297
63068.9015186037,31.214000701904297
63068.96840378917,31.128000259399414
63069.03528897464,31.128000259399414
63069.102174160114,31.128000259399414
63069.169059345586,31.19700050354004
63069.23594453106,31.1560001373291
63069.30282971653,31.1560001373291
63069.369714902,31.10300064086914
63069.43660008747,31.10300064086914
63069.503485272944,31.10300064086914
63069.570370458416,31.115999221801758
63069.63725564389,31.1560001373291
63069.70414082936,31.1560001373291
63069.77102601483,31.2450008392334
63069.8379112003,31.2450008392334
63069.904796385774,31.24799919128418
63069.971681571245,31.24799919128418
63070.03856675672,31.24799919128418
63070.10545194219,31.10700035095215
63070.17233712766,31.152999877929688
63070.23922231313,31.152999877929688
63070.3061074986,31.243000030517578
63070.372992684075,31.211999893188477
63070.43987786955,31.211999893188477
63070.50676305502,31.211999893188477
63070.57364824049,31.211999893188477
63070.64053342596,31.232999801635742
63070.70741861143,31.207000732421875
63070.774303796905,31.207000732421875
63070.84118898237,31.160999298095703
63070.90807416784,31.160999298095703
63070.97495935331,31.160999298095703
63071.041844538784,31.139999389648438
63071.108729724256,31.16699981689453
63071.17561490973,31.16699981689453
63071.2425000952,31.179000854492188
63071.30938528067,31.179000854492188
63071.37627046614,31.179000854492188
63071.443155651614,31.18400001525879
63071.510040837085,31.114999771118164
63071.57692602256,31.114999771118164
63071.64381120803,31.121000289916992
63071.7106963935,31.121000289916992
63071.77758157897,31.121000289916992
63071.84446676444,31.12299919128418
63071.911351949915,31.124000549316406
63071.97823713539,31.124000549316406
63072.04512232086,31.15999984741211
63072.11200750633,31.15999984741211
63072.1788926918,31.15999984741211
63072.24577787727,31.176000595092773
63072.312663062745,31.14699935913086
63072.37954824822,31.14699935913086
63072.44643343369,31.170000076293945
63072.51331861916,31.285999298095703
63072.58020380463,31.285999298095703
63072.6470889901,31.285999298095703
63072.713974175575,31.19499969482422
63072.780859361046,31.19499969482422
63072.84774454652,31.19099998474121
63072.91462973199,31.19099998474121
63072.98151491746,31.260000228881836
63073.048400102925,31.260000228881836
63073.1152852884,31.260000228881836
63073.18217047387,31.253999710083008
63073.24905565934,31.25200080871582
63073.31594084481,31.25200080871582
63073.38282603028,31.250999450683594
63073.449711215755,31.250999450683594
63073.51659640123,31.250999450683594
63073.5834815867,31.21500015258789
63073.65036677217,31.163999557495117
63073.71725195764,31.163999557495117
63073.78413714311,31.163999557495117
63073.851022328585,31.187999725341797
63073.91790751406,31.222999572753906
63073.98479269953,31.222999572753906
63074.051677885,31.131999969482422
63074.11856307047,31.131999969482422
63074.18544825594,31.131999969482422
63074.252333441415,31.233999252319336
63074.319218626886,31.243000030517578
63074.38610381236,31.243000030517578
63074.45298899783,31.176000595092773
63074.5198741833,31.14699935913086
63074.58675936877,31.14699935913086
63074.653644554244,31.14699935913086
63074.720529739716,31.170000076293945
63074.78741492519,31.170000076293945
63074.85430011066,31.18000030517578
63074.92118529613,31.18000030517578
63074.9880704816,31.219999313354492
63075.054955667074,31.201000213623047
63075.121840852546,31.201000213623047
63075.18872603802,31.201000213623047
63075.25561122348,31.158000946044922
63075.32249640895,31.158000946044922
63075.389381594425,31.209999084472656
63075.4562667799,31.209999084472656
63075.52315196537,31.16200065612793
63075.59003715084,31.16200065612793
63075.65692233631,31.16200065612793
63075.72380752178,31.06999969482422
63075.790692707254,31.10099983215332
63075.857577892726,31.10099983215332
63075.9244630782,31.114999771118164
63075.99134826367,31.114999771118164
63076.05823344914,31.114999771118164
63076.12511863461,31.1560001373291
63076.192003820084,31.173999786376953
63076.258889005556,31.173999786376953
63076.32577419103,31.253000259399414
63076.3926593765,31.253000259399414
63076.45954456197,31.253000259399414
63076.52642974744,31.32200050354004
63076.593314932914,31.316999435424805
63076.660200118386,31.316999435424805
63076.72708530386,31.385000228881836
63076.79397048933,31.385000228881836
63076.8608556748,31.385000228881836
63076.92774086027,31.3439998626709
63076.994626045744,31.326000213623047
63077.061511231215,31.326000213623047
63077.12839641669,31.246999740600586
63077.19528160216,31.246999740600586
63077.26216678763,31.246999740600586
63077.3290519731,31.14299964904785
63077.39593715857,31.132999420166016
63077.46282234404,31.132999420166016
63077.52970752951,31.198999404907227
63077.59659271498,31.198999404907227
63077.66347790045,31.22800064086914
63077.730363085924,31.22800064086914
63077.797248271396,31.22800064086914
63077.86413345687,31.204999923706055
63077.93101864234,31.15999984741211
63077.99790382781,31.15999984741211
63078.06478901328,31.211000442504883
63078.131674198754,31.211000442504883
63078.198559384226,31.211000442504883
63078.2654445697,31.232999801635742
63078.33232975517,31.207000732421875
63078.39921494064,31.207000732421875
63078.46610012611,31.267000198364258
63078.53298531158,31.267000198364258
63078.599870497055,31.267000198364258
63078.66675568253,31.256999969482422
63078.733640868,31.253000259399414
63078.80052605347,31.253000259399414
63078.86741123894,31.215999603271484
63078.93429642441,31.215999603271484
63079.001181609885,31.215999603271484
63079.06806679536,31.163999557495117
63079.13495198083,31.142000198364258
63079.2018371663,31.142000198364258
63079.26872235177,31.23900032043457
63079.33560753724,31.173999786376953
63079.402492722715,31.173999786376953
63079.469377908186,31.173999786376953
63079.53626309366,31.18199920654297
63079.60314827913,31.18199920654297
63079.6700334646,31.219999313354492
63079.736918650065,31.23699951171875
63079.80380383554,31.23699951171875
63079.87068902101,31.23699951171875
63079.93757420648,31.23699951171875
63080.00445939195,31.208999633789062
63080.07134457742,31.208999633789062
63080.138229762895,31.23200035095215
63080.20511494837,31.13599967956543
63080.27200013384,31.13599967956543
63080.33888531931,31.236000061035156
63080.40577050478,31.236000061035156
63080.47265569025,31.236000061035156
63080.539540875725,31.243999481201172
63080.6064260612,31.283000946044922
63080.67331124667,31.283000946044922
63080.74019643214,31.263999938964844
63080.80708161761,31.263999938964844
63080.87396680308,31.263999938964844
63080.940851988555,31.256000518798828
63081.007737174026,31.145999908447266
63081.0746223595,31.145999908447266
63081.14150754497,31.170000076293945
63081.20839273044,31.170000076293945
63081.27527791591,31.170000076293945
63081.342163101384,31.18000030517578
63081.409048286856,31.113000869750977
63081.47593347233,31.208999633789062
63081.5428186578,31.208999633789062
63081.60970384327,31.208999633789062
63081.67658902874,31.208999633789062
63081.743474214214,31.23200035095215
63081.810359399686,31.207000732421875
63081.87724458516,31.207000732421875
63081.94412977062,31.125
63082.01101495609,31.125
63082.077900141565,31.125
63082.14478532704,31.195999145507812
63082.21167051251,31.261999130249023
63082.27855569798,31.261999130249023
63082.34544088345,31.2549991607666
63082.41232606892,31.2549991607666
63082.479211254395,31.2549991607666
63082.546096439866,31.180999755859375
63082.61298162534,31.14900016784668
63082.67986681081,31.14900016784668
63082.74675199628,31.20599937438965
63082.81363718175,31.20599937438965
63082.880522367224,31.20599937438965
63082.947407552696,31.267000198364258
63083.01429273817,31.256999969482422
63083.08117792364,31.256999969482422
63083.14806310911,31.218000411987305
63083.21494829458,31.218000411987305
63083.281833480054,31.218000411987305
63083.348718665526,31.270999908447266
63083.415603851,31.224000930786133
63083.48248903647,31.224000930786133
63083.54937422194,31.27400016784668
63083.61625940741,31.260000228881836
63083.683144592884,31.260000228881836
63083.750029778355,31.260000228881836
63083.81691496383,31.260000228881836
63083.8838001493,31.18400001525879
63083.95068533477,31.114999771118164
63084.01757052024,31.114999771118164
63084.08445570571,31.226999282836914
63084.15134089118,31.226999282836914
63084.21822607665,31.226999282836914
63084.28511126212,31.275999069213867
63084.35199644759,31.29599952697754
63084.418881633064,31.29599952697754
63084.485766818536,31.235000610351562
63084.55265200401,31.235000610351562
63084.61953718948,31.235000610351562
63084.68642237495,31.20800018310547
63084.75330756042,31.160999298095703
63084.820192745894,31.160999298095703
63084.887077931366,31.176000595092773
63084.95396311684,31.176000595092773
63085.02084830231,31.218000411987305
63085.08773348778,31.218000411987305
63085.15461867325,31.218000411987305
63085.221503858724,31.27199935913086
63085.288389044195,31.187999725341797
63085.35527422967,31.187999725341797
63085.42215941514,31.152000427246094
63085.48904460061,31.20800018310547
63085.55592978608,31.20800018310547
63085.62281497155,31.20800018310547
63085.689700157025,31.267000198364258
63085.7565853425,31.267000198364258
63085.82347052797,31.292999267578125
63085.89035571344,31.268999099731445
63085.95724089891,31.268999099731445
63086.02412608438,31.268999099731445
63086.091011269855,31.268999099731445
63086.15789645533,31.257999420166016
63086.2247816408,31.253000259399414
63086.29166682627,31.253000259399414
63086.358552011734,31.357999801635742
63086.425437197206,31.357999801635742
63086.49232238268,31.357999801635742
63086.55920756815,31.190000534057617
63086.62609275362,31.260000228881836
63086.69297793909,31.260000228881836
63086.759863124564,31.325000762939453
63086.826748310035,31.325000762939453
63086.89363349551,31.325000762939453
63086.96051868098,31.31800079345703
63087.02740386645,31.20800018310547
63087.09428905192,31.20800018310547
63087.16117423739,31.19700050354004
63087.228059422865,31.19700050354004
63087.29494460834,31.19700050354004
63087.36182979381,31.19099998474121
63087.42871497928,31.225000381469727
63087.49560016475,31.225000381469727
63087.56248535022,31.132999420166016
63087.629370535695,31.132999420166016
63087.69625572117,31.132999420166016
63087.76314090664,31.163999557495117
63087.83002609211,31.21299934387207
63087.89691127758,31.21299934387207
63087.96379646305,31.268999099731445
63088.030681648524,31.187000274658203
63088.097566833996,31.187000274658203
63088.16445201947,31.187000274658203
63088.23133720494,31.152000427246094
63088.29822239041,31.152000427246094
63088.36510757588,31.172000885009766
63088.431992761354,31.172000885009766
63088.498877946826,31.145000457763672
63088.5657631323,31.145000457763672
63088.63264831776,31.145000457763672
63088.69953350323,31.204999923706055
63088.766418688705,31.19499969482422
63088.83330387418,31.19499969482422
63088.90018905965,31.22599983215332
63088.96707424512,31.22599983215332
63089.03395943059,31.22599983215332
63089.10084461606,31.16900062561035
63089.167729801535,31.179000854492188
63089.234614987006,31.179000854492188
63089.30150017248,31.326000213623047
63089.36838535795,31.326000213623047
63089.43527054342,31.326000213623047
63089.50215572889,31.424999237060547
63089.569040914364,31.326000213623047
63089.635926099836,31.326000213623047
63089.70281128531,31.283000946044922
63089.76969647078,31.283000946044922
63089.83658165625,31.283000946044922
63089.90346684172,31.229000091552734
63089.970352027194,31.275999069213867
63090.037237212666,31.275999069213867
63090.10412239814,31.26099967956543
63090.17100758361,31.26099967956543
63090.23789276908,31.2549991607666
63090.30477795455,31.25200080871582
63090.371663140024,31.25200080871582
63090.438548325496,31.25200080871582
63090.50543351097,31.25200080871582
63090.57231869644,31.35700035095215
63090.63920388191,31.22599983215332
63090.70608906738,31.22599983215332
63090.77297425285,31.167999267578125
63090.83985943832,31.167999267578125
63090.90674462379,31.167999267578125
63090.97362980926,31.21500015258789
63091.04051499473,31.270000457763672
63091.107400180204,31.270000457763672
63091.174285365676,31.222999572753906
63091.24117055115,31.222999572753906
63091.30805573662,31.222999572753906
63091.37494092209,31.238000869750977
63091.44182610756,31.209999084472656
63091.508711293034,31.209999084472656
63091.575596478506,31.19700050354004
63091.64248166398,31.19700050354004
63091.70936684945,31.19700050354004
63091.77625203492,31.191999435424805
63091.84313722039,31.15399932861328
63091.910022405864,31.15399932861328
63091.976907591335,31.27899932861328
63092.04379277681,31.27899932861328
63092.11067796228,31.27899932861328
63092.17756314775,31.29800033569336
63092.24444833322,31.305999755859375
63092.31133351869,31.305999755859375
63092.378218704165,31.309999465942383
63092.44510388964,31.275999069213867
63092.51198907511,31.275999069213867
63092.57887426058,31.275999069213867
63092.64575944605,31.190000534057617
63092.71264463152,31.190000534057617
63092.779529816995,31.295000076293945
63092.84641500247,31.30500030517578
63092.91330018794,31.30500030517578
63092.98018537341,31.30500030517578
63093.047070558874,31.30500030517578
63093.113955744346,31.416000366210938
63093.18084092982,31.32200050354004
63093.24772611529,31.32200050354004
63093.31461130076,31.31599998474121
63093.38149648623,31.31599998474121
63093.448381671704,31.31599998474121
63093.515266857175,31.31399917602539
63093.58215204265,31.312999725341797
63093.64903722812,31.312999725341797
63093.71592241359,31.312999725341797
63093.78280759906,31.312999725341797
63093.84969278453,31.312999725341797
63093.916577970005,31.242000579833984
63093.98346315548,31.176000595092773
63094.05034834095,31.176000595092773
63094.11723352642,31.323999404907227
63094.18411871189,31.323999404907227
63094.25100389736,31.323999404907227
63094.317889082835,31.246999740600586
63094.38477426831,31.17799949645996
63094.45165945378,31.17799949645996
63094.51854463925,31.148000717163086
63094.58542982472,31.148000717163086
63094.65231501019,31.148000717163086
63094.719200195665,31.277000427246094
63094.786085381136,31.261999130249023
63094.85297056661,31.261999130249023
63094.91985575208,31.18400001525879
63094.98674093755,31.22100067138672
63095.05362612302,31.22100067138672
63095.120511308494,31.22100067138672
63095.187396493966,31.22100067138672
63095.25428167943,31.238000869750977
63095.3211668649,31.238000869750977
63095.38805205037,31.2450008392334
63095.454937235845,31.211999893188477
63095.52182242132,31.211999893188477
63095.58870760679,31.30500030517578
63095.65559279226,31.30500030517578
63095.72247797773,31.30500030517578
63095.7893631632,31.30900001525879
63095.856248348675,31.239999771118164
63095.92313353415,31.239999771118164
63095.99001871962,31.316999435424805
63096.05690390509,31.316999435424805
63096.12378909056,31.316999435424805
63096.19067427603,31.385000228881836
63096.257559461505,31.3439998626709
63096.324444646976,31.3439998626709
63096.39132983245,31.291000366210938
63096.45821501792,31.291000366210938
63096.52510020339,31.291000366210938
63096.59198538886,31.26799964904785
63096.658870574334,31.257999420166016
63096.725755759806,31.257999420166016
63096.79264094528,31.218000411987305
63096.85952613075,31.218000411987305
63096.92641131622,31.218000411987305
63096.99329650169,31.30699920654297
63097.060181687164,31.23900032043457
63097.127066872636,31.23900032043457
63097.19395205811,31.2450008392334
63097.26083724358,31.283000946044922
63097.32772242905,31.283000946044922
63097.39460761452,31.283000946044922
63097.461492799994,31.229000091552734
63097.52837798546,31.229000091552734
63097.59526317093,31.240999221801758
63097.6621483564,31.240999221801758
63097.72903354187,31.351999282836914
63097.795918727345,31.351999282836914
63097.862803912816,31.351999282836914
63097.92968909829,31.29400062561035
63097.99657428376,31.30500030517578
63098.06345946923,31.30500030517578
63098.1303446547,31.30900001525879
63098.197229840174,31.30900001525879
63098.264115025646,31.30900001525879
63098.33100021112,31.31100082397461
63098.39788539659,31.275999069213867
63098.46477058206,31.275999069213867
63098.53165576753,31.22599983215332
63098.598540953004,31.22599983215332
63098.665426138476,31.22599983215332
63098.73231132395,31.239999771118164
63098.79919650942,31.2810001373291
63098.86608169489,31.2810001373291
63098.93296688036,31.26300048828125
63098.999852065834,31.26300048828125
63099.066737251305,31.26300048828125
63099.13362243678,31.219999313354492
63099.20050762225,31.273000717163086
63099.26739280772,31.273000717163086
63099.33427799319,31.295000076293945
63099.40116317866,31.295000076293945
63099.468048364135,31.295000076293945
63099.53493354961,31.34000015258789
63099.60181873508,31.288999557495117
63099.66870392055,31.288999557495117
63099.735589106014,31.37299919128418
63099.802474291486,31.481000900268555
63099.86935947696,31.481000900268555
63099.93624466243,31.481000900268555
63100.0031298479,31.481000900268555
63100.07001503337,31.27899932861328
63100.136900218844,31.226999282836914
63100.203785404316,31.226999282836914
63100.27067058979,31.204999923706055
63100.33755577526,31.204999923706055
63100.40444096073,31.371999740600586
63100.4713261462,31.371999740600586
63100.538211331674,31.371999740600586
63100.605096517145,31.30299949645996
63100.67198170262,31.23699951171875
63100.73886688809,31.23699951171875
63100.80575207356,31.315000534057617
63100.87263725903,31.315000534057617
63100.9395224445,31.315000534057617
63101.006407629975,31.349000930786133
63101.07329281545,31.256999969482422
63101.14017800092,31.256999969482422
63101.20706318639,31.253000259399414
63101.27394837186,31.253000259399414
63101.34083355733,31.253000259399414
63101.407718742805,31.250999450683594
63101.474603928276,31.250999450683594
63101.54148911375,31.250999450683594
63101.60837429922,31.320999145507812
63101.67525948469,31.320999145507812
63101.74214467016,31.320999145507812
63101.809029855634,31.209999084472656
63101.875915041106,31.19700050354004
63101.94280022657,31.19700050354004
63102.00968541204,31.26300048828125
63102.07657059751,31.26300048828125
63102.143455782985,31.291000366210938
63102.21034096846,31.291000366210938
63102.27722615393,31.291000366210938
63102.3441113394,31.23200035095215
63102.41099652487,31.384000778198242
63102.47788171034,31.384000778198242
63102.544766895815,31.413999557495117
63102.61165208129,31.413999557495117
63102.67853726676,31.413999557495117
63102.74542245223,31.35700035095215
63102.8123076377,31.26099967956543
63102.87919282317,31.26099967956543
63102.946078008645,31.326000213623047
63103.012963194116,31.326000213623047
63103.07984837959,31.326000213623047
63103.14673356506,31.388999938964844
63103.21361875053,31.23900032043457
63103.280503936,31.23900032043457
63103.347389121474,31.2810001373291
63103.414274306946,31.2810001373291
63103.48115949242,31.2810001373291
63103.54804467789,31.3700008392334
63103.61492986336,31.408000946044922
63103.68181504883,31.408000946044922
63103.748700234304,31.424999237060547
63103.815585419776,31.424999237060547
63103.88247060525,31.424999237060547
63103.94935579072,31.31800079345703
63104.01624097619,31.31800079345703
63104.08312616166,31.280000686645508
63104.15001134713,31.280000686645508
63104.2168965326,31.191999435424805
63104.28378171807,31.191999435424805
63104.35066690354,31.191999435424805
63104.41755208901,31.18899917602539
63104.484437274485,31.259000778198242
63104.551322459956,31.259000778198242
63104.61820764543,31.288999557495117
63104.6850928309,31.288999557495117
63104.75197801637,31.288999557495117
63104.81886320184,31.23200035095215
63104.885748387314,31.277999877929688
63104.952633572786,31.277999877929688
63105.01951875826,31.297000885009766
63105.08640394373,31.297000885009766
63105.1532891292,31.297000885009766
63105.22017431467,31.270000457763672
63105.287059500144,31.259000778198242
63105.353944685616,31.259000778198242
63105.42082987109,31.288999557495117
63105.48771505656,31.288999557495117
63105.55460024203,31.409000396728516
63105.6214854275,31.409000396728516
63105.688370612974,31.409000396728516
63105.755255798445,31.389999389648438
63105.82214098392,31.239999771118164
63105.88902616939,31.239999771118164
63105.95591135486,31.2810001373291
63106.02279654033,31.405000686645508
63106.0896817258,31.405000686645508
63106.156566911275,31.405000686645508
63106.22345209675,31.281999588012695
63106.29033728222,31.281999588012695
63106.35722246769,31.334999084472656
63106.424107653154,31.334999084472656
63106.490992838626,31.39299964904785
63106.5578780241,31.39299964904785
63106.62476320957,31.39299964904785
63106.69164839504,31.347000122070312
63106.75853358051,31.29199981689453
63106.825418765984,31.29199981689453
63106.892303951456,31.304000854492188
63106.95918913693,31.304000854492188
63107.0260743224,31.304000854492188
63107.09295950787,31.20199966430664
63107.15984469334,31.194000244140625
63107.226729878814,31.194000244140625
63107.293615064285,31.190000534057617
63107.36050024976,31.190000534057617
63107.42738543523,31.190000534057617
63107.4942706207,31.260000228881836
63107.56115580617,31.325000762939453
63107.62804099164,31.325000762939453
63107.694926177115,31.31800079345703
63107.76181136259,31.31800079345703
63107.82869654806,31.31800079345703
63107.89558173353,31.20800018310547
63107.962466919,31.23200035095215
63108.02935210447,31.23200035095215
63108.096237289945,31.277999877929688
63108.16312247542,31.297000885009766
63108.23000766089,31.297000885009766
63108.29689284636,31.297000885009766
63108.36377803183,31.297000885009766
63108.4306632173,31.270999908447266
63108.497548402775,31.259000778198242
63108.564433588246,31.259000778198242
63108.63131877371,31.288999557495117
63108.69820395918,31.288999557495117
63108.765089144654,31.288999557495117
63108.831974330125,31.37299919128418
63108.8988595156,31.339000701904297
63108.96574470107,31.339000701904297
63109.03262988654,31.358999252319336
63109.09951507201,31.358999252319336
63109.16640025748,31.358999252319336
63109.233285442955,31.33300018310547
63109.30017062843,31.392000198364258
63109.3670558139,31.392000198364258
63109.43394099937,31.312000274658203
63109.50082618484,31.312000274658203
63109.56771137031,31.312000274658203
63109.634596555785,31.312000274658203
63109.70148174126,31.277000427246094
63109.76836692673,31.277000427246094
63109.8352521122,31.22599983215332
63109.90213729767,31.22599983215332
63109.96902248314,31.22599983215332
63110.035907668615,31.132999420166016
63110.102792854086,31.270000457763672
63110.16967803956,31.270000457763672
63110.23656322503,31.329999923706055
63110.3034484105,31.354999542236328
63110.37033359597,31.354999542236328
63110.437218781444,31.354999542236328
63110.504103966916,31.354999542236328
63110.57098915239,31.29599952697754
63110.63787433786,31.29599952697754
63110.70475952333,31.270000457763672
63110.7716447088,31.29400062561035
63110.838529894274,31.29400062561035
63110.90541507974,31.304000854492188
63110.97230026521,31.304000854492188
63111.03918545068,31.304000854492188
63111.10607063615,31.3799991607666
63111.172955821625,31.341999053955078
63111.2398410071,31.341999053955078
63111.30672619257,31.325000762939453
63111.37361137804,31.325000762939453
63111.44049656351,31.325000762939453
63111.50738174898,31.283000946044922
63111.574266934454,31.299999237060547
63111.641152119926,31.299999237060547
63111.7080373054,31.30699920654297
63111.77492249087,31.30699920654297
63111.84180767634,31.30699920654297
63111.90869286181,31.34600067138672
63111.975578047284,31.398000717163086
63112.042463232756,31.398000717163086
63112.10934841823,31.31399917602539
63112.1762336037,31.31399917602539
63112.24311878917,31.31399917602539
63112.31000397464,31.312999725341797
63112.376889160114,31.41900062561035
63112.443774345586,31.41900062561035
63112.51065953106,31.358999252319336
63112.57754471653,31.43899917602539
63112.644429902,31.43899917602539
63112.71131508747,31.43899917602539
63112.778200272944,31.367000579833984
63112.845085458415,31.367000579833984
63112.91197064389,31.406999588012695
63112.97885582936,31.406999588012695
63113.04574101483,31.388999938964844
63113.112626200294,31.388999938964844
63113.179511385766,31.388999938964844
63113.24639657124,31.416000366210938
63113.31328175671,31.42799949645996
63113.38016694218,31.42799949645996
63113.44705212765,31.398000717163086
63113.513937313124,31.398000717163086
63113.580822498596,31.398000717163086
63113.64770768407,31.350000381469727
63113.71459286954,31.36400032043457
63113.78147805501,31.36400032043457
63113.84836324048,31.3700008392334
63113.915248425954,31.3700008392334
63113.982133611426,31.3700008392334
63114.0490187969,31.267000198364258
63114.11590398237,31.222000122070312
63114.18278916784,31.222000122070312
63114.24967435331,31.273000717163086
63114.31655953878,31.273000717163086
63114.383444724255,31.273000717163086
63114.45032990973,31.33099937438965
63114.5172150952,31.31999969482422
63114.58410028067,31.31999969482422
63114.65098546614,31.386999130249023
63114.71787065161,31.386999130249023
63114.784755837085,31.386999130249023
63114.85164102256,31.3799991607666
63114.91852620803,31.413000106811523
63114.9854113935,31.413000106811523
63115.05229657897,31.427000045776367
63115.11918176444,31.433000564575195
63115.186066949915,31.433000564575195
63115.252952135386,31.433000564575195
63115.31983732085,31.433000564575195
63115.38672250632,31.32900047302246
63115.453607691794,31.461999893188477
63115.520492877265,31.461999893188477
63115.58737806274,31.41200065612793
63115.65426324821,31.41200065612793
63115.72114843368,31.427000045776367
63115.78803361915,31.427000045776367
63115.85491880462,31.427000045776367
63115.921803990095,31.291000366210938
63115.98868917557,31.374000549316406
63116.05557436104,31.374000549316406
63116.12245954651,31.40999984741211
63116.18934473198,31.40999984741211
63116.25622991745,31.40999984741211
63116.323115102925,31.354999542236328
63116.3900002884,31.402000427246094
63116.45688547387,31.402000427246094
63116.52377065934,31.386999130249023
63116.59065584481,31.386999130249023
63116.65754103028,31.386999130249023
63116.724426215755,31.30900001525879
63116.791311401226,31.31100082397461
63116.8581965867,31.31100082397461
63116.92508177217,31.275999069213867
63116.99196695764,31.368000030517578
63117.05885214311,31.368000030517578
63117.125737328584,31.368000030517578
63117.192622514056,31.368000030517578
63117.25950769953,31.301000595092773
63117.326392885,31.378000259399414
63117.39327807047,31.378000259399414
63117.46016325594,31.305999755859375
63117.52704844141,31.305999755859375
63117.59393362688,31.305999755859375
63117.66081881235,31.3799991607666
63117.72770399782,31.305999755859375
63117.79458918329,31.305999755859375
63117.861474368765,31.23900032043457
63117.92835955424,31.23900032043457
63117.99524473971,31.23900032043457
63118.06212992518,31.351999282836914
63118.12901511065,31.364999771118164
63118.19590029612,31.364999771118164
63118.262785481595,31.229000091552734
63118.329670667066,31.229000091552734
63118.39655585254,31.229000091552734
63118.46344103801,31.312000274658203
63118.53032622348,31.277000427246094
63118.59721140895,31.277000427246094
63118.664096594424,31.297000885009766
63118.730981779896,31.297000885009766
63118.79786696537,31.297000885009766
63118.86475215084,31.305999755859375
63118.93163733631,31.309999465942383
63118.99852252178,31.309999465942383
63119.065407707254,31.381999969482422
63119.132292892726,31.413999557495117
63119.1991780782,31.413999557495117
63119.26606326367,31.413999557495117
63119.33294844914,31.413999557495117
63119.39983363461,31.28499984741211
63119.466718820084,31.336000442504883
63119.533604005555,31.336000442504883
63119.60048919103,31.357999801635742
63119.6673743765,31.357999801635742
63119.73425956197,31.357999801635742
63119.801144747435,31.402999877929688
63119.868029932906,31.386999130249023
63119.93491511838,31.386999130249023
63120.00180030385,31.451000213623047
63120.06868548932,31.451000213623047
63120.13557067479,31.451000213623047
63120.202455860264,31.44300079345703
63120.269341045736,31.405000686645508
63120.33622623121,31.405000686645508
63120.40311141668,31.316999435424805
63120.46999660215,31.316999435424805
63120.53688178762,31.316999435424805
63120.603766973094,31.350000381469727
63120.670652158566,31.32900047302246
63120.73753734404,31.32900047302246
63120.80442252951,31.389999389648438
63120.87130771498,31.389999389648438
63120.93819290045,31.452999114990234
63121.005078085924,31.33799934387207
63121.071963271395,31.33799934387207
63121.13884845687,31.33799934387207
63121.20573364234,31.393999099731445
63121.27261882781,31.393999099731445
63121.33950401328,31.41900062561035
63121.40638919875,31.41900062561035
63121.473274384225,31.357999801635742
63121.5401595697,31.357999801635742
63121.60704475517,31.357999801635742
63121.67392994064,31.26099967956543
63121.74081512611,31.326000213623047
63121.80770031158,31.326000213623047
63121.874585497055,31.31800079345703
63121.94147068253,31.31800079345703
63122.00835586799,31.31800079345703
63122.07524105346,31.280000686645508
63122.142126238934,31.226999282836914
63122.209011424406,31.226999282836914
63122.27589660988,31.31100082397461
63122.34278179535,31.31100082397461
63122.40966698082,31.31100082397461
63122.47655216629,31.312000274658203
63122.543437351764,31.312000274658203
63122.610322537235,31.312000274658203
63122.67720772271,31.382999420166016
63122.74409290818,31.382999420166016
63122.81097809365,31.382999420166016
63122.87786327912,31.413999557495117
63122.94474846459,31.356000900268555
63123.011633650065,31.356000900268555
63123.07851883554,31.367000579833984
63123.14540402101,31.336000442504883
63123.21228920648,31.336000442504883
63123.27917439195,31.336000442504883
63123.34605957742,31.357999801635742
63123.412944762895,31.357999801635742
63123.47982994837,31.402999877929688
63123.54671513384,31.402999877929688
63123.61360031931,31.351999282836914
63123.68048550478,31.351999282836914
63123.74737069025,31.351999282836914
63123.814255875724,31.29400062561035
63123.881141061196,31.30500030517578
63123.94802624667,31.30500030517578
63124.01491143214,31.3799991607666
63124.08179661761,31.3799991607666
63124.14868180308,31.3799991607666
63124.21556698855,31.305999755859375
63124.28245217402,31.309999465942383
63124.34933735949,31.309999465942383
63124.41622254496,31.347000122070312
63124.48310773043,31.347000122070312
63124.549992915905,31.347000122070312
63124.61687810138,31.398000717163086
63124.68376328685,31.385000228881836
63124.75064847232,31.385000228881836
63124.81753365779,31.415000915527344
63124.88441884326,31.415000915527344
63124.951304028735,31.415000915527344
63125.018189214206,31.42799949645996
63125.08507439968,31.398000717163086
63125.15195958515,31.398000717163086
63125.21884477062,31.420000076293945
63125.28572995609,31.465999603271484
63125.352615141564,31.465999603271484
63125.419500327036,31.465999603271484
63125.48638551251,31.413999557495117
63125.55327069798,31.413999557495117
63125.62015588345,31.427000045776367
63125.68704106892,31.433000564575195
63125.753926254394,31.433000564575195
63125.820811439866,31.433000564575195
63125.88769662534,31.433000564575195
63125.95458181081,31.43600082397461
63126.02146699628,31.43600082397461
63126.08835218175,31.472000122070312
63126.155237367224,31.488000869750977
63126.222122552696,31.488000869750977
63126.28900773817,31.4950008392334
63126.35589292364,31.4950008392334
63126.4227781091,31.4950008392334
63126.489663294575,31.49799919128418
63126.556548480046,31.534000396728516
63126.62343366552,31.534000396728516
63126.69031885099,31.479000091552734
63126.75720403646,31.479000091552734
63126.82408922193,31.479000091552734
63126.890974407404,31.385000228881836
63126.957859592876,31.450000762939453
63127.02474477835,31.450000762939453
63127.09162996382,31.371999740600586
63127.15851514929,31.371999740600586
63127.22540033476,31.371999740600586
63127.292285520234,31.33799934387207
63127.359170705706,31.358999252319336
63127.42605589118,31.358999252319336
63127.49294107665,31.33300018310547
63127.55982626212,31.33300018310547
63127.62671144759,31.33300018310547
63127.693596633064,31.285999298095703
63127.760481818535,31.301000595092773
63127.82736700401,31.301000595092773
63127.89425218948,31.30699920654297
63127.96113737495,31.381000518798828
63128.02802256042,31.381000518798828
63128.09490774589,31.381000518798828
63128.161792931365,31.448999404907227
63128.22867811684,31.448999404907227
63128.29556330231,31.47800064086914
63128.36244848778,31.41900062561035
63128.42933367325,31.41900062561035
63128.49621885872,31.41900062561035
63128.563104044195,31.41900062561035
63128.62998922967,31.43000030517578
63128.69687441513,31.43400001525879
63128.7637596006,31.43400001525879
63128.830644786074,31.329999923706055
63128.897529971546,31.329999923706055
63128.96441515702,31.329999923706055
63129.03130034249,31.391000747680664
63129.09818552796,31.452999114990234
63129.16507071343,31.452999114990234
63129.231955898904,31.444000244140625
63129.298841084375,31.444000244140625
63129.36572626985,31.444000244140625
63129.43261145532,31.440000534057617
63129.49949664079,31.402999877929688
63129.56638182626,31.402999877929688
63129.63326701173,31.493999481201172
63129.700152197205,31.493999481201172
63129.76703738268,31.493999481201172
63129.83392256815,31.461999893188477
63129.90080775362,31.482999801635742
63129.96769293909,31.482999801635742
63130.03457812456,31.422000885009766
63130.101463310035,31.422000885009766
63130.16834849551,31.422000885009766
63130.23523368098,31.465999603271484
63130.30211886645,31.378999710083008
63130.36900405192,31.378999710083008
63130.43588923739,31.447999954223633
63130.502774422865,31.476999282836914
63130.569659608336,31.476999282836914
63130.63654479381,31.476999282836914
63130.70342997928,31.476999282836914
63130.77031516475,31.347999572753906
63130.83720035022,31.327999114990234
63130.90408553569,31.327999114990234
63130.97097072116,31.284000396728516
63131.03785590663,31.284000396728516
63131.1047410921,31.336000442504883
63131.17162627757,31.336000442504883
63131.238511463045,31.336000442504883
63131.30539664852,31.39299964904785
63131.37228183399,31.417999267578125
63131.43916701946,31.417999267578125
63131.50605220493,31.393999099731445
63131.5729373904,31.393999099731445
63131.639822575875,31.393999099731445
63131.70670776135,31.524999618530273
63131.77359294682,31.475000381469727
63131.84047813229,31.475000381469727
63131.90736331776,31.48900032043457
63131.97424850323,31.48900032043457
63132.041133688705,31.48900032043457
63132.108018874176,31.459999084472656
63132.17490405965,31.482999801635742
63132.24178924512,31.482999801635742
63132.30867443059,31.527999877929688
63132.37555961606,31.44099998474121
63132.442444801534,31.44099998474121
63132.509329987006,31.44099998474121
63132.57621517248,31.33300018310547
63132.64310035795,31.33300018310547
63132.70998554342,31.42799949645996
63132.77687072889,31.42799949645996
63132.843755914364,31.4689998626709
63132.910641099836,31.4689998626709
63132.97752628531,31.4689998626709
63133.04441147078,31.451000213623047
63133.11129665624,31.479000091552734
63133.178181841715,31.479000091552734
63133.24506702719,31.490999221801758
63133.31195221266,31.490999221801758
63133.37883739813,31.490999221801758
63133.4457225836,31.461000442504883
63133.51260776907,31.37700080871582
63133.579492954545,31.37700080871582
63133.646378140016,31.34000015258789
63133.71326332549,31.34000015258789
63133.78014851096,31.34000015258789
63133.84703369643,31.395000457763672
63133.9139188819,31.41900062561035
63133.980804067374,31.41900062561035
63134.047689252846,31.393999099731445
63134.11457443832,31.393999099731445
63134.18145962379,31.393999099731445
63134.24834480926,31.41900062561035
63134.31522999473,31.357999801635742
63134.382115180204,31.357999801635742
63134.449000365676,31.368000030517578
63134.51588555115,31.368000030517578
63134.58277073662,31.368000030517578
63134.64965592209,31.336000442504883
63134.71654110756,31.322999954223633
63134.783426293034,31.322999954223633
63134.850311478505,31.351999282836914
63134.91719666398,31.400999069213867
63134.98408184945,31.400999069213867
63135.05096703492,31.400999069213867
63135.11785222039,31.400999069213867
63135.18473740586,31.422000885009766
63135.251622591335,31.430999755859375
63135.3185077768,31.430999755859375
63135.38539296227,31.469999313354492
63135.45227814774,31.469999313354492
63135.519163333214,31.469999313354492
63135.586048518686,31.381000518798828
63135.65293370416,31.413000106811523
63135.71981888963,31.413000106811523
63135.7867040751,31.427000045776367
63135.85358926057,31.427000045776367
63135.920474446044,31.427000045776367
63135.987359631516,31.433000564575195
63136.05424481699,31.32900047302246
63136.12113000246,31.32900047302246
63136.18801518793,31.461999893188477
63136.2549003734,31.461999893188477
63136.321785558874,31.447999954223633
63136.388670744345,31.447999954223633
63136.45555592982,31.447999954223633
63136.52244111529,31.441999435424805
63136.58932630076,31.368999481201172
63136.65621148623,31.368999481201172
63136.7230966717,31.336999893188477
63136.789981857175,31.336999893188477
63136.85686704265,31.336999893188477
63136.92375222812,31.25200080871582
63136.99063741359,31.464000701904297
63137.05752259906,31.464000701904297
63137.12440778453,31.413000106811523
63137.191292970005,31.413000106811523
63137.258178155476,31.413000106811523
63137.32506334095,31.427000045776367
63137.39194852642,31.468000411987305
63137.45883371189,31.468000411987305
63137.52571889736,31.451000213623047
63137.59260408283,31.479000091552734
63137.6594892683,31.479000091552734
63137.72637445377,31.479000091552734
63137.79325963924,31.479000091552734
63137.860144824714,31.420000076293945
63137.927030010185,31.358999252319336
63137.99391519566,31.358999252319336
63138.06080038113,31.510000228881836
63138.1276855666,31.510000228881836
63138.19457075207,31.510000228881836
63138.26145593754,31.398000717163086
63138.328341123015,31.31399917602539
63138.39522630849,31.31399917602539
63138.46211149396,31.384000778198242
63138.52899667943,31.384000778198242
63138.5958818649,31.384000778198242
63138.66276705037,31.413999557495117
63138.729652235845,31.427000045776367
63138.796537421316,31.427000045776367
63138.86342260679,31.32699966430664
63138.93030779226,31.32699966430664
63138.99719297773,31.32699966430664
63139.0640781632,31.424999237060547
63139.130963348674,31.43199920654297
63139.197848534146,31.43199920654297
63139.26473371962,31.434999465942383
63139.33161890509,31.43600082397461
63139.39850409056,31.43600082397461
63139.46538927603,31.43600082397461
63139.532274461504,31.437000274658203
63139.599159646976,31.437000274658203
63139.66604483245,31.472999572753906
63139.73293001792,31.41699981689453
63139.79981520338,31.41699981689453
63139.866700388855,31.41699981689453
63139.93358557433,31.41699981689453
63140.0004707598,31.429000854492188
63140.06735594527,31.4689998626709
63140.13424113074,31.4689998626709
63140.20112631621,31.48699951171875
63140.268011501685,31.48699951171875
63140.334896687156,31.48699951171875
63140.40178187263,31.493999481201172
63140.4686670581,31.391000747680664
63140.53555224357,31.391000747680664
63140.60243742904,31.41699981689453
63140.669322614514,31.41699981689453
63140.736207799986,31.41699981689453
63140.80309298546,31.429000854492188
63140.86997817093,31.43400001525879
63140.9368633564,31.43400001525879
63141.00374854187,31.43600082397461
63141.070633727344,31.43600082397461
63141.137518912816,31.43600082397461
63141.20440409829,31.365999221801758
63141.27128928376,31.365999221801758
63141.33817446923,31.371000289916992
63141.4050596547,31.444000244140625
63141.471944840174,31.444000244140625
63141.538830025645,31.440000534057617
63141.60571521112,31.474000930786133
63141.67260039659,31.474000930786133
63141.73948558206,31.474000930786133
63141.80637076753,31.474000930786133
63141.873255953,31.452999114990234
63141.940141138475,31.444000244140625
63142.00702632394,31.444000244140625
63142.07391150941,31.47599983215332
63142.14079669488,31.47599983215332
63142.207681880354,31.47599983215332
63142.274567065826,31.45400047302246
63142.3414522513,31.479999542236328
63142.40833743677,31.479999542236328
63142.47522262224,31.527000427246094
63142.54210780771,31.527000427246094
63142.608992993184,31.527000427246094
63142.675878178656,31.44099998474121
63142.74276336413,31.43899917602539
63142.8096485496,31.43899917602539
63142.87653373507,31.474000930786133
63142.94341892054,31.474000930786133
63143.010304106014,31.474000930786133
63143.077189291485,31.48900032043457
63143.14407447696,31.56599998474121
63143.21095966243,31.56599998474121
63143.2778448479,31.56399917602539
63143.34473003337,31.56399917602539
63143.41161521884,31.56399917602539
63143.478500404315,31.492000579833984
63143.54538558979,31.461000442504883
63143.61227077526,31.461000442504883
63143.67915596073,31.482999801635742
63143.7460411462,31.56399917602539
63143.81292633167,31.56399917602539
63143.879811517145,31.56399917602539
63143.94669670262,31.56399917602539
63144.01358188809,31.492000579833984
63144.08046707356,31.531999588012695
63144.14735225903,31.531999588012695
63144.214237444496,31.47800064086914
63144.28112262997,31.47800064086914
63144.34800781544,31.47800064086914
63144.41489300091,31.562000274658203
63144.48177818638,31.490999221801758
63144.548663371854,31.490999221801758
63144.615548557325,31.424999237060547
63144.6824337428,31.424999237060547
63144.74931892827,31.424999237060547
63144.81620411374,31.43199920654297
63144.88308929921,31.36400032043457
63144.94997448468,31.36400032043457
63145.016859670155,31.3700008392334
63145.08374485563,31.3700008392334
63145.1506300411,31.3700008392334
63145.21751522657,31.408000946044922
63145.28440041204,31.408000946044922
63145.35128559751,31.381000518798828
63145.418170782985,31.381000518798828
63145.48505596846,31.381000518798828
63145.55194115393,31.413000106811523
63145.6188263394,31.49799919128418
63145.68571152487,31.49799919128418
63145.75259671034,31.499000549316406
63145.819481895815,31.429000854492188
63145.886367081286,31.429000854492188
63145.95325226676,31.429000854492188
63146.02013745223,31.398000717163086
63146.0870226377,31.398000717163086
63146.15390782317,31.45599937438965
63146.220793008644,31.516000747680664
63146.287678194116,31.516000747680664
63146.35456337959,30.486000061035156
63146.42144856506,31.400999069213867
63146.48833375052,31.400999069213867
63146.555218935995,31.400999069213867
63146.62210412147,31.35099983215332
63146.68898930694,31.47100067138672
63146.75587449241,31.47100067138672
63146.82275967788,31.48699951171875
63146.88964486335,31.48699951171875
63146.956530048825,31.48699951171875
63147.0234152343,31.458999633789062
63147.09030041977,31.44700050354004
63147.15718560524,31.44700050354004
63147.22407079071,31.441999435424805
63147.29095597618,31.441999435424805
63147.357841161655,31.441999435424805
63147.424726347126,31.40399932861328
63147.4916115326,31.42300033569336
63147.55849671807,31.42300033569336
63147.62538190354,31.466999053955078
63147.69226708901,31.466999053955078
63147.759152274484,31.466999053955078
63147.826037459956,31.450000762939453
63147.89292264543,31.513999938964844
63147.9598078309,31.513999938964844
63148.02669301637,31.57699966430664
63148.09357820184,31.461999893188477
63148.160463387314,31.461999893188477
63148.227348572786,31.461999893188477
63148.29423375826,31.413000106811523
63148.36111894373,31.413000106811523
63148.4280041292,31.461999893188477
63148.49488931467,31.461999893188477
63148.561774500144,31.447999954223633
63148.628659685615,31.447999954223633
63148.69554487108,31.447999954223633
63148.76243005655,31.441999435424805
63148.82931524202,31.475000381469727
63148.896200427494,31.475000381469727
63148.963085612966,31.48900032043457
63149.02997079844,31.48900032043457
63149.09685598391,31.48900032043457
63149.16374116938,31.56599998474121
63149.23062635485,31.493000030517578
63149.297511540324,31.493000030517578
63149.364396725796,31.533000946044922
63149.43128191127,31.533000946044922
63149.49816709674,31.533000946044922
63149.56505228221,31.6200008392334
63149.63193746768,31.58799934387207
63149.698822653154,31.58799934387207
63149.765707838626,31.643999099731445
63149.8325930241,31.643999099731445
63149.89947820957,31.643999099731445
63149.96636339504,31.527000427246094
63150.03324858051,31.511999130249023
63150.10013376598,31.511999130249023
63150.167018951455,31.611000061035156
63150.23390413693,31.583999633789062
63150.3007893224,31.583999633789062
63150.36767450787,31.583999633789062
63150.43455969334,31.583999633789062
63150.50144487881,31.535999298095703
63150.568330064285,31.586999893188477
63150.63521524976,31.586999893188477
63150.70210043523,31.53700065612793
63150.7689856207,31.53700065612793
63150.83587080617,31.53700065612793
63150.902755991636,31.481000900268555
63150.96964117711,31.42099952697754
63151.03652636258,31.42099952697754
63151.10341154805,31.53700065612793
63151.17029673352,31.53700065612793
63151.237181918994,31.53700065612793
63151.304067104466,31.479999542236328
63151.37095228994,31.45599937438965
63151.43783747541,31.45599937438965
63151.50472266088,31.40999984741211
63151.57160784635,31.40999984741211
63151.63849303182,31.496999740600586
63151.705378217295,31.496999740600586
63151.77226340277,31.496999740600586
63151.83914858824,31.46299934387207
63151.90603377371,31.413000106811523
63151.97291895918,31.413000106811523
63152.03980414465,31.427000045776367
63152.106689330125,31.427000045776367
63152.1735745156,31.427000045776367
63152.24045970107,31.503999710083008
63152.30734488654,31.607999801635742
63152.37423007201,31.607999801635742
63152.44111525748,31.51099967956543
63152.508000442955,31.576000213623047
63152.574885628426,31.576000213623047
63152.6417708139,31.576000213623047
63152.70865599937,31.533000946044922
63152.77554118484,31.533000946044922
63152.84242637031,31.621000289916992
63152.909311555784,31.621000289916992
63152.976196741256,31.58799934387207
63153.04308192673,31.58799934387207
63153.10996711219,31.58799934387207
63153.17685229766,31.572999954223633
63153.243737483135,31.63800048828125
63153.31062266861,31.63800048828125
63153.37750785408,31.52400016784668
63153.44439303955,31.52400016784668
63153.51127822502,31.52400016784668
63153.57816341049,31.58099937438965
63153.645048595965,31.429000854492188
63153.71193378144,31.429000854492188
63153.77881896691,31.4689998626709
63153.84570415238,31.4689998626709
63153.91258933785,31.4689998626709
63153.97947452332,31.416000366210938
63154.046359708795,31.499000549316406
63154.113244894266,31.499000549316406
63154.18013007974,31.464000701904297
63154.24701526521,31.464000701904297
63154.31390045068,31.464000701904297
63154.38078563615,31.520000457763672
63154.447670821624,31.54400062561035
63154.514556007096,31.54400062561035
63154.58144119257,31.483999252319336
63154.64832637804,31.483999252319336
63154.71521156351,31.483999252319336
63154.78209674898,31.457000732421875
63154.848981934454,31.517000198364258
63154.915867119926,31.517000198364258
63154.9827523054,31.577999114990234
63155.04963749087,31.534000396728516
63155.11652267634,31.534000396728516
63155.18340786181,31.534000396728516
63155.250293047284,31.514999389648438
63155.317178232755,31.514999389648438
63155.38406341822,31.506000518798828
63155.45094860369,31.506000518798828
63155.51783378916,31.43199920654297
63155.584718974635,31.43199920654297
63155.651604160106,31.43199920654297
63155.71848934558,31.47100067138672
63155.78537453105,31.558000564575195
63155.85225971652,31.558000564575195
63155.91914490199,31.524999618530273
63155.986030087464,31.524999618530273
63156.052915272936,31.524999618530273
63156.11980045841,31.475000381469727
63156.18668564388,31.45400047302246
63156.25357082935,31.45400047302246
63156.32045601482,31.516000747680664
63156.387341200294,31.516000747680664
63156.454226385766,31.516000747680664
63156.52111157124,31.506999969482422
63156.58799675671,31.506999969482422
63156.65488194218,31.466999053955078
63156.72176712765,31.450000762939453
63156.788652313124,31.450000762939453
63156.855537498595,31.479000091552734
63156.92242268407,31.490999221801758
63156.98930786954,31.490999221801758
63157.05619305501,31.490999221801758
63157.12307824048,31.490999221801758
63157.18996342595,31.461000442504883
63157.256848611425,31.51799964904785
63157.3237337969,31.51799964904785
63157.39061898237,31.472000122070312
63157.45750416784,31.472000122070312
63157.52438935331,31.472000122070312
63157.591274538776,31.52400016784668
63157.65815972425,31.40399932861328
63157.72504490972,31.40399932861328
63157.79193009519,31.351999282836914
63157.85881528066,31.351999282836914
63157.925700466134,31.351999282836914
63157.992585651606,31.47100067138672
63158.05947083708,31.523000717163086
63158.12635602255,31.523000717163086
63158.19324120802,31.510000228881836
63158.26012639349,31.510000228881836
63158.327011578964,31.510000228881836
63158.393896764435,31.611000061035156
63158.46078194991,31.58300018310547
63158.52766713538,31.58300018310547
63158.59455232085,31.57200050354004
63158.66143750632,31.601999282836914
63158.72832269179,31.601999282836914
63158.795207877265,31.601999282836914
63158.86209306274,31.54400062561035
63158.92897824821,31.54400062561035
63158.99586343368,31.695999145507812
63159.06274861915,31.695999145507812
63159.12963380462,31.6200008392334
63159.196518990095,31.6200008392334
63159.26340417557,31.6200008392334
63159.33028936104,31.694000244140625
63159.39717454651,31.583999633789062
63159.46405973198,31.583999633789062
63159.53094491745,31.64299964904785
63159.597830102924,31.64299964904785
63159.664715288396,31.64299964904785
63159.73160047387,31.70400047302246
63159.79848565934,31.58799934387207
63159.865370844804,31.58799934387207
63159.932256030275,31.608999252319336
63159.99914121575,31.608999252319336
63160.06602640122,31.608999252319336
63160.13291158669,31.58300018310547
63160.19979677216,31.535999298095703
63160.26668195763,31.535999298095703
63160.333567143105,31.514999389648438
63160.40045232858,31.514999389648438
63160.46733751405,31.514999389648438
63160.53422269952,31.54199981689453
63160.60110788499,31.589000701904297
63160.66799307046,31.589000701904297
63160.734878255935,31.573999404907227
63160.80176344141,31.573999404907227
63160.86864862688,31.573999404907227
63160.93553381235,31.566999435424805
63161.00241899782,31.52899932861328
63161.06930418329,31.52899932861328
63161.136189368764,31.618999481201172
63161.203074554236,31.621999740600586
63161.26995973971,31.621999740600586
63161.33684492518,31.621999740600586
63161.40373011065,31.621999740600586
63161.47061529612,31.51799964904785
63161.537500481594,31.472000122070312
63161.604385667066,31.472000122070312
63161.67127085254,31.488000869750977
63161.73815603801,31.488000869750977
63161.80504122348,31.56599998474121
63161.87192640895,31.56599998474121
63161.938811594424,31.56599998474121
63162.005696779896,31.56399917602539
63162.07258196536,31.527999877929688
63162.13946715083,31.527999877929688
63162.2063523363,31.511999130249023
63162.273237521775,31.511999130249023
63162.340122707246,31.511999130249023
63162.40700789272,31.61199951171875
63162.47389307819,31.583999633789062
63162.54077826366,31.583999633789062
63162.60766344913,31.46500015258789
63162.674548634604,31.46500015258789
63162.741433820076,31.46500015258789
63162.80831900555,31.485000610351562
63162.87520419102,31.493999481201172
63162.94208937649,31.493999481201172
63163.00897456196,31.533000946044922
63163.075859747434,31.479000091552734
63163.142744932906,31.479000091552734
63163.20963011838,31.479000091552734
63163.27651530385,31.454999923706055
63163.34340048932,31.454999923706055
63163.41028567479,31.481000900268555
63163.477170860264,31.562999725341797
63163.544056045735,31.562999725341797
63163.61094123121,31.562999725341797
63163.67782641668,31.562999725341797
63163.74471160215,31.492000579833984
63163.81159678762,31.566999435424805
63163.87848197309,31.566999435424805
63163.945367158565,31.493999481201172
63164.01225234404,31.493999481201172
63164.07913752951,31.493999481201172
63164.14602271498,31.461999893188477
63164.21290790045,31.447999954223633
63164.279793085916,31.447999954223633
63164.34667827139,31.54800033569336
63164.41356345686,31.54800033569336
63164.48044864233,31.54800033569336
63164.5473338278,31.520999908447266
63164.614219013274,31.474000930786133
63164.681104198746,31.474000930786133
63164.74798938422,31.48900032043457
63164.81487456969,31.48900032043457
63164.88175975516,31.48900032043457
63164.94864494063,31.56599998474121
63165.015530126104,31.599000930786133
63165.082415311575,31.599000930786133
63165.14930049705,31.507999420166016
63165.21618568252,31.538999557495117
63165.28307086799,31.538999557495117
63165.34995605346,31.538999557495117
63165.41684123893,31.552000045776367
63165.483726424405,31.552000045776367
63165.55061160988,31.558000564575195
63165.61749679535,31.59600067138672
63165.68438198082,31.59600067138672
63165.75126716629,31.59600067138672
63165.81815235176,31.59600067138672
63165.885037537235,31.506000518798828
63165.95192272271,31.573999404907227
63166.01880790818,31.573999404907227
63166.08569309365,31.63800048828125
63166.15257827912,31.63800048828125
63166.21946346459,31.63800048828125
63166.286348650065,31.666000366210938
63166.353233835536,31.60700035095215
63166.42011902101,31.60700035095215
63166.48700420647,31.687999725341797
63166.553889391944,31.687999725341797
63166.620774577415,31.687999725341797
63166.68765976289,31.58099937438965
63166.75454494836,31.53499984741211
63166.82143013383,31.53499984741211
63166.8883153193,31.621999740600586
63166.95520050477,31.621999740600586
63167.022085690245,31.58799934387207
63167.08897087572,31.58799934387207
63167.15585606119,31.58799934387207
63167.22274124666,31.503000259399414
63167.28962643213,31.607999801635742
63167.3565116176,31.607999801635742
63167.423396803075,31.547000885009766
63167.49028198855,31.547000885009766
63167.55716717402,31.547000885009766
63167.62405235949,31.590999603271484
63167.69093754496,31.538999557495117
63167.75782273043,31.538999557495117
63167.824707915905,31.48200035095215
63167.891593101376,31.492000579833984
63167.95847828685,31.492000579833984
63168.02536347232,31.492000579833984
63168.09224865779,31.492000579833984
63168.15913384326,31.531999588012695
63168.226019028734,31.584999084472656
63168.292904214206,31.584999084472656
63168.35978939968,31.607999801635742
63168.42667458515,31.607999801635742
63168.49355977062,31.607999801635742
63168.56044495609,31.617000579833984
63168.627330141564,31.656999588012695
63168.694215327036,31.656999588012695
63168.7611005125,31.56800079345703
63168.82798569797,31.56800079345703
63168.89487088344,31.56800079345703
63168.961756068915,31.493999481201172
63169.02864125439,31.638999938964844
63169.09552643986,31.638999938964844
63169.16241162533,31.66699981689453
63169.2292968108,31.66699981689453
63169.29618199627,31.66699981689453
63169.363067181745,31.57200050354004
63169.429952367216,31.5310001373291
63169.49683755269,31.5310001373291
63169.56372273816,31.583999633789062
63169.63060792363,31.57200050354004
63169.6974931091,31.57200050354004
63169.764378294574,31.57200050354004
63169.831263480046,31.496000289916992
63169.89814866552,31.496000289916992
63169.96503385099,31.639999389648438
63170.03191903646,31.639999389648438
63170.09880422193,31.70199966430664
63170.165689407404,31.70199966430664
63170.232574592876,31.70199966430664
63170.29945977835,31.764999389648438
63170.36634496382,31.68600082397461
63170.43323014929,31.68600082397461
63170.50011533476,31.545000076293945
63170.567000520234,31.545000076293945
63170.633885705705,31.545000076293945
63170.70077089118,31.55500030517578
63170.76765607665,31.594999313354492
63170.83454126212,31.594999313354492
63170.90142644759,31.64699935913086
63170.968311633056,31.64699935913086
63171.03519681853,31.64699935913086
63171.102082004,31.635000228881836
63171.16896718947,31.558000564575195
63171.23585237494,31.558000564575195
63171.302737560414,31.56100082397461
63171.369622745886,31.56100082397461
63171.43650793136,31.56100082397461
63171.50339311683,31.632999420166016
63171.5702783023,31.55699920654297
63171.63716348777,31.55699920654297
63171.704048673244,31.59600067138672
63171.770933858716,31.541000366210938
63171.83781904419,31.541000366210938
63171.90470422966,31.541000366210938
63171.97158941513,31.541000366210938
63172.0384746006,31.48200035095215
63172.105359786074,31.48200035095215
63172.172244971545,31.492000579833984
63172.23913015702,31.531999588012695
63172.30601534249,31.531999588012695
63172.37290052796,31.513999938964844
63172.43978571343,31.513999938964844
63172.5066708989,31.513999938964844
63172.573556084375,31.541000366210938
63172.64044126985,31.51799964904785
63172.70732645532,31.51799964904785
63172.77421164079,31.57900047302246
63172.84109682626,31.57900047302246
63172.90798201173,31.57900047302246
63172.974867197205,31.534000396728516
63173.041752382676,31.514999389648438
63173.10863756815,31.514999389648438
63173.17552275361,31.613000869750977
63173.242407939084,31.613000869750977
63173.309293124556,31.613000869750977
63173.37617831003,31.655000686645508
63173.4430634955,31.63800048828125
63173.50994868097,31.63800048828125
63173.57683386644,31.666000366210938
63173.643719051914,31.60700035095215
63173.710604237385,31.60700035095215
63173.77748942286,31.60700035095215
63173.84437460833,31.60700035095215
63173.9112597938,31.582000732421875
63173.97814497927,31.606000900268555
63174.04503016474,31.606000900268555
63174.111915350215,31.58099937438965
63174.17880053569,31.58099937438965
63174.24568572116,31.58099937438965
63174.31257090663,31.5
63174.3794560921,31.570999145507812
63174.44634127757,31.570999145507812
63174.513226463045,31.5310001373291
63174.580111648516,31.5310001373291
63174.64699683399,31.5310001373291
63174.71388201946,31.583999633789062
63174.78076720493,31.57200050354004
63174.8476523904,31.57200050354004
63174.914537575874,31.636999130249023
63174.981422761346,31.636999130249023
63175.04830794682,31.636999130249023
63175.11519313229,31.6299991607666
63175.18207831776,31.591999053955078
63175.24896350323,31.591999053955078
63175.315848688704,31.540000915527344
63175.38273387417,31.540000915527344
63175.44961905964,31.540000915527344
63175.51650424511,31.624000549316406
63175.58338943058,31.482999801635742
63175.650274616055,31.482999801635742
63175.71715980153,31.562999725341797
63175.784044987,31.562999725341797
63175.85093017247,31.492000579833984
63175.91781535794,31.492000579833984
63175.98470054341,31.492000579833984
63176.051585728885,31.60300064086914
63176.118470914356,31.509000778198242
63176.18535609983,31.509000778198242
63176.2522412853,31.610000610351562
63176.31912647077,31.610000610351562
63176.38601165624,31.610000610351562
63176.452896841714,31.618999481201172
63176.519782027186,31.586999893188477
63176.58666721266,31.586999893188477
63176.65355239813,31.466999053955078
63176.7204375836,31.466999053955078
63176.78732276907,31.466999053955078
63176.854207954544,31.450000762939453
63176.921093140016,31.513999938964844
63176.98797832549,31.513999938964844
63177.05486351096,31.541000366210938
63177.12174869643,31.541000366210938
63177.1886338819,31.589000701904297
63177.255519067374,31.589000701904297
63177.322404252845,31.589000701904297
63177.38928943832,31.573999404907227
63177.45617462379,31.60300064086914
63177.52305980926,31.60300064086914
63177.58994499473,31.614999771118164
63177.656830180196,31.621000289916992
63177.72371536567,31.621000289916992
63177.79060055114,31.621000289916992
63177.85748573661,31.481000900268555
63177.92437092208,31.481000900268555
63177.991256107554,31.492000579833984
63178.058141293026,31.492000579833984
63178.1250264785,31.531999588012695
63178.19191166397,31.531999588012695
63178.25879684944,31.531999588012695
63178.32568203491,31.584999084472656
63178.392567220384,31.607999801635742
63178.459452405856,31.607999801635742
63178.52633759133,31.617000579833984
63178.5932227768,31.617000579833984
63178.66010796227,31.617000579833984
63178.72699314774,31.514999389648438
63178.793878333214,31.47100067138672
63178.860763518685,31.47100067138672
63178.92764870416,31.523000717163086
63178.99453388963,31.523000717163086
63179.0614190751,31.523000717163086
63179.12830426057,31.652000427246094
63179.19518944604,31.636999130249023
63179.262074631515,31.636999130249023
63179.32895981699,31.55900001525879
63179.39584500246,31.55900001525879
63179.46273018793,31.55900001525879
63179.5296153734,31.631999969482422
63179.59650055887,31.663000106811523
63179.663385744345,31.663000106811523
63179.73027092982,31.677000045776367
63179.79715611529,31.677000045776367
63179.86404130075,31.677000045776367
63179.930926486224,31.683000564575195
63179.997811671696,31.68600082397461
63180.06469685717,31.68600082397461
63180.13158204264,31.757999420166016
63180.19846722811,31.68199920654297
63180.26535241358,31.68199920654297
63180.332237599054,31.68199920654297
63180.399122784525,31.57900047302246
63180.46600797,31.57900047302246
63180.53289315547,31.56999969482422
63180.59977834094,31.56999969482422
63180.66666352641,31.56599998474121
63180.73354871188,31.56599998474121
63180.800433897355,31.56599998474121
63180.86731908283,31.599000930786133
63180.9342042683,31.507999420166016
63181.00108945377,31.507999420166016
63181.06797463924,31.573999404907227
63181.13485982471,31.573999404907227
63181.201745010185,31.573999404907227
63181.26863019566,31.673999786376953
63181.33551538113,31.611000061035156
63181.4024005666,31.611000061035156
63181.46928575207,31.54800033569336
63181.53617093754,31.54800033569336
63181.603056123015,31.54800033569336
63181.669941308486,31.591999053955078
63181.73682649396,31.611000061035156
63181.80371167943,31.611000061035156
63181.8705968649,31.54800033569336
63181.93748205037,31.54800033569336
63182.004367235844,31.54800033569336
63182.07125242131,31.520999908447266
63182.13813760678,31.579999923706055
63182.20502279225,31.579999923706055
63182.27190797772,31.604999542236328
63182.338793163195,31.604999542236328
63182.40567834867,31.652000427246094
63182.47256353414,31.60099983215332
63182.53944871961,31.60099983215332
63182.60633390508,31.60099983215332
63182.67321909055,31.649999618530273
63182.740104276025,31.649999618530273
63182.8069894615,31.67099952697754
63182.87387464697,31.67099952697754
63182.94075983244,31.680999755859375
63183.00764501791,31.680999755859375
63183.07453020338,31.680999755859375
63183.141415388855,31.68400001525879
63183.208300574326,31.722000122070312
63183.2751857598,31.722000122070312
63183.34207094527,31.70199966430664
63183.40895613074,31.70199966430664
63183.47584131621,31.70199966430664
63183.542726501684,31.62299919128418
63183.609611687156,31.51799964904785
63183.67649687263,31.51799964904785
63183.7433820581,31.542999267578125
63183.81026724357,31.542999267578125
63183.87715242904,31.542999267578125
63183.944037614514,31.59000015258789
63184.010922799986,31.573999404907227
63184.07780798546,31.573999404907227
63184.14469317093,31.63800048828125
63184.2115783564,31.63800048828125
63184.278463541865,31.63800048828125
63184.34534872734,31.631000518798828
63184.41223391281,31.697999954223633
63184.47911909828,31.697999954223633
63184.54600428375,31.621000289916992
63184.61288946922,31.552000045776367
63184.679774654694,31.552000045776367
63184.746659840166,31.552000045776367
63184.81354502564,31.552000045776367
63184.88043021111,31.5939998626709
63184.94731539658,31.576000213623047
63185.01420058205,31.576000213623047
63185.081085767524,31.533000946044922
63185.147970952996,31.533000946044922
63185.21485613847,31.533000946044922
63185.28174132394,31.513999938964844
63185.34862650941,31.506000518798828
63185.41551169488,31.506000518798828
63185.482396880354,31.503000259399414
63185.549282065826,31.503000259399414
63185.6161672513,31.503000259399414
63185.68305243677,31.57200050354004
63185.74993762224,31.496000289916992
63185.81682280771,31.496000289916992
63185.88370799318,31.569000244140625
63185.950593178655,31.569000244140625
63186.01747836413,31.569000244140625
63186.0843635496,31.60099983215332
63186.15124873507,31.57900047302246
63186.21813392054,31.57900047302246
63186.28501910601,31.56999969482422
63186.351904291485,31.56999969482422
63186.41878947696,31.56999969482422
63186.48567466243,31.636999130249023
63186.55255984789,31.701000213623047
63186.619445033364,31.701000213623047
63186.686330218836,31.658000946044922
63186.75321540431,31.638999938964844
63186.82010058978,31.638999938964844
63186.88698577525,31.638999938964844
63186.95387096072,31.66699981689453
63187.020756146194,31.66699981689453
63187.087641331666,31.67799949645996
63187.15452651714,31.67799949645996
63187.22141170261,31.648000717163086
63187.28829688808,31.648000717163086
63187.35518207355,31.648000717163086
63187.42206725902,31.635000228881836
63187.488952444495,31.635000228881836
63187.55583762997,31.700000762939453
63187.62272281544,31.621999740600586
63187.68960800091,31.621999740600586
63187.75649318638,31.624000549316406
63187.82337837185,31.624000549316406
63187.890263557325,31.624000549316406
63187.9571487428,31.624000549316406
63188.02403392827,31.589000701904297
63188.09091911374,31.589000701904297
63188.15780429921,31.610000610351562
63188.22468948468,31.610000610351562
63188.291574670155,31.610000610351562
63188.358459855626,31.618000030517578
63188.4253450411,31.658000946044922
63188.49223022657,31.658000946044922
63188.55911541204,31.709999084472656
63188.62600059751,31.709999084472656
63188.692885782984,31.709999084472656
63188.75977096845,31.69700050354004
63188.82665615392,31.691999435424805
63188.89354133939,31.691999435424805
63188.96042652486,31.65399932861328
63189.027311710335,31.636999130249023
63189.09419689581,31.636999130249023
63189.16108208128,31.636999130249023
63189.22796726675,31.52400016784668
63189.29485245222,31.52400016784668
63189.36173763769,31.58099937438965
63189.428622823165,31.58099937438965
63189.49550800864,31.53499984741211
63189.56239319411,31.53499984741211
63189.62927837958,31.53499984741211
63189.69616356505,31.656999588012695
63189.76304875052,31.60300064086914
63189.829933935995,31.60300064086914
63189.896819121466,31.545000076293945
63189.96370430694,31.545000076293945
63190.03058949241,31.545000076293945
63190.09747467788,31.55500030517578
63190.16435986335,31.52400016784668
63190.231245048824,31.52400016784668
63190.298130234296,31.617000579833984
63190.36501541977,31.617000579833984
63190.43190060524,31.617000579833984
63190.49878579071,31.621000289916992
63190.56567097618,31.659000396728516
63190.632556161654,31.659000396728516
63190.699441347126,31.639999389648438
63190.7663265326,31.639999389648438
63190.83321171807,31.639999389648438
63190.90009690354,31.66699981689453
63190.966982089005,31.679000854492188
63191.03386727448,31.679000854492188
63191.10075245995,31.648000717163086
63191.16763764542,31.648000717163086
63191.23452283089,31.648000717163086
63191.30140801636,31.635000228881836
63191.368293201835,31.628999710083008
63191.435178387306,31.628999710083008
63191.50206357278,31.62700080871582
63191.56894875825,31.625999450683594
63191.63583394372,31.625999450683594
63191.70271912919,31.625999450683594
63191.769604314664,31.625999450683594
63191.836489500136,31.625
63191.90337468561,31.625
63191.97025987108,31.625
63192.03714505655,31.59000015258789
63192.10403024202,31.59000015258789
63192.170915427494,31.59000015258789
63192.237800612966,31.645000457763672
63192.30468579844,31.66900062561035
63192.37157098391,31.66900062561035
63192.43845616938,31.608999252319336
63192.50534135485,31.608999252319336
63192.572226540324,31.652999877929688
63192.639111725795,31.652999877929688
63192.70599691127,31.652999877929688
63192.77288209674,31.67300033569336
63192.83976728221,31.610000610351562
63192.90665246768,31.610000610351562
63192.97353765315,31.65399932861328
63193.040422838625,31.65399932861328
63193.1073080241,31.65399932861328
63193.17419320956,31.67300033569336
63193.24107839503,31.75200080871582
63193.307963580504,31.75200080871582
63193.374848765976,31.71500015258789
63193.44173395145,31.593000411987305
63193.50861913692,31.593000411987305
63193.57550432239,31.593000411987305
63193.64238950786,31.576000213623047
63193.709274693334,31.576000213623047
63193.776159878806,31.638999938964844
63193.84304506428,31.638999938964844
63193.90993024975,31.66699981689453
63193.97681543522,31.66699981689453
63194.04370062069,31.66699981689453
63194.110585806164,31.64299964904785
63194.177470991635,31.73900032043457
63194.24435617711,31.73900032043457
63194.31124136258,31.638999938964844
63194.37812654805,31.638999938964844
63194.44501173352,31.638999938964844
63194.51189691899,31.559999465942383
63194.578782104465,31.597000122070312
63194.64566728994,31.597000122070312
63194.71255247541,31.54199981689453
63194.77943766088,31.54199981689453
63194.84632284635,31.54199981689453
63194.91320803182,31.589000701904297
63194.980093217295,31.645000457763672
63195.04697840277,31.645000457763672
63195.11386358824,31.634000778198242
63195.18074877371,31.634000778198242
63195.24763395918,31.634000778198242
63195.31451914465,31.663999557495117
63195.381404330124,31.71299934387207
63195.44828951559,31.71299934387207
63195.51517470106,31.628000259399414
63195.58205988653,31.55500030517578
63195.648945072004,31.55500030517578
63195.715830257475,31.55500030517578
63195.78271544295,31.52400016784668
63195.84960062842,31.52400016784668
63195.91648581389,31.617000579833984
63195.98337099936,31.656999588012695
63196.05025618483,31.656999588012695
63196.117141370305,31.656999588012695
63196.18402655578,31.656999588012695
63196.25091174125,31.709999084472656
63196.31779692672,31.69700050354004
63196.38468211219,31.69700050354004
63196.45156729766,31.621000289916992
63196.518452483135,31.621000289916992
63196.58533766861,31.621000289916992
63196.65222285408,31.62299919128418
63196.71910803955,31.589000701904297
63196.78599322502,31.589000701904297
63196.85287841049,31.538000106811523
63196.919763595964,31.538000106811523
63196.986648781436,31.538000106811523
63197.05353396691,31.58799934387207
63197.12041915238,31.643999099731445
63197.18730433785,31.643999099731445
63197.25418952332,31.527000427246094
63197.321074708794,31.527000427246094
63197.387959894266,31.527000427246094
63197.45484507974,31.58300018310547
63197.52173026521,31.60700035095215
63197.58861545068,31.60700035095215
63197.655500636145,31.652999877929688
63197.72238582162,31.652999877929688
63197.78927100709,31.672000885009766
63197.85615619256,31.680999755859375
63197.92304137803,31.680999755859375
63197.9899265635,31.680999755859375
63198.056811748975,31.719999313354492
63198.123696934446,31.719999313354492
63198.19058211992,31.70199966430664
63198.25746730539,31.70199966430664
63198.32435249086,31.586999893188477
63198.39123767633,31.586999893188477
63198.458122861804,31.586999893188477
63198.525008047276,31.68000030517578
63198.59189323275,31.64900016784668
63198.65877841822,31.64900016784668
63198.72566360369,31.56399917602539
63198.79254878916,31.56399917602539
63198.859433974634,31.56399917602539
63198.926319160106,31.527999877929688
63198.99320434558,31.58300018310547
63199.06008953105,31.58300018310547
63199.12697471652,31.60700035095215
63199.19385990199,31.60700035095215
63199.260745087464,31.60700035095215
63199.327630272935,31.617000579833984
63199.39451545841,31.621999740600586
63199.46140064388,31.621999740600586
63199.52828582935,31.801000595092773
63199.59517101482,31.801000595092773
63199.66205620029,31.801000595092773
63199.728941385765,31.73699951171875
63199.79582657124,31.63800048828125
63199.8627117567,31.63800048828125
63199.92959694217,31.666000366210938
63199.996482127644,31.666000366210938
63200.063367313116,31.666000366210938
63200.13025249859,31.749000549316406
63200.19713768406,31.679000854492188
63200.26402286953,31.679000854492188
63200.330908055,31.7189998626709
63200.397793240474,31.55900001525879
63200.464678425946,31.55900001525879
63200.53156361142,31.55900001525879
63200.59844879689,31.55900001525879
63200.66533398236,31.56100082397461
63200.73221916783,31.632999420166016
63200.799104353304,31.632999420166016
63200.865989538775,31.593000411987305
63200.93287472425,31.593000411987305
63200.99975990972,31.593000411987305
63201.06664509519,31.576000213623047
63201.13353028066,31.56800079345703
63201.20041546613,31.56800079345703
63201.267300651605,31.63599967956543
63201.33418583708,31.63599967956543
63201.40107102255,31.63599967956543
63201.46795620802,31.5939998626709
63201.53484139349,31.61199951171875
63201.60172657896,31.61199951171875
63201.668611764435,31.583999633789062
63201.73549694991,31.583999633789062
63201.80238213538,31.583999633789062
63201.86926732085,31.535999298095703
63201.93615250632,31.586999893188477
63202.00303769179,31.586999893188477
63202.06992287726,31.572999954223633
63202.13680806273,31.572999954223633
63202.2036932482,31.572999954223633
63202.27057843367,31.63800048828125
63202.337463619144,31.73699951171875
63202.404348804615,31.73699951171875
63202.47123399009,31.743999481201172
63202.53811917556,31.711999893188477
63202.60500436103,31.711999893188477
63202.6718895465,31.711999893188477
63202.73877473197,31.711999893188477
63202.805659917445,31.697999954223633
63202.87254510292,31.697999954223633
63202.93943028839,31.621000289916992
63203.00631547386,31.659000396728516
63203.07320065933,31.659000396728516
63203.1400858448,31.746000289916992
63203.206971030275,31.746000289916992
63203.27385621575,31.746000289916992
63203.34074140122,31.71299934387207
63203.40762658669,31.733999252319336
63203.47451177216,31.733999252319336
63203.54139695763,31.70800018310547
63203.608282143105,31.70800018310547
63203.675167328576,31.70800018310547
63203.74205251405,31.660999298095703
63203.80893769952,31.604999542236328
63203.87582288499,31.604999542236328
63203.94270807046,31.652000427246094
63204.009593255934,31.652000427246094
63204.076478441406,31.652000427246094
63204.14336362688,31.60099983215332
63204.21024881235,31.614999771118164
63204.27713399782,31.614999771118164
63204.344019183285,31.621000289916992
63204.41090436876,31.621000289916992
63204.47778955423,31.621000289916992
63204.5446747397,31.62299919128418
63204.61155992517,31.55299949645996
63204.67844511064,31.55299949645996
63204.745330296115,31.665000915527344
63204.81221548159,31.642000198364258
63204.87910066706,31.642000198364258
63204.94598585253,31.642000198364258
63205.012871038,31.631999969482422
63205.07975622347,31.631999969482422
63205.146641408945,31.593000411987305
63205.213526594416,31.593000411987305
63205.28041177989,31.68199920654297
63205.34729696536,31.68199920654297
63205.41418215083,31.68199920654297
63205.4810673363,31.684999465942383
63205.547952521774,31.722000122070312
63205.614837707246,31.722000122070312
63205.68172289272,31.59600067138672
63205.74860807819,31.59600067138672
63205.81549326366,31.59600067138672
63205.88237844913,31.683000564575195
63205.949263634604,31.756999969482422
63206.016148820076,31.756999969482422
63206.08303400555,31.716999053955078
63206.14991919102,31.716999053955078
63206.21680437649,31.716999053955078
63206.28368956196,31.665000915527344
63206.350574747434,31.642000198364258
63206.417459932905,31.642000198364258
63206.48434511838,31.73900032043457
63206.55123030384,31.73900032043457
63206.61811548931,31.73900032043457
63206.685000674785,31.709999084472656
63206.751885860256,31.69700050354004
63206.81877104573,31.69700050354004
63206.8856562312,31.726999282836914
63206.95254141667,31.726999282836914
63207.01942660214,31.726999282836914
63207.086311787614,31.66900062561035
63207.153196973086,31.68000030517578
63207.22008215856,31.68000030517578
63207.28696734403,31.613000869750977
63207.3538525295,31.69099998474121
63207.42073771497,31.69099998474121
63207.487622900444,31.69099998474121
63207.554508085916,31.618000030517578
63207.62139327139,31.618000030517578
63207.68827845686,31.551000595092773
63207.75516364233,31.558000564575195
63207.8220488278,31.558000564575195
63207.888934013274,30.486000061035156
63207.955819198745,31.631000518798828
63208.02270438422,31.631000518798828
63208.08958956969,31.631000518798828
63208.15647475516,31.663000106811523
63208.22335994063,31.606000900268555
63208.2902451261,31.606000900268555
63208.357130311575,31.58099937438965
63208.42401549705,31.58099937438965
63208.49090068252,31.58099937438965
63208.55778586799,31.606000900268555
63208.62467105346,31.58099937438965
63208.69155623893,31.58099937438965
63208.758441424405,31.53499984741211
63208.82532660987,31.53499984741211
63208.89221179534,31.53499984741211
63208.95909698081,31.514999389648438
63209.025982166284,31.613000869750977
63209.092867351756,31.613000869750977
63209.15975253723,31.72599983215332
63209.2266377227,31.72599983215332
63209.29352290817,31.72599983215332
63209.36040809364,31.70400047302246
63209.427293279114,31.659000396728516
63209.494178464585,31.659000396728516
63209.56106365006,31.711000442504883
63209.62794883553,31.66200065612793
63209.694834021,31.66200065612793
63209.76171920647,31.66200065612793
63209.82860439194,31.641000747680664
63209.895489577415,31.641000747680664
63209.96237476289,31.66699981689453
63210.02925994836,31.66699981689453
63210.09614513383,31.75
63210.1630303193,31.75
63210.22991550477,31.75
63210.296800690245,31.714000701904297
63210.363685875716,31.663999557495117
63210.43057106119,31.663999557495117
63210.49745624666,31.71299934387207
63210.56434143213,31.71299934387207
63210.6312266176,31.71299934387207
63210.698111803074,31.697999954223633
63210.764996988546,31.691999435424805
63210.83188217402,31.691999435424805
63210.89876735949,31.618999481201172
63210.96565254496,31.618999481201172
63211.032537730425,31.618999481201172
63211.0994229159,31.551000595092773
63211.16630810137,31.628999710083008
63211.23319328684,31.628999710083008
63211.30007847231,31.62700080871582
63211.36696365778,31.62700080871582
63211.433848843255,31.62700080871582
63211.50073402873,31.660999298095703
63211.5676192142,31.641000747680664
63211.63450439967,31.641000747680664
63211.70138958514,31.66699981689453
63211.76827477061,31.66699981689453
63211.835159956085,31.66699981689453
63211.902045141556,31.679000854492188
63211.96893032703,31.648000717163086
63212.0358155125,31.648000717163086
63212.10270069797,31.635000228881836
63212.16958588344,31.700000762939453
63212.236471068914,31.700000762939453
63212.303356254386,31.700000762939453
63212.37024143986,31.586999893188477
63212.43712662533,31.586999893188477
63212.5040118108,31.679000854492188
63212.57089699627,31.679000854492188
63212.637782181744,31.7189998626709
63212.704667367216,31.7189998626709
63212.77155255269,31.7189998626709
63212.83843773816,31.77199935913086
63212.90532292363,31.795000076293945
63212.9722081091,31.795000076293945
63213.039093294574,31.770000457763672
63213.105978480045,31.770000457763672
63213.17286366552,31.757999420166016
63213.23974885098,31.757999420166016
63213.30663403645,31.757999420166016
63213.373519221925,31.64699935913086
63213.440404407396,31.70599937438965
63213.50728959287,31.70599937438965
63213.57417477834,31.69499969482422
63213.64105996381,31.69499969482422
63213.70794514928,31.69499969482422
63213.774830334754,31.72599983215332
63213.841715520226,31.774999618530273
63213.9086007057,31.774999618530273
63213.97548589117,31.725000381469727
63214.04237107664,31.667999267578125
63214.10925626211,31.667999267578125
63214.176141447584,31.667999267578125
63214.243026633056,31.667999267578125
63214.30991181853,31.71500015258789
63214.376797004,31.735000610351562
63214.44368218947,31.735000610351562
63214.51056737494,31.672000885009766
63214.577452560414,31.672000885009766
63214.644337745885,31.672000885009766
63214.71122293136,31.680999755859375
63214.77810811683,31.64900016784668
63214.8449933023,31.64900016784668
63214.91187848777,31.67099952697754
63214.97876367324,31.67099952697754
63215.045648858715,31.67099952697754
63215.11253404419,31.538999557495117
63215.17941922966,31.62299919128418
63215.24630441513,31.62299919128418
63215.3131896006,31.69499969482422
63215.38007478607,31.69499969482422
63215.44695997154,31.69499969482422
63215.51384515701,31.655000686645508
63215.58073034248,31.673999786376953
63215.64761552795,31.673999786376953
63215.714500713424,31.680999755859375
63215.781385898896,31.64900016784668
63215.84827108437,31.64900016784668
63215.91515626984,31.64900016784668
63215.98204145531,31.67099952697754
63216.04892664078,31.67099952697754
63216.115811826254,31.645000457763672
63216.182697011725,31.66900062561035
63216.2495821972,31.66900062561035
63216.31646738267,31.66900062561035
63216.38335256814,31.66900062561035
63216.45023775361,31.71500015258789
63216.51712293908,31.698999404907227
63216.584008124555,31.698999404907227
63216.65089331003,31.621999740600586
63216.7177784955,31.621999740600586
63216.78466368097,31.621999740600586
63216.85154886644,31.55299949645996
63216.91843405191,31.628999710083008
63216.985319237385,31.628999710083008
63217.05220442286,31.62700080871582
63217.11908960833,31.62700080871582
63217.1859747938,31.62700080871582
63217.25285997927,31.660999298095703
63217.31974516474,31.641000747680664
63217.386630350215,31.641000747680664
63217.453515535686,31.702999114990234
63217.52040072116,31.702999114990234
63217.58728590663,31.702999114990234
63217.6541710921,31.694000244140625
63217.721056277565,31.618999481201172
63217.78794146304,31.618999481201172
63217.85482664851,31.658000946044922
63217.92171183398,31.658000946044922
63217.98859701945,31.658000946044922
63218.05548220492,31.746000289916992
63218.122367390395,31.746000289916992
63218.18925257587,31.642000198364258
63218.25613776134,31.642000198364258
63218.32302294681,31.631999969482422
63218.38990813228,31.55699920654297
63218.45679331775,31.55699920654297
63218.523678503225,31.631000518798828
63218.5905636887,31.631000518798828
63218.65744887417,31.631000518798828
63218.72433405964,31.663000106811523
63218.79121924511,31.641000747680664
63218.85810443058,31.641000747680664
63218.924989616055,31.667999267578125
63218.991874801526,31.667999267578125
63219.058759987,31.667999267578125
63219.12564517247,31.679000854492188
63219.19253035794,31.57699966430664
63219.25941554341,31.57699966430664
63219.326300728884,31.569000244140625
63219.393185914356,31.569000244140625
63219.46007109983,31.569000244140625
63219.5269562853,31.672000885009766
63219.59384147077,31.75200080871582
63219.66072665624,31.75200080871582
63219.727611841714,31.68000030517578
63219.794497027186,31.68000030517578
63219.86138221266,31.68000030517578
63219.92826739812,31.68400001525879
63219.99515258359,31.722000122070312
63220.062037769065,31.722000122070312
63220.12892295454,31.773000717163086
63220.19580814001,31.773000717163086
63220.26269332548,31.773000717163086
63220.32957851095,31.65399932861328
63220.39646369642,31.67300033569336
63220.463348881894,31.67300033569336
63220.530234067366,31.716999053955078
63220.59711925284,31.700000762939453
63220.66400443831,31.700000762939453
63220.73088962378,31.700000762939453
63220.79777480925,31.700000762939453
63220.864659994724,31.621999740600586
63220.931545180196,31.659000396728516
63220.99843036567,31.659000396728516
63221.06531555114,31.639999389648438
63221.13220073661,31.639999389648438
63221.19908592208,31.639999389648438
63221.265971107554,31.66699981689453
63221.332856293026,31.679000854492188
63221.3997414785,31.679000854492188
63221.46662666397,31.613000869750977
63221.53351184944,31.613000869750977
63221.60039703491,31.613000869750977
63221.667282220384,31.72599983215332
63221.734167405855,31.70400047302246
63221.80105259133,31.70400047302246
63221.8679377768,31.659000396728516
63221.93482296227,31.659000396728516
63222.00170814774,31.659000396728516
63222.06859333321,31.604000091552734
63222.13547851868,31.687000274658203
63222.20236370415,31.687000274658203
63222.26924888962,31.687000274658203
63222.33613407509,31.687000274658203
63222.403019260564,31.687000274658203
63222.469904446036,31.757999420166016
63222.53678963151,31.718000411987305
63222.60367481698,31.718000411987305
63222.67056000245,31.77199935913086
63222.73744518792,31.759000778198242
63222.804330373394,31.759000778198242
63222.871215558866,31.759000778198242
63222.93810074434,31.753999710083008
63223.00498592981,31.753999710083008
63223.07187111528,31.680999755859375
63223.13875630075,31.684999465942383
63223.20564148622,31.684999465942383
63223.272526671695,30.486000061035156
63223.33941185717,31.68600082397461
63223.40629704264,31.68600082397461
63223.47318222811,31.68600082397461
63223.54006741358,31.58099937438965
63223.60695259905,31.606000900268555
63223.673837784525,31.606000900268555
63223.74072297,31.652000427246094
63223.80760815547,31.652000427246094
63223.87449334094,31.652000427246094
63223.94137852641,31.672000885009766
63224.00826371188,31.645000457763672
63224.075148897355,31.645000457763672
63224.142034082826,31.597999572753906
63224.2089192683,31.597999572753906
63224.27580445377,31.597999572753906
63224.342689639234,31.719999313354492
63224.409574824705,31.701000213623047
63224.47646001018,31.701000213623047
63224.54334519565,31.694000244140625
63224.61023038112,31.694000244140625
63224.67711556659,31.694000244140625
63224.74400075206,31.655000686645508
63224.810885937535,31.708999633789062
63224.87777112301,31.708999633789062
63224.94465630848,31.73200035095215
63225.01154149395,31.600000381469727
63225.07842667942,31.600000381469727
63225.14531186489,31.600000381469727
63225.212197050365,31.600000381469727
63225.27908223584,31.61400032043457
63225.34596742131,31.726999282836914
63225.41285260678,31.726999282836914
63225.47973779225,31.70400047302246
63225.54662297772,31.70400047302246
63225.613508163195,31.70400047302246
63225.680393348666,31.729999542236328
63225.74727853414,31.70599937438965
63225.81416371961,31.70599937438965
63225.88104890508,31.70599937438965
63225.94793409055,31.676000595092773
63226.014819276024,31.576000213623047
63226.081704461496,31.576000213623047
63226.14858964697,31.674999237060547
63226.21547483244,31.674999237060547
63226.28236001791,31.674999237060547
63226.34924520338,31.611000061035156
63226.416130388854,31.690000534057617
63226.483015574326,31.690000534057617
63226.5499007598,31.724000930786133
63226.61678594526,31.724000930786133
63226.68367113073,31.724000930786133
63226.750556316205,31.667999267578125
63226.81744150168,31.679000854492188
63226.88432668715,31.679000854492188
63226.95121187262,31.648000717163086
63227.01809705809,31.67099952697754
63227.08498224356,31.67099952697754
63227.151867429035,31.67099952697754
63227.218752614506,31.67099952697754
63227.28563779998,31.645000457763672
63227.35252298545,31.739999771118164
63227.41940817092,31.739999771118164
63227.48629335639,31.638999938964844
63227.553178541864,31.638999938964844
63227.620063727336,31.628000259399414
63227.68694891281,31.628000259399414
63227.75383409828,31.69700050354004
63227.82071928375,31.69700050354004
63227.88760446922,31.69700050354004
63227.954489654694,31.6560001373291
63228.021374840166,31.673999786376953
63228.08826002564,31.673999786376953
63228.15514521111,31.716999053955078
63228.22203039658,31.716999053955078
63228.28891558205,31.770999908447266
63228.355800767524,31.770999908447266
63228.422685952995,31.770999908447266
63228.48957113847,31.759000778198242
63228.55645632394,31.7189998626709
63228.62334150941,31.7189998626709
63228.69022669488,31.80699920654297
63228.75711188035,31.80699920654297
63228.82399706582,31.80699920654297
63228.89088225129,31.84600067138672
63228.95776743676,31.756000518798828
63229.02465262223,31.756000518798828
63229.091537807704,31.716999053955078
63229.158422993176,31.80699920654297
63229.22530817865,31.80699920654297
63229.29219336412,31.80699920654297
63229.35907854959,31.73900032043457
63229.42596373506,31.73900032043457
63229.492848920534,31.709999084472656
63229.559734106006,31.709999084472656
63229.62661929148,31.69700050354004
63229.69350447695,31.69700050354004
63229.76038966242,31.69700050354004
63229.82727484789,31.726999282836914
63229.894160033364,31.775999069213867
63229.961045218835,31.775999069213867
63230.02793040431,31.655000686645508
63230.09481558978,31.655000686645508
63230.16170077525,31.655000686645508
63230.22858596072,31.743999481201172
63230.29547114619,31.711999893188477
63230.362356331665,31.711999893188477
63230.42924151714,31.663000106811523
63230.49612670261,31.663000106811523
63230.56301188808,31.663000106811523
63230.62989707355,31.74799919128418
63230.69678225902,31.67799949645996
63230.763667444495,31.67799949645996
63230.83055262997,31.613000869750977
63230.89743781544,31.613000869750977
63230.96432300091,31.613000869750977
63231.031208186374,31.6200008392334
63231.098093371846,31.658000946044922
63231.16497855732,31.658000946044922
63231.23186374279,31.604000091552734
63231.29874892826,31.604000091552734
63231.36563411373,31.604000091552734
63231.432519299204,31.615999221801758
63231.499404484675,31.586000442504883
63231.56628967015,31.586000442504883
63231.63317485562,31.64299964904785
63231.70006004109,31.632999420166016
63231.76694522656,31.632999420166016
63231.83383041203,31.632999420166016
63231.900715597505,31.632999420166016
63231.96760078298,31.663999557495117
63232.03448596845,31.642000198364258
63232.10137115392,31.642000198364258
63232.16825633939,31.667999267578125
63232.23514152486,31.667999267578125
63232.302026710335,31.667999267578125
63232.36891189581,31.679000854492188
63232.43579708128,31.7189998626709
63232.50268226675,31.7189998626709
63232.56956745222,31.701000213623047
63232.63645263769,31.701000213623047
63232.703337823164,31.701000213623047
63232.770223008636,31.658000946044922
63232.83710819411,31.638999938964844
63232.90399337958,31.638999938964844
63232.97087856505,31.738000869750977
63233.03776375052,31.738000869750977
63233.104648935994,31.738000869750977
63233.171534121466,31.780000686645508
63233.23841930693,31.780000686645508
63233.3053044924,31.691999435424805
63233.37218967787,31.58300018310547
63233.439074863345,31.58300018310547
63233.50596004882,31.71299934387207
63233.57284523429,31.71299934387207
63233.63973041976,31.71299934387207
63233.70661560523,31.770000457763672
63233.7735007907,31.722999572753906
63233.840385976175,31.722999572753906
63233.907271161646,31.702999114990234
63233.97415634712,31.729999542236328
63234.04104153259,31.729999542236328
63234.10792671806,31.729999542236328
63234.17481190353,31.729999542236328
63234.241697089004,31.635000228881836
63234.308582274476,31.665000915527344
63234.37546745995,31.665000915527344
63234.44235264542,31.60700035095215
63234.50923783089,31.60700035095215
63234.57612301636,31.60700035095215
63234.643008201834,31.687999725341797
63234.709893387306,31.687999725341797
63234.77677857278,31.687999725341797
63234.84366375825,31.687999725341797
63234.91054894372,31.687999725341797
63234.97743412919,31.687999725341797
63235.044319314664,31.617000579833984
63235.111204500135,31.656999588012695
63235.17808968561,31.656999588012695
63235.24497487108,31.638999938964844
63235.31186005655,31.638999938964844
63235.37874524202,31.638999938964844
63235.44563042749,31.73699951171875
63235.51251561296,31.780000686645508
63235.57940079843,31.780000686645508
63235.6462859839,31.72800064086914
63235.71317116937,31.72800064086914
63235.780056354844,31.72800064086914
63235.846941540316,31.704999923706055
63235.91382672579,31.766000747680664
63235.98071191126,31.766000747680664
63236.04759709673,31.79199981689453
63236.1144822822,31.804000854492188
63236.181367467674,31.804000854492188
63236.248252653146,31.804000854492188
63236.31513783862,31.631000518798828
63236.38202302409,31.631000518798828
63236.44890820956,31.733999252319336
63236.51579339503,31.733999252319336
63236.582678580504,31.850000381469727
63236.649563765975,31.850000381469727
63236.71644895145,31.850000381469727
63236.78333413692,31.82900047302246
63236.85021932239,31.854999542236328
63236.91710450786,31.854999542236328
63236.98398969333,31.795000076293945
63237.050874878805,31.795000076293945
63237.11776006428,31.795000076293945
63237.18464524975,31.733999252319336
63237.25153043522,31.743000030517578
63237.31841562069,31.743000030517578
63237.38530080616,31.781999588012695
63237.452185991635,31.781999588012695
63237.51907117711,31.781999588012695
63237.58595636258,31.658000946044922
63237.65284154805,31.746000289916992
63237.719726733514,31.746000289916992
63237.786611918986,31.71299934387207
63237.85349710446,31.71299934387207
63237.92038228993,31.71299934387207
63237.9872674754,31.697999954223633
63238.05415266087,31.586000442504883
63238.121037846344,31.586000442504883
63238.187923031815,31.679000854492188
63238.25480821729,31.7549991607666
63238.32169340276,31.7549991607666
63238.38857858823,30.486000061035156
63238.4554637737,31.716999053955078
63238.52234895917,31.716999053955078
63238.589234144645,31.716999053955078
63238.65611933012,31.700000762939453
63238.72300451559,31.798999786376953
63238.78988970106,31.798999786376953
63238.85677488653,31.770999908447266
63238.923660072,31.770999908447266
63238.990545257475,31.770999908447266
63239.05743044295,31.652999877929688
63239.12431562842,31.67300033569336
63239.19120081389,31.67300033569336
63239.25808599936,31.75200080871582
63239.32497118483,31.75200080871582
63239.391856370305,31.75200080871582
63239.458741555776,31.785999298095703
63239.52562674125,31.729999542236328
63239.59251192672,31.729999542236328
63239.65939711219,31.67099952697754
63239.72628229766,31.67099952697754
63239.793167483134,31.67099952697754
63239.860052668606,31.68000030517578
63239.92693785407,31.7549991607666
63239.99382303954,31.7549991607666
63240.06070822501,31.716999053955078
63240.127593410485,31.770999908447266
63240.19447859596,31.770999908447266
63240.26136378143,31.770999908447266
63240.3282489669,31.724000930786133
63240.39513415237,31.724000930786133
63240.46201933784,31.667999267578125
63240.528904523315,31.714000701904297
63240.59578970879,31.714000701904297
63240.66267489426,31.714000701904297
63240.72956007973,31.714000701904297
63240.7964452652,31.770000457763672
63240.86333045067,31.829999923706055
63240.930215636145,31.829999923706055
63240.997100821616,31.749000549316406
63241.06398600709,31.749000549316406
63241.13087119256,31.749000549316406
63241.19775637803,31.75
63241.2646415635,31.75
63241.331526748974,31.75
63241.398411934446,31.714000701904297
63241.46529711992,31.714000701904297
63241.53218230539,31.714000701904297
63241.59906749086,31.770000457763672
63241.66595267633,31.687999725341797
63241.732837861804,31.687999725341797
63241.799723047276,31.687999725341797
63241.86660823275,31.687999725341797
63241.93349341822,31.687999725341797
63242.00037860369,31.722999572753906
63242.06726378916,31.66699981689453
63242.13414897463,31.66699981689453
63242.2010341601,31.57200050354004
63242.26791934557,31.57200050354004
63242.33480453104,31.57200050354004
63242.40168971651,31.63800048828125
63242.468574901985,31.77199935913086
63242.535460087456,31.77199935913086
63242.60234527293,31.724000930786133
63242.6692304584,31.724000930786133
63242.73611564387,31.724000930786133
63242.80300082934,31.809999465942383
63242.869886014814,31.739999771118164
63242.936771200286,31.739999771118164
63243.00365638576,31.816999435424805
63243.07054157123,31.77899932861328
63243.1374267567,31.77899932861328
63243.20431194217,31.77899932861328
63243.271197127644,31.77899932861328
63243.338082313116,31.761999130249023
63243.40496749859,31.791000366210938
63243.47185268406,31.791000366210938
63243.53873786953,31.874000549316406
63243.605623055,31.874000549316406
63243.672508240474,31.76799964904785
63243.739393425945,31.76799964904785
63243.80627861142,31.76799964904785
63243.87316379689,31.757999420166016
63243.94004898236,31.788999557495117
63244.00693416783,31.788999557495117
63244.0738193533,31.731000900268555
63244.140704538775,31.731000900268555
63244.20758972425,31.731000900268555
63244.27447490972,31.63599967956543
63244.34136009519,31.665000915527344
63244.408245280654,31.665000915527344
63244.475130466126,31.749000549316406
63244.5420156516,31.749000549316406
63244.60890083707,31.749000549316406
63244.67578602254,31.78499984741211
63244.74267120801,31.729999542236328
63244.809556393484,31.729999542236328
63244.876441578956,31.740999221801758
63244.94332676443,31.781999588012695
63245.0102119499,31.781999588012695
63245.07709713537,31.781999588012695
63245.14398232084,31.781999588012695
63245.210867506314,31.763999938964844
63245.277752691785,31.756000518798828
63245.34463787726,31.756000518798828
63245.41152306273,31.753000259399414
63245.4784082482,31.753000259399414
63245.54529343367,31.753000259399414
63245.61217861914,31.78700065612793
63245.679063804615,31.801000595092773
63245.74594899009,31.801000595092773
63245.81283417556,31.808000564575195
63245.87971936103,31.808000564575195
63245.9466045465,31.808000564575195
63246.01348973197,31.809999465942383
63246.080374917445,31.882999420166016
63246.147260102916,31.882999420166016
63246.21414528839,31.77199935913086
63246.28103047386,31.77199935913086
63246.34791565933,31.77199935913086
63246.4148008448,31.829999923706055
63246.481686030274,31.78499984741211
63246.548571215746,31.78499984741211
63246.61545640121,31.729999542236328
63246.68234158668,31.729999542236328
63246.74922677215,31.729999542236328
63246.816111957625,31.70599937438965
63246.8829971431,31.766000747680664
63246.94988232857,31.766000747680664
63247.01676751404,31.756999969482422
63247.08365269951,31.788999557495117
63247.15053788498,31.788999557495117
63247.217423070455,31.788999557495117
63247.28430825593,31.788999557495117
63247.3511934414,31.695999145507812
63247.41807862687,31.6560001373291
63247.48496381234,31.6560001373291
63247.55184899781,31.673999786376953
63247.618734183285,31.673999786376953
63247.685619368756,31.673999786376953
63247.75250455423,31.822999954223633
63247.8193897397,31.711000442504883
63247.88627492517,31.711000442504883
63247.95316011064,31.732999801635742
63248.020045296114,31.732999801635742
63248.086930481586,31.732999801635742
63248.15381566706,31.707000732421875
63248.22070085253,31.731000900268555
63248.287586038,31.731000900268555
63248.35447122347,31.742000579833984
63248.421356408944,31.742000579833984
63248.488241594416,31.742000579833984
63248.55512677989,31.746999740600586
63248.62201196536,31.746999740600586
63248.68889715083,31.71299934387207
63248.7557823363,31.84000015258789
63248.82266752177,31.84000015258789
63248.88955270724,31.788999557495117
63248.95643789271,31.767000198364258
63249.02332307818,31.767000198364258
63249.09020826365,31.767000198364258
63249.157093449125,31.68600082397461
63249.223978634596,31.68600082397461
63249.29086382007,31.757999420166016
63249.35774900554,31.757999420166016
63249.42463419101,31.788999557495117
63249.49151937648,31.788999557495117
63249.558404561954,31.788999557495117
63249.625289747426,31.767000198364258
63249.6921749329,31.756999969482422
63249.75906011837,31.756999969482422
63249.82594530384,31.823999404907227
63249.89283048931,31.823999404907227
63249.959715674784,31.823999404907227
63250.026600860256,31.746999740600586
63250.09348604573,31.67799949645996
63250.1603712312,31.67799949645996
63250.22725641667,31.7189998626709
63250.29414160214,31.7189998626709
63250.361026787614,31.7189998626709
63250.427911973085,31.701000213623047
63250.49479715856,31.763999938964844
63250.56168234403,31.763999938964844
63250.6285675295,31.72100067138672
63250.69545271497,31.72100067138672
63250.76233790044,31.72100067138672
63250.829223085915,31.70199966430664
63250.89610827139,31.694000244140625
63250.96299345686,31.694000244140625
63251.02987864232,31.690000534057617
63251.096763827794,31.68899917602539
63251.163649013266,31.68899917602539
63251.23053419874,31.68899917602539
63251.29741938421,31.687999725341797
63251.36430456968,31.687999725341797
63251.43118975515,31.79400062561035
63251.498074940624,31.79400062561035
63251.564960126096,31.733999252319336
63251.63184531157,31.733999252319336
63251.69873049704,31.733999252319336
63251.76561568251,31.672000885009766
63251.83250086798,31.78700065612793
63251.899386053454,31.78700065612793
63251.966271238925,31.802000045776367
63252.0331564244,31.802000045776367
63252.10004160987,31.802000045776367
63252.16692679534,31.808000564575195
63252.23381198081,31.739999771118164
63252.30069716628,31.739999771118164
63252.367582351755,31.81599998474121
63252.43446753723,31.81599998474121
63252.5013527227,31.81599998474121
63252.56823790817,31.885000228881836
63252.63512309364,31.808000564575195
63252.70200827911,31.808000564575195
63252.768893464585,31.84600067138672
63252.83577865006,31.84600067138672
63252.90266383553,31.84600067138672
63252.969549021,31.863000869750977
63253.03643420647,31.8700008392334
63253.10331939194,31.8700008392334
63253.170204577415,31.836999893188477
63253.237089762886,31.858999252319336
63253.30397494835,31.858999252319336
63253.37086013382,31.858999252319336
63253.437745319294,31.72599983215332
63253.504630504765,31.72599983215332
63253.57151569024,31.70400047302246
63253.63840087571,31.70400047302246
63253.70528606118,31.766000747680664
63253.77217124665,31.766000747680664
63253.83905643212,31.756999969482422
63253.905941617595,31.756999969482422
63253.97282680307,31.756999969482422
63254.03971198854,31.788000106811523
63254.10659717401,31.695999145507812
63254.17348235948,31.695999145507812
63254.24036754495,31.726999282836914
63254.307252730425,31.726999282836914
63254.3741379159,31.726999282836914
63254.44102310137,31.70400047302246
63254.50790828684,31.766000747680664
63254.57479347231,31.766000747680664
63254.64167865778,31.72100067138672
63254.708563843255,31.72100067138672
63254.775449028726,31.72100067138672
63254.8423342142,31.70199966430664
63254.90921939967,31.694000244140625
63254.97610458514,31.694000244140625
63255.04298977061,31.76099967956543
63255.109874956084,31.76099967956543
63255.176760141556,31.76099967956543
63255.24364532703,31.7549991607666
63255.3105305125,31.716999053955078
63255.37741569797,31.716999053955078
63255.44430088344,31.770999908447266
63255.51118606891,31.829999923706055
63255.57807125438,31.829999923706055
63255.64495643985,31.829999923706055
63255.71184162532,31.829999923706055
63255.77872681079,31.749000549316406
63255.845611996265,31.820999145507812
63255.91249718174,31.820999145507812
63255.97938236721,31.81599998474121
63256.04626755268,31.81599998474121
63256.11315273815,31.81599998474121
63256.18003792362,31.885000228881836
63256.246923109094,31.915000915527344
63256.313808294566,31.915000915527344
63256.38069348004,31.92799949645996
63256.44757866551,31.92799949645996
63256.51446385098,31.92799949645996
63256.58134903645,31.898000717163086
63256.648234221924,31.81399917602539
63256.715119407396,31.81399917602539
63256.78200459287,31.849000930786133
63256.84888977834,31.849000930786133
63256.91577496381,31.849000930786133
63256.98266014928,31.827999114990234
63257.049545334754,31.74799919128418
63257.116430520226,31.74799919128418
63257.1833157057,31.749000549316406
63257.25020089117,31.749000549316406
63257.31708607664,31.749000549316406
63257.38397126211,31.78499984741211
63257.450856447584,31.729999542236328
63257.517741633055,31.729999542236328
63257.58462681853,31.740999221801758
63257.651512004,31.746000289916992
63257.71839718947,31.746000289916992
63257.785282374934,31.746000289916992
63257.852167560406,31.746000289916992
63257.91905274588,31.74799919128418
63257.98593793135,31.714000701904297
63258.05282311682,31.714000701904297
63258.11970830229,31.80500030517578
63258.186593487764,31.80500030517578
63258.253478673236,31.80500030517578
63258.32036385871,31.80900001525879
63258.38724904418,31.775999069213867
63258.45413422965,31.775999069213867
63258.52101941512,31.72599983215332
63258.587904600594,31.72599983215332
63258.654789786066,31.72599983215332
63258.72167497154,31.809999465942383
63258.78856015701,31.775999069213867
63258.85544534248,31.775999069213867
63258.92233052795,31.72599983215332
63258.98921571342,31.72599983215332
63259.056100898895,31.809999465942383
63259.12298608437,31.809999465942383
63259.18987126984,31.809999465942383
63259.25675645531,31.882999420166016
63259.32364164078,31.80699920654297
63259.39052682625,31.80699920654297
63259.457412011725,31.84600067138672
63259.5242971972,31.84600067138672
63259.59118238267,31.84600067138672
63259.65806756814,31.86199951171875
63259.72495275361,31.8700008392334
63259.79183793908,31.8700008392334
63259.858723124555,31.87299919128418
63259.925608310026,31.839000701904297
63259.99249349549,31.839000701904297
63260.05937868096,31.839000701904297
63260.126263866434,31.68199920654297
63260.193149051905,31.68199920654297
63260.26003423738,31.756000518798828
63260.32691942285,31.858999252319336
63260.39380460832,31.858999252319336
63260.46068979379,31.858999252319336
63260.52757497926,31.858999252319336
63260.594460164735,31.83300018310547
63260.66134535021,31.785999298095703
63260.72823053568,31.785999298095703
63260.79511572115,31.801000595092773
63260.86200090662,31.801000595092773
63260.92888609209,31.801000595092773
63260.995771277565,31.80699920654297
63261.06265646304,31.84600067138672
63261.12954164851,31.84600067138672
63261.19642683398,31.756000518798828
63261.26331201945,31.756000518798828
63261.33019720492,31.756000518798828
63261.397082390395,31.823999404907227
63261.463967575866,31.746000289916992
63261.53085276134,31.746000289916992
63261.59773794681,31.71299934387207
63261.66462313228,31.71299934387207
63261.73150831775,31.71299934387207
63261.798393503224,31.698999404907227
63261.865278688696,31.76300048828125
63261.93216387417,31.76300048828125
63261.99904905964,31.756000518798828
63262.06593424511,31.756000518798828
63262.13281943058,31.756000518798828
63262.19970461605,31.716999053955078
63262.26658980152,31.770999908447266
63262.33347498699,31.770999908447266
63262.40036017246,31.829999923706055
63262.46724535793,31.64299964904785
63262.534130543405,31.64299964904785
63262.60101572888,31.64299964904785
63262.66790091435,31.774999618530273
63262.73478609982,31.774999618530273
63262.80167128529,31.79599952697754
63262.86855647076,31.79599952697754
63262.935441656235,31.840999603271484
63263.002326841706,31.840999603271484
63263.06921202718,31.840999603271484
63263.13609721265,31.825000762939453
63263.20298239812,31.781999588012695
63263.26986758359,31.781999588012695
63263.336752769064,31.9060001373291
63263.403637954536,31.9060001373291
63263.47052314001,31.9060001373291
63263.53740832548,31.923999786376953
63263.60429351095,31.790000915527344
63263.67117869642,31.790000915527344
63263.738063881894,31.80299949645996
63263.804949067366,31.80299949645996
63263.87183425284,31.80299949645996
63263.93871943831,31.70199966430664
63264.00560462378,31.70199966430664
63264.07248980925,31.799999237060547
63264.139374994724,31.77199935913086
63264.206260180195,31.77199935913086
63264.27314536567,31.795000076293945
63264.34003055114,31.795000076293945
63264.4069157366,31.795000076293945
63264.473800922075,31.768999099731445
63264.540686107546,31.82900047302246
63264.60757129302,31.82900047302246
63264.67445647849,31.784000396728516
63264.74134166396,31.799999237060547
63264.80822684943,31.799999237060547
63264.875112034904,31.799999237060547
63264.941997220376,31.799999237060547
63265.00888240585,31.77199935913086
63265.07576759132,31.759000778198242
63265.14265277679,31.759000778198242
63265.20953796226,31.753999710083008
63265.276423147734,31.753999710083008
63265.343308333206,31.753999710083008
63265.41019351868,31.715999603271484
63265.47707870415,31.700000762939453
63265.54396388962,31.700000762939453
63265.61084907509,31.798999786376953
63265.677734260564,31.798999786376953
63265.744619446035,31.798999786376953
63265.81150463151,31.841999053955078
63265.87838981698,31.753999710083008
63265.94527500245,31.753999710083008
63266.01216018792,31.857999801635742
63266.07904537339,31.857999801635742
63266.145930558865,31.857999801635742
63266.21281574434,31.902999877929688
63266.27970092981,31.81599998474121
63266.34658611528,31.81599998474121
63266.41347130075,31.70800018310547
63266.48035648622,31.70800018310547
63266.547241671695,31.70800018310547
63266.61412685717,31.80299949645996
63266.68101204263,31.8439998626709
63266.7478972281,31.8439998626709
63266.814782413574,31.861000061035156
63266.881667599046,31.79800033569336
63266.94855278452,31.79800033569336
63267.01543796999,31.79800033569336
63267.08232315546,31.735000610351562
63267.14920834093,31.735000610351562
63267.216093526404,31.77899932861328
63267.282978711875,31.77899932861328
63267.34986389735,31.833999633789062
63267.41674908282,31.833999633789062
63267.48363426829,31.833999633789062
63267.55051945376,31.750999450683594
63267.61740463923,31.820999145507812
63267.684289824705,31.820999145507812
63267.75117501018,31.851999282836914
63267.81806019565,31.851999282836914
63267.88494538112,31.851999282836914
63267.95183056659,31.899999618530273
63268.01871575206,31.780000686645508
63268.085600937535,31.780000686645508
63268.15248612301,31.79800033569336
63268.21937130848,31.79800033569336
63268.28625649395,31.79800033569336
63268.35314167942,31.87700080871582
63268.42002686489,31.80500030517578
63268.486912050364,31.80500030517578
63268.553797235836,31.77400016784668
63268.62068242131,31.77400016784668
63268.68756760678,31.77400016784668
63268.75445279225,31.760000228881836
63268.82133797772,31.753999710083008
63268.88822316319,31.753999710083008
63268.95510834866,31.715999603271484
63269.02199353413,31.715999603271484
63269.0888787196,31.715999603271484
63269.15576390507,31.735000610351562
63269.222649090545,31.735000610351562
63269.28953427602,31.735000610351562
63269.35641946149,31.82900047302246
63269.42330464696,31.82900047302246
63269.49018983243,31.784000396728516
63269.5570750179,31.799999237060547
63269.623960203375,31.799999237060547
63269.690845388846,31.799999237060547
63269.75773057432,31.799999237060547
63269.82461575979,31.80699920654297
63269.89150094526,31.809999465942383
63269.95838613073,31.809999465942383
63270.025271316204,31.775999069213867
63270.092156501676,31.775999069213867
63270.15904168715,31.775999069213867
63270.22592687262,31.72599983215332
63270.29281205809,31.84600067138672
63270.35969724356,31.84600067138672
63270.426582429034,31.791000366210938
63270.493467614506,31.791000366210938
63270.56035279998,31.791000366210938
63270.62723798545,31.73200035095215
63270.69412317092,31.672000885009766
63270.76100835639,31.672000885009766
63270.827893541864,31.715999603271484
63270.894778727336,31.715999603271484
63270.96166391281,31.715999603271484
63271.02854909828,31.770999908447266
63271.09543428374,31.759000778198242
63271.162319469215,31.759000778198242
63271.229204654686,31.753999710083008
63271.29608984016,31.753999710083008
63271.36297502563,31.753999710083008
63271.4298602111,31.857999801635742
63271.49674539657,31.797000885009766
63271.563630582044,31.797000885009766
63271.630515767516,31.805999755859375
63271.69740095299,31.809999465942383
63271.76428613846,31.809999465942383
63271.83117132393,31.809999465942383
63271.8980565094,31.809999465942383
63271.964941694874,31.847000122070312
63272.031826880346,31.82699966430664
63272.09871206582,31.82699966430664
63272.16559725129,31.854000091552734
63272.23248243676,31.854000091552734
63272.29936762223,31.854000091552734
63272.366252807704,31.795000076293945
63272.433137993175,31.84000015258789
63272.50002317865,31.84000015258789
63272.56690836412,31.825000762939453
63272.63379354959,31.825000762939453
63272.70067873506,31.825000762939453
63272.76756392053,31.781999588012695
63272.834449106005,31.763999938964844
63272.90133429148,31.763999938964844
63272.96821947695,31.82699966430664
63273.03510466242,31.82699966430664
63273.10198984789,31.82699966430664
63273.16887503336,31.924999237060547
63273.235760218835,31.861000061035156
63273.3026454043,31.861000061035156
63273.36953058977,31.79800033569336
63273.43641577524,31.79800033569336
63273.503300960714,31.79800033569336
63273.570186146186,31.841999053955078
63273.63707133166,31.895999908447266
63273.70395651713,31.895999908447266
63273.7708417026,31.849000930786133
63273.83772688807,31.827999114990234
63273.904612073544,31.827999114990234
63273.971497259015,31.827999114990234
63274.03838244449,31.827999114990234
63274.10526762996,31.819000244140625
63274.17215281543,31.815000534057617
63274.2390380009,31.815000534057617
63274.30592318637,31.743000030517578
63274.372808371845,31.743000030517578
63274.43969355732,31.781999588012695
63274.50657874279,31.781999588012695
63274.57346392826,31.781999588012695
63274.64034911373,31.8700008392334
63274.7072342992,31.87299919128418
63274.774119484675,31.87299919128418
63274.84100467015,31.76799964904785
63274.90788985562,31.76799964904785
63274.97477504109,31.76799964904785
63275.04166022656,31.86400032043457
63275.10854541203,31.834999084472656
63275.175430597505,31.834999084472656
63275.242315782976,31.78700065612793
63275.30920096845,31.78700065612793
63275.37608615392,31.78700065612793
63275.44297133939,31.729999542236328
63275.50985652486,31.812000274658203
63275.57674171033,31.812000274658203
63275.6436268958,31.812000274658203
63275.71051208127,31.812000274658203
63275.77739726674,31.812000274658203
63275.84428245221,31.742000579833984
63275.911167637685,31.816999435424805
63275.97805282316,31.816999435424805
63276.04493800863,31.850000381469727
63276.1118231941,31.82900047302246
63276.17870837957,31.82900047302246
63276.24559356504,31.82900047302246
63276.312478750515,31.82900047302246
63276.37936393599,31.784000396728516
63276.44624912146,31.764999389648438
63276.51313430693,31.764999389648438
63276.5800194924,31.79199981689453
63276.64690467787,31.79199981689453
63276.713789863345,31.79199981689453
63276.780675048816,31.839000701904297
63276.84756023429,31.753000259399414
63276.91444541976,31.753000259399414
63276.98133060523,31.82200050354004
63277.0482157907,31.82200050354004
63277.115100976174,31.82200050354004
63277.181986161646,31.851999282836914
63277.24887134712,31.759000778198242
63277.31575653259,31.759000778198242
63277.38264171806,31.788999557495117
63277.44952690353,31.788999557495117
63277.516412089004,31.788999557495117
63277.583297274476,31.73200035095215
63277.65018245995,31.742000579833984
63277.71706764542,31.742000579833984
63277.78395283088,31.781999588012695
63277.850838016355,31.763999938964844
63277.91772320183,31.763999938964844
63277.9846083873,31.763999938964844
63278.05149357277,31.72100067138672
63278.11837875824,31.72100067138672
63278.18526394371,31.773000717163086
63278.252149129185,31.724000930786133
63278.319034314656,31.724000930786133
63278.38591950013,31.724000930786133
63278.4528046856,31.724000930786133
63278.51968987107,31.73900032043457
63278.58657505654,31.886999130249023
63278.653460242014,31.886999130249023
63278.720345427486,31.844999313354492
63278.78723061296,31.844999313354492
63278.85411579843,31.844999313354492
63278.9210009839,31.756000518798828
63278.98788616937,31.75200080871582
63279.054771354844,31.75200080871582
63279.121656540316,31.82200050354004
63279.18854172579,31.82200050354004
63279.25542691126,31.82200050354004
63279.32231209673,31.816999435424805
63279.3891972822,31.816999435424805
63279.456082467674,31.743000030517578
63279.522967653145,31.783000946044922
63279.58985283862,31.783000946044922
63279.65673802409,31.8700008392334
63279.72362320956,31.8700008392334
63279.79050839503,31.8700008392334
63279.8573935805,31.979000091552734
63279.924278765975,31.849000930786133
63279.99116395144,31.849000930786133
63280.05804913691,31.86400032043457
63280.12493432238,31.976999282836914
63280.191819507854,31.976999282836914
63280.258704693326,31.976999282836914
63280.3255898788,31.976999282836914
63280.39247506427,31.882999420166016
63280.45936024974,31.77199935913086
63280.52624543521,31.77199935913086
63280.593130620684,31.724000930786133
63280.660015806156,31.724000930786133
63280.72690099163,31.724000930786133
63280.7937861771,31.77400016784668
63280.86067136257,31.79599952697754
63280.92755654804,31.79599952697754
63280.994441733514,31.840999603271484
63281.061326918985,31.840999603271484
63281.12821210446,31.840999603271484
63281.19509728993,31.788999557495117
63281.2619824754,31.83799934387207
63281.32886766087,31.83799934387207
63281.39575284634,31.753000259399414
63281.462638031815,31.753000259399414
63281.52952321729,31.753000259399414
63281.59640840276,31.78700065612793
63281.66329358823,31.801000595092773
63281.7301787737,31.801000595092773
63281.79706395917,31.843000411987305
63281.863949144645,31.843000411987305
63281.930834330116,31.843000411987305
63281.99771951559,31.7549991607666
63282.06460470106,31.788000106811523
63282.13148988653,31.788000106811523
63282.198375071996,31.731000900268555
63282.26526025747,31.812999725341797
63282.33214544294,31.812999725341797
63282.39903062841,31.812999725341797
63282.46591581388,31.742000579833984
63282.532800999354,31.742000579833984
63282.599686184825,31.85300064086914
63282.6665713703,31.85300064086914
63282.73345655577,31.829999923706055
63282.80034174124,31.829999923706055
63282.86722692671,31.829999923706055
63282.93411211218,31.81999969482422
63283.000997297655,31.81599998474121
63283.06788248313,31.81599998474121
63283.1347676686,31.849000930786133
63283.20165285407,31.849000930786133
63283.26853803954,31.849000930786133
63283.33542322501,31.792999267578125
63283.402308410485,31.804000854492188
63283.469193595956,31.804000854492188
63283.53607878143,31.80900001525879
63283.6029639669,31.80900001525879
63283.66984915237,31.80900001525879
63283.73673433784,31.84600067138672
63283.803619523314,31.898000717163086
63283.870504708786,31.898000717163086
63283.93738989426,31.850000381469727
63284.00427507973,31.850000381469727
63284.0711602652,31.850000381469727
63284.13804545067,31.757999420166016
63284.204930636144,31.788999557495117
63284.271815821616,31.788999557495117
63284.33870100709,31.802000045776367
63284.40558619256,31.802000045776367
63284.47247137802,31.802000045776367
63284.539356563495,31.8439998626709
63284.60624174897,31.8439998626709
63284.67312693444,31.8439998626709
63284.74001211991,31.75200080871582
63284.80689730538,31.75200080871582
63284.87378249085,31.82200050354004
63284.940667676325,31.816999435424805
63285.007552861796,31.816999435424805
63285.07443804727,31.816999435424805
63285.14132323274,31.816999435424805
63285.20820841821,31.850000381469727
63285.27509360368,31.82900047302246
63285.341978789154,31.82900047302246
63285.408863974626,31.749000549316406
63285.4757491601,31.749000549316406
63285.54263434557,31.749000549316406
63285.60951953104,31.78499984741211
63285.67640471651,31.729999542236328
63285.743289901984,31.729999542236328
63285.810175087456,31.777000427246094
63285.87706027293,31.777000427246094
63285.9439454584,31.777000427246094
63286.01083064387,31.797000885009766
63286.07771582934,31.87700080871582
63286.144601014814,31.87700080871582
63286.211486200285,31.84000015258789
63286.27837138576,31.84000015258789
63286.34525657123,31.84000015258789
63286.4121417567,31.788999557495117
63286.47902694217,31.909000396728516
63286.54591212764,31.909000396728516
63286.612797313115,31.924999237060547
63286.67968249858,31.861000061035156
63286.74656768405,31.861000061035156
63286.81345286952,31.861000061035156
63286.880338054994,31.726999282836914
63286.947223240466,31.726999282836914
63287.01410842594,31.775999069213867
63287.08099361141,31.775999069213867
63287.14787879688,31.832000732421875
63287.21476398235,31.832000732421875
63287.281649167824,31.856000900268555
63287.348534353296,31.83099937438965
63287.41541953877,31.83099937438965
63287.48230472424,31.856000900268555
63287.54918990971,31.856000900268555
63287.61607509518,31.902000427246094
63287.682960280654,31.780000686645508
63287.749845466125,31.780000686645508
63287.8167306516,31.691999435424805
63287.88361583707,31.691999435424805
63287.95050102254,31.691999435424805
63288.01738620801,31.725000381469727
63288.08427139348,31.667999267578125
63288.151156578955,31.667999267578125
63288.21804176443,31.679000854492188
63288.2849269499,31.679000854492188
63288.35181213537,31.679000854492188
63288.41869732084,31.790000915527344
63288.48558250631,31.80299949645996
63288.552467691785,31.80299949645996
63288.61935287726,31.70199966430664
63288.68623806273,31.799999237060547
63288.7531232482,31.799999237060547
63288.82000843367,31.799999237060547
63288.886893619136,31.80699920654297
63288.95377880461,31.80699920654297
63289.02066399008,31.881000518798828
63289.08754917555,31.878000259399414
63289.15443436102,31.878000259399414
63289.221319546494,31.878000259399414
63289.288204731965,31.878000259399414
63289.35508991744,31.875999450683594
63289.42197510291,31.84000015258789
63289.48886028838,31.84000015258789
63289.55574547385,31.930999755859375
63289.62263065932,31.930999755859375
63289.689515844795,31.89900016784668
63289.75640103027,31.89900016784668
63289.82328621574,31.89900016784668
63289.89017140121,31.850000381469727
63289.95705658668,31.687000274658203
63290.02394177215,31.687000274658203
63290.090826957625,31.79400062561035
63290.1577121431,31.79400062561035
63290.22459732857,31.79400062561035
63290.29148251404,31.804000854492188
63290.35836769951,31.80900001525879
63290.42525288498,31.80900001525879
63290.492138070455,31.775999069213867
63290.559023255926,31.775999069213867
63290.6259084414,31.775999069213867
63290.69279362687,31.79599952697754
63290.75967881234,31.805999755859375
63290.82656399781,31.805999755859375
63290.893449183284,31.809999465942383
63290.960334368756,31.809999465942383
63291.02721955423,31.809999465942383
63291.09410473969,31.739999771118164
63291.16098992516,31.7810001373291
63291.227875110635,31.7810001373291
63291.29476029611,31.798999786376953
63291.36164548158,31.798999786376953
63291.42853066705,31.798999786376953
63291.49541585252,31.770999908447266
63291.56230103799,31.795000076293945
63291.629186223465,31.795000076293945
63291.69607140894,31.84000015258789
63291.76295659441,31.84000015258789
63291.82984177988,31.823999404907227
63291.89672696535,31.823999404907227
63291.96361215082,31.823999404907227
63292.030497336295,31.81800079345703
63292.097382521766,31.850000381469727
63292.16426770724,31.850000381469727
63292.23115289271,31.792999267578125
63292.29803807818,31.792999267578125
63292.36492326365,31.792999267578125
63292.431808449124,31.804000854492188
63292.498693634596,31.738000869750977
63292.56557882007,31.738000869750977
63292.63246400554,31.85099983215332
63292.69934919101,31.85099983215332
63292.76623437648,31.85099983215332
63292.833119561954,31.93600082397461
63292.900004747426,31.900999069213867
63292.9668899329,31.900999069213867
63293.03377511837,31.957000732421875
63293.10066030384,31.957000732421875
63293.16754548931,31.957000732421875
63293.234430674784,32.016998291015625
63293.301315860255,31.93600082397461
63293.36820104572,31.93600082397461
63293.43508623119,31.902000427246094
63293.50197141666,31.902000427246094
63293.568856602134,31.902000427246094
63293.635741787606,31.886999130249023
63293.70262697308,31.915000915527344
63293.76951215855,31.915000915527344
63293.83639734402,31.82200050354004
63293.90328252949,31.81599998474121
63293.970167714964,31.81599998474121
63294.037052900436,31.81599998474121
63294.10393808591,31.77899932861328
63294.17082327138,31.77899932861328
63294.23770845685,31.868999481201172
63294.30459364232,31.868999481201172
63294.371478827794,31.871999740600586
63294.438364013266,31.871999740600586
63294.50524919874,31.871999740600586
63294.57213438421,31.80299949645996
63294.63901956968,31.80299949645996
63294.70590475515,31.808000564575195
63294.77278994062,31.84600067138672
63294.839675126095,31.84600067138672
63294.90656031157,31.863000869750977
63294.97344549704,31.863000869750977
63295.04033068251,31.863000869750977
63295.10721586798,31.8700008392334
63295.17410105345,31.87299919128418
63295.240986238925,31.87299919128418
63295.3078714244,31.94499969482422
63295.37475660987,31.905000686645508
63295.44164179534,31.905000686645508
63295.50852698081,31.905000686645508
63295.575412166276,31.905000686645508
63295.64229735175,31.781999588012695
63295.70918253722,31.834999084472656
63295.77606772269,31.834999084472656
63295.84295290816,31.964000701904297
63295.909838093634,31.964000701904297
63295.976723279105,31.964000701904297
63296.04360846458,31.948999404907227
63296.11049365005,31.871999740600586
63296.17737883552,31.871999740600586
63296.24426402099,31.909000396728516
63296.31114920646,31.909000396728516
63296.378034391935,31.909000396728516
63296.44491957741,31.924999237060547
63296.51180476288,31.89699935913086
63296.57868994835,31.89699935913086
63296.64557513382,31.920000076293945
63296.71246031929,31.920000076293945
63296.779345504765,31.920000076293945
63296.84623069024,32.000999450683594
63296.91311587571,31.893999099731445
63296.98000106118,31.893999099731445
63297.04688624665,31.847999572753906
63297.11377143212,31.847999572753906
63297.180656617595,31.847999572753906
63297.247541803066,31.756999969482422
63297.31442698854,31.823999404907227
63297.38131217401,31.823999404907227
63297.44819735948,31.85300064086914
63297.51508254495,31.759000778198242
63297.581967730424,31.759000778198242
63297.648852915896,31.759000778198242
63297.71573810137,31.788999557495117
63297.78262328683,31.788999557495117
63297.8495084723,31.87299919128418
63297.916393657775,31.87299919128418
63297.98327884325,31.80299949645996
63298.05016402872,31.80299949645996
63298.11704921419,31.80299949645996
63298.18393439966,31.878999710083008
63298.25081958513,31.87700080871582
63298.317704770605,31.87700080871582
63298.38458995608,31.910999298095703
63298.45147514155,31.910999298095703
63298.51836032702,31.910999298095703
63298.58524551249,31.926000595092773
63298.65213069796,31.86199951171875
63298.719015883435,31.86199951171875
63298.785901068906,31.868999481201172
63298.85278625438,31.868999481201172
63298.91967143985,31.868999481201172
63298.98655662532,31.87299919128418
63299.05344181079,31.94499969482422
63299.120326996264,31.94499969482422
63299.187212181736,31.905000686645508
63299.25409736721,31.905000686645508
63299.32098255268,31.905000686645508
63299.38786773815,31.923999786376953
63299.45475292362,31.930999755859375
63299.521638109094,31.930999755859375
63299.588523294566,31.969999313354492
63299.65540848004,31.98699951171875
63299.72229366551,31.98699951171875
63299.78917885098,31.781999588012695
63299.85606403645,31.781999588012695
63299.922949221924,31.781999588012695
63299.98983440739,31.834999084472656
63300.05671959286,31.834999084472656
63300.12360477833,31.82200050354004
63300.1904899638,31.88800048828125
63300.257375149275,31.88800048828125
63300.324260334746,31.88800048828125
63300.39114552022,31.88800048828125
63300.45803070569,31.916000366210938
63300.52491589116,31.92799949645996
63300.59180107663,31.92799949645996
63300.658686262104,31.79199981689453
63300.725571447576,31.79199981689453
63300.79245663305,31.79199981689453
63300.85934181852,31.839000701904297
63300.92622700399,31.858999252319336
63300.99311218946,31.858999252319336
63301.059997374934,31.90399932861328
63301.126882560406,31.90399932861328
63301.19376774588,31.90399932861328
63301.26065293135,31.92300033569336
63301.32753811682,31.788999557495117
63301.39442330229,31.788999557495117
63301.461308487764,31.83799934387207
63301.528193673235,31.83799934387207
63301.59507885871,31.83799934387207
63301.66196404418,31.893999099731445
63301.72884922965,31.847999572753906
63301.79573441512,31.847999572753906
63301.86261960059,31.827999114990234
63301.929504786065,31.827999114990234
63301.99638997154,31.827999114990234
63302.06327515701,31.854999542236328
63302.13016034248,31.937000274658203
63302.19704552795,31.937000274658203
63302.263930713416,31.937000274658203
63302.33081589889,31.79599952697754
63302.39770108436,31.79599952697754
63302.46458626983,31.79599952697754
63302.5314714553,31.770000457763672
63302.598356640774,31.770000457763672
63302.665241826246,31.79400062561035
63302.73212701172,31.79400062561035
63302.79901219719,31.804000854492188
63302.86589738266,31.804000854492188
63302.93278256813,31.804000854492188
63302.999667753604,31.915000915527344
63303.066552939075,31.999000549316406
63303.13343812455,31.999000549316406
63303.20032331002,31.964000701904297
63303.26720849549,31.964000701904297
63303.33409368096,31.964000701904297
63303.40097886643,31.948999404907227
63303.467864051905,31.801000595092773
63303.53474923738,31.801000595092773
63303.60163442285,31.843000411987305
63303.66851960832,31.843000411987305
63303.73540479379,31.843000411987305
63303.80228997926,31.93199920654297
63303.869175164735,31.86400032043457
63303.93606035021,31.86400032043457
63304.00294553568,31.9060001373291
63304.06983072115,31.9060001373291
63304.13671590662,31.9060001373291
63304.20360109209,31.923999786376953
63304.270486277564,31.966999053955078
63304.337371463036,31.966999053955078
63304.40425664851,31.8439998626709
63304.47114183397,31.86199951171875
63304.538027019444,31.86199951171875
63304.604912204915,31.86199951171875
63304.67179739039,31.79800033569336
63304.73868257586,31.79800033569336
63304.80556776133,31.913000106811523
63304.8724529468,31.913000106811523
63304.93933813227,31.891000747680664
63305.006223317745,31.891000747680664
63305.07310850322,31.952999114990234
63305.13999368869,31.952999114990234
63305.20687887416,31.952999114990234
63305.27376405963,31.979999542236328
63305.3406492451,31.990999221801758
63305.407534430575,31.990999221801758
63305.474419616046,31.889999389648438
63305.54130480152,31.889999389648438
63305.60818998699,31.889999389648438
63305.67507517246,31.881000518798828
63305.74196035793,31.80699920654297
63305.808845543404,31.80699920654297
63305.875730728876,31.84600067138672
63305.94261591435,31.84600067138672
63306.00950109982,31.933000564575195
63306.07638628529,31.93600082397461
63306.14327147076,31.93600082397461
63306.210156656234,32.007999420166016
63306.277041841706,32.007999420166016
63306.34392702718,32.007999420166016
63306.41081221265,32.03900146484375
63306.47769739812,31.945999145507812
63306.54458258359,31.945999145507812
63306.611467769064,31.9060001373291
63306.678352954536,31.9060001373291
63306.74523814,31.9060001373291
63306.81212332547,31.923999786376953
63306.87900851094,31.895999908447266
63306.945893696415,31.895999908447266
63307.012778881886,31.884000778198242
63307.07966406736,31.808000564575195
63307.14654925283,31.808000564575195
63307.2134344383,31.808000564575195
63307.28031962377,31.808000564575195
63307.347204809244,31.774999618530273
63307.414089994716,31.867000579833984
63307.48097518019,31.867000579833984
63307.54786036566,31.836000442504883
63307.61474555113,31.836000442504883
63307.6816307366,31.836000442504883
63307.748515922074,31.893999099731445
63307.815401107546,31.95400047302246
63307.88228629302,31.95400047302246
63307.94917147849,31.909000396728516
63308.01605666396,31.909000396728516
63308.08294184943,31.909000396728516
63308.149827034904,31.889999389648438
63308.216712220375,31.881000518798828
63308.28359740585,31.881000518798828
63308.35048259132,31.913000106811523
63308.41736777679,31.913000106811523
63308.48425296226,31.913000106811523
63308.55113814773,31.820999145507812
63308.618023333205,31.85099983215332
63308.68490851868,31.85099983215332
63308.75179370415,31.864999771118164
63308.81867888962,31.864999771118164
63308.88556407509,31.864999771118164
63308.952449260556,31.871000289916992
63309.01933444603,31.83799934387207
63309.0862196315,31.83799934387207
63309.15310481697,31.93000030517578
63309.21999000244,31.89900016784668
63309.286875187914,31.89900016784668
63309.353760373386,31.89900016784668
63309.42064555886,31.89900016784668
63309.48753074433,31.885000228881836
63309.5544159298,31.986000061035156
63309.62130111527,31.986000061035156
63309.688186300744,31.92300033569336
63309.755071486215,31.92300033569336
63309.82195667169,31.92300033569336
63309.88884185716,31.895999908447266
63309.95572704263,31.895999908447266
63310.0226122281,31.884000778198242
63310.08949741357,31.808000564575195
63310.156382599045,31.808000564575195
63310.22326778452,31.84600067138672
63310.29015296999,31.84600067138672
63310.35703815546,31.84600067138672
63310.42392334093,31.86199951171875
63310.4908085264,31.8700008392334
63310.557693711875,31.8700008392334
63310.62457889735,31.87299919128418
63310.69146408282,31.87299919128418
63310.75834926829,31.87299919128418
63310.82523445376,31.909000396728516
63310.89211963923,31.924999237060547
63310.959004824705,31.924999237060547
63311.025890010176,31.861000061035156
63311.09277519565,31.861000061035156
63311.15966038111,31.861000061035156
63311.226545566584,31.79800033569336
63311.293430752055,31.805999755859375
63311.36031593753,31.805999755859375
63311.427201123,31.844999313354492
63311.49408630847,31.82699966430664
63311.56097149394,31.82699966430664
63311.62785667941,31.82699966430664
63311.694741864885,31.889999389648438
63311.76162705036,31.889999389648438
63311.82851223583,31.881000518798828
63311.8953974213,31.881000518798828
63311.96228260677,31.948999404907227
63312.02916779224,31.948999404907227
63312.096052977715,31.948999404907227
63312.16293816319,31.906999588012695
63312.22982334866,31.923999786376953
63312.29670853413,31.923999786376953
63312.3635937196,31.861000061035156
63312.43047890507,31.861000061035156
63312.497364090545,31.861000061035156
63312.564249276016,31.940000534057617
63312.63113446149,31.902999877929688
63312.69801964696,31.902999877929688
63312.76490483243,31.92300033569336
63312.8317900179,31.92300033569336
63312.898675203374,31.92300033569336
63312.965560388846,31.966999053955078
63313.03244557432,31.986000061035156
63313.09933075979,31.986000061035156
63313.16621594526,32.02899932861328
63313.23310113073,32.02899932861328
63313.299986316204,32.02899932861328
63313.36687150167,32.01300048828125
63313.43375668714,32.005001068115234
63313.50064187261,32.005001068115234
63313.56752705808,32.00199890136719
63313.634412243555,32.00199890136719
63313.70129742903,32.00199890136719
63313.7681826145,31.965999603271484
63313.83506779997,31.878999710083008
63313.90195298544,31.878999710083008
63313.96883817091,31.91200065612793
63314.035723356385,31.856000900268555
63314.102608541856,31.856000900268555
63314.16949372733,31.856000900268555
63314.2363789128,31.856000900268555
63314.30326409827,31.867000579833984
63314.37014928374,31.836000442504883
63314.437034469214,31.836000442504883
63314.503919654686,31.78700065612793
63314.57080484016,31.78700065612793
63314.63769002563,31.78700065612793
63314.7045752111,31.802000045776367
63314.77146039657,31.878999710083008
63314.838345582044,31.878999710083008
63314.905230767516,31.87700080871582
63314.97211595299,31.87700080871582
63315.03900113846,31.87700080871582
63315.10588632393,31.80500030517578
63315.1727715094,31.80500030517578
63315.239656694874,31.8799991607666
63315.306541880345,31.947999954223633
63315.37342706582,31.947999954223633
63315.44031225129,31.941999435424805
63315.50719743676,31.941999435424805
63315.57408262223,31.941999435424805
63315.640967807696,31.93899917602539
63315.70785299317,31.974000930786133
63315.77473817864,31.974000930786133
63315.84162336411,31.952999114990234
63315.90850854958,31.87299919128418
63315.975393735054,31.87299919128418
63316.042278920526,31.87299919128418
63316.109164106,31.87299919128418
63316.17604929147,31.90999984741211
63316.24293447694,32.03200149536133
63316.30981966241,32.03200149536133
63316.376704847884,31.97800064086914
63316.443590033356,31.97800064086914
63316.51047521883,31.97800064086914
63316.5773604043,31.954999923706055
63316.64424558977,31.90999984741211
63316.71113077524,31.90999984741211
63316.778015960714,31.924999237060547
63316.844901146185,31.924999237060547
63316.91178633166,31.924999237060547
63316.97867151713,31.861000061035156
63317.0455567026,31.868999481201172
63317.11244188807,31.868999481201172
63317.17932707354,31.871999740600586
63317.246212259015,31.871999740600586
63317.31309744449,31.871999740600586
63317.37998262996,31.83799934387207
63317.44686781543,31.895000457763672
63317.5137530009,31.895000457763672
63317.58063818637,31.847999572753906
63317.647523371845,31.847999572753906
63317.714408557316,31.847999572753906
63317.78129374279,31.79199981689453
63317.84817892825,31.875
63317.915064113724,31.875
63317.981949299196,31.875
63318.04883448467,31.945999145507812
63318.11571967014,31.945999145507812
63318.18260485561,31.945999145507812
63318.24949004108,31.945999145507812
63318.316375226554,31.9060001373291
63318.383260412025,31.923999786376953
63318.4501455975,31.923999786376953
63318.51703078297,31.895999908447266
63318.58391596844,31.895999908447266
63318.65080115391,31.895999908447266
63318.71768633938,31.884000778198242
63318.784571524855,31.913999557495117
63318.85145671033,31.913999557495117
63318.9183418958,31.892000198364258
63318.98522708127,31.892000198364258
63319.05211226674,31.892000198364258
63319.11899745221,31.847000122070312
63319.185882637685,31.93400001525879
63319.252767823156,31.93400001525879
63319.31965300863,31.93600082397461
63319.3865381941,31.93600082397461
63319.45342337957,31.93600082397461
63319.52030856504,32.007999420166016
63319.587193750514,31.968000411987305
63319.654078935986,31.968000411987305
63319.72096412146,31.986000061035156
63319.78784930693,32.064998626708984
63319.8547344924,32.064998626708984
63319.92161967787,32.064998626708984
63319.988504863344,31.993000030517578
63320.05539004881,31.993000030517578
63320.12227523428,31.961000442504883
63320.18916041975,31.961000442504883
63320.25604560522,31.947999954223633
63320.322930790695,31.947999954223633
63320.38981597617,31.906999588012695
63320.45670116164,31.906999588012695
63320.52358634711,31.906999588012695
63320.59047153258,31.923999786376953
63320.65735671805,31.966999053955078
63320.724241903525,31.966999053955078
63320.791127088996,31.878999710083008
63320.85801227447,31.878999710083008
63320.92489745994,31.878999710083008
63320.99178264541,31.840999603271484
63321.05866783088,31.825000762939453
63321.125553016354,31.825000762939453
63321.192438201826,31.85300064086914
63321.2593233873,31.85300064086914
63321.32620857277,31.85300064086914
63321.39309375824,31.829999923706055
63321.45997894371,31.927000045776367
63321.526864129184,31.927000045776367
63321.593749314656,31.968000411987305
63321.66063450013,31.968000411987305
63321.7275196856,31.968000411987305
63321.79440487107,31.8799991607666
63321.86129005654,31.841999053955078
63321.928175242014,31.841999053955078
63321.995060427485,31.930999755859375
63322.06194561296,31.930999755859375
63322.12883079843,31.930999755859375
63322.1957159839,32.00600051879883
63322.262601169365,31.966999053955078
63322.329486354836,31.966999053955078
63322.39637154031,31.986000061035156
63322.46325672578,31.993999481201172
63322.53014191125,31.993999481201172
63322.59702709672,31.993999481201172
63322.663912282194,31.993999481201172
63322.730797467666,31.926000595092773
63322.79768265314,31.968000411987305
63322.86456783861,31.968000411987305
63322.93145302408,31.986000061035156
63322.99833820955,31.986000061035156
63323.065223395024,31.986000061035156
63323.132108580496,32.02899932861328
63323.19899376597,32.01300048828125
63323.26587895144,32.01300048828125
63323.33276413691,31.969999313354492
63323.39964932238,31.969999313354492
63323.466534507854,31.969999313354492
63323.533419693325,31.95199966430664
63323.6003048788,31.944000244140625
63323.66719006427,31.944000244140625
63323.73407524974,31.905000686645508
63323.80096043521,31.905000686645508
63323.86784562068,31.905000686645508
63323.934730806155,31.92300033569336
63324.00161599163,31.930999755859375
63324.0685011771,31.930999755859375
63324.13538636257,32.00600051879883
63324.20227154804,32.00600051879883
63324.26915673351,32.00600051879883
63324.336041918985,32.00199890136719
63324.40292710446,31.895000457763672
63324.46981228993,31.895000457763672
63324.53669747539,31.884000778198242
63324.603582660864,31.884000778198242
63324.670467846336,31.884000778198242
63324.73735303181,31.950000762939453
63324.80423821728,31.906999588012695
63324.87112340275,31.906999588012695
63324.93800858822,31.923999786376953
63325.004893773694,31.966999053955078
63325.071778959165,31.966999053955078
63325.13866414464,31.966999053955078
63325.20554933011,31.966999053955078
63325.27243451558,31.986000061035156
63325.33931970105,31.986000061035156
63325.40620488652,31.95800018310547
63325.473090071995,31.98200035095215
63325.53997525747,31.98200035095215
63325.60686044294,31.92099952697754
63325.67374562841,31.92099952697754
63325.74063081388,31.92099952697754
63325.80751599935,32.000999450683594
63325.874401184825,31.893999099731445
63325.9412863703,31.893999099731445
63326.00817155577,31.91900062561035
63326.07505674124,31.91900062561035
63326.14194192671,31.91900062561035
63326.20882711218,31.893999099731445
63326.275712297655,31.91900062561035
63326.342597483126,31.91900062561035
63326.4094826686,32.0
63326.47636785407,32.0
63326.54325303954,32.0
63326.61013822501,32.0
63326.677023410484,32.0
63326.74390859595,32.0
63326.81079378142,32.0
63326.87767896689,31.96500015258789
63326.94456415236,31.96500015258789
63327.011449337835,31.96500015258789
63327.07833452331,31.96500015258789
63327.14521970878,31.878000259399414
63327.21210489425,31.91200065612793
63327.27899007972,31.91200065612793
63327.34587526519,31.926000595092773
63327.412760450665,31.926000595092773
63327.47964563614,31.926000595092773
63327.54653082161,31.933000564575195
63327.61341600708,31.934999465942383
63327.68030119255,31.934999465942383
63327.74718637802,31.900999069213867
63327.814071563495,31.900999069213867
63327.880956748966,31.900999069213867
63327.94784193444,31.957000732421875
63328.01472711991,31.875
63328.08161230538,31.875
63328.14849749085,31.84000015258789
63328.215382676324,31.84000015258789
63328.282267861796,31.84000015258789
63328.34915304727,31.860000610351562
63328.41603823274,31.90399932861328
63328.48292341821,31.90399932861328
63328.54980860368,31.95800018310547
63328.616693789154,31.95800018310547
63328.683578974626,31.95800018310547
63328.7504641601,31.875999450683594
63328.81734934557,31.910999298095703
63328.88423453104,31.910999298095703
63328.951119716505,31.854999542236328
63329.01800490198,31.937000274658203
63329.08489008745,31.937000274658203
63329.15177527292,31.937000274658203
63329.21866045839,31.937000274658203
63329.28554564386,31.937000274658203
63329.352430829334,31.937000274658203
63329.419316014806,31.937000274658203
63329.48620120028,31.937000274658203
63329.55308638575,31.937000274658203
63329.61997157122,31.937000274658203
63329.68685675669,31.972999572753906
63329.753741942164,31.952999114990234
63329.820627127636,31.952999114990234
63329.88751231311,32.05099868774414
63329.95439749858,32.05099868774414
63330.02128268405,32.05099868774414
63330.08816786952,31.951000213623047
63330.155053054994,32.013999938964844
63330.221938240466,32.013999938964844
63330.28882342594,31.934999465942383
63330.35570861141,31.934999465942383
63330.42259379688,31.934999465942383
63330.48947898235,31.972000122070312
63330.55636416782,31.972000122070312
63330.623249353295,31.91699981689453
63330.69013453877,31.89299964904785
63330.75701972424,31.89299964904785
63330.82390490971,31.917999267578125
63330.89079009518,31.917999267578125
63330.95767528065,31.917999267578125
63331.024560466125,31.929000854492188
63331.0914456516,31.93400001525879
63331.15833083706,31.93400001525879
63331.22521602253,31.899999618530273
63331.292101208004,31.88599967956543
63331.358986393476,31.88599967956543
63331.42587157895,31.88599967956543
63331.49275676442,31.986000061035156
63331.55964194989,31.986000061035156
63331.62652713536,31.958999633789062
63331.693412320834,31.910999298095703
63331.760297506306,31.910999298095703
63331.82718269178,31.910999298095703
63331.89406787725,31.910999298095703
63331.96095306272,31.961999893188477
63332.02783824819,31.982999801635742
63332.09472343366,31.982999801635742
63332.161608619135,31.922000885009766
63332.22849380461,31.922000885009766
63332.29537899008,31.922000885009766
63332.36226417555,31.860000610351562
63332.42914936102,31.90399932861328
63332.49603454649,31.90399932861328
63332.562919731965,31.92300033569336
63332.62980491744,31.92300033569336
63332.69669010291,31.92300033569336
63332.76357528838,31.930999755859375
63332.83046047385,31.792999267578125
63332.89734565932,31.792999267578125
63332.964230844795,31.875
63333.031116030266,31.875
63333.09800121574,31.875
63333.16488640121,31.945999145507812
63333.23177158668,31.9060001373291
63333.29865677215,31.9060001373291
63333.365541957624,31.9950008392334
63333.43242714309,31.9950008392334
63333.49931232856,31.9950008392334
63333.56619751403,31.99799919128418
63333.6330826995,32.034000396728516
63333.699967884975,32.034000396728516
63333.76685307045,32.01499938964844
63333.83373825592,32.00600051879883
63333.90062344139,32.00600051879883
63333.96750862686,32.00600051879883
63334.03439381233,31.93199920654297
63334.101278997805,31.93199920654297
63334.16816418328,31.934999465942383
63334.23504936875,31.934999465942383
63334.30193455422,31.93600082397461
63334.36881973969,31.93600082397461
63334.43570492516,31.93600082397461
63334.502590110635,31.902000427246094
63334.569475296106,31.957000732421875
63334.63636048158,31.957000732421875
63334.70324566705,31.945999145507812
63334.77013085252,31.945999145507812
63334.83701603799,31.945999145507812
63334.903901223464,31.8700008392334
63334.970786408936,31.908000946044922
63335.03767159441,31.908000946044922
63335.10455677988,31.959999084472656
63335.17144196535,31.959999084472656
63335.23832715082,31.959999084472656
63335.305212336294,31.94700050354004
63335.372097521766,31.871000289916992
63335.43898270724,31.871000289916992
63335.50586789271,31.909000396728516
63335.57275307818,31.909000396728516
63335.639638263645,31.996000289916992
63335.70652344912,31.996000289916992
63335.77340863459,32.069000244140625
63335.84029382006,32.069000244140625
63335.90717900553,32.069000244140625
63335.974064191,31.958999633789062
63336.040949376475,32.053001403808594
63336.107834561946,32.053001403808594
63336.17471974742,32.02299880981445
63336.24160493289,32.02299880981445
63336.30849011836,32.02299880981445
63336.37537530383,31.90399932861328
63336.442260489304,31.886999130249023
63336.509145674776,31.886999130249023
63336.57603086025,31.98699951171875
63336.64291604572,31.98699951171875
63336.70980123119,31.98699951171875
63336.77668641666,31.958999633789062
63336.843571602134,31.875999450683594
63336.910456787606,31.875999450683594
63336.97734197308,31.945999145507812
63337.04422715855,31.945999145507812
63337.11111234402,31.945999145507812
63337.17799752949,31.976999282836914
63337.244882714964,31.989999771118164
63337.311767900435,31.989999771118164
63337.37865308591,31.959999084472656
63337.44553827138,31.94700050354004
63337.51242345685,31.94700050354004
63337.57930864232,31.94700050354004
63337.64619382779,31.94700050354004
63337.713079013265,31.871000289916992
63337.77996419874,31.944000244140625
63337.8468493842,31.944000244140625
63337.91373456967,31.868999481201172
63337.980619755144,31.868999481201172
63338.047504940616,31.868999481201172
63338.11439012609,31.836999893188477
63338.18127531156,31.822999954223633
63338.24816049703,31.822999954223633
63338.3150456825,31.958999633789062
63338.381930867974,31.958999633789062
63338.448816053446,31.958999633789062
63338.51570123892,31.875999450683594
63338.58258642439,31.910999298095703
63338.64947160986,31.910999298095703
63338.71635679533,31.961000442504883
63338.783241980804,31.961000442504883
63338.850127166275,31.961000442504883
63338.91701235175,31.91200065612793
63338.98389753722,31.927000045776367
63339.05078272269,31.927000045776367
63339.11766790816,31.86199951171875
63339.18455309363,31.86199951171875
63339.251438279105,31.86199951171875
63339.31832346458,31.868999481201172
63339.38520865005,31.908000946044922
63339.45209383552,31.908000946044922
63339.51897902099,31.959999084472656
63339.58586420646,31.94700050354004
63339.652749391935,31.94700050354004
63339.71963457741,31.94700050354004
63339.78651976288,31.94700050354004
63339.85340494835,31.871000289916992
63339.92029013382,31.979999542236328
63339.98717531929,31.979999542236328
63340.05406050476,31.95599937438965
63340.12094569023,31.95599937438965
63340.1878308757,31.95599937438965
63340.25471606117,31.90999984741211
63340.321601246644,31.996000289916992
63340.388486432115,31.996000289916992
63340.45537161759,32.034000396728516
63340.52225680306,32.034000396728516
63340.58914198853,32.034000396728516
63340.656027174,31.944000244140625
63340.72291235947,31.944000244140625
63340.789797544945,31.905000686645508
63340.85668273042,31.92300033569336
63340.92356791589,31.92300033569336
63340.99045310136,31.895999908447266
63341.05733828683,31.895999908447266
63341.1242234723,31.895999908447266
63341.191108657775,31.884000778198242
63341.25799384325,31.985000610351562
63341.32487902872,31.985000610351562
63341.39176421419,31.993999481201172
63341.45864939966,31.926000595092773
63341.52553458513,31.926000595092773
63341.592419770604,31.926000595092773
63341.659304956076,31.89699935913086
63341.72619014155,31.89699935913086
63341.79307532702,31.95599937438965
63341.85996051249,31.94499969482422
63341.92684569796,31.94499969482422
63341.993730883434,31.94499969482422
63342.060616068906,31.94499969482422
63342.12750125438,31.94099998474121
63342.19438643985,31.974000930786133
63342.26127162532,31.974000930786133
63342.328156810785,31.917999267578125
63342.39504199626,31.917999267578125
63342.46192718173,31.917999267578125
63342.5288123672,31.96500015258789
63342.59569755267,31.948999404907227
63342.66258273814,31.948999404907227
63342.729467923615,31.97800064086914
63342.796353109086,31.97800064086914
63342.86323829456,31.97800064086914
63342.93012348003,32.06100082397461
63342.9970086655,31.920000076293945
63343.06389385097,31.920000076293945
63343.130779036444,31.895000457763672
63343.197664221916,31.895000457763672
63343.26454940739,31.895000457763672
63343.33143459286,31.95400047302246
63343.39831977833,31.874000549316406
63343.4652049638,31.874000549316406
63343.532090149274,31.875
63343.598975334746,31.875
63343.66586052022,31.875
63343.73274570569,31.875
63343.79963089116,31.981000900268555
63343.86651607663,31.981000900268555
63343.933401262104,31.95599937438965
63344.000286447575,31.981000900268555
63344.06717163305,31.981000900268555
63344.13405681852,31.981000900268555
63344.20094200399,31.92099952697754
63344.26782718946,31.92099952697754
63344.33471237493,31.965999603271484
63344.401597560405,31.985000610351562
63344.46848274588,31.985000610351562
63344.53536793134,31.985000610351562
63344.60225311681,31.985000610351562
63344.669138302284,31.993999481201172
63344.736023487756,31.961999893188477
63344.80290867323,31.961999893188477
63344.8697938587,31.913000106811523
63344.93667904417,31.913000106811523
63345.00356422964,31.913000106811523
63345.070449415114,31.99799919128418
63345.137334600586,31.999000549316406
63345.20421978606,31.999000549316406
63345.27110497153,32.0
63345.337990157,32.0
63345.40487534247,32.0
63345.471760527944,31.964000701904297
63345.538645713415,31.948999404907227
63345.60553089889,31.948999404907227
63345.67241608436,31.97800064086914
63345.73930126983,31.97800064086914
63345.8061864553,31.97800064086914
63345.87307164077,32.0260009765625
63345.939956826245,32.0260009765625
63346.00684201172,32.0260009765625
63346.07372719719,32.040000915527344
63346.14061238266,32.040000915527344
63346.20749756813,31.94700050354004
63346.2743827536,31.976999282836914
63346.341267939075,31.976999282836914
63346.40815312455,31.976999282836914
63346.47503831002,31.976999282836914
63346.54192349549,31.954999923706055
63346.60880868096,31.94499969482422
63346.67569386643,31.94499969482422
63346.7425790519,32.012001037597656
63346.80946423737,32.012001037597656
63346.87634942284,32.012001037597656
63346.94323460831,31.969999313354492
63347.010119793784,31.98699951171875
63347.077004979255,31.98699951171875
63347.14389016473,32.029998779296875
63347.2107753502,32.029998779296875
63347.27766053567,32.029998779296875
63347.34454572114,31.976999282836914
63347.41143090661,31.954999923706055
63347.478316092085,31.954999923706055
63347.54520127756,31.979999542236328
63347.61208646303,31.979999542236328
63347.6789716485,31.979999542236328
63347.74585683397,31.992000579833984
63347.81274201944,31.996000289916992
63347.879627204915,31.996000289916992
63347.94651239039,31.96299934387207
63348.01339757586,31.96299934387207
63348.08028276133,31.96299934387207
63348.1471679468,31.948999404907227
63348.21405313227,31.97800064086914
63348.280938317745,31.97800064086914
63348.347823503216,31.989999771118164
63348.41470868869,31.959999084472656
63348.48159387416,31.959999084472656
63348.54847905963,31.959999084472656
63348.6153642451,31.959999084472656
63348.682249430574,31.982999801635742
63348.749134616046,31.993000030517578
63348.81601980152,31.993000030517578
63348.88290498699,32.06800079345703
63348.94979017246,32.06800079345703
63349.016675357925,32.06800079345703
63349.0835605434,31.95800018310547
63349.15044572887,31.94700050354004
63349.21733091434,31.94700050354004
63349.28421609981,31.9060001373291
63349.35110128528,31.9060001373291
63349.417986470755,31.9060001373291
63349.48487165623,31.958999633789062
63349.5517568417,31.910999298095703
63349.61864202717,31.910999298095703
63349.68552721264,31.926000595092773
63349.75241239811,31.926000595092773
63349.819297583585,31.926000595092773
63349.886182769056,32.00400161743164
63349.95306795453,32.00199890136719
63350.01995314,32.00199890136719
63350.08683832547,31.96500015258789
63350.15372351094,31.96500015258789
63350.220608696414,31.96500015258789
63350.287493881886,31.985000610351562
63350.35437906736,32.02899932861328
63350.42126425283,32.02899932861328
63350.4881494383,32.01300048828125
63350.55503462377,31.969999313354492
63350.621919809244,31.969999313354492
63350.688804994716,31.969999313354492
63350.75569018019,31.95199966430664
63350.82257536566,31.95199966430664
63350.88946055113,31.908000946044922
63350.9563457366,31.908000946044922
63351.023230922074,31.888999938964844
63351.090116107545,31.888999938964844
63351.15700129302,31.988000869750977
63351.22388647848,31.988000869750977
63351.29077166395,31.988000869750977
63351.357656849425,31.958999633789062
63351.424542034896,31.94700050354004
63351.49142722037,31.94700050354004
63351.55831240584,31.976999282836914
63351.62519759131,31.976999282836914
63351.69208277678,31.976999282836914
63351.758967962254,31.954999923706055
63351.825853147726,31.874000549316406
63351.8927383332,31.874000549316406
63351.95962351867,31.94499969482422
63352.02650870414,31.94499969482422
63352.09339388961,31.94499969482422
63352.160279075084,31.97599983215332
63352.227164260556,31.989999771118164
63352.29404944603,31.989999771118164
63352.3609346315,31.996000289916992
63352.42781981697,31.996000289916992
63352.49470500244,31.996000289916992
63352.561590187914,32.069000244140625
63352.628475373385,32.029998779296875
63352.69536055886,32.029998779296875
63352.76224574433,31.941999435424805
63352.8291309298,31.90399932861328
63352.89601611527,31.90399932861328
63352.96290130074,31.90399932861328
63353.029786486215,31.88800048828125
63353.09667167169,31.88800048828125
63353.16355685716,31.98699951171875
63353.23044204263,32.029998779296875
63353.2973272281,32.029998779296875
63353.36421241357,32.029998779296875
63353.43109759904,32.029998779296875
63353.49798278451,31.9060001373291
63353.56486796998,31.959999084472656
63353.63175315545,31.959999084472656
63353.698638340924,31.98200035095215
63353.765523526396,31.98200035095215
63353.83240871187,31.98200035095215
63353.89929389734,31.992000579833984
63353.96617908281,31.889999389648438
63354.03306426828,31.889999389648438
63354.099949453754,31.91699981689453
63354.166834639225,31.91699981689453
63354.2337198247,31.91699981689453
63354.30060501017,31.89299964904785
63354.36749019564,31.95400047302246
63354.43437538111,31.95400047302246
63354.50126056658,31.94499969482422
63354.568145752055,31.94499969482422
63354.63503093753,31.94499969482422
63354.701916123,31.97599983215332
63354.76880130847,31.95400047302246
63354.83568649394,31.95400047302246
63354.90257167941,31.979999542236328
63354.969456864885,31.979999542236328
63355.036342050356,31.979999542236328
63355.10322723583,31.990999221801758
63355.1701124213,31.996000289916992
63355.23699760677,31.996000289916992
63355.30388279224,31.927000045776367
63355.370767977714,31.898000717163086
63355.437653163186,31.898000717163086
63355.50453834866,31.898000717163086
63355.57142353413,31.920000076293945
63355.6383087196,31.920000076293945
63355.705193905065,32.0359992980957
63355.77207909054,32.0359992980957
63355.83896427601,32.01599884033203
63355.90584946148,32.01599884033203
63355.97273464695,32.01599884033203
63356.03961983242,32.04199981689453
63356.106505017895,32.04199981689453
63356.17339020337,32.05400085449219
63356.24027538884,32.09400177001953
63356.30716057431,32.09400177001953
63356.37404575978,32.07600021362305
63356.44093094525,32.07600021362305
63356.507816130725,32.07600021362305
63356.574701316196,31.99799919128418
63356.64158650167,31.999000549316406
63356.70847168714,31.999000549316406
63356.77535687261,31.964000701904297
63356.84224205808,31.964000701904297
63356.909127243554,31.964000701904297
63356.976012429026,31.983999252319336
63357.0428976145,31.922000885009766
63357.10978279997,31.922000885009766
63357.17666798544,32.0369987487793
63357.24355317091,32.0369987487793
63357.310438356384,32.0369987487793
63357.377323541856,32.12300109863281
63357.44420872733,31.98200035095215
63357.5110939128,31.98200035095215
63357.57797909827,31.992000579833984
63357.64486428374,31.961000442504883
63357.711749469214,31.961000442504883
63357.778634654685,31.961000442504883
63357.84551984016,31.947999954223633
63357.91240502562,31.947999954223633
63357.97929021109,31.941999435424805
63358.046175396565,31.941999435424805
63358.113060582036,31.93899917602539
63358.17994576751,31.93899917602539
63358.24683095298,31.93899917602539
63358.31371613845,32.00899887084961
63358.38060132392,32.07500076293945
63358.447486509394,32.07500076293945
63358.514371694866,32.03200149536133
63358.58125688034,32.03200149536133
63358.64814206581,32.03200149536133
63358.71502725128,31.979000091552734
63358.78191243675,31.954999923706055
63358.848797622224,31.954999923706055
63358.915682807696,31.94499969482422
63358.98256799317,31.94499969482422
63359.04945317864,31.94499969482422
63359.11633836411,31.905000686645508
63359.18322354958,31.9950008392334
63359.250108735054,31.9950008392334
63359.316993920525,32.138999938964844
63359.383879106,32.138999938964844
63359.45076429147,32.138999938964844
63359.51764947694,32.060001373291016
63359.58453466241,32.0260009765625
63359.65141984788,32.0260009765625
63359.718305033355,32.11800003051758
63359.78519021883,32.12200164794922
63359.8520754043,32.12200164794922
63359.91896058977,32.12200164794922
63359.98584577524,32.12200164794922
63360.05273096071,32.016998291015625
63360.11961614618,32.042999267578125
63360.18650133165,32.042999267578125
63360.25338651712,31.982999801635742
63360.32027170259,31.982999801635742
63360.387156888064,31.982999801635742
63360.454042073536,32.06399917602539
63360.52092725901,32.0629997253418
63360.58781244448,32.0629997253418
63360.65469762995,31.95599937438965
63360.72158281542,31.95599937438965
63360.788468000894,31.95599937438965
63360.855353186365,31.839000701904297
63360.92223837184,31.93000030517578
63360.98912355731,31.93000030517578
63361.05600874278,31.89900016784668
63361.12289392825,31.89900016784668
63361.18977911372,31.89900016784668
63361.256664299195,31.885000228881836
63361.32354948467,31.885000228881836
63361.39043467014,31.950000762939453
63361.45731985561,31.94300079345703
63361.52420504108,31.94300079345703
63361.59109022655,31.975000381469727
63361.657975412025,31.98900032043457
63361.7248605975,31.98900032043457
63361.79174578297,31.98900032043457
63361.85863096844,31.888999938964844
63361.92551615391,31.888999938964844
63361.99240133938,32.02299880981445
63362.059286524855,32.02299880981445
63362.126171710326,32.0099983215332
63362.1930568958,32.0099983215332
63362.25994208127,32.0099983215332
63362.326827266734,31.933000564575195
63362.393712452205,31.97100067138672
63362.46059763768,31.97100067138672
63362.52748282315,31.95199966430664
63362.59436800862,31.95199966430664
63362.66125319409,31.95199966430664
63362.72813837956,32.04999923706055
63362.795023565035,32.05699920654297
63362.86190875051,32.05699920654297
63362.92879393598,32.060001373291016
63362.99567912145,32.060001373291016
63363.06256430692,32.060001373291016
63363.12944949239,32.0260009765625
63363.196334677865,32.01100158691406
63363.26321986334,32.01100158691406
63363.33010504881,31.93400001525879
63363.39699023428,31.93400001525879
63363.46387541975,31.93400001525879
63363.53076060522,31.93600082397461
63363.597645790695,32.007999420166016
63363.664530976166,32.007999420166016
63363.73141616164,32.03900146484375
63363.79830134711,32.016998291015625
63363.86518653258,32.016998291015625
63363.93207171805,32.016998291015625
63363.998956903524,31.93600082397461
63364.065842088996,31.93600082397461
63364.13272727447,32.042999267578125
63364.19961245994,32.042999267578125
63364.26649764541,31.982999801635742
63364.33338283088,31.982999801635742
63364.400268016354,31.982999801635742
63364.467153201826,31.993000030517578
63364.5340383873,32.03200149536133
63364.60092357276,32.03200149536133
63364.66780875823,32.04899978637695
63364.734693943705,32.04899978637695
63364.80157912918,32.04899978637695
63364.86846431465,32.020999908447266
63364.93534950012,32.00899887084961
63365.00223468559,32.00899887084961
63365.06911987106,32.00400161743164
63365.136005056534,32.00400161743164
63365.202890242006,32.00400161743164
63365.26977542748,32.073001861572266
63365.33666061295,31.996000289916992
63365.40354579842,31.996000289916992
63365.47043098389,31.927000045776367
63365.537316169364,31.927000045776367
63365.604201354836,31.927000045776367
63365.67108654031,31.9689998626709
63365.73797172578,32.02199935913086
63365.80485691125,32.02199935913086
63365.87174209672,32.08000183105469
63365.938627282194,32.08000183105469
63366.005512467666,32.08000183105469
63366.07239765314,31.999000549316406
63366.13928283861,32.0
63366.20616802408,32.0
63366.27305320955,32.03499984741211
63366.33993839502,32.03499984741211
63366.406823580495,32.08599853515625
63366.47370876597,32.08599853515625
63366.54059395144,32.0369987487793
63366.60747913691,32.0369987487793
63366.67436432238,32.0369987487793
63366.74124950785,32.08700180053711
63366.80813469332,32.10900115966797
63366.87501987879,32.10900115966797
63366.94190506426,32.082000732421875
63367.00879024973,32.082000732421875
63367.075675435204,32.082000732421875
63367.142560620676,32.0359992980957
63367.20944580615,31.979999542236328
63367.27633099162,31.979999542236328
63367.34321617709,32.027000427246094
63367.41010136256,32.027000427246094
63367.476986548034,32.027000427246094
63367.543871733506,31.94099998474121
63367.61075691898,31.93899917602539
63367.67764210445,31.93899917602539
63367.74452728992,31.974000930786133
63367.81141247539,31.974000930786133
63367.87829766086,31.974000930786133
63367.945182846335,31.98900032043457
63368.01206803181,31.9950008392334
63368.07895321728,31.9950008392334
63368.14583840275,31.961999893188477
63368.21272358822,32.01900100708008
63368.27960877369,32.01900100708008
63368.346493959165,32.01900100708008
63368.41337914464,32.007999420166016
63368.48026433011,32.007999420166016
63368.54714951558,32.03900146484375
63368.61403470105,32.03900146484375
63368.68091988652,32.051998138427734
63368.747805071995,32.051998138427734
63368.814690257466,32.051998138427734
63368.88157544294,32.05799865722656
63368.94846062841,31.989999771118164
63369.015345813874,31.989999771118164
63369.082230999345,31.996000289916992
63369.14911618482,31.996000289916992
63369.21600137029,31.996000289916992
63369.28288655576,31.892000198364258
63369.34977174123,31.98900032043457
63369.4166569267,31.98900032043457
63369.483542112175,32.066001892089844
63369.55042729765,32.066001892089844
63369.61731248312,32.066001892089844
63369.68419766859,32.06399917602539
63369.75108285406,31.992000579833984
63369.81796803953,31.992000579833984
63369.884853225005,32.06800079345703
63369.95173841048,32.06800079345703
63370.01862359595,32.06800079345703
63370.08550878142,32.02899932861328
63370.15239396689,32.01300048828125
63370.21927915236,32.01300048828125
63370.286164337835,32.005001068115234
63370.353049523306,32.005001068115234
63370.41993470878,32.005001068115234
63370.48681989425,32.03799819946289
63370.55370507972,32.01599884033203
63370.62059026519,32.01599884033203
63370.687475450664,32.077999114990234
63370.754360636136,32.17599868774414
63370.82124582161,32.17599868774414
63370.88813100708,32.17599868774414
63370.95501619255,32.17599868774414
63371.02190137802,32.04100036621094
63371.088786563494,31.94700050354004
63371.155671748966,31.94700050354004
63371.22255693443,31.976999282836914
63371.2894421199,31.976999282836914
63371.35632730537,31.976999282836914
63371.423212490845,31.989999771118164
63371.49009767632,31.989999771118164
63371.55698286179,31.959999084472656
63371.62386804726,31.91200065612793
63371.69075323273,31.91200065612793
63371.7576384182,31.926000595092773
63371.824523603675,31.926000595092773
63371.891408789146,31.926000595092773
63371.95829397462,31.89699935913086
63372.02517916009,31.885000228881836
63372.09206434556,31.885000228881836
63372.15894953103,31.986000061035156
63372.225834716504,31.986000061035156
63372.292719901976,31.986000061035156
63372.35960508745,31.92300033569336
63372.42649027292,31.895999908447266
63372.49337545839,31.895999908447266
63372.56026064386,31.989999771118164
63372.627145829334,31.989999771118164
63372.694031014806,31.989999771118164
63372.76091620028,31.996000289916992
63372.82780138575,31.99799919128418
63372.89468657122,31.99799919128418
63372.96157175669,31.999000549316406
63373.028456942164,32.03499984741211
63373.095342127635,32.03499984741211
63373.16222731311,32.03499984741211
63373.22911249858,31.979999542236328
63373.29599768405,31.979999542236328
63373.36288286952,31.889999389648438
63373.42976805499,31.889999389648438
63373.49665324046,31.889999389648438
63373.56353842593,31.988000869750977
63373.6304236114,32.029998779296875
63373.69730879687,32.029998779296875
63373.764193982344,32.04899978637695
63373.831079167816,32.04899978637695
63373.89796435329,32.04899978637695
63373.96484953876,32.055999755859375
63374.03173472423,32.02399826049805
63374.0986199097,32.02399826049805
63374.165505095174,31.90399932861328
63374.232390280646,31.90399932861328
63374.29927546612,31.90399932861328
63374.36616065159,31.92300033569336
63374.43304583706,31.966999053955078
63374.49993102253,31.966999053955078
63374.566816208004,31.950000762939453
63374.633701393475,31.950000762939453
63374.70058657895,31.950000762939453
63374.76747176442,31.94300079345703
63374.83435694989,32.01100158691406
63374.90124213536,32.01100158691406
63374.96812732083,32.040000915527344
63375.035012506305,32.124000549316406
63375.10189769178,32.124000549316406
63375.16878287725,32.124000549316406
63375.23566806272,32.124000549316406
63375.30255324819,32.05400085449219
63375.36943843366,32.02299880981445
63375.436323619135,32.02299880981445
63375.50320880461,32.08100128173828
63375.57009399008,32.08100128173828
63375.63697917555,32.08100128173828
63375.703864361014,32.10599899291992
63375.770749546486,31.975000381469727
63375.83763473196,31.975000381469727
63375.90451991743,32.025001525878906
63375.9714051029,32.025001525878906
63376.03829028837,32.025001525878906
63376.105175473844,32.01100158691406
63376.172060659315,32.005001068115234
63376.23894584479,32.005001068115234
63376.30583103026,32.00199890136719
63376.37271621573,32.00199890136719
63376.4396014012,32.00199890136719
63376.50648658667,32.0359992980957
63376.573371772145,32.0359992980957
63376.64025695762,32.12200164794922
63376.70714214309,32.19499969482422
63376.77402732856,32.19499969482422
63376.84091251403,32.119998931884766
63376.9077976995,32.08700180053711
63376.974682884975,32.08700180053711
63377.04156807045,32.08700180053711
63377.10845325592,32.10900115966797
63377.17533844139,32.10900115966797
63377.24222362686,32.012001037597656
63377.30910881233,32.012001037597656
63377.375993997804,31.969999313354492
63377.442879183276,31.969999313354492
63377.50976436875,31.969999313354492
63377.57664955422,32.02199935913086
63377.64353473969,32.0099983215332
63377.71041992516,32.0099983215332
63377.777305110634,32.00400161743164
63377.844190296106,32.00400161743164
63377.91107548157,32.00400161743164
63377.97796066704,31.895000457763672
63378.04484585251,31.884000778198242
63378.111731037985,31.884000778198242
63378.17861622346,31.913999557495117
63378.24550140893,31.913999557495117
63378.3123865944,31.913999557495117
63378.37927177987,31.927000045776367
63378.44615696534,31.898000717163086
63378.513042150815,31.898000717163086
63378.579927336286,31.920000076293945
63378.64681252176,31.920000076293945
63378.71369770723,31.920000076293945
63378.7805828927,32.000999450683594
63378.84746807817,32.0
63378.914353263644,32.0
63378.981238449116,32.07099914550781
63379.04812363459,31.9950008392334
63379.11500882006,31.9950008392334
63379.18189400553,31.9950008392334
63379.248779191,32.03300094604492
63379.315664376474,32.03300094604492
63379.382549561946,32.04999923706055
63379.44943474742,32.04999923706055
63379.51631993289,32.05699920654297
63379.58320511836,32.05699920654297
63379.65009030383,32.05699920654297
63379.716975489304,32.025001525878906
63379.783860674775,32.04600143432617
63379.85074586025,32.04600143432617
63379.91763104572,32.02000045776367
63379.98451623119,32.02000045776367
63380.05140141666,32.02000045776367
63380.118286602126,31.972999572753906
63380.1851717876,31.91699981689453
63380.25205697307,31.91699981689453
63380.31894215854,32.03499984741211
63380.38582734401,32.03499984741211
63380.452712529484,32.03499984741211
63380.519597714956,32.05099868774414
63380.58648290043,32.02199935913086
63380.6533680859,32.02199935913086
63380.72025327137,32.04499816894531
63380.78713845684,32.04499816894531
63380.854023642314,32.04499816894531
63380.920908827786,32.01900100708008
63380.98779401326,32.04399871826172
63381.05467919873,32.04399871826172
63381.1215643842,32.05400085449219
63381.18844956967,31.988000869750977
63381.255334755144,31.988000869750977
63381.322219940615,31.988000869750977
63381.38910512609,31.923999786376953
63381.45599031156,31.923999786376953
63381.52287549703,31.93199920654297
63381.5897606825,31.93199920654297
63381.65664586797,31.934999465942383
63381.723531053445,31.934999465942383
63381.79041623892,32.00699996948242
63381.85730142439,32.00699996948242
63381.92418660986,32.00699996948242
63381.99107179533,32.00299835205078
63382.0579569808,32.000999450683594
63382.124842166275,32.000999450683594
63382.19172735175,32.000999450683594
63382.25861253722,32.000999450683594
63382.32549772269,32.000999450683594
63382.392382908154,32.0
63382.459268093626,31.96500015258789
63382.5261532791,31.96500015258789
63382.59303846457,32.02000045776367
63382.65992365004,32.02000045776367
63382.72680883551,32.02000045776367
63382.793694020984,32.04399871826172
63382.860579206455,32.05500030517578
63382.92746439193,32.05500030517578
63382.9943495774,32.095001220703125
63383.06123476287,32.095001220703125
63383.12811994834,32.095001220703125
63383.19500513381,32.04100036621094
63383.261890319285,31.94700050354004
63383.32877550476,31.94700050354004
63383.39566069023,32.012001037597656
63383.4625458757,32.012001037597656
63383.52943106117,32.012001037597656
63383.59631624664,32.04100036621094
63383.663201432115,32.018001556396484
63383.73008661759,32.018001556396484
63383.79697180306,32.007999420166016
63383.86385698853,32.07400131225586
63383.930742174,32.07400131225586
63383.99762735947,32.07400131225586
63384.064512544945,32.07400131225586
63384.131397730416,32.10300064086914
63384.19828291589,32.1150016784668
63384.26516810136,32.1150016784668
63384.33205328683,32.01499938964844
63384.3989384723,32.01499938964844
63384.465823657774,32.01499938964844
63384.532708843246,32.04199981689453
63384.59959402871,32.018001556396484
63384.66647921418,32.018001556396484
63384.73336439965,31.937000274658203
63384.800249585125,31.937000274658203
63384.8671347706,31.937000274658203
63384.93401995607,31.937000274658203
63385.00090514154,31.972999572753906
63385.06779032701,31.972999572753906
63385.13467551248,32.02399826049805
63385.201560697955,32.02399826049805
63385.26844588343,32.02399826049805
63385.3353310689,32.04600143432617
63385.40221625437,32.04600143432617
63385.46910143984,31.993000030517578
63385.53598662531,31.993000030517578
63385.602871810785,31.993000030517578
63385.669756996256,31.961999893188477
63385.73664218173,32.05400085449219
63385.8035273672,32.05400085449219
63385.87041255267,31.988000869750977
63385.93729773814,32.066001892089844
63386.004182923614,32.066001892089844
63386.071068109086,32.066001892089844
63386.13795329456,32.06399917602539
63386.20483848003,32.06399917602539
63386.2717236655,32.02799987792969
63386.33860885097,32.012001037597656
63386.405494036444,32.012001037597656
63386.472379221916,32.012001037597656
63386.53926440739,32.012001037597656
63386.60614959286,32.04100036621094
63386.67303477833,32.04100036621094
63386.7399199638,32.0880012512207
63386.806805149274,31.966999053955078
63386.87369033474,31.966999053955078
63386.94057552021,32.020999908447266
63387.00746070568,32.020999908447266
63387.07434589115,32.020999908447266
63387.141231076625,32.08000183105469
63387.208116262096,31.964000701904297
63387.27500144757,31.964000701904297
63387.34188663304,31.948999404907227
63387.40877181851,31.948999404907227
63387.47565700398,31.948999404907227
63387.542542189454,31.906999588012695
63387.609427374926,31.9950008392334
63387.6763125604,31.9950008392334
63387.74319774587,31.961999893188477
63387.81008293134,31.961999893188477
63387.87696811681,31.961999893188477
63387.943853302284,31.947999954223633
63388.010738487756,31.941999435424805
63388.07762367323,31.941999435424805
63388.1445088587,32.0099983215332
63388.21139404417,32.040000915527344
63388.27827922964,32.040000915527344
63388.345164415114,32.040000915527344
63388.412049600585,32.053001403808594
63388.47893478606,32.053001403808594
63388.54581997153,32.02299880981445
63388.612705157,32.0099983215332
63388.67959034247,32.0099983215332
63388.74647552794,32.0099983215332
63388.813360713415,32.0099983215332
63388.88024589889,31.9689998626709
63388.94713108436,31.951000213623047
63389.01401626982,31.951000213623047
63389.080901455294,31.94300079345703
63389.147786640766,31.94300079345703
63389.21467182624,31.94300079345703
63389.28155701171,32.01100158691406
63389.34844219718,31.9689998626709
63389.41532738265,31.9689998626709
63389.482212568124,31.98699951171875
63389.549097753596,31.98699951171875
63389.61598293907,31.98699951171875
63389.68286812454,32.029998779296875
63389.74975331001,31.976999282836914
63389.81663849548,31.976999282836914
63389.883523680954,31.91900062561035
63389.950408866425,31.91900062561035
63390.0172940519,31.91900062561035
63390.08417923737,31.96500015258789
63390.15106442284,31.985000610351562
63390.21794960831,31.985000610351562
63390.28483479378,32.02899932861328
63390.351719979255,32.02899932861328
63390.41860516473,32.02899932861328
63390.4854903502,31.976999282836914
63390.55237553567,31.91900062561035
63390.61926072114,31.91900062561035
63390.68614590661,31.96500015258789
63390.753031092085,31.985000610351562
63390.819916277556,31.985000610351562
63390.88680146303,31.985000610351562
63390.9536866485,31.993000030517578
63391.02057183397,31.993000030517578
63391.08745701944,32.03300094604492
63391.154342204914,32.03300094604492
63391.221227390386,32.04999923706055
63391.28811257585,32.04999923706055
63391.35499776132,32.04999923706055
63391.42188294679,32.05699920654297
63391.488768132265,32.060001373291016
63391.55565331774,32.060001373291016
63391.62253850321,32.0260009765625
63391.68942368868,32.0260009765625
63391.75630887415,32.0260009765625
63391.82319405962,32.082000732421875
63391.890079245095,32.082000732421875
63391.95696443057,32.07099914550781
63392.02384961604,32.137001037597656
63392.09073480151,32.137001037597656
63392.15761998698,32.058998107910156
63392.22450517245,32.058998107910156
63392.291390357925,32.058998107910156
63392.358275543396,32.06100082397461
63392.42516072887,32.0260009765625
63392.49204591434,32.0260009765625
63392.55893109981,32.082000732421875
63392.62581628528,32.141998291015625
63392.692701470754,32.141998291015625
63392.759586656226,32.141998291015625
63392.8264718417,32.13199996948242
63392.89335702717,32.13199996948242
63392.96024221264,32.12799835205078
63393.02712739811,32.12799835205078
63393.094012583584,32.05500030517578
63393.160897769056,32.05500030517578
63393.22778295453,32.05500030517578
63393.29466814,32.02399826049805
63393.36155332547,32.08100128173828
63393.42843851094,32.08100128173828
63393.49532369641,32.07099914550781
63393.56220888188,32.07099914550781
63393.62909406735,32.07099914550781
63393.69597925282,32.066001892089844
63393.76286443829,32.02899932861328
63393.829749623765,32.02899932861328
63393.896634809236,32.04800033569336
63393.96351999471,32.04800033569336
63394.03040518018,32.04800033569336
63394.09729036565,31.985000610351562
63394.16417555112,32.099998474121094
63394.231060736594,32.099998474121094
63394.297945922066,31.972000122070312
63394.36483110754,31.972000122070312
63394.43171629301,31.972000122070312
63394.49860147848,31.988000869750977
63394.56548666395,31.9950008392334
63394.632371849424,31.9950008392334
63394.699257034896,31.99799919128418
63394.76614222037,31.99799919128418
63394.83302740584,31.99799919128418
63394.89991259131,32.14099884033203
63394.96679777678,32.09600067138672
63395.033682962254,32.09600067138672
63395.100568147725,32.07699966430664
63395.1674533332,32.07699966430664
63395.23433851867,32.03300094604492
63395.30122370414,32.03300094604492
63395.36810888961,32.03300094604492
63395.43499407508,31.979000091552734
63395.501879260555,32.0260009765625
63395.56876444603,32.0260009765625
63395.6356496315,32.01100158691406
63395.70253481697,32.01100158691406
63395.769420002434,32.01100158691406
63395.836305187906,32.005001068115234
63395.90319037338,32.00199890136719
63395.97007555885,32.00199890136719
63396.03696074432,32.0359992980957
63396.10384592979,32.0359992980957
63396.170731115264,32.0359992980957
63396.237616300736,32.05099868774414
63396.30450148621,32.16400146484375
63396.37138667168,32.16400146484375
63396.43827185715,32.07099914550781
63396.50515704262,32.07099914550781
63396.572042228094,32.07099914550781
63396.638927413565,32.10200119018555
63396.70581259904,32.04399871826172
63396.77269778451,32.04399871826172
63396.83958296998,32.01900100708008
63396.90646815545,32.01900100708008
63396.97335334092,32.04399871826172
63397.040238526395,32.04399871826172
63397.10712371187,32.04399871826172
63397.17400889734,32.09000015258789
63397.24089408281,32.11000061035156
63397.30777926828,32.11000061035156
63397.37466445375,32.047000885009766
63397.441549639225,32.055999755859375
63397.5084348247,32.055999755859375
63397.57532001017,32.055999755859375
63397.64220519564,32.055999755859375
63397.70909038111,32.02399826049805
63397.77597556658,32.117000579833984
63397.842860752055,32.117000579833984
63397.90974593752,32.05099868774414
63397.97663112299,32.05099868774414
63398.04351630846,32.05099868774414
63398.110401493934,31.951000213623047
63398.177286679405,32.04999923706055
63398.24417186488,32.04999923706055
63398.31105705035,31.986000061035156
63398.37794223582,31.986000061035156
63398.44482742129,31.986000061035156
63398.51171260676,32.064998626708984
63398.578597792235,32.06399917602539
63398.64548297771,32.06399917602539
63398.71236816318,32.0629997253418
63398.77925334865,32.0629997253418
63398.84613853412,32.0629997253418
63398.91302371959,32.097999572753906
63398.979908905065,32.04199981689453
63399.04679409054,32.04199981689453
63399.11367927601,32.05400085449219
63399.18056446148,32.05400085449219
63399.24744964695,32.05400085449219
63399.31433483242,32.130001068115234
63399.381220017895,32.12699890136719
63399.448105203366,32.12699890136719
63399.51499038884,32.05500030517578
63399.58187557431,32.095001220703125
63399.64876075978,32.095001220703125
63399.71564594525,32.095001220703125
63399.782531130724,32.07600021362305
63399.849416316196,32.07600021362305
63399.91630150167,32.104000091552734
63399.98318668714,32.104000091552734
63400.05007187261,32.08000183105469
63400.11695705808,32.08000183105469
63400.18384224355,32.08000183105469
63400.25072742902,31.999000549316406
63400.31761261449,32.10599899291992
63400.38449779996,32.10599899291992
63400.45138298543,32.08100128173828
63400.518268170905,32.08100128173828
63400.58515335638,32.08100128173828
63400.65203854185,32.0
63400.71892372732,32.03499984741211
63400.78580891279,32.03499984741211
63400.85269409826,32.01499938964844
63400.919579283734,32.01499938964844
63400.986464469206,32.01499938964844
63401.05334965468,31.93600082397461
63401.12023484015,31.900999069213867
63401.18712002562,31.900999069213867
63401.25400521109,31.993000030517578
63401.320890396564,31.993000030517578
63401.387775582036,31.993000030517578
63401.45466076751,32.03200149536133
63401.52154595298,32.013999938964844
63401.58843113845,32.013999938964844
63401.65531632392,32.00600051879883
63401.722201509394,32.00600051879883
63401.789086694866,32.00600051879883
63401.85597188034,32.14400100708008
63401.92285706581,32.0629997253418
63401.98974225128,32.0629997253418
63402.05662743675,32.0260009765625
63402.123512622224,32.027000427246094
63402.190397807695,31.94099998474121
63402.25728299317,31.94099998474121
63402.32416817864,32.04499816894531
63402.3910533641,32.04499816894531
63402.457938549574,32.04499816894531
63402.524823735046,32.090999603271484
63402.59170892052,32.00400161743164
63402.65859410599,32.00400161743164
63402.72547929146,32.00199890136719
63402.79236447693,32.00199890136719
63402.859249662404,32.00199890136719
63402.926134847876,32.0359992980957
63402.99302003335,32.05099868774414
63403.05990521882,32.05099868774414
63403.12679040429,32.02199935913086
63403.19367558976,32.02199935913086
63403.260560775234,32.02199935913086
63403.327445960706,31.974000930786133
63403.39433114618,32.02399826049805
63403.46121633165,32.02399826049805
63403.52810151712,32.08100128173828
63403.59498670259,32.08100128173828
63403.66187188806,32.08100128173828
63403.728757073535,32.03499984741211
63403.79564225901,32.01499938964844
63403.86252744448,32.01499938964844
63403.92941262995,32.04199981689453
63403.99629781542,32.018001556396484
63404.06318300089,32.018001556396484
63404.130068186365,32.018001556396484
63404.19695337184,32.018001556396484
63404.26383855731,32.007999420166016
63404.33072374278,32.03900146484375
63404.39760892825,32.03900146484375
63404.46449411372,32.051998138427734
63404.531379299195,32.051998138427734
63404.598264484666,32.051998138427734
63404.66514967013,32.05799865722656
63404.7320348556,31.91900062561035
63404.798920041074,31.91900062561035
63404.865805226545,32.0359992980957
63404.93269041202,32.0359992980957
63404.99957559749,32.0359992980957
63405.06646078296,32.05099868774414
63405.13334596843,32.09299850463867
63405.2002311539,32.09299850463867
63405.267116339375,32.040000915527344
63405.33400152485,32.040000915527344
63405.40088671032,32.040000915527344
63405.46777189579,32.016998291015625
63405.53465708126,32.077999114990234
63405.60154226673,32.077999114990234
63405.668427452205,31.99799919128418
63405.73531263768,31.99799919128418
63405.80219782315,31.99799919128418
63405.86908300862,32.03499984741211
63405.93596819409,32.05099868774414
63406.00285337956,32.05099868774414
63406.069738565035,32.02199935913086
63406.136623750506,32.04499816894531
63406.20350893598,32.04499816894531
63406.27039412145,32.04499816894531
63406.33727930692,31.983999252319336
63406.40416449239,31.983999252319336
63406.471049677864,32.02899932861328
63406.537934863336,32.02899932861328
63406.60482004881,32.08300018310547
63406.67170523428,32.08300018310547
63406.73859041975,32.08300018310547
63406.805475605215,32.07099914550781
63406.87236079069,32.066001892089844
63406.93924597616,32.066001892089844
63407.00613116163,32.02899932861328
63407.0730163471,32.02899932861328
63407.13990153257,32.02899932861328
63407.206786718045,32.04800033569336
63407.27367190352,32.04800033569336
63407.34055708899,31.985000610351562
63407.40744227446,31.95800018310547
63407.47432745993,31.95800018310547
63407.5412126454,31.98200035095215
63407.608097830875,31.98200035095215
63407.674983016346,31.98200035095215
63407.74186820182,31.92099952697754
63407.80875338729,32.000999450683594
63407.87563857276,32.000999450683594
63407.94252375823,31.96500015258789
63408.009408943704,31.96500015258789
63408.076294129176,31.96500015258789
63408.14317931465,32.02000045776367
63408.21006450012,32.04399871826172
63408.27694968559,32.04399871826172
63408.34383487106,31.983999252319336
63408.410720056534,31.993000030517578
63408.477605242006,31.993000030517578
63408.54449042748,31.993000030517578
63408.61137561295,31.993000030517578
63408.67826079842,32.06800079345703
63408.74514598389,32.17100143432617
63408.812031169364,32.17100143432617
63408.878916354835,32.03900146484375
63408.94580154031,32.03900146484375
63409.01268672578,32.03900146484375
63409.07957191124,31.981000900268555
63409.146457096715,32.027000427246094
63409.213342282186,32.027000427246094
63409.28022746766,32.15399932861328
63409.34711265313,32.15399932861328
63409.4139978386,32.15399932861328
63409.48088302407,32.10200119018555
63409.547768209544,32.08000183105469
63409.614653395016,32.08000183105469
63409.68153858049,32.10499954223633
63409.74842376596,32.10499954223633
63409.81530895143,32.10499954223633
63409.8821941369,32.1870002746582
63409.949079322374,32.152000427246094
63410.015964507846,32.152000427246094
63410.08284969332,32.066001892089844
63410.14973487879,32.066001892089844
63410.21662006426,32.066001892089844
63410.28350524973,32.02799987792969
63410.350390435204,32.012001037597656
63410.417275620675,32.012001037597656
63410.48416080615,31.969999313354492
63410.55104599162,31.969999313354492
63410.61793117709,31.969999313354492
63410.68481636256,32.04499816894531
63410.75170154803,32.04499816894531
63410.818586733505,32.02000045776367
63410.88547191898,32.02000045776367
63410.95235710445,32.007999420166016
63411.01924228992,32.007999420166016
63411.08612747539,32.007999420166016
63411.15301266086,32.00400161743164
63411.219897846335,32.071998596191406
63411.2867830318,32.071998596191406
63411.35366821727,31.996000289916992
63411.42055340274,31.996000289916992
63411.487438588214,31.996000289916992
63411.554323773686,32.034000396728516
63411.62120895916,31.979000091552734
63411.68809414463,31.979000091552734
63411.7549793301,32.0620002746582
63411.82186451557,32.0620002746582
63411.888749701044,32.0620002746582
63411.955634886515,32.0620002746582
63412.02252007199,32.0620002746582
63412.08940525746,32.0620002746582
63412.15629044293,32.0620002746582
63412.2231756284,32.0620002746582
63412.29006081387,32.097999572753906
63412.356945999345,32.077999114990234
63412.42383118482,32.077999114990234
63412.49071637029,32.077999114990234
63412.55760155576,32.034000396728516
63412.62448674123,32.034000396728516
63412.6913719267,32.04999923706055
63412.758257112175,32.02199935913086
63412.82514229765,32.02199935913086
63412.89202748312,32.02199935913086
63412.95891266859,32.02199935913086
63413.02579785406,32.00899887084961
63413.09268303953,32.00400161743164
63413.159568225004,32.00400161743164
63413.226453410476,32.108001708984375
63413.29333859595,32.108001708984375
63413.36022378142,32.108001708984375
63413.42710896689,32.15299987792969
63413.49399415236,32.137001037597656
63413.56087933783,32.137001037597656
63413.6277645233,32.058998107910156
63413.69464970877,32.058998107910156
63413.76153489424,32.058998107910156
63413.82842007971,32.09700012207031
63413.895305265185,32.112998962402344
63413.96219045066,32.112998962402344
63414.02907563613,32.08399963378906
63414.0959608216,32.08399963378906
63414.16284600707,32.08399963378906
63414.22973119254,32.071998596191406
63414.296616378015,32.06700134277344
63414.363501563486,32.06700134277344
63414.43038674896,32.02899932861328
63414.49727193443,32.02899932861328
63414.5641571199,32.02899932861328
63414.63104230537,31.941999435424805
63414.697927490844,32.04600143432617
63414.764812676316,32.04600143432617
63414.83169786179,32.090999603271484
63414.89858304726,32.145999908447266
63414.96546823273,32.145999908447266
63415.0323534182,32.145999908447266
63415.099238603674,32.145999908447266
63415.166123789146,31.992000579833984
63415.23300897462,32.06700134277344
63415.29989416009,32.06700134277344
63415.36677934556,32.064998626708984
63415.43366453103,32.064998626708984
63415.500549716504,32.064998626708984
63415.567434901976,32.0629997253418
63415.63432008745,31.992000579833984
63415.70120527292,31.992000579833984
63415.76809045838,31.961000442504883
63415.834975643855,31.961000442504883
63415.901860829326,31.961000442504883
63415.9687460148,32.01900100708008
63416.03563120027,32.07899856567383
63416.10251638574,32.07899856567383
63416.16940157121,32.06999969482422
63416.236286756684,32.06999969482422
63416.303171942156,32.06999969482422
63416.37005712763,32.13600158691406
63416.4369423131,32.058998107910156
63416.50382749857,32.058998107910156
63416.57071268404,32.09600067138672
63416.637597869514,32.09600067138672
63416.704483054986,32.09600067138672
63416.77136824046,32.14799880981445
63416.83825342593,32.099998474121094
63416.9051386114,32.099998474121094
63416.97202379687,32.07899856567383
63417.038908982344,32.13999938964844
63417.105794167815,32.13999938964844
63417.17267935329,32.13999938964844
63417.23956453876,32.13999938964844
63417.30644972423,32.025001525878906
63417.3733349097,32.025001525878906
63417.44022009517,32.04600143432617
63417.507105280645,32.02000045776367
63417.57399046612,32.02000045776367
63417.64087565159,31.937999725341797
63417.70776083706,31.937999725341797
63417.77464602253,31.937999725341797
63417.841531208,31.972999572753906
63417.908416393475,31.881999969482422
63417.97530157894,31.881999969482422
63418.04218676441,31.913000106811523
63418.10907194988,31.913000106811523
63418.175957135354,31.913000106811523
63418.242842320826,31.99799919128418
63418.3097275063,31.964000701904297
63418.37661269177,31.964000701904297
63418.44349787724,31.948999404907227
63418.51038306271,31.948999404907227
63418.577268248184,31.948999404907227
63418.644153433655,32.04899978637695
63418.71103861913,32.05699920654297
63418.7779238046,32.05699920654297
63418.84480899007,32.060001373291016
63418.91169417554,32.0260009765625
63418.97857936101,32.0260009765625
63419.045464546485,32.0260009765625
63419.11234973196,32.01100158691406
63419.17923491743,32.01100158691406
63419.2461201029,32.111000061035156
63419.31300528837,32.11899948120117
63419.37989047384,32.11899948120117
63419.446775659315,32.11899948120117
63419.51366084479,32.11899948120117
63419.58054603026,32.051998138427734
63419.64743121573,32.05799865722656
63419.7143164012,32.05799865722656
63419.78120158667,32.09600067138672
63419.848086772145,32.09600067138672
63419.914971957616,32.09600067138672
63419.98185714309,32.07699966430664
63420.04874232856,32.03300094604492
63420.11562751403,32.03300094604492
63420.182512699495,32.12099838256836
63420.24939788497,32.12099838256836
63420.31628307044,32.12099838256836
63420.38316825591,32.0880012512207
63420.45005344138,32.00199890136719
63420.51693862685,32.00199890136719
63420.583823812325,31.965999603271484
63420.6507089978,31.965999603271484
63420.71759418327,31.965999603271484
63420.78447936874,32.055999755859375
63420.85136455421,32.02399826049805
63420.91824973968,32.02399826049805
63420.985134925155,32.0099983215332
63421.05202011063,32.0099983215332
63421.1189052961,32.0099983215332
63421.18579048157,32.040000915527344
63421.25267566704,32.053001403808594
63421.31956085251,32.053001403808594
63421.386446037985,32.09400177001953
63421.453331223456,32.07600021362305
63421.52021640893,32.07600021362305
63421.5871015944,32.07600021362305
63421.65398677987,32.03300094604492
63421.72087196534,32.03300094604492
63421.787757150814,32.12099838256836
63421.854642336286,32.12099838256836
63421.92152752176,32.016998291015625
63421.98841270723,32.016998291015625
63422.0552978927,32.016998291015625
63422.12218307817,31.93600082397461
63422.189068263644,32.042999267578125
63422.255953449116,32.042999267578125
63422.32283863459,32.09000015258789
63422.38972382006,32.09000015258789
63422.45660900552,32.09000015258789
63422.523494190995,32.11000061035156
63422.59037937647,32.11000061035156
63422.65726456194,31.976999282836914
63422.72414974741,31.989999771118164
63422.79103493288,31.989999771118164
63422.85792011835,32.137001037597656
63422.924805303825,32.137001037597656
63422.991690489296,32.137001037597656
63423.05857567477,32.20100021362305
63423.12546086024,32.08700180053711
63423.19234604571,32.08700180053711
63423.25923123118,32.10900115966797
63423.326116416654,32.10900115966797
63423.393001602126,32.10900115966797
63423.4598867876,32.11800003051758
63423.52677197307,32.19300079345703
63423.59365715854,32.19300079345703
63423.66054234401,32.189998626708984
63423.727427529484,32.047000885009766
63423.794312714956,32.047000885009766
63423.86119790043,32.047000885009766
63423.9280830859,32.090999603271484
63423.99496827137,32.090999603271484
63424.06185345684,32.11000061035156
63424.128738642314,32.11000061035156
63424.195623827785,32.08300018310547
63424.26250901326,32.08300018310547
63424.32939419873,32.08300018310547
63424.3962793842,32.106998443603516
63424.46316456967,32.1879997253418
63424.53004975514,32.1879997253418
63424.596934940615,32.08100128173828
63424.66382012608,32.08100128173828
63424.73070531155,32.08100128173828
63424.79759049702,32.03499984741211
63424.864475682494,32.05099868774414
63424.931360867966,32.05099868774414
63424.99824605344,32.05699920654297
63425.06513123891,32.05699920654297
63425.13201642438,32.05699920654297
63425.19890160985,32.09600067138672
63425.265786795324,32.04100036621094
63425.332671980796,32.04100036621094
63425.39955716627,32.0890007019043
63425.46644235174,32.0890007019043
63425.53332753721,32.0890007019043
63425.60021272268,32.00299835205078
63425.667097908154,32.108001708984375
63425.733983093625,32.108001708984375
63425.8008682791,32.117000579833984
63425.86775346457,32.05099868774414
63425.93463865004,32.05099868774414
63426.00152383551,32.05099868774414
63426.06840902098,31.951000213623047
63426.135294206455,31.951000213623047
63426.20217939193,32.04999923706055
63426.2690645774,32.05699920654297
63426.33594976287,32.05699920654297
63426.40283494834,32.05699920654297
63426.46972013381,32.05699920654297
63426.536605319285,32.025001525878906
63426.603490504756,32.01100158691406
63426.67037569023,32.01100158691406
63426.7372608757,32.07600021362305
63426.80414606117,32.07600021362305
63426.871031246636,32.07600021362305
63426.93791643211,32.03300094604492
63427.00480161758,32.084999084472656
63427.07168680305,32.084999084472656
63427.13857198852,32.17900085449219
63427.20545717399,32.17900085449219
63427.272342359465,32.17900085449219
63427.33922754494,31.97100067138672
63427.40611273041,31.98699951171875
63427.47299791588,31.98699951171875
63427.53988310135,32.064998626708984
63427.60676828682,32.064998626708984
63427.673653472295,32.06399917602539
63427.74053865777,32.06399917602539
63427.80742384324,32.06399917602539
63427.87430902871,32.0989990234375
63427.94119421418,32.042999267578125
63428.00807939965,32.042999267578125
63428.074964585125,32.0890007019043
63428.141849770596,32.03900146484375
63428.20873495607,32.03900146484375
63428.27562014154,32.03900146484375
63428.34250532701,32.051998138427734
63428.40939051248,32.051998138427734
63428.476275697954,32.05799865722656
63428.543160883426,32.09600067138672
63428.6100460689,32.09600067138672
63428.67693125437,32.09600067138672
63428.74381643984,32.09600067138672
63428.81070162531,32.00600051879883
63428.877586810784,32.07400131225586
63428.944471996256,32.07400131225586
63429.01135718173,31.996000289916992
63429.07824236719,31.996000289916992
63429.14512755266,31.996000289916992
63429.212012738135,32.10499954223633
63429.27889792361,32.11600112915039
63429.34578310908,32.11600112915039
63429.41266829455,32.04999923706055
63429.47955348002,32.04999923706055
63429.54643866549,32.04999923706055
63429.613323850965,32.09299850463867
63429.680209036436,32.111000061035156
63429.74709422191,32.111000061035156
63429.81397940738,32.11899948120117
63429.88086459285,32.11899948120117
63429.94774977832,32.11899948120117
63430.014634963794,32.12200164794922
63430.081520149266,32.0880012512207
63430.14840533474,32.0880012512207
63430.21529052021,32.07400131225586
63430.28217570568,32.07400131225586
63430.34906089115,32.07400131225586
63430.415946076624,32.10300064086914
63430.482831262096,32.00899887084961
63430.54971644757,32.00899887084961
63430.61660163304,32.07500076293945
63430.68348681851,32.07500076293945
63430.75037200398,32.07500076293945
63430.817257189454,32.138999938964844
63430.884142374925,32.16600036621094
63430.9510275604,32.16600036621094
63431.01791274587,32.106998443603516
63431.08479793134,32.04600143432617
63431.15168311681,32.04600143432617
63431.21856830228,32.04600143432617
63431.285453487755,32.055999755859375
63431.35233867322,32.055999755859375
63431.41922385869,32.060001373291016
63431.48610904416,32.060001373291016
63431.552994229634,32.09700012207031
63431.619879415106,32.09700012207031
63431.68676460058,32.09700012207031
63431.75364978605,32.07699966430664
63431.82053497152,32.13999938964844
63431.88742015699,32.13999938964844
63431.954305342464,32.060001373291016
63432.021190527936,32.060001373291016
63432.08807571341,32.060001373291016
63432.15496089888,32.09700012207031
63432.22184608435,32.14799880981445
63432.28873126982,32.14799880981445
63432.355616455294,32.17100143432617
63432.422501640765,32.17100143432617
63432.48938682624,32.17100143432617
63432.55627201171,32.215999603271484
63432.62315719718,32.12900161743164
63432.69004238265,32.12900161743164
63432.75692756812,32.090999603271484
63432.823812753595,32.090999603271484
63432.89069793907,32.180999755859375
63432.95758312454,32.14899826049805
63433.02446831001,32.14899826049805
63433.09135349548,32.14899826049805
63433.15823868095,32.14899826049805
63433.225123866425,32.099998474121094
63433.2920090519,32.22100067138672
63433.35889423737,32.22100067138672
63433.42577942284,32.13100051879883
63433.49266460831,32.13100051879883
63433.559549793776,32.13100051879883
63433.62643497925,32.020999908447266
63433.69332016472,31.974000930786133
63433.76020535019,31.974000930786133
63433.82709053566,32.095001220703125
63433.893975721134,32.095001220703125
63433.960860906605,32.095001220703125
63434.02774609208,32.00600051879883
63434.09463127755,31.93199920654297
63434.16151646302,31.93199920654297
63434.22840164849,31.969999313354492
63434.29528683396,31.969999313354492
63434.362172019435,31.969999313354492
63434.42905720491,31.98699951171875
63434.49594239038,31.993999481201172
63434.56282757585,31.993999481201172
63434.62971276132,31.99799919128418
63434.69659794679,31.99799919128418
63434.763483132265,31.99799919128418
63434.83036831774,31.964000701904297
63434.89725350321,31.948999404907227
63434.96413868868,31.948999404907227
63435.03102387415,32.04899978637695
63435.09790905962,32.09199905395508
63435.164794245095,32.09199905395508
63435.231679430566,32.09199905395508
63435.29856461604,32.09199905395508
63435.36544980151,32.00400161743164
63435.43233498698,32.14400100708008
63435.49922017245,32.14400100708008
63435.566105357924,32.132999420166016
63435.632990543396,32.132999420166016
63435.69987572887,32.132999420166016
63435.76676091434,32.05799865722656
63435.8336460998,32.025001525878906
63435.900531285275,32.025001525878906
63435.96741647075,32.04600143432617
63436.03430165622,32.04600143432617
63436.10118684169,32.04600143432617
63436.16807202716,32.02000045776367
63436.23495721263,32.04399871826172
63436.301842398105,32.04399871826172
63436.36872758358,32.05500030517578
63436.43561276905,32.05500030517578
63436.50249795452,32.05500030517578
63436.56938313999,32.165000915527344
63436.63626832546,32.071998596191406
63436.703153510934,32.071998596191406
63436.770038696406,32.137001037597656
63436.83692388188,32.137001037597656
63436.90380906735,32.137001037597656
63436.97069425282,32.058998107910156
63437.03757943829,32.202999114990234
63437.104464623764,32.202999114990234
63437.171349809236,32.22999954223633
63437.23823499471,32.06399917602539
63437.30512018018,32.06399917602539
63437.37200536565,32.06399917602539
63437.43889055112,32.02799987792969
63437.505775736594,32.02799987792969
63437.572660922066,32.047000885009766
63437.63954610754,32.047000885009766
63437.70643129301,32.055999755859375
63437.77331647848,32.055999755859375
63437.84020166395,32.055999755859375
63437.907086849424,32.02399826049805
63437.97397203489,32.02399826049805
63438.04085722036,32.0099983215332
63438.10774240583,32.07500076293945
63438.1746275913,32.07500076293945
63438.241512776774,32.06800079345703
63438.308397962246,32.06800079345703
63438.37528314772,32.06800079345703
63438.44216833319,32.064998626708984
63438.50905351866,32.06399917602539
63438.57593870413,32.06399917602539
63438.642823889604,32.13399887084961
63438.709709075076,32.13399887084961
63438.77659426055,32.13399887084961
63438.84347944602,32.12900161743164
63438.91036463149,32.090999603271484
63438.97724981696,32.090999603271484
63439.044135002434,32.07500076293945
63439.111020187906,32.07500076293945
63439.17790537338,32.07500076293945
63439.24479055885,32.138999938964844
63439.31167574432,32.16600036621094
63439.37856092979,32.16600036621094
63439.44544611526,32.143001556396484
63439.512331300735,32.167999267578125
63439.57921648621,32.167999267578125
63439.64610167168,32.167999267578125
63439.71298685715,32.108001708984375
63439.77987204262,32.108001708984375
63439.84675722809,32.11800003051758
63439.913642413565,32.11800003051758
63439.98052759904,32.01499938964844
63440.04741278451,32.01499938964844
63440.11429796998,32.01499938964844
63440.18118315545,32.112998962402344
63440.248068340916,32.154998779296875
63440.31495352639,32.154998779296875
63440.38183871186,32.13800048828125
63440.44872389733,32.13800048828125
63440.5156090828,32.13800048828125
63440.582494268274,32.13100051879883
63440.649379453745,32.12699890136719
63440.71626463922,32.12699890136719
63440.78314982469,32.090999603271484
63440.85003501016,32.090999603271484
63440.91692019563,32.090999603271484
63440.9838053811,32.180999755859375
63441.050690566575,32.11399841308594
63441.11757575205,32.11399841308594
63441.18446093752,32.15599822998047
63441.25134612299,32.15599822998047
63441.31823130846,32.15599822998047
63441.38511649393,32.13800048828125
63441.452001679405,32.13100051879883
63441.51888686488,32.13100051879883
63441.58577205035,32.05699920654297
63441.65265723582,32.095001220703125
63441.71954242129,32.095001220703125
63441.78642760676,32.095001220703125
63441.853312792235,32.07699966430664
63441.920197977706,32.07699966430664
63441.98708316318,32.069000244140625
63442.05396834865,32.069000244140625
63442.12085353412,32.029998779296875
63442.18773871959,32.029998779296875
63442.254623905064,32.029998779296875
63442.321509090536,32.11899948120117
63442.38839427601,32.15800094604492
63442.45527946147,32.15800094604492
63442.52216464694,32.138999938964844
63442.589049832415,32.138999938964844
63442.65593501789,32.138999938964844
63442.72282020336,32.13100051879883
63442.78970538883,32.09199905395508
63442.8565905743,32.09199905395508
63442.92347575977,32.07500076293945
63442.990360945245,32.07500076293945
63443.05724613072,32.06800079345703
63443.12413131619,32.06800079345703
63443.19101650166,32.06800079345703
63443.25790168713,32.02899932861328
63443.3247868726,32.11899948120117
63443.391672058075,32.11899948120117
63443.458557243546,32.12200164794922
63443.52544242902,32.12200164794922
63443.59232761449,32.12200164794922
63443.65921279996,32.159000396728516
63443.72609798543,32.104000091552734
63443.792983170904,32.104000091552734
63443.859868356376,32.22200012207031
63443.92675354185,32.22200012207031
63443.99363872732,32.13199996948242
63444.06052391279,32.13199996948242
63444.12740909826,32.13199996948242
63444.194294283734,32.02199935913086
63444.261179469206,32.00899887084961
63444.32806465468,32.00899887084961
63444.39494984015,32.145999908447266
63444.46183502562,32.145999908447266
63444.52872021109,32.145999908447266
63444.595605396564,32.13399887084961
63444.662490582035,32.20000076293945
63444.7293757675,32.20000076293945
63444.79626095297,32.12200164794922
63444.86314613844,32.12200164794922
63444.930031323915,32.12200164794922
63444.996916509386,32.0880012512207
63445.06380169486,32.07400131225586
63445.13068688033,32.07400131225586
63445.1975720658,32.10300064086914
63445.26445725127,32.10300064086914
63445.331342436744,32.10300064086914
63445.398227622216,32.08000183105469
63445.46511280769,32.10499954223633
63445.53199799316,32.10499954223633
63445.59888317863,32.04600143432617
63445.6657683641,32.04600143432617
63445.732653549574,32.04600143432617
63445.799538735046,32.125999450683594
63445.86642392052,32.125
63445.93330910599,32.125
63446.00019429146,32.231998443603516
63446.06707947693,32.13600158691406
63446.133964662404,32.13600158691406
63446.200849847875,32.13600158691406
63446.26773503335,32.09400177001953
63446.33462021882,32.09400177001953
63446.40150540429,32.21799850463867
63446.46839058976,32.21799850463867
63446.53527577523,32.236000061035156
63446.602160960705,32.236000061035156
63446.66904614618,32.236000061035156
63446.73593133165,32.20899963378906
63446.80281651712,32.196998596191406
63446.869701702584,32.196998596191406
63446.936586888056,32.12099838256836
63447.00347207353,32.12099838256836
63447.070357259,32.12099838256836
63447.13724244447,32.194000244140625
63447.20412762994,32.154998779296875
63447.271012815414,32.154998779296875
63447.337898000886,32.03200149536133
63447.40478318636,32.03200149536133
63447.47166837183,32.03200149536133
63447.5385535573,32.084999084472656
63447.60543874277,32.071998596191406
63447.672323928244,32.071998596191406
63447.739209113715,32.06700134277344
63447.80609429919,32.06700134277344
63447.87297948466,32.06700134277344
63447.93986467013,32.06399917602539
63448.0067498556,32.0989990234375
63448.07363504107,32.0989990234375
63448.140520226545,32.185001373291016
63448.20740541202,32.185001373291016
63448.27429059749,32.1150016784668
63448.34117578296,32.15599822998047
63448.40806096843,32.15599822998047
63448.4749461539,32.15599822998047
63448.541831339375,32.15599822998047
63448.60871652485,32.10300064086914
63448.67560171032,32.18600082397461
63448.74248689579,32.18600082397461
63448.80937208126,32.11600112915039
63448.87625726673,32.11600112915039
63448.943142452204,32.11600112915039
63449.010027637676,32.08599853515625
63449.07691282315,32.17900085449219
63449.14379800861,32.17900085449219
63449.210683194084,32.21900177001953
63449.277568379555,32.21900177001953
63449.34445356503,32.21900177001953
63449.4113387505,32.095001220703125
63449.47822393597,32.07699966430664
63449.54510912144,32.07699966430664
63449.61199430691,32.138999938964844
63449.678879492385,32.138999938964844
63449.74576467786,32.138999938964844
63449.81264986333,32.237998962402344
63449.8795350488,32.20899963378906
63449.94642023427,32.20899963378906
63450.01330541974,32.231998443603516
63450.080190605215,32.231998443603516
63450.147075790686,32.231998443603516
63450.21396097616,32.10100173950195
63450.28084616163,32.150001525878906
63450.3477313471,32.150001525878906
63450.41461653257,32.13600158691406
63450.481501718044,32.058998107910156
63450.548386903516,32.058998107910156
63450.61527208899,32.058998107910156
63450.68215727446,32.06100082397461
63450.74904245993,32.06100082397461
63450.8159276454,32.0260009765625
63450.882812830874,32.0260009765625
63450.949698016346,32.047000885009766
63451.01658320182,32.047000885009766
63451.08346838729,32.047000885009766
63451.15035357276,32.02000045776367
63451.21723875823,32.1150016784668
63451.284123943704,32.1150016784668
63451.35100912917,32.04999923706055
63451.41789431464,32.04999923706055
63451.48477950011,32.04999923706055
63451.55166468558,32.05699920654297
63451.618549871055,32.025001525878906
63451.685435056526,32.025001525878906
63451.752320242,32.04600143432617
63451.81920542747,32.04600143432617
63451.88609061294,32.04600143432617
63451.95297579841,32.090999603271484
63452.019860983884,32.11000061035156
63452.086746169356,32.11000061035156
63452.15363135483,32.08300018310547
63452.2205165403,32.08300018310547
63452.28740172577,32.08300018310547
63452.35428691124,32.106998443603516
63452.421172096714,32.1879997253418
63452.488057282186,32.19200134277344
63452.55494246766,32.19200134277344
63452.62182765313,32.19200134277344
63452.6887128386,32.189998626708984
63452.75559802407,32.189998626708984
63452.822483209544,32.2239990234375
63452.889368395015,32.2239990234375
63452.95625358049,32.23899841308594
63453.02313876596,32.23899841308594
63453.09002395143,32.23899841308594
63453.1569091369,32.138999938964844
63453.22379432237,32.138999938964844
63453.290679507845,32.23699951171875
63453.35756469332,32.17399978637695
63453.42444987879,32.17399978637695
63453.49133506426,32.21699905395508
63453.55822024973,32.21699905395508
63453.625105435196,32.21699905395508
63453.69199062067,32.20000076293945
63453.75887580614,32.08700180053711
63453.82576099161,32.08700180053711
63453.89264617708,32.0369987487793
63453.959531362554,32.0369987487793
63454.026416548026,32.0369987487793
63454.0933017335,31.981000900268555
63454.16018691897,31.95599937438965
63454.22707210444,31.95599937438965
63454.29395728991,32.08700180053711
63454.360842475384,32.08700180053711
63454.427727660855,32.08700180053711
63454.49461284633,32.10900115966797
63454.5614980318,32.047000885009766
63454.62838321727,32.047000885009766
63454.69526840274,32.055999755859375
63454.76215358821,32.16600036621094
63454.829038773685,32.16600036621094
63454.89592395916,32.16600036621094
63454.96280914463,32.106998443603516
63455.0296943301,32.106998443603516
63455.09657951557,32.082000732421875
63455.16346470104,32.082000732421875
63455.230349886515,32.07099914550781
63455.29723507199,32.07099914550781
63455.36412025746,32.07099914550781
63455.43100544293,32.10200119018555
63455.4978906284,32.007999420166016
63455.56477581387,32.007999420166016
63455.631660999345,32.03900146484375
63455.698546184816,32.03900146484375
63455.76543137028,32.03900146484375
63455.83231655575,32.159000396728516
63455.899201741224,32.13999938964844
63455.966086926695,32.13999938964844
63456.03297211217,32.13100051879883
63456.09985729764,32.13100051879883
63456.16674248311,32.13100051879883
63456.23362766858,32.19900131225586
63456.30051285405,32.22800064086914
63456.367398039525,32.22800064086914
63456.434283225,32.2400016784668
63456.50116841047,32.2400016784668
63456.56805359594,32.2400016784668
63456.63493878141,32.17499923706055
63456.70182396688,32.21799850463867
63456.768709152355,32.21799850463867
63456.83559433783,32.20000076293945
63456.9024795233,32.229000091552734
63456.96936470877,32.229000091552734
63457.03624989424,32.229000091552734
63457.10313507971,32.13399887084961
63457.170020265185,32.13399887084961
63457.236905450656,32.12900161743164
63457.30379063613,32.12900161743164
63457.3706758216,32.1619987487793
63457.43756100707,32.1619987487793
63457.50444619254,32.1619987487793
63457.571331378014,32.21200180053711
63457.638216563486,32.23400115966797
63457.70510174896,32.23400115966797
63457.77198693443,32.137001037597656
63457.8388721199,32.137001037597656
63457.90575730537,32.137001037597656
63457.972642490844,32.130001068115234
63458.03952767631,32.16299819946289
63458.10641286178,32.16299819946289
63458.17329804725,32.06999969482422
63458.24018323272,32.06999969482422
63458.307068418195,32.137001037597656
63458.37395360367,32.137001037597656
63458.44083878914,32.137001037597656
63458.50772397461,32.130001068115234
63458.57460916008,32.12699890136719
63458.64149434555,32.12699890136719
63458.708379531025,32.231998443603516
63458.775264716496,32.207000732421875
63458.84214990197,32.207000732421875
63458.90903508744,32.207000732421875
63458.97592027291,32.15999984741211
63459.04280545838,32.15999984741211
63459.109690643854,32.10499954223633
63459.176575829326,32.10499954223633
63459.2434610148,32.08100128173828
63459.31034620027,32.08100128173828
63459.37723138574,32.08100128173828
63459.44411657121,32.10599899291992
63459.511001756684,32.1879997253418
63459.577886942156,32.1879997253418
63459.64477212763,32.222999572753906
63459.7116573131,32.222999572753906
63459.77854249857,32.222999572753906
63459.84542768404,32.27399826049805
63459.912312869514,32.15399932861328
63459.979198054985,32.15399932861328
63460.04608324046,32.17300033569336
63460.11296842593,32.17300033569336
63460.1798536114,32.17300033569336
63460.246738796865,32.07500076293945
63460.313623982336,32.03200149536133
63460.38050916781,32.03200149536133
63460.44739435328,32.013999938964844
63460.51427953875,32.013999938964844
63460.58116472422,32.013999938964844
63460.648049909694,32.11199951171875
63460.714935095166,32.08399963378906
63460.78182028064,32.08399963378906
63460.84870546611,32.106998443603516
63460.91559065158,32.15299987792969
63460.98247583705,32.15299987792969
63461.049361022524,32.15299987792969
63461.116246207996,32.172000885009766
63461.18313139347,32.172000885009766
63461.25001657894,32.03900146484375
63461.31690176441,32.03900146484375
63461.38378694988,32.051998138427734
63461.450672135354,32.051998138427734
63461.517557320825,32.051998138427734
63461.5844425063,32.05799865722656
63461.65132769177,32.06100082397461
63461.71821287724,32.06100082397461
63461.78509806271,32.132999420166016
63461.85198324818,32.132999420166016
63461.918868433655,32.132999420166016
63461.98575361913,32.05699920654297
63462.0526388046,31.98900032043457
63462.11952399007,31.98900032043457
63462.18640917554,32.10200119018555
63462.25329436101,32.10200119018555
63462.320179546485,32.10200119018555
63462.387064731956,32.00899887084961
63462.45394991743,32.11000061035156
63462.52083510289,32.11000061035156
63462.587720288364,32.18899917602539
63462.654605473836,32.18899917602539
63462.72149065931,32.18899917602539
63462.78837584478,32.25899887084961
63462.85526103025,32.21900177001953
63462.92214621572,32.21900177001953
63462.989031401194,32.20100021362305
63463.055916586665,32.20100021362305
63463.12280177214,32.20100021362305
63463.18968695761,32.229000091552734
63463.25657214308,32.16999816894531
63463.32345732855,32.16999816894531
63463.39034251402,32.18000030517578
63463.457227699495,32.18000030517578
63463.52411288497,32.112998962402344
63463.59099807044,32.191001892089844
63463.65788325591,32.191001892089844
63463.72476844138,32.191001892089844
63463.79165362685,32.18899917602539
63463.858538812325,32.18899917602539
63463.925423997796,32.2239990234375
63463.99230918327,32.2239990234375
63464.05919436874,32.13199996948242
63464.12607955421,32.13199996948242
63464.19296473968,32.13199996948242
63464.259849925154,32.16400146484375
63464.326735110626,32.176998138427734
63464.3936202961,32.176998138427734
63464.46050548157,32.14799880981445
63464.52739066704,32.14799880981445
63464.59427585251,32.14799880981445
63464.661161037984,32.1349983215332
63464.72804622345,32.05799865722656
63464.79493140892,32.05799865722656
63464.86181659439,32.09600067138672
63464.92870177986,32.09600067138672
63464.995586965335,32.09600067138672
63465.06247215081,32.112998962402344
63465.12935733628,32.119998931884766
63465.19624252175,32.119998931884766
63465.26312770722,32.08700180053711
63465.33001289269,32.08700180053711
63465.396898078165,32.08700180053711
63465.463783263636,32.10900115966797
63465.53066844911,32.082000732421875
63465.59755363458,32.082000732421875
63465.66443882005,32.07099914550781
63465.73132400552,32.07099914550781
63465.798209190994,32.07099914550781
63465.865094376466,32.17300033569336
63465.93197956194,32.21699905395508
63465.99886474741,32.21699905395508
63466.06574993288,32.20000076293945
63466.13263511835,32.22800064086914
63466.199520303824,32.22800064086914
63466.266405489296,32.22800064086914
63466.33329067477,32.22800064086914
63466.40017586024,32.2760009765625
63466.46706104571,32.26100158691406
63466.53394623118,32.26100158691406
63466.600831416654,32.255001068115234
63466.667716602125,32.255001068115234
63466.7346017876,32.255001068115234
63466.80148697307,32.180999755859375
63466.86837215854,32.220001220703125
63466.935257344005,32.220001220703125
63467.002142529476,32.16600036621094
63467.06902771495,32.16600036621094
63467.13591290042,32.16600036621094
63467.20279808589,32.143001556396484
63467.26968327136,32.09700012207031
63467.336568456834,32.09700012207031
63467.403453642306,32.112998962402344
63467.47033882778,32.112998962402344
63467.53722401325,32.112998962402344
63467.60410919872,32.154998779296875
63467.67099438419,32.17399978637695
63467.737879569664,32.17399978637695
63467.804764755136,32.040000915527344
63467.87164994061,32.040000915527344
63467.93853512608,32.040000915527344
63468.00542031155,32.0880012512207
63468.07230549702,32.18000030517578
63468.139190682494,32.18000030517578
63468.206075867965,32.14899826049805
63468.27296105344,32.099998474121094
63468.33984623891,32.099998474121094
63468.40673142438,32.099998474121094
63468.47361660985,32.099998474121094
63468.54050179532,32.07899856567383
63468.607386980795,32.07899856567383
63468.67427216627,32.13999938964844
63468.74115735174,32.09600067138672
63468.80804253721,32.09600067138672
63468.87492772268,32.07699966430664
63468.94181290815,32.07699966430664
63469.008698093625,32.07699966430664
63469.0755832791,32.104000091552734
63469.14246846456,32.11600112915039
63469.20935365003,32.11600112915039
63469.276238835504,32.15700149536133
63469.343124020976,32.15700149536133
63469.41000920645,32.15700149536133
63469.47689439192,32.17399978637695
63469.54377957739,32.21699905395508
63469.61066476286,32.21699905395508
63469.677549948334,32.20000076293945
63469.744435133805,32.20000076293945
63469.81132031928,32.20000076293945
63469.87820550475,32.19300079345703
63469.94509069022,32.189998626708984
63470.01197587569,32.189998626708984
63470.07886106116,32.18899917602539
63470.145746246635,32.25899887084961
63470.21263143211,32.25899887084961
63470.27951661758,32.25899887084961
63470.34640180305,32.25899887084961
63470.41328698852,32.14699935913086
63470.48017217399,32.1349983215332
63470.547057359465,32.1349983215332
63470.61394254494,32.165000915527344
63470.68082773041,32.165000915527344
63470.74771291588,32.165000915527344
63470.81459810135,32.07099914550781
63470.88148328682,32.066001892089844
63470.948368472295,32.066001892089844
63471.015253657766,32.02899932861328
63471.08213884324,32.02899932861328
63471.14902402871,32.02899932861328
63471.21590921418,32.11899948120117
63471.28279439965,32.08700180053711
63471.349679585124,32.08700180053711
63471.41656477059,32.03799819946289
63471.48344995606,32.03799819946289
63471.55033514153,32.03799819946289
63471.617220327,32.15800094604492
63471.684105512475,32.17499923706055
63471.75099069795,32.17499923706055
63471.81787588342,32.14699935913086
63471.88476106889,32.14699935913086
63471.95164625436,32.14699935913086
63472.01853143983,32.0989990234375
63472.085416625305,32.185001373291016
63472.15230181078,32.185001373291016
63472.21918699625,32.18600082397461
63472.28607218172,32.22200012207031
63472.35295736719,32.22200012207031
63472.41984255266,32.22200012207031
63472.486727738135,32.13199996948242
63472.553612923606,32.13199996948242
63472.62049810908,32.19900131225586
63472.68738329455,32.19900131225586
63472.75426848002,32.19200134277344
63472.82115366549,32.19200134277344
63472.888038850964,32.19200134277344
63472.954924036436,32.11899948120117
63473.02180922191,32.15800094604492
63473.08869440738,32.15800094604492
63473.15557959285,32.209999084472656
63473.22246477832,32.209999084472656
63473.289349963794,32.209999084472656
63473.356235149266,32.196998596191406
63473.42312033474,32.12099838256836
63473.49000552021,32.12099838256836
63473.55689070568,32.12300109863281
63473.623775891145,32.12300109863281
63473.69066107662,32.23099899291992
63473.75754626209,32.23099899291992
63473.82443144756,32.23099899291992
63473.89131663303,32.242000579833984
63473.9582018185,32.24599838256836
63474.025087003974,32.24599838256836
63474.091972189446,32.141998291015625
63474.15885737492,32.09700012207031
63474.22574256039,32.09700012207031
63474.29262774586,32.09700012207031
63474.35951293133,32.09700012207031
63474.426398116804,32.07699966430664
63474.493283302276,32.13999938964844
63474.56016848775,32.13999938964844
63474.62705367322,32.06100082397461
63474.69393885869,32.06100082397461
63474.76082404416,32.06100082397461
63474.827709229634,32.09700012207031
63474.894594415106,32.04199981689453
63474.96147960058,32.04199981689453
63475.02836478605,32.0890007019043
63475.09524997152,32.0890007019043
63475.16213515699,32.0890007019043
63475.22902034246,32.10900115966797
63475.295905527935,32.11800003051758
63475.36279071341,32.11800003051758
63475.42967589888,32.12200164794922
63475.49656108435,32.12200164794922
63475.56344626982,32.12200164794922
63475.63033145529,32.19499969482422
63475.697216640765,32.119998931884766
63475.76410182624,32.119998931884766
63475.8309870117,32.12300109863281
63475.89787219717,32.12300109863281
63475.964757382644,32.12300109863281
63476.031642568116,32.159000396728516
63476.09852775359,32.13999938964844
63476.16541293906,32.13999938964844
63476.23229812453,32.09600067138672
63476.29918331,32.18299865722656
63476.366068495474,32.18299865722656
63476.432953680946,32.18299865722656
63476.49983886642,32.1150016784668
63476.56672405189,32.1150016784668
63476.63360923736,32.12099838256836
63476.70049442283,32.12099838256836
63476.7673796083,32.194000244140625
63476.834264793775,32.194000244140625
63476.90114997925,32.194000244140625
63476.96803516472,32.154998779296875
63477.03492035019,32.17300033569336
63477.10180553566,32.17300033569336
63477.16869072113,32.07500076293945
63477.235575906605,32.07500076293945
63477.30246109208,32.07500076293945
63477.36934627755,32.03200149536133
63477.43623146302,32.15599822998047
63477.50311664849,32.15599822998047
63477.57000183396,32.13800048828125
63477.636887019435,32.13800048828125
63477.703772204906,32.13800048828125
63477.77065739038,32.095001220703125
63477.83754257585,32.07699966430664
63477.90442776132,32.07699966430664
63477.97131294679,32.104000091552734
63478.03819813226,32.104000091552734
63478.10508331773,32.104000091552734
63478.1719685032,32.08100128173828
63478.23885368867,32.10599899291992
63478.30573887414,32.10599899291992
63478.372624059615,32.04600143432617
63478.43950924509,32.04600143432617
63478.50639443056,32.04600143432617
63478.57327961603,32.125999450683594
63478.6401648015,32.125999450683594
63478.70704998697,32.125999450683594
63478.773935172445,32.125
63478.84082035792,32.125
63478.90770554339,32.19599914550781
